fecha,region,categoria,numero_ordenes,ticket_promedio,ventas_totales
2023-03-08,Centro,Deportes,127,71973,9140571
2023-01-31,Norte,Deportes,39,64918,2531802
2025-10-03,Centro,Hogar,122,84738,10338036
2023-03-12,Sur,Deportes,81,66058,5350698
2024-11-02,Norte,Hogar,82,92511,7585902
2025-01-09,Norte,Deportes,70,76729,5371030
2023-10-12,Sur,Vestuario,124,51940,6440560
2025-02-20,Centro,Vestuario,185,48004,8880740
2024-06-21,Centro,Hogar,80,96925,7754000
2024-09-12,Sur,Vestuario,170,37711,6410870
2023-09-30,Centro,Hogar,60,70156,4209360
2025-06-19,Sur,Deportes,81,88253,7148493
2023-04-01,Sur,Tecnologia,135,225160,30396600
2024-04-27,Norte,Hogar,73,114921,8389233
2024-09-12,Sur,Vestuario,137,49139,6732043
2024-05-06,Centro,Electrodomesticos,65,146816,9543040
2025-07-11,Centro,Deportes,99,60357,5975343
2023-05-14,Sur,Electrodomesticos,81,164680,13339080
2024-10-26,Sur,Hogar,93,90188,8387484
2024-04-04,Centro,Hogar,138,84569,11670522
2023-03-17,Norte,Deportes,74,61578,4556772
2024-09-08,Sur,Tecnologia,96,166787,16011552
2025-12-28,Norte,Hogar,67,91969,6161923
2025-02-26,Sur,Vestuario,136,47107,6406552
2023-11-03,Norte,Tecnologia,120,176019,21122280
2025-06-23,Norte,Hogar,71,99119,7037449
2024-12-15,Centro,Deportes,95,71904,6830880
2025-07-01,Norte,Vestuario,133,46374,6167742
2023-10-21,Sur,Electrodomesticos,102,182019,18565938
2024-01-01,Norte,Vestuario,118,42555,5021490
2025-07-22,Centro,Hogar,102,87850,8960700
2023-12-23,Norte,Deportes,94,58196,5470424
2024-12-12,Centro,Deportes,108,59839,6462612
2024-04-03,Norte,Electrodomesticos,64,125954,8061056
2023-03-31,Centro,Vestuario,171,44177,7554267
2024-05-11,Norte,Vestuario,125,48111,6013875
2025-07-06,Centro,Electrodomesticos,66,183737,12126642
2023-11-21,Centro,Deportes,119,89059,10598021
2024-05-09,Sur,Electrodomesticos,28,174894,4897032
2024-07-10,Sur,Deportes,56,57219,3204264
2025-10-20,Norte,Hogar,103,119863,12345889
2025-09-29,Sur,Deportes,40,62827,2513080
2025-04-01,Norte,Deportes,62,44215,2741330
2024-12-16,Sur,Deportes,86,68835,5919810
2025-09-30,Sur,Hogar,89,66579,5925531
2025-06-22,Norte,Deportes,81,67384,5458104
2023-03-14,Norte,Deportes,63,57649,3631887
2023-05-13,Norte,Vestuario,131,51198,6706938
2023-07-09,Norte,Tecnologia,88,182418,16052784
2025-07-18,Centro,Hogar,127,67148,8527796
2025-07-28,Centro,Electrodomesticos,74,114221,8452354
2025-07-04,Centro,Vestuario,157,48170,7562690
2025-07-27,Centro,Vestuario,176,42299,7444624
2025-11-30,Sur,Hogar,91,107086,9744826
2024-05-01,Centro,Electrodomesticos,88,141105,12417240
2023-03-09,Sur,Hogar,91,88290,8034390
2025-09-07,Norte,Tecnologia,134,160037,21444958
2024-08-29,Centro,Hogar,100,90028,9002800
2024-08-15,Norte,Tecnologia,88,183809,16175192
2023-08-05,Centro,Hogar,114,71935,8200590
2025-09-04,Norte,Vestuario,110,36086,3969460
2025-03-31,Norte,Vestuario,139,61640,8567960
2024-01-09,Norte,Electrodomesticos,70,168309,11781630
2024-02-03,Centro,Hogar,132,97377,12853764
2023-07-16,Sur,Vestuario,173,49508,8564884
2025-08-07,Sur,Electrodomesticos,52,132890,6910280
2025-05-17,Centro,Electrodomesticos,56,167531,9381736
2024-03-03,Centro,Electrodomesticos,42,154676,6496392
2025-01-16,Norte,Tecnologia,117,180791,21152547
2024-03-05,Centro,Electrodomesticos,119,194731,23172989
2025-04-16,Centro,Hogar,101,75629,7638529
2023-05-24,Centro,Tecnologia,142,167018,23716556
2023-04-24,Centro,Vestuario,189,55897,10564533
2025-01-07,Centro,Deportes,69,61209,4223421
2024-02-01,Sur,Vestuario,148,52661,7793828
2025-08-13,Sur,Vestuario,152,47796,7264992
2025-11-03,Centro,Electrodomesticos,119,171844,20449436
2024-06-23,Centro,Deportes,90,65558,5900220
2024-11-30,Centro,Vestuario,187,48689,9104843
2025-09-15,Centro,Deportes,118,35948,4241864
2025-09-09,Norte,Electrodomesticos,67,158643,10629081
2025-01-21,Sur,Deportes,84,71458,6002472
2023-12-12,Sur,Deportes,37,53339,1973543
2023-05-15,Sur,Vestuario,136,39658,5393488
2023-02-03,Sur,Vestuario,147,41524,6104028
2024-10-21,Norte,Deportes,36,70969,2554884
2025-02-04,Centro,Electrodomesticos,98,173544,17007312
2024-01-17,Norte,Hogar,60,91282,5476920
2024-09-22,Norte,Electrodomesticos,56,174476,9770656
2023-04-20,Norte,Electrodomesticos,64,152933,9787712
2023-06-01,Centro,Hogar,73,85325,6228725
2025-06-18,Sur,Tecnologia,124,200087,24810788
2025-03-14,Norte,Vestuario,155,45790,7097450
2024-01-26,Sur,Electrodomesticos,61,155744,9500384
2024-10-31,Norte,Electrodomesticos,41,178762,7329242
2023-04-13,Norte,Electrodomesticos,53,155025,8216325
2025-01-19,Centro,Vestuario,154,44169,6802026
2023-12-18,Norte,Tecnologia,103,213889,22030567
2024-12-08,Norte,Tecnologia,127,152397,19354419
2025-11-12,Centro,Tecnologia,197,164556,32417532
2025-03-24,Centro,Electrodomesticos,75,188865,14164875
2024-12-13,Norte,Hogar,63,97285,6128955
2025-06-29,Sur,Deportes,54,46072,2487888
2025-07-13,Sur,Deportes,94,65275,6135850
2023-12-25,Centro,Deportes,87,49531,4309197
2024-12-04,Sur,Electrodomesticos,56,192212,10763872
2025-07-27,Centro,Hogar,117,89688,10493496
2023-07-18,Centro,Hogar,91,96507,8782137
2023-03-26,Norte,Hogar,47,114163,5365661
2025-05-28,Centro,Electrodomesticos,84,188664,15847776
2025-02-09,Norte,Electrodomesticos,38,180515,6859570
2023-04-17,Norte,Vestuario,131,34651,4539281
2024-04-02,Norte,Electrodomesticos,50,167562,8378100
2023-12-28,Norte,Electrodomesticos,44,151355,6659620
2025-01-08,Norte,Vestuario,126,44744,5637744
2023-03-29,Centro,Electrodomesticos,47,174194,8187118
2025-05-28,Norte,Vestuario,123,46681,5741763
2024-02-04,Centro,Hogar,110,101398,11153780
2023-12-11,Centro,Deportes,102,56588,5771976
2024-11-03,Norte,Hogar,69,110754,7642026
2023-12-27,Sur,Deportes,43,70270,3021610
2023-11-10,Sur,Deportes,55,49313,2712215
2023-07-13,Centro,Tecnologia,119,173046,20592474
2024-04-26,Norte,Deportes,75,48440,3633000
2024-09-28,Sur,Vestuario,174,52855,9196770
2025-12-28,Sur,Tecnologia,128,172163,22036864
2024-12-08,Sur,Electrodomesticos,44,174112,7660928
2025-08-31,Sur,Hogar,86,115121,9900406
2025-12-26,Centro,Tecnologia,146,194794,28439924
2023-11-20,Sur,Deportes,86,56741,4879726
2024-04-13,Norte,Electrodomesticos,78,166710,13003380
2025-08-29,Norte,Electrodomesticos,57,134354,7658178
2025-03-28,Sur,Hogar,71,96198,6830058
2024-08-11,Centro,Tecnologia,129,196254,25316766
2024-01-22,Sur,Electrodomesticos,65,141223,9179495
2025-12-23,Norte,Tecnologia,113,180108,20352204
2025-03-30,Norte,Tecnologia,93,148982,13855326
2025-05-31,Centro,Hogar,87,97998,8525826
2023-04-08,Centro,Vestuario,204,38451,7844004
2025-09-02,Norte,Tecnologia,115,184931,21267065
2024-02-26,Norte,Vestuario,99,47182,4671018
2024-02-17,Norte,Hogar,86,98767,8493962
2025-03-02,Sur,Electrodomesticos,101,167408,16908208
2025-05-07,Sur,Tecnologia,130,180297,23438610
2023-09-14,Norte,Tecnologia,111,115319,12800409
2023-02-26,Norte,Hogar,58,89809,5208922
2023-09-13,Sur,Deportes,85,66836,5681060
2023-05-19,Norte,Deportes,81,68480,5546880
2024-01-10,Sur,Deportes,79,63585,5023215
2023-04-08,Sur,Hogar,88,106820,9400160
2023-04-19,Sur,Deportes,90,73574,6621660
2025-07-29,Centro,Vestuario,174,40308,7013592
2024-01-16,Norte,Deportes,56,68407,3830792
2025-07-30,Centro,Vestuario,218,46615,10162070
2023-05-25,Norte,Vestuario,127,33804,4293108
2024-06-02,Norte,Tecnologia,138,150204,20728152
2025-08-01,Norte,Hogar,101,87076,8794676
2024-07-23,Norte,Electrodomesticos,63,179565,11312595
2024-09-23,Norte,Tecnologia,97,175507,17024179
2023-09-04,Centro,Electrodomesticos,49,158713,7776937
2024-11-16,Norte,Electrodomesticos,75,168930,12669750
2024-06-15,Sur,Electrodomesticos,40,187793,7511720
2025-05-25,Sur,Hogar,62,97990,6075380
2023-05-02,Sur,Tecnologia,97,158867,15410099
2023-05-04,Sur,Hogar,106,88404,9370824
2023-01-30,Norte,Hogar,47,87323,4104181
2024-09-18,Sur,Deportes,90,57888,5209920
2023-11-06,Norte,Vestuario,160,51805,8288800
2025-11-23,Sur,Tecnologia,132,211690,27943080
2025-09-05,Centro,Deportes,140,45659,6392260
2025-08-07,Norte,Hogar,90,103682,9331380
2023-02-26,Centro,Electrodomesticos,64,175939,11260096
2023-11-12,Centro,Hogar,135,86790,11716650
2024-11-24,Sur,Deportes,119,66367,7897673
2023-11-13,Norte,Deportes,95,62603,5947285
2025-03-08,Norte,Deportes,37,67386,2493282
2024-07-15,Norte,Deportes,60,52706,3162360
2025-11-30,Centro,Electrodomesticos,36,174794,6292584
2025-02-16,Norte,Vestuario,140,54432,7620480
2024-10-11,Norte,Tecnologia,104,180110,18731440
2025-07-26,Norte,Vestuario,123,45302,5572146
2025-12-17,Sur,Tecnologia,148,166685,24669380
2025-02-17,Sur,Tecnologia,90,174079,15667110
2023-03-15,Norte,Tecnologia,99,173107,17137593
2023-01-21,Centro,Deportes,96,86459,8300064
2024-03-29,Sur,Deportes,92,51478,4735976
2023-07-05,Norte,Tecnologia,106,121231,12850486
2025-01-20,Centro,Deportes,110,69653,7661830
2024-09-29,Norte,Hogar,72,81181,5845032
2025-03-29,Sur,Electrodomesticos,38,169900,6456200
2024-01-30,Sur,Hogar,73,106928,7805744
2023-11-16,Centro,Hogar,106,89824,9521344
2025-11-21,Sur,Deportes,103,64669,6660907
2025-03-01,Norte,Tecnologia,93,187278,17416854
2023-11-14,Sur,Electrodomesticos,73,157986,11532978
2023-09-24,Norte,Deportes,67,63870,4279290
2025-07-22,Norte,Hogar,78,99101,7729878
2023-01-25,Centro,Hogar,120,106460,12775200
2023-12-16,Centro,Deportes,81,51762,4192722
2024-03-01,Norte,Vestuario,115,43843,5041945
2024-09-04,Sur,Vestuario,151,36765,5551515
2023-11-14,Norte,Deportes,77,69245,5331865
2025-05-03,Centro,Vestuario,140,47935,6710900
2023-01-11,Centro,Vestuario,213,45841,9764133
2025-10-24,Sur,Electrodomesticos,40,146154,5846160
2023-04-09,Centro,Vestuario,178,41478,7383084
2025-07-29,Norte,Tecnologia,44,219493,9657692
2025-05-06,Centro,Tecnologia,132,175166,23121912
2023-09-05,Centro,Hogar,130,98352,12785760
2023-05-31,Centro,Electrodomesticos,60,157768,9466080
2023-06-14,Norte,Electrodomesticos,56,173220,9700320
2024-06-16,Sur,Deportes,72,72748,5237856
2023-06-24,Centro,Tecnologia,162,166831,27026622
2025-04-13,Centro,Hogar,83,99667,8272361
2025-03-17,Norte,Deportes,73,60515,4417595
2025-07-28,Sur,Electrodomesticos,48,172870,8297760
2025-10-06,Sur,Deportes,78,78248,6103344
2024-09-03,Sur,Hogar,95,128973,12252435
2025-07-12,Norte,Hogar,80,82229,6578320
2025-08-25,Centro,Electrodomesticos,67,157708,10566436
2025-08-15,Centro,Vestuario,139,49567,6889813
2025-07-06,Sur,Tecnologia,115,179377,20628355
2025-10-22,Sur,Vestuario,131,37533,4916823
2025-08-08,Centro,Hogar,102,82525,8417550
2024-04-25,Norte,Vestuario,120,38882,4665840
2023-11-25,Sur,Tecnologia,100,182557,18255700
2023-03-08,Norte,Hogar,75,102741,7705575
2025-05-10,Centro,Hogar,109,115885,12631465
2024-02-05,Norte,Hogar,61,110810,6759410
2025-08-14,Centro,Tecnologia,120,161576,19389120
2025-10-29,Norte,Tecnologia,89,173318,15425302
2023-02-05,Norte,Deportes,88,58667,5162696
2025-07-18,Centro,Tecnologia,113,200381,22643053
2025-05-11,Sur,Vestuario,142,34486,4897012
2024-06-14,Norte,Hogar,77,108428,8348956
2024-06-07,Norte,Hogar,65,117232,7620080
2024-05-04,Norte,Electrodomesticos,72,143399,10324728
2025-08-27,Centro,Vestuario,200,30839,6167800
2024-10-17,Sur,Deportes,79,57611,4551269
2024-11-04,Sur,Vestuario,185,39096,7232760
2025-05-29,Norte,Tecnologia,112,158321,17731952
2025-09-14,Sur,Vestuario,134,39900,5346600
2025-09-22,Sur,Deportes,80,51612,4128960
2025-08-22,Centro,Tecnologia,159,161815,25728585
2023-11-20,Sur,Hogar,147,91487,13448589
2024-10-20,Centro,Hogar,89,101851,9064739
2023-01-11,Sur,Electrodomesticos,41,174236,7143676
2025-05-29,Sur,Tecnologia,105,193167,20282535
2023-12-17,Norte,Deportes,74,70321,5203754
2025-01-08,Centro,Tecnologia,127,162206,20600162
2025-03-07,Norte,Hogar,95,114695,10896025
2023-06-08,Centro,Tecnologia,166,164532,27312312
2024-06-09,Centro,Tecnologia,174,171121,29775054
2023-06-26,Norte,Hogar,69,110082,7595658
2023-12-14,Centro,Deportes,107,64620,6914340
2024-01-26,Sur,Deportes,69,58508,4037052
2024-04-14,Centro,Deportes,79,61550,4862450
2024-01-25,Norte,Vestuario,122,42946,5239412
2025-09-12,Sur,Hogar,63,92874,5851062
2024-02-11,Sur,Tecnologia,109,181894,19826446
2025-12-06,Sur,Hogar,108,99190,10712520
2024-01-23,Norte,Deportes,50,56922,2846100
2023-01-07,Sur,Electrodomesticos,47,141961,6672167
2024-04-10,Sur,Electrodomesticos,26,148750,3867500
2024-11-01,Centro,Deportes,70,52680,3687600
2023-12-26,Centro,Hogar,89,79993,7119377
2025-02-07,Centro,Deportes,68,56118,3816024
2025-11-06,Norte,Deportes,68,72942,4960056
2025-11-24,Sur,Tecnologia,101,208607,21069307
2024-05-20,Norte,Tecnologia,104,194404,20218016
2023-05-14,Centro,Hogar,101,97737,9871437
2024-07-22,Sur,Vestuario,153,49235,7532955
2024-08-09,Sur,Vestuario,136,49975,6796600
2023-10-05,Centro,Electrodomesticos,100,183293,18329300
2023-09-20,Sur,Tecnologia,127,163665,20785455
2023-01-29,Centro,Tecnologia,144,183969,26491536
2025-04-06,Sur,Electrodomesticos,48,165245,7931760
2023-02-17,Norte,Electrodomesticos,50,158800,7940000
2023-10-06,Centro,Hogar,104,94496,9827584
2025-09-01,Centro,Tecnologia,144,170102,24494688
2023-12-18,Norte,Vestuario,130,44656,5805280
2024-07-05,Norte,Tecnologia,78,129851,10128378
2025-06-23,Sur,Electrodomesticos,52,131699,6848348
2023-03-26,Sur,Tecnologia,145,199532,28932140
2023-03-10,Centro,Electrodomesticos,101,177585,17936085
2025-04-20,Sur,Electrodomesticos,50,172021,8601050
2024-09-27,Sur,Electrodomesticos,66,126930,8377380
2025-01-08,Centro,Electrodomesticos,90,138488,12463920
2023-10-05,Centro,Vestuario,151,50003,7550453
2024-12-31,Norte,Vestuario,127,38513,4891151
2024-08-22,Sur,Vestuario,165,33078,5457870
2023-07-30,Centro,Deportes,77,75961,5848997
2024-10-03,Centro,Deportes,160,65628,10500480
2025-04-09,Norte,Vestuario,134,38270,5128180
2023-08-26,Norte,Electrodomesticos,81,145835,11812635
2023-12-13,Norte,Deportes,21,66068,1387428
2025-01-09,Centro,Vestuario,183,39707,7266381
2023-11-23,Centro,Hogar,131,113709,14895879
2023-09-21,Norte,Tecnologia,74,193503,14319222
2023-12-13,Sur,Electrodomesticos,44,195663,8609172
2023-11-06,Norte,Electrodomesticos,65,147690,9599850
2024-08-27,Centro,Deportes,102,61204,6242808
2025-01-17,Centro,Vestuario,195,44835,8742825
2023-05-28,Norte,Vestuario,140,62972,8816080
2023-05-24,Sur,Tecnologia,120,203561,24427320
2024-05-19,Centro,Electrodomesticos,81,147840,11975040
2024-05-01,Sur,Electrodomesticos,66,183445,12107370
2024-06-30,Sur,Vestuario,158,46057,7277006
2023-04-12,Sur,Deportes,73,82843,6047539
2024-11-24,Centro,Electrodomesticos,108,193180,20863440
2023-04-25,Centro,Vestuario,164,54604,8955056
2025-09-06,Centro,Vestuario,144,48224,6944256
2025-09-25,Norte,Vestuario,120,46092,5531040
2024-05-30,Sur,Electrodomesticos,49,182340,8934660
2025-08-21,Norte,Hogar,80,97781,7822480
2025-03-04,Centro,Vestuario,229,52033,11915557
2024-07-14,Norte,Vestuario,122,44922,5480484
2023-08-20,Norte,Tecnologia,64,162697,10412608
2024-06-10,Centro,Hogar,96,83444,8010624
2023-12-30,Sur,Hogar,95,120946,11489870
2023-01-09,Sur,Electrodomesticos,66,154367,10188222
2024-08-11,Sur,Hogar,64,108562,6947968
2024-12-02,Sur,Hogar,93,121647,11313171
2023-09-08,Norte,Vestuario,122,54677,6670594
2023-01-20,Centro,Deportes,107,65737,7033859
2024-01-21,Centro,Tecnologia,147,196890,28942830
2025-09-08,Sur,Hogar,84,72663,6103692
2023-02-05,Sur,Vestuario,106,40156,4256536
2025-11-08,Norte,Electrodomesticos,40,165024,6600960
2023-08-04,Norte,Deportes,61,69806,4258166
2024-09-29,Sur,Vestuario,138,48792,6733296
2023-04-08,Centro,Hogar,116,110730,12844680
2023-10-20,Centro,Tecnologia,122,128672,15697984
2025-09-09,Centro,Deportes,81,72102,5840262
2023-02-03,Norte,Electrodomesticos,37,148503,5494611
2023-12-04,Sur,Vestuario,135,38424,5187240
2025-04-10,Norte,Electrodomesticos,44,118078,5195432
2025-11-12,Sur,Deportes,84,65174,5474616
2025-02-18,Norte,Vestuario,116,45841,5317556
2024-04-04,Centro,Electrodomesticos,56,190757,10682392
2023-03-16,Sur,Tecnologia,129,158640,20464560
2023-10-28,Norte,Hogar,70,85534,5987380
2024-02-23,Centro,Hogar,138,93296,12874848
2023-06-04,Centro,Deportes,67,73250,4907750
2023-05-03,Centro,Vestuario,194,43625,8463250
2023-01-08,Sur,Hogar,75,89035,6677625
2023-12-29,Sur,Electrodomesticos,64,134587,8613568
2024-02-23,Sur,Vestuario,176,44500,7832000
2023-03-01,Centro,Hogar,160,88557,14169120
2025-11-27,Sur,Deportes,82,62126,5094332
2025-02-25,Norte,Hogar,86,109239,9394554
2025-08-25,Norte,Vestuario,125,52680,6585000
2024-01-11,Centro,Deportes,123,74747,9193881
2024-08-21,Norte,Deportes,57,53848,3069336
2024-08-25,Norte,Vestuario,93,35153,3269229
2023-05-18,Norte,Vestuario,114,36299,4138086
2025-12-15,Centro,Tecnologia,162,220317,35691354
2023-08-16,Sur,Electrodomesticos,54,114600,6188400
2023-12-16,Norte,Tecnologia,125,173919,21739875
2024-04-12,Sur,Deportes,66,62357,4115562
2023-04-13,Norte,Vestuario,98,45125,4422250
2023-04-04,Centro,Vestuario,198,38082,7540236
2024-11-13,Sur,Electrodomesticos,78,174621,13620438
2024-08-29,Centro,Vestuario,166,51812,8600792
2025-03-05,Norte,Electrodomesticos,29,170553,4946037
2023-01-02,Centro,Hogar,104,93824,9757696
2023-05-24,Centro,Electrodomesticos,81,165130,13375530
2024-12-28,Centro,Electrodomesticos,28,128875,3608500
2023-03-14,Norte,Vestuario,102,43406,4427412
2025-08-13,Centro,Vestuario,198,52147,10325106
2023-12-15,Norte,Vestuario,150,46182,6927300
2025-10-10,Norte,Vestuario,104,52974,5509296
2024-03-29,Centro,Tecnologia,146,146573,21399658
2024-09-17,Sur,Tecnologia,102,212887,21714474
2025-11-20,Centro,Tecnologia,205,154730,31719650
2025-01-12,Norte,Hogar,105,107991,11339055
2023-03-04,Centro,Hogar,121,78335,9478535
2024-12-25,Sur,Tecnologia,178,178562,31784036
2024-09-04,Sur,Deportes,61,60770,3706970
2025-03-11,Sur,Deportes,74,55343,4095382
2024-10-12,Sur,Tecnologia,125,176835,22104375
2023-09-20,Centro,Hogar,66,82548,5448168
2024-12-21,Centro,Electrodomesticos,51,140612,7171212
2024-08-04,Centro,Tecnologia,130,185061,24057930
2025-07-11,Norte,Hogar,67,92336,6186512
2025-02-22,Sur,Vestuario,128,49636,6353408
2024-09-07,Norte,Electrodomesticos,43,207760,8933680
2025-06-14,Norte,Tecnologia,81,178892,14490252
2024-04-16,Centro,Hogar,139,78668,10934852
2023-11-21,Norte,Tecnologia,92,149877,13788684
2025-01-13,Centro,Tecnologia,140,172086,24092040
2024-01-18,Sur,Electrodomesticos,61,186832,11396752
2023-05-01,Sur,Tecnologia,92,169592,15602464
2023-02-17,Centro,Hogar,117,59211,6927687
2023-05-19,Sur,Deportes,65,60556,3936140
2025-10-13,Centro,Tecnologia,129,187666,24208914
2023-02-04,Sur,Tecnologia,134,165458,22171372
2024-02-07,Sur,Electrodomesticos,98,143136,14027328
2023-06-09,Centro,Vestuario,178,46466,8270948
2023-06-03,Centro,Electrodomesticos,35,170989,5984615
2023-08-21,Centro,Hogar,108,97228,10500624
2024-05-07,Centro,Hogar,132,95650,12625800
2025-09-15,Sur,Vestuario,163,35969,5862947
2024-08-24,Norte,Deportes,59,77235,4556865
2023-04-21,Centro,Hogar,106,77602,8225812
2025-06-09,Centro,Hogar,80,84207,6736560
2025-01-16,Norte,Electrodomesticos,27,171888,4640976
2024-08-08,Sur,Electrodomesticos,5,140286,701430
2025-11-11,Sur,Deportes,57,51610,2941770
2024-02-23,Centro,Deportes,82,52959,4342638
2023-07-17,Centro,Tecnologia,155,158684,24596020
2023-11-24,Centro,Electrodomesticos,67,180103,12066901
2023-07-23,Norte,Electrodomesticos,52,163030,8477560
2024-04-03,Centro,Hogar,107,78978,8450646
2023-08-17,Norte,Tecnologia,100,237201,23720100
2025-05-09,Centro,Electrodomesticos,65,135918,8834670
2023-03-07,Sur,Tecnologia,85,128106,10889010
2023-09-26,Centro,Vestuario,171,41352,7071192
2023-04-11,Norte,Deportes,80,64220,5137600
2024-10-04,Centro,Deportes,111,71078,7889658
2025-05-30,Norte,Electrodomesticos,67,152589,10223463
2024-03-20,Norte,Hogar,87,101427,8824149
2023-05-26,Norte,Electrodomesticos,30,135396,4061880
2023-10-23,Sur,Vestuario,150,42871,6430650
2024-10-18,Centro,Electrodomesticos,18,166162,2990916
2024-12-06,Sur,Tecnologia,136,185350,25207600
2023-10-13,Sur,Hogar,114,89324,10182936
2025-03-19,Centro,Deportes,59,71182,4199738
2025-05-17,Sur,Deportes,78,70856,5526768
2025-06-19,Centro,Deportes,111,66458,7376838
2024-10-25,Sur,Hogar,75,94066,7054950
2024-10-11,Sur,Deportes,72,60550,4359600
2023-03-26,Norte,Deportes,66,63832,4212912
2025-08-09,Norte,Tecnologia,96,150565,14454240
2025-07-07,Norte,Tecnologia,91,149043,13562913
2025-09-01,Sur,Hogar,65,114619,7450235
2023-06-06,Norte,Tecnologia,79,193111,15255769
2023-11-22,Sur,Hogar,61,93524,5704964
2025-01-30,Sur,Hogar,105,106184,11149320
2023-04-09,Sur,Deportes,61,72738,4437018
2024-05-10,Norte,Deportes,58,55568,3222944
2023-05-28,Sur,Hogar,62,66386,4115932
2025-10-11,Norte,Tecnologia,103,200942,20697026
2023-12-21,Sur,Hogar,134,89994,12059196
2023-10-03,Sur,Hogar,79,87035,6875765
2023-06-08,Centro,Tecnologia,151,184231,27818881
2023-08-28,Norte,Tecnologia,71,192882,13694622
2023-05-05,Norte,Deportes,73,67477,4925821
2025-06-22,Norte,Electrodomesticos,44,113994,5015736
2024-03-06,Sur,Tecnologia,115,177116,20368340
2024-02-15,Norte,Electrodomesticos,40,161626,6465040
2025-02-02,Norte,Electrodomesticos,44,161721,7115724
2024-07-16,Centro,Hogar,105,88304,9271920
2025-10-23,Sur,Hogar,64,77351,4950464
2025-06-11,Norte,Electrodomesticos,53,159112,8432936
2025-07-02,Centro,Electrodomesticos,81,170476,13808556
2024-09-05,Sur,Deportes,73,83677,6108421
2023-01-02,Centro,Tecnologia,131,181827,23819337
2024-06-19,Sur,Vestuario,132,42576,5620032
2023-08-03,Sur,Deportes,56,71630,4011280
2025-04-21,Centro,Deportes,83,71392,5925536
2023-06-08,Centro,Hogar,133,94696,12594568
2024-12-05,Norte,Tecnologia,100,188363,18836300
2023-05-16,Centro,Vestuario,193,49383,9530919
2024-01-14,Norte,Tecnologia,74,220635,16326990
2024-12-02,Centro,Deportes,86,51542,4432612
2025-03-26,Sur,Tecnologia,125,170697,21337125
2024-06-22,Sur,Vestuario,144,46453,6689232
2025-03-25,Norte,Tecnologia,123,184034,22636182
2024-08-20,Norte,Vestuario,127,42709,5424043
2024-05-10,Norte,Hogar,60,107283,6436980
2023-12-24,Norte,Tecnologia,121,222534,26926614
2023-09-05,Centro,Vestuario,161,47506,7648466
2025-08-20,Norte,Vestuario,132,33736,4453152
2023-06-19,Sur,Electrodomesticos,32,171812,5497984
2025-04-05,Sur,Vestuario,146,40688,5940448
2023-08-01,Centro,Deportes,117,56269,6583473
2025-05-19,Centro,Electrodomesticos,37,162039,5995443
2023-04-08,Sur,Vestuario,145,51387,7451115
2024-11-13,Norte,Electrodomesticos,59,180004,10620236
2023-08-03,Centro,Electrodomesticos,48,180740,8675520
2025-11-14,Norte,Electrodomesticos,35,184668,6463380
2025-06-14,Norte,Deportes,60,64920,3895200
2023-11-20,Centro,Tecnologia,154,176522,27184388
2024-06-23,Norte,Hogar,66,74174,4895484
2024-06-30,Centro,Vestuario,160,40779,6524640
2025-12-25,Norte,Tecnologia,115,194202,22333230
2025-06-03,Centro,Vestuario,172,47592,8185824
2024-03-13,Centro,Tecnologia,154,171645,26433330
2025-06-06,Norte,Tecnologia,57,180941,10313637
2025-08-09,Centro,Vestuario,214,41353,8849542
2024-11-18,Norte,Electrodomesticos,68,143001,9724068
2023-03-25,Norte,Electrodomesticos,37,210666,7794642
2025-09-10,Sur,Vestuario,141,38638,5447958
2025-06-12,Sur,Vestuario,164,47098,7724072
2023-11-01,Norte,Deportes,80,46527,3722160
2024-08-31,Norte,Electrodomesticos,42,161674,6790308
2025-01-20,Sur,Deportes,72,55110,3967920
2025-02-03,Centro,Tecnologia,136,218898,29770128
2024-08-29,Norte,Electrodomesticos,41,175418,7192138
2024-07-01,Norte,Electrodomesticos,72,156583,11273976
2024-02-21,Sur,Electrodomesticos,54,188212,10163448
2023-09-28,Norte,Hogar,90,104738,9426420
2023-07-09,Centro,Vestuario,150,48588,7288200
2024-10-21,Centro,Vestuario,185,46700,8639500
2023-09-08,Centro,Hogar,149,81347,12120703
2023-07-15,Sur,Electrodomesticos,91,119681,10890971
2023-03-10,Sur,Electrodomesticos,35,161419,5649665
2024-06-17,Norte,Vestuario,114,48175,5491950
2024-09-19,Sur,Vestuario,157,37813,5936641
2023-10-06,Centro,Tecnologia,139,185709,25813551
2024-08-27,Sur,Vestuario,117,43598,5100966
2025-08-01,Centro,Tecnologia,143,189862,27150266
2023-07-07,Sur,Vestuario,134,52644,7054296
2025-09-30,Centro,Vestuario,177,43575,7712775
2025-04-11,Sur,Hogar,55,81752,4496360
2025-02-02,Sur,Hogar,74,74580,5518920
2023-04-02,Norte,Deportes,56,56282,3151792
2023-03-15,Sur,Tecnologia,50,204172,10208600
2023-04-13,Sur,Hogar,108,100437,10847196
2024-11-24,Centro,Deportes,112,64634,7239008
2023-01-27,Centro,Deportes,40,64347,2573880
2023-01-21,Norte,Vestuario,96,38442,3690432
2025-02-10,Norte,Hogar,49,96223,4714927
2025-05-27,Centro,Hogar,171,88089,15063219
2025-12-04,Sur,Tecnologia,161,192276,30956436
2025-11-16,Norte,Vestuario,167,53074,8863358
2025-04-24,Sur,Deportes,41,75816,3108456
2025-08-25,Norte,Electrodomesticos,56,132358,7412048
2023-06-06,Norte,Tecnologia,102,141444,14427288
2023-03-24,Norte,Electrodomesticos,51,187796,9577596
2023-01-02,Norte,Deportes,67,53230,3566410
2024-10-10,Sur,Vestuario,136,47349,6439464
2025-07-28,Sur,Electrodomesticos,72,164812,11866464
2024-11-13,Sur,Tecnologia,123,165037,20299551
2025-12-30,Norte,Vestuario,146,56032,8180672
2025-09-18,Sur,Deportes,89,58728,5226792
2025-07-14,Centro,Deportes,125,64050,8006250
2025-06-25,Norte,Deportes,87,64272,5591664
2024-07-24,Sur,Hogar,106,90575,9600950
2023-10-15,Norte,Tecnologia,93,218919,20359467
2024-12-24,Norte,Tecnologia,86,186485,16037710
2023-01-28,Norte,Electrodomesticos,38,166970,6344860
2023-07-05,Sur,Deportes,78,87596,6832488
2023-08-09,Centro,Hogar,116,77713,9014708
2023-03-25,Sur,Deportes,68,71988,4895184
2023-03-12,Norte,Tecnologia,91,199374,18143034
2023-12-10,Norte,Deportes,98,74505,7301490
2024-11-17,Norte,Electrodomesticos,34,146291,4973894
2025-05-11,Norte,Hogar,73,69637,5083501
2025-09-04,Centro,Electrodomesticos,89,153689,13678321
2025-10-21,Centro,Deportes,91,68450,6228950
2025-11-19,Centro,Electrodomesticos,66,196286,12954876
2024-11-15,Centro,Electrodomesticos,103,128489,13234367
2024-11-12,Centro,Electrodomesticos,84,147164,12361776
2024-12-19,Sur,Tecnologia,148,200237,29635076
2024-03-22,Norte,Vestuario,142,41816,5937872
2023-09-29,Norte,Vestuario,115,46612,5360380
2024-11-01,Norte,Deportes,80,58695,4695600
2023-10-08,Centro,Deportes,113,64287,7264431
2025-11-05,Sur,Electrodomesticos,11,102130,1123430
2023-05-09,Centro,Deportes,72,79896,5752512
2024-04-28,Norte,Electrodomesticos,62,168047,10418914
2023-04-29,Sur,Hogar,77,93419,7193263
2024-04-26,Centro,Deportes,109,61321,6683989
2025-03-22,Centro,Hogar,139,116508,16194612
2025-07-14,Centro,Deportes,122,59227,7225694
2025-04-12,Sur,Tecnologia,111,178386,19800846
2025-03-11,Sur,Tecnologia,119,141907,16886933
2025-02-14,Norte,Tecnologia,116,155962,18091592
2023-02-20,Centro,Deportes,100,65572,6557200
2023-06-19,Norte,Deportes,60,76344,4580640
2023-02-11,Sur,Deportes,83,73821,6127143
2025-11-18,Norte,Deportes,87,58354,5076798
2023-10-25,Sur,Vestuario,168,52995,8903160
2025-06-21,Sur,Tecnologia,95,173237,16457515
2025-09-15,Norte,Deportes,58,68143,3952294
2025-01-23,Centro,Electrodomesticos,83,215777,17909491
2025-07-26,Centro,Tecnologia,124,171842,21308408
2024-05-20,Sur,Tecnologia,137,212148,29064276
2025-06-28,Norte,Electrodomesticos,36,179565,6464340
2024-02-11,Centro,Deportes,87,71271,6200577
2024-01-01,Centro,Vestuario,195,56732,11062740
2025-09-30,Centro,Deportes,59,57410,3387190
2024-09-25,Norte,Vestuario,129,37842,4881618
2023-04-24,Centro,Vestuario,166,51357,8525262
2023-06-01,Centro,Deportes,75,59329,4449675
2023-08-15,Centro,Tecnologia,143,140028,20024004
2024-05-07,Centro,Hogar,159,78984,12558456
2023-05-18,Sur,Electrodomesticos,20,157047,3140940
2025-07-21,Norte,Vestuario,112,50347,5638864
2024-02-08,Sur,Vestuario,162,34880,5650560
2023-09-16,Sur,Vestuario,122,38113,4649786
2023-05-15,Norte,Vestuario,155,44283,6863865
2024-09-05,Sur,Deportes,105,65765,6905325
2024-02-26,Centro,Tecnologia,144,141345,20353680
2025-05-19,Sur,Electrodomesticos,56,184824,10350144
2024-02-23,Centro,Tecnologia,147,191345,28127715
2023-01-21,Norte,Vestuario,125,61524,7690500
2024-07-05,Sur,Tecnologia,99,200661,19865439
2023-07-10,Sur,Tecnologia,127,199520,25339040
2025-04-17,Centro,Tecnologia,186,165066,30702276
2023-03-19,Norte,Tecnologia,86,185142,15922212
2023-07-24,Centro,Electrodomesticos,87,129827,11294949
2024-07-19,Centro,Electrodomesticos,70,148171,10371970
2023-05-19,Centro,Deportes,131,80531,10549561
2025-03-23,Norte,Electrodomesticos,48,184503,8856144
2025-12-26,Sur,Hogar,56,88895,4978120
2023-09-27,Sur,Electrodomesticos,30,155014,4650420
2023-12-16,Sur,Hogar,117,86778,10153026
2023-09-26,Sur,Deportes,76,84198,6399048
2023-08-09,Centro,Vestuario,192,63853,12259776
2024-09-23,Norte,Electrodomesticos,46,115712,5322752
2025-02-18,Sur,Hogar,94,91691,8618954
2025-01-18,Centro,Electrodomesticos,37,138873,5138301
2023-05-10,Norte,Tecnologia,67,235580,15783860
2025-11-30,Sur,Vestuario,129,57920,7471680
2025-10-30,Sur,Deportes,69,66034,4556346
2023-01-26,Sur,Deportes,82,74866,6139012
2024-05-07,Sur,Electrodomesticos,24,164042,3937008
2024-05-10,Centro,Electrodomesticos,22,169832,3736304
2024-12-14,Norte,Deportes,62,62126,3851812
2025-11-14,Norte,Electrodomesticos,78,116306,9071868
2025-02-27,Centro,Tecnologia,142,192975,27402450
2025-08-31,Sur,Electrodomesticos,60,207597,12455820
2025-08-09,Sur,Vestuario,152,37692,5729184
2024-07-02,Norte,Electrodomesticos,41,155765,6386365
2024-08-20,Sur,Deportes,95,73078,6942410
2025-05-28,Centro,Deportes,103,69544,7163032
2025-07-16,Sur,Deportes,82,68987,5656934
2023-02-19,Norte,Vestuario,125,58233,7279125
2023-12-21,Sur,Hogar,121,108339,13109019
2025-05-16,Norte,Deportes,75,72762,5457150
2025-11-25,Sur,Deportes,56,69999,3919944
2024-12-04,Sur,Vestuario,145,57336,8313720
2025-06-25,Norte,Vestuario,123,47019,5783337
2023-08-17,Centro,Tecnologia,182,157419,28650258
2024-08-21,Sur,Hogar,59,101039,5961301
2025-09-18,Norte,Vestuario,128,49127,6288256
2023-12-10,Norte,Tecnologia,105,189098,19855290
2024-06-29,Sur,Tecnologia,103,142157,14642171
2024-01-24,Centro,Vestuario,197,45788,9020236
2024-11-08,Sur,Vestuario,134,35092,4702328
2025-02-15,Norte,Tecnologia,77,189973,14627921
2024-10-21,Centro,Deportes,73,67861,4953853
2024-08-20,Centro,Vestuario,146,43267,6316982
2025-04-29,Norte,Deportes,70,56574,3960180
2025-01-04,Centro,Tecnologia,127,143796,18262092
2023-11-28,Centro,Vestuario,235,41688,9796680
2025-03-20,Sur,Tecnologia,114,131971,15044694
2024-08-15,Centro,Tecnologia,129,181411,23402019
2025-07-03,Sur,Tecnologia,127,182080,23124160
2025-02-07,Centro,Electrodomesticos,29,158796,4605084
2025-02-24,Centro,Vestuario,179,47647,8528813
2023-08-21,Norte,Deportes,72,55958,4028976
2025-07-13,Sur,Deportes,74,71160,5265840
2024-01-25,Norte,Hogar,84,81777,6869268
2023-11-06,Centro,Hogar,103,98495,10144985
2024-10-31,Centro,Hogar,99,90901,8999199
2024-12-31,Norte,Tecnologia,125,184035,23004375
2023-03-12,Sur,Deportes,87,70985,6175695
2024-02-10,Centro,Electrodomesticos,46,177721,8175166
2025-04-07,Centro,Tecnologia,142,136543,19389106
2024-01-04,Sur,Hogar,90,98369,8853210
2025-04-20,Centro,Vestuario,188,41513,7804444
2024-11-15,Norte,Electrodomesticos,73,141297,10314681
2025-01-21,Centro,Tecnologia,134,209245,28038830
2023-10-24,Sur,Deportes,85,67264,5717440
2024-08-26,Centro,Electrodomesticos,113,154390,17446070
2023-06-13,Centro,Hogar,63,98104,6180552
2023-12-20,Centro,Tecnologia,154,170711,26289494
2025-06-24,Sur,Electrodomesticos,39,135296,5276544
2023-03-25,Sur,Electrodomesticos,44,169404,7453776
2023-11-16,Sur,Vestuario,138,48328,6669264
2024-08-23,Norte,Deportes,55,66490,3656950
2025-08-26,Norte,Deportes,88,60378,5313264
2024-07-22,Centro,Hogar,113,93069,10516797
2024-08-25,Norte,Tecnologia,111,139338,15466518
2023-03-23,Sur,Electrodomesticos,64,148142,9481088
2024-11-29,Norte,Vestuario,113,38723,4375699
2024-11-10,Norte,Tecnologia,100,184354,18435400
2025-05-09,Sur,Vestuario,147,50443,7415121
2025-05-13,Sur,Electrodomesticos,40,158073,6322920
2025-12-07,Sur,Vestuario,166,50025,8304150
2024-01-16,Sur,Electrodomesticos,37,156481,5789797
2023-10-12,Sur,Vestuario,114,43002,4902228
2024-11-01,Norte,Electrodomesticos,34,139638,4747692
2024-07-22,Sur,Deportes,81,63468,5140908
2023-07-15,Sur,Electrodomesticos,43,190545,8193435
2023-12-21,Centro,Electrodomesticos,108,158846,17155368
2024-08-04,Centro,Deportes,79,70644,5580876
2024-07-16,Norte,Deportes,56,63328,3546368
2024-08-01,Sur,Deportes,85,62723,5331455
2024-11-21,Sur,Tecnologia,82,183206,15022892
2025-02-24,Centro,Hogar,136,99711,13560696
2023-04-15,Norte,Electrodomesticos,37,198414,7341318
2024-02-21,Centro,Electrodomesticos,42,197431,8292102
2024-11-02,Centro,Vestuario,195,35555,6933225
2025-06-17,Sur,Tecnologia,125,200707,25088375
2023-06-02,Norte,Electrodomesticos,53,174478,9247334
2025-01-11,Sur,Hogar,106,100855,10690630
2025-10-28,Sur,Electrodomesticos,79,171488,13547552
2023-02-10,Norte,Hogar,84,88839,7462476
2025-11-28,Centro,Deportes,97,55431,5376807
2024-08-20,Centro,Vestuario,197,41199,8116203
2023-08-04,Centro,Hogar,100,91221,9122100
2025-01-11,Norte,Vestuario,116,28956,3358896
2025-01-17,Centro,Vestuario,151,47906,7233806
2024-10-13,Sur,Electrodomesticos,23,189138,4350174
2024-03-18,Norte,Deportes,71,59801,4245871
2023-12-21,Norte,Tecnologia,108,176785,19092780
2024-10-24,Sur,Deportes,89,68111,6061879
2025-05-18,Norte,Deportes,82,80374,6590668
2024-07-05,Sur,Deportes,97,62898,6101106
2025-12-30,Centro,Electrodomesticos,96,160876,15444096
2025-11-23,Centro,Electrodomesticos,99,99968,9896832
2024-05-29,Norte,Deportes,38,88949,3380062
2023-04-20,Norte,Hogar,79,116966,9240314
2023-03-17,Norte,Hogar,89,86267,7677763
2025-08-05,Sur,Tecnologia,103,187418,19304054
2023-07-10,Sur,Vestuario,143,37609,5378087
2025-08-11,Sur,Deportes,43,70549,3033607
2023-12-20,Sur,Tecnologia,151,138247,20875297
2023-10-15,Norte,Hogar,71,126443,8977453
2024-04-28,Norte,Electrodomesticos,37,162033,5995221
2025-04-09,Sur,Vestuario,145,54878,7957310
2025-10-21,Norte,Tecnologia,87,152583,13274721
2024-06-07,Sur,Hogar,118,102799,12130282
2023-08-28,Centro,Hogar,79,87305,6897095
2024-04-28,Sur,Deportes,60,73699,4421940
2025-04-18,Norte,Tecnologia,76,205201,15595276
2023-04-10,Sur,Vestuario,166,48542,8057972
2024-10-07,Sur,Electrodomesticos,40,156075,6243000
2023-04-16,Norte,Electrodomesticos,74,145994,10803556
2024-11-20,Centro,Deportes,118,80289,9474102
2024-03-30,Centro,Deportes,84,73741,6194244
2025-12-02,Centro,Tecnologia,230,208080,47858400
2023-10-11,Centro,Tecnologia,146,185178,27035988
2023-03-17,Norte,Tecnologia,83,197643,16404369
2025-01-18,Centro,Electrodomesticos,70,120022,8401540
2025-09-23,Sur,Hogar,92,80814,7434888
2023-06-09,Centro,Hogar,118,126668,14946824
2023-11-12,Centro,Deportes,86,67647,5817642
2023-05-23,Centro,Tecnologia,154,169100,26041400
2025-08-12,Centro,Tecnologia,169,204414,34545966
2023-12-08,Sur,Electrodomesticos,61,149693,9131273
2025-05-27,Sur,Hogar,67,115384,7730728
2025-10-20,Norte,Electrodomesticos,46,179268,8246328
2024-06-01,Centro,Vestuario,172,41234,7092248
2024-02-09,Centro,Vestuario,150,42536,6380400
2024-04-09,Centro,Electrodomesticos,97,153659,14904923
2023-06-20,Sur,Hogar,99,123360,12212640
2024-04-03,Centro,Electrodomesticos,95,156331,14851445
2023-02-21,Centro,Hogar,167,88410,14764470
2025-05-05,Sur,Hogar,68,83641,5687588
2023-07-11,Centro,Hogar,128,84588,10827264
2025-04-02,Norte,Hogar,78,125004,9750312
2024-02-09,Centro,Deportes,107,60665,6491155
2024-04-17,Norte,Electrodomesticos,42,128623,5402166
2025-11-08,Centro,Hogar,152,120578,18327856
2023-12-23,Norte,Deportes,97,59456,5767232
2024-02-18,Norte,Electrodomesticos,47,127537,5994239
2024-07-03,Sur,Tecnologia,127,151814,19280378
2024-01-10,Sur,Vestuario,148,46004,6808592
2024-12-23,Sur,Tecnologia,140,168726,23621640
2023-11-21,Sur,Tecnologia,132,168025,22179300
2024-03-18,Norte,Hogar,43,80135,3445805
2025-11-08,Centro,Hogar,115,115720,13307800
2025-03-14,Centro,Deportes,148,69959,10353932
2024-10-24,Norte,Deportes,78,60791,4741698
2025-01-06,Sur,Vestuario,124,48527,6017348
2023-04-07,Norte,Electrodomesticos,34,151252,5142568
2024-04-06,Norte,Tecnologia,113,186354,21058002
2024-04-06,Centro,Deportes,96,67125,6444000
2024-08-20,Sur,Deportes,52,65026,3381352
2023-02-07,Norte,Vestuario,124,41992,5207008
2024-04-24,Centro,Tecnologia,141,174603,24619023
2024-02-29,Norte,Vestuario,126,52104,6565104
2023-01-20,Norte,Deportes,77,65594,5050738
2025-07-21,Norte,Hogar,22,91907,2021954
2024-02-17,Norte,Tecnologia,118,192517,22717006
2024-01-16,Centro,Electrodomesticos,40,165852,6634080
2024-09-13,Centro,Tecnologia,178,152902,27216556
2024-04-28,Norte,Hogar,61,112129,6839869
2023-01-18,Norte,Deportes,60,63100,3786000
2025-10-17,Centro,Vestuario,207,49721,10292247
2024-07-18,Sur,Electrodomesticos,95,158017,15011615
2023-05-17,Norte,Hogar,102,93852,9572904
2023-08-19,Centro,Electrodomesticos,51,136772,6975372
2024-12-25,Sur,Tecnologia,96,148760,14280960
2024-12-25,Sur,Deportes,56,69732,3904992
2025-06-10,Centro,Hogar,96,124308,11933568
2023-10-08,Norte,Electrodomesticos,29,150731,4371199
2023-09-15,Sur,Electrodomesticos,76,168443,12801668
2023-08-06,Centro,Vestuario,205,40220,8245100
2025-12-02,Sur,Vestuario,179,37505,6713395
2023-05-30,Norte,Deportes,84,55210,4637640
2025-09-08,Sur,Deportes,41,67771,2778611
2024-06-07,Sur,Hogar,86,76898,6613228
2023-04-14,Sur,Tecnologia,107,141353,15124771
2024-09-14,Sur,Vestuario,167,49011,8184837
2025-07-31,Norte,Deportes,68,77261,5253748
2025-03-08,Norte,Electrodomesticos,37,136586,5053682
2023-01-26,Centro,Deportes,60,60591,3635460
2023-12-05,Norte,Hogar,80,65823,5265840
2024-02-27,Centro,Hogar,136,79165,10766440
2025-06-06,Norte,Vestuario,100,44546,4454600
2023-06-02,Sur,Deportes,72,76505,5508360
2024-10-03,Centro,Electrodomesticos,87,191434,16654758
2024-02-14,Norte,Deportes,49,74865,3668385
2025-07-22,Centro,Electrodomesticos,80,164039,13123120
2023-12-29,Centro,Vestuario,219,32957,7217583
2025-04-08,Sur,Vestuario,147,36102,5306994
2025-03-08,Norte,Vestuario,128,49340,6315520
2024-10-11,Sur,Tecnologia,115,197166,22674090
2023-08-23,Norte,Electrodomesticos,59,206712,12196008
2024-03-04,Norte,Hogar,69,81498,5623362
2023-12-07,Norte,Tecnologia,105,157106,16496130
2025-06-23,Centro,Deportes,76,80924,6150224
2024-09-21,Centro,Electrodomesticos,69,177639,12257091
2025-08-18,Centro,Electrodomesticos,51,140665,7173915
2023-10-13,Sur,Vestuario,129,42859,5528811
2023-10-12,Sur,Tecnologia,129,191130,24655770
2025-06-26,Sur,Deportes,68,70082,4765576
2024-06-18,Sur,Deportes,46,61543,2830978
2024-08-19,Sur,Electrodomesticos,57,143558,8182806
2023-10-30,Centro,Electrodomesticos,59,161591,9533869
2025-12-28,Sur,Tecnologia,121,186027,22509267
2023-01-15,Norte,Vestuario,132,40008,5281056
2023-03-22,Centro,Hogar,85,93556,7952260
2023-06-01,Norte,Vestuario,104,37908,3942432
2024-02-08,Norte,Electrodomesticos,31,102836,3187916
2024-12-01,Norte,Electrodomesticos,67,148162,9926854
2025-04-07,Sur,Hogar,113,114580,12947540
2025-07-03,Sur,Vestuario,140,59177,8284780
2024-05-12,Norte,Deportes,80,46064,3685120
2025-07-26,Norte,Vestuario,125,41235,5154375
2024-12-01,Centro,Hogar,147,98234,14440398
2024-01-11,Sur,Deportes,70,69079,4835530
2024-12-13,Sur,Electrodomesticos,78,152951,11930178
2023-07-24,Centro,Hogar,47,88849,4175903
2024-07-04,Centro,Hogar,83,111545,9258235
2023-08-20,Sur,Electrodomesticos,19,115149,2187831
2025-05-27,Sur,Deportes,67,66795,4475265
2024-07-14,Centro,Deportes,112,59003,6608336
2025-01-17,Sur,Hogar,44,105641,4648204
2025-02-26,Norte,Tecnologia,85,173696,14764160
2024-04-29,Sur,Vestuario,165,44614,7361310
2023-05-25,Centro,Electrodomesticos,35,185441,6490435
2024-06-11,Sur,Tecnologia,79,176340,13930860
2024-01-23,Norte,Hogar,83,117897,9785451
2024-01-08,Sur,Deportes,78,59219,4619082
2023-05-17,Centro,Hogar,110,86390,9502900
2024-10-28,Sur,Electrodomesticos,69,149917,10344273
2024-04-01,Norte,Vestuario,131,40480,5302880
2025-03-27,Sur,Vestuario,140,50691,7096740
2024-05-03,Sur,Hogar,103,106633,10983199
2024-07-16,Sur,Tecnologia,141,153615,21659715
2024-07-15,Norte,Vestuario,122,52592,6416224
2023-01-17,Sur,Deportes,78,60876,4748328
2023-08-04,Sur,Tecnologia,113,181740,20536620
2025-01-02,Centro,Hogar,94,83265,7826910
2024-09-07,Centro,Electrodomesticos,62,169445,10505590
2023-11-29,Norte,Vestuario,121,40835,4941035
2025-05-18,Sur,Vestuario,146,39975,5836350
2025-07-24,Norte,Electrodomesticos,32,121517,3888544
2023-12-25,Centro,Deportes,120,86239,10348680
2025-09-05,Centro,Electrodomesticos,29,167682,4862778
2024-04-13,Centro,Electrodomesticos,26,172667,4489342
2023-09-14,Sur,Electrodomesticos,64,162708,10413312
2025-02-14,Norte,Hogar,72,116783,8408376
2023-11-21,Norte,Vestuario,152,53231,8091112
2024-06-27,Norte,Electrodomesticos,50,154831,7741550
2024-10-24,Centro,Tecnologia,112,171267,19181904
2023-01-24,Norte,Hogar,73,108376,7911448
2024-11-09,Centro,Hogar,106,103550,10976300
2024-02-03,Norte,Tecnologia,78,160006,12480468
2023-09-21,Norte,Deportes,74,58181,4305394
2024-12-19,Norte,Vestuario,118,50696,5982128
2025-12-05,Centro,Vestuario,256,35609,9115904
2025-01-20,Norte,Hogar,69,90532,6246708
2024-07-31,Centro,Deportes,92,50084,4607728
2025-10-05,Sur,Hogar,86,79229,6813694
2024-01-18,Norte,Vestuario,136,33750,4590000
2025-11-22,Centro,Hogar,106,81774,8668044
2023-09-17,Centro,Deportes,106,87689,9295034
2024-05-14,Norte,Tecnologia,90,220580,19852200
2025-12-22,Norte,Vestuario,119,43015,5118785
2023-06-18,Norte,Electrodomesticos,52,148240,7708480
2023-11-19,Centro,Electrodomesticos,26,153030,3978780
2023-05-06,Centro,Deportes,118,54905,6478790
2023-03-28,Centro,Deportes,138,68795,9493710
2024-02-03,Norte,Vestuario,109,44802,4883418
2024-01-31,Centro,Electrodomesticos,78,130294,10162932
2025-09-09,Centro,Deportes,92,64987,5978804
2024-04-05,Centro,Hogar,132,62970,8312040
2023-06-14,Norte,Electrodomesticos,36,142945,5146020
2024-01-17,Sur,Electrodomesticos,67,179868,12051156
2025-09-08,Norte,Deportes,56,67324,3770144
2023-03-27,Norte,Tecnologia,96,165249,15863904
2025-03-19,Sur,Vestuario,106,40340,4276040
2023-07-03,Centro,Hogar,121,102465,12398265
2025-12-17,Sur,Vestuario,160,29736,4757760
2024-02-17,Norte,Electrodomesticos,67,166347,11145249
2023-12-19,Sur,Electrodomesticos,45,142938,6432210
2025-03-20,Centro,Deportes,82,69767,5720894
2024-05-02,Centro,Vestuario,142,47004,6674568
2023-01-12,Norte,Vestuario,122,48416,5906752
2024-05-12,Centro,Vestuario,198,32999,6533802
2023-10-31,Norte,Tecnologia,134,167092,22390328
2025-12-17,Norte,Deportes,54,76917,4153518
2025-03-28,Sur,Vestuario,142,43640,6196880
2023-02-19,Centro,Tecnologia,163,226377,36899451
2025-08-16,Norte,Vestuario,115,33217,3819955
2025-05-09,Centro,Electrodomesticos,94,117276,11023944
2023-12-09,Centro,Electrodomesticos,55,166633,9164815
2023-04-01,Centro,Hogar,63,97877,6166251
2023-03-26,Norte,Deportes,34,74654,2538236
2025-11-06,Sur,Tecnologia,120,176925,21231000
2023-08-25,Centro,Hogar,89,95842,8529938
2025-10-24,Norte,Vestuario,117,42435,4964895
2025-01-10,Centro,Hogar,68,99108,6739344
2024-10-28,Sur,Tecnologia,75,158839,11912925
2023-08-17,Centro,Tecnologia,133,114392,15214136
2024-06-30,Centro,Vestuario,196,43606,8546776
2024-03-13,Centro,Vestuario,146,51338,7495348
2023-05-05,Norte,Hogar,67,80093,5366231
2023-10-31,Centro,Electrodomesticos,56,197773,11075288
2023-12-30,Sur,Vestuario,181,57324,10375644
2023-10-27,Centro,Hogar,65,68713,4466345
2023-04-26,Norte,Vestuario,125,51168,6396000
2023-05-05,Norte,Deportes,65,65647,4267055
2023-08-22,Centro,Tecnologia,165,177105,29222325
2023-06-22,Sur,Deportes,50,66271,3313550
2025-05-01,Norte,Hogar,68,86652,5892336
2023-03-28,Norte,Hogar,94,90071,8466674
2023-09-19,Norte,Electrodomesticos,52,127135,6611020
2025-12-29,Sur,Electrodomesticos,79,150287,11872673
2024-12-11,Norte,Deportes,39,76416,2980224
2024-08-20,Centro,Vestuario,190,38638,7341220
2023-09-24,Sur,Deportes,70,54038,3782660
2024-11-11,Sur,Tecnologia,147,142264,20912808
2025-05-30,Sur,Electrodomesticos,75,178565,13392375
2024-06-26,Norte,Deportes,62,83696,5189152
2025-12-26,Sur,Hogar,83,106563,8844729
2023-12-22,Sur,Vestuario,150,46465,6969750
2024-09-26,Norte,Deportes,68,63225,4299300
2023-10-02,Norte,Deportes,58,65571,3803118
2023-10-20,Norte,Tecnologia,80,201460,16116800
2023-03-24,Sur,Deportes,89,77558,6902662
2025-09-13,Centro,Vestuario,191,47114,8998774
2025-01-14,Centro,Vestuario,190,35927,6826130
2024-11-28,Sur,Tecnologia,117,157101,18380817
2024-06-06,Centro,Deportes,40,60987,2439480
2025-05-13,Norte,Deportes,71,65113,4623023
2024-02-01,Sur,Electrodomesticos,49,118424,5802776
2023-03-16,Norte,Vestuario,124,42295,5244580
2024-03-31,Centro,Tecnologia,152,124517,18926584
2023-05-30,Sur,Deportes,95,71582,6800290
2024-10-23,Sur,Electrodomesticos,49,148315,7267435
2024-11-23,Sur,Deportes,113,67179,7591227
2023-01-10,Norte,Tecnologia,98,146801,14386498
2025-06-01,Norte,Tecnologia,121,225207,27250047
2025-01-24,Norte,Hogar,71,114217,8109407
2024-01-30,Norte,Hogar,53,95285,5050105
2023-06-16,Norte,Deportes,73,58729,4287217
2023-03-07,Sur,Deportes,74,69663,5155062
2025-12-29,Centro,Deportes,116,70044,8125104
2025-07-29,Sur,Deportes,76,58209,4423884
2024-08-04,Centro,Tecnologia,89,185523,16511547
2023-11-12,Sur,Electrodomesticos,57,194130,11065410
2023-06-22,Sur,Hogar,92,109272,10053024
2024-08-20,Norte,Tecnologia,86,183909,15816174
2025-05-10,Norte,Electrodomesticos,44,187172,8235568
2024-04-02,Sur,Electrodomesticos,72,191609,13795848
2023-03-02,Norte,Tecnologia,118,184421,21761678
2025-09-28,Sur,Hogar,78,80818,6303804
2023-03-06,Centro,Vestuario,172,45292,7790224
2024-09-04,Sur,Deportes,71,86606,6149026
2024-07-26,Centro,Deportes,94,64027,6018538
2024-07-05,Norte,Hogar,75,97231,7292325
2023-06-12,Sur,Deportes,92,74897,6890524
2024-06-13,Sur,Vestuario,158,43857,6929406
2023-06-25,Norte,Deportes,52,65133,3386916
2023-02-04,Sur,Tecnologia,131,148735,19484285
2024-04-19,Sur,Electrodomesticos,66,143937,9499842
2025-06-04,Norte,Hogar,70,92144,6450080
2024-10-14,Sur,Tecnologia,109,197217,21496653
2023-08-17,Sur,Tecnologia,141,169030,23833230
2024-07-02,Sur,Hogar,87,109003,9483261
2025-12-27,Sur,Vestuario,147,47504,6983088
2024-03-12,Sur,Vestuario,166,42191,7003706
2024-07-29,Norte,Electrodomesticos,27,116319,3140613
2024-02-13,Sur,Hogar,82,64641,5300562
2023-09-30,Centro,Vestuario,166,40186,6670876
2023-10-24,Sur,Electrodomesticos,67,167048,11192216
2023-03-23,Centro,Deportes,57,52287,2980359
2025-10-13,Norte,Deportes,72,71174,5124528
2023-07-20,Norte,Electrodomesticos,66,168933,11149578
2023-04-25,Norte,Electrodomesticos,57,201046,11459622
2024-09-07,Centro,Hogar,76,104632,7952032
2024-07-07,Centro,Tecnologia,142,167261,23751062
2025-06-13,Norte,Tecnologia,89,214307,19073323
2024-06-28,Centro,Vestuario,142,49526,7032692
2024-09-20,Sur,Electrodomesticos,76,203272,15448672
2025-09-06,Sur,Deportes,75,58940,4420500
2025-10-01,Centro,Deportes,59,66946,3949814
2024-01-15,Centro,Hogar,83,95888,7958704
2025-05-01,Sur,Hogar,81,101055,8185455
2025-02-14,Centro,Vestuario,175,44027,7704725
2025-04-26,Sur,Hogar,108,96122,10381176
2025-06-02,Centro,Electrodomesticos,101,140515,14192015
2025-08-05,Sur,Deportes,84,68478,5752152
2023-02-09,Centro,Deportes,85,53876,4579460
2024-04-19,Sur,Vestuario,124,47229,5856396
2024-04-02,Norte,Deportes,79,67391,5323889
2024-06-12,Centro,Electrodomesticos,104,165477,17209608
2024-09-25,Norte,Deportes,62,65493,4060566
2024-03-04,Centro,Vestuario,199,53015,10549985
2024-10-30,Sur,Tecnologia,80,189684,15174720
2023-08-01,Norte,Deportes,66,74060,4887960
2023-11-06,Centro,Tecnologia,175,163305,28578375
2025-10-02,Sur,Hogar,54,75918,4099572
2024-03-06,Sur,Vestuario,101,59075,5966575
2023-12-12,Norte,Hogar,83,91137,7564371
2023-10-15,Norte,Hogar,69,96106,6631314
2025-07-22,Sur,Tecnologia,115,153647,17669405
2025-01-24,Sur,Electrodomesticos,65,147396,9580740
2024-03-11,Centro,Deportes,107,64943,6948901
2025-08-16,Sur,Electrodomesticos,70,166555,11658850
2025-10-30,Sur,Vestuario,111,41670,4625370
2024-08-12,Sur,Vestuario,157,45640,7165480
2023-07-21,Norte,Vestuario,128,42350,5420800
2025-06-19,Centro,Tecnologia,163,161281,26288803
2025-12-06,Norte,Deportes,92,64550,5938600
2023-10-20,Sur,Deportes,60,70371,4222260
2024-12-10,Norte,Vestuario,141,40536,5715576
2024-01-06,Norte,Vestuario,86,49001,4214086
2024-10-25,Norte,Hogar,82,97141,7965562
2025-05-06,Centro,Hogar,78,87385,6816030
2024-08-15,Norte,Electrodomesticos,59,137390,8106010
2024-04-18,Sur,Vestuario,126,40447,5096322
2023-06-10,Norte,Hogar,89,82937,7381393
2025-10-13,Norte,Deportes,41,66501,2726541
2024-12-02,Centro,Deportes,143,52779,7547397
2024-01-31,Centro,Deportes,109,71773,7823257
2025-06-15,Centro,Electrodomesticos,57,156656,8929392
2025-05-16,Norte,Electrodomesticos,48,158316,7599168
2024-02-02,Norte,Hogar,56,114247,6397832
2024-04-24,Centro,Hogar,65,85059,5528835
2025-03-24,Centro,Electrodomesticos,65,191732,12462580
2024-03-04,Centro,Electrodomesticos,47,186471,8764137
2024-01-04,Centro,Tecnologia,132,157504,20790528
2025-01-11,Centro,Tecnologia,107,206057,22048099
2023-01-14,Norte,Electrodomesticos,28,159885,4476780
2025-10-20,Norte,Tecnologia,94,196986,18516684
2023-07-14,Sur,Tecnologia,96,199311,19133856
2023-12-07,Norte,Deportes,76,68070,5173320
2024-11-17,Centro,Deportes,76,76828,5838928
2025-03-05,Norte,Deportes,70,66949,4686430
2024-05-12,Norte,Hogar,80,61250,4900000
2023-03-26,Norte,Electrodomesticos,55,216324,11897820
2025-12-14,Sur,Electrodomesticos,34,172295,5858030
2024-03-01,Centro,Deportes,135,64777,8744895
2025-04-24,Norte,Deportes,61,68540,4180940
2025-02-28,Norte,Tecnologia,90,223242,20091780
2023-09-01,Centro,Vestuario,196,42017,8235332
2023-10-19,Sur,Hogar,100,78444,7844400
2025-03-30,Sur,Electrodomesticos,50,132955,6647750
2025-11-06,Norte,Deportes,83,67406,5594698
2024-09-08,Norte,Deportes,56,63918,3579408
2024-09-17,Centro,Vestuario,152,43676,6638752
2024-03-23,Centro,Tecnologia,101,160458,16206258
2023-09-26,Centro,Vestuario,175,35642,6237350
2025-05-06,Sur,Vestuario,135,44839,6053265
2025-05-12,Sur,Vestuario,125,57291,7161375
2025-11-17,Centro,Deportes,86,60257,5182102
2025-03-28,Sur,Tecnologia,78,223736,17451408
2024-09-30,Sur,Deportes,95,43659,4147605
2025-03-15,Sur,Hogar,93,93126,8660718
2023-08-20,Sur,Hogar,101,66797,6746497
2023-07-05,Sur,Hogar,61,82002,5002122
2023-07-10,Sur,Electrodomesticos,68,169580,11531440
2025-12-22,Centro,Tecnologia,134,158312,21213808
2023-01-13,Norte,Electrodomesticos,41,164739,6754299
2025-09-05,Centro,Vestuario,221,45605,10078705
2023-12-26,Sur,Hogar,101,99575,10057075
2025-01-21,Sur,Tecnologia,111,225977,25083447
2025-03-01,Centro,Hogar,124,90188,11183312
2023-05-11,Centro,Tecnologia,144,177970,25627680
2025-05-30,Sur,Tecnologia,143,121160,17325880
2023-08-27,Centro,Tecnologia,164,191836,31461104
2023-06-29,Sur,Vestuario,133,38157,5074881
2025-05-27,Norte,Electrodomesticos,43,140371,6035953
2024-05-08,Centro,Hogar,123,83519,10272837
2023-09-26,Norte,Tecnologia,153,174083,26634699
2025-06-05,Centro,Tecnologia,123,162289,19961547
2023-03-11,Norte,Hogar,63,102070,6430410
2023-12-31,Sur,Vestuario,179,47100,8430900
2024-03-02,Norte,Electrodomesticos,37,156412,5787244
2024-05-03,Norte,Hogar,81,118936,9633816
2023-04-11,Sur,Electrodomesticos,41,179513,7360033
2024-09-04,Centro,Tecnologia,145,158606,22997870
2023-10-02,Norte,Electrodomesticos,37,206543,7642091
2025-02-12,Centro,Tecnologia,156,160123,24979188
2025-11-01,Norte,Electrodomesticos,50,162578,8128900
2024-10-25,Sur,Tecnologia,111,152253,16900083
2023-02-23,Centro,Hogar,82,103679,8501678
2025-02-25,Norte,Vestuario,112,37874,4241888
2023-12-12,Norte,Electrodomesticos,71,127442,9048382
2024-03-08,Norte,Hogar,72,89876,6471072
2023-01-29,Sur,Vestuario,149,47189,7031161
2024-11-14,Norte,Vestuario,106,50899,5395294
2025-03-30,Centro,Electrodomesticos,69,157788,10887372
2024-07-12,Norte,Vestuario,157,41533,6520681
2023-04-29,Norte,Hogar,70,99732,6981240
2024-02-14,Centro,Vestuario,183,39761,7276263
2023-09-22,Centro,Hogar,121,95708,11580668
2024-01-29,Centro,Hogar,65,107944,7016360
2025-04-28,Centro,Vestuario,165,51414,8483310
2023-06-30,Sur,Deportes,79,75940,5999260
2025-11-27,Centro,Hogar,68,87937,5979716
2025-12-15,Norte,Vestuario,119,41754,4968726
2024-03-31,Centro,Electrodomesticos,104,149585,15556840
2024-01-20,Sur,Tecnologia,158,152012,24017896
2023-06-01,Norte,Vestuario,123,50104,6162792
2023-03-03,Centro,Deportes,75,66607,4995525
2025-02-05,Norte,Tecnologia,113,217820,24613660
2025-02-18,Sur,Electrodomesticos,85,188313,16006605
2025-06-30,Centro,Hogar,74,109753,8121722
2023-03-01,Norte,Hogar,65,84940,5521100
2025-04-15,Norte,Tecnologia,83,165754,13757582
2025-12-26,Centro,Deportes,96,43860,4210560
2023-12-03,Sur,Vestuario,178,53511,9524958
2024-08-25,Sur,Tecnologia,135,198290,26769150
2025-08-01,Norte,Electrodomesticos,56,160350,8979600
2025-09-15,Sur,Vestuario,170,47858,8135860
2023-02-09,Centro,Vestuario,196,40224,7883904
2025-01-16,Sur,Vestuario,134,37334,5002756
2023-07-08,Centro,Hogar,107,103197,11042079
2024-01-17,Norte,Hogar,62,119487,7408194
2025-12-04,Sur,Hogar,106,78672,8339232
2024-08-02,Sur,Vestuario,162,40010,6481620
2025-01-13,Norte,Vestuario,124,44822,5557928
2023-08-23,Sur,Vestuario,120,44074,5288880
2023-01-10,Sur,Hogar,86,90249,7761414
2024-08-08,Norte,Tecnologia,118,183032,21597776
2024-04-16,Sur,Hogar,123,83732,10299036
2025-10-13,Sur,Deportes,66,64203,4237398
2024-02-08,Centro,Vestuario,189,47608,8997912
2025-08-25,Norte,Vestuario,144,52656,7582464
2023-05-13,Norte,Hogar,49,86855,4255895
2024-05-22,Norte,Deportes,78,60527,4721106
2024-05-30,Centro,Hogar,107,92828,9932596
2024-12-30,Sur,Tecnologia,125,171813,21476625
2025-07-21,Sur,Hogar,91,97492,8871772
2024-10-01,Sur,Hogar,62,120965,7499830
2024-09-14,Norte,Tecnologia,108,234101,25282908
2024-02-14,Norte,Deportes,50,79743,3987150
2025-03-30,Sur,Vestuario,120,43047,5165640
2023-08-20,Centro,Vestuario,176,37179,6543504
2025-04-26,Sur,Vestuario,173,54126,9363798
2023-01-04,Sur,Vestuario,132,42851,5656332
2024-06-10,Sur,Electrodomesticos,58,186081,10792698
2025-12-07,Centro,Vestuario,182,47049,8562918
2023-12-06,Norte,Deportes,63,67782,4270266
2025-09-05,Centro,Vestuario,153,42927,6567831
2025-04-20,Norte,Deportes,64,60533,3874112
2023-01-05,Centro,Vestuario,162,45736,7409232
2024-06-11,Sur,Vestuario,124,54392,6744608
2024-06-08,Sur,Tecnologia,103,147492,15191676
2025-09-28,Sur,Deportes,81,71103,5759343
2023-03-27,Norte,Vestuario,99,51402,5088798
2023-10-16,Centro,Electrodomesticos,54,104105,5621670
2023-07-07,Centro,Electrodomesticos,65,189881,12342265
2025-12-15,Centro,Hogar,111,104391,11587401
2025-01-17,Centro,Electrodomesticos,58,146261,8483138
2024-04-16,Sur,Vestuario,165,35293,5823345
2024-06-18,Centro,Tecnologia,136,155887,21200632
2025-01-21,Sur,Deportes,95,41723,3963685
2025-07-09,Sur,Electrodomesticos,93,169161,15731973
2025-08-24,Centro,Vestuario,173,42180,7297140
2025-12-02,Centro,Vestuario,217,43711,9485287
2023-06-25,Centro,Hogar,89,75632,6731248
2024-03-01,Centro,Tecnologia,108,204265,22060620
2023-05-08,Sur,Vestuario,127,42240,5364480
2025-09-14,Centro,Electrodomesticos,56,185493,10387608
2023-01-17,Sur,Electrodomesticos,71,148928,10573888
2024-05-22,Centro,Vestuario,168,46055,7737240
2025-02-02,Sur,Tecnologia,88,183346,16134448
2024-01-16,Sur,Vestuario,132,45887,6057084
2024-09-23,Norte,Vestuario,119,38812,4618628
2023-05-28,Norte,Vestuario,145,39865,5780425
2024-03-03,Sur,Deportes,90,65491,5894190
2025-01-31,Norte,Electrodomesticos,28,180773,5061644
2024-12-23,Centro,Tecnologia,177,169693,30035661
2024-05-24,Sur,Deportes,84,77295,6492780
2023-04-06,Centro,Vestuario,178,55906,9951268
2023-04-27,Sur,Vestuario,161,45844,7380884
2024-10-13,Norte,Hogar,44,64132,2821808
2024-04-23,Sur,Deportes,76,62492,4749392
2025-05-08,Norte,Vestuario,127,37595,4774565
2024-09-15,Norte,Electrodomesticos,93,132745,12345285
2025-06-13,Norte,Electrodomesticos,51,162569,8291019
2025-07-21,Norte,Electrodomesticos,41,175632,7200912
2024-02-12,Norte,Electrodomesticos,34,138578,4711652
2024-03-03,Centro,Electrodomesticos,79,202575,16003425
2024-09-28,Sur,Electrodomesticos,84,191699,16102716
2025-08-09,Norte,Deportes,99,66465,6580035
2024-06-18,Norte,Hogar,43,112148,4822364
2025-09-03,Sur,Deportes,99,72196,7147404
2024-05-22,Sur,Electrodomesticos,69,167151,11533419
2025-07-16,Centro,Vestuario,198,40781,8074638
2025-09-12,Norte,Tecnologia,96,177812,17069952
2024-08-09,Centro,Vestuario,207,52461,10859427
2025-03-21,Centro,Electrodomesticos,102,157379,16052658
2023-07-26,Centro,Electrodomesticos,57,172912,9855984
2023-10-14,Centro,Deportes,70,60258,4218060
2023-11-23,Centro,Hogar,122,97017,11836074
2023-07-19,Norte,Vestuario,119,40649,4837231
2025-01-04,Sur,Vestuario,173,44601,7715973
2023-03-25,Centro,Electrodomesticos,110,125765,13834150
2023-04-11,Centro,Electrodomesticos,113,129358,14617454
2024-07-14,Centro,Deportes,94,73017,6863598
2024-03-05,Sur,Hogar,86,98077,8434622
2023-03-10,Centro,Deportes,124,65702,8147048
2024-09-21,Sur,Vestuario,180,52111,9379980
2023-05-01,Norte,Tecnologia,94,148607,13969058
2025-07-11,Sur,Deportes,83,60961,5059763
2023-03-09,Sur,Electrodomesticos,37,163578,6052386
2023-10-09,Centro,Electrodomesticos,12,158066,1896792
2025-11-07,Sur,Electrodomesticos,63,131557,8288091
2024-07-01,Sur,Hogar,51,104176,5312976
2024-05-21,Norte,Tecnologia,78,196938,15361164
2023-11-13,Norte,Deportes,93,53388,4965084
2025-06-01,Sur,Deportes,46,59562,2739852
2025-01-25,Centro,Tecnologia,124,164268,20369232
2025-01-23,Centro,Electrodomesticos,94,208599,19608306
2024-03-23,Norte,Electrodomesticos,66,158803,10480998
2025-02-11,Sur,Electrodomesticos,47,161193,7576071
2024-01-26,Norte,Tecnologia,74,176620,13069880
2023-07-17,Centro,Tecnologia,79,159904,12632416
2024-10-23,Sur,Electrodomesticos,55,143443,7889365
2024-11-07,Centro,Deportes,144,85501,12312144
2023-10-04,Norte,Electrodomesticos,54,184711,9974394
2025-09-19,Norte,Hogar,91,93438,8502858
2023-09-21,Sur,Electrodomesticos,21,193530,4064130
2024-12-25,Norte,Deportes,60,67692,4061520
2023-10-10,Sur,Tecnologia,100,201217,20121700
2024-01-21,Sur,Deportes,113,73699,8327987
2024-03-05,Norte,Deportes,71,76668,5443428
2025-12-15,Norte,Electrodomesticos,34,170801,5807234
2025-02-15,Centro,Electrodomesticos,36,151101,5439636
2024-06-30,Norte,Vestuario,156,32558,5079048
2023-09-08,Norte,Tecnologia,89,229390,20415710
2023-05-01,Norte,Deportes,65,68198,4432870
2024-09-13,Sur,Tecnologia,94,202853,19068182
2025-05-12,Sur,Vestuario,130,42817,5566210
2024-11-07,Centro,Tecnologia,113,136581,15433653
2025-07-03,Norte,Electrodomesticos,29,100732,2921228
2023-02-27,Sur,Electrodomesticos,74,179103,13253622
2025-07-12,Centro,Electrodomesticos,81,153328,12419568
2025-12-04,Sur,Vestuario,199,38967,7754433
2025-01-23,Centro,Electrodomesticos,89,165273,14709297
2025-02-23,Centro,Deportes,99,37646,3726954
2024-10-31,Centro,Deportes,74,57659,4266766
2023-12-19,Sur,Hogar,126,114331,14405706
2025-04-22,Norte,Electrodomesticos,48,136578,6555744
2025-05-07,Norte,Vestuario,136,49267,6700312
2023-04-26,Norte,Deportes,72,62745,4517640
2023-01-23,Norte,Deportes,92,57949,5331308
2023-02-24,Sur,Hogar,76,88093,6695068
2024-05-23,Norte,Tecnologia,84,179647,15090348
2023-06-15,Sur,Electrodomesticos,73,127750,9325750
2025-08-19,Centro,Deportes,102,79012,8059224
2025-03-01,Centro,Hogar,76,79026,6005976
2025-10-02,Norte,Deportes,39,57571,2245269
2024-07-26,Norte,Hogar,79,102153,8070087
2023-05-04,Norte,Deportes,63,67716,4266108
2024-11-06,Sur,Electrodomesticos,62,191472,11871264
2025-11-18,Centro,Deportes,105,73930,7762650
2024-11-30,Centro,Vestuario,194,45955,8915270
2024-03-19,Sur,Hogar,92,55642,5119064
2024-10-22,Centro,Hogar,134,89635,12011090
2025-09-10,Sur,Deportes,78,48542,3786276
2025-04-09,Norte,Electrodomesticos,51,170745,8707995
2025-06-14,Centro,Tecnologia,131,191258,25054798
2025-01-27,Centro,Vestuario,136,43289,5887304
2024-11-01,Sur,Vestuario,157,46653,7324521
2024-06-10,Sur,Electrodomesticos,97,153904,14928688
2024-12-11,Centro,Deportes,152,53408,8118016
2023-01-06,Centro,Vestuario,200,44450,8890000
2023-06-01,Sur,Hogar,82,106331,8719142
2024-12-08,Sur,Electrodomesticos,70,139192,9743440
2024-05-15,Norte,Deportes,28,67822,1899016
2023-06-13,Centro,Tecnologia,164,164577,26990628
2025-07-26,Norte,Hogar,59,115493,6814087
2024-08-31,Sur,Tecnologia,96,189827,18223392
2023-01-01,Norte,Vestuario,98,44739,4384422
2024-09-12,Centro,Tecnologia,112,180335,20197520
2023-07-28,Sur,Deportes,40,37091,1483640
2024-10-25,Sur,Tecnologia,122,207045,25259490
2023-11-13,Centro,Electrodomesticos,91,143725,13078975
2025-09-06,Norte,Vestuario,129,43777,5647233
2024-07-18,Norte,Electrodomesticos,86,159373,13706078
2023-12-19,Centro,Deportes,35,61033,2136155
2024-04-12,Norte,Electrodomesticos,50,201365,10068250
2025-09-30,Norte,Hogar,77,112369,8652413
2025-12-15,Sur,Tecnologia,81,197168,15970608
2024-09-02,Norte,Vestuario,114,50196,5722344
2024-03-28,Norte,Vestuario,101,46927,4739627
2025-12-04,Sur,Tecnologia,137,220791,30248367
2025-06-15,Norte,Vestuario,120,47706,5724720
2025-04-27,Centro,Electrodomesticos,27,157875,4262625
2025-08-02,Norte,Deportes,69,55768,3847992
2023-05-04,Sur,Vestuario,141,34853,4914273
2025-07-29,Sur,Vestuario,161,40134,6461574
2024-10-04,Sur,Hogar,100,104008,10400800
2024-10-07,Sur,Electrodomesticos,54,173995,9395730
2024-01-30,Norte,Deportes,75,68943,5170725
2025-02-19,Norte,Vestuario,134,35040,4695360
2023-12-01,Sur,Hogar,41,68221,2797061
2023-09-05,Sur,Vestuario,138,40365,5570370
2023-08-10,Sur,Vestuario,131,40431,5296461
2024-07-28,Centro,Hogar,144,87151,12549744
2024-03-12,Norte,Tecnologia,98,183617,17994466
2023-08-19,Norte,Vestuario,130,36399,4731870
2025-09-19,Centro,Hogar,87,93037,8094219
2025-12-25,Sur,Vestuario,154,34599,5328246
2025-02-26,Centro,Deportes,105,53798,5648790
2024-12-20,Centro,Deportes,73,74620,5447260
2024-04-29,Centro,Electrodomesticos,72,140281,10100232
2023-09-19,Sur,Hogar,71,114578,8135038
2024-10-28,Centro,Vestuario,147,34338,5047686
2023-04-18,Sur,Vestuario,125,40368,5046000
2023-06-04,Centro,Electrodomesticos,76,158921,12077996
2023-08-20,Norte,Tecnologia,98,164211,16092678
2023-10-19,Centro,Tecnologia,144,168137,24211728
2023-03-31,Norte,Vestuario,121,46709,5651789
2025-05-04,Norte,Hogar,75,54680,4101000
2024-06-15,Centro,Deportes,123,88349,10866927
2024-11-26,Norte,Electrodomesticos,65,145316,9445540
2023-01-27,Norte,Hogar,64,107866,6903424
2024-08-26,Sur,Vestuario,154,41638,6412252
2025-05-20,Centro,Vestuario,193,45230,8729390
2023-02-01,Centro,Deportes,88,62619,5510472
2023-07-04,Sur,Deportes,48,54503,2616144
2024-08-06,Centro,Vestuario,176,43333,7626608
2025-03-05,Norte,Deportes,63,70356,4432428
2023-12-15,Norte,Tecnologia,128,194385,24881280
2025-08-20,Centro,Hogar,109,71825,7828925
2025-03-07,Norte,Electrodomesticos,54,169460,9150840
2025-09-04,Sur,Deportes,80,64100,5128000
2023-09-13,Sur,Vestuario,170,52512,8927040
2025-08-05,Sur,Deportes,53,76016,4028848
2024-04-27,Sur,Vestuario,104,51320,5337280
2023-05-26,Centro,Electrodomesticos,115,121584,13982160
2024-08-15,Centro,Vestuario,159,44650,7099350
2025-10-03,Centro,Tecnologia,136,194380,26435680
2023-04-06,Sur,Vestuario,172,60106,10338232
2025-12-22,Centro,Hogar,130,92711,12052430
2025-10-27,Sur,Vestuario,155,33909,5255895
2024-08-09,Sur,Electrodomesticos,64,159402,10201728
2024-06-23,Sur,Deportes,85,59121,5025285
2024-07-10,Norte,Deportes,69,73411,5065359
2024-06-29,Sur,Deportes,97,79544,7715768
2024-03-02,Norte,Electrodomesticos,52,182970,9514440
2023-08-05,Sur,Tecnologia,74,218060,16136440
2024-04-23,Centro,Vestuario,189,37123,7016247
2025-10-28,Sur,Tecnologia,126,178767,22524642
2025-01-10,Sur,Deportes,81,63628,5153868
2023-03-24,Sur,Hogar,86,99983,8598538
2023-09-06,Sur,Vestuario,119,43549,5182331
2024-03-05,Norte,Hogar,99,77748,7697052
2025-12-23,Centro,Tecnologia,148,166920,24704160
2024-02-07,Sur,Electrodomesticos,64,154931,9915584
2024-05-22,Centro,Deportes,99,64318,6367482
2025-07-29,Centro,Tecnologia,148,206930,30625640
2025-03-31,Sur,Vestuario,132,47023,6207036
2025-10-30,Norte,Hogar,76,85111,6468436
2023-07-30,Sur,Vestuario,152,37977,5772504
2024-12-18,Sur,Electrodomesticos,62,165364,10252568
2024-06-28,Sur,Hogar,103,70510,7262530
2024-08-13,Centro,Deportes,109,58477,6373993
2024-01-26,Norte,Tecnologia,115,166018,19092070
2024-08-09,Sur,Hogar,79,92234,7286486
2023-12-24,Norte,Hogar,75,105645,7923375
2025-08-19,Centro,Deportes,119,64528,7678832
2025-09-07,Norte,Deportes,46,60664,2790544
2024-06-16,Norte,Hogar,73,104023,7593679
2025-03-14,Centro,Hogar,139,84531,11749809
2024-01-15,Norte,Tecnologia,59,187114,11039726
2024-04-08,Sur,Vestuario,155,44933,6964615
2023-03-09,Sur,Hogar,69,102334,7061046
2024-12-13,Sur,Vestuario,140,44535,6234900
2023-12-23,Centro,Vestuario,219,50162,10985478
2024-05-10,Norte,Vestuario,117,40886,4783662
2025-06-23,Sur,Deportes,86,48485,4169710
2023-02-18,Centro,Deportes,125,74899,9362375
2023-01-14,Sur,Vestuario,148,40068,5930064
2023-09-14,Centro,Electrodomesticos,94,177001,16638094
2024-07-21,Norte,Deportes,78,83991,6551298
2024-11-21,Norte,Electrodomesticos,35,167560,5864600
2025-08-12,Centro,Tecnologia,154,153031,23566774
2024-04-05,Norte,Deportes,76,75046,5703496
2025-04-16,Centro,Hogar,129,92666,11953914
2023-10-16,Sur,Vestuario,166,45066,7480956
2023-04-30,Norte,Electrodomesticos,62,172281,10681422
2024-12-25,Centro,Vestuario,197,43290,8528130
2025-05-18,Centro,Tecnologia,141,178226,25129866
2024-02-01,Norte,Tecnologia,132,179847,23739804
2025-01-06,Centro,Electrodomesticos,61,172650,10531650
2025-01-03,Centro,Tecnologia,163,154963,25258969
2025-10-13,Sur,Deportes,51,50756,2588556
2024-05-26,Sur,Tecnologia,98,146795,14385910
2023-02-16,Sur,Tecnologia,124,149661,18557964
2023-05-09,Norte,Deportes,80,48817,3905360
2025-12-18,Centro,Hogar,118,120741,14247438
2024-03-10,Norte,Tecnologia,106,142536,15108816
2024-02-16,Centro,Tecnologia,147,169032,24847704
2025-05-15,Sur,Vestuario,120,49219,5906280
2023-01-10,Centro,Hogar,96,96505,9264480
2023-10-13,Centro,Tecnologia,169,192494,32531486
2025-10-15,Centro,Electrodomesticos,64,119750,7664000
2024-03-11,Norte,Tecnologia,67,157640,10561880
2023-01-25,Norte,Vestuario,125,43920,5490000
2024-07-17,Centro,Deportes,36,65009,2340324
2023-02-17,Norte,Tecnologia,92,167215,15383780
2024-10-03,Sur,Deportes,65,67989,4419285
2023-06-07,Centro,Tecnologia,137,195601,26797337
2024-08-24,Norte,Hogar,63,82419,5192397
2025-11-14,Sur,Electrodomesticos,70,177743,12442010
2023-10-23,Centro,Hogar,112,112910,12645920
2023-12-24,Centro,Tecnologia,185,135494,25066390
2023-09-11,Centro,Tecnologia,171,186182,31837122
2024-04-01,Norte,Vestuario,96,45136,4333056
2025-07-14,Norte,Deportes,82,54677,4483514
2025-10-21,Norte,Deportes,79,73223,5784617
2023-04-29,Centro,Tecnologia,130,176437,22936810
2024-08-10,Sur,Tecnologia,118,210081,24789558
2023-02-16,Sur,Hogar,94,79762,7497628
2025-12-01,Sur,Electrodomesticos,48,222360,10673280
2025-09-01,Norte,Hogar,89,106473,9476097
2025-01-04,Norte,Vestuario,140,46588,6522320
2023-06-19,Norte,Tecnologia,106,149212,15816472
2023-07-15,Norte,Tecnologia,102,220323,22472946
2025-12-15,Norte,Hogar,46,107870,4962020
2024-05-30,Sur,Vestuario,126,38870,4897620
2023-10-05,Centro,Hogar,110,95974,10557140
2023-07-31,Centro,Tecnologia,146,206576,30160096
2025-09-22,Sur,Hogar,73,93967,6859591
2025-09-13,Sur,Electrodomesticos,48,194559,9338832
2023-02-25,Centro,Deportes,112,48745,5459440
2023-10-12,Sur,Deportes,102,61686,6291972
2024-11-20,Sur,Electrodomesticos,82,194552,15953264
2024-05-18,Sur,Hogar,78,93811,7317258
2024-12-19,Sur,Electrodomesticos,82,171029,14024378
2023-05-26,Centro,Tecnologia,132,202836,26774352
2024-09-10,Sur,Electrodomesticos,75,125609,9420675
2025-01-28,Sur,Vestuario,144,49315,7101360
2024-02-04,Norte,Vestuario,108,47545,5134860
2024-12-01,Centro,Tecnologia,182,219450,39939900
2023-09-01,Centro,Tecnologia,110,168894,18578340
2023-09-12,Sur,Hogar,77,120735,9296595
2024-07-27,Norte,Tecnologia,102,172739,17619378
2025-01-15,Centro,Tecnologia,90,184972,16647480
2023-05-20,Centro,Deportes,99,70111,6940989
2025-12-30,Centro,Hogar,144,96177,13849488
2025-04-15,Sur,Hogar,69,85229,5880801
2025-11-14,Norte,Tecnologia,71,146812,10423652
2025-06-19,Centro,Tecnologia,166,205595,34128770
2024-12-06,Norte,Vestuario,130,41417,5384210
2025-03-31,Sur,Hogar,82,105917,8685194
2024-04-30,Centro,Hogar,66,92275,6090150
2023-06-10,Norte,Hogar,51,87030,4438530
2023-06-07,Norte,Tecnologia,106,210968,22362608
2024-06-28,Norte,Electrodomesticos,23,190819,4388837
2024-12-21,Centro,Hogar,155,87004,13485620
2025-09-17,Centro,Deportes,67,80529,5395443
2024-12-27,Norte,Vestuario,115,42692,4909580
2024-02-08,Centro,Electrodomesticos,33,172584,5695272
2023-04-17,Sur,Hogar,102,91454,9328308
2025-11-09,Sur,Deportes,80,75287,6022960
2023-09-27,Centro,Tecnologia,110,185497,20404670
2023-05-06,Centro,Hogar,79,91309,7213411
2024-07-11,Centro,Electrodomesticos,83,135224,11223592
2025-06-11,Norte,Tecnologia,123,186772,22972956
2024-05-27,Norte,Electrodomesticos,20,152529,3050580
2024-01-08,Norte,Vestuario,102,45217,4612134
2024-10-10,Sur,Electrodomesticos,102,127802,13035804
2025-10-18,Centro,Deportes,47,69490,3266030
2024-09-30,Norte,Deportes,48,69628,3342144
2024-10-09,Norte,Deportes,98,58722,5754756
2025-09-04,Norte,Hogar,64,122383,7832512
2025-01-06,Sur,Deportes,83,44386,3684038
2025-08-12,Norte,Tecnologia,130,157004,20410520
2024-01-20,Norte,Vestuario,100,41219,4121900
2024-05-17,Centro,Tecnologia,120,197473,23696760
2024-01-17,Centro,Electrodomesticos,106,164404,17426824
2025-10-17,Sur,Electrodomesticos,73,192731,14069363
2024-07-08,Sur,Tecnologia,118,132942,15687156
2025-07-03,Centro,Deportes,104,72198,7508592
2023-01-22,Sur,Vestuario,132,26705,3525060
2024-11-02,Sur,Electrodomesticos,73,171023,12484679
2024-08-13,Norte,Deportes,72,67081,4829832
2024-07-08,Centro,Vestuario,193,46198,8916214
2024-08-15,Centro,Deportes,102,76335,7786170
2025-06-10,Centro,Electrodomesticos,61,139340,8499740
2023-12-11,Centro,Vestuario,254,52977,13456158
2025-10-29,Sur,Hogar,109,82023,8940507
2023-11-07,Sur,Hogar,101,80654,8146054
2025-01-11,Sur,Electrodomesticos,49,176855,8665895
2023-07-20,Sur,Tecnologia,75,230046,17253450
2024-06-16,Centro,Vestuario,178,31722,5646516
2025-01-11,Centro,Hogar,97,106309,10311973
2025-11-27,Centro,Deportes,91,77513,7053683
2025-10-14,Centro,Vestuario,156,40142,6262152
2025-07-18,Norte,Hogar,67,86258,5779286
2025-09-29,Norte,Tecnologia,85,154236,13110060
2025-09-30,Centro,Vestuario,180,46470,8364600
2024-03-15,Sur,Electrodomesticos,66,195925,12931050
2025-12-07,Sur,Vestuario,132,38543,5087676
2024-01-08,Centro,Electrodomesticos,61,142869,8715009
2024-03-27,Centro,Electrodomesticos,74,170341,12605234
2025-07-15,Norte,Vestuario,111,40208,4463088
2023-11-04,Centro,Vestuario,220,51958,11430760
2024-12-11,Sur,Hogar,100,87452,8745200
2024-01-15,Centro,Deportes,148,60186,8907528
2024-11-02,Sur,Deportes,75,46765,3507375
2025-11-14,Sur,Deportes,61,81816,4990776
2024-11-27,Sur,Deportes,68,54033,3674244
2024-08-15,Centro,Vestuario,213,34015,7245195
2024-11-04,Sur,Hogar,91,89298,8126118
2024-06-04,Sur,Electrodomesticos,50,192047,9602350
2024-12-14,Centro,Vestuario,255,58057,14804535
2024-09-02,Norte,Deportes,68,70140,4769520
2025-08-08,Centro,Deportes,119,56020,6666380
2024-11-15,Sur,Vestuario,189,34450,6511050
2023-06-22,Centro,Vestuario,214,49294,10548916
2023-07-21,Norte,Tecnologia,75,194145,14560875
2025-01-20,Norte,Tecnologia,113,148671,16799823
2025-07-21,Centro,Electrodomesticos,94,94356,8869464
2024-11-05,Norte,Hogar,59,96393,5687187
2025-02-08,Centro,Vestuario,140,40549,5676860
2024-08-29,Centro,Deportes,56,57076,3196256
2024-03-08,Centro,Electrodomesticos,91,166257,15129387
2024-05-30,Centro,Tecnologia,134,184426,24713084
2025-08-05,Sur,Tecnologia,91,212417,19329947
2023-12-03,Sur,Vestuario,156,47421,7397676
2023-11-01,Sur,Electrodomesticos,72,203242,14633424
2025-01-26,Sur,Deportes,80,90594,7247520
2023-04-10,Norte,Deportes,40,57571,2302840
2024-05-05,Norte,Deportes,53,51272,2717416
2024-12-18,Sur,Electrodomesticos,57,207863,11848191
2024-03-25,Sur,Tecnologia,101,164220,16586220
2023-07-22,Norte,Tecnologia,96,140715,13508640
2023-05-24,Centro,Deportes,79,82604,6525716
2025-06-05,Norte,Deportes,77,58303,4489331
2024-08-03,Sur,Electrodomesticos,71,134956,9581876
2024-07-14,Norte,Deportes,84,47873,4021332
2024-03-30,Norte,Vestuario,136,38355,5216280
2023-12-02,Centro,Hogar,133,106556,14171948
2025-04-05,Norte,Hogar,63,85294,5373522
2023-04-14,Sur,Hogar,88,105840,9313920
2025-01-22,Sur,Hogar,75,85768,6432600
2023-04-04,Norte,Vestuario,104,47433,4933032
2024-06-02,Norte,Vestuario,141,35948,5068668
2023-06-15,Sur,Hogar,100,87024,8702400
2025-07-01,Sur,Electrodomesticos,54,153556,8292024
2025-08-03,Centro,Vestuario,194,54573,10587162
2023-02-21,Sur,Deportes,97,61670,5981990
2023-01-29,Centro,Hogar,138,105413,14546994
2023-09-07,Centro,Vestuario,171,37341,6385311
2025-03-11,Norte,Vestuario,94,47428,4458232
2023-08-06,Centro,Electrodomesticos,107,126388,13523516
2025-11-13,Sur,Vestuario,195,50923,9929985
2023-11-27,Sur,Electrodomesticos,105,136774,14361270
2025-04-11,Sur,Tecnologia,103,199783,20577649
2024-02-28,Norte,Deportes,80,78379,6270320
2023-05-26,Sur,Electrodomesticos,29,124133,3599857
2024-08-12,Norte,Tecnologia,104,171086,17792944
2024-05-24,Centro,Deportes,73,77421,5651733
2025-03-01,Norte,Tecnologia,102,185227,18893154
2025-04-08,Sur,Vestuario,177,49159,8701143
2024-02-08,Centro,Tecnologia,174,184089,32031486
2025-03-10,Centro,Deportes,86,57371,4933906
2024-01-19,Sur,Electrodomesticos,77,188881,14543837
2023-12-13,Norte,Tecnologia,91,165734,15081794
2024-01-01,Norte,Hogar,64,108776,6961664
2023-11-17,Norte,Vestuario,125,46029,5753625
2023-09-10,Sur,Tecnologia,99,179520,17772480
2024-11-15,Sur,Vestuario,171,55915,9561465
2025-12-31,Centro,Tecnologia,168,196315,32980920
2024-09-21,Centro,Vestuario,178,43079,7668062
2024-12-12,Sur,Tecnologia,105,181480,19055400
2025-10-12,Centro,Hogar,107,93679,10023653
2023-01-17,Sur,Vestuario,141,39853,5619273
2025-11-29,Centro,Hogar,78,98703,7698834
2023-09-06,Norte,Electrodomesticos,66,186689,12321474
2024-07-09,Sur,Tecnologia,106,185448,19657488
2025-09-07,Sur,Hogar,104,111372,11582688
2024-02-05,Centro,Electrodomesticos,57,137611,7843827
2025-12-01,Norte,Electrodomesticos,62,209709,13001958
2024-10-16,Sur,Deportes,75,62613,4695975
2024-02-19,Centro,Hogar,110,84545,9299950
2024-06-29,Norte,Tecnologia,110,153738,16911180
2024-05-07,Norte,Hogar,64,82917,5306688
2024-08-21,Norte,Electrodomesticos,38,142318,5408084
2024-01-04,Norte,Vestuario,102,38760,3953520
2025-12-02,Sur,Hogar,133,90053,11977049
2023-04-06,Norte,Vestuario,111,51855,5755905
2024-03-03,Norte,Electrodomesticos,67,213263,14288621
2024-04-19,Centro,Deportes,98,56211,5508678
2024-03-31,Centro,Deportes,112,61878,6930336
2025-09-17,Centro,Electrodomesticos,85,179261,15237185
2025-07-12,Centro,Deportes,92,68929,6341468
2024-08-28,Centro,Hogar,93,84989,7903977
2023-03-24,Norte,Electrodomesticos,56,118778,6651568
2024-10-22,Sur,Tecnologia,87,164583,14318721
2025-08-04,Centro,Hogar,119,79264,9432416
2025-08-17,Centro,Electrodomesticos,27,209923,5667921
2024-04-12,Norte,Deportes,49,54173,2654477
2024-07-09,Sur,Electrodomesticos,59,174214,10278626
2023-08-19,Norte,Electrodomesticos,86,149276,12837736
2023-12-07,Sur,Hogar,110,101905,11209550
2024-05-17,Norte,Tecnologia,97,174821,16957637
2025-12-21,Norte,Deportes,40,61518,2460720
2024-08-19,Norte,Electrodomesticos,29,148287,4300323
2023-05-25,Norte,Electrodomesticos,6,168738,1012428
2024-09-30,Sur,Electrodomesticos,81,182744,14802264
2023-07-30,Sur,Vestuario,157,34993,5493901
2024-11-10,Sur,Vestuario,186,48958,9106188
2025-03-04,Norte,Vestuario,100,47193,4719300
2025-10-02,Centro,Hogar,139,100223,13930997
2023-07-24,Sur,Vestuario,148,41640,6162720
2023-04-20,Sur,Tecnologia,115,155048,17830520
2024-01-02,Sur,Deportes,98,62606,6135388
2025-06-10,Norte,Hogar,70,73780,5164600
2024-06-06,Sur,Tecnologia,75,163806,12285450
2024-09-14,Sur,Electrodomesticos,57,151332,8625924
2025-09-09,Sur,Deportes,50,83541,4177050
2023-11-02,Centro,Tecnologia,182,187190,34068580
2024-12-04,Sur,Vestuario,192,48162,9247104
2024-06-09,Norte,Electrodomesticos,70,190768,13353760
2025-01-03,Centro,Deportes,80,61013,4881040
2023-09-15,Sur,Electrodomesticos,43,153698,6609014
2023-10-25,Sur,Electrodomesticos,65,131230,8529950
2025-07-05,Centro,Hogar,110,117020,12872200
2025-02-05,Centro,Deportes,77,78415,6037955
2025-09-14,Norte,Vestuario,100,51630,5163000
2024-03-08,Sur,Deportes,67,75863,5082821
2024-04-01,Centro,Hogar,110,92443,10168730
2023-08-04,Sur,Deportes,83,55159,4578197
2024-12-23,Sur,Deportes,80,66259,5300720
2025-12-08,Sur,Electrodomesticos,17,166840,2836280
2023-04-14,Sur,Vestuario,141,39004,5499564
2024-05-06,Centro,Vestuario,187,56791,10619917
2025-09-28,Sur,Tecnologia,99,148254,14677146
2024-03-19,Norte,Hogar,40,91154,3646160
2024-02-12,Norte,Deportes,111,68164,7566204
2023-02-06,Sur,Deportes,63,65193,4107159
2024-02-12,Sur,Hogar,64,100702,6444928
2025-04-25,Centro,Hogar,116,96531,11197596
2024-07-19,Sur,Deportes,38,54146,2057548
2025-08-10,Centro,Electrodomesticos,59,180102,10626018
2025-05-19,Sur,Hogar,110,103518,11386980
2025-06-08,Norte,Tecnologia,57,162530,9264210
2023-01-14,Centro,Vestuario,174,44663,7771362
2023-09-05,Norte,Hogar,71,87070,6181970
2025-02-04,Norte,Tecnologia,93,157937,14688141
2025-03-18,Centro,Electrodomesticos,67,213636,14313612
2024-10-02,Sur,Hogar,55,73486,4041730
2023-10-23,Sur,Hogar,114,99282,11318148
2024-07-19,Sur,Tecnologia,80,182040,14563200
2024-08-24,Norte,Tecnologia,107,199703,21368221
2025-10-25,Centro,Tecnologia,150,216732,32509800
2024-11-08,Sur,Electrodomesticos,73,173157,12640461
2025-02-28,Norte,Vestuario,157,46206,7254342
2025-06-04,Norte,Electrodomesticos,29,208572,6048588
2023-03-03,Sur,Hogar,66,110445,7289370
2023-10-16,Sur,Deportes,96,58728,5637888
2024-02-03,Centro,Electrodomesticos,63,167988,10583244
2023-12-25,Norte,Vestuario,139,56387,7837793
2025-09-02,Centro,Tecnologia,155,182356,28265180
2025-08-19,Sur,Hogar,118,73036,8618248
2025-02-27,Sur,Tecnologia,151,163314,24660414
2024-02-04,Norte,Hogar,50,94036,4701800
2025-05-16,Centro,Vestuario,169,53680,9071920
2024-08-15,Sur,Tecnologia,116,161196,18698736
2025-08-14,Centro,Tecnologia,135,182362,24618870
2025-11-20,Centro,Tecnologia,204,184425,37622700
2023-08-06,Norte,Tecnologia,100,174838,17483800
2024-07-25,Sur,Deportes,75,47768,3582600
2025-11-22,Norte,Electrodomesticos,55,128223,7052265
2025-07-06,Sur,Tecnologia,94,170727,16048338
2024-09-08,Sur,Vestuario,144,42171,6072624
2024-11-07,Sur,Tecnologia,157,203954,32020778
2023-10-07,Centro,Hogar,111,93811,10413021
2025-09-24,Norte,Vestuario,116,34564,4009424
2023-10-27,Centro,Electrodomesticos,74,186894,13830156
2023-11-23,Norte,Vestuario,166,50084,8313944
2023-04-16,Norte,Vestuario,111,51534,5720274
2023-12-22,Sur,Electrodomesticos,42,114853,4823826
2024-06-15,Sur,Hogar,40,103329,4133160
2023-05-30,Centro,Tecnologia,115,195148,22442020
2024-05-30,Norte,Vestuario,152,44448,6756096
2025-11-17,Sur,Vestuario,161,62464,10056704
2025-07-07,Sur,Tecnologia,137,171017,23429329
2024-06-04,Sur,Vestuario,116,39446,4575736
2023-05-11,Sur,Vestuario,109,46904,5112536
2025-12-14,Sur,Hogar,67,79021,5294407
2024-01-09,Centro,Vestuario,171,46120,7886520
2024-09-13,Centro,Hogar,139,84303,11718117
2023-06-12,Norte,Hogar,91,90871,8269261
2025-12-27,Sur,Deportes,35,53542,1873970
2025-01-17,Norte,Hogar,98,105376,10326848
2025-09-05,Centro,Vestuario,138,33885,4676130
2023-01-12,Norte,Electrodomesticos,25,154029,3850725
2024-11-08,Norte,Vestuario,161,42484,6839924
2023-03-16,Centro,Electrodomesticos,54,129153,6974262
2024-03-26,Centro,Deportes,128,53472,6844416
2024-12-07,Sur,Electrodomesticos,37,148813,5506081
2023-08-21,Norte,Tecnologia,77,139839,10767603
2025-04-30,Centro,Electrodomesticos,107,192828,20632596
2023-04-30,Norte,Vestuario,131,50389,6600959
2023-06-07,Norte,Electrodomesticos,56,172636,9667616
2024-05-15,Norte,Electrodomesticos,42,159753,6709626
2024-11-11,Norte,Deportes,85,74605,6341425
2025-01-09,Norte,Electrodomesticos,34,140923,4791382
2025-04-01,Norte,Electrodomesticos,74,198080,14657920
2023-08-20,Sur,Vestuario,158,52040,8222320
2023-06-07,Centro,Vestuario,166,37927,6295882
2025-06-14,Centro,Vestuario,186,30004,5580744
2023-03-11,Sur,Tecnologia,103,204056,21017768
2023-11-09,Sur,Tecnologia,138,172450,23798100
2025-10-16,Norte,Vestuario,111,52345,5810295
2024-07-08,Sur,Vestuario,150,29039,4355850
2024-04-07,Centro,Tecnologia,166,196888,32683408
2024-09-12,Norte,Tecnologia,92,143826,13231992
2025-12-28,Centro,Electrodomesticos,7,154224,1079568
2025-03-16,Sur,Hogar,89,103194,9184266
2023-09-26,Norte,Hogar,89,88521,7878369
2024-06-27,Sur,Hogar,91,78865,7176715
2023-05-14,Sur,Vestuario,149,46920,6991080
2025-10-06,Sur,Tecnologia,135,198423,26787105
2025-08-29,Sur,Vestuario,139,32963,4581857
2023-02-25,Norte,Deportes,64,67901,4345664
2025-06-15,Centro,Electrodomesticos,58,152720,8857760
2024-06-07,Centro,Tecnologia,147,210329,30918363
2025-01-01,Norte,Vestuario,127,41890,5320030
2023-03-05,Sur,Vestuario,123,34910,4293930
2023-03-08,Centro,Deportes,88,55348,4870624
2023-11-26,Sur,Hogar,93,95005,8835465
2025-02-28,Norte,Vestuario,121,36281,4390001
2023-07-30,Centro,Vestuario,173,40847,7066531
2024-05-24,Norte,Hogar,53,78272,4148416
2023-04-13,Norte,Deportes,62,58836,3647832
2023-06-11,Norte,Deportes,68,43141,2933588
2023-07-25,Centro,Hogar,101,88891,8977991
2023-09-04,Centro,Electrodomesticos,104,170558,17738032
2023-05-02,Sur,Vestuario,166,46477,7715182
2024-05-07,Sur,Deportes,93,54626,5080218
2023-04-25,Norte,Vestuario,133,46372,6167476
2025-06-04,Norte,Deportes,38,68774,2613412
2024-03-07,Centro,Electrodomesticos,87,210457,18309759
2023-09-24,Norte,Deportes,81,66994,5426514
2024-09-22,Sur,Deportes,60,65328,3919680
2024-05-10,Norte,Vestuario,135,51469,6948315
2024-06-11,Centro,Vestuario,202,43995,8886990
2023-11-10,Norte,Tecnologia,105,188369,19778745
2024-04-16,Centro,Deportes,124,53318,6611432
2024-07-07,Centro,Hogar,121,77297,9352937
2023-12-18,Sur,Electrodomesticos,69,177704,12261576
2023-11-08,Centro,Tecnologia,188,168235,31628180
2025-12-06,Norte,Vestuario,178,49193,8756354
2025-01-17,Centro,Deportes,51,74395,3794145
2024-02-05,Norte,Vestuario,108,52318,5650344
2023-09-01,Sur,Vestuario,156,49134,7664904
2024-12-25,Norte,Vestuario,136,30352,4127872
2023-05-07,Sur,Deportes,71,71012,5041852
2023-07-07,Sur,Hogar,75,70591,5294325
2025-02-01,Norte,Electrodomesticos,45,132738,5973210
2024-12-16,Centro,Electrodomesticos,71,139809,9926439
2023-05-13,Centro,Electrodomesticos,50,194313,9715650
2023-05-19,Sur,Vestuario,146,43638,6371148
2023-10-08,Sur,Vestuario,127,40610,5157470
2024-05-31,Sur,Electrodomesticos,41,181214,7429774
2024-12-03,Centro,Tecnologia,174,185463,32270562
2025-04-08,Centro,Vestuario,172,42910,7380520
2024-03-15,Norte,Electrodomesticos,38,200567,7621546
2025-03-08,Norte,Hogar,88,98460,8664480
2025-03-27,Sur,Electrodomesticos,86,136493,11738398
2025-08-24,Sur,Deportes,64,68804,4403456
2025-09-03,Centro,Deportes,107,65864,7047448
2025-01-06,Centro,Electrodomesticos,60,159391,9563460
2024-08-03,Norte,Deportes,101,52887,5341587
2024-06-16,Sur,Vestuario,150,47130,7069500
2023-10-24,Norte,Tecnologia,106,187133,19836098
2023-11-24,Sur,Hogar,78,101864,7945392
2025-12-05,Norte,Deportes,89,55743,4961127
2024-03-13,Sur,Hogar,70,92210,6454700
2023-06-13,Norte,Vestuario,127,38896,4939792
2024-10-07,Sur,Deportes,77,60867,4686759
2023-09-02,Sur,Tecnologia,78,155217,12106926
2025-11-27,Sur,Deportes,112,78963,8843856
2023-10-11,Sur,Electrodomesticos,69,140322,9682218
2023-06-23,Norte,Tecnologia,104,171300,17815200
2023-05-15,Centro,Electrodomesticos,39,187336,7306104
2025-12-30,Centro,Hogar,94,95645,8990630
2024-02-24,Centro,Tecnologia,144,162471,23395824
2024-12-30,Sur,Tecnologia,163,174531,28448553
2024-06-30,Centro,Electrodomesticos,43,181164,7790052
2025-10-29,Norte,Electrodomesticos,45,159736,7188120
2024-03-16,Sur,Deportes,59,38161,2251499
2023-05-02,Centro,Vestuario,174,41550,7229700
2023-11-13,Centro,Hogar,153,87265,13351545
2025-04-17,Sur,Tecnologia,128,219670,28117760
2024-05-26,Sur,Electrodomesticos,23,169160,3890680
2024-09-26,Sur,Deportes,51,50067,2553417
2023-07-11,Sur,Tecnologia,98,161950,15871100
2024-02-22,Norte,Vestuario,132,48274,6372168
2024-10-04,Norte,Vestuario,110,36268,3989480
2025-06-01,Centro,Electrodomesticos,43,156919,6747517
2023-11-11,Sur,Hogar,126,105663,13313538
2025-07-20,Norte,Hogar,62,84310,5227220
2025-10-20,Centro,Deportes,72,62502,4500144
2024-07-22,Sur,Electrodomesticos,60,161272,9676320
2023-07-05,Norte,Deportes,64,67403,4313792
2023-02-11,Norte,Vestuario,129,41376,5337504
2023-01-22,Centro,Vestuario,192,56944,10933248
2025-03-07,Sur,Hogar,102,80764,8237928
2023-12-13,Norte,Hogar,100,102544,10254400
2024-04-06,Norte,Hogar,70,84473,5913110
2023-05-08,Sur,Vestuario,126,39133,4930758
2023-02-04,Centro,Electrodomesticos,77,132480,10200960
2024-01-23,Centro,Hogar,113,69312,7832256
2023-08-26,Sur,Deportes,76,54650,4153400
2023-11-21,Norte,Electrodomesticos,76,169267,12864292
2024-02-17,Centro,Deportes,68,49164,3343152
2025-09-06,Norte,Vestuario,122,51125,6237250
2023-02-08,Sur,Deportes,66,64603,4263798
2025-02-03,Sur,Electrodomesticos,51,172255,8785005
2025-04-19,Centro,Vestuario,164,44356,7274384
2025-10-06,Sur,Electrodomesticos,58,188191,10915078
2023-09-16,Norte,Vestuario,125,55019,6877375
2024-07-22,Norte,Tecnologia,107,155434,16631438
2024-07-19,Sur,Electrodomesticos,48,134227,6442896
2025-03-07,Sur,Hogar,106,96723,10252638
2025-04-29,Sur,Vestuario,162,45129,7310898
2023-11-03,Centro,Tecnologia,231,223441,51614871
2023-09-07,Sur,Vestuario,133,43326,5762358
2025-03-08,Centro,Hogar,90,82967,7467030
2023-06-10,Sur,Hogar,85,97584,8294640
2024-10-04,Centro,Electrodomesticos,90,154936,13944240
2023-08-04,Sur,Electrodomesticos,61,161239,9835579
2025-04-12,Centro,Electrodomesticos,68,131069,8912692
2025-02-22,Sur,Deportes,30,55613,1668390
2025-03-07,Sur,Hogar,101,112095,11321595
2023-12-08,Norte,Tecnologia,91,152637,13889967
2025-04-17,Centro,Vestuario,138,42972,5930136
2024-10-07,Sur,Electrodomesticos,89,146838,13068582
2023-06-26,Sur,Deportes,81,66001,5346081
2024-09-30,Norte,Electrodomesticos,60,147682,8860920
2025-08-31,Norte,Vestuario,127,44857,5696839
2023-09-07,Centro,Deportes,46,79275,3646650
2023-01-10,Sur,Vestuario,146,39025,5697650
2024-12-29,Sur,Deportes,54,56638,3058452
2025-08-01,Sur,Tecnologia,127,156706,19901662
2023-03-18,Sur,Electrodomesticos,46,146769,6751374
2023-07-27,Sur,Vestuario,150,50574,7586100
2025-09-13,Sur,Hogar,72,68045,4899240
2024-05-07,Sur,Electrodomesticos,50,113302,5665100
2024-03-09,Norte,Tecnologia,116,188026,21811016
2023-09-14,Sur,Deportes,83,61508,5105164
2023-08-12,Centro,Electrodomesticos,73,128543,9383639
2025-11-01,Centro,Deportes,81,63930,5178330
2024-01-23,Centro,Deportes,120,68295,8195400
2023-03-25,Sur,Tecnologia,105,188015,19741575
2023-11-29,Sur,Deportes,106,77220,8185320
2025-06-06,Norte,Tecnologia,83,207574,17228642
2024-05-23,Sur,Electrodomesticos,64,160260,10256640
2024-03-17,Centro,Vestuario,206,46006,9477236
2023-12-05,Sur,Electrodomesticos,62,157291,9752042
2023-12-12,Norte,Vestuario,171,46940,8026740
2025-10-19,Norte,Deportes,81,68506,5548986
2023-08-15,Sur,Deportes,70,66583,4660810
2023-01-26,Centro,Tecnologia,190,176270,33491300
2025-02-23,Norte,Tecnologia,105,188978,19842690
2025-08-08,Centro,Electrodomesticos,87,149934,13044258
2024-12-15,Sur,Vestuario,120,40224,4826880
2023-09-06,Sur,Tecnologia,86,213691,18377426
2023-06-07,Centro,Hogar,73,108447,7916631
2023-11-02,Sur,Hogar,88,75517,6645496
2025-12-26,Norte,Tecnologia,101,188844,19073244
2025-08-01,Sur,Deportes,86,62769,5398134
2023-11-18,Norte,Vestuario,140,43903,6146420
2023-10-25,Centro,Deportes,84,64480,5416320
2025-04-22,Sur,Electrodomesticos,81,159869,12949389
2025-03-11,Sur,Tecnologia,142,183667,26080714
2023-01-17,Centro,Vestuario,212,36504,7738848
2023-05-19,Sur,Vestuario,125,54247,6780875
2023-10-28,Sur,Hogar,73,111246,8120958
2025-01-15,Centro,Tecnologia,111,192376,21353736
2024-09-28,Sur,Tecnologia,97,165198,16024206
2023-05-26,Sur,Vestuario,157,36789,5775873
2025-09-01,Centro,Deportes,31,61762,1914622
2024-03-27,Sur,Tecnologia,133,180194,23965802
2023-06-02,Centro,Vestuario,172,44514,7656408
2024-10-31,Sur,Hogar,66,77197,5095002
2025-05-19,Sur,Hogar,32,110289,3529248
2024-09-23,Centro,Electrodomesticos,37,173870,6433190
2023-09-30,Sur,Electrodomesticos,84,189811,15944124
2023-09-11,Sur,Deportes,36,75408,2714688
2023-11-29,Sur,Tecnologia,130,142377,18509010
2025-06-30,Sur,Tecnologia,124,189178,23458072
2023-07-27,Centro,Electrodomesticos,81,111542,9034902
2024-10-04,Centro,Hogar,102,119366,12175332
2024-01-23,Centro,Electrodomesticos,51,153679,7837629
2023-08-05,Sur,Vestuario,121,41661,5040981
2025-06-23,Centro,Vestuario,187,44300,8284100
2023-09-29,Norte,Hogar,97,90805,8808085
2025-07-26,Sur,Electrodomesticos,59,170231,10043629
2024-02-24,Centro,Deportes,125,64518,8064750
2024-07-26,Norte,Hogar,68,82704,5623872
2024-12-15,Centro,Vestuario,273,35256,9624888
2024-09-15,Centro,Vestuario,191,44744,8546104
2023-11-02,Centro,Electrodomesticos,64,156124,9991936
2024-04-01,Norte,Electrodomesticos,34,192343,6539662
2023-11-09,Sur,Vestuario,189,34191,6462099
2023-01-08,Sur,Electrodomesticos,40,162376,6495040
2025-09-20,Norte,Vestuario,131,49072,6428432
2024-07-19,Sur,Vestuario,159,50784,8074656
2024-06-24,Norte,Tecnologia,72,150319,10822968
2025-11-18,Sur,Tecnologia,141,165884,23389644
2025-06-22,Norte,Hogar,64,103645,6633280
2024-01-17,Centro,Hogar,93,78558,7305894
2024-04-20,Centro,Hogar,91,61255,5574205
2024-05-18,Sur,Deportes,78,84992,6629376
2024-01-09,Sur,Electrodomesticos,48,127772,6133056
2023-09-05,Sur,Electrodomesticos,32,130327,4170464
2024-06-08,Sur,Deportes,58,57779,3351182
2023-11-02,Sur,Hogar,86,84629,7278094
2023-12-03,Sur,Vestuario,164,38670,6341880
2024-10-25,Centro,Deportes,94,48114,4522716
2025-09-09,Centro,Deportes,76,73781,5607356
2025-01-06,Sur,Electrodomesticos,46,183086,8421956
2025-08-08,Centro,Vestuario,169,40936,6918184
2023-05-30,Norte,Deportes,63,56479,3558177
2025-08-14,Sur,Electrodomesticos,30,178515,5355450
2024-12-26,Sur,Vestuario,162,50281,8145522
2024-04-07,Sur,Electrodomesticos,63,160905,10137015
2025-08-20,Norte,Deportes,38,70613,2683294
2025-10-14,Norte,Deportes,89,62378,5551642
2024-12-12,Sur,Electrodomesticos,89,168464,14993296
2025-05-10,Sur,Hogar,67,96311,6452837
2025-05-06,Centro,Tecnologia,173,151174,26153102
2024-01-25,Sur,Vestuario,137,49062,6721494
2024-12-13,Norte,Hogar,87,95716,8327292
2023-01-23,Sur,Tecnologia,116,151011,17517276
2025-09-28,Sur,Vestuario,162,48393,7839666
2024-01-27,Sur,Vestuario,131,30270,3965370
2023-03-16,Norte,Vestuario,96,43013,4129248
2025-03-13,Norte,Vestuario,126,44055,5550930
2025-01-22,Sur,Tecnologia,156,215170,33566520
2023-01-16,Sur,Electrodomesticos,48,122750,5892000
2024-06-30,Sur,Electrodomesticos,72,150616,10844352
2024-06-15,Centro,Tecnologia,175,194225,33989375
2023-09-02,Norte,Deportes,56,45955,2573480
2024-09-01,Centro,Hogar,107,88777,9499139
2023-08-09,Norte,Hogar,67,68519,4590773
2023-05-16,Centro,Electrodomesticos,77,168405,12967185
2023-11-04,Centro,Hogar,109,107462,11713358
2023-06-21,Sur,Electrodomesticos,31,131906,4089086
2025-03-02,Norte,Vestuario,115,40553,4663595
2024-10-26,Centro,Electrodomesticos,154,159509,24564386
2023-05-17,Sur,Electrodomesticos,75,124324,9324300
2025-01-12,Sur,Tecnologia,61,175740,10720140
2025-05-03,Norte,Hogar,59,83604,4932636
2025-12-31,Centro,Tecnologia,130,213223,27718990
2023-04-08,Sur,Deportes,83,57381,4762623
2023-12-20,Centro,Electrodomesticos,67,201050,13470350
2025-03-20,Centro,Electrodomesticos,112,109367,12249104
2025-12-10,Centro,Vestuario,211,39961,8431771
2023-10-08,Norte,Hogar,71,104551,7423121
2023-03-19,Sur,Electrodomesticos,35,166011,5810385
2024-06-20,Centro,Electrodomesticos,46,183372,8435112
2023-09-07,Sur,Vestuario,160,36023,5763680
2023-05-05,Sur,Deportes,83,70031,5812573
2023-01-09,Centro,Deportes,94,68819,6468986
2024-10-05,Centro,Vestuario,197,41476,8170772
2023-03-03,Norte,Deportes,49,58667,2874683
2025-07-16,Sur,Deportes,59,54781,3232079
2025-11-01,Centro,Electrodomesticos,64,165616,10599424
2024-02-03,Sur,Vestuario,110,45031,4953410
2025-02-15,Sur,Hogar,83,71102,5901466
2023-09-24,Sur,Vestuario,163,52764,8600532
2024-08-22,Sur,Hogar,98,101964,9992472
2024-10-28,Sur,Electrodomesticos,65,124046,8062990
2024-04-24,Norte,Vestuario,134,53690,7194460
2025-12-11,Sur,Hogar,82,94217,7725794
2023-06-24,Norte,Electrodomesticos,14,162054,2268756
2025-07-27,Norte,Deportes,74,84293,6237682
2023-08-24,Sur,Electrodomesticos,72,154039,11090808
2025-03-02,Centro,Hogar,75,101357,7601775
2024-08-08,Centro,Deportes,120,41462,4975440
2025-02-04,Centro,Vestuario,186,41605,7738530
2023-06-04,Sur,Deportes,63,56835,3580605
2023-04-17,Centro,Tecnologia,100,240140,24014000
2025-01-11,Norte,Tecnologia,75,238724,17904300
2024-05-13,Sur,Hogar,104,95073,9887592
2025-10-28,Norte,Tecnologia,85,179410,15249850
2023-03-12,Centro,Hogar,137,108235,14828195
2024-07-09,Centro,Electrodomesticos,73,137839,10062247
2025-08-02,Centro,Tecnologia,123,165896,20405208
2024-06-23,Sur,Tecnologia,103,232095,23905785
2024-07-29,Norte,Hogar,91,110417,10047947
2023-05-15,Sur,Vestuario,154,46335,7135590
2024-05-14,Sur,Deportes,47,71522,3361534
2023-07-31,Sur,Vestuario,170,40722,6922740
2025-04-03,Sur,Electrodomesticos,43,176323,7581889
2025-09-23,Sur,Hogar,100,80198,8019800
2025-01-07,Norte,Vestuario,131,48803,6393193
2024-10-08,Sur,Electrodomesticos,77,145331,11190487
2024-02-09,Norte,Deportes,56,57117,3198552
2025-02-01,Centro,Electrodomesticos,68,160627,10922636
2024-11-29,Norte,Tecnologia,116,177521,20592436
2025-06-12,Norte,Deportes,56,64173,3593688
2024-12-01,Sur,Tecnologia,110,188783,20766130
2023-11-28,Sur,Vestuario,135,44335,5985225
2025-11-17,Sur,Electrodomesticos,90,151499,13634910
2024-06-14,Centro,Hogar,106,91214,9668684
2024-04-30,Sur,Deportes,45,72231,3250395
2023-10-24,Norte,Deportes,50,69181,3459050
2023-04-25,Sur,Deportes,126,66669,8400294
2023-08-21,Sur,Hogar,122,120765,14733330
2024-10-06,Sur,Deportes,41,47958,1966278
2025-02-04,Norte,Vestuario,97,43774,4246078
2023-04-17,Norte,Electrodomesticos,30,116221,3486630
2023-11-05,Norte,Deportes,69,60841,4198029
2023-05-03,Centro,Hogar,134,88741,11891294
2025-05-25,Centro,Electrodomesticos,120,142841,17140920
2023-03-07,Centro,Tecnologia,147,207564,30511908
2024-02-14,Sur,Hogar,104,89756,9334624
2024-07-19,Sur,Vestuario,144,49259,7093296
2025-10-17,Centro,Tecnologia,140,168796,23631440
2025-12-10,Centro,Tecnologia,193,212404,40993972
2023-01-21,Sur,Vestuario,120,49051,5886120
2025-10-28,Centro,Vestuario,196,46808,9174368
2023-09-19,Centro,Tecnologia,167,162515,27140005
2025-11-28,Sur,Vestuario,183,39997,7319451
2025-06-17,Centro,Vestuario,177,42943,7600911
2024-09-25,Sur,Tecnologia,124,130441,16174684
2023-11-05,Norte,Hogar,64,99758,6384512
2023-04-09,Norte,Tecnologia,95,151489,14391455
2024-12-02,Norte,Vestuario,118,46345,5468710
2025-12-14,Sur,Vestuario,158,54527,8615266
2025-10-03,Sur,Vestuario,128,46764,5985792
2025-10-15,Centro,Electrodomesticos,72,212110,15271920
2024-12-07,Centro,Deportes,125,58845,7355625
2025-02-18,Sur,Vestuario,139,49500,6880500
2025-10-21,Centro,Hogar,124,94747,11748628
2023-11-27,Centro,Hogar,133,90060,11977980
2023-03-19,Norte,Hogar,70,107465,7522550
2025-01-14,Centro,Tecnologia,198,171759,34008282
2024-02-28,Centro,Tecnologia,128,168804,21606912
2025-05-01,Centro,Hogar,93,90270,8395110
2023-06-07,Norte,Tecnologia,78,177522,13846716
2024-09-05,Centro,Tecnologia,135,144615,19523025
2025-10-30,Centro,Vestuario,155,51434,7972270
2023-01-03,Norte,Tecnologia,111,181642,20162262
2023-03-22,Norte,Deportes,59,64525,3806975
2023-09-23,Norte,Vestuario,128,41106,5261568
2025-11-15,Centro,Deportes,117,67428,7889076
2024-06-25,Centro,Hogar,92,84732,7795344
2023-10-15,Sur,Deportes,95,50220,4770900
2024-10-25,Sur,Tecnologia,146,116429,16998634
2023-10-19,Centro,Deportes,32,64048,2049536
2025-10-27,Centro,Electrodomesticos,127,175321,22265767
2025-01-09,Norte,Deportes,61,67016,4087976
2023-06-12,Centro,Electrodomesticos,110,177482,19523020
2024-01-19,Centro,Electrodomesticos,66,154074,10168884
2025-12-09,Norte,Deportes,76,54915,4173540
2025-03-02,Centro,Tecnologia,148,161490,23900520
2024-12-13,Sur,Hogar,106,99645,10562370
2025-07-31,Centro,Vestuario,127,52818,6707886
2024-05-24,Sur,Tecnologia,129,238485,30764565
2024-12-07,Sur,Tecnologia,150,192183,28827450
2025-06-26,Centro,Hogar,104,79125,8229000
2023-04-21,Norte,Vestuario,110,49550,5450500
2025-05-12,Sur,Electrodomesticos,29,157428,4565412
2023-07-29,Sur,Hogar,85,76520,6504200
2023-09-22,Norte,Electrodomesticos,48,180023,8641104
2025-12-31,Sur,Tecnologia,125,155408,19426000
2025-09-17,Centro,Tecnologia,178,112844,20086232
2025-12-26,Norte,Hogar,65,93940,6106100
2025-05-16,Centro,Tecnologia,142,209939,29811338
2025-08-05,Norte,Hogar,72,88796,6393312
2023-06-06,Norte,Tecnologia,91,153015,13924365
2024-04-12,Sur,Vestuario,131,46023,6029013
2025-03-01,Centro,Tecnologia,184,211057,38834488
2024-01-13,Norte,Deportes,61,61223,3734603
2023-03-27,Centro,Hogar,101,120599,12180499
2023-04-30,Norte,Hogar,94,102687,9652578
2023-05-20,Norte,Hogar,84,88863,7464492
2025-05-10,Norte,Hogar,74,103292,7643608
2024-09-05,Norte,Tecnologia,125,163529,20441125
2025-12-10,Norte,Electrodomesticos,36,138016,4968576
2023-04-27,Norte,Deportes,55,76305,4196775
2023-08-17,Centro,Hogar,119,87842,10453198
2024-03-11,Centro,Tecnologia,112,191569,21455728
2025-04-07,Norte,Tecnologia,89,204413,18192757
2024-04-13,Centro,Vestuario,183,50194,9185502
2024-12-27,Norte,Hogar,92,83937,7722204
2023-10-16,Centro,Vestuario,202,50158,10131916
2025-11-23,Sur,Deportes,97,76078,7379566
2025-02-07,Sur,Tecnologia,114,155396,17715144
2025-10-17,Norte,Deportes,36,69067,2486412
2023-01-30,Sur,Tecnologia,103,131929,13588687
2023-06-18,Centro,Vestuario,204,42568,8683872
2025-05-19,Norte,Electrodomesticos,76,149583,11368308
2025-10-07,Norte,Tecnologia,101,190621,19252721
2023-03-12,Centro,Vestuario,191,40355,7707805
2025-12-23,Norte,Vestuario,131,50626,6632006
2023-01-11,Sur,Tecnologia,114,195654,22304556
2024-08-22,Centro,Tecnologia,101,150225,15172725
2023-07-23,Centro,Vestuario,181,51720,9361320
2025-05-15,Centro,Hogar,153,77794,11902482
2024-05-01,Centro,Vestuario,158,43459,6866522
2024-07-23,Norte,Deportes,69,66356,4578564
2023-05-27,Centro,Deportes,105,77847,8173935
2023-06-27,Sur,Vestuario,137,46363,6351731
2024-05-01,Centro,Deportes,85,50536,4295560
2025-10-24,Centro,Deportes,84,68991,5795244
2024-09-10,Sur,Vestuario,149,51232,7633568
2025-12-13,Centro,Hogar,126,105373,13276998
2025-05-14,Centro,Electrodomesticos,54,133943,7232922
2025-11-28,Centro,Hogar,134,87247,11691098
2023-01-22,Norte,Electrodomesticos,70,164390,11507300
2024-06-17,Sur,Electrodomesticos,83,165163,13708529
2023-03-18,Sur,Vestuario,146,49538,7232548
2025-08-11,Sur,Tecnologia,80,156132,12490560
2024-08-18,Centro,Deportes,42,70712,2969904
2025-06-07,Norte,Electrodomesticos,36,175699,6325164
2025-06-01,Norte,Electrodomesticos,57,169333,9651981
2023-11-30,Norte,Electrodomesticos,52,128729,6693908
2025-07-04,Norte,Tecnologia,113,177221,20025973
2023-10-31,Norte,Electrodomesticos,63,153798,9689274
2023-10-18,Norte,Vestuario,99,53866,5332734
2023-10-22,Sur,Deportes,53,75503,4001659
2025-04-22,Norte,Deportes,32,71463,2286816
2025-10-17,Centro,Hogar,58,91442,5303636
2024-05-30,Norte,Hogar,51,92274,4705974
2023-04-14,Centro,Electrodomesticos,65,147052,9558380
2024-06-24,Norte,Tecnologia,104,145925,15176200
2024-06-29,Centro,Electrodomesticos,15,169527,2542905
2024-05-18,Sur,Hogar,84,81945,6883380
2023-09-07,Sur,Electrodomesticos,66,171887,11344542
2023-07-30,Centro,Electrodomesticos,101,165811,16746911
2023-04-06,Sur,Deportes,71,70947,5037237
2024-07-16,Norte,Tecnologia,84,147772,12412848
2024-11-13,Sur,Electrodomesticos,59,163631,9654229
2024-10-22,Norte,Tecnologia,67,197517,13233639
2023-12-19,Sur,Electrodomesticos,54,152914,8257356
2023-06-07,Sur,Tecnologia,133,184461,24533313
2025-03-31,Sur,Electrodomesticos,66,168002,11088132
2025-02-17,Centro,Deportes,108,76834,8298072
2024-07-05,Centro,Hogar,78,109191,8516898
2024-08-04,Sur,Hogar,72,93416,6725952
2025-05-20,Centro,Deportes,81,72997,5912757
2023-09-09,Sur,Electrodomesticos,8,166675,1333400
2025-10-21,Sur,Tecnologia,107,184935,19788045
2023-01-18,Centro,Vestuario,180,30320,5457600
2023-06-09,Centro,Vestuario,202,33536,6774272
2024-04-01,Centro,Tecnologia,104,204129,21229416
2025-07-24,Norte,Deportes,98,47735,4678030
2024-04-10,Centro,Tecnologia,141,140624,19827984
2023-05-31,Sur,Deportes,88,68759,6050792
2025-07-11,Centro,Electrodomesticos,87,164079,14274873
2023-10-28,Centro,Electrodomesticos,73,159519,11644887
2023-09-28,Centro,Vestuario,175,40402,7070350
2025-01-09,Norte,Electrodomesticos,48,150393,7218864
2024-06-07,Norte,Vestuario,138,44973,6206274
2025-08-31,Centro,Vestuario,162,44615,7227630
2023-02-01,Sur,Electrodomesticos,30,141491,4244730
2025-10-03,Sur,Tecnologia,137,169371,23203827
2024-06-26,Sur,Hogar,99,114111,11296989
2023-03-21,Sur,Hogar,65,107672,6998680
2025-01-17,Norte,Vestuario,110,42263,4648930
2023-03-12,Sur,Vestuario,117,47955,5610735
2023-11-12,Sur,Tecnologia,121,173188,20955748
2024-10-07,Centro,Electrodomesticos,60,185575,11134500
2025-09-27,Sur,Hogar,129,93865,12108585
2024-09-15,Sur,Electrodomesticos,50,154348,7717400
2024-08-24,Norte,Vestuario,113,39570,4471410
2024-05-23,Norte,Hogar,108,118419,12789252
2025-09-01,Centro,Hogar,100,79010,7901000
2023-02-02,Sur,Deportes,58,60214,3492412
2023-11-10,Centro,Deportes,76,60453,4594428
2023-12-24,Sur,Vestuario,134,38121,5108214
2025-01-02,Centro,Tecnologia,109,175086,19084374
2023-09-25,Centro,Deportes,78,50789,3961542
2023-12-04,Sur,Tecnologia,113,201497,22769161
2024-03-26,Sur,Electrodomesticos,61,161614,9858454
2024-01-05,Norte,Deportes,51,82015,4182765
2025-03-22,Norte,Electrodomesticos,37,163803,6060711
2024-10-14,Sur,Hogar,43,118151,5080493
2024-07-27,Sur,Vestuario,148,45678,6760344
2023-03-14,Norte,Hogar,40,86165,3446600
2023-05-17,Sur,Tecnologia,122,236751,28883622
2023-07-20,Sur,Electrodomesticos,44,189378,8332632
2023-02-12,Centro,Tecnologia,137,165597,22686789
2024-12-25,Sur,Tecnologia,151,122490,18495990
2023-02-10,Sur,Vestuario,160,39220,6275200
2023-12-12,Sur,Vestuario,167,48208,8050736
2025-02-04,Sur,Deportes,55,62286,3425730
2023-03-07,Norte,Electrodomesticos,64,181025,11585600
2024-01-08,Norte,Vestuario,106,37240,3947440
2025-12-01,Norte,Deportes,73,70169,5122337
2024-04-08,Centro,Tecnologia,178,159494,28389932
2024-07-27,Sur,Tecnologia,107,215573,23066311
2025-09-05,Norte,Hogar,80,109922,8793760
2023-09-06,Sur,Vestuario,118,61524,7259832
2024-09-26,Norte,Deportes,79,55036,4347844
2023-07-29,Centro,Hogar,154,91888,14150752
2023-11-14,Sur,Deportes,83,75832,6294056
2024-12-16,Norte,Electrodomesticos,91,191343,17412213
2024-07-04,Norte,Vestuario,128,49004,6272512
2025-04-08,Norte,Deportes,56,64717,3624152
2024-07-31,Sur,Electrodomesticos,22,206397,4540734
2023-11-06,Centro,Deportes,49,70268,3443132
2023-09-29,Norte,Deportes,90,94242,8481780
2025-11-27,Centro,Deportes,129,46692,6023268
2024-12-07,Centro,Tecnologia,162,186465,30207330
2023-11-16,Sur,Deportes,80,58407,4672560
2024-03-16,Sur,Vestuario,111,33303,3696633
2024-06-29,Norte,Electrodomesticos,36,161446,5812056
2023-06-01,Centro,Deportes,106,53497,5670682
2023-05-08,Sur,Electrodomesticos,18,126507,2277126
2024-10-20,Norte,Tecnologia,62,168697,10459214
2024-06-26,Centro,Tecnologia,144,185641,26732304
2025-06-19,Norte,Vestuario,128,37367,4782976
2025-08-01,Norte,Deportes,53,56890,3015170
2023-08-05,Sur,Hogar,55,100071,5503905
2025-11-06,Norte,Hogar,92,102993,9475356
2024-08-24,Sur,Vestuario,149,37744,5623856
2024-04-28,Norte,Vestuario,128,40343,5163904
2025-05-12,Norte,Electrodomesticos,59,159095,9386605
2024-04-28,Sur,Hogar,74,69434,5138116
2025-06-26,Norte,Electrodomesticos,53,118758,6294174
2025-09-25,Centro,Vestuario,196,46389,9092244
2024-11-10,Norte,Deportes,67,68497,4589299
2023-07-08,Centro,Deportes,51,40827,2082177
2023-06-10,Centro,Tecnologia,194,130103,25239982
2024-11-11,Centro,Deportes,121,55526,6718646
2025-11-27,Sur,Electrodomesticos,79,157182,12417378
2024-10-09,Centro,Vestuario,199,59617,11863783
2023-07-15,Norte,Electrodomesticos,36,147791,5320476
2024-02-25,Centro,Vestuario,184,55743,10256712
2024-06-21,Norte,Hogar,84,117730,9889320
2024-01-11,Norte,Deportes,48,61002,2928096
2023-07-24,Centro,Vestuario,190,44630,8479700
2023-11-19,Centro,Deportes,88,62962,5540656
2024-03-25,Centro,Deportes,95,78129,7422255
2025-03-11,Centro,Vestuario,197,53606,10560382
2025-09-12,Norte,Vestuario,127,50625,6429375
2023-07-26,Centro,Hogar,129,76260,9837540
2024-04-26,Centro,Hogar,150,91242,13686300
2025-05-04,Sur,Tecnologia,103,179098,18447094
2023-10-04,Centro,Electrodomesticos,111,148505,16484055
2024-11-08,Norte,Tecnologia,129,191426,24693954
2023-03-13,Norte,Vestuario,113,30366,3431358
2025-12-06,Norte,Electrodomesticos,32,185102,5923264
2025-11-26,Sur,Deportes,90,67467,6072030
2025-06-19,Sur,Deportes,88,63730,5608240
2024-02-10,Norte,Vestuario,114,38207,4355598
2025-12-04,Centro,Electrodomesticos,56,151922,8507632
2023-12-24,Centro,Deportes,138,72731,10036878
2025-12-20,Sur,Vestuario,154,32711,5037494
2024-06-25,Norte,Deportes,66,56138,3705108
2025-05-15,Norte,Hogar,62,94880,5882560
2023-11-07,Sur,Tecnologia,118,197409,23294262
2025-03-23,Centro,Hogar,114,101214,11538396
2024-06-09,Norte,Deportes,46,59328,2729088
2024-03-05,Sur,Vestuario,169,37715,6373835
2025-08-28,Sur,Vestuario,169,32103,5425407
2023-05-07,Centro,Tecnologia,121,189554,22936034
2023-06-14,Sur,Electrodomesticos,74,116987,8657038
2025-12-19,Norte,Vestuario,106,48396,5129976
2024-07-08,Norte,Deportes,64,67204,4301056
2023-12-02,Sur,Deportes,77,67115,5167855
2025-02-01,Norte,Hogar,69,72126,4976694
2023-05-31,Norte,Vestuario,126,47576,5994576
2025-08-14,Centro,Electrodomesticos,98,182163,17851974
2023-10-17,Sur,Electrodomesticos,13,159643,2075359
2023-02-27,Norte,Vestuario,112,53798,6025376
2024-10-05,Centro,Hogar,85,90751,7713835
2023-05-24,Norte,Deportes,69,66302,4574838
2023-11-26,Sur,Vestuario,169,29674,5014906
2024-08-26,Norte,Deportes,65,51443,3343795
2024-12-29,Norte,Tecnologia,100,171280,17128000
2025-11-02,Centro,Hogar,116,86207,10000012
2024-10-19,Norte,Hogar,84,96134,8075256
2024-12-03,Norte,Deportes,79,59516,4701764
2023-07-21,Centro,Vestuario,165,47975,7915875
2024-01-28,Norte,Deportes,46,60164,2767544
2023-09-14,Norte,Electrodomesticos,39,133132,5192148
2024-02-16,Sur,Deportes,69,75211,5189559
2025-02-07,Centro,Tecnologia,138,148582,20504316
2025-11-30,Norte,Deportes,83,87311,7246813
2024-01-26,Norte,Tecnologia,105,153923,16161915
2025-03-16,Norte,Vestuario,104,51061,5310344
2025-10-08,Sur,Tecnologia,134,172486,23113124
2023-10-15,Sur,Vestuario,152,48091,7309832
2023-03-02,Sur,Electrodomesticos,82,183892,15079144
2023-12-14,Centro,Tecnologia,139,202402,28133878
2023-09-24,Norte,Electrodomesticos,25,179079,4476975
2025-07-19,Sur,Tecnologia,93,166629,15496497
2024-03-29,Sur,Deportes,94,53901,5066694
2025-03-18,Sur,Deportes,66,67378,4446948
2023-06-19,Centro,Tecnologia,167,171188,28588396
2024-02-15,Sur,Hogar,72,101996,7343712
2025-05-25,Sur,Electrodomesticos,67,126237,8457879
2024-08-04,Norte,Hogar,94,87608,8235152
2025-06-22,Sur,Deportes,69,59008,4071552
2024-03-27,Centro,Deportes,94,73912,6947728
2024-03-21,Centro,Tecnologia,123,182307,22423761
2025-09-04,Sur,Deportes,85,72018,6121530
2025-02-10,Sur,Vestuario,155,38480,5964400
2024-07-05,Norte,Hogar,66,88947,5870502
2024-06-21,Centro,Deportes,45,45479,2046555
2023-05-19,Sur,Tecnologia,93,205267,19089831
2023-07-27,Norte,Hogar,73,90398,6599054
2024-06-21,Centro,Vestuario,177,38867,6879459
2023-03-20,Norte,Electrodomesticos,26,165263,4296838
2023-07-01,Norte,Electrodomesticos,42,200639,8426838
2025-04-26,Norte,Deportes,68,67246,4572728
2025-11-30,Sur,Tecnologia,162,217952,35308224
2024-02-08,Norte,Hogar,75,98629,7397175
2024-04-27,Centro,Hogar,121,79272,9591912
2024-05-22,Sur,Vestuario,131,40278,5276418
2023-04-12,Centro,Vestuario,160,46687,7469920
2025-09-12,Centro,Vestuario,156,38431,5995236
2023-03-15,Norte,Deportes,59,63993,3775587
2025-12-23,Centro,Electrodomesticos,87,142366,12385842
2023-06-12,Sur,Hogar,62,98806,6125972
2024-10-06,Norte,Tecnologia,106,193013,20459378
2023-11-22,Centro,Vestuario,243,48522,11790846
2025-11-03,Centro,Vestuario,206,42769,8810414
2025-12-20,Norte,Hogar,70,89634,6274380
2024-04-26,Norte,Hogar,67,114756,7688652
2023-06-21,Centro,Vestuario,176,38675,6806800
2025-02-27,Centro,Deportes,96,52718,5060928
2023-01-08,Sur,Vestuario,174,44172,7685928
2023-10-04,Norte,Hogar,89,96957,8629173
2023-10-15,Norte,Vestuario,112,49345,5526640
2023-10-31,Norte,Hogar,65,105558,6861270
2025-03-20,Centro,Tecnologia,112,199900,22388800
2024-02-02,Sur,Vestuario,138,53137,7332906
2024-11-05,Centro,Hogar,124,81825,10146300
2024-08-21,Norte,Vestuario,125,55916,6989500
2024-04-11,Sur,Electrodomesticos,80,159934,12794720
2025-02-01,Norte,Vestuario,116,47524,5512784
2024-03-02,Centro,Electrodomesticos,76,174172,13237072
2025-12-31,Centro,Vestuario,214,48202,10315228
2025-09-10,Sur,Deportes,121,81703,9886063
2025-08-16,Norte,Vestuario,95,40622,3859090
2024-09-04,Centro,Tecnologia,145,165909,24056805
2024-11-12,Norte,Deportes,61,59729,3643469
2023-08-14,Sur,Electrodomesticos,69,163467,11279223
2025-05-19,Centro,Deportes,124,88620,10988880
2023-10-15,Norte,Deportes,36,57497,2069892
2023-05-23,Centro,Electrodomesticos,49,182654,8950046
2024-11-02,Centro,Electrodomesticos,163,157838,25727594
2023-09-14,Norte,Tecnologia,123,180175,22161525
2023-09-06,Norte,Vestuario,139,56738,7886582
2023-07-03,Centro,Tecnologia,166,189220,31410520
2024-10-20,Norte,Tecnologia,109,215165,23452985
2025-08-11,Norte,Tecnologia,78,206252,16087656
2025-06-08,Centro,Tecnologia,103,175307,18056621
2025-08-08,Norte,Tecnologia,85,220840,18771400
2023-02-05,Sur,Tecnologia,108,191872,20722176
2023-01-26,Norte,Deportes,63,78141,4922883
2025-05-21,Sur,Electrodomesticos,41,134208,5502528
2024-07-28,Norte,Vestuario,119,52456,6242264
2023-03-12,Sur,Electrodomesticos,49,178996,8770804
2025-09-02,Centro,Tecnologia,177,166982,29555814
2025-05-10,Centro,Electrodomesticos,95,159347,15137965
2025-05-27,Sur,Vestuario,145,43573,6318085
2023-03-20,Norte,Electrodomesticos,64,144662,9258368
2025-07-31,Sur,Hogar,64,105315,6740160
2025-09-16,Norte,Vestuario,115,51292,5898580
2025-04-17,Centro,Tecnologia,167,190238,31769746
2023-10-09,Centro,Electrodomesticos,87,131527,11442849
2024-11-06,Norte,Electrodomesticos,72,157169,11316168
2025-06-27,Sur,Vestuario,160,50487,8077920
2024-06-06,Sur,Deportes,78,52681,4109118
2025-09-23,Sur,Vestuario,163,52929,8627427
2025-05-12,Norte,Deportes,61,58226,3551786
2024-04-02,Centro,Electrodomesticos,71,163313,11595223
2023-02-20,Centro,Tecnologia,132,174223,22997436
2023-01-28,Norte,Hogar,61,101068,6165148
2025-11-10,Centro,Deportes,152,51916,7891232
2025-04-30,Centro,Hogar,96,64976,6237696
2025-05-17,Norte,Deportes,47,63290,2974630
2023-04-18,Sur,Hogar,68,98584,6703712
2025-05-22,Sur,Deportes,60,52682,3160920
2025-06-23,Norte,Hogar,61,111300,6789300
2024-05-08,Sur,Deportes,57,91066,5190762
2024-02-26,Sur,Tecnologia,127,159005,20193635
2023-07-09,Norte,Vestuario,116,41580,4823280
2024-12-12,Centro,Vestuario,186,39357,7320402
2025-02-23,Centro,Hogar,93,99823,9283539
2023-11-23,Norte,Vestuario,144,28521,4107024
2024-10-14,Centro,Vestuario,191,50873,9716743
2023-09-19,Norte,Vestuario,110,47023,5172530
2025-01-10,Centro,Vestuario,112,48676,5451712
2024-01-29,Sur,Vestuario,132,41229,5442228
2023-09-17,Sur,Deportes,77,67914,5229378
2023-10-24,Sur,Tecnologia,129,188389,24302181
2024-05-04,Norte,Deportes,98,69831,6843438
2024-02-27,Centro,Deportes,109,56068,6111412
2024-01-07,Sur,Tecnologia,108,179628,19399824
2024-09-11,Sur,Electrodomesticos,72,138333,9959976
2024-05-15,Norte,Tecnologia,64,169190,10828160
2024-02-03,Sur,Electrodomesticos,55,155242,8538310
2025-03-18,Centro,Electrodomesticos,83,204553,16977899
2025-11-15,Sur,Deportes,68,48320,3285760
2024-08-20,Norte,Hogar,45,85112,3830040
2024-04-06,Norte,Vestuario,138,42344,5843472
2024-09-01,Sur,Electrodomesticos,37,171980,6363260
2024-12-19,Centro,Hogar,77,102264,7874328
2023-03-23,Sur,Vestuario,122,43523,5309806
2023-11-25,Sur,Hogar,117,101221,11842857
2024-11-21,Sur,Deportes,105,65579,6885795
2024-07-07,Sur,Deportes,67,68411,4583537
2023-11-18,Centro,Hogar,118,90790,10713220
2023-10-25,Norte,Tecnologia,50,180617,9030850
2025-08-15,Sur,Hogar,73,117939,8609547
2023-04-22,Norte,Vestuario,127,49518,6288786
2025-06-30,Centro,Hogar,79,81703,6454537
2023-11-22,Sur,Tecnologia,101,146719,14818619
2024-09-14,Norte,Tecnologia,114,201754,22999956
2024-12-31,Norte,Hogar,86,83364,7169304
2023-03-23,Norte,Tecnologia,116,183044,21233104
2024-04-10,Centro,Tecnologia,178,189863,33795614
2023-09-10,Centro,Deportes,108,54949,5934492
2025-07-26,Centro,Deportes,129,74934,9666486
2024-08-03,Centro,Vestuario,144,29817,4293648
2023-06-28,Sur,Deportes,111,78708,8736588
2023-02-26,Sur,Vestuario,173,57121,9881933
2023-02-25,Norte,Electrodomesticos,20,125815,2516300
2024-08-19,Sur,Electrodomesticos,26,160507,4173182
2023-03-14,Norte,Hogar,67,57669,3863823
2024-03-15,Sur,Vestuario,157,43645,6852265
2025-01-17,Sur,Vestuario,137,45955,6295835
2024-09-25,Norte,Electrodomesticos,57,142357,8114349
2025-01-15,Norte,Deportes,10,69098,690980
2023-04-07,Centro,Hogar,132,101551,13404732
2025-10-08,Sur,Electrodomesticos,47,160050,7522350
2024-10-28,Centro,Hogar,92,71126,6543592
2024-11-29,Centro,Vestuario,229,39976,9154504
2025-06-09,Centro,Tecnologia,143,200740,28705820
2025-03-25,Sur,Vestuario,160,38316,6130560
2025-12-31,Sur,Hogar,107,105750,11315250
2023-10-27,Sur,Hogar,100,85076,8507600
2024-07-18,Sur,Electrodomesticos,81,139399,11291319
2024-10-19,Norte,Tecnologia,97,185207,17965079
2024-07-11,Centro,Vestuario,185,38512,7124720
2025-02-14,Norte,Hogar,80,92954,7436320
2023-09-22,Centro,Tecnologia,139,164927,22924853
2025-07-24,Norte,Deportes,73,51236,3740228
2025-10-06,Centro,Vestuario,163,50096,8165648
2025-09-24,Sur,Hogar,103,67189,6920467
2023-10-23,Norte,Deportes,38,52401,1991238
2024-10-02,Centro,Vestuario,150,47487,7123050
2025-12-20,Sur,Hogar,98,77111,7556878
2025-05-08,Sur,Vestuario,136,40871,5558456
2023-05-03,Sur,Hogar,90,88285,7945650
2023-01-20,Sur,Hogar,101,102736,10376336
2024-08-01,Centro,Vestuario,205,40748,8353340
2023-07-09,Norte,Electrodomesticos,46,146814,6753444
2025-12-02,Centro,Hogar,166,95641,15876406
2024-05-17,Sur,Hogar,78,113157,8826246
2025-06-27,Norte,Vestuario,118,46561,5494198
2023-10-06,Norte,Electrodomesticos,76,125005,9500380
2023-10-24,Norte,Vestuario,136,39927,5430072
2023-07-31,Norte,Vestuario,101,46950,4741950
2023-07-07,Norte,Vestuario,119,43756,5206964
2023-10-25,Centro,Vestuario,189,41888,7916832
2023-10-20,Centro,Electrodomesticos,68,119327,8114236
2025-04-27,Sur,Deportes,79,74498,5885342
2023-01-20,Centro,Deportes,89,67764,6030996
2025-02-23,Centro,Hogar,99,76581,7581519
2023-12-25,Sur,Vestuario,161,44110,7101710
2025-01-24,Norte,Electrodomesticos,67,141618,9488406
2025-04-15,Sur,Tecnologia,102,129292,13187784
2025-04-24,Sur,Tecnologia,99,185778,18392022
2023-08-30,Centro,Deportes,95,76246,7243370
2023-04-22,Sur,Electrodomesticos,43,125378,5391254
2025-02-25,Norte,Vestuario,126,49733,6266358
2023-06-27,Centro,Vestuario,194,45341,8796154
2025-02-07,Centro,Tecnologia,153,120209,18391977
2023-08-07,Norte,Deportes,88,64904,5711552
2023-12-22,Norte,Hogar,70,101905,7133350
2023-01-02,Norte,Vestuario,111,58237,6464307
2023-12-13,Centro,Hogar,125,87478,10934750
2024-01-03,Sur,Vestuario,142,44959,6384178
2025-12-20,Norte,Vestuario,137,52974,7257438
2025-02-28,Norte,Electrodomesticos,5,157642,788210
2024-01-19,Norte,Tecnologia,88,169602,14924976
2024-09-07,Sur,Electrodomesticos,23,156143,3591289
2025-12-12,Centro,Deportes,111,69638,7729818
2023-04-26,Sur,Vestuario,172,37106,6382232
2023-03-18,Norte,Tecnologia,83,161957,13442431
2023-01-04,Centro,Deportes,99,53206,5267394
2025-04-29,Norte,Deportes,87,69757,6068859
2023-07-24,Centro,Electrodomesticos,60,177750,10665000
2023-01-26,Sur,Deportes,84,84032,7058688
2025-11-18,Norte,Tecnologia,71,209832,14898072
2024-07-15,Centro,Vestuario,205,41233,8452765
2025-08-10,Sur,Hogar,58,84577,4905466
2023-05-21,Norte,Hogar,78,94238,7350564
2024-07-16,Norte,Electrodomesticos,50,179265,8963250
2024-11-29,Sur,Electrodomesticos,51,140496,7165296
2023-05-25,Sur,Tecnologia,131,190472,24951832
2024-04-14,Centro,Deportes,85,70889,6025565
2023-06-30,Sur,Vestuario,128,50857,6509696
2023-06-04,Norte,Electrodomesticos,36,110222,3967992
2024-06-19,Norte,Deportes,70,69173,4842110
2025-01-05,Sur,Deportes,110,71665,7883150
2023-07-15,Centro,Tecnologia,146,177918,25976028
2024-05-22,Norte,Deportes,56,79464,4449984
2023-05-25,Norte,Electrodomesticos,44,112857,4965708
2024-11-29,Sur,Tecnologia,130,168818,21946340
2024-06-08,Centro,Vestuario,204,45611,9304644
2023-11-06,Centro,Tecnologia,189,179362,33899418
2023-03-19,Norte,Vestuario,119,47417,5642623
2023-12-12,Sur,Deportes,61,67865,4139765
2025-10-22,Sur,Vestuario,152,45760,6955520
2025-12-13,Norte,Deportes,101,64206,6484806
2023-11-21,Norte,Tecnologia,126,167240,21072240
2025-05-23,Sur,Tecnologia,81,165162,13378122
2025-01-11,Sur,Deportes,88,59387,5226056
2025-10-08,Sur,Electrodomesticos,62,147044,9116728
2024-10-29,Centro,Tecnologia,177,166312,29437224
2023-04-04,Norte,Deportes,64,55753,3568192
2023-07-19,Sur,Tecnologia,100,109289,10928900
2024-08-03,Norte,Hogar,62,80859,5013258
2025-08-29,Sur,Deportes,86,54273,4667478
2024-02-21,Sur,Vestuario,150,44452,6667800
2025-09-10,Norte,Tecnologia,106,159962,16955972
2023-02-04,Sur,Deportes,51,72256,3685056
2023-06-25,Sur,Deportes,66,75761,5000226
2024-05-14,Norte,Deportes,68,74112,5039616
2024-12-03,Centro,Deportes,108,65039,7024212
2025-02-09,Centro,Electrodomesticos,51,116280,5930280
2025-06-16,Centro,Hogar,85,114009,9690765
2025-04-25,Norte,Electrodomesticos,69,194641,13430229
2025-05-24,Sur,Hogar,83,93518,7761994
2025-01-11,Sur,Tecnologia,122,159708,19484376
2025-04-16,Centro,Electrodomesticos,47,148810,6994070
2024-03-15,Centro,Vestuario,196,52388,10268048
2025-01-23,Centro,Deportes,90,72018,6481620
2025-10-01,Sur,Deportes,55,67132,3692260
2024-12-16,Sur,Hogar,99,87454,8657946
2025-04-06,Norte,Hogar,85,88508,7523180
2025-11-15,Sur,Electrodomesticos,56,169232,9476992
2023-05-03,Sur,Tecnologia,114,208842,23807988
2025-09-21,Norte,Electrodomesticos,68,147086,10001848
2024-05-06,Norte,Vestuario,94,42905,4033070
2025-02-24,Centro,Vestuario,142,47390,6729380
2024-02-08,Norte,Hogar,71,92744,6584824
2025-08-27,Centro,Electrodomesticos,71,119690,8497990
2025-08-01,Norte,Deportes,41,67381,2762621
2024-10-29,Sur,Hogar,76,93738,7124088
2024-10-20,Norte,Tecnologia,85,162573,13818705
2025-02-05,Sur,Tecnologia,129,144218,18604122
2023-01-01,Norte,Deportes,71,65736,4667256
2023-07-02,Sur,Deportes,97,61337,5949689
2024-09-02,Norte,Electrodomesticos,99,208151,20606949
2023-12-23,Norte,Vestuario,139,49947,6942633
2025-06-03,Norte,Electrodomesticos,59,138277,8158343
2025-04-10,Norte,Vestuario,114,49032,5589648
2025-07-19,Sur,Deportes,76,55010,4180760
2023-11-29,Sur,Tecnologia,142,195775,27800050
2024-12-11,Centro,Tecnologia,168,158899,26695032
2023-11-27,Sur,Tecnologia,106,217053,23007618
2025-02-24,Sur,Vestuario,161,43766,7046326
2024-02-12,Norte,Tecnologia,108,214163,23129604
2024-08-28,Centro,Tecnologia,148,197280,29197440
2024-09-15,Sur,Tecnologia,106,155976,16533456
2024-06-20,Centro,Tecnologia,124,195960,24299040
2023-04-15,Norte,Vestuario,116,48998,5683768
2024-11-29,Sur,Electrodomesticos,83,114631,9514373
2025-02-13,Norte,Hogar,68,86949,5912532
2024-05-27,Sur,Electrodomesticos,64,186936,11963904
2023-05-08,Norte,Deportes,67,69841,4679347
2024-05-26,Centro,Vestuario,195,44405,8658975
2024-03-20,Norte,Hogar,105,106026,11132730
2025-05-04,Centro,Deportes,113,69601,7864913
2024-09-01,Sur,Hogar,85,89532,7610220
2024-03-03,Centro,Deportes,73,72124,5265052
2025-01-19,Centro,Electrodomesticos,86,184324,15851864
2024-05-17,Norte,Deportes,101,56077,5663777
2024-06-25,Sur,Tecnologia,126,207625,26160750
2025-09-03,Sur,Vestuario,141,41763,5888583
2025-09-21,Sur,Tecnologia,150,151862,22779300
2025-08-06,Norte,Tecnologia,85,186049,15814165
2024-10-09,Centro,Hogar,98,86528,8479744
2024-11-24,Norte,Vestuario,106,45832,4858192
2024-07-12,Norte,Tecnologia,118,145838,17208884
2024-03-30,Centro,Vestuario,188,47785,8983580
2024-11-21,Centro,Tecnologia,158,231582,36589956
2023-11-28,Norte,Vestuario,124,54058,6703192
2023-09-14,Centro,Vestuario,204,56573,11540892
2023-06-01,Norte,Deportes,37,62453,2310761
2023-04-18,Centro,Hogar,113,99508,11244404
2025-08-09,Centro,Vestuario,180,52224,9400320
2023-11-11,Centro,Tecnologia,158,199709,31554022
2024-03-05,Sur,Hogar,76,92245,7010620
2024-12-28,Sur,Deportes,105,71168,7472640
2024-10-06,Centro,Electrodomesticos,48,171881,8250288
2024-03-08,Centro,Vestuario,174,46134,8027316
2023-11-12,Sur,Deportes,77,54521,4198117
2023-09-30,Sur,Hogar,88,97412,8572256
2025-03-27,Centro,Deportes,95,65159,6190105
2023-09-14,Centro,Vestuario,179,52889,9467131
2025-12-08,Sur,Hogar,127,105560,13406120
2024-08-07,Sur,Electrodomesticos,42,178065,7478730
2023-04-28,Norte,Vestuario,99,50172,4967028
2023-10-19,Norte,Deportes,44,71298,3137112
2025-01-25,Norte,Tecnologia,86,149738,12877468
2025-12-06,Sur,Tecnologia,118,189546,22366428
2023-02-07,Norte,Vestuario,113,52291,5908883
2024-05-26,Centro,Tecnologia,98,183348,17968104
2023-11-23,Centro,Vestuario,226,33915,7664790
2024-03-04,Centro,Deportes,61,62386,3805546
2023-05-04,Centro,Electrodomesticos,69,148054,10215726
2023-03-31,Norte,Hogar,82,100747,8261254
2023-11-25,Centro,Electrodomesticos,46,173735,7991810
2025-06-30,Norte,Deportes,81,65273,5287113
2023-06-22,Sur,Tecnologia,117,134897,15782949
2023-04-30,Norte,Tecnologia,109,207337,22599733
2023-03-30,Norte,Vestuario,115,44463,5113245
2024-02-18,Centro,Deportes,91,60616,5516056
2024-02-14,Centro,Electrodomesticos,90,131080,11797200
2024-01-18,Centro,Electrodomesticos,36,187512,6750432
2023-11-05,Centro,Hogar,99,88343,8745957
2025-07-14,Norte,Hogar,82,87687,7190334
2025-02-28,Norte,Hogar,61,113178,6903858
2023-02-28,Centro,Hogar,111,110186,12230646
2023-12-09,Norte,Tecnologia,85,210490,17891650
2024-02-11,Norte,Hogar,73,90337,6594601
2025-05-10,Norte,Hogar,52,92330,4801160
2025-07-07,Norte,Vestuario,133,45925,6108025
2025-12-22,Centro,Electrodomesticos,115,162633,18702795
2025-09-12,Sur,Tecnologia,115,197329,22692835
2023-06-17,Centro,Deportes,56,64023,3585288
2023-03-15,Norte,Vestuario,118,46177,5448886
2023-06-23,Centro,Electrodomesticos,87,195556,17013372
2024-06-01,Norte,Vestuario,137,42927,5880999
2023-01-28,Norte,Deportes,52,52105,2709460
2023-05-18,Centro,Tecnologia,126,192026,24195276
2024-12-22,Centro,Electrodomesticos,65,156962,10202530
2025-07-24,Norte,Tecnologia,89,183746,16353394
2025-03-05,Sur,Tecnologia,109,150456,16399704
2023-11-05,Centro,Tecnologia,175,172287,30150225
2023-05-13,Centro,Deportes,114,51648,5887872
2025-02-07,Centro,Tecnologia,159,156137,24825783
2025-06-09,Centro,Electrodomesticos,77,140355,10807335
2025-08-07,Centro,Deportes,113,59295,6700335
2023-11-23,Sur,Vestuario,134,52297,7007798
2024-01-27,Sur,Vestuario,137,40121,5496577
2023-02-15,Sur,Electrodomesticos,78,159017,12403326
2023-04-17,Sur,Deportes,73,58845,4295685
2023-08-29,Centro,Tecnologia,129,167371,21590859
2023-01-04,Norte,Hogar,53,94450,5005850
2025-12-10,Norte,Vestuario,141,42329,5968389
2025-09-27,Sur,Tecnologia,91,189619,17255329
2024-05-13,Sur,Electrodomesticos,50,124112,6205600
2024-10-26,Norte,Electrodomesticos,48,154868,7433664
2024-07-24,Sur,Electrodomesticos,63,174392,10986696
2025-12-16,Sur,Electrodomesticos,61,143155,8732455
2023-11-10,Norte,Deportes,53,54591,2893323
2024-08-25,Centro,Tecnologia,109,235140,25630260
2023-04-08,Sur,Vestuario,165,43429,7165785
2024-03-29,Norte,Vestuario,129,40642,5242818
2024-01-08,Centro,Hogar,111,66767,7411137
2024-02-23,Norte,Electrodomesticos,48,181394,8706912
2024-06-26,Norte,Tecnologia,84,162329,13635636
2024-04-06,Centro,Tecnologia,135,210028,28353780
2023-10-25,Norte,Electrodomesticos,48,129946,6237408
2024-08-19,Centro,Deportes,92,66377,6106684
2023-07-08,Centro,Tecnologia,174,129297,22497678
2024-10-21,Sur,Tecnologia,99,199079,19708821
2025-01-10,Centro,Vestuario,133,42602,5666066
2023-11-17,Norte,Electrodomesticos,37,196262,7261694
2023-07-02,Sur,Deportes,130,52663,6846190
2024-11-29,Norte,Vestuario,135,43719,5902065
2023-03-12,Norte,Deportes,41,74104,3038264
2025-03-24,Sur,Hogar,72,78340,5640480
2023-02-20,Centro,Tecnologia,102,152720,15577440
2024-03-21,Norte,Vestuario,128,37783,4836224
2025-07-18,Centro,Vestuario,215,53397,11480355
2023-09-06,Centro,Hogar,154,99866,15379364
2024-11-01,Norte,Deportes,86,60863,5234218
2025-06-26,Norte,Tecnologia,68,190004,12920272
2024-04-10,Norte,Electrodomesticos,64,111219,7118016
2023-02-13,Sur,Tecnologia,110,208016,22881760
2023-06-14,Centro,Electrodomesticos,70,127621,8933470
2023-08-25,Centro,Electrodomesticos,37,149483,5530871
2023-09-17,Centro,Vestuario,190,56052,10649880
2024-10-08,Norte,Electrodomesticos,60,183401,11004060
2024-10-03,Sur,Hogar,74,77211,5713614
2024-02-07,Norte,Deportes,64,62117,3975488
2024-05-06,Centro,Tecnologia,153,203316,31107348
2023-01-28,Sur,Electrodomesticos,65,146096,9496240
2025-06-29,Norte,Electrodomesticos,39,159917,6236763
2025-04-01,Centro,Deportes,81,81568,6607008
2024-12-03,Norte,Tecnologia,146,177090,25855140
2023-03-06,Norte,Tecnologia,101,137559,13893459
2024-05-13,Sur,Vestuario,138,46533,6421554
2025-12-11,Centro,Vestuario,181,50663,9170003
2025-02-20,Centro,Deportes,113,81595,9220235
2023-12-07,Centro,Deportes,123,58262,7166226
2023-02-19,Norte,Vestuario,99,51272,5075928
2024-12-19,Norte,Tecnologia,89,181586,16161154
2024-06-29,Sur,Deportes,61,59861,3651521
2025-11-19,Centro,Tecnologia,192,199368,38278656
2024-02-25,Centro,Tecnologia,169,198706,33581314
2023-04-23,Centro,Tecnologia,126,187683,23648058
2025-05-21,Norte,Electrodomesticos,46,137935,6345010
2025-04-18,Centro,Electrodomesticos,68,138482,9416776
2025-06-12,Sur,Electrodomesticos,41,143130,5868330
2025-02-22,Centro,Deportes,105,58468,6139140
2024-06-03,Norte,Deportes,96,71402,6854592
2025-12-08,Centro,Tecnologia,175,207890,36380750
2024-01-01,Centro,Electrodomesticos,77,124833,9612141
2024-02-05,Sur,Hogar,67,99421,6661207
2025-10-06,Sur,Tecnologia,90,165940,14934600
2025-12-16,Sur,Electrodomesticos,69,172959,11934171
2025-09-06,Centro,Vestuario,212,49000,10388000
2024-04-25,Norte,Electrodomesticos,74,198131,14661694
2024-11-29,Sur,Deportes,86,92617,7965062
2024-04-30,Sur,Vestuario,88,41365,3640120
2023-12-12,Sur,Electrodomesticos,64,199985,12799040
2023-05-07,Centro,Vestuario,206,41507,8550442
2025-07-14,Norte,Tecnologia,122,147640,18012080
2024-12-21,Norte,Vestuario,114,43863,5000382
2024-03-02,Sur,Tecnologia,129,203192,26211768
2023-04-17,Centro,Electrodomesticos,64,157593,10085952
2025-06-26,Centro,Electrodomesticos,125,172217,21527125
2023-07-27,Norte,Electrodomesticos,65,123091,8000915
2024-07-19,Sur,Hogar,86,86065,7401590
2025-01-30,Sur,Tecnologia,123,154108,18955284
2024-01-10,Sur,Hogar,75,87400,6555000
2023-01-24,Norte,Hogar,45,80165,3607425
2025-10-12,Sur,Deportes,72,58486,4210992
2023-06-17,Norte,Tecnologia,92,188869,17375948
2024-08-11,Norte,Deportes,73,62792,4583816
2023-05-17,Sur,Vestuario,132,40969,5407908
2023-01-26,Sur,Electrodomesticos,54,136206,7355124
2023-06-05,Centro,Hogar,102,90429,9223758
2025-11-05,Centro,Deportes,103,57686,5941658
2024-02-12,Centro,Vestuario,196,47931,9394476
2023-08-18,Sur,Vestuario,143,40292,5761756
2024-02-10,Sur,Hogar,75,92112,6908400
2025-12-14,Norte,Hogar,86,81076,6972536
2025-04-15,Norte,Vestuario,114,41059,4680726
2025-06-04,Norte,Vestuario,114,41084,4683576
2023-01-08,Norte,Hogar,90,90621,8155890
2024-01-22,Norte,Tecnologia,121,172842,20913882
2025-08-03,Centro,Vestuario,164,41599,6822236
2025-01-03,Centro,Electrodomesticos,54,203663,10997802
2025-02-11,Sur,Electrodomesticos,40,175240,7009600
2024-07-24,Sur,Vestuario,112,38924,4359488
2025-03-24,Centro,Vestuario,209,39150,8182350
2024-05-11,Centro,Hogar,92,93701,8620492
2025-03-25,Sur,Deportes,121,73896,8941416
2023-10-29,Sur,Electrodomesticos,94,156718,14731492
2025-06-04,Centro,Vestuario,187,39768,7436616
2023-07-30,Sur,Tecnologia,110,182863,20114930
2025-10-23,Sur,Tecnologia,108,165974,17925192
2024-11-30,Centro,Electrodomesticos,85,154281,13113885
2025-01-16,Centro,Tecnologia,163,122396,19950548
2025-01-14,Sur,Hogar,87,81760,7113120
2023-08-17,Norte,Deportes,78,76108,5936424
2024-11-20,Centro,Electrodomesticos,54,144733,7815582
2023-11-13,Sur,Vestuario,168,49700,8349600
2025-01-10,Centro,Tecnologia,160,165071,26411360
2025-03-07,Norte,Tecnologia,111,157410,17472510
2025-04-19,Sur,Electrodomesticos,46,184858,8503468
2025-11-05,Norte,Tecnologia,109,152601,16633509
2024-03-13,Norte,Deportes,49,75440,3696560
2024-06-15,Norte,Electrodomesticos,39,131853,5142267
2023-07-08,Sur,Vestuario,167,44108,7366036
2025-11-30,Centro,Hogar,131,103686,13582866
2023-06-18,Sur,Vestuario,100,44053,4405300
2025-12-07,Norte,Vestuario,115,26415,3037725
2024-01-20,Centro,Vestuario,162,53061,8595882
2023-10-22,Centro,Electrodomesticos,47,204493,9611171
2024-12-19,Sur,Electrodomesticos,35,157748,5521180
2023-01-19,Norte,Vestuario,141,52127,7349907
2024-10-10,Norte,Vestuario,138,41048,5664624
2024-08-31,Norte,Tecnologia,68,181285,12327380
2023-01-28,Sur,Vestuario,136,33372,4538592
2024-10-12,Sur,Vestuario,160,34424,5507840
2025-07-07,Norte,Electrodomesticos,42,134138,5633796
2025-10-04,Norte,Electrodomesticos,83,153288,12722904
2024-11-29,Norte,Electrodomesticos,113,157550,17803150
2023-06-16,Sur,Hogar,94,94549,8887606
2024-06-30,Sur,Vestuario,136,32657,4441352
2024-05-31,Norte,Deportes,69,57714,3982266
2024-04-19,Centro,Tecnologia,155,178833,27719115
2024-08-18,Norte,Hogar,87,97685,8498595
2023-10-10,Norte,Electrodomesticos,57,194618,11093226
2023-01-22,Norte,Vestuario,116,49267,5714972
2024-06-19,Norte,Electrodomesticos,50,170204,8510200
2025-05-01,Sur,Deportes,80,61655,4932400
2024-05-22,Centro,Electrodomesticos,98,109781,10758538
2024-06-10,Centro,Hogar,127,127699,16217773
2023-07-19,Norte,Tecnologia,98,208808,20463184
2024-12-15,Norte,Deportes,65,59778,3885570
2024-05-20,Norte,Deportes,54,63409,3424086
2025-04-03,Norte,Tecnologia,80,223930,17914400
2025-04-17,Norte,Hogar,63,84095,5297985
2025-10-16,Sur,Electrodomesticos,67,140378,9405326
2025-07-30,Sur,Electrodomesticos,65,143072,9299680
2025-07-19,Centro,Deportes,149,81564,12153036
2024-09-03,Sur,Vestuario,161,36576,5888736
2023-09-23,Norte,Deportes,69,49288,3400872
2023-04-05,Sur,Vestuario,122,46067,5620174
2025-01-01,Norte,Electrodomesticos,44,114441,5035404
2025-03-20,Norte,Tecnologia,118,146568,17295024
2025-06-28,Norte,Deportes,88,73639,6480232
2025-04-11,Sur,Electrodomesticos,50,141644,7082200
2024-12-14,Sur,Deportes,53,72431,3838843
2025-03-17,Norte,Deportes,70,66219,4635330
2024-11-15,Norte,Hogar,85,86104,7318840
2024-11-16,Centro,Vestuario,202,53969,10901738
2023-05-01,Centro,Deportes,92,68009,6256828
2023-08-07,Sur,Vestuario,121,47820,5786220
2023-07-09,Sur,Deportes,64,61644,3945216
2025-11-26,Centro,Deportes,103,62937,6482511
2025-08-22,Norte,Electrodomesticos,65,181005,11765325
2024-08-02,Sur,Deportes,71,74982,5323722
2023-03-14,Sur,Vestuario,136,46473,6320328
2025-11-10,Sur,Tecnologia,124,178458,22128792
2024-09-15,Sur,Tecnologia,107,171288,18327816
2025-03-15,Sur,Electrodomesticos,78,165381,12899718
2023-04-14,Norte,Electrodomesticos,62,159736,9903632
2025-08-02,Sur,Hogar,96,83973,8061408
2023-05-27,Centro,Deportes,108,76390,8250120
2023-07-31,Centro,Hogar,141,125474,17691834
2025-01-25,Sur,Deportes,78,75389,5880342
2025-07-29,Norte,Deportes,57,56538,3222666
2023-04-26,Norte,Hogar,64,107060,6851840
2025-01-24,Sur,Tecnologia,116,184323,21381468
2023-01-15,Centro,Hogar,81,101592,8228952
2023-01-23,Sur,Deportes,62,70175,4350850
2025-08-04,Centro,Vestuario,164,52647,8634108
2024-04-12,Sur,Vestuario,138,38930,5372340
2024-12-12,Norte,Tecnologia,98,180903,17728494
2024-10-30,Norte,Deportes,59,59983,3538997
2025-04-29,Norte,Tecnologia,107,184368,19727376
2025-02-22,Centro,Tecnologia,137,161039,22062343
2024-01-23,Centro,Vestuario,200,37396,7479200
2024-11-16,Norte,Electrodomesticos,49,168897,8275953
2023-04-21,Norte,Tecnologia,91,180392,16415672
2024-09-13,Sur,Electrodomesticos,67,131358,8800986
2024-09-10,Norte,Deportes,85,53678,4562630
2023-10-09,Centro,Deportes,84,72600,6098400
2025-05-18,Centro,Tecnologia,126,215053,27096678
2023-07-18,Norte,Hogar,74,109449,8099226
2025-07-16,Norte,Tecnologia,77,194120,14947240
2023-08-12,Centro,Deportes,171,65500,11200500
2023-05-09,Norte,Tecnologia,90,131344,11820960
2023-12-08,Centro,Tecnologia,199,190275,37864725
2023-11-12,Sur,Deportes,99,59991,5939109
2024-08-08,Norte,Tecnologia,117,171941,20117097
2023-07-28,Sur,Tecnologia,88,118673,10443224
2024-03-22,Sur,Tecnologia,123,186735,22968405
2023-11-15,Centro,Hogar,140,116951,16373140
2023-12-02,Sur,Hogar,86,79058,6798988
2023-03-01,Sur,Tecnologia,111,153676,17058036
2023-01-18,Centro,Deportes,75,67726,5079450
2025-01-17,Norte,Electrodomesticos,36,161767,5823612
2024-01-09,Sur,Electrodomesticos,76,197627,15019652
2025-06-29,Centro,Deportes,93,76768,7139424
2025-03-30,Norte,Tecnologia,70,213045,14913150
2024-06-10,Norte,Vestuario,102,47707,4866114
2024-12-02,Norte,Hogar,92,104896,9650432
2024-09-27,Sur,Vestuario,182,47610,8665020
2024-11-22,Sur,Vestuario,142,35349,5019558
2024-01-21,Centro,Vestuario,158,39165,6188070
2025-05-05,Norte,Deportes,56,58887,3297672
2023-04-23,Norte,Deportes,90,50269,4524210
2023-10-31,Centro,Tecnologia,197,209835,41337495
2025-06-04,Norte,Electrodomesticos,58,179604,10417032
2024-06-21,Sur,Tecnologia,119,170102,20242138
2025-09-25,Centro,Electrodomesticos,67,188783,12648461
2024-10-22,Sur,Tecnologia,126,190363,23985738
2024-03-30,Norte,Tecnologia,99,221081,21887019
2024-06-29,Sur,Electrodomesticos,65,162345,10552425
2023-06-25,Sur,Hogar,91,82253,7485023
2025-04-16,Sur,Deportes,70,64080,4485600
2023-09-13,Sur,Vestuario,149,36489,5436861
2024-03-04,Sur,Tecnologia,135,159210,21493350
2023-03-13,Centro,Deportes,49,53098,2601802
2023-12-24,Centro,Deportes,130,56113,7294690
2024-05-05,Centro,Hogar,128,94804,12134912
2024-11-23,Sur,Vestuario,149,32158,4791542
2024-09-03,Centro,Deportes,60,60069,3604140
2023-06-10,Norte,Hogar,81,88116,7137396
2024-04-29,Centro,Deportes,113,57278,6472414
2023-05-09,Centro,Electrodomesticos,75,148673,11150475
2023-02-21,Norte,Deportes,46,53132,2444072
2023-01-03,Centro,Electrodomesticos,88,156850,13802800
2025-07-09,Norte,Vestuario,120,44658,5358960
2023-08-16,Norte,Vestuario,117,37677,4408209
2024-10-09,Sur,Hogar,139,80803,11231617
2025-01-11,Centro,Electrodomesticos,108,167453,18084924
2023-05-21,Norte,Electrodomesticos,69,163843,11305167
2023-02-04,Norte,Electrodomesticos,18,158634,2855412
2025-02-26,Norte,Hogar,69,102354,7062426
2024-05-08,Norte,Hogar,58,75198,4361484
2025-12-24,Centro,Electrodomesticos,70,177678,12437460
2024-11-20,Norte,Deportes,67,72416,4851872
2024-06-16,Centro,Tecnologia,178,143772,25591416
2023-01-22,Norte,Deportes,40,63195,2527800
2025-03-29,Centro,Electrodomesticos,74,154717,11449058
2025-10-15,Centro,Vestuario,185,44570,8245450
2025-10-09,Centro,Deportes,78,71746,5596188
2023-03-11,Centro,Electrodomesticos,66,173365,11442090
2023-05-20,Centro,Vestuario,157,54219,8512383
2023-04-18,Centro,Tecnologia,146,181208,26456368
2024-04-26,Norte,Tecnologia,87,132190,11500530
2025-12-08,Sur,Vestuario,177,35780,6333060
2025-11-30,Norte,Hogar,53,108636,5757708
2025-02-03,Norte,Vestuario,112,36939,4137168
2023-07-22,Centro,Deportes,81,57640,4668840
2023-04-29,Norte,Deportes,60,67568,4054080
2023-01-16,Sur,Electrodomesticos,81,182387,14773347
2025-04-13,Norte,Deportes,62,52784,3272608
2023-02-23,Norte,Tecnologia,103,196528,20242384
2025-09-17,Centro,Tecnologia,132,207322,27366504
2024-04-17,Norte,Tecnologia,73,155174,11327702
2023-05-11,Sur,Tecnologia,108,171273,18497484
2024-05-22,Centro,Tecnologia,125,186378,23297250
2023-04-16,Sur,Hogar,74,106088,7850512
2024-06-25,Sur,Hogar,108,100734,10879272
2025-10-21,Norte,Deportes,77,63402,4881954
2025-10-05,Centro,Electrodomesticos,91,163490,14877590
2023-10-19,Sur,Electrodomesticos,86,171421,14742206
2023-08-05,Sur,Hogar,82,96947,7949654
2023-03-31,Norte,Deportes,86,60275,5183650
2023-07-30,Centro,Tecnologia,130,146067,18988710
2023-06-15,Sur,Electrodomesticos,51,117319,5983269
2023-11-03,Norte,Hogar,95,95832,9104040
2023-06-04,Norte,Vestuario,108,45551,4919508
2025-09-25,Sur,Vestuario,164,45127,7400828
2023-08-08,Sur,Vestuario,187,55334,10347458
2023-06-23,Centro,Tecnologia,149,167649,24979701
2025-09-22,Sur,Tecnologia,119,233707,27811133
2023-07-01,Sur,Tecnologia,98,221091,21666918
2025-12-08,Norte,Vestuario,130,46185,6004050
2023-04-22,Norte,Tecnologia,118,201829,23815822
2024-12-18,Sur,Deportes,86,78114,6717804
2025-01-16,Sur,Vestuario,123,54508,6704484
2025-06-03,Norte,Tecnologia,119,187423,22303337
2023-01-12,Norte,Tecnologia,83,162658,13500614
2023-06-19,Centro,Vestuario,158,36347,5742826
2025-06-19,Norte,Electrodomesticos,57,192222,10956654
2025-05-22,Sur,Deportes,65,67381,4379765
2025-07-07,Centro,Hogar,117,93868,10982556
2025-06-01,Centro,Electrodomesticos,102,193142,19700484
2025-11-24,Sur,Hogar,94,88418,8311292
2024-06-18,Norte,Tecnologia,117,180847,21159099
2023-07-31,Sur,Hogar,85,83873,7129205
2024-08-25,Sur,Tecnologia,109,149837,16332233
2023-10-09,Centro,Electrodomesticos,81,170550,13814550
2025-01-17,Centro,Deportes,113,47388,5354844
2025-03-12,Norte,Tecnologia,69,164934,11380446
2023-02-06,Sur,Electrodomesticos,43,161312,6936416
2024-09-13,Centro,Electrodomesticos,78,189462,14778036
2023-03-19,Centro,Hogar,147,95382,14021154
2024-06-26,Centro,Vestuario,174,48951,8517474
2025-02-01,Sur,Vestuario,105,41417,4348785
2025-12-30,Sur,Vestuario,149,35834,5339266
2025-03-15,Centro,Hogar,128,94383,12081024
2025-09-26,Centro,Electrodomesticos,63,164695,10375785
2023-08-11,Sur,Vestuario,154,38473,5924842
2025-03-04,Sur,Deportes,59,72053,4251127
2023-02-06,Centro,Electrodomesticos,58,174356,10112648
2023-10-23,Centro,Vestuario,144,44188,6363072
2024-01-15,Centro,Vestuario,176,44229,7784304
2025-09-20,Norte,Vestuario,138,43834,6049092
2023-02-19,Norte,Electrodomesticos,52,130128,6766656
2024-09-24,Norte,Tecnologia,93,153338,14260434
2023-10-06,Norte,Hogar,82,105869,8681258
2023-01-18,Centro,Electrodomesticos,87,202377,17606799
2024-01-04,Sur,Electrodomesticos,64,151841,9717824
2025-08-12,Centro,Vestuario,193,43907,8474051
2023-07-08,Norte,Deportes,50,77344,3867200
2025-08-15,Sur,Deportes,78,60908,4750824
2024-01-08,Centro,Hogar,85,123502,10497670
2024-03-02,Norte,Deportes,80,65497,5239760
2023-07-11,Sur,Tecnologia,107,186662,19972834
2025-09-16,Sur,Electrodomesticos,24,157026,3768624
2024-04-30,Centro,Hogar,127,80439,10215753
2023-06-20,Sur,Deportes,40,54441,2177640
2024-06-16,Sur,Tecnologia,105,203942,21413910
2023-11-22,Norte,Electrodomesticos,51,188693,9623343
2024-08-09,Norte,Deportes,83,63196,5245268
2025-07-29,Centro,Electrodomesticos,114,194919,22220766
2025-04-23,Norte,Electrodomesticos,30,161032,4830960
2025-02-02,Norte,Hogar,92,89241,8210172
2023-02-06,Centro,Vestuario,216,36727,7933032
2024-05-09,Sur,Deportes,79,63957,5052603
2024-06-28,Centro,Vestuario,175,45721,8001175
2025-10-28,Norte,Deportes,62,65413,4055606
2023-03-03,Norte,Hogar,82,85385,7001570
2025-01-03,Sur,Tecnologia,108,154066,16639128
2023-11-03,Centro,Deportes,122,71941,8776802
2023-11-07,Norte,Vestuario,132,40224,5309568
2023-02-09,Norte,Tecnologia,94,219831,20664114
2024-01-11,Norte,Vestuario,128,35884,4593152
2023-08-19,Norte,Deportes,77,83938,6463226
2023-05-21,Norte,Hogar,85,101969,8667365
2023-05-15,Centro,Hogar,132,99940,13192080
2023-10-27,Sur,Electrodomesticos,42,151667,6370014
2023-12-14,Sur,Tecnologia,128,151336,19371008
2024-08-27,Norte,Electrodomesticos,41,169645,6955445
2023-08-31,Norte,Hogar,84,101488,8524992
2023-05-02,Sur,Deportes,61,52706,3215066
2024-09-12,Norte,Vestuario,111,45474,5047614
2023-01-18,Centro,Vestuario,209,32809,6857081
2023-02-03,Centro,Deportes,93,56396,5244828
2023-10-11,Centro,Electrodomesticos,75,167306,12547950
2023-05-07,Sur,Deportes,104,51668,5373472
2025-12-20,Norte,Deportes,75,52212,3915900
2023-12-31,Centro,Hogar,165,108297,17869005
2023-01-02,Norte,Electrodomesticos,44,158025,6953100
2025-12-02,Sur,Deportes,95,66188,6287860
2025-08-26,Norte,Tecnologia,108,183249,19790892
2025-11-10,Centro,Electrodomesticos,95,117010,11115950
2023-01-19,Centro,Tecnologia,129,139639,18013431
2024-07-30,Sur,Deportes,67,74124,4966308
2024-01-17,Norte,Deportes,63,63179,3980277
2024-11-19,Centro,Hogar,94,111199,10452706
2024-06-02,Centro,Vestuario,188,35782,6727016
2024-01-02,Centro,Electrodomesticos,59,147386,8695774
2023-03-28,Centro,Vestuario,193,46116,8900388
2023-05-21,Sur,Deportes,78,56125,4377750
2025-10-01,Sur,Hogar,82,93941,7703162
2023-04-28,Sur,Deportes,72,51647,3718584
2023-04-17,Sur,Electrodomesticos,34,133262,4530908
2025-01-07,Norte,Vestuario,115,48011,5521265
2024-04-10,Sur,Tecnologia,109,170886,18626574
2024-07-06,Norte,Tecnologia,80,181162,14492960
2024-06-22,Centro,Vestuario,188,43377,8154876
2023-09-14,Sur,Vestuario,150,53714,8057100
2025-12-22,Centro,Tecnologia,177,170190,30123630
2024-07-11,Sur,Electrodomesticos,27,132153,3568131
2024-11-26,Centro,Electrodomesticos,69,177541,12250329
2024-02-01,Sur,Hogar,79,128286,10134594
2024-01-06,Centro,Vestuario,177,45392,8034384
2023-12-22,Norte,Vestuario,159,65770,10457430
2024-11-26,Sur,Electrodomesticos,78,158309,12348102
2025-05-14,Centro,Hogar,107,133595,14294665
2025-10-30,Sur,Vestuario,148,40974,6064152
2024-12-28,Sur,Tecnologia,159,154017,24488703
2024-09-24,Centro,Electrodomesticos,96,132491,12719136
2024-08-01,Sur,Vestuario,114,52111,5940654
2025-05-03,Centro,Electrodomesticos,85,135561,11522685
2023-03-03,Norte,Deportes,75,88297,6622275
2024-09-06,Sur,Vestuario,123,50394,6198462
2023-09-03,Norte,Hogar,53,75469,3999857
2024-11-08,Sur,Electrodomesticos,57,134561,7669977
2025-05-12,Sur,Deportes,95,66539,6321205
2023-11-02,Centro,Deportes,155,76713,11890515
2023-10-06,Centro,Deportes,69,50514,3485466
2025-06-09,Sur,Hogar,75,108661,8149575
2024-09-10,Centro,Tecnologia,144,206932,29798208
2024-07-01,Norte,Deportes,70,75231,5266170
2023-06-21,Sur,Tecnologia,139,158981,22098359
2024-09-03,Norte,Tecnologia,106,177847,18851782
2024-02-03,Sur,Hogar,85,100238,8520230
2025-06-19,Norte,Electrodomesticos,43,146921,6317603
2024-12-03,Sur,Electrodomesticos,58,157390,9128620
2024-11-12,Centro,Hogar,114,108873,12411522
2024-02-28,Norte,Vestuario,125,60006,7500750
2023-12-24,Sur,Tecnologia,137,147417,20196129
2025-01-25,Sur,Deportes,95,74410,7068950
2023-03-25,Sur,Vestuario,124,50902,6311848
2025-07-24,Centro,Deportes,106,71896,7620976
2025-07-23,Centro,Deportes,72,52423,3774456
2024-12-02,Sur,Deportes,79,76638,6054402
2024-09-02,Sur,Vestuario,145,52464,7607280
2023-02-17,Centro,Hogar,129,66268,8548572
2024-10-24,Sur,Deportes,75,74002,5550150
2024-05-31,Sur,Vestuario,116,40590,4708440
2025-05-07,Sur,Tecnologia,127,211785,26896695
2024-05-17,Centro,Tecnologia,134,203275,27238850
2024-10-20,Sur,Electrodomesticos,72,132834,9564048
2025-09-07,Norte,Electrodomesticos,14,141777,1984878
2023-10-04,Sur,Vestuario,147,45400,6673800
2023-09-22,Norte,Hogar,77,82975,6389075
2024-12-27,Centro,Tecnologia,185,182676,33795060
2023-03-15,Centro,Vestuario,163,36627,5970201
2025-03-16,Sur,Hogar,112,123106,13787872
2023-12-09,Norte,Vestuario,134,34290,4594860
2024-12-10,Centro,Tecnologia,213,190949,40672137
2023-12-31,Norte,Deportes,99,65019,6436881
2024-11-07,Sur,Electrodomesticos,50,124536,6226800
2025-10-16,Centro,Electrodomesticos,85,172655,14675675
2023-04-26,Norte,Vestuario,111,44884,4982124
2024-07-21,Norte,Electrodomesticos,40,153813,6152520
2023-06-23,Norte,Deportes,77,44577,3432429
2023-03-16,Sur,Electrodomesticos,43,171526,7375618
2023-05-31,Sur,Hogar,126,101524,12792024
2024-08-26,Sur,Vestuario,159,57474,9138366
2024-05-26,Norte,Electrodomesticos,30,133757,4012710
2025-07-19,Sur,Tecnologia,102,181054,18467508
2024-07-30,Centro,Deportes,119,57149,6800731
2023-03-12,Sur,Deportes,81,78327,6344487
2023-09-24,Centro,Vestuario,156,41227,6431412
2025-09-18,Sur,Electrodomesticos,58,179366,10403228
2023-02-06,Sur,Electrodomesticos,58,126784,7353472
2023-09-20,Sur,Tecnologia,118,214809,25347462
2023-10-12,Sur,Hogar,68,87207,5930076
2024-05-15,Norte,Vestuario,121,46508,5627468
2023-04-21,Centro,Tecnologia,85,165961,14106685
2025-01-03,Norte,Tecnologia,97,143933,13961501
2023-10-27,Sur,Vestuario,112,52490,5878880
2025-08-01,Norte,Hogar,73,101460,7406580
2023-09-18,Centro,Electrodomesticos,72,159392,11476224
2023-06-05,Sur,Tecnologia,130,193517,25157210
2023-12-12,Sur,Electrodomesticos,51,172973,8821623
2023-08-04,Sur,Electrodomesticos,55,150150,8258250
2025-07-31,Sur,Vestuario,123,36257,4459611
2025-01-29,Centro,Deportes,139,76573,10643647
2024-09-12,Sur,Vestuario,141,45961,6480501
2023-09-12,Norte,Tecnologia,120,176183,21141960
2023-10-15,Centro,Hogar,90,93758,8438220
2023-11-14,Centro,Tecnologia,148,184223,27265004
2024-07-21,Centro,Electrodomesticos,82,178865,14666930
2024-11-15,Norte,Tecnologia,103,150405,15491715
2025-08-03,Norte,Electrodomesticos,39,183622,7161258
2025-05-09,Norte,Tecnologia,87,176421,15348627
2023-11-10,Centro,Electrodomesticos,92,176528,16240576
2024-02-21,Norte,Vestuario,154,66210,10196340
2024-03-15,Centro,Hogar,89,93113,8287057
2025-12-12,Centro,Electrodomesticos,65,221682,14409330
2024-11-20,Sur,Vestuario,147,49473,7272531
2023-05-20,Sur,Tecnologia,115,182279,20962085
2023-12-30,Norte,Electrodomesticos,64,128923,8251072
2023-02-24,Centro,Deportes,99,66971,6630129
2024-02-02,Centro,Hogar,86,107234,9222124
2024-04-10,Centro,Hogar,137,102657,14064009
2023-11-15,Centro,Electrodomesticos,99,108624,10753776
2023-10-07,Norte,Electrodomesticos,49,178463,8744687
2024-06-09,Centro,Vestuario,199,48830,9717170
2023-10-07,Sur,Electrodomesticos,57,190662,10867734
2024-08-07,Norte,Deportes,53,60078,3184134
2023-08-30,Sur,Vestuario,145,47909,6946805
2023-08-23,Norte,Vestuario,118,43234,5101612
2025-04-04,Centro,Tecnologia,129,193357,24943053
2025-06-19,Norte,Hogar,49,114587,5614763
2023-09-01,Norte,Tecnologia,105,251849,26444145
2023-12-20,Centro,Hogar,86,106861,9190046
2025-04-05,Sur,Tecnologia,95,214574,20384530
2023-06-13,Sur,Hogar,113,81464,9205432
2025-12-10,Centro,Deportes,77,70986,5465922
2024-08-30,Norte,Hogar,58,113679,6593382
2023-11-01,Norte,Tecnologia,84,196043,16467612
2024-04-06,Centro,Hogar,78,97724,7622472
2025-07-02,Centro,Hogar,143,114732,16406676
2025-07-23,Sur,Hogar,65,102522,6663930
2024-11-12,Norte,Hogar,94,80562,7572828
2023-10-05,Norte,Hogar,67,85633,5737411
2025-07-02,Centro,Electrodomesticos,7,198314,1388198
2025-11-19,Centro,Vestuario,168,45865,7705320
2025-03-15,Centro,Electrodomesticos,81,148523,12030363
2025-09-27,Sur,Deportes,109,70692,7705428
2025-12-25,Sur,Hogar,143,81047,11589721
2023-05-13,Norte,Electrodomesticos,42,161164,6768888
2025-04-27,Norte,Vestuario,121,32282,3906122
2024-11-11,Sur,Deportes,88,76717,6751096
2025-04-25,Norte,Hogar,80,101534,8122720
2023-06-29,Norte,Tecnologia,88,166681,14667928
2023-05-01,Norte,Hogar,37,101601,3759237
2023-06-28,Sur,Hogar,116,77570,8998120
2024-10-16,Sur,Electrodomesticos,69,143401,9894669
2025-01-27,Norte,Vestuario,101,47236,4770836
2025-04-04,Norte,Vestuario,114,44576,5081664
2024-04-17,Sur,Tecnologia,100,200263,20026300
2024-09-05,Sur,Deportes,79,62291,4920989
2024-01-07,Sur,Tecnologia,95,178117,16921115
2024-08-19,Sur,Tecnologia,113,255560,28878280
2024-09-12,Norte,Vestuario,137,38519,5277103
2024-10-04,Norte,Hogar,62,85047,5272914
2023-07-20,Norte,Vestuario,143,47321,6766903
2024-10-19,Norte,Electrodomesticos,50,186306,9315300
2025-01-06,Norte,Vestuario,109,54997,5994673
2023-10-13,Norte,Deportes,102,69622,7101444
2023-12-17,Centro,Hogar,147,104271,15327837
2025-11-05,Sur,Electrodomesticos,86,165110,14199460
2024-08-02,Sur,Deportes,59,72696,4289064
2023-09-04,Sur,Vestuario,192,37698,7238016
2023-03-14,Sur,Hogar,67,96287,6451229
2025-09-10,Sur,Deportes,55,54465,2995575
2024-03-26,Centro,Tecnologia,133,170912,22731296
2023-09-19,Centro,Electrodomesticos,85,179628,15268380
2025-02-24,Centro,Vestuario,137,44162,6050194
2025-07-08,Sur,Tecnologia,145,163109,23650805
2025-02-09,Norte,Electrodomesticos,53,195852,10380156
2025-01-15,Norte,Electrodomesticos,41,164166,6730806
2024-01-12,Norte,Deportes,68,65869,4479092
2024-02-19,Centro,Electrodomesticos,82,191614,15712348
2024-11-23,Sur,Electrodomesticos,97,193736,18792392
2025-04-16,Sur,Vestuario,109,43207,4709563
2024-12-29,Norte,Hogar,83,71240,5912920
2024-01-21,Centro,Tecnologia,156,174506,27222936
2025-11-27,Sur,Deportes,85,72434,6156890
2025-06-28,Sur,Vestuario,128,50949,6521472
2024-03-20,Sur,Electrodomesticos,88,213889,18822232
2024-10-20,Sur,Electrodomesticos,49,120587,5908763
2023-09-20,Sur,Hogar,120,107998,12959760
2025-02-19,Norte,Tecnologia,75,179702,13477650
2024-11-28,Norte,Vestuario,141,50842,7168722
2025-07-03,Norte,Electrodomesticos,72,197123,14192856
2024-12-27,Sur,Vestuario,156,38996,6083376
2024-01-29,Centro,Hogar,108,97984,10582272
2025-04-29,Norte,Electrodomesticos,62,168127,10423874
2025-09-01,Sur,Deportes,114,73000,8322000
2023-03-13,Norte,Deportes,76,62533,4752508
2023-09-13,Norte,Vestuario,117,38203,4469751
2023-04-13,Centro,Deportes,88,63934,5626192
2024-10-13,Centro,Hogar,125,98323,12290375
2025-01-17,Norte,Deportes,63,63884,4024692
2023-05-22,Norte,Deportes,70,60413,4228910
2025-10-20,Centro,Tecnologia,151,141471,21362121
2023-05-18,Norte,Deportes,86,70017,6021462
2023-07-17,Sur,Hogar,75,108708,8153100
2025-11-05,Centro,Vestuario,184,42990,7910160
2023-01-19,Centro,Deportes,126,80248,10111248
2025-01-21,Centro,Electrodomesticos,40,133216,5328640
2025-09-22,Centro,Hogar,121,99420,12029820
2024-07-21,Centro,Vestuario,145,37443,5429235
2024-08-13,Centro,Tecnologia,147,156533,23010351
2025-01-18,Norte,Tecnologia,98,173735,17026030
2023-10-17,Norte,Vestuario,107,54345,5814915
2024-09-02,Centro,Hogar,138,103360,14263680
2025-04-05,Sur,Vestuario,123,37527,4615821
2025-06-01,Centro,Vestuario,159,36290,5770110
2025-01-01,Centro,Tecnologia,120,182683,21921960
2025-02-10,Sur,Deportes,109,58317,6356553
2023-06-24,Norte,Electrodomesticos,47,151368,7114296
2025-02-10,Centro,Hogar,100,80057,8005700
2025-02-22,Sur,Vestuario,154,48829,7519666
2025-09-03,Sur,Vestuario,112,44140,4943680
2025-08-23,Sur,Vestuario,152,38115,5793480
2023-05-02,Centro,Hogar,132,95157,12560724
2023-08-08,Centro,Tecnologia,100,195988,19598800
2025-07-28,Sur,Vestuario,122,42986,5244292
2023-05-18,Centro,Tecnologia,152,154376,23465152
2025-08-01,Centro,Deportes,66,52399,3458334
2024-04-04,Norte,Hogar,41,102835,4216235
2025-09-22,Centro,Hogar,77,92349,7110873
2025-01-26,Centro,Deportes,77,78429,6039033
2023-04-13,Centro,Deportes,90,52175,4695750
2025-09-16,Norte,Vestuario,132,41756,5511792
2023-10-25,Norte,Electrodomesticos,36,180808,6509088
2023-04-16,Norte,Hogar,73,118971,8684883
2023-02-13,Centro,Deportes,87,74947,6520389
2024-07-23,Sur,Electrodomesticos,58,159542,9253436
2025-06-03,Norte,Deportes,64,85112,5447168
2023-03-12,Centro,Electrodomesticos,88,206701,18189688
2024-09-11,Centro,Tecnologia,181,198914,36003434
2025-01-07,Sur,Electrodomesticos,36,159448,5740128
2025-11-26,Sur,Electrodomesticos,82,166173,13626186
2023-12-07,Sur,Electrodomesticos,37,160224,5928288
2025-04-30,Norte,Vestuario,129,50416,6503664
2023-07-08,Centro,Tecnologia,139,165363,22985457
2025-06-05,Norte,Electrodomesticos,66,156635,10337910
2023-09-02,Norte,Electrodomesticos,39,187702,7320378
2024-09-04,Centro,Tecnologia,125,185315,23164375
2025-09-18,Sur,Hogar,84,71801,6031284
2024-05-19,Sur,Vestuario,116,54466,6318056
2024-07-04,Norte,Vestuario,133,43557,5793081
2024-10-02,Sur,Hogar,78,108674,8476572
2025-07-10,Centro,Tecnologia,137,193493,26508541
2025-02-14,Sur,Vestuario,140,45001,6300140
2023-01-24,Sur,Vestuario,183,42475,7772925
2023-04-21,Sur,Hogar,108,97115,10488420
2024-03-15,Centro,Tecnologia,127,182061,23121747
2024-11-05,Sur,Tecnologia,137,159708,21879996
2023-02-14,Centro,Vestuario,209,49185,10279665
2024-05-03,Norte,Electrodomesticos,26,179988,4679688
2023-06-06,Centro,Electrodomesticos,52,156430,8134360
2023-02-09,Sur,Tecnologia,133,226475,30121175
2024-08-22,Sur,Vestuario,157,45853,7198921
2025-03-08,Sur,Hogar,98,72970,7151060
2024-05-06,Sur,Hogar,74,88573,6554402
2024-11-17,Centro,Vestuario,200,58322,11664400
2023-07-13,Sur,Vestuario,157,36963,5803191
2023-11-24,Sur,Hogar,86,113815,9788090
2025-10-25,Sur,Electrodomesticos,59,197995,11681705
2024-01-02,Centro,Electrodomesticos,95,200609,19057855
2024-03-09,Norte,Electrodomesticos,25,151384,3784600
2025-05-08,Norte,Deportes,72,67212,4839264
2024-07-22,Centro,Hogar,86,101062,8691332
2024-09-13,Norte,Vestuario,106,43357,4595842
2025-04-12,Centro,Vestuario,195,49428,9638460
2024-05-08,Sur,Tecnologia,122,126274,15405428
2025-09-12,Norte,Deportes,74,71394,5283156
2024-09-04,Sur,Electrodomesticos,39,160770,6270030
2024-05-04,Centro,Tecnologia,139,183495,25505805
2023-04-14,Norte,Vestuario,131,52770,6912870
2023-12-30,Centro,Deportes,105,82929,8707545
2023-06-30,Centro,Vestuario,205,59023,12099715
2023-01-04,Norte,Hogar,60,76707,4602420
2023-10-24,Sur,Hogar,61,98533,6010513
2025-11-04,Sur,Tecnologia,139,125338,17421982
2025-08-24,Centro,Hogar,126,106720,13446720
2024-12-08,Sur,Electrodomesticos,16,148733,2379728
2023-05-10,Sur,Electrodomesticos,88,162619,14310472
2023-03-29,Centro,Electrodomesticos,69,181583,12529227
2023-11-25,Norte,Vestuario,118,49132,5797576
2025-10-29,Sur,Hogar,112,112245,12571440
2024-12-27,Norte,Vestuario,124,40717,5048908
2024-07-05,Sur,Vestuario,149,44096,6570304
2023-10-13,Centro,Electrodomesticos,36,143262,5157432
2024-03-15,Sur,Electrodomesticos,81,145396,11777076
2025-04-21,Centro,Vestuario,195,41862,8163090
2023-02-07,Sur,Vestuario,132,47603,6283596
2024-12-31,Norte,Vestuario,131,37589,4924159
2024-04-08,Sur,Deportes,62,41335,2562770
2025-04-19,Norte,Deportes,69,57066,3937554
2025-09-17,Norte,Tecnologia,92,176559,16243428
2025-12-26,Norte,Deportes,85,67604,5746340
2025-08-12,Sur,Hogar,104,88487,9202648
2025-02-27,Norte,Tecnologia,121,197672,23918312
2024-09-27,Centro,Electrodomesticos,64,73080,4677120
2025-10-01,Centro,Electrodomesticos,81,140471,11378151
2024-03-31,Sur,Electrodomesticos,60,132847,7970820
2023-04-04,Centro,Vestuario,170,52028,8844760
2024-07-11,Sur,Electrodomesticos,52,178712,9293024
2025-08-08,Norte,Tecnologia,99,188419,18653481
2025-09-23,Sur,Deportes,49,65827,3225523
2023-11-01,Centro,Deportes,114,76106,8676084
2023-05-14,Sur,Tecnologia,118,176719,20852842
2024-06-05,Sur,Electrodomesticos,42,146703,6161526
2023-12-29,Centro,Deportes,105,57113,5996865
2025-09-22,Centro,Tecnologia,136,215326,29284336
2023-07-04,Centro,Deportes,91,68826,6263166
2025-12-12,Centro,Deportes,112,62680,7020160
2024-08-12,Norte,Vestuario,95,45166,4290770
2023-02-15,Sur,Electrodomesticos,74,151209,11189466
2024-01-02,Norte,Deportes,62,71980,4462760
2023-01-11,Norte,Deportes,55,78173,4299515
2024-05-18,Sur,Vestuario,152,56030,8516560
2025-08-19,Norte,Tecnologia,102,162043,16528386
2023-02-01,Centro,Electrodomesticos,108,148300,16016400
2024-05-04,Sur,Vestuario,136,42958,5842288
2024-09-22,Sur,Deportes,71,58979,4187509
2023-06-12,Sur,Hogar,75,99804,7485300
2025-12-06,Norte,Tecnologia,106,151472,16056032
2025-12-03,Centro,Tecnologia,154,170140,26201560
2023-05-16,Norte,Hogar,69,90845,6268305
2024-11-09,Norte,Tecnologia,91,182440,16602040
2025-11-10,Sur,Vestuario,189,47304,8940456
2023-03-18,Centro,Vestuario,180,38587,6945660
2023-11-13,Norte,Deportes,53,57741,3060273
2023-05-30,Centro,Vestuario,176,35770,6295520
2023-05-01,Norte,Hogar,79,95095,7512505
2024-11-14,Norte,Electrodomesticos,80,172231,13778480
2025-04-01,Norte,Vestuario,107,45854,4906378
2025-06-10,Norte,Vestuario,130,46958,6104540
2023-05-17,Norte,Electrodomesticos,96,154815,14862240
2024-10-13,Norte,Vestuario,111,42134,4676874
2025-06-10,Sur,Vestuario,117,50731,5935527
2023-06-11,Sur,Electrodomesticos,33,153238,5056854
2024-03-03,Sur,Tecnologia,126,201894,25438644
2023-04-13,Sur,Tecnologia,133,181832,24183656
2023-11-16,Sur,Electrodomesticos,63,126484,7968492
2023-03-22,Sur,Hogar,67,114159,7648653
2023-01-27,Sur,Electrodomesticos,56,117595,6585320
2025-05-29,Centro,Electrodomesticos,77,171945,13239765
2024-04-29,Norte,Electrodomesticos,57,127647,7275879
2023-03-31,Centro,Electrodomesticos,36,170487,6137532
2024-04-19,Norte,Vestuario,117,44974,5261958
2023-05-12,Norte,Vestuario,141,40421,5699361
2025-06-06,Centro,Hogar,123,54522,6706206
2024-05-09,Sur,Vestuario,186,44065,8196090
2025-09-12,Centro,Tecnologia,164,133702,21927128
2025-07-26,Sur,Vestuario,143,58872,8418696
2023-10-26,Sur,Hogar,105,94838,9957990
2023-04-02,Norte,Tecnologia,69,137991,9521379
2025-07-21,Sur,Hogar,101,83619,8445519
2025-02-20,Centro,Tecnologia,148,203551,30125548
2024-01-07,Centro,Hogar,99,102744,10171656
2024-02-26,Centro,Deportes,83,61638,5115954
2023-01-06,Norte,Tecnologia,103,206733,21293499
2025-09-28,Norte,Hogar,83,64897,5386451
2024-11-02,Norte,Vestuario,134,49254,6600036
2025-01-01,Centro,Deportes,105,68629,7206045
2024-04-29,Norte,Hogar,59,62691,3698769
2023-12-15,Norte,Electrodomesticos,86,163774,14084564
2023-03-10,Norte,Tecnologia,96,186615,17915040
2024-10-26,Sur,Deportes,53,58941,3123873
2024-09-23,Sur,Electrodomesticos,69,181697,12537093
2024-09-06,Norte,Electrodomesticos,60,151612,9096720
2025-11-20,Sur,Hogar,75,93912,7043400
2023-06-17,Sur,Tecnologia,150,194176,29126400
2025-11-15,Sur,Vestuario,149,30822,4592478
2025-11-18,Centro,Tecnologia,108,177991,19223028
2023-02-18,Centro,Electrodomesticos,58,161979,9394782
2025-10-07,Centro,Deportes,55,81688,4492840
2024-09-12,Centro,Deportes,132,73352,9682464
2024-09-01,Centro,Vestuario,169,42975,7262775
2024-12-01,Centro,Deportes,45,73174,3292830
2024-08-04,Centro,Deportes,99,47226,4675374
2024-11-25,Sur,Tecnologia,103,208874,21514022
2024-02-26,Norte,Electrodomesticos,35,189019,6615665
2024-11-17,Centro,Hogar,123,100451,12355473
2024-09-25,Sur,Hogar,112,100666,11274592
2024-07-31,Centro,Electrodomesticos,46,173401,7976446
2025-01-04,Centro,Vestuario,154,36831,5671974
2024-07-12,Norte,Vestuario,136,44985,6117960
2024-03-01,Centro,Electrodomesticos,27,153245,4137615
2025-09-24,Sur,Electrodomesticos,80,112119,8969520
2023-12-18,Norte,Deportes,51,75368,3843768
2025-10-03,Norte,Vestuario,136,50184,6825024
2023-01-19,Sur,Tecnologia,108,140446,15168168
2024-12-31,Norte,Tecnologia,90,196780,17710200
2023-05-21,Centro,Electrodomesticos,38,178535,6784330
2025-02-08,Centro,Tecnologia,154,227440,35025760
2025-04-24,Sur,Deportes,81,58973,4776813
2025-10-08,Centro,Deportes,105,64114,6731970
2023-04-02,Sur,Electrodomesticos,16,187184,2994944
2025-08-10,Sur,Hogar,108,108251,11691108
2025-10-11,Centro,Electrodomesticos,119,157186,18705134
2025-11-25,Norte,Hogar,90,93851,8446590
2025-07-03,Centro,Hogar,132,67042,8849544
2023-06-24,Sur,Vestuario,169,40872,6907368
2024-07-31,Sur,Electrodomesticos,27,161144,4350888
2025-03-18,Sur,Vestuario,132,50955,6726060
2024-03-20,Norte,Deportes,55,60672,3336960
2023-07-19,Norte,Vestuario,128,57054,7302912
2023-03-26,Norte,Hogar,104,71182,7402928
2024-12-01,Norte,Hogar,62,108681,6738222
2024-02-06,Centro,Deportes,97,80930,7850210
2023-06-19,Sur,Vestuario,161,41851,6738011
2025-08-07,Sur,Hogar,80,61565,4925200
2024-06-03,Centro,Hogar,126,121920,15361920
2023-05-02,Sur,Electrodomesticos,61,169883,10362863
2023-06-24,Norte,Vestuario,139,42078,5848842
2023-01-20,Sur,Electrodomesticos,102,143478,14634756
2023-10-23,Sur,Deportes,88,63770,5611760
2025-05-31,Sur,Vestuario,106,45699,4844094
2025-04-11,Norte,Vestuario,111,30920,3432120
2023-10-17,Norte,Electrodomesticos,17,151002,2567034
2023-03-30,Centro,Deportes,109,43744,4768096
2025-01-15,Centro,Hogar,138,99870,13782060
2024-05-10,Centro,Tecnologia,153,236887,36243711
2025-09-28,Sur,Tecnologia,125,210782,26347750
2023-06-02,Sur,Deportes,88,63098,5552624
2025-11-03,Norte,Vestuario,152,58722,8925744
2024-08-09,Centro,Vestuario,185,40605,7511925
2024-05-14,Norte,Electrodomesticos,52,124181,6457412
2024-05-16,Sur,Electrodomesticos,91,105532,9603412
2023-02-06,Sur,Tecnologia,105,105740,11102700
2024-10-07,Sur,Vestuario,94,52371,4922874
2024-01-26,Centro,Tecnologia,156,196530,30658680
2023-08-08,Sur,Hogar,58,84791,4917878
2024-05-07,Centro,Electrodomesticos,39,132780,5178420
2023-10-25,Centro,Deportes,117,59655,6979635
2023-03-30,Sur,Hogar,109,95210,10377890
2023-08-28,Norte,Electrodomesticos,80,142925,11434000
2025-11-28,Norte,Electrodomesticos,54,149213,8057502
2023-02-21,Norte,Electrodomesticos,67,184646,12371282
2025-10-05,Norte,Vestuario,127,44196,5612892
2023-10-14,Norte,Hogar,73,83777,6115721
2024-12-05,Norte,Hogar,74,87440,6470560
2025-01-06,Centro,Hogar,93,91590,8517870
2025-04-09,Sur,Electrodomesticos,79,181927,14372233
2023-05-13,Norte,Hogar,76,70067,5325092
2025-11-28,Centro,Hogar,137,80839,11074943
2025-03-28,Centro,Tecnologia,136,158335,21533560
2025-04-19,Sur,Tecnologia,134,177839,23830426
2023-08-30,Sur,Deportes,52,58937,3064724
2023-05-03,Centro,Deportes,16,59687,954992
2023-04-16,Sur,Electrodomesticos,42,103185,4333770
2025-04-18,Sur,Hogar,84,88696,7450464
2025-08-11,Norte,Deportes,70,68344,4784080
2025-08-28,Centro,Hogar,101,65248,6590048
2025-05-22,Centro,Vestuario,154,43567,6709318
2023-02-24,Sur,Deportes,80,54114,4329120
2023-12-07,Norte,Tecnologia,109,222592,24262528
2023-08-30,Sur,Electrodomesticos,60,106773,6406380
2025-09-06,Sur,Electrodomesticos,51,179081,9133131
2024-05-30,Sur,Deportes,65,68534,4454710
2023-12-06,Centro,Electrodomesticos,98,185750,18203500
2024-07-25,Sur,Electrodomesticos,25,156755,3918875
2023-02-08,Centro,Hogar,88,89552,7880576
2023-12-14,Norte,Vestuario,151,41430,6255930
2025-03-07,Sur,Hogar,92,83755,7705460
2024-10-20,Norte,Hogar,85,109553,9312005
2023-08-20,Sur,Electrodomesticos,19,150595,2861305
2023-06-27,Centro,Electrodomesticos,65,125710,8171150
2025-12-12,Centro,Vestuario,174,31300,5446200
2023-12-04,Norte,Tecnologia,80,149745,11979600
2023-10-27,Norte,Vestuario,130,43815,5695950
2025-12-11,Norte,Electrodomesticos,61,171854,10483094
2024-08-03,Centro,Electrodomesticos,80,197782,15822560
2025-06-29,Centro,Hogar,104,77652,8075808
2023-11-06,Norte,Deportes,56,78836,4414816
2023-09-21,Sur,Electrodomesticos,72,127505,9180360
2024-10-20,Norte,Electrodomesticos,45,150696,6781320
2023-04-06,Centro,Tecnologia,127,236145,29990415
2024-01-09,Norte,Electrodomesticos,56,158188,8858528
2025-01-10,Centro,Electrodomesticos,5,163232,816160
2024-01-07,Centro,Tecnologia,162,190568,30872016
2023-11-07,Centro,Electrodomesticos,119,141745,16867655
2024-09-05,Centro,Vestuario,201,41925,8426925
2024-07-10,Sur,Vestuario,152,42263,6423976
2025-06-26,Centro,Deportes,106,67957,7203442
2023-03-26,Norte,Tecnologia,77,187728,14455056
2025-03-01,Sur,Electrodomesticos,71,153778,10918238
2023-04-09,Norte,Vestuario,108,37197,4017276
2025-12-22,Sur,Electrodomesticos,84,145841,12250644
2025-10-17,Centro,Hogar,109,78357,8540913
2024-02-16,Centro,Hogar,128,97671,12501888
2023-03-13,Norte,Electrodomesticos,38,175245,6659310
2023-07-31,Norte,Tecnologia,110,188277,20710470
2023-09-07,Centro,Deportes,152,63828,9701856
2023-07-10,Norte,Deportes,49,88215,4322535
2023-08-18,Centro,Electrodomesticos,73,151470,11057310
2025-10-30,Norte,Electrodomesticos,58,178562,10356596
2023-06-05,Centro,Tecnologia,144,164114,23632416
2025-01-12,Sur,Electrodomesticos,72,196287,14132664
2023-12-30,Centro,Vestuario,202,44539,8996878
2023-06-14,Norte,Deportes,73,68612,5008676
2025-04-03,Norte,Hogar,49,110966,5437334
2023-08-27,Norte,Electrodomesticos,32,175074,5602368
2024-05-29,Norte,Hogar,75,101683,7626225
2023-03-30,Centro,Tecnologia,163,186089,30332507
2024-12-27,Centro,Vestuario,191,49628,9478948
2024-07-15,Centro,Deportes,93,63987,5950791
2025-06-17,Centro,Deportes,89,70428,6268092
2023-03-10,Centro,Tecnologia,170,238613,40564210
2025-03-11,Norte,Hogar,77,85325,6570025
2023-03-25,Sur,Deportes,95,58963,5601485
2023-03-25,Norte,Vestuario,104,37862,3937648
2025-05-07,Sur,Hogar,122,106486,12991292
2024-12-12,Norte,Hogar,79,84129,6646191
2023-03-24,Centro,Hogar,119,77343,9203817
2025-03-07,Norte,Deportes,52,71934,3740568
2024-09-18,Centro,Vestuario,187,45741,8553567
2025-07-13,Centro,Vestuario,165,60220,9936300
2025-08-30,Norte,Electrodomesticos,64,146529,9377856
2025-03-15,Sur,Tecnologia,128,206186,26391808
2025-12-27,Norte,Vestuario,121,51491,6230411
2023-02-19,Norte,Electrodomesticos,46,173364,7974744
2023-01-27,Norte,Electrodomesticos,23,159399,3666177
2023-08-14,Norte,Tecnologia,81,155230,12573630
2023-12-13,Centro,Electrodomesticos,87,145003,12615261
2025-04-14,Norte,Tecnologia,56,174093,9749208
2025-06-09,Sur,Electrodomesticos,90,134439,12099510
2024-07-21,Sur,Electrodomesticos,57,143523,8180811
2023-01-14,Sur,Vestuario,147,36483,5363001
2024-09-04,Norte,Vestuario,120,40503,4860360
2025-01-02,Centro,Deportes,88,57034,5018992
2023-10-13,Norte,Deportes,52,59935,3116620
2023-07-27,Sur,Hogar,89,88726,7896614
2023-05-14,Norte,Electrodomesticos,47,163117,7666499
2024-09-06,Centro,Hogar,125,99194,12399250
2025-10-30,Centro,Hogar,105,110963,11651115
2024-10-29,Norte,Deportes,79,69161,5463719
2024-12-08,Centro,Deportes,116,57638,6686008
2025-04-19,Centro,Tecnologia,149,187667,27962383
2024-04-26,Centro,Tecnologia,168,148754,24990672
2024-02-12,Centro,Vestuario,175,45781,8011675
2025-04-22,Centro,Tecnologia,120,171752,20610240
2025-07-31,Sur,Tecnologia,118,231011,27259298
2024-08-18,Sur,Electrodomesticos,41,199746,8189586
2024-09-24,Centro,Hogar,95,95121,9036495
2023-05-21,Norte,Vestuario,134,53720,7198480
2023-02-25,Centro,Vestuario,215,40913,8796295
2023-07-02,Centro,Deportes,108,76247,8234676
2025-07-27,Centro,Vestuario,198,49690,9838620
2025-09-04,Sur,Hogar,98,82847,8119006
2024-04-17,Centro,Deportes,102,72862,7431924
2024-07-25,Centro,Electrodomesticos,65,143370,9319050
2024-05-21,Sur,Vestuario,125,40388,5048500
2023-09-22,Centro,Deportes,136,59371,8074456
2025-11-06,Sur,Electrodomesticos,92,145175,13356100
2024-01-18,Sur,Tecnologia,133,181371,24122343
2025-06-26,Centro,Electrodomesticos,74,168000,12432000
2023-12-28,Norte,Deportes,82,64216,5265712
2025-11-28,Sur,Tecnologia,146,190988,27884248
2025-09-09,Norte,Hogar,93,94702,8807286
2023-06-24,Sur,Tecnologia,154,168150,25895100
2023-07-16,Sur,Tecnologia,103,218599,22515697
2023-06-25,Centro,Vestuario,216,45762,9884592
2024-12-20,Centro,Electrodomesticos,90,162399,14615910
2023-04-04,Norte,Vestuario,99,32032,3171168
2025-09-20,Norte,Electrodomesticos,41,195920,8032720
2025-08-12,Centro,Vestuario,190,35087,6666530
2024-11-09,Norte,Vestuario,151,45602,6885902
2025-12-06,Norte,Hogar,95,81743,7765585
2023-09-11,Sur,Tecnologia,97,204894,19874718
2024-03-11,Norte,Hogar,78,87193,6801054
2024-12-17,Norte,Tecnologia,91,194732,17720612
2023-02-03,Sur,Tecnologia,145,204641,29672945
2023-02-05,Sur,Tecnologia,85,158165,13444025
2025-09-27,Sur,Deportes,122,54769,6681818
2024-06-30,Sur,Tecnologia,121,208358,25211318
2025-11-07,Centro,Tecnologia,127,211224,26825448
2025-08-27,Sur,Deportes,75,68828,5162100
2023-12-07,Centro,Hogar,114,81144,9250416
2024-05-04,Sur,Tecnologia,113,146012,16499356
2024-08-04,Centro,Tecnologia,125,161489,20186125
2025-07-20,Centro,Deportes,52,55055,2862860
2024-02-08,Centro,Vestuario,151,35454,5353554
2024-07-19,Sur,Electrodomesticos,71,105344,7479424
2023-05-01,Centro,Tecnologia,164,149595,24533580
2024-05-24,Centro,Vestuario,176,44226,7783776
2023-05-25,Sur,Hogar,86,82642,7107212
2025-05-12,Sur,Deportes,76,81051,6159876
2024-05-01,Sur,Vestuario,133,56490,7513170
2023-04-16,Centro,Electrodomesticos,65,151739,9863035
2024-12-05,Sur,Vestuario,155,39488,6120640
2023-09-07,Norte,Tecnologia,77,171367,13195259
2025-01-06,Norte,Deportes,71,69777,4954167
2023-05-01,Centro,Vestuario,213,45998,9797574
2025-01-16,Centro,Vestuario,159,43647,6939873
2023-07-25,Sur,Hogar,110,85877,9446470
2025-08-15,Sur,Electrodomesticos,64,181865,11639360
2023-03-29,Sur,Electrodomesticos,54,153560,8292240
2023-05-05,Centro,Deportes,93,51073,4749789
2023-04-09,Sur,Tecnologia,118,172714,20380252
2025-10-18,Centro,Tecnologia,93,179653,16707729
2023-03-02,Centro,Electrodomesticos,28,164430,4604040
2023-02-02,Norte,Hogar,75,96629,7247175
2024-01-10,Centro,Vestuario,172,36519,6281268
2024-03-08,Sur,Tecnologia,98,167774,16441852
2024-05-27,Sur,Hogar,70,93297,6530790
2025-03-10,Sur,Hogar,78,95821,7474038
2023-11-20,Centro,Deportes,109,71939,7841351
2023-09-14,Norte,Vestuario,109,43147,4703023
2024-06-19,Sur,Electrodomesticos,61,110180,6720980
2023-06-30,Centro,Tecnologia,134,245915,32952610
2023-10-08,Centro,Vestuario,184,41954,7719536
2025-02-05,Centro,Deportes,88,49554,4360752
2023-06-03,Norte,Tecnologia,74,166386,12312564
2024-06-17,Sur,Hogar,70,76754,5372780
2024-10-25,Centro,Deportes,128,59090,7563520
2023-10-23,Sur,Hogar,102,106732,10886664
2025-01-01,Sur,Vestuario,98,49763,4876774
2025-06-09,Sur,Tecnologia,100,198804,19880400
2024-12-04,Centro,Deportes,121,79878,9665238
2025-06-14,Centro,Hogar,124,85718,10629032
2024-10-19,Norte,Deportes,72,65466,4713552
2024-11-25,Norte,Deportes,57,73281,4177017
2024-10-16,Centro,Electrodomesticos,98,176444,17291512
2024-02-12,Centro,Vestuario,222,41490,9210780
2024-07-26,Centro,Vestuario,200,48874,9774800
2023-10-27,Sur,Electrodomesticos,11,133017,1463187
2023-08-28,Sur,Tecnologia,99,194311,19236789
2023-04-04,Norte,Electrodomesticos,22,145975,3211450
2024-01-04,Centro,Tecnologia,136,167752,22814272
2024-10-23,Norte,Electrodomesticos,32,138073,4418336
2025-02-17,Sur,Hogar,140,112981,15817340
2023-05-04,Norte,Deportes,64,33663,2154432
2024-02-22,Centro,Tecnologia,168,181521,30495528
2025-08-29,Norte,Vestuario,122,39036,4762392
2023-03-01,Sur,Deportes,69,56365,3889185
2025-09-13,Centro,Hogar,97,80301,7789197
2024-10-19,Centro,Electrodomesticos,46,166647,7665762
2024-05-29,Centro,Hogar,98,112333,11008634
2024-11-21,Centro,Tecnologia,163,107802,17571726
2023-04-08,Centro,Vestuario,206,50554,10414124
2023-12-14,Sur,Tecnologia,139,186546,25929894
2025-07-08,Centro,Hogar,67,85520,5729840
2024-07-07,Norte,Electrodomesticos,20,116746,2334920
2023-05-28,Sur,Deportes,80,81382,6510560
2024-10-14,Sur,Vestuario,140,42414,5937960
2023-01-03,Norte,Deportes,76,72558,5514408
2024-06-27,Centro,Electrodomesticos,84,219623,18448332
2025-12-04,Centro,Electrodomesticos,91,139798,12721618
2024-01-13,Sur,Electrodomesticos,40,164628,6585120
2024-10-23,Centro,Electrodomesticos,89,173448,15436872
2023-08-24,Norte,Hogar,73,112856,8238488
2023-01-27,Centro,Electrodomesticos,120,179299,21515880
2023-02-04,Sur,Tecnologia,120,175901,21108120
2023-04-10,Norte,Vestuario,118,54227,6398786
2023-05-15,Centro,Deportes,85,77952,6625920
2024-12-15,Centro,Deportes,99,85798,8494002
2025-09-15,Sur,Electrodomesticos,47,154799,7275553
2025-12-09,Norte,Deportes,66,69067,4558422
2024-06-25,Sur,Hogar,84,70806,5947704
2025-03-25,Norte,Electrodomesticos,79,154122,12175638
2024-01-03,Norte,Vestuario,103,50551,5206753
2024-07-20,Norte,Electrodomesticos,59,176436,10409724
2025-04-17,Sur,Hogar,91,95157,8659287
2025-03-05,Centro,Vestuario,218,41681,9086458
2024-09-08,Sur,Deportes,85,59360,5045600
2024-12-29,Centro,Tecnologia,232,136785,31734120
2025-02-26,Centro,Hogar,135,85911,11597985
2023-03-05,Centro,Deportes,114,65785,7499490
2025-09-17,Norte,Tecnologia,115,177311,20390765
2024-06-24,Centro,Tecnologia,158,142946,22585468
2025-12-31,Norte,Tecnologia,118,223155,26332290
2025-12-16,Norte,Hogar,80,97565,7805200
2023-12-23,Norte,Deportes,65,71209,4628585
2024-03-11,Centro,Hogar,88,77044,6779872
2023-01-18,Centro,Hogar,121,101676,12302796
2025-01-10,Sur,Electrodomesticos,48,152755,7332240
2023-03-01,Sur,Hogar,97,77632,7530304
2023-12-16,Sur,Tecnologia,129,211727,27312783
2023-05-07,Norte,Vestuario,101,37466,3784066
2023-09-16,Norte,Hogar,65,117343,7627295
2024-09-01,Sur,Vestuario,111,49890,5537790
2024-02-06,Centro,Electrodomesticos,49,159847,7832503
2023-04-14,Sur,Tecnologia,116,196650,22811400
2025-06-21,Centro,Hogar,112,107079,11992848
2023-06-25,Norte,Hogar,83,87357,7250631
2024-09-09,Centro,Deportes,79,60793,4802647
2023-05-21,Sur,Vestuario,135,59869,8082315
2024-09-14,Centro,Deportes,125,56111,7013875
2025-01-07,Sur,Hogar,101,101544,10255944
2024-05-25,Centro,Hogar,101,102289,10331189
2023-12-01,Norte,Deportes,45,71509,3217905
2025-08-31,Norte,Tecnologia,103,167878,17291434
2025-11-13,Centro,Electrodomesticos,123,200003,24600369
2024-03-17,Centro,Vestuario,193,40731,7861083
2024-08-23,Centro,Vestuario,141,37033,5221653
2024-03-18,Sur,Electrodomesticos,44,174394,7673336
2024-02-26,Sur,Tecnologia,118,151847,17917946
2025-07-07,Centro,Vestuario,196,45055,8830780
2024-09-14,Norte,Electrodomesticos,38,128718,4891284
2023-10-12,Norte,Hogar,93,84815,7887795
2023-10-08,Norte,Tecnologia,93,180634,16798962
2023-08-17,Centro,Electrodomesticos,49,177233,8684417
2025-12-12,Centro,Electrodomesticos,154,159811,24610894
2023-04-13,Norte,Electrodomesticos,36,148187,5334732
2024-01-26,Norte,Electrodomesticos,51,171808,8762208
2023-01-19,Norte,Hogar,32,81036,2593152
2023-10-07,Norte,Vestuario,113,58356,6594228
2024-10-25,Norte,Electrodomesticos,56,128773,7211288
2025-04-06,Sur,Electrodomesticos,65,197656,12847640
2025-01-07,Centro,Hogar,139,126704,17611856
2023-02-16,Norte,Electrodomesticos,71,159989,11359219
2023-07-28,Sur,Hogar,79,89324,7056596
2024-12-22,Centro,Hogar,124,86852,10769648
2023-09-04,Sur,Electrodomesticos,39,148933,5808387
2024-02-15,Centro,Deportes,80,53487,4278960
2024-11-05,Sur,Deportes,81,64251,5204331
2023-06-18,Sur,Vestuario,154,36305,5590970
2025-03-31,Centro,Hogar,96,108140,10381440
2024-01-11,Centro,Tecnologia,109,163399,17810491
2024-01-22,Sur,Tecnologia,100,211189,21118900
2024-04-21,Centro,Tecnologia,169,189339,31998291
2024-03-19,Norte,Tecnologia,104,116136,12078144
2023-06-02,Norte,Deportes,74,57128,4227472
2023-08-17,Centro,Vestuario,170,47843,8133310
2024-12-28,Norte,Deportes,60,64131,3847860
2024-06-06,Sur,Tecnologia,117,147839,17297163
2023-09-09,Sur,Electrodomesticos,63,175612,11063556
2023-05-13,Centro,Electrodomesticos,75,136730,10254750
2025-10-29,Centro,Deportes,116,60729,7044564
2024-10-27,Sur,Tecnologia,117,184541,21591297
2024-10-09,Norte,Tecnologia,73,205208,14980184
2025-10-24,Norte,Hogar,84,92725,7788900
2025-08-18,Sur,Deportes,121,78624,9513504
2025-07-01,Sur,Deportes,80,67803,5424240
2025-03-31,Centro,Vestuario,220,44092,9700240
2024-06-04,Norte,Hogar,58,106958,6203564
2023-06-28,Sur,Tecnologia,105,130872,13741560
2023-06-08,Sur,Hogar,66,98255,6484830
2023-06-21,Norte,Deportes,41,72644,2978404
2025-06-08,Centro,Electrodomesticos,84,134865,11328660
2023-09-08,Centro,Hogar,101,79727,8052427
2025-01-20,Centro,Hogar,120,105257,12630840
2025-02-16,Norte,Hogar,69,117438,8103222
2025-03-22,Sur,Hogar,120,90737,10888440
2023-03-26,Centro,Tecnologia,72,186852,13453344
2025-07-26,Norte,Vestuario,97,55771,5409787
2024-06-19,Centro,Vestuario,224,48978,10971072
2025-04-30,Sur,Hogar,92,104606,9623752
2025-06-23,Norte,Tecnologia,99,216229,21406671
2024-01-31,Sur,Tecnologia,138,186064,25676832
2024-03-30,Centro,Electrodomesticos,49,156034,7645666
2023-05-11,Norte,Hogar,77,96768,7451136
2024-05-28,Sur,Deportes,104,67869,7058376
2025-03-05,Norte,Deportes,58,66992,3885536
2023-02-01,Sur,Vestuario,142,49791,7070322
2024-10-27,Sur,Tecnologia,128,209721,26844288
2025-07-28,Sur,Deportes,73,74573,5443829
2024-01-27,Sur,Hogar,81,106928,8661168
2025-08-06,Norte,Vestuario,122,44970,5486340
2023-03-28,Norte,Tecnologia,98,165963,16264374
2025-01-08,Norte,Vestuario,109,42592,4642528
2024-03-05,Sur,Deportes,80,61774,4941920
2025-08-03,Norte,Deportes,39,77000,3003000
2025-04-22,Norte,Electrodomesticos,65,157836,10259340
2025-03-27,Centro,Hogar,107,83774,8963818
2025-02-27,Norte,Electrodomesticos,55,177284,9750620
2025-04-02,Centro,Hogar,120,94314,11317680
2024-05-17,Centro,Electrodomesticos,134,143040,19167360
2023-01-15,Centro,Deportes,96,76398,7334208
2025-11-19,Centro,Hogar,123,96081,11817963
2023-01-11,Centro,Hogar,99,121188,11997612
2023-04-01,Sur,Tecnologia,82,156053,12796346
2024-04-09,Norte,Deportes,61,83698,5105578
2024-02-22,Centro,Vestuario,204,44475,9072900
2025-03-03,Norte,Deportes,75,61785,4633875
2024-10-06,Centro,Electrodomesticos,60,117887,7073220
2024-05-01,Centro,Hogar,119,109615,13044185
2025-05-24,Centro,Vestuario,152,52328,7953856
2025-01-07,Sur,Hogar,86,84236,7244296
2024-11-07,Sur,Hogar,114,112743,12852702
2025-09-13,Sur,Electrodomesticos,87,162015,14095305
2025-07-16,Norte,Hogar,70,102223,7155610
2023-09-20,Centro,Deportes,89,59135,5263015
2025-05-02,Centro,Hogar,112,97531,10923472
2025-03-06,Norte,Hogar,81,114489,9273609
2024-02-02,Sur,Hogar,87,88702,7717074
2025-08-14,Norte,Electrodomesticos,17,150130,2552210
2023-10-09,Norte,Deportes,57,51645,2943765
2025-09-09,Norte,Electrodomesticos,59,167412,9877308
2025-08-19,Sur,Vestuario,136,42450,5773200
2025-01-15,Norte,Hogar,39,69265,2701335
2023-10-22,Centro,Vestuario,164,32565,5340660
2023-01-05,Sur,Hogar,60,96419,5785140
2023-01-21,Norte,Vestuario,134,48594,6511596
2023-02-17,Centro,Tecnologia,163,206898,33724374
2023-02-24,Centro,Electrodomesticos,62,202732,12569384
2023-05-17,Norte,Tecnologia,125,149238,18654750
2023-07-25,Sur,Electrodomesticos,80,194096,15527680
2025-08-20,Sur,Electrodomesticos,66,189526,12508716
2025-01-27,Sur,Deportes,48,63768,3060864
2025-10-18,Centro,Electrodomesticos,75,125287,9396525
2023-05-04,Norte,Hogar,81,134502,10894662
2024-01-20,Centro,Hogar,126,126101,15888726
2023-02-22,Sur,Electrodomesticos,34,215209,7317106
2024-06-23,Sur,Deportes,118,70668,8338824
2023-04-05,Norte,Tecnologia,71,198336,14081856
2024-02-10,Centro,Tecnologia,162,198857,32214834
2023-06-27,Centro,Deportes,100,61075,6107500
2024-10-21,Norte,Tecnologia,89,211828,18852692
2024-01-03,Norte,Hogar,79,88648,7003192
2023-02-12,Centro,Deportes,54,81612,4407048
2023-01-02,Norte,Electrodomesticos,26,183322,4766372
2023-02-17,Centro,Electrodomesticos,71,129191,9172561
2025-04-18,Norte,Vestuario,150,54117,8117550
2024-05-22,Norte,Hogar,50,99359,4967950
2023-10-11,Sur,Vestuario,147,42711,6278517
2023-10-26,Sur,Vestuario,162,45453,7363386
2023-07-30,Centro,Hogar,118,115610,13641980
2023-04-06,Norte,Vestuario,126,43828,5522328
2023-08-03,Norte,Electrodomesticos,30,181264,5437920
2025-12-04,Centro,Vestuario,209,42482,8878738
2025-04-23,Centro,Vestuario,218,44268,9650424
2023-02-21,Sur,Hogar,59,123381,7279479
2024-11-12,Norte,Electrodomesticos,39,154233,6015087
2025-02-12,Norte,Electrodomesticos,76,159070,12089320
2023-04-03,Centro,Vestuario,156,29225,4559100
2024-06-06,Sur,Electrodomesticos,56,118331,6626536
2025-07-24,Centro,Deportes,122,67428,8226216
2023-01-25,Sur,Hogar,106,94155,9980430
2025-09-01,Norte,Hogar,56,113560,6359360
2024-05-22,Centro,Vestuario,199,45888,9131712
2023-07-10,Centro,Tecnologia,131,193768,25383608
2024-01-18,Sur,Hogar,112,91184,10212608
2024-08-27,Sur,Hogar,120,102107,12252840
2023-10-29,Sur,Vestuario,106,32126,3405356
2023-02-03,Norte,Electrodomesticos,73,157881,11525313
2024-07-04,Sur,Electrodomesticos,56,174136,9751616
2025-07-10,Centro,Deportes,99,58450,5786550
2025-12-19,Norte,Deportes,91,58979,5367089
2024-08-13,Sur,Vestuario,157,57067,8959519
2024-07-13,Norte,Tecnologia,64,138246,8847744
2023-09-23,Centro,Tecnologia,141,160172,22584252
2024-07-25,Centro,Deportes,77,52274,4025098
2023-10-26,Centro,Vestuario,202,34610,6991220
2025-07-02,Centro,Hogar,134,82416,11043744
2024-01-22,Sur,Hogar,81,107367,8696727
2025-06-10,Centro,Deportes,121,65112,7878552
2024-08-19,Norte,Vestuario,100,47510,4751000
2025-05-08,Norte,Deportes,64,67736,4335104
2023-03-04,Norte,Deportes,34,55850,1898900
2025-01-07,Sur,Hogar,58,113334,6573372
2024-10-20,Sur,Vestuario,119,45094,5366186
2023-04-15,Centro,Electrodomesticos,84,204339,17164476
2024-06-21,Sur,Vestuario,136,47186,6417296
2023-09-30,Centro,Tecnologia,129,174354,22491666
2025-01-26,Sur,Vestuario,158,43290,6839820
2023-12-10,Centro,Deportes,126,64131,8080506
2023-12-04,Centro,Deportes,94,64775,6088850
2024-12-16,Norte,Vestuario,161,50009,8051449
2023-08-14,Sur,Deportes,86,52839,4544154
2025-07-24,Sur,Electrodomesticos,32,147609,4723488
2024-11-30,Norte,Tecnologia,124,172645,21407980
2024-11-20,Sur,Tecnologia,117,196287,22965579
2023-04-12,Centro,Deportes,64,62076,3972864
2023-10-06,Centro,Tecnologia,157,165872,26041904
2024-10-04,Centro,Hogar,96,87973,8445408
2023-08-08,Norte,Electrodomesticos,54,147263,7952202
2023-02-26,Centro,Electrodomesticos,59,160669,9479471
2024-07-16,Sur,Electrodomesticos,9,117404,1056636
2023-07-08,Centro,Vestuario,195,40971,7989345
2023-05-06,Centro,Hogar,126,103296,13015296
2025-05-25,Centro,Deportes,83,63243,5249169
2025-10-26,Norte,Vestuario,113,47724,5392812
2023-02-23,Norte,Vestuario,143,46320,6623760
2024-01-28,Norte,Vestuario,118,45777,5401686
2024-07-07,Norte,Electrodomesticos,63,167910,10578330
2025-07-03,Sur,Deportes,73,60483,4415259
2025-12-08,Centro,Vestuario,254,51433,13063982
2024-01-19,Sur,Vestuario,147,40654,5976138
2025-03-11,Sur,Tecnologia,139,158426,22021214
2025-04-24,Norte,Hogar,108,105370,11379960
2024-06-16,Sur,Vestuario,147,51413,7557711
2025-09-30,Centro,Vestuario,160,32300,5168000
2025-04-04,Sur,Deportes,43,69026,2968118
2025-09-13,Sur,Hogar,53,99607,5279171
2024-01-07,Sur,Tecnologia,111,205461,22806171
2025-08-17,Centro,Hogar,117,91778,10738026
2024-01-04,Sur,Tecnologia,111,188440,20916840
2023-04-21,Centro,Vestuario,124,46282,5738968
2025-10-24,Centro,Hogar,103,98288,10123664
2025-06-04,Sur,Deportes,96,66264,6361344
2023-04-12,Norte,Electrodomesticos,23,157728,3627744
2023-09-15,Sur,Tecnologia,141,189487,26717667
2024-05-27,Sur,Tecnologia,116,159692,18524272
2025-10-24,Centro,Hogar,133,121777,16196341
2024-08-04,Sur,Hogar,103,86330,8891990
2023-12-28,Sur,Hogar,78,87676,6838728
2024-12-10,Sur,Electrodomesticos,44,186160,8191040
2025-02-19,Sur,Tecnologia,105,156836,16467780
2024-07-26,Sur,Hogar,68,98591,6704188
2024-03-02,Sur,Tecnologia,107,179831,19241917
2023-06-28,Sur,Hogar,153,83457,12768921
2024-12-12,Norte,Electrodomesticos,53,122875,6512375
2024-05-28,Centro,Vestuario,178,45874,8165572
2024-08-07,Sur,Tecnologia,105,164543,17277015
2023-12-19,Centro,Electrodomesticos,45,168103,7564635
2025-07-13,Centro,Electrodomesticos,41,144690,5932290
2025-12-25,Sur,Electrodomesticos,80,165071,13205680
2025-06-29,Centro,Tecnologia,149,184957,27558593
2023-01-10,Centro,Tecnologia,120,173611,20833320
2023-09-26,Norte,Deportes,90,68277,6144930
2024-04-25,Sur,Tecnologia,116,198000,22968000
2025-11-15,Centro,Electrodomesticos,74,158440,11724560
2024-12-02,Sur,Tecnologia,159,167295,26599905
2024-12-03,Norte,Deportes,41,70842,2904522
2025-07-15,Sur,Electrodomesticos,62,157565,9769030
2023-10-16,Centro,Electrodomesticos,121,206373,24971133
2024-05-21,Norte,Hogar,72,85538,6158736
2024-01-17,Centro,Electrodomesticos,111,174519,19371609
2024-10-25,Sur,Tecnologia,116,166705,19337780
2025-09-22,Norte,Vestuario,105,48244,5065620
2025-05-27,Centro,Hogar,142,79173,11242566
2024-11-18,Centro,Tecnologia,159,218727,34777593
2024-08-26,Centro,Tecnologia,145,201055,29152975
2023-10-08,Sur,Electrodomesticos,69,178854,12340926
2023-08-29,Centro,Tecnologia,158,179063,28291954
2025-07-10,Sur,Electrodomesticos,80,152761,12220880
2024-09-23,Norte,Deportes,52,60050,3122600
2025-04-13,Norte,Deportes,56,52440,2936640
2024-04-02,Norte,Hogar,75,106215,7966125
2024-08-07,Centro,Tecnologia,147,212797,31281159
2025-12-27,Sur,Hogar,94,106061,9969734
2025-08-12,Centro,Deportes,83,82394,6838702
2023-05-16,Norte,Electrodomesticos,45,128040,5761800
2024-01-27,Centro,Electrodomesticos,49,160566,7867734
2024-07-05,Centro,Electrodomesticos,97,172552,16737544
2025-03-08,Centro,Vestuario,212,50470,10699640
2025-04-04,Centro,Vestuario,149,52532,7827268
2024-11-27,Centro,Vestuario,244,57186,13953384
2025-01-03,Sur,Electrodomesticos,44,159396,7013424
2023-06-22,Sur,Hogar,93,91681,8526333
2025-12-26,Centro,Tecnologia,175,168637,29511475
2025-04-17,Norte,Electrodomesticos,39,179484,6999876
2025-02-15,Sur,Deportes,79,60395,4771205
2024-06-29,Centro,Hogar,118,85371,10073778
2025-11-29,Sur,Electrodomesticos,55,155321,8542655
2024-12-04,Centro,Tecnologia,179,138854,24854866
2023-08-06,Centro,Tecnologia,162,219386,35540532
2025-03-12,Sur,Electrodomesticos,57,149137,8500809
2024-10-01,Norte,Hogar,70,113826,7967820
2023-04-27,Centro,Electrodomesticos,40,159154,6366160
2024-08-11,Centro,Deportes,39,77811,3034629
2023-01-20,Centro,Tecnologia,187,190285,35583295
2023-12-01,Norte,Vestuario,142,41294,5863748
2024-01-26,Norte,Electrodomesticos,95,186058,17675510
