fecha,region,categoria,canal,dispositivo,segmento_cliente,sessions,conversions,conversion_rate,unidades_vendidas,precio_promedio,ventas_monto,nps
2024-11-27,Norte,Deportes,Organico,Mobile,Nuevo,1587,37,0.0233,37,60671,2244819,70
2025-01-09,Sur,Tecnologia,Referido,Mobile,Nuevo,942,21,0.0223,21,166491,3496305,33
2024-03-29,Centro,Deportes,Organico,Mobile,Nuevo,1124,24,0.0214,39,60509,1452221,35
2025-07-18,Centro,Tecnologia,Referido,Mobile,Nuevo,843,11,0.013,14,215655,2372206,37
2025-10-07,Sur,Electrodomesticos,Organico,Tablet,Recurrente,649,10,0.0154,15,118253,1182534,34
2024-02-20,Norte,Tecnologia,Referido,Mobile,Recurrente,628,10,0.0159,13,146241,1462413,33
2025-03-05,Norte,Electrodomesticos,Organico,Tablet,Recurrente,959,18,0.0188,20,152175,2739145,54
2025-07-27,Sur,Hogar,Organico,Tablet,Nuevo,116,0,0.0,1,92910,0,35
2025-01-16,Norte,Electrodomesticos,Organico,Tablet,Nuevo,607,5,0.0082,7,164522,822609,16
2025-09-25,Norte,Deportes,Referido,Desktop,Recurrente,683,16,0.0234,16,61819,989096,34
2025-04-21,Sur,Deportes,Email,Desktop,Nuevo,506,9,0.0178,10,64868,583810,44
2024-07-03,Sur,Hogar,Organico,Tablet,Recurrente,731,18,0.0246,25,94951,1709109,27
2025-06-21,Centro,Vestuario,Social,Desktop,Nuevo,875,12,0.0137,13,51009,612104,23
2024-04-30,Sur,Deportes,Pago,Desktop,Nuevo,1205,27,0.0224,30,58714,1585267,37
2025-05-15,Centro,Tecnologia,Organico,Tablet,Recurrente,1418,28,0.0197,35,186419,5219734,35
2024-12-14,Sur,Vestuario,Referido,Desktop,Recurrente,559,10,0.0179,10,51408,514077,39
2024-03-11,Norte,Vestuario,Social,Tablet,Nuevo,417,10,0.024,13,43445,434448,31
2024-03-03,Sur,Vestuario,Referido,Tablet,Recurrente,209,2,0.0096,2,53643,107285,29
2024-10-18,Sur,Deportes,Email,Mobile,Recurrente,616,16,0.026,16,56531,904489,41
2024-12-29,Norte,Electrodomesticos,Organico,Desktop,Nuevo,1153,23,0.0199,23,167356,3849179,36
2024-08-11,Centro,Hogar,Pago,Desktop,Recurrente,839,18,0.0215,21,80929,1456722,42
2025-05-23,Norte,Hogar,Social,Desktop,Recurrente,782,12,0.0153,12,91008,1092097,32
2024-05-20,Centro,Electrodomesticos,Email,Tablet,Recurrente,460,7,0.0152,11,128433,899032,34
2025-01-02,Sur,Deportes,Pago,Mobile,Nuevo,1371,21,0.0153,29,71925,1510415,23
2024-06-29,Norte,Hogar,Pago,Mobile,Recurrente,639,12,0.0188,13,101589,1219072,30
2025-08-26,Norte,Vestuario,Email,Mobile,Nuevo,660,17,0.0258,24,37847,643397,37
2025-03-05,Sur,Vestuario,Referido,Tablet,Recurrente,432,11,0.0255,11,62085,682932,37
2024-05-08,Sur,Electrodomesticos,Referido,Tablet,Nuevo,484,10,0.0207,10,154922,1549218,26
2025-04-12,Sur,Electrodomesticos,Social,Desktop,Recurrente,231,8,0.0346,8,163680,1309441,29
2025-02-07,Norte,Deportes,Social,Mobile,Nuevo,365,8,0.0219,8,65282,522259,33
2024-03-09,Norte,Deportes,Pago,Mobile,Recurrente,732,24,0.0328,37,58990,1415752,43
2025-09-07,Norte,Tecnologia,Organico,Tablet,Nuevo,537,8,0.0149,8,180396,1443168,26
2025-07-03,Norte,Vestuario,Referido,Mobile,Nuevo,645,15,0.0233,16,47141,707121,42
2024-07-31,Sur,Deportes,Pago,Tablet,Recurrente,576,12,0.0208,18,73150,877801,8
2024-12-21,Sur,Vestuario,Social,Mobile,Nuevo,522,14,0.0268,14,44419,621860,14
2025-05-14,Centro,Deportes,Social,Desktop,Nuevo,845,22,0.026,30,55935,1230578,36
2024-05-27,Norte,Vestuario,Email,Desktop,Nuevo,335,7,0.0209,9,44897,314277,36
2025-06-12,Norte,Hogar,Referido,Desktop,Nuevo,653,14,0.0214,16,97579,1366108,34
2025-12-07,Sur,Tecnologia,Referido,Desktop,Nuevo,623,15,0.0241,18,167721,2515820,31
2025-12-13,Centro,Electrodomesticos,Email,Mobile,Recurrente,689,9,0.0131,9,161816,1456342,36
2024-08-16,Sur,Electrodomesticos,Referido,Desktop,Nuevo,653,9,0.0138,9,158859,1429727,33
2025-09-19,Norte,Hogar,Social,Tablet,Nuevo,376,14,0.0372,19,90199,1262779,61
2024-07-23,Sur,Deportes,Email,Tablet,Nuevo,300,11,0.0367,12,48565,534210,41
2024-01-29,Centro,Deportes,Email,Mobile,Recurrente,755,18,0.0238,26,65997,1187940,43
2025-04-02,Sur,Vestuario,Email,Mobile,Nuevo,901,20,0.0222,23,40334,806677,24
2024-04-14,Norte,Deportes,Pago,Desktop,Nuevo,568,12,0.0211,12,57253,687034,42
2025-05-09,Sur,Electrodomesticos,Organico,Desktop,Recurrente,827,16,0.0193,23,177072,2833158,36
2025-10-20,Norte,Tecnologia,Social,Tablet,Nuevo,340,4,0.0118,4,148291,593164,36
2025-05-04,Norte,Deportes,Email,Mobile,Recurrente,809,16,0.0198,21,58771,940332,31
2025-04-19,Centro,Tecnologia,Pago,Mobile,Nuevo,1282,27,0.0211,37,172092,4646477,12
2024-01-29,Norte,Electrodomesticos,Social,Tablet,Nuevo,122,0,0.0,0,137335,0,29
2025-09-18,Sur,Deportes,Email,Mobile,Nuevo,804,19,0.0236,23,58945,1119954,40
2024-01-22,Norte,Tecnologia,Referido,Tablet,Nuevo,139,3,0.0216,4,182635,547905,53
2025-03-20,Norte,Hogar,Organico,Desktop,Nuevo,1422,23,0.0162,26,89817,2065789,45
2024-10-26,Sur,Hogar,Referido,Desktop,Recurrente,391,8,0.0205,11,90577,724618,45
2025-07-11,Centro,Hogar,Organico,Tablet,Recurrente,1289,33,0.0256,43,79042,2608380,46
2025-04-14,Sur,Electrodomesticos,Referido,Desktop,Nuevo,541,10,0.0185,17,135059,1350591,18
2025-06-28,Norte,Electrodomesticos,Referido,Mobile,Recurrente,394,1,0.0025,1,160779,160779,34
2024-07-06,Sur,Tecnologia,Pago,Mobile,Nuevo,676,13,0.0192,15,152794,1986323,31
2025-04-29,Sur,Tecnologia,Referido,Mobile,Recurrente,476,13,0.0273,17,168343,2188464,37
2025-11-29,Sur,Electrodomesticos,Referido,Desktop,Nuevo,566,8,0.0141,11,189275,1514202,25
2025-07-27,Norte,Hogar,Pago,Desktop,Nuevo,686,14,0.0204,16,86849,1215881,25
2024-04-10,Sur,Deportes,Referido,Mobile,Nuevo,184,2,0.0109,2,65220,130439,49
2025-03-29,Centro,Electrodomesticos,Referido,Tablet,Nuevo,619,14,0.0226,18,151723,2124119,31
2025-12-10,Centro,Deportes,Referido,Tablet,Recurrente,345,12,0.0348,15,57792,693504,48
2025-06-03,Norte,Electrodomesticos,Email,Tablet,Nuevo,465,8,0.0172,8,142240,1137922,27
2025-04-03,Norte,Deportes,Organico,Desktop,Recurrente,620,17,0.0274,19,53702,912938,50
2024-11-19,Norte,Hogar,Social,Mobile,Nuevo,502,11,0.0219,13,88302,971317,31
2025-11-16,Centro,Tecnologia,Pago,Tablet,Recurrente,958,14,0.0146,17,160819,2251464,35
2024-05-26,Centro,Hogar,Social,Mobile,Nuevo,647,8,0.0124,10,77514,620112,15
2025-02-11,Centro,Hogar,Pago,Mobile,Recurrente,1464,28,0.0191,28,110390,3090919,40
2025-06-11,Centro,Vestuario,Social,Mobile,Recurrente,1088,25,0.023,25,46104,1152599,45
2024-11-22,Norte,Vestuario,Organico,Desktop,Recurrente,797,23,0.0289,32,37708,867290,38
2025-03-27,Sur,Tecnologia,Social,Desktop,Recurrente,849,18,0.0212,21,186042,3348761,40
2025-06-08,Norte,Tecnologia,Pago,Mobile,Nuevo,653,11,0.0168,11,152650,1679144,38
2024-09-28,Centro,Tecnologia,Pago,Desktop,Nuevo,945,17,0.018,24,209783,3566316,42
2025-03-08,Sur,Vestuario,Social,Mobile,Recurrente,783,18,0.023,18,49062,883107,46
2025-12-18,Centro,Tecnologia,Email,Mobile,Nuevo,1179,19,0.0161,20,168365,3198936,36
2025-03-11,Norte,Vestuario,Organico,Tablet,Nuevo,427,5,0.0117,8,51828,259139,33
2024-09-23,Norte,Electrodomesticos,Pago,Mobile,Recurrente,1138,25,0.022,25,195039,4875983,35
2024-05-04,Centro,Tecnologia,Email,Tablet,Recurrente,199,3,0.0151,7,229639,688917,51
2024-10-01,Sur,Hogar,Organico,Tablet,Nuevo,620,6,0.0097,7,96823,580935,42
2024-04-22,Norte,Vestuario,Organico,Mobile,Nuevo,1012,24,0.0237,25,49272,1182527,43
2024-11-15,Sur,Vestuario,Referido,Mobile,Recurrente,570,20,0.0351,20,52093,1041854,25
2025-04-01,Sur,Hogar,Email,Desktop,Nuevo,574,17,0.0296,17,72812,1237797,48
2024-09-13,Norte,Tecnologia,Organico,Tablet,Nuevo,733,12,0.0164,13,187699,2252386,35
2025-06-10,Centro,Hogar,Social,Mobile,Recurrente,1025,25,0.0244,33,97530,2438245,36
2025-11-03,Centro,Electrodomesticos,Social,Tablet,Recurrente,598,14,0.0234,14,200035,2800486,14
2025-12-05,Norte,Hogar,Email,Mobile,Nuevo,948,14,0.0148,26,111101,1555416,31
2025-02-18,Centro,Tecnologia,Pago,Mobile,Nuevo,1865,23,0.0123,23,182983,4208619,36
2025-10-02,Sur,Vestuario,Social,Mobile,Nuevo,829,23,0.0277,23,37105,853419,30
2024-03-27,Sur,Deportes,Referido,Tablet,Recurrente,376,10,0.0266,10,64418,644180,49
2025-09-05,Norte,Vestuario,Organico,Desktop,Nuevo,570,10,0.0175,11,41300,413004,33
2024-06-10,Centro,Deportes,Organico,Desktop,Recurrente,656,19,0.029,20,63058,1198099,48
2024-12-02,Sur,Vestuario,Pago,Mobile,Recurrente,1452,26,0.0179,26,48706,1266361,48
2024-08-11,Centro,Hogar,Organico,Desktop,Recurrente,1324,24,0.0181,32,91672,2200138,32
2024-03-26,Centro,Vestuario,Referido,Tablet,Nuevo,208,4,0.0192,5,39242,156968,21
2024-09-11,Sur,Tecnologia,Organico,Desktop,Nuevo,457,11,0.0241,11,202695,2229641,44
2024-05-27,Centro,Electrodomesticos,Organico,Desktop,Nuevo,1253,17,0.0136,23,119506,2031607,36
2024-11-02,Centro,Hogar,Organico,Tablet,Nuevo,1219,20,0.0164,34,85973,1719469,27
2025-11-04,Sur,Electrodomesticos,Social,Desktop,Recurrente,1359,22,0.0162,31,179508,3949178,34
2024-06-02,Centro,Electrodomesticos,Pago,Mobile,Recurrente,880,14,0.0159,20,149046,2086637,54
2025-12-18,Sur,Hogar,Referido,Tablet,Nuevo,468,10,0.0214,10,83242,832416,33
2025-12-03,Sur,Hogar,Organico,Mobile,Nuevo,1138,25,0.022,25,80067,2001668,27
2024-05-16,Sur,Vestuario,Organico,Desktop,Recurrente,849,25,0.0294,30,43395,1084869,22
2025-07-25,Norte,Tecnologia,Referido,Tablet,Nuevo,83,3,0.0361,3,164330,492989,19
2025-05-16,Centro,Tecnologia,Social,Mobile,Nuevo,786,20,0.0254,20,156779,3135572,33
2025-11-06,Sur,Tecnologia,Social,Desktop,Nuevo,842,21,0.0249,25,171124,3593606,41
2024-09-28,Norte,Hogar,Pago,Tablet,Recurrente,572,9,0.0157,9,105099,945886,40
2025-05-20,Centro,Tecnologia,Social,Tablet,Recurrente,781,14,0.0179,19,199850,2797900,30
2024-02-17,Sur,Hogar,Organico,Tablet,Nuevo,713,9,0.0126,11,67953,611573,31
2024-12-05,Centro,Vestuario,Referido,Tablet,Nuevo,545,15,0.0275,18,39792,596877,16
2024-01-13,Centro,Tecnologia,Social,Desktop,Nuevo,788,14,0.0178,18,175267,2453741,29
2025-12-09,Norte,Deportes,Email,Tablet,Recurrente,236,9,0.0381,13,69940,629457,35
2025-04-20,Centro,Deportes,Organico,Tablet,Nuevo,1200,21,0.0175,21,73068,1534432,43
2024-11-15,Norte,Deportes,Organico,Desktop,Recurrente,723,28,0.0387,40,49828,1395193,46
2024-03-19,Sur,Deportes,Email,Desktop,Nuevo,1016,27,0.0266,32,62656,1691706,35
2024-08-03,Norte,Electrodomesticos,Organico,Mobile,Recurrente,796,14,0.0176,17,161631,2262827,32
2025-01-03,Norte,Electrodomesticos,Referido,Desktop,Nuevo,315,2,0.0063,2,144184,288367,24
2025-12-21,Centro,Hogar,Social,Desktop,Recurrente,629,15,0.0238,20,90390,1355843,55
2024-01-26,Norte,Tecnologia,Social,Tablet,Recurrente,268,3,0.0112,3,200084,600251,51
2025-02-19,Centro,Hogar,Social,Desktop,Recurrente,683,10,0.0146,14,79333,793326,32
2024-11-19,Norte,Vestuario,Organico,Desktop,Recurrente,1025,33,0.0322,36,46455,1533027,30
2025-02-11,Norte,Hogar,Organico,Tablet,Recurrente,733,15,0.0205,15,98545,1478170,54
2024-09-16,Centro,Tecnologia,Social,Desktop,Nuevo,1122,34,0.0303,38,176366,5996431,41
2025-01-04,Centro,Vestuario,Organico,Desktop,Nuevo,588,9,0.0153,11,47000,422998,22
2024-02-22,Sur,Vestuario,Pago,Mobile,Recurrente,859,19,0.0221,19,42040,798751,35
2025-03-22,Sur,Vestuario,Pago,Desktop,Recurrente,1283,42,0.0327,52,44277,1859644,35
2024-01-30,Sur,Deportes,Referido,Tablet,Nuevo,501,12,0.024,23,55698,668380,51
2024-03-23,Norte,Deportes,Social,Tablet,Nuevo,370,7,0.0189,11,55495,388465,46
2025-10-21,Centro,Deportes,Organico,Tablet,Nuevo,1010,21,0.0208,28,56711,1190928,41
2024-06-23,Centro,Deportes,Email,Desktop,Recurrente,912,29,0.0318,29,57424,1665294,43
2024-09-18,Sur,Vestuario,Social,Tablet,Nuevo,710,16,0.0225,19,47419,758711,16
2024-11-04,Centro,Electrodomesticos,Social,Mobile,Nuevo,1157,19,0.0164,19,174298,3311667,15
2025-10-20,Norte,Tecnologia,Pago,Tablet,Recurrente,780,22,0.0282,31,187193,4118238,36
2025-07-17,Norte,Deportes,Email,Desktop,Recurrente,446,9,0.0202,11,71681,645127,34
2024-05-22,Sur,Hogar,Pago,Mobile,Nuevo,1305,20,0.0153,20,97527,1950543,31
2024-12-16,Sur,Tecnologia,Email,Mobile,Recurrente,519,25,0.0482,25,177370,4434248,39
2024-09-21,Sur,Hogar,Organico,Tablet,Recurrente,500,11,0.022,15,119491,1314396,54
2025-01-27,Centro,Electrodomesticos,Pago,Desktop,Recurrente,1358,33,0.0243,48,166693,5500871,34
2024-12-12,Norte,Deportes,Email,Tablet,Recurrente,399,14,0.0351,17,70671,989400,61
2024-05-08,Sur,Electrodomesticos,Referido,Tablet,Nuevo,388,7,0.018,7,157661,1103625,22
2024-04-04,Centro,Hogar,Social,Desktop,Recurrente,1235,15,0.0121,16,91182,1367727,44
2025-03-18,Centro,Tecnologia,Pago,Mobile,Recurrente,1368,26,0.019,26,206073,5357885,25
2025-12-27,Centro,Electrodomesticos,Social,Mobile,Nuevo,1117,13,0.0116,14,166576,2165493,19
2025-02-04,Sur,Deportes,Social,Mobile,Nuevo,755,12,0.0159,12,65792,789501,40
2024-08-17,Norte,Hogar,Referido,Tablet,Nuevo,283,5,0.0177,6,103766,518831,38
2025-12-18,Sur,Deportes,Organico,Tablet,Nuevo,680,15,0.0221,16,48437,726552,28
2024-01-02,Norte,Hogar,Referido,Mobile,Recurrente,314,6,0.0191,9,108697,652184,43
2024-05-11,Sur,Vestuario,Referido,Tablet,Recurrente,347,10,0.0288,10,57585,575851,12
2025-12-16,Norte,Tecnologia,Organico,Desktop,Nuevo,841,13,0.0155,19,164258,2135348,53
2025-02-01,Centro,Hogar,Referido,Mobile,Nuevo,690,14,0.0203,23,91196,1276738,29
2025-07-04,Centro,Deportes,Email,Desktop,Nuevo,860,10,0.0116,10,69424,694236,24
2025-05-01,Sur,Hogar,Referido,Mobile,Nuevo,690,13,0.0188,16,84560,1099282,43
2025-02-25,Sur,Vestuario,Organico,Mobile,Nuevo,1373,27,0.0197,41,41567,1122298,27
2025-05-25,Sur,Deportes,Organico,Desktop,Nuevo,1057,17,0.0161,22,66270,1126592,52
2025-11-14,Centro,Vestuario,Pago,Desktop,Nuevo,1529,20,0.0131,32,45494,909879,21
2025-12-13,Centro,Deportes,Email,Tablet,Recurrente,513,13,0.0253,14,49251,640262,53
2024-07-21,Norte,Vestuario,Referido,Mobile,Nuevo,691,18,0.026,18,43630,785332,23
2025-05-22,Norte,Vestuario,Pago,Mobile,Recurrente,1138,25,0.022,26,39099,977476,36
2024-08-14,Centro,Vestuario,Organico,Tablet,Recurrente,504,17,0.0337,20,60430,1027309,39
2025-09-16,Norte,Hogar,Social,Desktop,Nuevo,192,2,0.0104,4,72534,145067,40
2025-09-01,Norte,Deportes,Organico,Mobile,Nuevo,558,6,0.0108,7,60140,360838,31
2025-09-02,Norte,Deportes,Organico,Tablet,Nuevo,814,17,0.0209,25,55533,944056,37
2024-07-07,Centro,Deportes,Email,Tablet,Nuevo,640,10,0.0156,14,70963,709628,72
2024-03-22,Norte,Vestuario,Pago,Mobile,Recurrente,399,14,0.0351,19,50051,700715,37
2024-02-02,Centro,Deportes,Email,Desktop,Recurrente,849,19,0.0224,22,69019,1311356,51
2024-06-22,Norte,Tecnologia,Organico,Desktop,Nuevo,1029,25,0.0243,47,204634,5115855,37
2024-12-25,Centro,Tecnologia,Referido,Mobile,Recurrente,654,13,0.0199,14,179992,2339901,28
2024-12-31,Centro,Deportes,Organico,Mobile,Recurrente,594,13,0.0219,13,71828,933761,41
2024-07-19,Centro,Electrodomesticos,Social,Mobile,Recurrente,1170,33,0.0282,33,191099,6306277,45
2025-01-07,Sur,Deportes,Organico,Tablet,Recurrente,884,19,0.0215,19,51123,971333,39
2024-09-10,Sur,Deportes,Organico,Desktop,Nuevo,768,12,0.0156,19,64274,771289,40
2025-04-20,Norte,Tecnologia,Email,Mobile,Nuevo,579,16,0.0276,24,205852,3293629,47
2025-09-12,Centro,Vestuario,Email,Desktop,Nuevo,306,12,0.0392,12,41032,492386,16
2024-09-25,Sur,Vestuario,Email,Desktop,Nuevo,347,8,0.0231,12,36588,292707,45
2025-09-01,Sur,Tecnologia,Organico,Mobile,Nuevo,1016,25,0.0246,36,196319,4907976,31
2025-05-01,Sur,Deportes,Social,Desktop,Recurrente,780,18,0.0231,19,65714,1182853,38
2025-05-20,Norte,Deportes,Pago,Mobile,Recurrente,1023,16,0.0156,16,69176,1106822,27
2025-12-09,Norte,Electrodomesticos,Pago,Desktop,Recurrente,1361,25,0.0184,31,167513,4187820,27
2025-04-16,Centro,Electrodomesticos,Organico,Tablet,Nuevo,1106,18,0.0163,18,136831,2462966,30
2025-02-05,Norte,Hogar,Social,Mobile,Nuevo,1006,22,0.0219,27,97977,2155494,49
2025-05-08,Sur,Electrodomesticos,Email,Mobile,Recurrente,1065,19,0.0178,22,151989,2887793,23
2024-04-17,Norte,Vestuario,Referido,Mobile,Nuevo,682,12,0.0176,12,41223,494672,25
2024-04-08,Centro,Deportes,Social,Mobile,Nuevo,616,7,0.0114,7,51417,359919,49
2024-05-16,Centro,Deportes,Referido,Tablet,Nuevo,490,5,0.0102,5,59066,295331,28
2025-07-05,Sur,Tecnologia,Email,Desktop,Recurrente,409,11,0.0269,18,210248,2312724,50
2025-08-03,Centro,Vestuario,Email,Tablet,Recurrente,535,14,0.0262,18,45564,637892,42
2024-07-22,Centro,Hogar,Pago,Mobile,Nuevo,625,6,0.0096,10,92672,556033,44
2024-06-06,Centro,Electrodomesticos,Pago,Desktop,Nuevo,2098,34,0.0162,40,145853,4959013,21
2025-02-09,Centro,Hogar,Referido,Tablet,Nuevo,443,5,0.0113,9,95048,475239,48
2025-10-27,Norte,Deportes,Organico,Mobile,Nuevo,212,3,0.0142,4,58977,176931,55
2025-05-01,Norte,Deportes,Email,Mobile,Recurrente,840,26,0.031,30,68134,1771477,51
2024-08-26,Norte,Tecnologia,Pago,Tablet,Nuevo,846,22,0.026,38,190364,4188008,18
2024-03-17,Centro,Electrodomesticos,Pago,Desktop,Recurrente,1658,40,0.0241,48,197616,7904636,50
2025-11-11,Norte,Tecnologia,Referido,Tablet,Recurrente,320,12,0.0375,24,248188,2978250,33
2024-08-10,Norte,Vestuario,Email,Mobile,Nuevo,420,13,0.031,13,41359,537672,34
2024-07-27,Centro,Tecnologia,Referido,Tablet,Nuevo,390,12,0.0308,14,142632,1711587,38
2024-01-12,Centro,Deportes,Email,Mobile,Recurrente,741,18,0.0243,18,61347,1104240,56
2024-03-20,Norte,Tecnologia,Social,Tablet,Recurrente,250,8,0.032,12,206322,1650575,40
2024-03-05,Centro,Tecnologia,Social,Tablet,Nuevo,585,13,0.0222,13,147879,1922425,34
2025-10-16,Sur,Tecnologia,Pago,Desktop,Recurrente,725,15,0.0207,15,174342,2615128,46
2025-02-23,Centro,Vestuario,Social,Mobile,Recurrente,853,22,0.0258,23,34910,768009,34
2025-08-03,Centro,Deportes,Social,Mobile,Recurrente,842,17,0.0202,17,65413,1112017,30
2025-10-21,Norte,Deportes,Social,Mobile,Nuevo,645,12,0.0186,20,59529,714347,50
2025-03-20,Norte,Deportes,Organico,Mobile,Recurrente,678,21,0.031,22,78266,1643587,30
2025-08-14,Centro,Deportes,Pago,Mobile,Nuevo,954,10,0.0105,16,54799,547991,20
2024-02-22,Sur,Hogar,Social,Mobile,Recurrente,1092,19,0.0174,19,102222,1942216,38
2025-05-31,Norte,Hogar,Email,Desktop,Nuevo,430,4,0.0093,5,81883,327530,42
2025-06-17,Norte,Tecnologia,Organico,Desktop,Recurrente,214,11,0.0514,21,158042,1738462,30
2024-07-21,Centro,Hogar,Organico,Desktop,Recurrente,599,19,0.0317,23,98491,1871324,42
2024-02-24,Sur,Deportes,Organico,Tablet,Nuevo,716,15,0.0209,15,69755,1046323,35
2025-10-17,Norte,Electrodomesticos,Social,Tablet,Nuevo,477,9,0.0189,9,149247,1343221,36
2025-04-29,Norte,Electrodomesticos,Pago,Mobile,Recurrente,636,8,0.0126,8,158771,1270167,41
2025-06-14,Norte,Deportes,Email,Mobile,Nuevo,679,20,0.0295,23,63161,1263229,36
2024-09-09,Sur,Hogar,Organico,Tablet,Nuevo,275,5,0.0182,6,94209,471047,43
2025-11-14,Centro,Tecnologia,Social,Tablet,Recurrente,1075,33,0.0307,46,177427,5855095,40
2025-07-17,Sur,Vestuario,Social,Desktop,Nuevo,507,12,0.0237,15,46106,553276,12
2025-03-11,Centro,Vestuario,Social,Tablet,Recurrente,662,12,0.0181,21,43367,520403,17
2024-07-02,Norte,Tecnologia,Referido,Desktop,Recurrente,733,23,0.0314,23,217639,5005696,23
2024-08-28,Centro,Electrodomesticos,Social,Mobile,Recurrente,1300,22,0.0169,22,147508,3245181,46
2025-02-13,Norte,Tecnologia,Pago,Desktop,Recurrente,1058,23,0.0217,23,212382,4884784,32
2025-01-09,Norte,Deportes,Referido,Tablet,Nuevo,257,5,0.0195,6,53992,269959,40
2024-02-11,Sur,Hogar,Organico,Tablet,Recurrente,406,10,0.0246,11,93407,934069,27
2025-06-07,Norte,Tecnologia,Referido,Desktop,Nuevo,376,10,0.0266,10,191966,1919663,51
2024-01-27,Norte,Electrodomesticos,Organico,Mobile,Nuevo,1042,8,0.0077,9,146144,1169154,39
2025-05-18,Centro,Hogar,Pago,Mobile,Recurrente,1354,18,0.0133,23,101023,1818416,56
2025-09-17,Centro,Hogar,Email,Tablet,Recurrente,613,14,0.0228,15,90930,1273017,48
2025-04-12,Norte,Vestuario,Referido,Desktop,Nuevo,167,6,0.0359,6,38062,228372,28
2025-08-29,Centro,Electrodomesticos,Referido,Mobile,Recurrente,450,8,0.0178,10,140222,1121776,16
2025-01-16,Norte,Hogar,Pago,Desktop,Nuevo,724,16,0.0221,19,87424,1398788,52
2025-10-13,Centro,Vestuario,Social,Mobile,Recurrente,1013,28,0.0276,28,57530,1610826,28
2024-04-27,Sur,Tecnologia,Email,Desktop,Nuevo,534,17,0.0318,20,173330,2946614,33
2024-09-15,Sur,Deportes,Email,Desktop,Recurrente,389,5,0.0129,5,62737,313685,52
2025-01-12,Sur,Hogar,Email,Desktop,Nuevo,385,7,0.0182,7,75685,529796,43
2025-03-28,Norte,Hogar,Referido,Tablet,Nuevo,329,10,0.0304,10,103274,1032743,34
2024-10-30,Sur,Vestuario,Email,Tablet,Recurrente,415,8,0.0193,8,49650,397196,38
2024-01-02,Sur,Tecnologia,Pago,Mobile,Recurrente,1317,27,0.0205,27,198364,5355831,25
2025-09-22,Sur,Deportes,Social,Tablet,Recurrente,397,13,0.0327,20,68915,895893,33
2024-02-18,Norte,Deportes,Pago,Tablet,Nuevo,774,9,0.0116,10,64530,580771,55
2024-01-23,Norte,Tecnologia,Referido,Desktop,Recurrente,408,4,0.0098,5,167622,670488,44
2024-04-18,Sur,Vestuario,Referido,Mobile,Recurrente,482,10,0.0207,12,43385,433851,45
2025-08-20,Centro,Electrodomesticos,Pago,Mobile,Recurrente,750,12,0.016,12,198521,2382248,33
2025-09-30,Centro,Hogar,Pago,Mobile,Nuevo,655,5,0.0076,5,92119,460594,38
2025-12-25,Norte,Deportes,Organico,Mobile,Nuevo,1530,39,0.0255,39,58272,2272620,37
2025-11-12,Centro,Deportes,Email,Mobile,Nuevo,1186,28,0.0236,43,59162,1656529,35
2025-10-22,Sur,Vestuario,Referido,Tablet,Recurrente,372,12,0.0323,12,45628,547533,44
2025-09-08,Sur,Deportes,Pago,Mobile,Nuevo,442,5,0.0113,7,62517,312587,35
2024-02-15,Norte,Electrodomesticos,Organico,Desktop,Nuevo,940,11,0.0117,16,176076,1936839,27
2024-08-31,Norte,Tecnologia,Organico,Mobile,Nuevo,1238,22,0.0178,22,143207,3150555,31
2024-05-25,Centro,Hogar,Referido,Tablet,Recurrente,550,15,0.0273,23,87974,1319611,26
2025-09-19,Norte,Electrodomesticos,Email,Mobile,Recurrente,766,14,0.0183,19,184519,2583272,37
2025-10-02,Norte,Deportes,Referido,Mobile,Recurrente,625,12,0.0192,15,53219,638628,56
2025-03-23,Sur,Deportes,Organico,Tablet,Recurrente,447,15,0.0336,16,60054,900812,53
2024-06-28,Norte,Tecnologia,Email,Mobile,Nuevo,472,7,0.0148,7,142252,995762,35
2024-05-06,Centro,Vestuario,Organico,Desktop,Recurrente,1417,41,0.0289,46,48575,1991583,30
2025-12-03,Sur,Vestuario,Email,Tablet,Nuevo,374,10,0.0267,15,49251,492508,24
2024-03-28,Sur,Tecnologia,Pago,Desktop,Nuevo,719,12,0.0167,18,196667,2360002,27
2024-07-26,Norte,Vestuario,Pago,Desktop,Recurrente,805,17,0.0211,22,61732,1049442,28
2025-09-07,Norte,Deportes,Referido,Desktop,Recurrente,284,8,0.0282,8,70993,567943,49
2025-06-27,Sur,Tecnologia,Organico,Desktop,Nuevo,1195,29,0.0243,41,161534,4684481,36
2025-08-07,Centro,Hogar,Social,Tablet,Nuevo,542,13,0.024,16,102219,1328849,35
2025-08-01,Norte,Hogar,Organico,Mobile,Nuevo,656,9,0.0137,9,92141,829272,48
2024-04-19,Sur,Hogar,Email,Mobile,Nuevo,811,16,0.0197,18,75625,1209992,46
2024-02-01,Norte,Hogar,Organico,Tablet,Nuevo,431,6,0.0139,6,78285,469707,30
2024-02-17,Norte,Electrodomesticos,Email,Mobile,Nuevo,570,13,0.0228,16,116580,1515542,26
2025-12-29,Centro,Tecnologia,Pago,Mobile,Nuevo,1931,16,0.0083,19,172316,2757063,41
2024-04-24,Norte,Tecnologia,Organico,Tablet,Recurrente,568,21,0.037,21,233754,4908841,35
2025-05-03,Norte,Hogar,Organico,Tablet,Nuevo,567,4,0.0071,4,86698,346791,50
2024-10-28,Centro,Vestuario,Social,Desktop,Nuevo,756,16,0.0212,16,37039,592627,11
2024-12-25,Centro,Vestuario,Organico,Tablet,Recurrente,1145,33,0.0288,39,44216,1459122,24
2024-11-24,Sur,Electrodomesticos,Social,Desktop,Nuevo,339,10,0.0295,10,164204,1642042,30
2025-02-26,Norte,Deportes,Referido,Mobile,Recurrente,101,3,0.0297,3,71848,215544,28
2025-04-25,Sur,Tecnologia,Referido,Tablet,Nuevo,172,4,0.0233,4,177761,711045,58
2024-04-03,Sur,Vestuario,Pago,Desktop,Nuevo,778,20,0.0257,22,43259,865177,31
2025-06-20,Norte,Vestuario,Organico,Mobile,Recurrente,667,20,0.03,20,50206,1004112,34
2025-05-17,Norte,Deportes,Pago,Desktop,Recurrente,1023,31,0.0303,31,68844,2134149,49
2025-06-11,Centro,Electrodomesticos,Pago,Desktop,Nuevo,1057,14,0.0132,17,179290,2510058,36
2025-12-17,Norte,Deportes,Pago,Mobile,Nuevo,1196,24,0.0201,27,49011,1176261,19
2025-05-17,Sur,Electrodomesticos,Organico,Tablet,Recurrente,983,21,0.0214,21,172828,3629393,30
2024-12-30,Norte,Deportes,Social,Tablet,Nuevo,681,10,0.0147,14,62160,621595,48
2025-03-08,Sur,Tecnologia,Email,Mobile,Recurrente,622,11,0.0177,14,190952,2100476,54
2024-09-26,Centro,Electrodomesticos,Referido,Mobile,Recurrente,872,21,0.0241,21,153877,3231415,63
2025-10-07,Norte,Deportes,Pago,Tablet,Nuevo,478,8,0.0167,11,59421,475368,30
2024-12-22,Sur,Vestuario,Referido,Mobile,Recurrente,351,8,0.0228,9,53167,425338,32
2025-11-08,Sur,Vestuario,Pago,Desktop,Recurrente,1239,43,0.0347,43,45792,1969034,64
2025-12-06,Centro,Electrodomesticos,Pago,Mobile,Recurrente,1203,17,0.0141,17,209112,3554904,20
2025-04-18,Sur,Hogar,Referido,Mobile,Recurrente,688,19,0.0276,23,108815,2067479,40
2024-11-04,Sur,Electrodomesticos,Pago,Tablet,Nuevo,269,7,0.026,7,166720,1167037,27
2024-09-10,Sur,Vestuario,Referido,Tablet,Recurrente,362,11,0.0304,11,54987,604859,37
2024-06-13,Norte,Vestuario,Pago,Desktop,Nuevo,752,14,0.0186,14,36414,509801,18
2024-06-17,Sur,Tecnologia,Pago,Desktop,Nuevo,869,17,0.0196,21,159922,2718665,35
2024-05-31,Centro,Vestuario,Social,Desktop,Nuevo,799,24,0.03,24,44070,1057677,41
2024-04-21,Sur,Tecnologia,Email,Mobile,Recurrente,516,7,0.0136,11,143494,1004455,23
2025-04-20,Norte,Tecnologia,Social,Desktop,Nuevo,886,21,0.0237,22,178315,3744618,21
2025-05-27,Sur,Vestuario,Social,Mobile,Nuevo,640,16,0.025,16,50774,812391,29
2024-09-20,Sur,Deportes,Organico,Tablet,Nuevo,909,12,0.0132,20,58141,697690,40
2025-03-16,Sur,Electrodomesticos,Referido,Tablet,Recurrente,353,8,0.0227,17,170263,1362101,27
2024-08-22,Sur,Electrodomesticos,Pago,Tablet,Nuevo,1018,21,0.0206,33,139212,2923457,25
2025-10-18,Norte,Deportes,Social,Desktop,Recurrente,504,14,0.0278,14,55552,777725,36
2025-10-05,Sur,Tecnologia,Social,Mobile,Recurrente,797,18,0.0226,18,201864,3633551,22
2025-12-31,Sur,Hogar,Email,Desktop,Recurrente,882,20,0.0227,28,103078,2061569,29
2025-04-11,Norte,Electrodomesticos,Social,Tablet,Nuevo,562,12,0.0214,14,160063,1920761,20
2025-11-01,Centro,Tecnologia,Social,Desktop,Nuevo,784,13,0.0166,13,171975,2235677,44
2024-02-09,Centro,Electrodomesticos,Pago,Mobile,Nuevo,1057,15,0.0142,18,166054,2490809,16
2025-06-15,Centro,Tecnologia,Referido,Desktop,Nuevo,604,11,0.0182,15,204942,2254361,32
2025-05-02,Sur,Tecnologia,Email,Tablet,Recurrente,291,7,0.0241,10,190099,1330694,49
2025-02-24,Sur,Deportes,Pago,Tablet,Nuevo,495,10,0.0202,11,62613,626126,50
2025-02-05,Sur,Tecnologia,Referido,Desktop,Nuevo,467,8,0.0171,8,207587,1660695,30
2024-09-15,Centro,Deportes,Social,Mobile,Nuevo,1347,19,0.0141,21,61720,1172673,44
2024-03-17,Centro,Deportes,Email,Tablet,Recurrente,601,14,0.0233,14,71997,1007952,43
2024-04-21,Norte,Vestuario,Social,Tablet,Nuevo,562,8,0.0142,14,53614,428908,30
2025-02-05,Centro,Hogar,Pago,Mobile,Nuevo,2128,41,0.0193,42,88276,3619328,25
2025-10-11,Norte,Deportes,Referido,Tablet,Nuevo,92,4,0.0435,4,63341,253365,45
2024-05-29,Centro,Deportes,Social,Desktop,Nuevo,1156,31,0.0268,31,56498,1751428,36
2025-04-25,Centro,Hogar,Email,Tablet,Recurrente,588,15,0.0255,15,114073,1711090,42
2025-12-04,Centro,Deportes,Pago,Desktop,Nuevo,1756,22,0.0125,26,54999,1209984,19
2024-10-14,Centro,Hogar,Email,Desktop,Recurrente,750,18,0.024,22,99329,1787914,45
2025-05-11,Centro,Electrodomesticos,Organico,Tablet,Recurrente,968,23,0.0238,32,149308,3434087,20
2024-06-05,Centro,Deportes,Organico,Mobile,Recurrente,934,24,0.0257,29,62985,1511644,29
2024-05-23,Sur,Vestuario,Referido,Mobile,Nuevo,875,24,0.0274,28,43958,1054995,39
2024-08-02,Norte,Vestuario,Email,Tablet,Nuevo,89,1,0.0112,1,43544,43544,24
2025-08-15,Norte,Hogar,Pago,Desktop,Recurrente,1032,29,0.0281,35,100509,2914768,72
2024-06-05,Norte,Deportes,Referido,Mobile,Nuevo,440,11,0.025,17,55445,609895,45
2025-11-15,Sur,Vestuario,Pago,Desktop,Nuevo,1166,28,0.024,32,47412,1327525,19
2025-06-27,Norte,Deportes,Organico,Tablet,Nuevo,350,12,0.0343,13,46751,561006,45
2024-09-27,Centro,Hogar,Pago,Desktop,Recurrente,1619,41,0.0253,41,100980,4140199,42
2025-07-24,Norte,Deportes,Social,Mobile,Recurrente,1010,23,0.0228,23,69162,1590734,36
2024-09-09,Centro,Hogar,Referido,Tablet,Nuevo,383,6,0.0157,6,98728,592370,22
2024-06-13,Centro,Deportes,Referido,Desktop,Recurrente,490,8,0.0163,13,68494,547954,40
2025-04-21,Centro,Deportes,Social,Tablet,Nuevo,408,11,0.027,11,56770,624465,44
2024-07-03,Sur,Vestuario,Organico,Mobile,Nuevo,1298,30,0.0231,41,41062,1231861,39
2025-11-29,Sur,Vestuario,Organico,Tablet,Recurrente,874,27,0.0309,32,51437,1388808,30
2025-05-11,Norte,Tecnologia,Pago,Tablet,Recurrente,759,18,0.0237,18,192612,3467022,38
2025-10-02,Norte,Vestuario,Organico,Tablet,Recurrente,250,7,0.028,22,50830,355809,41
2024-12-15,Centro,Electrodomesticos,Referido,Mobile,Recurrente,966,22,0.0228,22,161072,3543592,42
2025-03-21,Centro,Deportes,Email,Tablet,Nuevo,370,7,0.0189,7,59528,416694,34
2024-10-23,Centro,Vestuario,Social,Desktop,Recurrente,1258,49,0.039,62,54449,2668014,39
2025-05-30,Centro,Electrodomesticos,Email,Mobile,Recurrente,843,19,0.0225,23,142576,2708944,44
2024-04-30,Centro,Hogar,Email,Tablet,Recurrente,600,17,0.0283,17,83315,1416354,46
2024-05-10,Sur,Tecnologia,Organico,Desktop,Recurrente,1082,29,0.0268,43,172702,5008368,44
2025-07-12,Sur,Tecnologia,Social,Desktop,Nuevo,632,11,0.0174,11,188298,2071279,39
2024-01-07,Norte,Hogar,Social,Tablet,Nuevo,411,10,0.0243,10,95627,956271,27
2025-05-27,Sur,Electrodomesticos,Social,Tablet,Nuevo,589,8,0.0136,8,140068,1120545,19
2025-10-03,Sur,Electrodomesticos,Organico,Mobile,Nuevo,1139,12,0.0105,12,142306,1707674,34
2025-11-14,Sur,Deportes,Pago,Mobile,Nuevo,923,13,0.0141,13,67284,874686,32
2024-02-07,Centro,Tecnologia,Organico,Desktop,Nuevo,1634,16,0.0098,18,225742,3611874,40
2024-11-12,Sur,Vestuario,Email,Mobile,Recurrente,810,23,0.0284,30,43363,997348,48
2024-02-05,Centro,Tecnologia,Social,Tablet,Nuevo,504,15,0.0298,15,206727,3100902,28
2025-05-24,Sur,Electrodomesticos,Organico,Mobile,Recurrente,1224,27,0.0221,41,121216,3272820,38
2025-08-12,Sur,Deportes,Social,Mobile,Nuevo,1337,19,0.0142,19,42000,798000,35
2025-11-27,Centro,Electrodomesticos,Referido,Tablet,Nuevo,663,12,0.0181,17,168082,2016980,31
2025-05-01,Centro,Electrodomesticos,Organico,Mobile,Recurrente,1418,26,0.0183,29,213752,5557548,36
2024-08-05,Norte,Tecnologia,Social,Mobile,Nuevo,887,16,0.018,17,187153,2994443,31
2025-12-01,Sur,Tecnologia,Organico,Mobile,Nuevo,661,13,0.0197,13,158097,2055264,41
2024-05-12,Centro,Tecnologia,Email,Tablet,Nuevo,568,14,0.0246,17,187192,2620682,23
2025-04-06,Sur,Hogar,Organico,Desktop,Nuevo,585,11,0.0188,11,104400,1148400,21
2024-03-27,Centro,Electrodomesticos,Social,Desktop,Recurrente,775,17,0.0219,17,151968,2583455,24
2024-02-23,Sur,Tecnologia,Organico,Mobile,Nuevo,999,22,0.022,36,183375,4034243,21
2025-10-28,Sur,Electrodomesticos,Organico,Desktop,Recurrente,585,15,0.0256,15,177478,2662167,39
2024-11-15,Sur,Electrodomesticos,Pago,Desktop,Nuevo,400,5,0.0125,6,142597,712986,37
2024-11-19,Centro,Electrodomesticos,Social,Desktop,Nuevo,1650,25,0.0152,36,144349,3608728,38
2024-05-28,Norte,Vestuario,Pago,Tablet,Recurrente,687,22,0.032,22,42519,935416,46
2025-05-03,Centro,Deportes,Email,Tablet,Recurrente,336,9,0.0268,12,75009,675084,36
2024-10-26,Centro,Tecnologia,Referido,Tablet,Recurrente,534,17,0.0318,17,224751,3820774,40
2025-09-12,Sur,Tecnologia,Pago,Tablet,Recurrente,584,15,0.0257,19,181765,2726476,45
2025-08-21,Centro,Hogar,Social,Desktop,Recurrente,570,7,0.0123,7,87722,614055,50
2025-09-08,Norte,Deportes,Email,Tablet,Nuevo,195,5,0.0256,5,66085,330422,47
2024-11-25,Centro,Vestuario,Social,Mobile,Nuevo,1587,30,0.0189,38,42271,1268123,43
2024-10-22,Norte,Electrodomesticos,Pago,Desktop,Recurrente,687,19,0.0277,26,134739,2560042,41
2024-12-21,Sur,Tecnologia,Referido,Tablet,Recurrente,269,6,0.0223,6,201388,1208327,37
2025-01-25,Norte,Hogar,Email,Tablet,Nuevo,280,6,0.0214,6,89818,538906,39
2025-11-24,Centro,Deportes,Pago,Desktop,Nuevo,337,6,0.0178,13,63395,380370,31
2025-01-29,Centro,Electrodomesticos,Organico,Tablet,Recurrente,817,16,0.0196,23,177383,2838126,25
2024-03-05,Norte,Deportes,Referido,Tablet,Recurrente,339,10,0.0295,14,64033,640331,28
2025-06-18,Centro,Deportes,Referido,Tablet,Nuevo,467,2,0.0043,2,71706,143412,22
2024-07-12,Norte,Hogar,Organico,Mobile,Recurrente,750,13,0.0173,14,92640,1204318,58
2025-01-06,Sur,Electrodomesticos,Email,Desktop,Nuevo,506,12,0.0237,12,123730,1484760,40
2024-09-09,Norte,Deportes,Email,Mobile,Recurrente,384,10,0.026,10,80744,807444,26
2025-10-09,Centro,Tecnologia,Pago,Desktop,Nuevo,1299,23,0.0177,26,160453,3690429,30
2024-12-19,Centro,Electrodomesticos,Referido,Mobile,Nuevo,1155,12,0.0104,14,193273,2319280,50
2024-02-04,Norte,Electrodomesticos,Social,Tablet,Nuevo,460,7,0.0152,7,153946,1077622,19
2024-09-24,Centro,Deportes,Organico,Desktop,Nuevo,1191,16,0.0134,16,59274,948380,57
2024-09-17,Norte,Vestuario,Pago,Mobile,Recurrente,1207,23,0.0191,23,48038,1104869,25
2024-03-26,Norte,Tecnologia,Organico,Tablet,Recurrente,769,20,0.026,22,213700,4273999,23
2025-12-23,Centro,Deportes,Organico,Tablet,Recurrente,1030,19,0.0184,25,58636,1114077,37
2024-05-02,Sur,Tecnologia,Email,Desktop,Nuevo,574,10,0.0174,14,178901,1789011,14
2025-10-18,Norte,Electrodomesticos,Social,Mobile,Recurrente,684,10,0.0146,10,158665,1586651,19
2024-06-12,Centro,Hogar,Pago,Mobile,Nuevo,1959,34,0.0174,39,85546,2908569,39
2024-09-19,Centro,Tecnologia,Referido,Mobile,Nuevo,815,11,0.0135,11,182713,2009840,28
2024-09-21,Sur,Deportes,Organico,Mobile,Nuevo,1028,17,0.0165,17,52981,900671,34
2024-11-21,Norte,Hogar,Email,Tablet,Recurrente,251,5,0.0199,5,82770,413851,45
2025-10-30,Norte,Deportes,Email,Desktop,Recurrente,420,11,0.0262,15,56549,622039,56
2025-02-03,Norte,Vestuario,Social,Desktop,Nuevo,681,19,0.0279,21,43120,819285,26
2025-03-27,Norte,Hogar,Organico,Desktop,Nuevo,759,10,0.0132,10,75875,758745,41
2024-02-06,Norte,Hogar,Organico,Tablet,Recurrente,597,15,0.0251,23,97591,1463859,32
2024-05-23,Centro,Tecnologia,Social,Mobile,Nuevo,895,23,0.0257,32,189515,4358842,19
2025-04-08,Centro,Vestuario,Pago,Desktop,Nuevo,1250,16,0.0128,20,40607,649711,22
2025-10-05,Centro,Hogar,Email,Mobile,Nuevo,728,17,0.0234,26,73061,1242039,53
2024-07-03,Sur,Deportes,Referido,Mobile,Recurrente,94,3,0.0319,3,61509,184526,61
2024-06-01,Centro,Deportes,Social,Mobile,Nuevo,963,18,0.0187,18,64456,1160201,35
2024-01-27,Centro,Electrodomesticos,Email,Desktop,Nuevo,757,14,0.0185,16,133401,1867617,22
2024-09-23,Centro,Tecnologia,Email,Desktop,Recurrente,969,23,0.0237,28,193933,4460456,40
2024-04-26,Norte,Electrodomesticos,Organico,Tablet,Nuevo,402,2,0.005,3,147104,294207,38
2025-07-27,Centro,Vestuario,Organico,Desktop,Nuevo,555,14,0.0252,14,46953,657343,14
2025-01-08,Centro,Vestuario,Pago,Mobile,Nuevo,1444,22,0.0152,36,40683,895027,14
2025-02-03,Centro,Deportes,Pago,Mobile,Recurrente,1151,21,0.0182,21,60887,1278625,27
2024-05-27,Sur,Tecnologia,Social,Tablet,Recurrente,164,6,0.0366,11,215563,1293377,31
2025-06-07,Norte,Deportes,Organico,Tablet,Recurrente,369,11,0.0298,15,60897,669871,33
2024-07-09,Centro,Deportes,Organico,Desktop,Nuevo,1525,29,0.019,34,55959,1622800,21
2024-10-10,Sur,Hogar,Pago,Mobile,Nuevo,819,14,0.0171,17,80519,1127264,46
2025-12-29,Norte,Hogar,Referido,Mobile,Nuevo,309,5,0.0162,5,85430,427152,60
2025-09-15,Sur,Deportes,Email,Mobile,Nuevo,565,6,0.0106,6,67412,404473,36
2024-05-20,Sur,Hogar,Referido,Desktop,Nuevo,418,8,0.0191,8,92547,740374,52
2024-01-11,Norte,Electrodomesticos,Social,Tablet,Nuevo,397,3,0.0076,3,171518,514553,36
2025-06-14,Centro,Vestuario,Email,Tablet,Recurrente,642,21,0.0327,36,54517,1144865,40
2024-04-02,Norte,Deportes,Social,Mobile,Recurrente,623,19,0.0305,19,66497,1263435,42
2024-09-11,Norte,Electrodomesticos,Email,Mobile,Nuevo,907,17,0.0187,22,149025,2533430,33
2025-12-20,Centro,Electrodomesticos,Referido,Mobile,Recurrente,701,14,0.02,14,186123,2605725,32
2025-06-16,Centro,Electrodomesticos,Organico,Mobile,Recurrente,938,15,0.016,18,167954,2519309,37
2024-09-07,Centro,Deportes,Referido,Mobile,Recurrente,648,10,0.0154,11,58792,587924,29
2024-04-20,Sur,Deportes,Social,Tablet,Nuevo,344,5,0.0145,5,67847,339235,33
2025-06-27,Sur,Hogar,Organico,Mobile,Nuevo,1513,22,0.0145,22,79047,1739027,35
2024-08-17,Sur,Hogar,Pago,Mobile,Recurrente,892,17,0.0191,22,107487,1827276,48
2024-09-13,Sur,Tecnologia,Organico,Mobile,Nuevo,782,11,0.0141,13,175691,1932606,42
2024-09-24,Norte,Electrodomesticos,Referido,Desktop,Nuevo,432,7,0.0162,8,132418,926927,45
2025-12-20,Centro,Tecnologia,Email,Mobile,Nuevo,944,19,0.0201,23,143350,2723642,32
2024-02-16,Centro,Tecnologia,Social,Desktop,Recurrente,687,18,0.0262,19,164842,2967158,38
2024-04-22,Norte,Tecnologia,Social,Mobile,Nuevo,663,8,0.0121,12,169994,1359951,27
2024-08-20,Norte,Electrodomesticos,Social,Tablet,Recurrente,512,14,0.0273,20,158502,2219021,46
2024-06-17,Norte,Deportes,Social,Tablet,Nuevo,659,17,0.0258,22,54790,931428,19
2025-02-09,Norte,Vestuario,Email,Desktop,Nuevo,552,14,0.0254,20,43249,605491,46
2024-12-09,Sur,Deportes,Referido,Desktop,Recurrente,539,9,0.0167,12,77997,701969,46
2025-07-28,Norte,Vestuario,Referido,Mobile,Recurrente,718,27,0.0376,30,51687,1395551,46
2024-09-12,Centro,Tecnologia,Email,Mobile,Nuevo,835,16,0.0192,18,135574,2169176,46
2024-03-11,Centro,Deportes,Pago,Tablet,Nuevo,779,22,0.0282,22,58699,1291370,51
2024-08-18,Norte,Deportes,Social,Desktop,Nuevo,694,13,0.0187,20,57805,751461,38
2024-02-11,Norte,Electrodomesticos,Email,Tablet,Recurrente,432,13,0.0301,15,144879,1883426,40
2025-10-05,Sur,Tecnologia,Referido,Mobile,Recurrente,522,11,0.0211,11,190015,2090161,36
2024-05-04,Sur,Tecnologia,Social,Mobile,Nuevo,911,16,0.0176,22,171186,2738978,38
2024-10-21,Norte,Vestuario,Email,Tablet,Nuevo,390,7,0.0179,7,55123,385863,43
2024-05-03,Norte,Electrodomesticos,Referido,Desktop,Nuevo,298,9,0.0302,9,160375,1443374,40
2025-04-22,Sur,Electrodomesticos,Pago,Desktop,Nuevo,941,13,0.0138,16,129101,1678318,36
2025-06-07,Norte,Vestuario,Social,Tablet,Recurrente,451,10,0.0222,11,53392,533921,33
2024-10-07,Norte,Tecnologia,Referido,Desktop,Recurrente,405,9,0.0222,12,188381,1695424,44
2025-09-16,Sur,Electrodomesticos,Pago,Tablet,Recurrente,50,1,0.02,3,148660,148659,24
2024-07-25,Sur,Vestuario,Social,Tablet,Recurrente,696,16,0.023,22,54393,870280,29
2025-09-19,Centro,Deportes,Email,Mobile,Nuevo,463,7,0.0151,9,67999,475995,47
2024-12-07,Norte,Hogar,Referido,Tablet,Recurrente,371,9,0.0243,9,114394,1029550,48
2025-08-22,Centro,Tecnologia,Email,Mobile,Nuevo,604,9,0.0149,10,161949,1457541,27
2024-11-27,Sur,Vestuario,Social,Desktop,Recurrente,763,24,0.0315,28,46298,1111140,21
2024-08-09,Centro,Tecnologia,Organico,Mobile,Nuevo,759,12,0.0158,22,193240,2318875,34
2025-09-12,Centro,Deportes,Organico,Tablet,Recurrente,957,25,0.0261,25,63331,1583271,53
2025-03-26,Centro,Tecnologia,Referido,Mobile,Nuevo,545,13,0.0239,14,162294,2109820,52
2025-03-02,Centro,Vestuario,Pago,Tablet,Nuevo,754,25,0.0332,33,36411,910263,43
2025-09-23,Sur,Vestuario,Referido,Mobile,Recurrente,676,21,0.0311,21,62411,1310634,23
2024-10-02,Sur,Hogar,Social,Mobile,Nuevo,737,13,0.0176,14,85454,1110896,39
2025-02-24,Sur,Electrodomesticos,Organico,Desktop,Recurrente,607,15,0.0247,23,155045,2325678,33
2025-08-08,Norte,Deportes,Email,Tablet,Nuevo,462,8,0.0173,8,58558,468465,35
2025-01-23,Centro,Deportes,Email,Tablet,Recurrente,739,16,0.0217,19,75479,1207669,40
2024-10-26,Centro,Deportes,Referido,Tablet,Recurrente,520,7,0.0135,7,58363,408540,44
2025-10-25,Centro,Tecnologia,Social,Desktop,Recurrente,816,23,0.0282,31,164618,3786219,49
2024-11-03,Norte,Electrodomesticos,Email,Mobile,Recurrente,393,14,0.0356,16,167452,2344329,52
2025-08-12,Centro,Electrodomesticos,Pago,Mobile,Recurrente,1897,34,0.0179,40,185845,6318738,37
2024-11-27,Sur,Hogar,Email,Mobile,Recurrente,920,28,0.0304,28,99376,2782517,55
2024-01-11,Norte,Tecnologia,Email,Tablet,Recurrente,528,11,0.0208,11,179548,1975024,47
2024-11-03,Sur,Vestuario,Referido,Tablet,Recurrente,496,16,0.0323,17,35466,567459,47
2025-06-13,Sur,Deportes,Social,Desktop,Recurrente,635,23,0.0362,25,69516,1598860,41
2024-02-11,Sur,Vestuario,Social,Mobile,Nuevo,821,9,0.011,14,42046,378412,19
2025-06-21,Norte,Tecnologia,Social,Desktop,Recurrente,641,19,0.0296,19,211641,4021185,42
2025-10-26,Sur,Electrodomesticos,Pago,Mobile,Recurrente,711,14,0.0197,17,155790,2181058,46
2025-05-13,Centro,Deportes,Referido,Tablet,Recurrente,552,12,0.0217,12,66201,794407,41
2025-12-09,Sur,Tecnologia,Pago,Desktop,Recurrente,620,17,0.0274,17,169731,2885429,37
2025-01-10,Norte,Vestuario,Referido,Mobile,Nuevo,446,7,0.0157,8,43608,305255,22
2025-11-02,Centro,Vestuario,Referido,Desktop,Nuevo,554,15,0.0271,15,45311,679659,40
2025-06-20,Centro,Electrodomesticos,Pago,Tablet,Nuevo,687,9,0.0131,9,128904,1160132,33
2025-02-26,Norte,Tecnologia,Referido,Tablet,Nuevo,533,12,0.0225,17,200958,2411498,38
2024-12-27,Sur,Tecnologia,Social,Mobile,Nuevo,1144,27,0.0236,27,183082,4943204,28
2024-11-10,Sur,Electrodomesticos,Organico,Desktop,Recurrente,925,18,0.0195,18,160109,2881964,24
2024-04-10,Sur,Tecnologia,Organico,Mobile,Nuevo,942,19,0.0202,19,176826,3359702,40
2025-05-24,Sur,Electrodomesticos,Email,Tablet,Nuevo,432,2,0.0046,2,157382,314763,28
2025-08-11,Norte,Deportes,Referido,Mobile,Nuevo,731,7,0.0096,8,51715,362007,29
2024-06-09,Sur,Electrodomesticos,Organico,Mobile,Nuevo,964,10,0.0104,11,139009,1390089,27
2024-03-18,Norte,Electrodomesticos,Social,Desktop,Recurrente,590,16,0.0271,21,113400,1814400,21
2024-03-04,Sur,Tecnologia,Referido,Desktop,Nuevo,657,9,0.0137,9,173136,1558227,33
2024-08-31,Centro,Vestuario,Pago,Mobile,Recurrente,1506,38,0.0252,40,55449,2107066,38
2025-10-05,Norte,Electrodomesticos,Organico,Desktop,Nuevo,811,13,0.016,13,156270,2031504,23
2025-04-05,Sur,Deportes,Organico,Mobile,Nuevo,866,12,0.0139,15,61057,732679,58
2025-02-09,Sur,Tecnologia,Social,Mobile,Nuevo,654,13,0.0199,21,179529,2333871,57
2024-09-12,Norte,Tecnologia,Pago,Tablet,Nuevo,766,18,0.0235,22,207029,3726514,28
2024-11-18,Norte,Deportes,Email,Desktop,Recurrente,469,8,0.0171,8,61546,492370,39
2025-05-22,Norte,Hogar,Social,Tablet,Nuevo,277,3,0.0108,4,80992,242975,29
2025-02-27,Centro,Deportes,Social,Mobile,Nuevo,1290,25,0.0194,29,61981,1549534,33
2024-03-30,Norte,Hogar,Email,Desktop,Nuevo,390,7,0.0179,7,86778,607444,33
2024-01-08,Centro,Deportes,Referido,Desktop,Nuevo,500,9,0.018,9,56466,508194,36
2024-12-09,Sur,Deportes,Email,Desktop,Nuevo,265,4,0.0151,4,78355,313420,51
2024-05-06,Centro,Vestuario,Referido,Mobile,Recurrente,1319,36,0.0273,40,46395,1670202,35
2024-07-14,Centro,Vestuario,Email,Mobile,Recurrente,797,25,0.0314,25,48679,1216987,24
2024-02-05,Centro,Tecnologia,Email,Mobile,Nuevo,1142,24,0.021,28,195587,4694091,34
2025-12-23,Norte,Tecnologia,Pago,Desktop,Nuevo,1067,13,0.0122,17,194573,2529452,27
2025-07-22,Centro,Deportes,Pago,Mobile,Recurrente,1277,23,0.018,23,53595,1232690,35
2024-12-27,Norte,Deportes,Social,Tablet,Nuevo,476,7,0.0147,7,50272,351904,33
2024-10-31,Centro,Electrodomesticos,Pago,Mobile,Recurrente,967,22,0.0228,31,187148,4117246,34
2025-11-22,Norte,Vestuario,Referido,Desktop,Recurrente,474,18,0.038,23,45901,826226,39
2025-07-01,Norte,Deportes,Referido,Tablet,Nuevo,364,5,0.0137,9,63651,318252,32
2024-05-08,Norte,Electrodomesticos,Organico,Tablet,Recurrente,459,7,0.0153,7,181782,1272475,43
2025-01-29,Norte,Electrodomesticos,Pago,Desktop,Nuevo,764,12,0.0157,13,132874,1594486,24
2025-02-03,Sur,Tecnologia,Pago,Mobile,Recurrente,835,17,0.0204,17,181273,3081635,32
2024-07-11,Sur,Tecnologia,Organico,Tablet,Recurrente,1064,32,0.0301,32,216626,6932025,41
2025-05-27,Centro,Hogar,Organico,Tablet,Recurrente,908,31,0.0341,35,98595,3056451,61
2024-03-31,Norte,Vestuario,Pago,Tablet,Recurrente,514,8,0.0156,8,52142,417135,33
2024-10-16,Centro,Deportes,Social,Tablet,Nuevo,766,14,0.0183,14,60220,843083,23
2024-10-10,Norte,Tecnologia,Email,Tablet,Recurrente,450,11,0.0244,11,204646,2251101,31
2025-02-26,Norte,Deportes,Pago,Desktop,Recurrente,1027,26,0.0253,41,55321,1438336,53
2025-10-05,Norte,Hogar,Email,Mobile,Recurrente,583,13,0.0223,24,101922,1324979,47
2025-09-15,Sur,Hogar,Organico,Desktop,Nuevo,832,19,0.0228,24,74625,1417871,44
2025-09-15,Norte,Deportes,Pago,Desktop,Nuevo,796,16,0.0201,24,54531,872497,51
2025-01-24,Sur,Tecnologia,Referido,Desktop,Nuevo,296,5,0.0169,6,170042,850207,31
2025-08-01,Norte,Electrodomesticos,Social,Tablet,Recurrente,502,19,0.0378,19,149880,2847714,29
2025-03-21,Sur,Electrodomesticos,Email,Mobile,Nuevo,658,7,0.0106,7,136657,956598,44
2025-11-02,Centro,Tecnologia,Referido,Tablet,Nuevo,382,2,0.0052,2,141830,283660,47
2024-09-07,Sur,Tecnologia,Organico,Desktop,Nuevo,412,5,0.0121,6,166208,831039,50
2024-12-19,Sur,Tecnologia,Social,Tablet,Recurrente,514,11,0.0214,11,219030,2409329,42
2025-09-22,Norte,Vestuario,Referido,Mobile,Recurrente,327,6,0.0183,8,56100,336601,53
2025-03-10,Centro,Vestuario,Referido,Tablet,Recurrente,170,5,0.0294,5,51103,255514,33
2025-06-04,Norte,Hogar,Social,Tablet,Nuevo,693,12,0.0173,12,91118,1093417,40
2025-05-16,Norte,Tecnologia,Referido,Desktop,Nuevo,340,7,0.0206,7,205591,1439136,32
2025-07-13,Norte,Hogar,Referido,Desktop,Nuevo,292,5,0.0171,6,81549,407745,39
2024-03-01,Norte,Vestuario,Email,Desktop,Nuevo,714,24,0.0336,37,56801,1363234,41
2024-07-25,Sur,Vestuario,Pago,Mobile,Recurrente,1377,35,0.0254,35,38955,1363422,46
2025-11-17,Centro,Hogar,Pago,Mobile,Recurrente,1407,17,0.0121,19,97982,1665690,42
2024-05-16,Sur,Vestuario,Email,Mobile,Nuevo,513,11,0.0214,20,45735,503084,54
2025-08-24,Sur,Hogar,Email,Tablet,Nuevo,112,4,0.0357,6,89410,357639,49
2025-07-15,Centro,Hogar,Pago,Tablet,Recurrente,1166,26,0.0223,26,128596,3343485,30
2025-02-19,Norte,Tecnologia,Email,Mobile,Recurrente,738,20,0.0271,20,173889,3477772,43
2025-05-13,Norte,Tecnologia,Organico,Desktop,Recurrente,232,9,0.0388,10,161329,1451963,37
2024-07-20,Norte,Vestuario,Social,Mobile,Nuevo,717,12,0.0167,12,48644,583733,27
2024-11-28,Centro,Deportes,Referido,Desktop,Recurrente,905,19,0.021,19,53139,1009645,45
2024-06-21,Sur,Tecnologia,Organico,Mobile,Recurrente,1383,36,0.026,43,176793,6364531,38
2025-05-12,Norte,Vestuario,Referido,Desktop,Nuevo,559,14,0.025,14,35881,502332,24
2025-10-22,Centro,Deportes,Social,Mobile,Recurrente,1425,32,0.0225,35,55447,1774300,30
2024-01-09,Centro,Tecnologia,Email,Tablet,Recurrente,335,9,0.0269,15,210601,1895406,34
2025-10-30,Norte,Tecnologia,Pago,Tablet,Nuevo,619,12,0.0194,18,174560,2094716,33
2024-01-26,Centro,Hogar,Email,Desktop,Nuevo,707,22,0.0311,22,91201,2006422,56
2025-10-15,Sur,Hogar,Organico,Tablet,Recurrente,311,7,0.0225,7,116347,814427,54
2025-09-23,Centro,Deportes,Pago,Tablet,Recurrente,716,11,0.0154,15,55296,608260,28
2024-11-23,Norte,Vestuario,Pago,Tablet,Recurrente,639,22,0.0344,22,56400,1240791,43
2024-09-16,Norte,Tecnologia,Organico,Mobile,Recurrente,267,6,0.0225,6,164706,988237,14
2024-02-21,Norte,Deportes,Social,Desktop,Nuevo,540,11,0.0204,14,52153,573686,26
2024-11-02,Sur,Electrodomesticos,Organico,Mobile,Nuevo,1118,7,0.0063,7,125033,875228,12
2024-06-16,Norte,Deportes,Social,Mobile,Nuevo,841,9,0.0107,10,56170,505531,20
2025-03-26,Centro,Hogar,Pago,Tablet,Recurrente,955,22,0.023,37,95256,2095634,46
2024-01-03,Norte,Electrodomesticos,Referido,Desktop,Nuevo,492,7,0.0142,11,147672,1033703,30
2024-10-17,Norte,Tecnologia,Referido,Tablet,Recurrente,393,13,0.0331,13,223970,2911613,49
2024-12-12,Norte,Deportes,Organico,Tablet,Nuevo,606,12,0.0198,24,57710,692523,58
2024-06-17,Centro,Vestuario,Organico,Desktop,Recurrente,1296,44,0.034,49,47548,2092091,15
2025-08-04,Norte,Deportes,Organico,Tablet,Recurrente,552,19,0.0344,29,50632,962001,45
2025-06-13,Centro,Deportes,Referido,Tablet,Nuevo,506,9,0.0178,9,44769,402918,43
2025-02-14,Sur,Electrodomesticos,Organico,Mobile,Recurrente,751,10,0.0133,11,156111,1561107,44
2025-09-15,Sur,Vestuario,Referido,Tablet,Recurrente,260,7,0.0269,7,49935,349542,12
2025-01-12,Centro,Hogar,Email,Desktop,Nuevo,593,12,0.0202,12,88214,1058572,26
2024-07-12,Norte,Deportes,Organico,Mobile,Recurrente,912,12,0.0132,16,57307,687687,61
2025-07-22,Sur,Deportes,Email,Tablet,Nuevo,337,6,0.0178,6,57336,344017,41
2025-08-01,Centro,Deportes,Email,Mobile,Nuevo,850,13,0.0153,23,55385,720004,23
2024-07-03,Norte,Electrodomesticos,Organico,Mobile,Recurrente,749,12,0.016,12,153895,1846740,47
2025-10-27,Norte,Hogar,Referido,Tablet,Recurrente,393,7,0.0178,7,94620,662340,33
2025-12-27,Centro,Hogar,Referido,Desktop,Nuevo,709,16,0.0226,18,83658,1338530,44
2025-07-08,Sur,Tecnologia,Referido,Tablet,Nuevo,225,7,0.0311,13,187069,1309483,47
2025-02-21,Sur,Tecnologia,Social,Mobile,Nuevo,801,13,0.0162,18,159378,2071911,37
2025-10-03,Sur,Electrodomesticos,Organico,Desktop,Recurrente,708,18,0.0254,19,143100,2575792,25
2025-07-11,Norte,Hogar,Referido,Desktop,Nuevo,294,7,0.0238,7,82417,576921,42
2024-05-20,Centro,Electrodomesticos,Organico,Desktop,Nuevo,946,20,0.0211,22,171494,3429872,28
2024-02-18,Centro,Tecnologia,Organico,Tablet,Nuevo,1260,22,0.0175,26,172408,3792978,33
2025-04-15,Centro,Tecnologia,Pago,Desktop,Nuevo,1292,23,0.0178,31,146592,3371606,45
2025-09-28,Norte,Electrodomesticos,Organico,Tablet,Recurrente,527,12,0.0228,18,172084,2065013,32
2024-06-21,Centro,Vestuario,Organico,Desktop,Nuevo,855,14,0.0164,20,40156,562188,25
2024-09-02,Centro,Electrodomesticos,Referido,Desktop,Recurrente,1062,20,0.0188,25,179756,3595113,32
2024-02-14,Sur,Vestuario,Organico,Desktop,Recurrente,313,6,0.0192,12,42533,255200,52
2025-09-09,Norte,Tecnologia,Pago,Desktop,Recurrente,862,26,0.0302,28,222486,5784640,50
2024-07-16,Sur,Deportes,Organico,Tablet,Recurrente,632,12,0.019,16,63492,761903,29
2024-04-26,Norte,Deportes,Organico,Mobile,Recurrente,997,25,0.0251,46,59507,1487679,54
2024-07-08,Norte,Electrodomesticos,Email,Tablet,Recurrente,323,8,0.0248,13,158925,1271397,49
2024-05-27,Sur,Vestuario,Referido,Tablet,Recurrente,521,15,0.0288,15,46775,701627,39
2025-03-30,Norte,Tecnologia,Email,Mobile,Recurrente,669,23,0.0344,29,194135,4465103,31
2025-05-28,Centro,Tecnologia,Organico,Mobile,Nuevo,1428,27,0.0189,35,179993,4859800,35
2025-09-27,Sur,Electrodomesticos,Social,Desktop,Nuevo,422,11,0.0261,14,169671,1866383,37
2025-12-10,Centro,Deportes,Pago,Tablet,Nuevo,454,2,0.0044,3,65832,131663,37
2025-01-04,Centro,Electrodomesticos,Pago,Desktop,Nuevo,814,15,0.0184,15,141154,2117304,63
2025-08-26,Sur,Tecnologia,Pago,Mobile,Recurrente,1150,17,0.0148,25,182153,3096600,35
2025-04-23,Centro,Electrodomesticos,Social,Desktop,Recurrente,935,20,0.0214,20,149651,2993018,23
2024-11-17,Norte,Vestuario,Referido,Desktop,Recurrente,510,8,0.0157,11,48644,389149,33
2024-08-20,Norte,Hogar,Social,Tablet,Nuevo,376,6,0.016,6,89961,539766,31
2025-10-08,Norte,Hogar,Email,Desktop,Recurrente,526,13,0.0247,14,94423,1227492,52
2024-03-06,Sur,Vestuario,Email,Tablet,Nuevo,307,7,0.0228,12,50206,351445,41
2025-12-16,Norte,Electrodomesticos,Organico,Mobile,Recurrente,1499,35,0.0233,41,146331,5121591,37
2025-10-10,Sur,Tecnologia,Email,Desktop,Nuevo,323,6,0.0186,7,208185,1249108,43
2024-05-24,Sur,Tecnologia,Email,Desktop,Recurrente,538,13,0.0242,19,199140,2588814,32
2025-06-05,Sur,Hogar,Email,Tablet,Recurrente,439,12,0.0273,14,93260,1119125,50
2024-12-08,Norte,Vestuario,Email,Desktop,Recurrente,550,29,0.0527,29,49311,1430018,45
2024-09-06,Norte,Vestuario,Pago,Mobile,Nuevo,1102,27,0.0245,27,40522,1094099,17
2024-01-08,Sur,Deportes,Social,Desktop,Recurrente,503,15,0.0298,19,56052,840781,54
2025-08-05,Centro,Hogar,Referido,Mobile,Nuevo,438,10,0.0228,13,84784,847843,38
2024-11-04,Sur,Vestuario,Email,Tablet,Recurrente,554,10,0.0181,10,48747,487469,39
2024-03-16,Norte,Electrodomesticos,Organico,Tablet,Nuevo,643,11,0.0171,11,156335,1719688,43
2024-11-07,Sur,Vestuario,Social,Desktop,Recurrente,746,24,0.0322,36,49535,1188840,27
2024-03-10,Centro,Vestuario,Pago,Desktop,Recurrente,1045,31,0.0297,35,45081,1397510,43
2025-07-13,Norte,Hogar,Email,Mobile,Nuevo,438,8,0.0183,12,87905,703241,40
2024-08-11,Norte,Deportes,Social,Mobile,Recurrente,711,15,0.0211,18,58244,873653,38
2025-05-28,Sur,Tecnologia,Pago,Mobile,Nuevo,1330,15,0.0113,18,170658,2559863,44
2024-05-12,Sur,Tecnologia,Organico,Mobile,Recurrente,680,13,0.0191,16,169757,2206840,31
2024-05-19,Norte,Hogar,Email,Tablet,Nuevo,412,8,0.0194,13,87777,702216,45
2025-10-17,Centro,Tecnologia,Pago,Desktop,Recurrente,1216,24,0.0197,24,213996,5135912,17
2024-01-28,Sur,Deportes,Social,Tablet,Recurrente,559,20,0.0358,20,61454,1229073,33
2024-06-27,Norte,Deportes,Organico,Mobile,Recurrente,642,12,0.0187,12,69974,839688,53
2025-05-21,Sur,Deportes,Email,Desktop,Nuevo,692,14,0.0202,15,49162,688273,39
2024-01-27,Centro,Electrodomesticos,Email,Mobile,Recurrente,683,9,0.0132,10,155513,1399616,42
2025-09-20,Sur,Vestuario,Pago,Mobile,Nuevo,1535,36,0.0235,37,40454,1456349,27
2024-06-08,Norte,Hogar,Referido,Mobile,Recurrente,483,7,0.0145,13,122250,855746,48
2025-01-05,Centro,Vestuario,Referido,Tablet,Nuevo,304,5,0.0164,5,43730,218648,49
2025-11-04,Sur,Electrodomesticos,Email,Mobile,Recurrente,884,16,0.0181,20,182974,2927588,49
2025-12-29,Centro,Tecnologia,Email,Tablet,Recurrente,775,12,0.0155,18,221615,2659381,48
2025-07-26,Centro,Vestuario,Referido,Tablet,Recurrente,113,5,0.0442,11,49314,246570,47
2024-05-15,Centro,Tecnologia,Referido,Desktop,Nuevo,572,7,0.0122,8,182418,1276928,8
2025-11-02,Centro,Hogar,Pago,Desktop,Nuevo,1164,13,0.0112,18,75354,979602,30
2024-01-29,Sur,Hogar,Organico,Mobile,Nuevo,1332,24,0.018,31,86016,2064388,29
2025-07-22,Norte,Vestuario,Referido,Desktop,Nuevo,449,9,0.02,10,55209,496882,37
2024-06-30,Sur,Hogar,Referido,Mobile,Recurrente,333,5,0.015,5,106583,532913,36
2025-12-27,Norte,Deportes,Social,Mobile,Recurrente,705,15,0.0213,23,79880,1198207,40
2025-02-02,Centro,Hogar,Email,Mobile,Nuevo,783,11,0.014,11,77338,850722,45
2025-11-06,Sur,Tecnologia,Organico,Tablet,Recurrente,931,23,0.0247,25,215418,4954610,63
2025-11-21,Centro,Tecnologia,Pago,Tablet,Recurrente,1185,20,0.0169,32,235283,4705668,28
2025-02-23,Centro,Hogar,Organico,Desktop,Nuevo,1024,16,0.0156,16,87542,1400669,39
2024-09-25,Sur,Deportes,Pago,Mobile,Recurrente,1019,22,0.0216,24,67168,1477687,47
2024-07-27,Centro,Deportes,Email,Desktop,Recurrente,563,12,0.0213,12,59806,717669,36
2024-08-09,Sur,Hogar,Social,Desktop,Nuevo,517,7,0.0135,8,75383,527680,47
2024-11-03,Centro,Tecnologia,Email,Mobile,Recurrente,887,13,0.0147,13,196213,2550764,39
2024-09-12,Norte,Vestuario,Referido,Tablet,Recurrente,265,11,0.0415,14,55640,612037,25
2024-08-05,Sur,Tecnologia,Pago,Tablet,Recurrente,720,14,0.0194,14,216726,3034168,38
2024-02-17,Centro,Hogar,Social,Mobile,Recurrente,1098,21,0.0191,27,108449,2277422,41
2025-12-02,Norte,Tecnologia,Pago,Mobile,Nuevo,1099,25,0.0227,27,184668,4616702,36
2024-11-05,Norte,Electrodomesticos,Email,Mobile,Nuevo,267,4,0.015,4,152078,608313,35
2025-04-20,Sur,Deportes,Organico,Desktop,Recurrente,1211,21,0.0173,34,77481,1627106,61
2025-10-19,Sur,Deportes,Email,Mobile,Nuevo,566,14,0.0247,15,68604,960461,52
2024-07-25,Sur,Tecnologia,Organico,Mobile,Nuevo,426,7,0.0164,14,179508,1256554,28
2025-08-11,Centro,Tecnologia,Organico,Mobile,Recurrente,960,26,0.0271,37,187938,4886379,40
2024-03-07,Norte,Tecnologia,Social,Mobile,Recurrente,735,12,0.0163,12,192859,2314305,47
2024-01-03,Norte,Hogar,Referido,Mobile,Nuevo,324,6,0.0185,6,96282,577693,33
2025-06-26,Centro,Deportes,Organico,Desktop,Nuevo,1141,20,0.0175,26,51681,1033627,38
2024-08-17,Sur,Tecnologia,Email,Tablet,Nuevo,453,9,0.0199,14,148452,1336070,28
2024-01-16,Centro,Vestuario,Organico,Mobile,Nuevo,244,5,0.0205,5,47993,239966,24
2025-06-04,Norte,Deportes,Referido,Desktop,Recurrente,491,10,0.0204,10,71673,716734,49
2024-01-11,Centro,Tecnologia,Social,Tablet,Recurrente,611,10,0.0164,13,177203,1772025,41
2025-07-15,Centro,Deportes,Email,Desktop,Recurrente,841,24,0.0285,27,64183,1540386,46
2024-11-21,Sur,Deportes,Social,Mobile,Recurrente,433,18,0.0416,18,64437,1159864,41
2025-01-29,Centro,Hogar,Organico,Mobile,Recurrente,1401,39,0.0278,42,106408,4149927,56
2025-12-11,Sur,Deportes,Pago,Mobile,Nuevo,1928,29,0.015,35,61919,1795655,37
2024-03-29,Sur,Tecnologia,Organico,Desktop,Recurrente,1069,16,0.015,23,218703,3499241,34
2025-12-02,Sur,Deportes,Referido,Tablet,Recurrente,784,25,0.0319,29,59772,1494294,55
2025-04-11,Sur,Tecnologia,Social,Tablet,Recurrente,662,12,0.0181,15,197133,2365594,55
2025-06-06,Centro,Electrodomesticos,Referido,Desktop,Nuevo,571,11,0.0193,18,145301,1598310,28
2025-10-06,Sur,Deportes,Email,Tablet,Nuevo,255,4,0.0157,8,67073,268290,41
2025-02-06,Sur,Vestuario,Referido,Tablet,Recurrente,154,2,0.013,2,45320,90639,39
2024-03-14,Sur,Electrodomesticos,Pago,Tablet,Recurrente,882,14,0.0159,19,134795,1887127,29
2024-09-25,Centro,Vestuario,Referido,Tablet,Recurrente,407,11,0.027,11,44517,489681,46
2025-08-07,Norte,Hogar,Organico,Tablet,Recurrente,1033,20,0.0194,30,110892,2217848,41
2025-06-20,Norte,Electrodomesticos,Pago,Desktop,Nuevo,908,16,0.0176,19,149870,2397921,41
2025-11-20,Norte,Hogar,Social,Mobile,Nuevo,1063,21,0.0198,31,110011,2310225,41
2024-11-25,Centro,Vestuario,Social,Mobile,Recurrente,1402,32,0.0228,34,48958,1566661,32
2024-06-06,Sur,Vestuario,Social,Mobile,Recurrente,512,8,0.0156,12,38615,308916,44
2024-12-31,Sur,Electrodomesticos,Referido,Desktop,Recurrente,695,18,0.0259,27,150440,2707917,39
2025-11-09,Norte,Vestuario,Social,Desktop,Recurrente,322,11,0.0342,14,53058,583641,28
2025-12-12,Norte,Deportes,Social,Tablet,Nuevo,325,3,0.0092,4,54854,164560,23
2025-06-13,Norte,Tecnologia,Pago,Desktop,Recurrente,795,15,0.0189,26,182066,2730989,57
2025-06-17,Sur,Hogar,Referido,Desktop,Recurrente,582,10,0.0172,17,98007,980067,39
2025-01-25,Centro,Tecnologia,Referido,Mobile,Nuevo,603,14,0.0232,24,169728,2376198,30
2025-08-07,Centro,Tecnologia,Referido,Mobile,Recurrente,1015,18,0.0177,18,189604,3412880,48
2025-07-11,Centro,Vestuario,Email,Mobile,Recurrente,632,25,0.0396,25,47418,1185453,34
2025-03-24,Norte,Electrodomesticos,Social,Mobile,Nuevo,643,9,0.014,13,133223,1199003,48
2024-05-11,Centro,Vestuario,Referido,Desktop,Nuevo,186,4,0.0215,4,36934,147735,25
2025-03-29,Centro,Vestuario,Organico,Tablet,Recurrente,799,19,0.0238,23,51286,974438,52
2025-02-21,Centro,Electrodomesticos,Email,Desktop,Nuevo,773,12,0.0155,12,154888,1858659,51
2025-01-29,Sur,Hogar,Referido,Mobile,Recurrente,427,9,0.0211,9,90632,815683,47
2024-03-05,Sur,Hogar,Email,Mobile,Nuevo,800,13,0.0163,13,99359,1291672,32
2025-04-01,Centro,Deportes,Referido,Desktop,Recurrente,828,16,0.0193,25,62963,1007414,46
2025-10-20,Norte,Tecnologia,Referido,Tablet,Recurrente,373,5,0.0134,7,193807,969037,47
2025-04-18,Sur,Deportes,Social,Desktop,Nuevo,496,7,0.0141,11,63677,445737,32
2024-03-07,Centro,Deportes,Social,Mobile,Nuevo,934,14,0.015,20,46357,648999,36
2025-11-17,Norte,Hogar,Social,Tablet,Nuevo,414,6,0.0145,6,74804,448821,43
2025-11-27,Centro,Electrodomesticos,Email,Desktop,Recurrente,910,31,0.0341,46,155904,4833014,40
2024-04-30,Norte,Hogar,Organico,Tablet,Nuevo,453,11,0.0243,13,94730,1042025,50
2024-04-14,Centro,Tecnologia,Pago,Tablet,Recurrente,909,25,0.0275,25,166277,4156916,37
2024-02-26,Sur,Hogar,Email,Desktop,Nuevo,479,4,0.0084,4,73701,294804,24
2025-07-17,Sur,Deportes,Referido,Mobile,Recurrente,566,12,0.0212,15,76826,921910,44
2024-02-21,Sur,Hogar,Email,Desktop,Nuevo,609,9,0.0148,15,78614,707523,22
2025-06-14,Norte,Hogar,Referido,Desktop,Recurrente,350,9,0.0257,17,85099,765890,42
2024-03-29,Centro,Deportes,Email,Tablet,Recurrente,610,10,0.0164,13,73087,730873,37
2025-07-23,Centro,Electrodomesticos,Social,Tablet,Nuevo,641,5,0.0078,6,166151,830753,16
2024-11-10,Centro,Hogar,Social,Desktop,Recurrente,697,16,0.023,21,80638,1290201,45
2024-11-08,Norte,Hogar,Organico,Mobile,Recurrente,1047,22,0.021,35,97763,2150784,28
2025-04-20,Sur,Deportes,Referido,Mobile,Recurrente,644,13,0.0202,14,64337,836384,26
2024-12-15,Norte,Deportes,Referido,Tablet,Nuevo,270,5,0.0185,8,56834,284168,38
2024-11-17,Norte,Electrodomesticos,Organico,Desktop,Recurrente,1112,16,0.0144,21,172708,2763325,49
2024-02-06,Centro,Hogar,Social,Desktop,Nuevo,595,12,0.0202,12,70922,851067,36
2025-12-28,Norte,Electrodomesticos,Referido,Desktop,Recurrente,520,7,0.0135,7,149527,1046691,45
2025-03-31,Norte,Hogar,Organico,Mobile,Recurrente,722,15,0.0208,24,87965,1319481,33
2025-10-16,Norte,Tecnologia,Pago,Mobile,Recurrente,865,14,0.0162,18,158456,2218388,31
2024-07-03,Norte,Electrodomesticos,Pago,Desktop,Nuevo,818,14,0.0171,14,144423,2021919,29
2025-11-21,Sur,Vestuario,Pago,Tablet,Nuevo,1105,27,0.0244,36,41456,1119301,37
2024-05-29,Sur,Hogar,Referido,Mobile,Recurrente,573,13,0.0227,13,106496,1384454,47
2024-04-07,Norte,Tecnologia,Organico,Desktop,Nuevo,733,20,0.0273,23,207356,4147121,23
2025-11-05,Centro,Deportes,Social,Mobile,Nuevo,1318,26,0.0197,29,61850,1608095,34
2025-12-13,Norte,Tecnologia,Pago,Desktop,Recurrente,666,19,0.0285,21,221415,4206878,47
2024-08-26,Sur,Vestuario,Referido,Tablet,Nuevo,259,7,0.027,7,31500,220499,41
2024-11-12,Centro,Vestuario,Referido,Mobile,Nuevo,951,15,0.0158,15,42285,634279,35
2025-11-12,Norte,Deportes,Organico,Desktop,Recurrente,1021,17,0.0167,21,52347,889899,52
2024-06-08,Sur,Vestuario,Pago,Tablet,Nuevo,855,23,0.0269,33,46495,1069386,39
2024-07-21,Centro,Hogar,Pago,Desktop,Recurrente,1061,22,0.0207,23,78210,1720629,61
2025-11-26,Centro,Tecnologia,Organico,Desktop,Nuevo,1429,40,0.028,46,191034,7641375,15
2025-11-04,Norte,Electrodomesticos,Referido,Mobile,Recurrente,552,14,0.0254,18,190758,2670609,42
2025-05-16,Centro,Tecnologia,Social,Mobile,Nuevo,1562,22,0.0141,39,188884,4155442,25
2025-05-11,Centro,Vestuario,Referido,Tablet,Nuevo,284,9,0.0317,16,39140,352260,29
2024-07-25,Norte,Deportes,Email,Mobile,Recurrente,844,15,0.0178,20,63489,952331,39
2024-02-03,Sur,Electrodomesticos,Organico,Mobile,Recurrente,1295,19,0.0147,19,154746,2940175,27
2024-07-18,Norte,Vestuario,Organico,Mobile,Recurrente,1164,29,0.0249,36,52434,1520579,40
2024-12-24,Centro,Deportes,Pago,Desktop,Recurrente,1331,26,0.0195,26,65334,1698674,55
2024-07-02,Norte,Vestuario,Organico,Tablet,Recurrente,533,9,0.0169,14,52903,476124,20
2024-04-07,Sur,Electrodomesticos,Organico,Mobile,Recurrente,1251,16,0.0128,23,177791,2844663,32
2025-04-17,Norte,Tecnologia,Organico,Tablet,Nuevo,611,12,0.0196,19,161724,1940692,44
2025-02-26,Sur,Hogar,Social,Tablet,Recurrente,573,13,0.0227,22,105891,1376587,43
2024-03-19,Centro,Hogar,Email,Mobile,Nuevo,999,22,0.022,22,97884,2153448,34
2024-12-05,Norte,Deportes,Email,Mobile,Recurrente,392,6,0.0153,6,57894,347362,45
2024-04-06,Norte,Hogar,Organico,Mobile,Recurrente,888,9,0.0101,9,88637,797736,48
2024-10-03,Sur,Electrodomesticos,Organico,Desktop,Recurrente,149,3,0.0201,7,145071,435213,42
2024-09-08,Norte,Electrodomesticos,Referido,Mobile,Recurrente,470,7,0.0149,9,157926,1105480,53
2025-01-10,Norte,Vestuario,Social,Tablet,Nuevo,426,10,0.0235,11,42415,424147,32
2024-05-10,Norte,Electrodomesticos,Referido,Mobile,Nuevo,562,8,0.0142,9,157576,1260605,19
2024-01-16,Norte,Tecnologia,Social,Tablet,Nuevo,336,10,0.0298,10,149764,1497641,55
2025-12-06,Sur,Hogar,Organico,Mobile,Nuevo,373,7,0.0188,16,69634,487437,46
2024-09-27,Norte,Deportes,Social,Tablet,Nuevo,545,6,0.011,6,58716,352295,47
2024-10-25,Sur,Tecnologia,Organico,Tablet,Nuevo,597,14,0.0235,20,133233,1865267,44
2024-08-27,Norte,Electrodomesticos,Referido,Tablet,Nuevo,374,3,0.008,3,136820,410459,49
2024-09-08,Norte,Electrodomesticos,Email,Mobile,Nuevo,363,9,0.0248,13,166450,1498049,26
2024-08-08,Sur,Hogar,Email,Desktop,Nuevo,646,12,0.0186,12,100297,1203562,49
2025-04-17,Sur,Hogar,Organico,Desktop,Recurrente,1214,21,0.0173,34,92254,1937335,67
2025-02-20,Norte,Tecnologia,Pago,Mobile,Nuevo,289,4,0.0138,7,162470,649878,45
2024-06-03,Centro,Hogar,Pago,Mobile,Nuevo,1754,35,0.02,37,100547,3519142,38
2025-12-03,Centro,Tecnologia,Organico,Desktop,Nuevo,1332,25,0.0188,29,174961,4374017,25
2025-05-24,Sur,Vestuario,Organico,Tablet,Nuevo,755,16,0.0212,22,41369,661903,28
2024-07-22,Sur,Tecnologia,Email,Desktop,Nuevo,720,17,0.0236,30,170988,2906804,28
2025-10-28,Sur,Vestuario,Referido,Mobile,Recurrente,647,17,0.0263,17,47785,812350,37
2025-11-19,Sur,Deportes,Pago,Desktop,Recurrente,1600,49,0.0306,53,74440,3647552,51
2024-02-24,Sur,Deportes,Referido,Mobile,Recurrente,605,14,0.0231,15,58949,825282,48
2025-01-30,Sur,Electrodomesticos,Email,Tablet,Nuevo,496,11,0.0222,12,162704,1789738,30
2024-03-10,Centro,Hogar,Pago,Mobile,Recurrente,1269,29,0.0229,29,105892,3070857,50
2025-07-29,Norte,Deportes,Referido,Tablet,Nuevo,372,5,0.0134,7,43629,218146,43
2025-02-05,Sur,Deportes,Email,Desktop,Recurrente,510,17,0.0333,17,73482,1249186,50
2024-03-30,Norte,Vestuario,Referido,Desktop,Recurrente,352,11,0.0312,12,58027,638297,31
2024-01-05,Centro,Deportes,Referido,Mobile,Nuevo,547,13,0.0238,15,60422,785486,53
2025-05-01,Centro,Deportes,Referido,Desktop,Recurrente,770,19,0.0247,20,51638,981120,43
2024-05-29,Centro,Electrodomesticos,Pago,Mobile,Recurrente,669,13,0.0194,16,157801,2051418,38
2025-02-07,Centro,Electrodomesticos,Organico,Desktop,Recurrente,903,11,0.0122,14,162940,1792342,50
2024-03-31,Centro,Hogar,Social,Desktop,Nuevo,786,13,0.0165,14,87556,1138221,45
2024-05-03,Norte,Tecnologia,Social,Mobile,Recurrente,473,14,0.0296,20,212798,2979170,32
2024-10-04,Centro,Hogar,Email,Mobile,Nuevo,501,12,0.024,13,109510,1314122,57
2024-12-25,Sur,Deportes,Email,Desktop,Recurrente,476,8,0.0168,8,58679,469428,33
2025-06-02,Sur,Hogar,Pago,Desktop,Nuevo,562,7,0.0125,11,110564,773949,54
2024-01-01,Norte,Tecnologia,Pago,Desktop,Recurrente,1090,22,0.0202,22,214960,4729116,34
2024-12-26,Sur,Tecnologia,Referido,Tablet,Recurrente,378,11,0.0291,11,188841,2077247,47
2024-05-18,Centro,Deportes,Organico,Tablet,Recurrente,887,23,0.0259,30,61900,1423704,55
2025-03-30,Centro,Vestuario,Email,Desktop,Recurrente,785,21,0.0268,22,48582,1020221,22
2025-06-18,Sur,Tecnologia,Social,Desktop,Recurrente,499,11,0.022,11,200506,2205567,40
2025-12-09,Norte,Tecnologia,Organico,Tablet,Recurrente,885,15,0.0169,15,185068,2776024,42
2025-04-03,Centro,Electrodomesticos,Pago,Tablet,Recurrente,1039,17,0.0164,25,165936,2820912,40
2024-02-05,Centro,Deportes,Pago,Mobile,Recurrente,2069,49,0.0237,54,73041,3579014,31
2024-05-27,Norte,Electrodomesticos,Referido,Tablet,Nuevo,331,5,0.0151,5,148322,741611,44
2025-02-05,Norte,Electrodomesticos,Email,Tablet,Nuevo,468,11,0.0235,15,178503,1963534,35
2024-10-25,Sur,Tecnologia,Social,Tablet,Recurrente,265,6,0.0226,10,192938,1157630,37
2025-10-26,Norte,Deportes,Social,Tablet,Recurrente,333,10,0.03,10,49697,496972,33
2025-12-08,Centro,Vestuario,Pago,Tablet,Recurrente,673,21,0.0312,26,48284,1013960,25
2024-02-19,Sur,Vestuario,Pago,Mobile,Nuevo,587,8,0.0136,8,46061,368488,24
2024-06-15,Centro,Electrodomesticos,Pago,Tablet,Recurrente,568,9,0.0158,9,141181,1270626,37
2024-02-24,Sur,Vestuario,Social,Desktop,Nuevo,567,15,0.0265,21,51058,765863,38
2024-10-05,Centro,Deportes,Pago,Tablet,Recurrente,560,9,0.0161,9,68040,612361,42
2025-03-24,Centro,Tecnologia,Email,Desktop,Recurrente,644,15,0.0233,16,186562,2798427,44
2024-11-23,Centro,Deportes,Email,Mobile,Nuevo,811,13,0.016,13,43328,563266,38
2025-09-29,Centro,Electrodomesticos,Social,Tablet,Nuevo,792,10,0.0126,12,139616,1396156,48
2024-11-18,Norte,Hogar,Email,Tablet,Recurrente,285,5,0.0175,6,94120,470601,43
2025-11-08,Sur,Deportes,Organico,Desktop,Recurrente,933,21,0.0225,26,59679,1253254,56
2025-01-06,Sur,Deportes,Referido,Desktop,Nuevo,365,10,0.0274,10,71893,718934,42
2024-09-22,Centro,Tecnologia,Organico,Tablet,Recurrente,380,10,0.0263,10,206145,2061449,53
2024-12-28,Sur,Vestuario,Email,Mobile,Nuevo,479,7,0.0146,9,46494,325458,3
2025-07-15,Norte,Electrodomesticos,Social,Tablet,Nuevo,594,5,0.0084,5,152721,763607,30
2024-11-10,Norte,Hogar,Organico,Desktop,Recurrente,894,32,0.0358,32,85511,2736367,59
2024-12-15,Centro,Deportes,Social,Desktop,Recurrente,602,11,0.0183,14,62920,692125,40
2024-07-09,Sur,Hogar,Referido,Tablet,Recurrente,541,7,0.0129,7,80513,563593,33
2025-11-16,Centro,Hogar,Pago,Desktop,Nuevo,803,8,0.01,8,77481,619850,44
2025-02-27,Norte,Electrodomesticos,Organico,Tablet,Nuevo,550,9,0.0164,9,150008,1350069,43
2025-08-14,Centro,Deportes,Pago,Tablet,Recurrente,778,14,0.018,14,58948,825276,25
2025-11-26,Norte,Hogar,Pago,Tablet,Nuevo,733,9,0.0123,9,103012,927105,45
2025-05-27,Norte,Vestuario,Organico,Tablet,Recurrente,473,17,0.0359,28,54372,924316,27
2024-10-21,Norte,Deportes,Referido,Desktop,Nuevo,348,8,0.023,12,66521,532171,53
2025-09-09,Sur,Electrodomesticos,Email,Tablet,Nuevo,379,6,0.0158,6,133748,802488,25
2024-08-17,Centro,Tecnologia,Email,Tablet,Nuevo,164,2,0.0122,2,158834,317668,59
2025-01-03,Norte,Electrodomesticos,Organico,Mobile,Recurrente,941,12,0.0128,12,126738,1520859,22
2024-08-11,Norte,Deportes,Pago,Desktop,Recurrente,452,12,0.0265,20,64831,777974,55
2025-05-30,Norte,Deportes,Referido,Tablet,Nuevo,342,7,0.0205,7,63605,445231,36
2024-02-10,Sur,Deportes,Organico,Desktop,Nuevo,756,24,0.0317,24,57233,1373580,45
2024-10-28,Sur,Vestuario,Email,Tablet,Nuevo,373,10,0.0268,10,43686,436860,39
2024-08-11,Sur,Hogar,Email,Tablet,Nuevo,209,3,0.0144,3,99450,298350,51
2024-08-16,Norte,Tecnologia,Referido,Desktop,Recurrente,435,12,0.0276,19,184799,2217591,38
2025-01-18,Norte,Vestuario,Organico,Tablet,Nuevo,499,10,0.02,10,46230,462298,28
2025-02-13,Centro,Electrodomesticos,Referido,Desktop,Nuevo,265,9,0.034,9,147144,1324299,39
2025-11-13,Norte,Vestuario,Referido,Desktop,Recurrente,468,19,0.0406,25,52208,991956,32
2024-03-14,Sur,Deportes,Referido,Mobile,Recurrente,546,12,0.022,13,71011,852128,38
2025-04-09,Sur,Electrodomesticos,Social,Mobile,Recurrente,1118,15,0.0134,15,130738,1961071,36
2025-09-22,Norte,Tecnologia,Social,Mobile,Recurrente,707,12,0.017,12,168055,2016659,26
2024-07-17,Norte,Electrodomesticos,Organico,Desktop,Nuevo,897,12,0.0134,20,180388,2164655,25
2025-12-21,Sur,Hogar,Email,Mobile,Recurrente,561,15,0.0267,17,110442,1656627,50
2024-01-24,Sur,Electrodomesticos,Organico,Mobile,Recurrente,1254,24,0.0191,37,163968,3935235,43
2024-07-29,Centro,Tecnologia,Referido,Desktop,Recurrente,857,19,0.0222,27,194725,3699783,46
2025-10-04,Norte,Electrodomesticos,Email,Desktop,Recurrente,559,11,0.0197,12,142634,1568978,18
2024-04-17,Norte,Hogar,Email,Desktop,Nuevo,793,16,0.0202,18,86541,1384663,41
2025-12-31,Centro,Tecnologia,Email,Mobile,Nuevo,498,15,0.0301,17,187411,2811158,12
2025-01-07,Centro,Deportes,Organico,Desktop,Recurrente,971,26,0.0268,33,56729,1474947,51
2025-05-02,Norte,Tecnologia,Referido,Tablet,Recurrente,232,6,0.0259,7,167730,1006379,29
2025-06-04,Centro,Hogar,Email,Desktop,Nuevo,969,13,0.0134,14,100608,1307905,44
2024-07-16,Sur,Vestuario,Referido,Desktop,Recurrente,505,11,0.0218,11,38671,425376,40
2024-06-13,Centro,Hogar,Pago,Mobile,Nuevo,724,13,0.018,18,86566,1125358,38
2024-08-07,Sur,Electrodomesticos,Referido,Desktop,Nuevo,725,8,0.011,8,150655,1205236,18
2024-01-10,Norte,Deportes,Organico,Mobile,Nuevo,1001,21,0.021,24,71256,1496372,40
2024-11-27,Centro,Electrodomesticos,Referido,Desktop,Recurrente,763,13,0.017,24,171479,2229228,27
2025-10-16,Norte,Tecnologia,Pago,Mobile,Recurrente,258,8,0.031,10,209960,1679683,44
2025-01-26,Norte,Tecnologia,Referido,Mobile,Nuevo,437,5,0.0114,5,206925,1034624,51
2025-03-26,Centro,Electrodomesticos,Referido,Tablet,Recurrente,344,6,0.0174,8,121628,729765,22
2024-03-10,Sur,Tecnologia,Social,Mobile,Recurrente,1111,16,0.0144,18,190307,3044910,37
2025-10-29,Sur,Hogar,Social,Tablet,Recurrente,197,7,0.0355,7,110592,774146,55
2025-09-12,Norte,Tecnologia,Social,Tablet,Recurrente,417,8,0.0192,8,192471,1539765,46
2024-03-05,Sur,Hogar,Pago,Mobile,Recurrente,1068,11,0.0103,16,95181,1046987,47
2025-08-02,Sur,Hogar,Organico,Mobile,Nuevo,868,14,0.0161,18,101465,1420510,51
2024-07-23,Norte,Tecnologia,Social,Mobile,Recurrente,547,11,0.0201,16,181953,2001488,54
2024-09-03,Norte,Tecnologia,Referido,Tablet,Recurrente,252,12,0.0476,24,244385,2932622,34
2024-09-26,Norte,Hogar,Social,Mobile,Recurrente,647,20,0.0309,20,101867,2037336,38
2024-04-16,Sur,Tecnologia,Pago,Mobile,Nuevo,1264,25,0.0198,25,162998,4074955,34
2025-09-22,Sur,Vestuario,Organico,Tablet,Recurrente,853,21,0.0246,32,49543,1040393,27
2024-01-03,Norte,Tecnologia,Referido,Tablet,Nuevo,348,8,0.023,8,152302,1218414,62
2025-05-29,Sur,Electrodomesticos,Referido,Tablet,Nuevo,435,5,0.0115,13,166327,831634,21
2025-12-23,Norte,Electrodomesticos,Referido,Desktop,Recurrente,654,10,0.0153,10,177650,1776500,40
2025-02-10,Sur,Tecnologia,Referido,Tablet,Nuevo,481,15,0.0312,15,175822,2637324,36
2024-01-25,Norte,Electrodomesticos,Social,Mobile,Nuevo,856,15,0.0175,16,132728,1990919,24
2025-12-26,Sur,Hogar,Social,Mobile,Nuevo,1100,24,0.0218,24,92109,2210625,26
2025-07-13,Sur,Vestuario,Organico,Mobile,Nuevo,501,12,0.024,19,50425,605103,27
2024-04-13,Norte,Vestuario,Email,Desktop,Recurrente,506,13,0.0257,13,48777,634101,20
2024-10-29,Norte,Deportes,Referido,Tablet,Recurrente,359,8,0.0223,8,75806,606450,49
2024-07-15,Norte,Tecnologia,Organico,Mobile,Nuevo,694,9,0.013,12,186509,1678583,16
2025-11-30,Sur,Electrodomesticos,Pago,Tablet,Recurrente,1021,12,0.0118,13,158035,1896424,31
2025-04-11,Centro,Electrodomesticos,Referido,Tablet,Nuevo,541,8,0.0148,8,170354,1362830,25
2024-03-22,Norte,Tecnologia,Organico,Tablet,Nuevo,611,12,0.0196,17,174705,2096465,32
2025-03-17,Norte,Hogar,Referido,Desktop,Recurrente,542,9,0.0166,9,104332,938989,48
2024-09-18,Sur,Hogar,Email,Desktop,Recurrente,649,12,0.0185,15,98486,1181835,47
2024-01-30,Centro,Deportes,Organico,Mobile,Recurrente,1367,42,0.0307,42,66144,2778034,56
2024-06-15,Sur,Deportes,Referido,Desktop,Recurrente,354,10,0.0282,10,69765,697653,24
2024-09-12,Norte,Deportes,Referido,Mobile,Recurrente,417,7,0.0168,9,71773,502408,36
2024-08-24,Sur,Vestuario,Email,Mobile,Nuevo,990,20,0.0202,22,53646,1072911,20
2024-12-16,Norte,Electrodomesticos,Pago,Mobile,Nuevo,960,9,0.0094,9,138230,1244065,41
2024-11-17,Centro,Vestuario,Email,Mobile,Nuevo,716,22,0.0307,32,47411,1043036,20
2025-04-14,Norte,Hogar,Referido,Mobile,Nuevo,411,2,0.0049,5,84580,169159,41
2025-02-21,Sur,Tecnologia,Pago,Mobile,Recurrente,768,20,0.026,23,178482,3569631,18
2024-01-14,Sur,Vestuario,Social,Tablet,Nuevo,655,8,0.0122,8,45501,364008,13
2024-06-29,Sur,Deportes,Referido,Tablet,Nuevo,376,10,0.0266,10,63194,631944,43
2025-12-08,Sur,Vestuario,Social,Mobile,Recurrente,891,24,0.0269,27,55072,1321733,19
2024-09-20,Norte,Tecnologia,Pago,Tablet,Recurrente,157,2,0.0127,4,196847,393693,39
2025-09-25,Sur,Electrodomesticos,Pago,Tablet,Nuevo,566,9,0.0159,11,143134,1288202,44
2025-09-04,Norte,Deportes,Email,Mobile,Nuevo,696,12,0.0172,12,73699,884384,43
2024-03-09,Sur,Tecnologia,Organico,Desktop,Nuevo,906,9,0.0099,14,159999,1439988,48
2024-05-25,Sur,Tecnologia,Social,Tablet,Recurrente,357,6,0.0168,7,236944,1421661,39
2025-04-05,Norte,Tecnologia,Email,Desktop,Recurrente,706,19,0.0269,24,216997,4122936,44
2025-02-22,Sur,Hogar,Social,Tablet,Nuevo,489,12,0.0245,14,90389,1084671,28
2025-04-16,Centro,Vestuario,Pago,Mobile,Recurrente,1616,33,0.0204,38,49646,1638321,31
2024-08-19,Norte,Hogar,Email,Tablet,Recurrente,433,8,0.0185,8,92315,738523,61
2024-10-11,Sur,Tecnologia,Pago,Mobile,Nuevo,970,18,0.0186,18,147721,2658984,34
2024-06-10,Sur,Electrodomesticos,Email,Tablet,Recurrente,611,17,0.0278,17,156190,2655230,43
2024-07-03,Norte,Hogar,Social,Mobile,Nuevo,332,6,0.0181,6,77004,462023,11
2025-01-27,Centro,Tecnologia,Referido,Tablet,Nuevo,485,16,0.033,22,192279,3076458,30
2024-03-04,Norte,Vestuario,Organico,Desktop,Nuevo,663,12,0.0181,12,47693,572313,30
2024-12-29,Centro,Electrodomesticos,Pago,Mobile,Recurrente,966,10,0.0104,10,179041,1790411,52
2024-09-14,Centro,Vestuario,Pago,Tablet,Nuevo,932,24,0.0258,33,46193,1108641,29
2024-09-11,Norte,Vestuario,Social,Mobile,Nuevo,596,17,0.0285,19,49942,849009,26
2025-10-26,Norte,Hogar,Social,Desktop,Nuevo,533,10,0.0188,14,76723,767232,45
2025-10-18,Centro,Vestuario,Organico,Mobile,Nuevo,932,15,0.0161,15,37530,562948,44
2025-11-10,Centro,Vestuario,Pago,Desktop,Nuevo,997,14,0.014,19,41213,576985,23
2025-04-28,Centro,Deportes,Organico,Mobile,Recurrente,1587,43,0.0271,56,67257,2892036,47
2025-07-22,Sur,Deportes,Organico,Desktop,Nuevo,589,11,0.0187,15,67241,739647,51
2025-05-11,Centro,Hogar,Pago,Desktop,Recurrente,961,18,0.0187,20,90318,1625718,18
2024-03-03,Norte,Hogar,Organico,Desktop,Recurrente,681,18,0.0264,21,117001,2106013,64
2025-03-30,Centro,Hogar,Email,Tablet,Nuevo,682,8,0.0117,8,81754,654028,44
2024-03-14,Sur,Hogar,Social,Tablet,Nuevo,385,16,0.0416,16,81658,1306525,41
2025-07-30,Sur,Deportes,Organico,Mobile,Recurrente,1144,31,0.0271,38,70941,2199164,44
2025-06-21,Norte,Hogar,Referido,Mobile,Recurrente,349,2,0.0057,7,111787,223574,38
2024-08-05,Norte,Tecnologia,Social,Desktop,Recurrente,526,14,0.0266,22,176388,2469425,22
2025-04-16,Sur,Hogar,Organico,Desktop,Recurrente,1114,19,0.0171,26,92396,1755522,49
2024-04-10,Norte,Vestuario,Email,Mobile,Nuevo,781,15,0.0192,17,52001,780018,22
2025-12-21,Centro,Deportes,Email,Mobile,Nuevo,766,15,0.0196,15,56108,841623,42
2025-10-04,Sur,Electrodomesticos,Organico,Tablet,Recurrente,348,9,0.0259,12,139808,1258271,34
2025-12-04,Sur,Tecnologia,Referido,Tablet,Nuevo,275,7,0.0255,8,169111,1183775,32
2025-05-25,Sur,Electrodomesticos,Pago,Tablet,Recurrente,478,8,0.0167,10,185605,1484836,31
2024-05-28,Centro,Vestuario,Organico,Desktop,Nuevo,1534,28,0.0183,42,38970,1091164,36
2025-12-17,Norte,Tecnologia,Referido,Desktop,Nuevo,717,20,0.0279,23,189731,3794611,38
2025-04-05,Norte,Tecnologia,Email,Desktop,Nuevo,425,1,0.0024,1,163326,163326,39
2024-07-15,Centro,Vestuario,Referido,Mobile,Nuevo,1038,19,0.0183,32,43430,825161,26
2025-02-15,Norte,Hogar,Organico,Desktop,Recurrente,912,13,0.0143,13,92081,1197049,67
2024-08-26,Norte,Deportes,Email,Tablet,Recurrente,398,7,0.0176,12,62747,439228,43
2025-11-19,Norte,Electrodomesticos,Pago,Mobile,Recurrente,801,5,0.0062,6,147565,737827,39
2024-07-25,Centro,Deportes,Email,Mobile,Recurrente,704,12,0.017,12,63443,761321,42
2024-02-02,Centro,Hogar,Email,Desktop,Nuevo,742,16,0.0216,16,106974,1711589,43
2025-08-05,Centro,Hogar,Pago,Mobile,Nuevo,1710,25,0.0146,27,66214,1655352,40
2025-09-14,Centro,Electrodomesticos,Social,Desktop,Recurrente,392,13,0.0332,18,130567,1697376,34
2024-05-20,Centro,Hogar,Referido,Mobile,Recurrente,536,13,0.0243,15,108503,1410538,38
2025-03-02,Norte,Hogar,Referido,Mobile,Recurrente,588,10,0.017,16,91927,919272,28
2024-02-28,Norte,Hogar,Social,Mobile,Nuevo,566,12,0.0212,12,88519,1062226,49
2025-08-22,Centro,Deportes,Email,Tablet,Nuevo,693,16,0.0231,16,58297,932756,20
2024-06-03,Sur,Vestuario,Social,Mobile,Nuevo,1093,19,0.0174,19,50372,957061,23
2025-03-22,Norte,Tecnologia,Email,Mobile,Recurrente,637,15,0.0235,15,180839,2712589,19
2024-06-28,Norte,Deportes,Organico,Tablet,Recurrente,408,10,0.0245,10,48882,488818,44
2024-11-03,Sur,Electrodomesticos,Referido,Mobile,Recurrente,909,14,0.0154,18,183278,2565895,53
2024-09-06,Centro,Electrodomesticos,Referido,Tablet,Recurrente,653,10,0.0153,11,153593,1535931,36
2025-06-18,Sur,Hogar,Social,Mobile,Recurrente,1041,23,0.0221,35,87832,2020125,41
2025-08-07,Centro,Hogar,Email,Tablet,Nuevo,547,12,0.0219,14,80691,968292,40
2025-02-25,Centro,Electrodomesticos,Email,Tablet,Nuevo,639,6,0.0094,6,157686,946116,22
2025-12-18,Sur,Tecnologia,Referido,Tablet,Recurrente,341,4,0.0117,4,161919,647674,30
2024-08-05,Sur,Vestuario,Organico,Desktop,Recurrente,483,14,0.029,22,48233,675267,36
2024-12-14,Sur,Hogar,Social,Desktop,Nuevo,533,12,0.0225,12,96050,1152595,45
2025-03-16,Norte,Hogar,Referido,Desktop,Recurrente,433,6,0.0139,7,91144,546864,65
2024-05-17,Sur,Hogar,Email,Tablet,Recurrente,329,8,0.0243,8,107813,862507,67
2025-01-24,Sur,Deportes,Email,Mobile,Nuevo,572,13,0.0227,13,62624,814113,36
2025-10-17,Norte,Vestuario,Organico,Mobile,Nuevo,985,28,0.0284,31,39752,1113052,26
2025-02-19,Sur,Deportes,Organico,Desktop,Recurrente,1180,33,0.028,34,71228,2350512,60
2024-12-06,Sur,Electrodomesticos,Email,Desktop,Recurrente,833,27,0.0324,27,152991,4130766,23
2024-11-18,Norte,Deportes,Organico,Tablet,Nuevo,494,11,0.0223,12,62878,691659,44
2025-02-07,Centro,Tecnologia,Email,Tablet,Nuevo,258,4,0.0155,4,183541,734164,57
2025-10-11,Norte,Electrodomesticos,Pago,Desktop,Recurrente,724,22,0.0304,26,151216,3326761,37
2025-10-26,Centro,Hogar,Organico,Tablet,Recurrente,823,18,0.0219,18,99536,1791653,44
2025-11-12,Sur,Tecnologia,Pago,Mobile,Recurrente,1355,26,0.0192,35,196685,5113814,37
2025-07-28,Centro,Tecnologia,Organico,Mobile,Nuevo,1090,18,0.0165,24,173123,3116220,39
2024-03-28,Sur,Hogar,Organico,Mobile,Nuevo,835,19,0.0228,19,103853,1973209,47
2024-06-27,Centro,Hogar,Organico,Mobile,Nuevo,925,8,0.0086,11,76073,608580,52
2024-03-25,Norte,Hogar,Pago,Desktop,Recurrente,1584,39,0.0246,49,118025,4602963,37
2024-03-16,Sur,Vestuario,Email,Desktop,Recurrente,772,31,0.0402,51,47067,1459079,26
2025-05-05,Centro,Vestuario,Organico,Mobile,Recurrente,1806,33,0.0183,33,61007,2013233,35
2024-06-15,Centro,Tecnologia,Organico,Tablet,Nuevo,739,16,0.0217,27,144801,2316808,35
2025-12-14,Centro,Hogar,Email,Desktop,Recurrente,818,27,0.033,28,77761,2099545,32
2024-05-24,Norte,Electrodomesticos,Referido,Mobile,Nuevo,278,0,0.0,2,124912,0,44
2025-12-10,Centro,Deportes,Email,Tablet,Nuevo,800,13,0.0163,13,56497,734457,47
2024-08-22,Centro,Tecnologia,Social,Mobile,Nuevo,905,18,0.0199,22,137139,2468502,44
2025-08-23,Norte,Hogar,Social,Desktop,Nuevo,612,12,0.0196,12,86643,1039721,56
2025-09-29,Norte,Deportes,Referido,Desktop,Nuevo,363,8,0.022,9,62925,503402,41
2024-01-14,Norte,Electrodomesticos,Pago,Mobile,Recurrente,807,16,0.0198,16,142903,2286441,34
2024-09-03,Centro,Electrodomesticos,Social,Tablet,Recurrente,1220,18,0.0148,30,181198,3261559,31
2024-02-28,Norte,Hogar,Organico,Mobile,Recurrente,1046,20,0.0191,20,85862,1717236,45
2024-08-04,Sur,Deportes,Referido,Mobile,Nuevo,654,9,0.0138,9,79681,717130,46
2024-07-28,Centro,Vestuario,Pago,Mobile,Nuevo,1512,28,0.0185,37,41722,1168214,37
2024-08-19,Centro,Vestuario,Email,Desktop,Recurrente,509,15,0.0295,18,54921,823810,27
2025-06-19,Sur,Vestuario,Organico,Tablet,Recurrente,390,8,0.0205,9,48730,389836,56
2024-04-01,Centro,Tecnologia,Email,Tablet,Nuevo,553,12,0.0217,12,170049,2040587,47
2024-06-03,Norte,Hogar,Social,Mobile,Nuevo,650,11,0.0169,16,84170,925868,11
2024-11-24,Norte,Electrodomesticos,Referido,Desktop,Recurrente,362,3,0.0083,3,164312,492935,37
2025-06-25,Centro,Tecnologia,Organico,Tablet,Nuevo,1045,17,0.0163,19,160543,2729238,20
2025-09-30,Centro,Deportes,Social,Mobile,Recurrente,679,12,0.0177,13,55323,663870,33
2025-11-15,Sur,Hogar,Social,Desktop,Recurrente,576,17,0.0295,21,97371,1655313,39
2025-12-30,Centro,Vestuario,Referido,Desktop,Recurrente,616,18,0.0292,20,55609,1000967,20
2025-09-25,Norte,Tecnologia,Social,Mobile,Recurrente,1068,22,0.0206,22,177834,3912342,41
2024-05-16,Norte,Electrodomesticos,Pago,Mobile,Recurrente,1227,23,0.0187,24,154504,3553601,38
2025-12-01,Sur,Tecnologia,Email,Tablet,Nuevo,658,16,0.0243,18,184520,2952313,35
2025-11-07,Centro,Deportes,Referido,Mobile,Nuevo,1008,13,0.0129,14,50063,650813,36
2025-02-07,Sur,Tecnologia,Organico,Mobile,Recurrente,874,28,0.032,41,200404,5611316,24
2025-11-17,Norte,Electrodomesticos,Organico,Tablet,Nuevo,50,2,0.04,3,171263,342525,29
2024-11-19,Norte,Electrodomesticos,Referido,Desktop,Nuevo,495,6,0.0121,6,143789,862733,47
2024-09-02,Norte,Deportes,Social,Tablet,Recurrente,420,5,0.0119,6,72502,362510,40
2025-01-06,Norte,Hogar,Social,Tablet,Nuevo,225,6,0.0267,9,76421,458526,41
2024-04-03,Centro,Deportes,Social,Mobile,Nuevo,1691,38,0.0225,38,61361,2331710,47
2025-09-10,Centro,Deportes,Social,Tablet,Nuevo,689,14,0.0203,14,51301,718216,45
2024-05-12,Sur,Hogar,Social,Mobile,Recurrente,724,18,0.0249,18,110449,1988074,51
2024-09-10,Norte,Vestuario,Referido,Desktop,Nuevo,618,14,0.0227,14,31500,440999,24
2025-09-22,Centro,Vestuario,Pago,Tablet,Recurrente,474,14,0.0295,15,49567,693938,35
2025-11-30,Norte,Deportes,Organico,Mobile,Nuevo,808,10,0.0124,10,54605,546051,43
2025-08-11,Centro,Tecnologia,Email,Tablet,Nuevo,50,1,0.02,1,184447,184447,27
2024-02-08,Centro,Hogar,Email,Desktop,Recurrente,465,16,0.0344,24,111000,1776001,41
2024-11-04,Centro,Electrodomesticos,Email,Desktop,Recurrente,698,13,0.0186,16,164896,2143646,37
2024-10-17,Norte,Hogar,Organico,Tablet,Recurrente,924,19,0.0206,20,108969,2070411,47
2025-10-13,Sur,Hogar,Organico,Tablet,Nuevo,1044,11,0.0105,11,99900,1098898,47
2024-06-03,Centro,Vestuario,Referido,Tablet,Recurrente,839,21,0.025,28,49826,1046353,35
2025-01-24,Centro,Vestuario,Pago,Mobile,Recurrente,1245,24,0.0193,24,42670,1024083,32
2025-11-17,Norte,Vestuario,Pago,Desktop,Nuevo,383,8,0.0209,8,44766,358129,29
2025-11-24,Sur,Tecnologia,Referido,Desktop,Recurrente,237,11,0.0464,14,165966,1825627,25
2025-04-26,Centro,Hogar,Email,Desktop,Nuevo,547,10,0.0183,17,80582,805817,57
2024-03-06,Norte,Tecnologia,Email,Mobile,Nuevo,831,19,0.0229,25,195391,3712428,27
2024-08-20,Centro,Tecnologia,Referido,Mobile,Recurrente,811,26,0.0321,26,187071,4863852,34
2024-02-23,Norte,Deportes,Social,Desktop,Recurrente,557,10,0.018,10,55797,557967,54
2025-01-22,Centro,Electrodomesticos,Social,Desktop,Recurrente,1019,23,0.0226,27,154454,3552453,15
2024-11-15,Sur,Vestuario,Referido,Mobile,Nuevo,716,11,0.0154,13,46244,508681,34
2025-05-10,Centro,Deportes,Organico,Tablet,Nuevo,842,14,0.0166,14,59519,833271,54
2024-07-31,Norte,Vestuario,Referido,Desktop,Nuevo,296,6,0.0203,11,44659,267955,27
2025-11-01,Sur,Tecnologia,Social,Tablet,Recurrente,315,10,0.0317,10,155033,1550332,47
2024-01-25,Sur,Hogar,Social,Mobile,Nuevo,720,18,0.025,24,82925,1492649,33
2025-06-20,Centro,Electrodomesticos,Email,Mobile,Nuevo,750,9,0.012,9,151318,1361858,45
2025-09-10,Norte,Hogar,Email,Tablet,Recurrente,245,10,0.0408,13,95141,951410,43
2024-06-10,Centro,Tecnologia,Social,Mobile,Recurrente,1357,24,0.0177,36,220441,5290580,32
2024-11-05,Centro,Electrodomesticos,Pago,Desktop,Nuevo,1385,21,0.0152,33,154792,3250638,33
2025-11-15,Norte,Electrodomesticos,Social,Tablet,Nuevo,465,8,0.0172,11,155827,1246615,26
2024-07-06,Norte,Electrodomesticos,Organico,Tablet,Recurrente,620,12,0.0194,12,168596,2023156,52
2024-02-24,Norte,Hogar,Referido,Mobile,Nuevo,610,10,0.0164,10,87380,873804,36
2025-06-07,Centro,Hogar,Referido,Mobile,Nuevo,813,12,0.0148,12,92076,1104917,37
2024-06-05,Sur,Deportes,Organico,Desktop,Nuevo,550,10,0.0182,10,63410,634101,32
2025-09-08,Sur,Vestuario,Referido,Desktop,Nuevo,435,10,0.023,10,39112,391124,33
2025-03-06,Norte,Electrodomesticos,Social,Mobile,Nuevo,679,13,0.0191,15,171643,2231362,27
2024-01-06,Centro,Hogar,Pago,Tablet,Recurrente,542,16,0.0295,17,72247,1155946,36
2024-08-25,Sur,Hogar,Pago,Tablet,Nuevo,374,7,0.0187,7,97801,684610,65
2024-07-25,Sur,Tecnologia,Social,Tablet,Nuevo,658,8,0.0122,8,202766,1622131,41
2024-10-06,Centro,Electrodomesticos,Organico,Desktop,Nuevo,1051,22,0.0209,24,162460,3574113,38
2025-03-29,Norte,Tecnologia,Referido,Tablet,Recurrente,317,10,0.0315,13,213030,2130295,51
2024-05-25,Centro,Deportes,Pago,Tablet,Nuevo,718,8,0.0111,8,63425,507399,43
2025-07-10,Centro,Deportes,Pago,Mobile,Nuevo,1147,13,0.0113,20,57134,742742,41
2024-06-14,Centro,Vestuario,Referido,Desktop,Recurrente,784,15,0.0191,15,45895,688419,27
2024-11-13,Norte,Hogar,Social,Mobile,Nuevo,942,27,0.0287,27,102440,2765876,48
2024-07-16,Sur,Vestuario,Organico,Tablet,Recurrente,740,22,0.0297,24,53431,1175486,41
2024-07-07,Centro,Deportes,Social,Tablet,Recurrente,593,20,0.0337,30,64804,1296070,38
2025-04-29,Centro,Deportes,Referido,Mobile,Recurrente,673,7,0.0104,7,60173,421209,19
2025-08-29,Sur,Hogar,Referido,Mobile,Nuevo,421,4,0.0095,6,98237,392949,26
2024-03-16,Centro,Deportes,Organico,Desktop,Nuevo,254,10,0.0394,10,63774,637742,56
2024-12-28,Sur,Deportes,Email,Desktop,Recurrente,830,15,0.0181,21,67820,1017298,57
2025-10-22,Norte,Deportes,Referido,Tablet,Nuevo,273,5,0.0183,5,70316,351578,35
2024-02-12,Sur,Deportes,Email,Tablet,Recurrente,313,11,0.0351,11,70312,773430,34
2025-03-18,Sur,Vestuario,Pago,Tablet,Nuevo,763,18,0.0236,24,49608,892949,39
2025-12-03,Norte,Vestuario,Social,Desktop,Nuevo,513,16,0.0312,16,43401,694421,29
2024-12-14,Norte,Electrodomesticos,Referido,Desktop,Nuevo,312,2,0.0064,2,172117,344233,36
2024-10-19,Norte,Hogar,Organico,Tablet,Recurrente,592,7,0.0118,12,101369,709580,45
2025-05-06,Centro,Deportes,Email,Desktop,Nuevo,534,16,0.03,16,54350,869594,39
2024-12-24,Sur,Electrodomesticos,Email,Tablet,Recurrente,498,7,0.0141,7,154070,1078491,34
2024-04-29,Centro,Vestuario,Social,Tablet,Recurrente,332,9,0.0271,14,44563,401067,23
2024-01-18,Centro,Deportes,Organico,Desktop,Nuevo,1863,46,0.0247,56,56041,2577882,34
2024-10-09,Centro,Vestuario,Social,Mobile,Recurrente,911,27,0.0296,27,43806,1182749,45
2024-01-23,Norte,Hogar,Pago,Mobile,Nuevo,981,11,0.0112,13,69691,766601,53
2024-05-30,Centro,Hogar,Pago,Mobile,Recurrente,1208,18,0.0149,20,106429,1915717,51
2024-09-27,Norte,Tecnologia,Pago,Tablet,Nuevo,905,19,0.021,19,185339,3521432,34
2024-06-01,Centro,Hogar,Organico,Tablet,Recurrente,490,8,0.0163,9,93693,749540,60
2025-01-30,Centro,Tecnologia,Pago,Tablet,Nuevo,499,9,0.018,10,177935,1601418,21
2024-11-04,Norte,Tecnologia,Organico,Mobile,Nuevo,1262,19,0.0151,19,180072,3421373,24
2024-02-09,Norte,Vestuario,Pago,Mobile,Recurrente,703,19,0.027,19,49433,939228,39
2024-06-14,Norte,Hogar,Pago,Tablet,Recurrente,404,9,0.0223,9,90044,810397,48
2025-11-19,Norte,Vestuario,Organico,Desktop,Recurrente,1175,37,0.0315,37,44432,1644000,34
2025-02-04,Centro,Vestuario,Social,Mobile,Recurrente,951,22,0.0231,35,47095,1036090,30
2024-01-26,Sur,Hogar,Pago,Mobile,Nuevo,511,5,0.0098,5,96017,480084,32
2024-12-25,Sur,Tecnologia,Social,Tablet,Nuevo,329,10,0.0304,10,183676,1836764,37
2025-03-26,Sur,Electrodomesticos,Organico,Desktop,Recurrente,1098,15,0.0137,15,181648,2724714,49
2024-01-24,Sur,Vestuario,Social,Tablet,Nuevo,145,4,0.0276,4,55419,221675,39
2024-02-19,Sur,Electrodomesticos,Pago,Desktop,Nuevo,833,16,0.0192,16,117179,1874856,19
2025-12-05,Centro,Hogar,Organico,Tablet,Nuevo,488,6,0.0123,9,87068,522409,34
2025-01-05,Centro,Hogar,Referido,Desktop,Recurrente,573,8,0.014,10,91411,731291,49
2024-12-07,Centro,Electrodomesticos,Referido,Mobile,Recurrente,1213,24,0.0198,27,180445,4330671,41
2025-01-20,Norte,Vestuario,Pago,Tablet,Nuevo,529,15,0.0284,21,40658,609873,7
2025-08-16,Sur,Vestuario,Email,Tablet,Recurrente,286,10,0.035,10,46354,463541,39
2025-09-17,Centro,Hogar,Referido,Tablet,Recurrente,631,9,0.0143,9,113479,1021311,35
2024-10-08,Norte,Deportes,Organico,Mobile,Recurrente,822,19,0.0231,23,63158,1200006,55
2024-03-25,Sur,Deportes,Email,Tablet,Recurrente,556,17,0.0306,22,62163,1056774,52
2025-12-22,Norte,Tecnologia,Referido,Mobile,Nuevo,698,23,0.033,28,141439,3253100,34
2025-01-20,Centro,Tecnologia,Referido,Desktop,Recurrente,539,19,0.0353,24,164766,3130562,35
2024-09-19,Norte,Deportes,Email,Mobile,Nuevo,558,7,0.0125,7,59256,414788,34
2025-05-20,Sur,Vestuario,Pago,Mobile,Recurrente,1206,31,0.0257,32,44563,1381459,42
2024-10-11,Centro,Hogar,Referido,Tablet,Recurrente,466,12,0.0258,20,95713,1148552,45
2025-08-08,Sur,Vestuario,Social,Tablet,Recurrente,417,13,0.0312,13,38699,503082,29
2025-02-14,Sur,Deportes,Organico,Mobile,Nuevo,787,16,0.0203,23,56494,903906,26
2025-11-26,Centro,Tecnologia,Referido,Tablet,Nuevo,467,9,0.0193,9,181482,1633335,46
2024-12-26,Sur,Deportes,Pago,Desktop,Nuevo,1383,24,0.0174,35,52845,1268274,37
2025-03-31,Centro,Tecnologia,Organico,Mobile,Nuevo,806,12,0.0149,18,203855,2446263,27
2024-08-08,Centro,Electrodomesticos,Social,Tablet,Nuevo,890,17,0.0191,17,156185,2655152,27
2024-10-24,Centro,Electrodomesticos,Pago,Mobile,Nuevo,1542,19,0.0123,19,154274,2931212,31
2025-10-22,Norte,Electrodomesticos,Email,Desktop,Nuevo,337,8,0.0237,8,115764,926112,28
2024-06-16,Norte,Deportes,Pago,Desktop,Recurrente,807,27,0.0335,28,68445,1848017,44
2024-03-03,Norte,Hogar,Referido,Desktop,Nuevo,597,13,0.0218,13,96768,1257988,35
2025-10-07,Centro,Electrodomesticos,Referido,Desktop,Nuevo,904,11,0.0122,11,166085,1826940,40
2024-04-10,Centro,Deportes,Email,Tablet,Nuevo,453,13,0.0287,13,65687,853930,45
2025-01-27,Norte,Deportes,Social,Tablet,Nuevo,552,17,0.0308,19,62592,1064060,36
2024-09-22,Norte,Electrodomesticos,Organico,Tablet,Recurrente,573,12,0.0209,13,153976,1847716,34
2025-02-18,Norte,Hogar,Social,Desktop,Recurrente,777,17,0.0219,17,81518,1385803,50
2024-10-01,Sur,Vestuario,Organico,Tablet,Recurrente,933,18,0.0193,18,50679,912230,24
2025-08-26,Centro,Hogar,Email,Mobile,Recurrente,887,16,0.018,16,101804,1628870,47
2025-01-23,Norte,Hogar,Social,Tablet,Recurrente,288,5,0.0174,5,94433,472162,38
2024-12-04,Centro,Electrodomesticos,Referido,Mobile,Recurrente,974,20,0.0205,28,180565,3611304,39
2024-01-30,Centro,Hogar,Social,Mobile,Recurrente,577,9,0.0156,9,92505,832547,48
2025-04-11,Sur,Vestuario,Referido,Tablet,Recurrente,470,19,0.0404,24,38601,733423,30
2025-05-07,Sur,Hogar,Referido,Tablet,Nuevo,435,9,0.0207,9,91735,825613,42
2025-01-03,Norte,Electrodomesticos,Pago,Desktop,Recurrente,767,12,0.0156,12,146862,1762339,40
2025-12-27,Norte,Electrodomesticos,Organico,Desktop,Nuevo,1040,16,0.0154,19,133766,2140259,32
2024-08-02,Sur,Tecnologia,Pago,Tablet,Nuevo,728,13,0.0179,13,194549,2529132,31
2024-08-30,Sur,Tecnologia,Email,Mobile,Nuevo,677,15,0.0222,16,170481,2557217,37
2025-11-25,Sur,Tecnologia,Email,Mobile,Recurrente,535,13,0.0243,13,200477,2606198,28
2024-03-30,Centro,Vestuario,Referido,Tablet,Nuevo,378,5,0.0132,5,48963,244812,26
2025-06-11,Centro,Vestuario,Referido,Tablet,Nuevo,540,8,0.0148,10,45830,366636,38
2024-01-14,Sur,Hogar,Pago,Mobile,Nuevo,497,10,0.0201,13,106259,1062591,47
2024-08-03,Norte,Vestuario,Referido,Tablet,Recurrente,333,9,0.027,11,41798,376180,39
2025-11-22,Centro,Deportes,Organico,Mobile,Recurrente,1772,35,0.0198,45,68804,2408151,38
2024-04-23,Sur,Vestuario,Referido,Mobile,Recurrente,540,13,0.0241,13,51142,664850,24
2025-01-07,Sur,Tecnologia,Organico,Mobile,Recurrente,1309,30,0.0229,30,219293,6578803,58
2025-09-30,Sur,Deportes,Pago,Desktop,Recurrente,1432,32,0.0223,40,57395,1836635,37
2025-07-18,Norte,Vestuario,Email,Desktop,Nuevo,236,4,0.0169,4,50852,203406,33
2024-06-15,Norte,Hogar,Pago,Mobile,Nuevo,1021,12,0.0118,12,102859,1234313,57
2024-06-12,Centro,Electrodomesticos,Referido,Tablet,Nuevo,629,8,0.0127,10,132234,1057870,21
2025-07-27,Centro,Deportes,Social,Tablet,Nuevo,674,18,0.0267,23,74776,1345969,30
2024-02-29,Norte,Deportes,Pago,Mobile,Nuevo,802,14,0.0175,27,57938,811130,26
2024-09-04,Centro,Hogar,Organico,Desktop,Recurrente,888,23,0.0259,23,91248,2098714,49
2025-03-15,Centro,Deportes,Organico,Mobile,Nuevo,1622,12,0.0074,15,54597,655163,39
2025-04-08,Sur,Hogar,Organico,Tablet,Nuevo,1001,14,0.014,14,91837,1285719,49
2024-07-21,Norte,Vestuario,Organico,Desktop,Nuevo,854,17,0.0199,17,54111,919886,36
2024-12-12,Sur,Tecnologia,Social,Desktop,Nuevo,994,24,0.0241,37,154836,3716072,48
2025-06-08,Centro,Hogar,Pago,Mobile,Recurrente,1433,20,0.014,20,102659,2053177,36
2025-03-18,Centro,Tecnologia,Referido,Desktop,Nuevo,547,10,0.0183,18,160305,1603054,30
2025-08-24,Norte,Deportes,Organico,Tablet,Nuevo,392,6,0.0153,11,59524,357146,29
2025-10-02,Norte,Vestuario,Referido,Mobile,Recurrente,355,15,0.0423,25,46348,695227,44
2024-02-18,Norte,Electrodomesticos,Pago,Tablet,Recurrente,742,8,0.0108,8,140856,1126845,25
2024-06-21,Norte,Hogar,Social,Desktop,Recurrente,383,8,0.0209,10,85498,683981,69
2024-04-03,Norte,Deportes,Organico,Tablet,Nuevo,451,13,0.0288,14,51535,669948,31
2025-11-08,Centro,Tecnologia,Pago,Desktop,Nuevo,1340,19,0.0142,30,171644,3261232,9
2025-07-03,Sur,Vestuario,Email,Desktop,Nuevo,543,16,0.0295,20,39886,638174,38
2024-09-29,Sur,Vestuario,Pago,Mobile,Recurrente,1108,30,0.0271,48,44387,1331599,50
2025-03-02,Sur,Deportes,Organico,Mobile,Nuevo,1106,18,0.0163,29,52512,945212,39
2024-03-13,Norte,Electrodomesticos,Pago,Desktop,Nuevo,719,8,0.0111,9,153250,1226001,20
2025-01-26,Sur,Deportes,Email,Mobile,Nuevo,688,13,0.0189,17,63740,828619,45
2025-11-16,Centro,Electrodomesticos,Social,Desktop,Nuevo,899,15,0.0167,15,126632,1899486,32
2025-08-26,Centro,Hogar,Pago,Mobile,Recurrente,2506,30,0.012,32,79762,2392867,38
2025-03-23,Norte,Tecnologia,Pago,Tablet,Nuevo,848,18,0.0212,25,186380,3354843,35
2024-03-17,Norte,Vestuario,Pago,Mobile,Nuevo,504,7,0.0139,7,37531,262718,24
2025-08-19,Sur,Vestuario,Email,Mobile,Recurrente,1144,29,0.0253,32,45084,1307429,18
2025-02-20,Sur,Vestuario,Pago,Desktop,Recurrente,1202,32,0.0266,47,42821,1370265,55
2024-07-02,Norte,Hogar,Organico,Tablet,Recurrente,544,8,0.0147,15,117035,936281,54
2024-08-28,Sur,Hogar,Email,Tablet,Nuevo,379,10,0.0264,15,95301,953011,51
2024-04-27,Centro,Tecnologia,Pago,Mobile,Nuevo,401,6,0.015,8,162416,974493,43
2024-02-13,Centro,Tecnologia,Email,Tablet,Recurrente,287,13,0.0453,17,222596,2893742,42
2025-07-26,Sur,Deportes,Referido,Tablet,Nuevo,425,7,0.0165,10,62864,440050,30
2024-11-14,Sur,Hogar,Social,Tablet,Recurrente,317,10,0.0315,13,105613,1056132,55
2024-05-09,Centro,Vestuario,Referido,Tablet,Nuevo,534,13,0.0243,14,40277,523604,31
2025-09-26,Centro,Electrodomesticos,Pago,Tablet,Nuevo,903,10,0.0111,11,156111,1561110,35
2025-03-04,Centro,Electrodomesticos,Pago,Mobile,Recurrente,1513,29,0.0192,30,155269,4502808,42
2024-10-09,Norte,Deportes,Email,Tablet,Recurrente,431,7,0.0162,7,68153,477071,56
2024-09-11,Sur,Electrodomesticos,Referido,Desktop,Recurrente,486,7,0.0144,8,180168,1261177,36
2024-10-27,Centro,Tecnologia,Email,Desktop,Recurrente,467,14,0.03,17,210497,2946955,48
2025-11-29,Norte,Deportes,Email,Tablet,Recurrente,278,6,0.0216,10,56823,340936,40
2025-04-10,Centro,Tecnologia,Email,Tablet,Nuevo,619,7,0.0113,11,191812,1342685,40
2024-08-27,Centro,Vestuario,Email,Tablet,Nuevo,548,8,0.0146,11,57170,457359,32
2024-10-06,Sur,Tecnologia,Email,Desktop,Recurrente,450,17,0.0378,17,197416,3356074,39
2024-02-03,Centro,Electrodomesticos,Referido,Tablet,Recurrente,189,7,0.037,10,169065,1183454,39
2024-08-22,Centro,Vestuario,Social,Mobile,Nuevo,1169,28,0.024,37,40485,1133579,33
2025-05-14,Norte,Vestuario,Pago,Desktop,Recurrente,876,23,0.0263,39,48086,1105984,26
2024-02-14,Sur,Hogar,Email,Desktop,Recurrente,416,9,0.0216,9,107982,971840,41
2024-10-22,Centro,Hogar,Email,Mobile,Nuevo,721,12,0.0166,13,84119,1009429,31
2025-12-30,Norte,Vestuario,Email,Mobile,Nuevo,992,21,0.0212,21,42337,889069,32
2024-12-05,Norte,Hogar,Organico,Desktop,Recurrente,1558,42,0.027,48,107758,4525821,57
2024-07-15,Norte,Vestuario,Referido,Mobile,Nuevo,620,18,0.029,19,40664,731950,15
2024-10-05,Centro,Electrodomesticos,Social,Tablet,Recurrente,547,9,0.0165,9,192114,1729028,42
2024-01-21,Centro,Deportes,Pago,Desktop,Nuevo,989,13,0.0131,21,54480,708242,48
2025-01-15,Norte,Vestuario,Email,Mobile,Nuevo,417,9,0.0216,12,35094,315847,13
2025-10-01,Sur,Hogar,Pago,Mobile,Nuevo,1574,29,0.0184,29,100611,2917711,46
2024-10-27,Norte,Hogar,Pago,Mobile,Recurrente,827,21,0.0254,31,96263,2021524,62
2025-08-23,Sur,Vestuario,Organico,Mobile,Recurrente,811,14,0.0173,23,43006,602079,31
2025-06-12,Sur,Electrodomesticos,Organico,Tablet,Recurrente,708,18,0.0254,21,143943,2590969,43
2024-05-05,Norte,Hogar,Social,Desktop,Recurrente,393,4,0.0102,6,77595,310378,37
2025-01-06,Norte,Hogar,Organico,Desktop,Recurrente,241,6,0.0249,6,107329,643974,43
2024-09-03,Sur,Deportes,Pago,Desktop,Nuevo,935,29,0.031,30,57616,1670873,27
2025-01-21,Sur,Tecnologia,Referido,Tablet,Recurrente,438,10,0.0228,10,222645,2226454,60
2024-10-02,Centro,Deportes,Social,Mobile,Nuevo,641,10,0.0156,15,60208,602078,50
2025-11-10,Centro,Deportes,Pago,Tablet,Nuevo,852,12,0.0141,14,64790,777484,36
2025-09-05,Centro,Electrodomesticos,Social,Mobile,Nuevo,1238,12,0.0097,17,152401,1828806,33
2024-09-23,Sur,Deportes,Organico,Desktop,Recurrente,1159,21,0.0181,27,82581,1734204,53
2024-08-05,Sur,Tecnologia,Organico,Mobile,Nuevo,870,17,0.0195,23,186899,3177281,35
2024-07-07,Centro,Tecnologia,Social,Desktop,Recurrente,299,9,0.0301,10,196748,1770729,31
2024-10-23,Sur,Vestuario,Referido,Desktop,Nuevo,223,2,0.009,2,39880,79759,17
2024-04-12,Sur,Electrodomesticos,Social,Mobile,Recurrente,824,15,0.0182,15,161328,2419921,49
2024-10-24,Sur,Hogar,Pago,Desktop,Recurrente,1079,28,0.0259,30,83628,2341572,43
2024-12-09,Sur,Electrodomesticos,Referido,Tablet,Recurrente,268,6,0.0224,9,148027,888159,47
2024-10-17,Norte,Electrodomesticos,Email,Mobile,Recurrente,525,11,0.021,11,154900,1703896,34
2025-11-03,Sur,Vestuario,Pago,Desktop,Nuevo,1095,24,0.0219,31,42006,1008152,41
2024-12-12,Norte,Deportes,Organico,Desktop,Nuevo,1325,33,0.0249,33,57402,1894266,37
2025-02-15,Norte,Hogar,Pago,Tablet,Recurrente,370,12,0.0324,12,91387,1096643,53
2025-01-04,Centro,Vestuario,Pago,Mobile,Recurrente,1163,34,0.0292,45,57740,1963145,51
2024-06-17,Centro,Tecnologia,Organico,Desktop,Nuevo,667,14,0.021,16,182913,2560782,27
2024-11-24,Sur,Deportes,Organico,Desktop,Recurrente,997,28,0.0281,28,74368,2082292,18
2024-07-21,Sur,Hogar,Organico,Tablet,Nuevo,505,9,0.0178,10,96595,869358,20
2025-12-11,Norte,Vestuario,Referido,Mobile,Nuevo,512,5,0.0098,5,44715,223575,27
2025-11-05,Sur,Vestuario,Email,Tablet,Nuevo,517,9,0.0174,14,49507,445561,30
2025-05-09,Sur,Electrodomesticos,Organico,Mobile,Recurrente,824,18,0.0218,23,134777,2425991,53
2024-11-12,Centro,Hogar,Referido,Tablet,Nuevo,641,8,0.0125,17,93038,744300,24
2025-11-18,Centro,Vestuario,Referido,Mobile,Recurrente,907,20,0.0221,25,52970,1059390,45
2025-05-20,Centro,Electrodomesticos,Pago,Mobile,Nuevo,1303,11,0.0084,11,146265,1608919,26
2024-03-23,Sur,Electrodomesticos,Organico,Tablet,Nuevo,448,6,0.0134,8,137304,823822,30
2024-09-30,Norte,Hogar,Referido,Mobile,Nuevo,401,12,0.0299,13,81493,977921,49
2025-09-25,Norte,Deportes,Organico,Tablet,Recurrente,513,15,0.0292,15,67143,1007137,46
2025-06-29,Norte,Hogar,Pago,Desktop,Recurrente,557,16,0.0287,16,85571,1369131,47
2025-09-09,Norte,Hogar,Email,Desktop,Nuevo,386,9,0.0233,10,112071,1008641,55
2024-03-14,Norte,Electrodomesticos,Organico,Mobile,Nuevo,1003,20,0.0199,23,158528,3170551,19
2025-12-19,Centro,Vestuario,Email,Tablet,Nuevo,611,15,0.0245,22,45976,689635,31
2024-07-28,Centro,Electrodomesticos,Email,Tablet,Nuevo,430,4,0.0093,4,167588,670350,23
2024-03-01,Sur,Vestuario,Pago,Desktop,Nuevo,723,15,0.0207,18,35789,536833,26
2025-11-08,Sur,Deportes,Referido,Tablet,Nuevo,319,3,0.0094,3,54287,162860,33
2025-01-26,Sur,Electrodomesticos,Social,Desktop,Recurrente,706,6,0.0085,6,171768,1030606,41
2024-07-20,Norte,Vestuario,Email,Tablet,Nuevo,296,8,0.027,9,48295,386358,32
2024-05-16,Sur,Vestuario,Social,Mobile,Nuevo,740,10,0.0135,10,41471,414706,15
2024-04-07,Norte,Deportes,Email,Desktop,Recurrente,363,8,0.022,11,61734,493871,50
2025-05-28,Centro,Tecnologia,Referido,Tablet,Recurrente,466,16,0.0343,21,182590,2921437,43
2025-02-14,Norte,Hogar,Email,Desktop,Recurrente,679,13,0.0191,13,94949,1234337,43
2024-06-09,Sur,Hogar,Social,Mobile,Recurrente,709,19,0.0268,29,95945,1822948,37
2025-06-02,Norte,Hogar,Pago,Desktop,Nuevo,184,2,0.0109,6,68997,137993,49
2024-09-27,Centro,Vestuario,Organico,Desktop,Recurrente,1639,52,0.0317,58,46676,2427157,38
2025-01-20,Sur,Electrodomesticos,Pago,Desktop,Recurrente,965,24,0.0249,26,171523,4116550,38
2024-01-02,Centro,Vestuario,Pago,Tablet,Nuevo,1126,24,0.0213,25,43591,1046184,7
2025-12-18,Norte,Vestuario,Organico,Tablet,Recurrente,1131,22,0.0195,22,50316,1106954,18
2025-04-23,Centro,Deportes,Pago,Mobile,Nuevo,958,19,0.0198,28,61830,1174765,40
2025-02-25,Norte,Electrodomesticos,Pago,Desktop,Nuevo,655,10,0.0153,10,113901,1139007,40
2025-10-21,Centro,Deportes,Email,Mobile,Nuevo,399,12,0.0301,15,69426,833107,53
2024-07-06,Sur,Electrodomesticos,Pago,Mobile,Recurrente,400,11,0.0275,11,142481,1567295,44
2025-08-23,Sur,Hogar,Social,Tablet,Recurrente,528,9,0.017,9,116073,1044655,38
2024-04-11,Norte,Hogar,Social,Mobile,Nuevo,862,18,0.0209,24,90933,1636796,13
2025-07-04,Centro,Hogar,Email,Tablet,Nuevo,545,13,0.0239,13,91102,1184326,40
2025-08-09,Norte,Vestuario,Email,Mobile,Recurrente,525,15,0.0286,16,51974,779616,36
2024-03-07,Sur,Hogar,Email,Mobile,Recurrente,1013,24,0.0237,24,89346,2144300,41
2025-07-17,Sur,Tecnologia,Organico,Tablet,Nuevo,873,12,0.0137,12,190389,2284671,36
2024-07-21,Norte,Hogar,Organico,Desktop,Recurrente,623,10,0.0161,11,82317,823166,40
2024-03-29,Centro,Deportes,Pago,Desktop,Nuevo,808,29,0.0359,39,63180,1832222,41
2024-11-03,Centro,Hogar,Email,Mobile,Recurrente,286,6,0.021,7,105253,631519,49
2024-04-26,Norte,Tecnologia,Organico,Desktop,Nuevo,521,8,0.0154,10,197001,1576005,13
2025-04-08,Sur,Deportes,Organico,Mobile,Nuevo,1092,21,0.0192,22,60201,1264216,32
2024-12-25,Norte,Vestuario,Social,Desktop,Recurrente,931,22,0.0236,24,49741,1094303,50
2024-08-17,Centro,Deportes,Organico,Tablet,Recurrente,546,15,0.0275,16,53259,798888,25
2025-11-24,Centro,Electrodomesticos,Referido,Desktop,Recurrente,503,11,0.0219,17,177066,1947728,54
2024-07-01,Centro,Deportes,Pago,Tablet,Nuevo,736,18,0.0245,23,69257,1246625,33
2025-07-27,Norte,Deportes,Referido,Mobile,Nuevo,557,7,0.0126,9,54935,384547,34
2024-03-22,Sur,Vestuario,Social,Mobile,Nuevo,673,16,0.0238,16,50311,804981,30
2024-09-22,Sur,Deportes,Pago,Mobile,Recurrente,1267,40,0.0316,45,51968,2078718,46
2024-05-14,Centro,Deportes,Pago,Mobile,Recurrente,1774,37,0.0209,40,69059,2555165,61
2025-11-03,Norte,Vestuario,Organico,Desktop,Recurrente,354,7,0.0198,7,48160,337121,26
2024-11-28,Sur,Electrodomesticos,Pago,Desktop,Nuevo,766,14,0.0183,22,147245,2061434,30
2024-05-11,Norte,Tecnologia,Email,Mobile,Recurrente,328,6,0.0183,9,215798,1294787,47
2024-11-09,Sur,Hogar,Organico,Mobile,Nuevo,1092,14,0.0128,18,112286,1572009,46
2024-11-02,Norte,Vestuario,Pago,Tablet,Recurrente,668,19,0.0284,21,49187,934557,45
2025-10-13,Sur,Deportes,Organico,Mobile,Recurrente,356,5,0.014,6,55767,278835,42
2024-11-03,Centro,Deportes,Social,Mobile,Recurrente,1131,22,0.0195,23,60917,1340177,38
2024-08-21,Centro,Hogar,Email,Desktop,Recurrente,990,25,0.0253,33,82234,2055853,41
2025-02-06,Sur,Electrodomesticos,Email,Mobile,Nuevo,361,9,0.0249,10,156240,1406164,33
2025-10-29,Centro,Vestuario,Pago,Mobile,Recurrente,724,14,0.0193,14,48170,674374,26
2025-02-03,Sur,Vestuario,Email,Mobile,Nuevo,243,6,0.0247,6,40251,241505,23
2025-03-11,Norte,Vestuario,Pago,Mobile,Nuevo,896,22,0.0246,22,45647,1004238,37
2025-03-02,Norte,Tecnologia,Referido,Desktop,Recurrente,389,8,0.0206,8,193760,1550081,54
2025-08-23,Centro,Tecnologia,Organico,Mobile,Recurrente,940,23,0.0245,24,169313,3894209,27
2024-11-04,Sur,Tecnologia,Social,Desktop,Nuevo,563,14,0.0249,14,193897,2714554,29
2025-04-29,Norte,Tecnologia,Organico,Mobile,Nuevo,1092,15,0.0137,15,172681,2590213,44
2025-10-15,Norte,Tecnologia,Referido,Mobile,Nuevo,419,7,0.0167,10,142394,996760,32
2024-05-20,Centro,Deportes,Social,Desktop,Nuevo,273,5,0.0183,5,50171,250857,12
2024-11-16,Norte,Electrodomesticos,Organico,Tablet,Recurrente,883,16,0.0181,16,179931,2878895,43
2024-11-08,Sur,Tecnologia,Organico,Mobile,Recurrente,967,25,0.0259,27,233216,5830399,29
2024-03-06,Sur,Hogar,Referido,Tablet,Recurrente,496,11,0.0222,11,88254,970789,28
2025-11-24,Centro,Vestuario,Pago,Tablet,Recurrente,1169,23,0.0197,23,47862,1100815,37
2024-01-22,Centro,Deportes,Referido,Desktop,Recurrente,234,3,0.0128,3,67087,201262,29
2025-07-17,Centro,Electrodomesticos,Organico,Mobile,Recurrente,1833,22,0.012,27,155148,3413260,60
2024-12-14,Norte,Vestuario,Organico,Desktop,Recurrente,632,19,0.0301,22,48876,928648,36
2024-11-11,Centro,Hogar,Social,Tablet,Recurrente,932,22,0.0236,26,114283,2514233,45
2025-09-01,Sur,Hogar,Social,Desktop,Recurrente,323,9,0.0279,9,98330,884973,67
2025-09-18,Norte,Hogar,Referido,Tablet,Nuevo,266,7,0.0263,7,81230,568613,29
2025-07-25,Norte,Tecnologia,Email,Tablet,Nuevo,425,8,0.0188,8,187132,1497059,35
2025-01-04,Centro,Electrodomesticos,Pago,Desktop,Recurrente,1057,21,0.0199,27,164611,3456823,33
2024-06-27,Sur,Tecnologia,Email,Tablet,Nuevo,423,9,0.0213,16,170080,1530721,33
2024-07-07,Centro,Electrodomesticos,Social,Mobile,Nuevo,396,2,0.0051,2,127495,254989,60
2025-02-05,Centro,Deportes,Pago,Desktop,Recurrente,1273,29,0.0228,32,75749,2196708,35
2025-02-16,Sur,Electrodomesticos,Social,Tablet,Recurrente,440,9,0.0205,9,143568,1292107,41
2024-07-11,Centro,Hogar,Referido,Desktop,Recurrente,730,14,0.0192,14,85982,1203745,38
2024-02-07,Norte,Hogar,Organico,Tablet,Nuevo,616,12,0.0195,13,91302,1095623,58
2025-01-03,Centro,Deportes,Social,Desktop,Recurrente,1066,15,0.0141,17,58121,871810,62
2025-09-07,Centro,Hogar,Referido,Tablet,Nuevo,531,17,0.032,31,92488,1572300,35
2024-06-23,Norte,Hogar,Referido,Tablet,Nuevo,436,14,0.0321,14,84314,1180400,32
2025-05-04,Centro,Tecnologia,Referido,Mobile,Nuevo,616,14,0.0227,19,154087,2157212,28
2025-07-18,Norte,Vestuario,Email,Desktop,Nuevo,747,17,0.0228,28,44717,760194,48
2024-09-30,Norte,Deportes,Organico,Desktop,Nuevo,585,12,0.0205,15,49890,598675,36
2025-01-24,Centro,Tecnologia,Social,Tablet,Recurrente,287,7,0.0244,8,193349,1353446,37
2024-01-01,Norte,Hogar,Social,Desktop,Nuevo,485,10,0.0206,12,85424,854243,46
2024-01-25,Sur,Tecnologia,Social,Tablet,Recurrente,407,9,0.0221,9,171539,1543846,41
2025-08-18,Sur,Electrodomesticos,Organico,Mobile,Recurrente,684,12,0.0175,12,160208,1922495,54
2024-10-20,Norte,Tecnologia,Email,Tablet,Nuevo,558,11,0.0197,11,177565,1953218,30
2024-05-07,Sur,Tecnologia,Referido,Tablet,Recurrente,266,5,0.0188,6,179923,899616,66
2025-07-16,Norte,Deportes,Pago,Tablet,Recurrente,436,11,0.0252,13,64517,709692,33
2024-09-29,Centro,Deportes,Pago,Mobile,Nuevo,1251,19,0.0152,19,59715,1134587,34
2025-12-26,Sur,Vestuario,Referido,Desktop,Nuevo,541,17,0.0314,23,31500,535499,36
2024-10-23,Sur,Vestuario,Organico,Tablet,Recurrente,677,14,0.0207,18,46140,645963,36
2025-06-03,Norte,Tecnologia,Email,Desktop,Recurrente,592,14,0.0236,14,175949,2463283,39
2025-11-09,Centro,Deportes,Referido,Desktop,Recurrente,742,15,0.0202,17,70984,1064763,57
2025-04-17,Centro,Electrodomesticos,Email,Mobile,Nuevo,812,15,0.0185,21,159402,2391033,37
2024-04-26,Norte,Hogar,Pago,Mobile,Nuevo,1118,14,0.0125,14,92847,1299857,43
2025-05-19,Sur,Vestuario,Pago,Desktop,Recurrente,619,17,0.0275,24,48835,830203,58
2025-05-08,Norte,Hogar,Organico,Mobile,Recurrente,1307,31,0.0237,31,88012,2728366,34
2024-03-18,Norte,Deportes,Organico,Mobile,Recurrente,909,18,0.0198,18,69275,1246954,42
2025-02-25,Sur,Tecnologia,Social,Mobile,Nuevo,430,9,0.0209,9,150691,1356214,35
2024-02-21,Sur,Deportes,Pago,Desktop,Recurrente,950,16,0.0168,22,53517,856267,34
2025-10-07,Centro,Deportes,Social,Mobile,Nuevo,1068,24,0.0225,27,60229,1445501,18
2024-11-26,Norte,Electrodomesticos,Social,Mobile,Nuevo,1020,12,0.0118,25,141170,1694044,37
2024-12-09,Norte,Tecnologia,Organico,Mobile,Recurrente,707,14,0.0198,17,216222,3027112,54
2025-05-16,Sur,Deportes,Email,Mobile,Recurrente,820,22,0.0268,22,62076,1365676,40
2025-08-17,Centro,Tecnologia,Social,Tablet,Recurrente,533,15,0.0281,19,177142,2657129,27
2025-02-23,Sur,Tecnologia,Social,Tablet,Recurrente,603,16,0.0265,21,204145,3266319,50
2024-04-16,Centro,Tecnologia,Social,Tablet,Nuevo,823,14,0.017,19,207859,2910027,25
2025-05-24,Sur,Deportes,Referido,Tablet,Nuevo,400,3,0.0075,4,51929,155786,42
2024-04-28,Sur,Electrodomesticos,Social,Desktop,Nuevo,980,12,0.0122,12,142749,1712992,47
2025-09-12,Centro,Electrodomesticos,Email,Tablet,Nuevo,360,5,0.0139,5,153491,767456,30
2025-04-30,Norte,Vestuario,Referido,Desktop,Recurrente,179,10,0.0559,16,51727,517267,33
2024-04-15,Centro,Electrodomesticos,Referido,Mobile,Recurrente,380,8,0.0211,8,148399,1187190,37
2024-11-10,Sur,Hogar,Referido,Desktop,Nuevo,582,13,0.0223,13,92083,1197081,27
2025-03-16,Centro,Electrodomesticos,Referido,Mobile,Recurrente,613,12,0.0196,17,152367,1828408,29
2024-11-07,Sur,Electrodomesticos,Organico,Tablet,Recurrente,1125,22,0.0196,22,155245,3415391,34
2025-11-13,Norte,Hogar,Email,Tablet,Nuevo,299,5,0.0167,7,87696,438480,40
2024-09-07,Norte,Hogar,Email,Mobile,Recurrente,486,14,0.0288,14,78223,1095128,40
2024-08-19,Sur,Electrodomesticos,Referido,Desktop,Nuevo,468,6,0.0128,10,164456,986738,25
2024-04-13,Norte,Deportes,Referido,Desktop,Recurrente,447,15,0.0336,18,68342,1025128,54
2024-06-06,Centro,Hogar,Referido,Desktop,Recurrente,367,6,0.0163,8,85642,513850,50
2024-01-20,Sur,Vestuario,Social,Mobile,Nuevo,632,14,0.0222,19,53792,753087,17
2024-06-16,Norte,Deportes,Referido,Tablet,Nuevo,157,4,0.0255,4,53863,215453,46
2024-11-30,Centro,Tecnologia,Pago,Desktop,Nuevo,869,23,0.0265,28,159196,3661507,23
2024-11-06,Sur,Tecnologia,Referido,Mobile,Recurrente,421,19,0.0451,27,195889,3721882,51
2025-06-03,Norte,Deportes,Organico,Mobile,Nuevo,896,22,0.0246,30,46357,1019864,24
2024-11-10,Norte,Tecnologia,Organico,Desktop,Nuevo,900,23,0.0256,32,193691,4454901,41
2024-07-05,Centro,Electrodomesticos,Email,Mobile,Nuevo,488,12,0.0246,19,133172,1598067,34
2024-11-17,Sur,Deportes,Pago,Tablet,Recurrente,279,6,0.0215,8,62756,376534,53
2024-10-09,Centro,Electrodomesticos,Referido,Mobile,Nuevo,756,13,0.0172,17,165971,2157617,20
2025-09-21,Centro,Hogar,Pago,Tablet,Nuevo,693,12,0.0173,15,98571,1182846,37
2025-11-20,Norte,Hogar,Email,Mobile,Recurrente,834,10,0.012,17,92453,924534,33
2024-11-26,Norte,Vestuario,Social,Tablet,Nuevo,486,9,0.0185,13,47267,425404,40
2025-03-29,Norte,Tecnologia,Email,Desktop,Nuevo,201,2,0.01,2,194665,389329,36
2024-06-14,Norte,Tecnologia,Organico,Mobile,Recurrente,1284,34,0.0265,48,200072,6802452,54
2024-03-26,Norte,Hogar,Social,Tablet,Nuevo,428,7,0.0164,7,77151,540054,54
2025-02-23,Sur,Deportes,Organico,Mobile,Recurrente,512,6,0.0117,10,66631,399788,37
2024-12-14,Norte,Hogar,Referido,Desktop,Recurrente,466,11,0.0236,14,100068,1100746,51
2025-04-09,Sur,Vestuario,Pago,Desktop,Nuevo,883,18,0.0204,27,39387,708962,43
2024-10-26,Centro,Vestuario,Email,Tablet,Nuevo,305,6,0.0197,6,46551,279304,20
2024-08-07,Centro,Vestuario,Social,Desktop,Nuevo,685,10,0.0146,17,37725,377252,15
2025-10-15,Centro,Vestuario,Social,Tablet,Nuevo,833,16,0.0192,16,45097,721555,19
2024-05-01,Centro,Tecnologia,Referido,Desktop,Recurrente,890,23,0.0258,23,206960,4760078,44
2024-09-19,Centro,Vestuario,Social,Mobile,Nuevo,1593,29,0.0182,29,46587,1351011,40
2025-05-29,Sur,Hogar,Referido,Desktop,Nuevo,553,9,0.0163,14,83604,752436,20
2024-01-07,Centro,Deportes,Email,Desktop,Nuevo,589,15,0.0255,15,64461,966921,42
2025-07-24,Sur,Tecnologia,Social,Tablet,Nuevo,442,7,0.0158,7,194339,1360371,45
2024-11-11,Centro,Electrodomesticos,Pago,Desktop,Recurrente,918,20,0.0218,27,168384,3367681,40
2025-04-01,Centro,Vestuario,Referido,Desktop,Nuevo,685,20,0.0292,22,48120,962407,17
2024-06-26,Centro,Electrodomesticos,Organico,Desktop,Nuevo,892,14,0.0157,18,105000,1470000,23
2024-10-08,Sur,Deportes,Email,Mobile,Recurrente,318,8,0.0252,8,75390,603121,24
2024-01-21,Centro,Deportes,Pago,Tablet,Nuevo,344,2,0.0058,5,58942,117883,27
2024-04-01,Sur,Hogar,Email,Desktop,Nuevo,472,10,0.0212,12,106722,1067222,34
2025-02-28,Centro,Electrodomesticos,Social,Tablet,Recurrente,810,18,0.0222,18,171675,3090147,46
2025-01-09,Centro,Tecnologia,Pago,Mobile,Recurrente,1177,30,0.0255,32,188258,5647743,56
2025-06-15,Norte,Electrodomesticos,Social,Desktop,Recurrente,660,9,0.0136,11,175844,1582596,53
2025-08-07,Centro,Hogar,Pago,Tablet,Recurrente,563,15,0.0266,15,113141,1697117,46
2024-12-03,Centro,Deportes,Email,Desktop,Recurrente,575,16,0.0278,16,54054,864862,45
2024-02-08,Centro,Electrodomesticos,Referido,Mobile,Nuevo,671,16,0.0238,16,151435,2422964,26
2024-06-11,Norte,Vestuario,Email,Mobile,Nuevo,946,12,0.0127,12,42906,514877,34
2024-08-30,Centro,Vestuario,Social,Tablet,Recurrente,763,24,0.0315,29,46348,1112353,38
2025-06-29,Norte,Tecnologia,Organico,Mobile,Nuevo,873,9,0.0103,11,180656,1625906,38
2025-12-06,Norte,Deportes,Pago,Tablet,Recurrente,410,5,0.0122,5,67361,336803,45
2025-01-05,Norte,Hogar,Referido,Desktop,Recurrente,483,9,0.0186,13,121617,1094550,46
2024-08-17,Norte,Tecnologia,Organico,Desktop,Recurrente,280,6,0.0214,7,187325,1123949,28
2024-02-05,Sur,Deportes,Email,Desktop,Recurrente,304,5,0.0164,5,55032,275161,20
2024-08-26,Centro,Hogar,Social,Mobile,Nuevo,785,14,0.0178,14,81043,1134597,26
2025-04-09,Sur,Vestuario,Pago,Tablet,Recurrente,583,19,0.0326,21,50648,962320,35
2025-07-29,Norte,Hogar,Email,Desktop,Recurrente,577,17,0.0295,24,130055,2210941,57
2025-06-29,Norte,Tecnologia,Referido,Desktop,Recurrente,347,3,0.0086,3,165765,497294,38
2024-08-24,Sur,Vestuario,Organico,Mobile,Recurrente,427,16,0.0375,18,45004,720057,23
2025-12-08,Centro,Vestuario,Email,Desktop,Nuevo,733,14,0.0191,14,53719,752064,40
2025-08-09,Sur,Hogar,Email,Mobile,Recurrente,513,14,0.0273,20,68040,952560,47
2025-07-28,Centro,Electrodomesticos,Email,Tablet,Recurrente,346,8,0.0231,8,175595,1404757,30
2024-03-25,Norte,Electrodomesticos,Organico,Tablet,Recurrente,850,15,0.0176,15,162979,2444680,31
2025-10-07,Sur,Vestuario,Social,Mobile,Recurrente,648,13,0.0201,18,59742,776650,51
2025-10-26,Sur,Electrodomesticos,Pago,Desktop,Nuevo,603,11,0.0182,20,139405,1533456,51
2025-04-25,Norte,Vestuario,Social,Mobile,Recurrente,1127,27,0.024,28,51457,1389341,36
2024-10-26,Sur,Hogar,Social,Tablet,Nuevo,478,10,0.0209,12,97502,975020,43
2024-10-18,Sur,Deportes,Referido,Mobile,Nuevo,276,5,0.0181,6,62302,311507,56
2024-11-14,Centro,Vestuario,Organico,Mobile,Recurrente,1564,32,0.0205,32,48689,1558044,58
2024-12-22,Sur,Hogar,Referido,Mobile,Nuevo,707,11,0.0156,11,100060,1100660,23
2025-02-27,Sur,Vestuario,Organico,Desktop,Nuevo,947,17,0.018,26,45713,777126,24
2024-04-08,Centro,Vestuario,Referido,Desktop,Recurrente,352,7,0.0199,7,49259,344814,20
2025-10-19,Centro,Vestuario,Referido,Desktop,Recurrente,805,26,0.0323,35,42501,1105026,36
2025-11-05,Sur,Tecnologia,Pago,Desktop,Nuevo,770,12,0.0156,16,183214,2198566,23
2024-11-24,Norte,Deportes,Email,Desktop,Nuevo,707,22,0.0311,26,69458,1528070,30
2025-10-24,Centro,Vestuario,Organico,Tablet,Recurrente,1033,14,0.0136,18,51425,719947,25
2024-05-20,Norte,Vestuario,Organico,Tablet,Recurrente,50,1,0.02,1,45634,45633,39
2024-12-16,Norte,Electrodomesticos,Pago,Desktop,Recurrente,933,11,0.0118,11,121507,1336581,41
2024-03-29,Sur,Deportes,Social,Desktop,Recurrente,594,15,0.0253,15,69381,1040716,36
2025-06-22,Sur,Tecnologia,Email,Desktop,Recurrente,603,21,0.0348,32,175499,3685472,46
2025-07-29,Norte,Deportes,Social,Desktop,Nuevo,783,11,0.014,11,53334,586677,17
2024-09-07,Centro,Electrodomesticos,Organico,Mobile,Nuevo,651,8,0.0123,10,177533,1420261,19
2024-09-09,Norte,Hogar,Referido,Mobile,Nuevo,224,5,0.0223,5,100583,502917,39
2025-07-02,Sur,Deportes,Email,Desktop,Recurrente,768,14,0.0182,14,59145,828034,40
2025-11-12,Norte,Hogar,Pago,Desktop,Recurrente,1113,28,0.0252,28,82366,2306245,43
2024-07-11,Norte,Vestuario,Organico,Mobile,Recurrente,936,32,0.0342,47,34020,1088640,42
2024-12-23,Norte,Deportes,Pago,Tablet,Nuevo,416,5,0.012,6,59944,299718,15
2025-10-08,Norte,Electrodomesticos,Referido,Mobile,Recurrente,555,11,0.0198,11,131989,1451877,31
2024-05-09,Centro,Hogar,Referido,Desktop,Recurrente,486,9,0.0185,15,85237,767130,44
2024-03-21,Centro,Vestuario,Social,Mobile,Recurrente,741,20,0.027,20,47897,957934,41
2024-01-21,Centro,Deportes,Pago,Mobile,Nuevo,639,11,0.0172,20,60836,669195,20
2025-12-06,Centro,Hogar,Referido,Mobile,Recurrente,776,18,0.0232,19,89884,1617914,44
2024-06-02,Norte,Hogar,Referido,Tablet,Recurrente,247,6,0.0243,9,94049,564295,49
2025-01-05,Sur,Tecnologia,Social,Mobile,Nuevo,553,9,0.0163,9,201652,1814870,53
2024-10-31,Sur,Deportes,Social,Desktop,Recurrente,298,8,0.0268,8,68484,547875,44
2024-12-16,Centro,Electrodomesticos,Organico,Mobile,Recurrente,1205,15,0.0124,23,155873,2338096,44
2024-06-30,Norte,Hogar,Email,Tablet,Recurrente,441,10,0.0227,10,87261,872610,42
2024-07-11,Sur,Tecnologia,Organico,Tablet,Nuevo,264,5,0.0189,8,211557,1057786,43
2025-09-12,Norte,Tecnologia,Referido,Desktop,Recurrente,262,4,0.0153,4,214834,859336,50
2025-09-01,Sur,Vestuario,Email,Mobile,Recurrente,1016,26,0.0256,39,42595,1107465,37
2025-08-02,Centro,Electrodomesticos,Organico,Desktop,Nuevo,786,10,0.0127,10,128284,1282844,55
2025-04-17,Norte,Hogar,Pago,Mobile,Nuevo,959,12,0.0125,19,96038,1152460,40
2025-10-13,Sur,Electrodomesticos,Email,Mobile,Recurrente,1003,24,0.0239,24,173901,4173624,64
2025-02-27,Centro,Tecnologia,Social,Desktop,Nuevo,443,7,0.0158,7,126000,881999,33
2025-06-02,Norte,Deportes,Referido,Tablet,Nuevo,272,10,0.0368,11,52010,520102,44
2025-02-18,Sur,Hogar,Social,Desktop,Nuevo,813,12,0.0148,15,107013,1284151,32
2024-05-28,Sur,Deportes,Pago,Tablet,Recurrente,159,3,0.0189,3,46083,138247,47
2024-10-11,Centro,Tecnologia,Pago,Mobile,Recurrente,50,3,0.06,4,183168,549504,29
2025-10-25,Centro,Electrodomesticos,Organico,Tablet,Nuevo,814,6,0.0074,8,150933,905597,34
2025-06-14,Norte,Hogar,Organico,Mobile,Recurrente,697,14,0.0201,19,87736,1228303,48
2024-08-24,Centro,Hogar,Organico,Mobile,Recurrente,1403,15,0.0107,18,89916,1348742,47
2024-07-04,Norte,Tecnologia,Social,Desktop,Nuevo,503,11,0.0219,16,194284,2137127,39
2025-02-21,Centro,Hogar,Pago,Tablet,Recurrente,1180,33,0.028,33,101711,3356472,43
2025-04-26,Norte,Tecnologia,Email,Tablet,Nuevo,503,7,0.0139,7,152299,1066092,17
2024-12-08,Norte,Hogar,Social,Mobile,Nuevo,548,9,0.0164,14,79775,717975,35
2024-12-08,Sur,Electrodomesticos,Referido,Tablet,Nuevo,385,6,0.0156,6,152277,913664,33
2025-12-01,Sur,Tecnologia,Email,Tablet,Nuevo,301,7,0.0233,7,184747,1293228,33
2025-05-20,Sur,Deportes,Referido,Mobile,Nuevo,537,12,0.0223,12,53347,640166,48
2024-12-03,Centro,Deportes,Organico,Desktop,Nuevo,1493,27,0.0181,33,52835,1426541,53
2025-07-28,Sur,Vestuario,Referido,Desktop,Nuevo,519,10,0.0193,13,42620,426199,22
2025-03-13,Centro,Vestuario,Email,Tablet,Nuevo,358,8,0.0223,8,41957,335656,30
2025-03-27,Norte,Vestuario,Organico,Desktop,Recurrente,819,14,0.0171,15,47084,659169,42
2025-04-04,Norte,Electrodomesticos,Organico,Desktop,Nuevo,881,20,0.0227,23,128992,2579848,36
2024-09-01,Sur,Tecnologia,Pago,Mobile,Recurrente,1120,25,0.0223,25,188675,4716877,11
2025-04-21,Sur,Vestuario,Organico,Mobile,Nuevo,1106,27,0.0244,29,51648,1394496,39
2025-04-04,Centro,Deportes,Social,Desktop,Nuevo,584,18,0.0308,18,63383,1140900,41
2024-08-27,Norte,Vestuario,Organico,Desktop,Recurrente,1056,18,0.017,21,43697,786551,43
2024-05-28,Norte,Deportes,Pago,Mobile,Recurrente,464,17,0.0366,24,67148,1141513,55
2025-11-12,Sur,Deportes,Referido,Mobile,Nuevo,617,7,0.0113,7,42000,294000,36
2025-12-13,Sur,Tecnologia,Social,Desktop,Nuevo,1200,27,0.0225,32,185115,4998100,30
2025-05-30,Sur,Tecnologia,Referido,Mobile,Recurrente,471,11,0.0234,14,185452,2039968,58
2024-12-16,Norte,Electrodomesticos,Email,Mobile,Recurrente,402,7,0.0174,9,166305,1164133,42
2025-09-18,Norte,Electrodomesticos,Email,Tablet,Nuevo,397,12,0.0302,12,132766,1593195,21
2024-12-01,Sur,Tecnologia,Organico,Desktop,Recurrente,1214,40,0.0329,41,230184,9207347,33
2025-09-30,Norte,Electrodomesticos,Email,Mobile,Recurrente,824,19,0.0231,24,156546,2974381,35
2024-05-07,Centro,Electrodomesticos,Pago,Mobile,Recurrente,2018,42,0.0208,42,156953,6592043,25
2025-07-02,Sur,Hogar,Referido,Desktop,Recurrente,517,15,0.029,19,103434,1551510,54
2025-08-22,Sur,Vestuario,Social,Tablet,Nuevo,710,21,0.0296,29,48236,1012952,33
2024-10-27,Centro,Deportes,Pago,Tablet,Nuevo,728,15,0.0206,16,57144,857153,50
2025-08-24,Norte,Deportes,Pago,Mobile,Recurrente,1259,22,0.0175,22,69825,1536160,35
2024-06-26,Centro,Vestuario,Social,Desktop,Recurrente,869,23,0.0265,35,48937,1125545,44
2024-06-07,Centro,Tecnologia,Social,Tablet,Recurrente,321,12,0.0374,12,221727,2660727,44
2024-06-29,Sur,Vestuario,Pago,Desktop,Recurrente,972,22,0.0226,22,52052,1145145,28
2024-05-18,Norte,Vestuario,Social,Tablet,Nuevo,459,14,0.0305,14,52585,736186,28
2024-05-20,Norte,Vestuario,Referido,Desktop,Nuevo,271,1,0.0037,1,48413,48412,31
2025-11-20,Sur,Deportes,Pago,Mobile,Recurrente,648,12,0.0185,18,64880,778555,58
2024-04-03,Norte,Tecnologia,Email,Tablet,Recurrente,660,22,0.0333,29,203607,4479361,56
2024-11-30,Sur,Hogar,Email,Desktop,Recurrente,519,8,0.0154,8,104478,835821,51
2025-11-24,Sur,Tecnologia,Referido,Tablet,Nuevo,445,8,0.018,11,208412,1667295,36
2025-08-09,Norte,Tecnologia,Pago,Tablet,Recurrente,713,16,0.0224,20,173636,2778181,49
2025-06-24,Norte,Electrodomesticos,Social,Mobile,Nuevo,287,4,0.0139,5,182170,728679,34
2025-05-15,Sur,Vestuario,Social,Mobile,Recurrente,677,18,0.0266,27,49319,887733,40
2024-09-19,Norte,Deportes,Email,Tablet,Recurrente,394,12,0.0305,12,62406,748876,27
2025-12-27,Norte,Hogar,Referido,Tablet,Recurrente,399,11,0.0276,18,113839,1252229,43
2024-10-15,Centro,Vestuario,Referido,Mobile,Nuevo,867,21,0.0242,21,50473,1059932,32
2024-02-14,Norte,Electrodomesticos,Social,Desktop,Nuevo,772,12,0.0155,18,159723,1916675,28
2025-10-31,Centro,Vestuario,Email,Mobile,Nuevo,762,19,0.0249,19,43778,831786,30
2025-10-06,Sur,Electrodomesticos,Referido,Desktop,Nuevo,304,8,0.0263,12,162321,1298565,17
2025-08-14,Norte,Electrodomesticos,Pago,Mobile,Nuevo,799,8,0.01,8,143893,1151146,26
2025-01-11,Sur,Electrodomesticos,Social,Mobile,Recurrente,246,9,0.0366,9,133404,1200636,30
2025-08-17,Centro,Hogar,Organico,Desktop,Nuevo,1206,32,0.0265,37,102773,3288731,44
2024-01-19,Sur,Vestuario,Pago,Mobile,Nuevo,1274,23,0.0181,30,48861,1123814,31
2024-07-07,Norte,Vestuario,Email,Tablet,Nuevo,256,6,0.0234,12,51147,306881,34
2025-06-02,Sur,Hogar,Social,Tablet,Nuevo,571,10,0.0175,10,101658,1016576,38
2025-07-09,Sur,Vestuario,Email,Mobile,Nuevo,1019,24,0.0236,27,50974,1223386,39
2025-04-04,Norte,Deportes,Social,Mobile,Nuevo,770,12,0.0156,12,62853,754238,29
2024-11-06,Centro,Hogar,Referido,Desktop,Nuevo,984,11,0.0112,11,93943,1033370,46
2025-02-17,Centro,Tecnologia,Referido,Desktop,Recurrente,413,11,0.0266,12,197938,2177315,37
2024-04-06,Sur,Electrodomesticos,Referido,Mobile,Recurrente,251,2,0.008,4,185176,370351,36
2025-09-16,Norte,Hogar,Email,Desktop,Recurrente,410,20,0.0488,24,87905,1758090,54
2024-01-20,Sur,Tecnologia,Organico,Mobile,Recurrente,834,17,0.0204,20,171176,2909990,46
2024-09-23,Centro,Tecnologia,Pago,Tablet,Recurrente,741,17,0.0229,28,176733,3004465,46
2025-12-10,Norte,Vestuario,Email,Desktop,Nuevo,517,12,0.0232,12,47693,572321,23
2025-04-12,Centro,Tecnologia,Email,Desktop,Recurrente,759,22,0.029,22,227075,4995644,41
2025-12-27,Sur,Tecnologia,Email,Mobile,Recurrente,482,22,0.0456,32,205603,4523258,40
2025-12-29,Sur,Electrodomesticos,Social,Tablet,Recurrente,333,8,0.024,9,185338,1482705,20
2025-07-21,Sur,Electrodomesticos,Email,Desktop,Recurrente,749,21,0.028,26,134208,2818369,38
2024-05-21,Norte,Vestuario,Organico,Tablet,Nuevo,817,16,0.0196,17,50661,810572,17
2025-11-03,Centro,Tecnologia,Organico,Tablet,Recurrente,1291,46,0.0356,58,229041,10535864,38
2025-07-21,Sur,Hogar,Social,Tablet,Nuevo,537,14,0.0261,18,76104,1065451,50
2024-05-16,Norte,Tecnologia,Pago,Tablet,Recurrente,340,6,0.0176,10,185665,1113988,59
2025-10-18,Sur,Tecnologia,Pago,Mobile,Nuevo,872,13,0.0149,13,188397,2449166,11
2024-01-11,Sur,Hogar,Pago,Desktop,Nuevo,450,9,0.02,10,77813,700313,50
2024-06-09,Sur,Electrodomesticos,Social,Desktop,Recurrente,405,9,0.0222,16,137069,1233622,39
2024-01-05,Norte,Vestuario,Email,Tablet,Recurrente,388,9,0.0232,13,48565,437087,39
2024-02-05,Centro,Deportes,Pago,Tablet,Recurrente,900,17,0.0189,26,71138,1209339,36
2024-05-12,Sur,Electrodomesticos,Referido,Desktop,Nuevo,452,9,0.0199,9,126184,1135660,14
2025-12-29,Sur,Deportes,Referido,Tablet,Nuevo,331,5,0.0151,8,55456,277281,36
2024-01-10,Centro,Deportes,Social,Desktop,Nuevo,978,16,0.0164,21,71102,1137630,46
2025-10-26,Centro,Tecnologia,Organico,Desktop,Nuevo,1591,34,0.0214,43,183730,6246832,38
2024-03-31,Sur,Deportes,Email,Mobile,Recurrente,767,13,0.0169,20,73086,950120,37
2025-11-01,Centro,Tecnologia,Social,Tablet,Recurrente,385,7,0.0182,7,159973,1119812,35
2025-08-16,Centro,Electrodomesticos,Referido,Tablet,Recurrente,474,16,0.0338,20,165757,2652119,52
2025-05-13,Sur,Hogar,Social,Mobile,Recurrente,1033,23,0.0223,30,107755,2478375,45
2024-05-06,Sur,Vestuario,Pago,Tablet,Recurrente,1049,26,0.0248,30,47291,1229571,25
2025-11-13,Norte,Hogar,Pago,Mobile,Nuevo,850,14,0.0165,19,87378,1223291,44
2024-12-15,Norte,Deportes,Email,Desktop,Nuevo,851,14,0.0165,14,66324,928530,49
2024-01-16,Sur,Deportes,Email,Tablet,Recurrente,589,17,0.0289,25,60567,1029640,28
2025-09-03,Sur,Vestuario,Referido,Tablet,Nuevo,377,10,0.0265,18,44659,446592,19
2025-04-27,Centro,Deportes,Email,Desktop,Nuevo,95,1,0.0105,1,59814,59813,34
2024-04-09,Centro,Electrodomesticos,Email,Mobile,Nuevo,896,10,0.0112,11,121777,1217770,28
2025-05-15,Norte,Hogar,Email,Desktop,Nuevo,606,12,0.0198,15,63000,755999,32
2024-12-02,Norte,Electrodomesticos,Email,Desktop,Recurrente,422,9,0.0213,11,146450,1318047,49
2025-09-04,Norte,Vestuario,Email,Tablet,Recurrente,585,17,0.0291,17,39805,676682,44
2024-11-08,Norte,Hogar,Organico,Tablet,Nuevo,487,13,0.0267,17,85146,1106900,35
2025-04-17,Sur,Vestuario,Pago,Tablet,Nuevo,424,15,0.0354,23,39441,591618,16
2024-01-03,Centro,Hogar,Social,Tablet,Recurrente,509,15,0.0295,16,74279,1114187,25
2024-12-05,Centro,Electrodomesticos,Organico,Mobile,Recurrente,1825,40,0.0219,50,167134,6685375,37
2025-12-13,Sur,Vestuario,Organico,Tablet,Recurrente,778,13,0.0167,13,54602,709828,44
2025-08-12,Centro,Tecnologia,Email,Desktop,Nuevo,536,19,0.0354,23,159432,3029217,41
2024-10-29,Centro,Tecnologia,Email,Mobile,Nuevo,882,15,0.017,17,177374,2660607,26
2024-08-30,Sur,Electrodomesticos,Social,Mobile,Recurrente,571,13,0.0228,21,168231,2187002,50
2024-03-14,Sur,Vestuario,Email,Mobile,Nuevo,427,8,0.0187,8,48292,386332,39
2024-03-20,Sur,Deportes,Social,Mobile,Nuevo,1135,19,0.0167,21,53328,1013233,37
2025-06-29,Centro,Electrodomesticos,Email,Tablet,Recurrente,546,9,0.0165,11,168481,1516328,35
2025-11-16,Centro,Deportes,Referido,Tablet,Nuevo,511,12,0.0235,12,55717,668601,22
2024-03-27,Norte,Electrodomesticos,Referido,Tablet,Nuevo,388,6,0.0155,6,142862,857172,39
2024-05-29,Centro,Vestuario,Pago,Desktop,Recurrente,1627,42,0.0258,56,50543,2122804,40
2025-08-28,Centro,Deportes,Pago,Mobile,Nuevo,1345,19,0.0141,25,57494,1092377,42
2025-12-31,Sur,Hogar,Pago,Desktop,Recurrente,1780,36,0.0202,45,109042,3925514,51
2025-08-29,Sur,Hogar,Organico,Mobile,Recurrente,1169,24,0.0205,25,93122,2234926,39
2024-11-23,Norte,Tecnologia,Social,Desktop,Nuevo,808,13,0.0161,13,234162,3044109,26
2024-09-04,Sur,Tecnologia,Social,Mobile,Nuevo,781,13,0.0166,15,190901,2481709,26
2025-10-16,Sur,Hogar,Organico,Mobile,Nuevo,536,8,0.0149,12,88067,704533,35
2024-04-11,Centro,Electrodomesticos,Organico,Desktop,Recurrente,1385,24,0.0173,27,164943,3958634,41
2024-11-19,Centro,Hogar,Social,Desktop,Nuevo,940,14,0.0149,19,89177,1248483,45
2024-11-27,Centro,Deportes,Pago,Tablet,Nuevo,1009,15,0.0149,26,62497,937457,39
2025-11-26,Sur,Tecnologia,Social,Tablet,Recurrente,877,26,0.0296,31,224781,5844314,47
2024-04-17,Norte,Hogar,Email,Mobile,Nuevo,492,8,0.0163,17,95313,762507,44
2025-09-18,Sur,Deportes,Social,Desktop,Recurrente,477,10,0.021,10,59716,597163,33
2025-12-03,Norte,Electrodomesticos,Social,Desktop,Nuevo,549,12,0.0219,12,117505,1410063,25
2025-04-19,Centro,Electrodomesticos,Organico,Tablet,Nuevo,1262,23,0.0182,23,142250,3271760,44
2024-12-02,Centro,Hogar,Referido,Tablet,Nuevo,750,17,0.0227,17,81975,1393581,40
2024-09-10,Centro,Deportes,Referido,Desktop,Recurrente,289,5,0.0173,5,62711,313557,45
2025-07-05,Sur,Hogar,Pago,Mobile,Recurrente,1085,22,0.0203,28,79601,1751219,61
2024-12-05,Norte,Tecnologia,Email,Mobile,Recurrente,545,8,0.0147,10,235914,1887308,48
2024-07-03,Sur,Deportes,Social,Mobile,Recurrente,439,8,0.0182,8,63951,511609,29
2024-03-14,Sur,Tecnologia,Referido,Desktop,Nuevo,752,14,0.0186,14,164205,2298868,37
2024-01-28,Sur,Hogar,Pago,Desktop,Recurrente,314,8,0.0255,8,85188,681502,41
2024-11-29,Norte,Vestuario,Referido,Mobile,Recurrente,715,17,0.0238,18,52119,886019,47
2024-07-25,Norte,Hogar,Email,Tablet,Nuevo,377,1,0.0027,2,76082,76082,48
2024-02-07,Sur,Vestuario,Organico,Tablet,Nuevo,807,16,0.0198,25,38386,614181,12
2024-01-26,Centro,Electrodomesticos,Social,Tablet,Recurrente,781,15,0.0192,15,157105,2356572,37
2024-12-30,Norte,Electrodomesticos,Social,Mobile,Nuevo,480,7,0.0146,7,139771,978397,29
2024-06-10,Sur,Deportes,Email,Tablet,Recurrente,323,8,0.0248,8,61041,488325,40
2025-06-28,Centro,Tecnologia,Email,Desktop,Recurrente,696,14,0.0201,19,197074,2759036,29
2024-01-19,Norte,Tecnologia,Social,Mobile,Recurrente,387,18,0.0465,24,174508,3141136,36
2024-04-24,Sur,Deportes,Organico,Mobile,Recurrente,860,11,0.0128,18,63322,696542,60
2024-01-14,Centro,Tecnologia,Referido,Tablet,Nuevo,336,8,0.0238,10,172964,1383711,59
2025-02-09,Norte,Tecnologia,Email,Tablet,Nuevo,282,9,0.0319,9,180742,1626682,38
2025-12-05,Sur,Deportes,Referido,Tablet,Nuevo,199,3,0.0151,4,67455,202365,46
2025-06-26,Sur,Tecnologia,Organico,Mobile,Nuevo,710,12,0.0169,16,158296,1899550,39
2024-08-19,Norte,Vestuario,Email,Desktop,Nuevo,531,15,0.0282,21,46563,698445,33
2024-12-20,Centro,Hogar,Referido,Desktop,Nuevo,783,15,0.0192,22,78255,1173832,33
2025-12-19,Centro,Electrodomesticos,Organico,Mobile,Recurrente,1239,14,0.0113,15,129814,1817401,45
2025-02-27,Norte,Deportes,Pago,Desktop,Nuevo,418,5,0.012,6,62141,310704,46
2024-12-12,Sur,Deportes,Referido,Mobile,Recurrente,917,30,0.0327,50,58290,1748712,36
2025-08-03,Centro,Tecnologia,Organico,Mobile,Nuevo,1191,16,0.0134,16,148209,2371338,35
2024-11-14,Sur,Tecnologia,Social,Mobile,Nuevo,875,15,0.0171,15,191920,2878805,36
2025-12-11,Sur,Tecnologia,Pago,Mobile,Nuevo,788,14,0.0178,17,173474,2428642,32
2025-09-26,Sur,Hogar,Referido,Tablet,Recurrente,437,14,0.032,19,95181,1332539,49
2025-02-08,Norte,Vestuario,Email,Mobile,Recurrente,732,22,0.0301,26,43922,966288,36
2025-10-09,Centro,Hogar,Social,Desktop,Recurrente,774,17,0.022,18,95127,1617150,37
2024-03-01,Centro,Hogar,Referido,Mobile,Recurrente,821,19,0.0231,21,82650,1570355,49
2024-11-04,Sur,Electrodomesticos,Referido,Tablet,Recurrente,400,9,0.0225,9,132841,1195570,32
2025-10-27,Norte,Electrodomesticos,Pago,Mobile,Nuevo,1343,15,0.0112,19,170116,2551736,35
2024-08-15,Sur,Hogar,Organico,Mobile,Recurrente,1014,20,0.0197,21,73991,1479821,55
2024-06-13,Norte,Electrodomesticos,Email,Desktop,Recurrente,261,6,0.023,8,166546,999275,31
2024-07-29,Centro,Tecnologia,Email,Tablet,Nuevo,395,8,0.0203,10,132724,1061790,44
2024-11-28,Norte,Deportes,Email,Desktop,Recurrente,346,10,0.0289,10,61843,618434,46
2024-11-27,Norte,Tecnologia,Referido,Desktop,Recurrente,295,6,0.0203,8,136080,816480,41
2025-11-09,Norte,Hogar,Organico,Desktop,Recurrente,1190,19,0.016,24,95523,1814930,68
2025-11-03,Norte,Deportes,Pago,Mobile,Recurrente,1243,29,0.0233,33,66058,1915671,59
2025-07-28,Norte,Tecnologia,Email,Mobile,Nuevo,457,10,0.0219,12,176545,1765454,43
2025-10-05,Sur,Electrodomesticos,Social,Tablet,Nuevo,388,9,0.0232,14,147395,1326557,37
2025-11-04,Norte,Hogar,Referido,Desktop,Nuevo,413,7,0.0169,7,82377,576638,54
2024-04-28,Norte,Deportes,Email,Mobile,Nuevo,376,9,0.0239,9,65488,589392,31
2025-07-31,Centro,Vestuario,Pago,Desktop,Recurrente,1250,15,0.012,15,51189,767836,55
2025-08-10,Norte,Deportes,Pago,Desktop,Recurrente,725,22,0.0303,25,56892,1251633,46
2025-02-24,Norte,Deportes,Referido,Mobile,Nuevo,472,6,0.0127,6,72424,434541,27
2024-05-19,Centro,Hogar,Pago,Tablet,Nuevo,432,4,0.0093,7,102955,411819,44
2025-05-20,Sur,Hogar,Pago,Mobile,Nuevo,899,10,0.0111,10,99411,994110,41
2024-05-30,Centro,Tecnologia,Social,Desktop,Recurrente,726,11,0.0152,13,198354,2181898,31
2025-11-02,Sur,Tecnologia,Pago,Mobile,Nuevo,1324,19,0.0144,19,163881,3113737,38
2024-01-28,Sur,Tecnologia,Referido,Tablet,Nuevo,237,2,0.0084,3,184582,369163,40
2024-04-17,Centro,Hogar,Referido,Desktop,Recurrente,1092,32,0.0293,32,87498,2799944,52
2025-01-18,Sur,Deportes,Referido,Desktop,Nuevo,331,6,0.0181,6,61286,367715,28
2025-11-28,Sur,Tecnologia,Email,Mobile,Nuevo,635,20,0.0315,28,191932,3838631,44
2024-06-17,Sur,Deportes,Social,Mobile,Recurrente,979,18,0.0184,26,66828,1202902,47
2025-04-25,Norte,Tecnologia,Social,Desktop,Recurrente,361,11,0.0305,15,198032,2178350,29
2025-12-24,Centro,Vestuario,Social,Tablet,Recurrente,232,6,0.0259,6,43941,263644,8
2025-12-28,Sur,Deportes,Organico,Desktop,Recurrente,814,14,0.0172,14,66200,926805,42
2025-01-01,Sur,Tecnologia,Social,Mobile,Recurrente,516,15,0.0291,15,211925,3178881,37
2024-11-01,Norte,Deportes,Social,Mobile,Nuevo,777,7,0.009,7,58687,410809,43
2024-06-24,Centro,Deportes,Email,Desktop,Recurrente,742,17,0.0229,20,76222,1295776,56
2025-06-26,Centro,Deportes,Referido,Mobile,Recurrente,492,8,0.0163,9,71150,569199,36
2024-01-19,Sur,Electrodomesticos,Organico,Desktop,Recurrente,652,10,0.0153,10,147493,1474928,47
2024-06-02,Centro,Vestuario,Email,Tablet,Recurrente,233,4,0.0172,4,35652,142609,17
2025-05-20,Sur,Tecnologia,Pago,Mobile,Nuevo,50,1,0.02,2,182555,182554,27
2025-01-12,Norte,Deportes,Email,Desktop,Nuevo,424,7,0.0165,9,68830,481812,37
2025-07-31,Centro,Electrodomesticos,Referido,Tablet,Nuevo,687,9,0.0131,11,130798,1177181,54
2025-10-19,Sur,Electrodomesticos,Pago,Desktop,Nuevo,729,12,0.0165,15,115206,1382473,29
2024-05-26,Sur,Electrodomesticos,Referido,Mobile,Recurrente,576,11,0.0191,11,183234,2015577,29
2025-01-17,Centro,Deportes,Email,Desktop,Recurrente,793,16,0.0202,16,68093,1089480,73
2024-07-25,Centro,Electrodomesticos,Pago,Mobile,Recurrente,818,16,0.0196,23,172294,2756701,48
2024-10-04,Norte,Deportes,Referido,Mobile,Nuevo,683,13,0.019,18,53673,697746,32
2025-04-25,Norte,Deportes,Referido,Tablet,Recurrente,72,1,0.0139,1,64822,64821,39
2024-03-13,Norte,Tecnologia,Email,Desktop,Nuevo,381,7,0.0184,7,159045,1113318,7
2025-04-27,Norte,Deportes,Email,Desktop,Nuevo,316,12,0.038,12,66628,799539,18
2025-05-23,Norte,Tecnologia,Pago,Tablet,Nuevo,623,15,0.0241,19,170738,2561068,31
2025-08-10,Centro,Electrodomesticos,Pago,Mobile,Recurrente,703,9,0.0128,10,145821,1312390,16
2024-09-29,Centro,Tecnologia,Organico,Desktop,Recurrente,944,25,0.0265,25,171096,4277401,48
2024-08-28,Sur,Electrodomesticos,Email,Mobile,Recurrente,495,7,0.0141,7,163585,1145092,59
2025-08-31,Norte,Vestuario,Pago,Mobile,Nuevo,818,24,0.0293,26,43469,1043262,7
2025-09-22,Sur,Electrodomesticos,Social,Mobile,Recurrente,748,19,0.0254,26,156669,2976711,44
2024-01-10,Norte,Hogar,Referido,Desktop,Recurrente,519,9,0.0173,9,101247,911223,56
2024-10-19,Norte,Vestuario,Social,Mobile,Nuevo,501,14,0.0279,14,45774,640831,21
2025-02-01,Centro,Deportes,Pago,Desktop,Nuevo,989,15,0.0152,15,56683,850243,30
2024-05-21,Norte,Electrodomesticos,Pago,Desktop,Nuevo,1083,25,0.0231,32,178295,4457380,24
2024-04-17,Centro,Deportes,Email,Tablet,Recurrente,349,11,0.0315,11,67746,745211,35
2024-07-04,Norte,Hogar,Email,Desktop,Nuevo,439,6,0.0137,6,91956,551738,46
2025-09-17,Centro,Tecnologia,Organico,Mobile,Recurrente,823,20,0.0243,32,193567,3871340,31
2024-06-13,Norte,Tecnologia,Pago,Mobile,Nuevo,827,13,0.0157,13,157806,2051475,36
2024-11-27,Norte,Tecnologia,Social,Tablet,Recurrente,660,15,0.0227,18,190052,2850782,36
2024-04-10,Sur,Tecnologia,Referido,Mobile,Nuevo,540,8,0.0148,13,199960,1599679,40
2025-04-30,Sur,Deportes,Email,Mobile,Recurrente,825,15,0.0182,21,70066,1050997,38
2025-12-08,Norte,Tecnologia,Social,Mobile,Recurrente,1009,24,0.0238,34,262440,6298560,17
2024-02-23,Norte,Vestuario,Referido,Tablet,Nuevo,356,7,0.0197,7,44531,311717,33
2024-12-06,Centro,Tecnologia,Social,Mobile,Recurrente,1067,29,0.0272,30,224864,6521059,41
2024-05-01,Norte,Hogar,Pago,Mobile,Nuevo,829,9,0.0109,13,87033,783297,56
2025-10-01,Sur,Tecnologia,Organico,Mobile,Nuevo,1188,23,0.0194,30,177775,4088831,50
2024-09-25,Sur,Vestuario,Pago,Mobile,Nuevo,1481,25,0.0169,25,45519,1137967,39
2024-12-10,Norte,Electrodomesticos,Referido,Mobile,Nuevo,620,10,0.0161,12,161170,1611702,29
2025-09-13,Norte,Electrodomesticos,Social,Tablet,Nuevo,364,4,0.011,4,182276,729104,30
2024-04-26,Norte,Hogar,Pago,Tablet,Nuevo,464,10,0.0216,13,96167,961674,55
2024-03-22,Sur,Tecnologia,Email,Desktop,Recurrente,707,13,0.0184,15,211091,2744182,52
2025-07-13,Centro,Vestuario,Social,Mobile,Nuevo,615,5,0.0081,5,44043,220216,30
2024-03-12,Sur,Deportes,Organico,Desktop,Recurrente,1007,15,0.0149,15,69004,1035055,46
2025-04-19,Sur,Deportes,Referido,Tablet,Recurrente,304,10,0.0329,11,56270,562699,64
2024-07-04,Norte,Electrodomesticos,Email,Tablet,Recurrente,270,5,0.0185,5,177135,885675,37
2024-01-13,Sur,Hogar,Organico,Tablet,Recurrente,319,7,0.0219,7,100060,700422,50
2024-11-17,Sur,Electrodomesticos,Social,Desktop,Nuevo,1130,20,0.0177,30,146313,2926253,43
2024-10-22,Norte,Vestuario,Pago,Tablet,Nuevo,786,13,0.0165,15,47212,613757,14
2025-06-29,Norte,Deportes,Social,Mobile,Recurrente,511,13,0.0254,13,66092,859193,58
2024-12-03,Centro,Hogar,Email,Tablet,Recurrente,831,17,0.0205,21,116493,1980386,46
2024-09-10,Centro,Tecnologia,Referido,Tablet,Nuevo,422,11,0.0261,13,166654,1833191,43
2024-01-27,Sur,Vestuario,Email,Tablet,Recurrente,78,2,0.0256,3,42958,85916,29
2024-09-26,Sur,Vestuario,Pago,Desktop,Recurrente,847,29,0.0342,37,50286,1458287,49
2024-08-23,Norte,Deportes,Referido,Mobile,Nuevo,190,3,0.0158,4,60848,182544,35
2024-08-10,Sur,Vestuario,Organico,Desktop,Recurrente,770,24,0.0312,26,44487,1067687,41
2025-05-11,Sur,Deportes,Social,Mobile,Recurrente,626,16,0.0256,16,73771,1180333,42
2024-10-15,Norte,Deportes,Organico,Desktop,Recurrente,828,19,0.0229,19,63848,1213102,38
2024-01-03,Centro,Vestuario,Pago,Mobile,Nuevo,1958,35,0.0179,43,41836,1464250,20
2025-06-05,Sur,Deportes,Email,Mobile,Nuevo,561,12,0.0214,13,54024,648289,38
2024-03-30,Centro,Tecnologia,Email,Tablet,Recurrente,743,18,0.0242,18,167824,3020834,39
2025-09-03,Norte,Electrodomesticos,Referido,Mobile,Nuevo,611,8,0.0131,8,159195,1273561,37
2025-01-27,Centro,Electrodomesticos,Organico,Tablet,Nuevo,588,6,0.0102,10,156069,936414,37
2024-02-15,Centro,Tecnologia,Organico,Tablet,Nuevo,703,19,0.027,24,187069,3554309,44
2024-07-16,Sur,Tecnologia,Email,Desktop,Recurrente,87,5,0.0575,5,225501,1127503,34
2024-12-15,Sur,Hogar,Pago,Tablet,Recurrente,1002,23,0.023,23,86129,1980969,57
2024-01-08,Norte,Tecnologia,Referido,Tablet,Recurrente,329,8,0.0243,14,234866,1878931,45
2024-04-17,Sur,Electrodomesticos,Email,Mobile,Recurrente,834,19,0.0228,32,193077,3668465,47
2024-06-01,Centro,Tecnologia,Pago,Mobile,Nuevo,696,9,0.0129,9,214846,1933611,44
2024-03-18,Sur,Electrodomesticos,Social,Desktop,Recurrente,539,13,0.0241,15,140907,1831785,47
2024-03-24,Centro,Hogar,Referido,Tablet,Nuevo,263,4,0.0152,5,87959,351836,63
2025-05-19,Sur,Vestuario,Email,Tablet,Recurrente,188,5,0.0266,9,41667,208333,46
2025-12-27,Norte,Deportes,Referido,Desktop,Recurrente,454,12,0.0264,15,65487,785844,30
2024-11-10,Sur,Electrodomesticos,Pago,Mobile,Nuevo,431,6,0.0139,6,181958,1091748,21
2024-10-30,Centro,Vestuario,Social,Mobile,Recurrente,748,17,0.0227,24,47258,803384,49
2025-05-04,Norte,Vestuario,Email,Mobile,Nuevo,364,5,0.0137,7,44059,220295,25
2024-04-07,Centro,Hogar,Email,Mobile,Recurrente,542,13,0.024,18,111427,1448547,38
2025-05-08,Sur,Hogar,Referido,Tablet,Nuevo,374,7,0.0187,12,97605,683236,34
2024-03-16,Sur,Deportes,Pago,Tablet,Recurrente,270,10,0.037,14,64954,649537,52
2024-10-26,Norte,Electrodomesticos,Referido,Tablet,Recurrente,271,3,0.0111,6,139552,418656,47
2025-05-19,Norte,Deportes,Referido,Tablet,Nuevo,334,6,0.018,6,57346,344074,34
2025-11-22,Centro,Deportes,Organico,Desktop,Nuevo,882,18,0.0204,28,68775,1237953,27
2025-10-31,Centro,Hogar,Social,Mobile,Recurrente,522,12,0.023,12,89687,1076240,36
2025-03-25,Norte,Hogar,Referido,Tablet,Recurrente,461,10,0.0217,10,87701,877006,51
2024-10-28,Sur,Hogar,Email,Mobile,Recurrente,747,15,0.0201,15,120324,1804860,32
2025-01-13,Centro,Electrodomesticos,Organico,Tablet,Recurrente,482,7,0.0145,7,158837,1111860,35
2025-05-16,Centro,Electrodomesticos,Referido,Desktop,Nuevo,832,9,0.0108,12,140730,1266572,12
2024-02-24,Centro,Tecnologia,Pago,Tablet,Nuevo,547,12,0.0219,14,171406,2056876,29
2025-05-24,Sur,Vestuario,Pago,Tablet,Nuevo,303,5,0.0165,5,44134,220668,34
2024-12-15,Norte,Electrodomesticos,Email,Desktop,Nuevo,548,6,0.0109,8,149364,896185,35
2024-04-16,Norte,Vestuario,Email,Mobile,Nuevo,397,6,0.0151,7,43223,259339,31
2025-04-19,Norte,Vestuario,Email,Mobile,Nuevo,491,13,0.0265,13,41093,534203,33
2024-03-11,Sur,Hogar,Social,Desktop,Recurrente,968,17,0.0176,22,76371,1298314,44
2025-09-15,Centro,Electrodomesticos,Email,Tablet,Recurrente,441,8,0.0181,10,140256,1122049,40
2024-08-04,Norte,Electrodomesticos,Referido,Mobile,Recurrente,516,12,0.0233,19,181429,2177150,68
2024-03-18,Norte,Vestuario,Referido,Desktop,Nuevo,552,16,0.029,33,41051,656808,41
2024-07-18,Sur,Hogar,Organico,Desktop,Nuevo,992,22,0.0222,22,75789,1667361,41
2024-05-13,Centro,Hogar,Email,Tablet,Nuevo,741,12,0.0162,13,98681,1184173,41
2025-07-14,Centro,Electrodomesticos,Pago,Desktop,Nuevo,693,9,0.013,9,155328,1397955,40
2024-11-29,Centro,Hogar,Email,Desktop,Nuevo,1107,16,0.0145,19,85141,1362258,46
2024-02-23,Norte,Deportes,Email,Tablet,Nuevo,258,4,0.0155,4,54381,217522,23
2025-08-15,Norte,Vestuario,Social,Desktop,Nuevo,88,3,0.0341,6,51481,154442,2
2025-06-29,Norte,Deportes,Referido,Desktop,Recurrente,458,13,0.0284,19,73561,956298,35
2025-10-31,Sur,Deportes,Pago,Mobile,Nuevo,959,18,0.0188,25,47424,853630,60
2025-06-26,Sur,Tecnologia,Social,Desktop,Nuevo,381,6,0.0157,10,176220,1057320,40
2024-03-01,Centro,Hogar,Organico,Tablet,Nuevo,1165,21,0.018,24,96977,2036526,43
2024-09-23,Sur,Deportes,Organico,Desktop,Recurrente,882,20,0.0227,20,69156,1383118,39
2025-12-30,Centro,Vestuario,Social,Tablet,Recurrente,626,17,0.0272,19,45219,768730,33
2024-03-03,Sur,Hogar,Pago,Tablet,Recurrente,983,24,0.0244,24,96842,2324218,42
2024-07-17,Sur,Vestuario,Organico,Desktop,Recurrente,1034,24,0.0232,25,38325,919811,48
2024-07-04,Centro,Deportes,Pago,Desktop,Nuevo,1167,18,0.0154,18,56848,1023267,13
2024-10-14,Sur,Deportes,Social,Tablet,Recurrente,551,17,0.0309,29,73153,1243606,31
2024-10-25,Norte,Deportes,Referido,Tablet,Recurrente,239,5,0.0209,7,54616,273078,24
2025-09-22,Sur,Deportes,Social,Mobile,Recurrente,816,25,0.0306,31,61160,1528987,38
2024-04-24,Centro,Hogar,Email,Mobile,Nuevo,720,10,0.0139,10,85807,858074,38
2025-11-08,Centro,Hogar,Pago,Mobile,Nuevo,836,11,0.0132,15,73233,805566,38
2025-04-19,Norte,Electrodomesticos,Email,Mobile,Nuevo,697,13,0.0187,14,128044,1664573,52
2025-11-22,Centro,Deportes,Referido,Tablet,Recurrente,427,10,0.0234,13,54989,549887,46
2024-04-03,Centro,Deportes,Email,Mobile,Nuevo,1234,26,0.0211,26,63619,1654091,20
2024-03-31,Centro,Tecnologia,Email,Desktop,Recurrente,400,22,0.055,34,142454,3133980,52
2025-06-09,Centro,Tecnologia,Pago,Mobile,Nuevo,1382,11,0.008,12,161718,1778900,38
2025-12-04,Sur,Hogar,Email,Desktop,Nuevo,655,13,0.0198,13,105933,1377125,39
2025-03-19,Norte,Hogar,Pago,Desktop,Recurrente,1205,35,0.029,35,98771,3456988,50
2025-09-22,Centro,Electrodomesticos,Email,Desktop,Nuevo,624,9,0.0144,13,143321,1289885,39
2025-03-11,Sur,Hogar,Referido,Desktop,Recurrente,487,3,0.0062,5,116464,349392,59
2024-07-26,Norte,Vestuario,Social,Tablet,Recurrente,344,10,0.0291,11,51887,518872,23
2025-08-13,Sur,Vestuario,Organico,Mobile,Nuevo,1773,36,0.0203,49,36283,1306198,21
2025-10-25,Norte,Electrodomesticos,Email,Mobile,Nuevo,629,5,0.0079,5,145979,729895,37
2024-06-08,Centro,Electrodomesticos,Pago,Desktop,Nuevo,866,17,0.0196,17,146664,2493282,50
2025-06-08,Centro,Hogar,Organico,Mobile,Nuevo,380,3,0.0079,3,94015,282046,36
2025-10-11,Norte,Tecnologia,Referido,Mobile,Recurrente,229,9,0.0393,14,221499,1993493,29
2025-01-02,Norte,Electrodomesticos,Social,Desktop,Recurrente,669,13,0.0194,17,168718,2193328,20
2025-12-21,Sur,Tecnologia,Social,Tablet,Nuevo,325,8,0.0246,8,148296,1186369,24
2025-01-30,Sur,Electrodomesticos,Email,Mobile,Recurrente,238,7,0.0294,7,146679,1026750,43
2024-07-10,Sur,Deportes,Referido,Mobile,Nuevo,454,10,0.022,12,54528,545280,31
2025-07-07,Norte,Hogar,Pago,Tablet,Nuevo,316,4,0.0127,4,82151,328603,44
2025-02-02,Norte,Hogar,Pago,Tablet,Nuevo,537,13,0.0242,15,95512,1241649,34
2025-07-28,Sur,Deportes,Referido,Mobile,Nuevo,355,7,0.0197,7,51175,358227,52
2025-02-23,Centro,Tecnologia,Pago,Desktop,Nuevo,1061,20,0.0189,20,175841,3516813,42
2024-08-09,Norte,Deportes,Organico,Tablet,Recurrente,959,30,0.0313,31,64330,1929892,39
2024-08-12,Norte,Deportes,Pago,Desktop,Recurrente,963,25,0.026,39,64816,1620401,39
2025-09-24,Norte,Deportes,Referido,Desktop,Recurrente,492,8,0.0163,14,67404,539233,43
2025-11-30,Norte,Deportes,Email,Tablet,Nuevo,183,4,0.0219,4,63185,252740,40
2024-09-24,Centro,Tecnologia,Organico,Mobile,Recurrente,1050,19,0.0181,20,209084,3972603,38
2025-06-27,Norte,Deportes,Referido,Tablet,Recurrente,320,9,0.0281,13,66816,601343,44
2025-02-08,Centro,Deportes,Referido,Tablet,Nuevo,457,6,0.0131,7,62507,375043,39
2024-02-02,Norte,Hogar,Social,Tablet,Nuevo,531,8,0.0151,9,89387,715097,37
2025-06-26,Norte,Tecnologia,Organico,Tablet,Nuevo,435,7,0.0161,10,176688,1236813,39
2024-04-04,Norte,Vestuario,Social,Tablet,Nuevo,348,9,0.0259,9,45427,408843,23
2025-07-20,Centro,Electrodomesticos,Organico,Tablet,Recurrente,555,18,0.0324,27,146149,2630676,28
2025-04-18,Norte,Deportes,Pago,Tablet,Nuevo,640,11,0.0172,11,60545,665994,36
2025-12-09,Centro,Tecnologia,Referido,Desktop,Recurrente,594,10,0.0168,10,190192,1901923,45
2025-01-16,Norte,Electrodomesticos,Organico,Tablet,Nuevo,680,12,0.0176,14,151243,1814915,25
2025-01-06,Sur,Deportes,Pago,Desktop,Nuevo,1055,17,0.0161,17,62492,1062368,35
2025-04-25,Norte,Hogar,Email,Tablet,Nuevo,491,3,0.0061,3,82535,247604,40
2025-04-04,Centro,Vestuario,Social,Desktop,Nuevo,1059,25,0.0236,33,46157,1153934,23
2025-03-05,Centro,Hogar,Social,Desktop,Recurrente,875,19,0.0217,32,92701,1761325,50
2025-01-05,Sur,Deportes,Organico,Mobile,Recurrente,1039,20,0.0192,20,76138,1522765,48
2024-10-21,Sur,Vestuario,Pago,Mobile,Nuevo,668,13,0.0195,22,49082,638064,35
2024-04-04,Norte,Vestuario,Pago,Mobile,Nuevo,862,22,0.0255,22,34263,753779,25
2024-02-12,Sur,Vestuario,Referido,Desktop,Nuevo,403,16,0.0397,16,43311,692976,48
2025-11-11,Centro,Hogar,Social,Tablet,Nuevo,491,11,0.0224,11,81282,894099,47
2025-09-03,Norte,Tecnologia,Referido,Mobile,Nuevo,635,14,0.022,14,188536,2639501,33
2025-07-15,Centro,Vestuario,Referido,Tablet,Nuevo,581,14,0.0241,15,44863,628083,14
2025-09-13,Sur,Hogar,Social,Mobile,Nuevo,963,11,0.0114,14,76948,846427,22
2025-12-21,Sur,Hogar,Organico,Tablet,Recurrente,853,15,0.0176,15,100658,1509870,60
2024-02-08,Centro,Deportes,Referido,Tablet,Nuevo,284,8,0.0282,11,55314,442508,66
2025-06-24,Centro,Tecnologia,Referido,Desktop,Recurrente,1028,29,0.0282,29,159882,4636585,41
2025-04-30,Norte,Electrodomesticos,Pago,Mobile,Recurrente,1405,29,0.0206,36,183445,5319890,41
2024-06-13,Norte,Vestuario,Email,Tablet,Nuevo,478,4,0.0084,4,48994,195974,37
2024-05-12,Norte,Tecnologia,Organico,Tablet,Nuevo,621,9,0.0145,9,163002,1467020,43
2024-06-14,Norte,Vestuario,Organico,Tablet,Nuevo,377,10,0.0265,10,51671,516710,46
2024-08-05,Centro,Vestuario,Organico,Tablet,Recurrente,603,27,0.0448,31,58363,1575799,30
2024-05-12,Centro,Deportes,Organico,Desktop,Nuevo,1664,35,0.021,47,71568,2504868,22
2024-06-24,Centro,Tecnologia,Pago,Tablet,Nuevo,488,11,0.0225,18,186124,2047361,39
2024-06-23,Norte,Vestuario,Organico,Mobile,Nuevo,949,12,0.0126,12,52455,629455,26
2024-12-08,Sur,Tecnologia,Email,Mobile,Recurrente,914,20,0.0219,33,193895,3877899,40
2025-08-09,Centro,Tecnologia,Email,Desktop,Recurrente,926,24,0.0259,31,205897,4941519,46
2025-10-09,Norte,Deportes,Referido,Tablet,Recurrente,339,11,0.0324,14,74468,819142,29
2024-05-23,Norte,Vestuario,Organico,Mobile,Recurrente,826,33,0.04,33,46179,1523898,41
2024-03-25,Centro,Tecnologia,Social,Tablet,Recurrente,536,13,0.0243,13,194060,2522780,44
2025-07-25,Sur,Tecnologia,Referido,Mobile,Recurrente,734,12,0.0163,18,189700,2276395,49
2025-08-26,Sur,Vestuario,Social,Mobile,Nuevo,657,7,0.0107,9,45329,317305,37
2024-08-25,Centro,Electrodomesticos,Email,Tablet,Nuevo,371,10,0.027,12,130632,1306323,32
2024-10-02,Centro,Electrodomesticos,Organico,Tablet,Nuevo,405,6,0.0148,7,124000,744002,32
2025-12-21,Sur,Deportes,Social,Tablet,Recurrente,644,13,0.0202,21,61857,804142,37
2025-06-04,Sur,Electrodomesticos,Social,Mobile,Nuevo,845,6,0.0071,6,140513,843076,29
2025-05-24,Norte,Vestuario,Email,Tablet,Nuevo,471,10,0.0212,10,52775,527748,35
2025-02-12,Norte,Tecnologia,Email,Mobile,Nuevo,862,14,0.0162,14,163608,2290509,37
2025-07-06,Sur,Hogar,Social,Desktop,Recurrente,457,6,0.0131,6,90694,544163,56
2025-08-10,Norte,Electrodomesticos,Social,Tablet,Recurrente,543,10,0.0184,13,187519,1875189,46
2025-06-14,Sur,Electrodomesticos,Pago,Desktop,Recurrente,1028,14,0.0136,17,178955,2505368,39
2024-06-11,Centro,Vestuario,Organico,Tablet,Nuevo,510,11,0.0216,11,44366,488021,21
2025-11-13,Sur,Tecnologia,Social,Desktop,Recurrente,767,18,0.0235,23,225609,4060967,36
2024-07-29,Centro,Deportes,Organico,Mobile,Recurrente,1327,29,0.0219,29,61397,1780509,44
2024-09-18,Centro,Hogar,Organico,Desktop,Recurrente,1291,35,0.0271,46,107948,3778167,35
2024-05-10,Centro,Electrodomesticos,Social,Desktop,Recurrente,337,2,0.0059,2,143169,286338,48
2025-11-11,Sur,Vestuario,Organico,Mobile,Nuevo,1185,15,0.0127,15,43350,650247,37
2024-01-05,Sur,Vestuario,Social,Mobile,Nuevo,1291,25,0.0194,25,41460,1036508,21
2024-09-12,Sur,Hogar,Email,Tablet,Nuevo,288,4,0.0139,9,95203,380812,28
2024-02-12,Norte,Electrodomesticos,Pago,Tablet,Recurrente,732,26,0.0355,26,154885,4027016,38
2024-08-21,Norte,Vestuario,Social,Tablet,Nuevo,690,18,0.0261,19,34729,625124,33
2024-05-17,Norte,Hogar,Social,Mobile,Nuevo,425,4,0.0094,4,96206,384823,50
2025-07-24,Norte,Tecnologia,Social,Tablet,Nuevo,442,17,0.0385,26,194617,3308485,60
2024-09-29,Sur,Hogar,Email,Tablet,Recurrente,384,9,0.0234,9,109139,982254,59
2025-07-09,Sur,Tecnologia,Referido,Tablet,Recurrente,336,7,0.0208,7,182777,1279437,54
2025-06-07,Sur,Vestuario,Email,Desktop,Recurrente,664,19,0.0286,20,57783,1097877,35
2024-11-19,Sur,Tecnologia,Pago,Tablet,Nuevo,629,14,0.0223,15,173099,2423385,39
2024-10-22,Sur,Vestuario,Email,Tablet,Nuevo,473,13,0.0275,13,45006,585078,26
2024-04-18,Centro,Vestuario,Referido,Tablet,Recurrente,386,9,0.0233,12,49217,442954,39
2024-11-29,Centro,Hogar,Referido,Tablet,Recurrente,558,15,0.0269,15,104499,1567492,39
2024-10-15,Centro,Vestuario,Pago,Tablet,Nuevo,738,12,0.0163,12,47527,570319,24
2025-07-06,Norte,Hogar,Pago,Tablet,Recurrente,670,17,0.0254,25,90158,1532690,46
2024-01-17,Sur,Vestuario,Email,Desktop,Recurrente,643,21,0.0327,27,47575,999067,31
2024-03-09,Norte,Hogar,Referido,Mobile,Recurrente,438,6,0.0137,6,108877,653260,55
2025-04-29,Sur,Hogar,Organico,Tablet,Recurrente,1023,25,0.0244,26,103116,2577904,46
2024-04-03,Norte,Tecnologia,Organico,Tablet,Nuevo,702,16,0.0228,16,172629,2762061,24
2025-09-03,Centro,Hogar,Referido,Desktop,Nuevo,630,10,0.0159,11,84627,846274,40
2025-02-14,Norte,Deportes,Organico,Mobile,Recurrente,654,16,0.0245,22,72999,1167987,48
2024-08-14,Norte,Tecnologia,Referido,Mobile,Recurrente,484,15,0.031,15,181868,2728022,43
2025-10-23,Norte,Vestuario,Social,Mobile,Recurrente,806,22,0.0273,23,49508,1089166,34
2025-05-03,Norte,Deportes,Referido,Mobile,Nuevo,304,4,0.0132,4,63951,255805,34
2024-12-10,Sur,Electrodomesticos,Pago,Tablet,Recurrente,362,2,0.0055,4,175241,350481,47
2025-07-18,Sur,Vestuario,Email,Mobile,Nuevo,507,5,0.0099,5,49730,248649,55
2025-04-13,Norte,Deportes,Referido,Tablet,Nuevo,396,8,0.0202,17,58377,467015,41
2024-08-02,Sur,Electrodomesticos,Referido,Tablet,Nuevo,167,3,0.018,7,142885,428655,17
2025-04-16,Sur,Deportes,Organico,Tablet,Nuevo,910,18,0.0198,18,62836,1131047,37
2024-02-14,Sur,Deportes,Organico,Tablet,Recurrente,623,14,0.0225,15,76261,1067656,34
2025-02-24,Centro,Vestuario,Email,Mobile,Recurrente,805,24,0.0298,28,45513,1092320,37
2024-10-28,Centro,Hogar,Email,Desktop,Recurrente,749,18,0.024,18,107418,1933522,43
2024-06-12,Sur,Vestuario,Social,Tablet,Nuevo,515,8,0.0155,10,50233,401862,14
2024-11-23,Sur,Hogar,Social,Tablet,Recurrente,585,14,0.0239,14,99940,1399160,40
2025-03-25,Centro,Vestuario,Social,Tablet,Recurrente,785,16,0.0204,19,53291,852651,25
2025-02-04,Sur,Vestuario,Pago,Desktop,Nuevo,1093,22,0.0201,33,42808,941767,12
2024-01-08,Norte,Hogar,Email,Desktop,Nuevo,480,11,0.0229,13,107707,1184773,51
2025-11-12,Centro,Deportes,Pago,Tablet,Recurrente,833,10,0.012,12,68571,685705,36
2024-08-18,Norte,Vestuario,Organico,Desktop,Recurrente,463,16,0.0346,29,51364,821831,31
2024-01-25,Norte,Vestuario,Email,Mobile,Recurrente,719,12,0.0167,17,45744,548930,53
2024-05-29,Norte,Tecnologia,Referido,Mobile,Nuevo,583,15,0.0257,15,174948,2624219,47
2024-03-24,Centro,Deportes,Pago,Tablet,Nuevo,1023,14,0.0137,16,44221,619093,50
2024-08-21,Sur,Hogar,Pago,Mobile,Nuevo,974,13,0.0133,20,93553,1216194,31
2024-03-16,Norte,Electrodomesticos,Organico,Mobile,Nuevo,1120,14,0.0125,14,112820,1579482,28
2024-06-27,Norte,Tecnologia,Email,Mobile,Nuevo,611,17,0.0278,20,173229,2944897,39
2024-06-12,Sur,Hogar,Organico,Desktop,Recurrente,724,16,0.0221,23,99870,1597926,48
2024-04-10,Norte,Electrodomesticos,Email,Desktop,Nuevo,712,9,0.0126,10,137544,1237900,29
2024-02-08,Norte,Electrodomesticos,Pago,Tablet,Nuevo,606,6,0.0099,6,167556,1005338,24
2025-01-20,Centro,Hogar,Organico,Mobile,Nuevo,384,5,0.013,6,99806,499030,21
2024-02-09,Sur,Deportes,Email,Mobile,Nuevo,739,16,0.0217,22,61702,987224,27
2024-07-21,Centro,Tecnologia,Social,Tablet,Recurrente,464,8,0.0172,9,167877,1343015,44
2025-12-12,Centro,Tecnologia,Pago,Tablet,Recurrente,1010,19,0.0188,22,149303,2836747,50
2025-06-15,Norte,Deportes,Referido,Desktop,Recurrente,459,10,0.0218,10,56648,566476,41
2024-02-03,Norte,Electrodomesticos,Social,Desktop,Nuevo,674,7,0.0104,10,142676,998728,26
2024-12-09,Centro,Tecnologia,Pago,Desktop,Nuevo,1470,35,0.0238,44,134603,4711107,26
2025-11-26,Centro,Hogar,Referido,Mobile,Nuevo,1462,37,0.0253,37,94278,3488284,43
2025-06-12,Norte,Tecnologia,Social,Desktop,Nuevo,960,18,0.0187,28,162205,2919697,35
2025-12-22,Sur,Deportes,Organico,Desktop,Nuevo,1581,30,0.019,35,50989,1529662,49
2024-02-01,Sur,Hogar,Social,Desktop,Nuevo,571,8,0.014,10,89801,718410,52
2025-07-19,Sur,Electrodomesticos,Referido,Mobile,Nuevo,463,4,0.0086,8,122808,491231,30
2025-08-17,Sur,Electrodomesticos,Pago,Mobile,Nuevo,792,8,0.0101,8,163299,1306388,35
2024-09-28,Sur,Electrodomesticos,Email,Desktop,Recurrente,338,5,0.0148,10,146480,732399,56
2025-10-17,Centro,Tecnologia,Email,Mobile,Nuevo,495,12,0.0242,13,164004,1968044,14
2025-10-02,Centro,Electrodomesticos,Organico,Desktop,Recurrente,1252,32,0.0256,47,160943,5150190,30
2025-11-15,Norte,Tecnologia,Referido,Tablet,Nuevo,302,5,0.0166,7,243000,1215000,40
2025-10-12,Sur,Vestuario,Referido,Mobile,Nuevo,529,11,0.0208,11,40605,446658,44
2024-06-30,Norte,Deportes,Pago,Tablet,Recurrente,414,13,0.0314,17,57696,750043,18
2025-07-25,Norte,Deportes,Social,Tablet,Nuevo,399,6,0.015,9,65226,391356,37
2024-03-21,Centro,Tecnologia,Organico,Mobile,Nuevo,1027,22,0.0214,36,182498,4014951,44
2024-07-10,Norte,Vestuario,Referido,Tablet,Recurrente,222,1,0.0045,1,54023,54023,32
2025-06-21,Norte,Tecnologia,Referido,Mobile,Nuevo,362,8,0.0221,9,160536,1284284,55
2025-11-23,Norte,Deportes,Organico,Mobile,Recurrente,565,10,0.0177,10,80888,808882,40
2025-01-16,Norte,Electrodomesticos,Pago,Mobile,Nuevo,636,8,0.0126,8,124341,994725,20
2025-08-26,Sur,Electrodomesticos,Organico,Desktop,Nuevo,751,17,0.0226,17,173205,2944490,22
2024-09-03,Sur,Electrodomesticos,Email,Desktop,Nuevo,781,18,0.023,20,129274,2326940,23
2025-09-10,Centro,Vestuario,Social,Desktop,Recurrente,1048,27,0.0258,33,51932,1402159,21
2024-02-27,Sur,Deportes,Organico,Desktop,Nuevo,682,17,0.0249,17,51068,868157,45
2024-04-18,Centro,Electrodomesticos,Referido,Desktop,Recurrente,622,16,0.0257,25,171425,2742805,41
2024-01-12,Centro,Tecnologia,Pago,Mobile,Nuevo,1233,23,0.0187,23,151217,3478002,42
2024-01-17,Sur,Hogar,Pago,Desktop,Recurrente,935,13,0.0139,15,86430,1123590,33
2024-05-01,Norte,Tecnologia,Organico,Desktop,Nuevo,904,25,0.0277,29,220490,5512249,26
2025-09-11,Centro,Tecnologia,Organico,Mobile,Recurrente,1279,30,0.0235,31,190173,5705193,33
2024-11-23,Norte,Tecnologia,Organico,Mobile,Recurrente,1075,20,0.0186,30,195929,3918570,34
2025-09-12,Sur,Deportes,Pago,Tablet,Recurrente,598,10,0.0167,10,58965,589654,41
2024-08-09,Centro,Hogar,Email,Tablet,Recurrente,517,12,0.0232,14,83772,1005263,35
2025-03-04,Centro,Electrodomesticos,Organico,Mobile,Nuevo,1382,15,0.0109,15,139236,2088542,16
2025-08-06,Centro,Hogar,Social,Desktop,Recurrente,492,11,0.0224,16,85576,941331,51
2025-07-30,Sur,Deportes,Social,Mobile,Nuevo,907,17,0.0187,22,54408,924936,42
2025-07-31,Centro,Hogar,Organico,Desktop,Recurrente,1663,35,0.021,47,103864,3635246,63
2024-09-25,Centro,Electrodomesticos,Pago,Tablet,Recurrente,1064,17,0.016,17,122301,2079123,9
2025-03-05,Sur,Hogar,Referido,Tablet,Recurrente,199,9,0.0452,9,89416,804746,31
2024-07-21,Centro,Vestuario,Social,Tablet,Recurrente,297,12,0.0404,13,44594,535133,28
2025-12-12,Norte,Electrodomesticos,Pago,Mobile,Recurrente,1130,16,0.0142,23,143815,2301042,16
2025-11-12,Norte,Tecnologia,Pago,Desktop,Nuevo,1222,22,0.018,28,202822,4462080,30
2025-03-21,Centro,Tecnologia,Referido,Desktop,Nuevo,783,18,0.023,18,144360,2598477,39
2025-08-28,Norte,Hogar,Email,Mobile,Nuevo,466,6,0.0129,6,93266,559594,40
2025-05-13,Centro,Vestuario,Organico,Tablet,Recurrente,924,22,0.0238,23,51891,1141605,35
2025-02-20,Sur,Deportes,Email,Mobile,Recurrente,731,18,0.0246,18,54587,982569,45
2025-12-09,Norte,Hogar,Email,Desktop,Recurrente,675,22,0.0326,30,118174,2599819,50
2025-05-26,Norte,Deportes,Pago,Mobile,Recurrente,1467,31,0.0211,32,62857,1948569,47
2024-04-28,Centro,Electrodomesticos,Social,Tablet,Recurrente,589,11,0.0187,15,171860,1890456,31
2024-03-14,Norte,Vestuario,Referido,Tablet,Nuevo,250,1,0.004,1,42771,42771,16
2025-09-21,Norte,Deportes,Pago,Desktop,Recurrente,509,14,0.0275,18,65564,917893,27
2025-01-10,Norte,Hogar,Email,Desktop,Recurrente,549,9,0.0164,12,123413,1110718,48
2025-09-05,Centro,Tecnologia,Pago,Mobile,Recurrente,1287,17,0.0132,17,219156,3725652,30
2025-11-26,Centro,Tecnologia,Pago,Tablet,Nuevo,854,16,0.0187,30,193012,3088198,33
2024-02-21,Centro,Deportes,Pago,Mobile,Nuevo,1266,20,0.0158,25,62558,1251155,28
2025-03-30,Norte,Deportes,Referido,Tablet,Nuevo,508,5,0.0098,9,69100,345499,45
2024-04-06,Centro,Hogar,Organico,Tablet,Recurrente,1032,22,0.0213,29,95408,2098983,50
2024-01-26,Norte,Deportes,Pago,Tablet,Recurrente,688,19,0.0276,28,54871,1042552,43
2024-07-14,Centro,Deportes,Referido,Tablet,Nuevo,507,13,0.0256,15,63173,821247,34
2025-06-26,Norte,Vestuario,Organico,Mobile,Recurrente,962,24,0.0249,42,53486,1283663,42
2024-04-18,Norte,Electrodomesticos,Pago,Desktop,Nuevo,908,16,0.0176,20,126991,2031860,51
2024-03-02,Sur,Vestuario,Pago,Tablet,Recurrente,611,13,0.0213,19,48380,628937,42
2024-12-12,Centro,Tecnologia,Email,Desktop,Nuevo,894,21,0.0235,24,174068,3655437,30
2025-07-04,Sur,Tecnologia,Referido,Tablet,Nuevo,228,4,0.0175,7,162722,650889,20
2024-03-02,Sur,Vestuario,Pago,Mobile,Nuevo,1003,18,0.0179,25,40299,725379,19
2025-08-02,Sur,Vestuario,Social,Desktop,Nuevo,632,15,0.0237,15,33672,505074,22
2024-01-10,Sur,Tecnologia,Email,Desktop,Recurrente,742,15,0.0202,17,205457,3081849,36
2024-12-14,Centro,Electrodomesticos,Referido,Desktop,Recurrente,606,11,0.0182,12,196445,2160891,63
2025-04-07,Sur,Deportes,Pago,Desktop,Recurrente,1057,25,0.0237,27,61105,1527626,51
2024-03-04,Centro,Vestuario,Pago,Mobile,Nuevo,365,7,0.0192,14,43452,304166,26
2024-06-27,Sur,Vestuario,Pago,Desktop,Recurrente,472,12,0.0254,15,49671,596047,28
2024-03-05,Sur,Vestuario,Pago,Desktop,Nuevo,925,15,0.0162,15,52640,789599,29
2025-03-20,Centro,Deportes,Referido,Mobile,Recurrente,436,13,0.0298,20,64063,832813,43
2024-04-14,Norte,Electrodomesticos,Organico,Desktop,Recurrente,833,11,0.0132,11,170312,1873437,34
2024-01-18,Norte,Hogar,Organico,Mobile,Recurrente,1004,22,0.0219,37,99462,2188161,34
2025-06-19,Norte,Hogar,Referido,Desktop,Nuevo,472,10,0.0212,10,84694,846944,34
2025-05-13,Norte,Deportes,Referido,Mobile,Recurrente,736,15,0.0204,25,67438,1011572,51
2025-11-02,Sur,Electrodomesticos,Email,Tablet,Nuevo,544,12,0.0221,16,152241,1826893,19
2025-10-18,Norte,Deportes,Organico,Mobile,Nuevo,931,14,0.015,14,73285,1025990,40
2024-11-23,Centro,Deportes,Social,Mobile,Nuevo,821,13,0.0158,13,53544,696069,27
2025-10-10,Norte,Vestuario,Referido,Tablet,Nuevo,418,9,0.0215,10,51048,459436,41
2024-12-16,Sur,Electrodomesticos,Email,Desktop,Recurrente,722,20,0.0277,28,142918,2858357,48
2025-11-29,Sur,Tecnologia,Email,Mobile,Recurrente,1008,26,0.0258,32,188542,4902100,30
2025-01-25,Centro,Vestuario,Social,Desktop,Recurrente,269,8,0.0297,10,45589,364714,26
2024-06-07,Centro,Hogar,Referido,Mobile,Nuevo,905,11,0.0122,11,83667,920336,40
2025-02-26,Norte,Vestuario,Social,Tablet,Nuevo,425,6,0.0141,6,45016,270098,38
2024-10-25,Norte,Electrodomesticos,Social,Desktop,Nuevo,363,4,0.011,4,151968,607873,23
2024-03-11,Norte,Vestuario,Pago,Mobile,Nuevo,550,10,0.0182,11,41304,413035,32
2025-05-11,Norte,Vestuario,Referido,Desktop,Recurrente,502,24,0.0478,24,45834,1100012,19
2025-06-14,Norte,Vestuario,Referido,Tablet,Nuevo,209,3,0.0144,7,43018,129052,29
2025-03-03,Sur,Deportes,Referido,Desktop,Recurrente,654,7,0.0107,7,62591,438139,45
2024-12-26,Sur,Tecnologia,Pago,Desktop,Nuevo,861,14,0.0163,20,213324,2986534,61
2025-05-22,Norte,Deportes,Referido,Desktop,Recurrente,341,4,0.0117,7,72168,288670,46
2025-01-16,Norte,Hogar,Social,Tablet,Nuevo,506,9,0.0178,9,82606,743453,41
2025-10-04,Centro,Tecnologia,Email,Desktop,Recurrente,581,20,0.0344,24,194790,3895801,42
2025-09-27,Centro,Deportes,Email,Mobile,Nuevo,845,22,0.026,29,61666,1356645,23
2025-01-16,Sur,Hogar,Social,Mobile,Recurrente,1128,16,0.0142,20,83450,1335192,50
2024-08-18,Centro,Hogar,Referido,Desktop,Recurrente,679,13,0.0191,13,96902,1259722,61
2025-08-21,Sur,Electrodomesticos,Organico,Tablet,Nuevo,798,14,0.0175,16,155404,2175656,38
2024-01-20,Norte,Deportes,Email,Desktop,Nuevo,567,8,0.0141,9,60574,484592,34
2024-05-25,Centro,Hogar,Email,Desktop,Nuevo,440,9,0.0205,12,104154,937390,33
2025-03-06,Sur,Hogar,Social,Tablet,Nuevo,469,6,0.0128,9,90112,540670,48
2024-01-22,Centro,Hogar,Pago,Mobile,Nuevo,1163,25,0.0215,34,110928,2773207,34
2024-03-09,Sur,Electrodomesticos,Email,Mobile,Nuevo,551,11,0.02,14,141231,1553545,15
2024-11-03,Centro,Vestuario,Organico,Desktop,Nuevo,1259,35,0.0278,43,47917,1677094,51
2025-12-18,Sur,Vestuario,Email,Tablet,Recurrente,424,14,0.033,16,50516,707219,38
2024-08-15,Centro,Vestuario,Pago,Mobile,Recurrente,1212,36,0.0297,38,44949,1618155,38
2025-08-29,Centro,Deportes,Email,Tablet,Nuevo,292,6,0.0205,6,53229,319374,45
2025-04-25,Norte,Tecnologia,Social,Desktop,Recurrente,711,22,0.0309,26,172317,3790965,29
2025-01-03,Centro,Hogar,Referido,Desktop,Nuevo,433,3,0.0069,5,91736,275207,42
2024-01-08,Centro,Electrodomesticos,Email,Desktop,Nuevo,465,6,0.0129,6,157972,947834,24
2024-06-08,Norte,Vestuario,Social,Desktop,Nuevo,702,17,0.0242,28,44557,757473,23
2025-12-24,Centro,Tecnologia,Email,Desktop,Nuevo,847,20,0.0236,29,203587,4071744,49
2024-06-08,Sur,Deportes,Referido,Mobile,Recurrente,726,18,0.0248,18,62140,1118524,53
2025-05-21,Centro,Deportes,Referido,Desktop,Recurrente,272,5,0.0184,5,69364,346820,49
2024-12-08,Sur,Hogar,Social,Tablet,Recurrente,427,11,0.0258,13,112289,1235183,26
2024-01-06,Sur,Tecnologia,Social,Desktop,Recurrente,931,15,0.0161,15,225129,3376933,28
2025-09-11,Sur,Tecnologia,Referido,Desktop,Nuevo,360,13,0.0361,18,220905,2871765,29
2025-08-08,Norte,Vestuario,Social,Tablet,Nuevo,570,8,0.014,8,45832,366653,23
2025-04-04,Centro,Electrodomesticos,Organico,Mobile,Nuevo,1089,15,0.0138,15,137695,2065422,55
2024-08-10,Sur,Deportes,Social,Tablet,Recurrente,423,11,0.026,15,75298,828277,32
2025-05-16,Centro,Deportes,Social,Tablet,Nuevo,534,6,0.0112,9,65842,395050,19
2024-06-30,Norte,Tecnologia,Social,Tablet,Recurrente,215,4,0.0186,4,172152,688609,46
2024-11-03,Sur,Hogar,Email,Desktop,Nuevo,646,11,0.017,18,86823,955054,51
2024-10-13,Norte,Tecnologia,Email,Mobile,Nuevo,272,5,0.0184,5,188712,943560,38
2025-10-23,Norte,Deportes,Social,Desktop,Recurrente,744,26,0.0349,29,61599,1601580,34
2025-04-02,Sur,Hogar,Email,Desktop,Recurrente,442,7,0.0158,8,104609,732261,49
2025-01-10,Centro,Hogar,Social,Mobile,Nuevo,1131,24,0.0212,36,80662,1935884,47
2024-07-06,Norte,Electrodomesticos,Referido,Tablet,Recurrente,379,6,0.0158,6,168511,1011068,25
2024-05-18,Centro,Deportes,Pago,Desktop,Nuevo,901,13,0.0144,13,65863,856217,31
2025-06-26,Sur,Electrodomesticos,Social,Tablet,Nuevo,636,15,0.0236,17,129462,1941925,34
2024-01-04,Centro,Electrodomesticos,Email,Mobile,Nuevo,973,11,0.0113,11,163628,1799907,19
2025-07-08,Norte,Vestuario,Email,Tablet,Recurrente,319,12,0.0376,12,47406,568869,27
2024-07-13,Sur,Deportes,Pago,Mobile,Nuevo,953,18,0.0189,18,61683,1110287,45
2025-07-18,Sur,Electrodomesticos,Social,Tablet,Recurrente,316,4,0.0127,4,134923,539691,33
2024-01-09,Sur,Deportes,Referido,Tablet,Recurrente,552,11,0.0199,12,55523,610758,45
2024-12-26,Norte,Deportes,Referido,Mobile,Nuevo,399,13,0.0326,13,54856,713130,39
2025-09-30,Norte,Deportes,Referido,Mobile,Recurrente,556,15,0.027,20,65304,979564,43
2024-08-07,Centro,Hogar,Email,Mobile,Nuevo,1234,20,0.0162,20,76619,1532382,32
2024-04-19,Centro,Vestuario,Email,Tablet,Nuevo,645,10,0.0155,19,42781,427807,26
2025-04-08,Centro,Tecnologia,Email,Mobile,Recurrente,314,8,0.0255,12,201933,1615466,38
2024-12-28,Sur,Electrodomesticos,Pago,Desktop,Nuevo,372,8,0.0215,10,163071,1304570,45
2025-03-10,Sur,Deportes,Organico,Mobile,Nuevo,841,17,0.0202,18,54966,934414,53
2024-11-23,Sur,Vestuario,Organico,Desktop,Nuevo,629,19,0.0302,25,50554,960518,42
2025-12-08,Norte,Hogar,Social,Desktop,Nuevo,907,14,0.0154,15,93787,1313022,44
2024-03-30,Centro,Tecnologia,Social,Tablet,Recurrente,567,12,0.0212,12,189387,2272645,36
2025-06-07,Sur,Deportes,Social,Desktop,Recurrente,641,16,0.025,21,75915,1214646,54
2025-07-30,Sur,Electrodomesticos,Email,Desktop,Recurrente,525,10,0.019,11,159562,1595618,48
2025-03-19,Centro,Hogar,Organico,Desktop,Nuevo,1061,26,0.0245,35,96631,2512406,44
2025-10-26,Centro,Hogar,Email,Mobile,Nuevo,580,9,0.0155,11,88642,797781,43
2024-04-28,Sur,Deportes,Pago,Mobile,Nuevo,345,5,0.0145,5,64819,324092,33
2025-05-09,Norte,Electrodomesticos,Email,Desktop,Recurrente,173,3,0.0173,7,138444,415332,37
2025-02-07,Centro,Hogar,Social,Tablet,Recurrente,629,15,0.0238,23,106608,1599113,43
2024-04-03,Centro,Electrodomesticos,Pago,Tablet,Recurrente,963,23,0.0239,26,155392,3574017,43
2025-06-20,Centro,Electrodomesticos,Organico,Mobile,Recurrente,1704,32,0.0188,32,179513,5744415,32
2025-05-25,Sur,Vestuario,Social,Desktop,Recurrente,600,21,0.035,25,48573,1020042,32
2025-09-04,Sur,Tecnologia,Pago,Desktop,Recurrente,585,14,0.0239,14,193225,2705149,41
2024-03-20,Sur,Tecnologia,Organico,Tablet,Nuevo,741,13,0.0175,13,171171,2225223,29
2025-12-03,Centro,Deportes,Social,Mobile,Recurrente,818,15,0.0183,17,55058,825874,39
2024-07-29,Sur,Electrodomesticos,Organico,Desktop,Nuevo,539,5,0.0093,5,135691,678454,0
2025-11-03,Centro,Deportes,Referido,Mobile,Nuevo,913,13,0.0142,15,56958,740456,50
2024-08-23,Norte,Deportes,Pago,Mobile,Nuevo,555,8,0.0144,11,41874,334988,49
2025-07-23,Sur,Tecnologia,Pago,Tablet,Nuevo,1060,20,0.0189,20,188265,3765304,39
2024-03-18,Centro,Hogar,Social,Mobile,Nuevo,708,18,0.0254,19,111182,2001271,44
2024-04-12,Norte,Hogar,Referido,Desktop,Recurrente,406,2,0.0049,2,92135,184269,47
2024-12-14,Centro,Electrodomesticos,Organico,Tablet,Recurrente,898,25,0.0278,25,166718,4167950,33
2025-01-09,Norte,Tecnologia,Organico,Mobile,Recurrente,1096,29,0.0265,38,190548,5525877,24
2024-06-19,Centro,Hogar,Organico,Tablet,Recurrente,753,17,0.0226,20,94590,1608025,56
2025-09-29,Norte,Tecnologia,Pago,Tablet,Recurrente,313,6,0.0192,6,195449,1172696,38
2024-05-30,Sur,Electrodomesticos,Organico,Desktop,Recurrente,1045,18,0.0172,18,172542,3105751,33
2024-02-03,Sur,Deportes,Pago,Desktop,Nuevo,1007,25,0.0248,35,46917,1172932,35
2024-09-18,Norte,Tecnologia,Email,Mobile,Nuevo,749,22,0.0294,22,195587,4302913,37
2024-06-22,Centro,Hogar,Email,Tablet,Nuevo,723,10,0.0138,10,87864,878636,32
2025-12-08,Norte,Deportes,Referido,Mobile,Recurrente,884,17,0.0192,22,63993,1087886,48
2024-10-17,Centro,Hogar,Social,Tablet,Recurrente,818,18,0.022,18,96585,1738521,40
2025-09-02,Norte,Vestuario,Organico,Tablet,Nuevo,917,23,0.0251,23,45900,1055701,37
2025-09-01,Norte,Vestuario,Email,Desktop,Nuevo,607,12,0.0198,12,51895,622744,27
2024-11-25,Sur,Vestuario,Organico,Desktop,Nuevo,878,25,0.0285,30,44845,1121128,29
2025-04-03,Sur,Tecnologia,Social,Mobile,Nuevo,1105,20,0.0181,29,154220,3084390,35
2024-04-07,Centro,Tecnologia,Email,Tablet,Nuevo,582,20,0.0344,29,190843,3816868,28
2024-11-18,Centro,Deportes,Pago,Tablet,Recurrente,876,17,0.0194,17,67489,1147308,41
2024-01-22,Norte,Deportes,Referido,Tablet,Recurrente,66,0,0.0,1,56072,0,49
2025-09-09,Centro,Tecnologia,Organico,Tablet,Recurrente,1300,34,0.0262,34,171804,5841327,39
2025-12-04,Norte,Hogar,Email,Mobile,Nuevo,650,12,0.0185,12,87837,1054043,25
2024-11-18,Norte,Tecnologia,Email,Tablet,Recurrente,359,9,0.0251,9,200063,1800564,36
2025-02-21,Centro,Electrodomesticos,Referido,Desktop,Nuevo,501,7,0.014,7,170667,1194666,16
2024-11-07,Sur,Deportes,Referido,Desktop,Nuevo,530,14,0.0264,14,64274,899836,40
2025-07-11,Sur,Tecnologia,Pago,Mobile,Recurrente,599,14,0.0234,21,164168,2298358,48
2024-04-29,Norte,Vestuario,Pago,Desktop,Nuevo,649,15,0.0231,15,37903,568551,29
2025-02-12,Sur,Tecnologia,Social,Tablet,Nuevo,823,12,0.0146,15,137831,1653973,26
2025-11-30,Sur,Tecnologia,Referido,Mobile,Nuevo,637,14,0.022,14,156854,2195954,40
2025-11-05,Centro,Hogar,Social,Tablet,Nuevo,1259,27,0.0214,30,78305,2114237,51
2024-06-18,Norte,Vestuario,Social,Tablet,Recurrente,386,13,0.0337,13,54253,705283,17
2025-12-13,Sur,Tecnologia,Referido,Desktop,Recurrente,606,20,0.033,31,214318,4286354,56
2025-12-21,Norte,Vestuario,Organico,Mobile,Recurrente,1068,22,0.0206,29,44416,977145,35
2024-05-24,Sur,Deportes,Referido,Mobile,Recurrente,835,19,0.0228,22,71566,1359747,33
2024-02-10,Norte,Deportes,Organico,Mobile,Nuevo,710,19,0.0268,26,79982,1519653,24
2024-07-22,Sur,Electrodomesticos,Referido,Desktop,Nuevo,567,10,0.0176,10,133257,1332569,23
2025-09-26,Centro,Deportes,Referido,Tablet,Nuevo,423,13,0.0307,16,71586,930623,52
2024-12-08,Centro,Tecnologia,Referido,Desktop,Recurrente,618,16,0.0259,16,205544,3288697,49
2024-01-03,Norte,Electrodomesticos,Social,Tablet,Recurrente,451,10,0.0222,19,140562,1405616,30
2025-02-16,Centro,Deportes,Organico,Desktop,Nuevo,1090,29,0.0266,29,56053,1625541,46
2025-02-10,Centro,Hogar,Email,Mobile,Nuevo,702,14,0.0199,14,90454,1266356,32
2024-09-22,Centro,Vestuario,Referido,Tablet,Nuevo,350,9,0.0257,10,46400,417597,60
2024-11-25,Sur,Electrodomesticos,Organico,Tablet,Nuevo,1060,18,0.017,26,160126,2882271,20
2025-12-19,Sur,Deportes,Pago,Desktop,Nuevo,687,14,0.0204,14,69835,977692,50
2025-09-16,Norte,Vestuario,Social,Mobile,Recurrente,629,10,0.0159,10,53073,530726,21
2024-05-01,Norte,Vestuario,Organico,Desktop,Recurrente,1137,37,0.0325,41,49446,1829512,38
2024-12-12,Centro,Tecnologia,Pago,Desktop,Recurrente,1190,36,0.0303,38,175139,6305014,37
2024-06-27,Norte,Vestuario,Referido,Tablet,Nuevo,301,10,0.0332,10,50358,503584,26
2025-01-11,Sur,Electrodomesticos,Social,Mobile,Nuevo,433,8,0.0185,8,143870,1150961,38
2025-09-04,Centro,Vestuario,Social,Tablet,Recurrente,566,13,0.023,13,53032,689416,22
2025-03-01,Norte,Electrodomesticos,Pago,Tablet,Nuevo,601,12,0.02,16,163224,1958692,34
2024-09-07,Sur,Hogar,Email,Tablet,Recurrente,454,14,0.0308,14,86779,1214907,42
2025-11-21,Sur,Tecnologia,Email,Desktop,Recurrente,665,14,0.0211,19,199565,2793910,32
2024-12-03,Sur,Vestuario,Social,Mobile,Nuevo,1204,18,0.015,23,39106,703913,37
2024-08-09,Centro,Electrodomesticos,Pago,Mobile,Nuevo,662,17,0.0257,17,148696,2527823,20
2024-10-24,Norte,Tecnologia,Referido,Tablet,Recurrente,424,9,0.0212,13,162796,1465161,20
2025-02-09,Sur,Electrodomesticos,Organico,Desktop,Recurrente,845,19,0.0225,23,159151,3023876,39
2024-01-22,Norte,Electrodomesticos,Email,Mobile,Nuevo,601,6,0.01,6,105000,630000,33
2025-09-02,Norte,Deportes,Email,Tablet,Recurrente,603,20,0.0332,24,65824,1316477,47
2024-03-24,Sur,Hogar,Social,Desktop,Recurrente,1113,21,0.0189,21,98659,2071839,44
2025-01-22,Centro,Vestuario,Referido,Tablet,Recurrente,539,13,0.0241,13,47691,619979,19
2024-04-11,Centro,Electrodomesticos,Organico,Tablet,Nuevo,1398,21,0.015,32,148473,3117923,27
2025-02-20,Sur,Deportes,Referido,Desktop,Recurrente,467,6,0.0128,6,62085,372510,55
2025-03-29,Norte,Electrodomesticos,Organico,Mobile,Recurrente,752,15,0.0199,16,150378,2255674,31
2024-11-05,Norte,Hogar,Organico,Desktop,Nuevo,773,12,0.0155,14,98806,1185674,41
2024-08-18,Norte,Hogar,Social,Mobile,Nuevo,534,10,0.0187,10,99479,994794,35
2024-06-03,Norte,Electrodomesticos,Email,Mobile,Recurrente,359,6,0.0167,9,176875,1061247,51
2025-04-23,Centro,Hogar,Social,Tablet,Nuevo,903,12,0.0133,17,109764,1317164,38
2024-10-18,Sur,Vestuario,Social,Tablet,Nuevo,282,5,0.0177,8,47226,236130,27
2025-03-15,Centro,Electrodomesticos,Pago,Mobile,Nuevo,1349,20,0.0148,20,148242,2964844,38
2024-12-23,Sur,Tecnologia,Pago,Desktop,Recurrente,984,23,0.0234,26,204546,4704566,50
2025-07-26,Norte,Vestuario,Organico,Mobile,Nuevo,552,6,0.0109,6,42607,255639,23
2024-03-08,Centro,Hogar,Organico,Tablet,Nuevo,668,12,0.018,12,81126,973506,35
2025-02-23,Sur,Hogar,Email,Mobile,Recurrente,877,21,0.0239,24,80664,1693934,49
2024-07-23,Norte,Electrodomesticos,Email,Desktop,Recurrente,316,9,0.0285,9,173042,1557378,42
2024-11-27,Sur,Electrodomesticos,Pago,Desktop,Nuevo,575,10,0.0174,11,130661,1306614,34
2025-02-12,Centro,Deportes,Referido,Desktop,Nuevo,720,11,0.0153,16,64620,710825,29
2025-10-16,Sur,Vestuario,Social,Tablet,Nuevo,200,8,0.04,8,54098,432784,7
2024-10-31,Centro,Hogar,Social,Desktop,Recurrente,682,10,0.0147,14,93092,930922,45
2025-12-30,Centro,Deportes,Social,Tablet,Nuevo,456,9,0.0197,13,69113,622019,45
2024-12-17,Norte,Vestuario,Social,Desktop,Recurrente,971,32,0.033,40,34481,1103386,34
2025-03-30,Norte,Hogar,Organico,Tablet,Recurrente,462,13,0.0281,14,102304,1329951,49
2025-04-15,Centro,Electrodomesticos,Referido,Tablet,Nuevo,528,4,0.0076,4,134257,537028,41
2024-11-09,Centro,Electrodomesticos,Referido,Desktop,Nuevo,201,3,0.0149,3,156622,469865,50
2024-02-10,Norte,Hogar,Organico,Tablet,Recurrente,706,14,0.0198,21,106153,1486145,35
2025-06-14,Centro,Deportes,Email,Desktop,Nuevo,757,13,0.0172,14,46469,604101,39
2025-03-27,Sur,Tecnologia,Organico,Desktop,Nuevo,826,17,0.0206,24,175855,2989532,14
2024-08-16,Norte,Vestuario,Organico,Desktop,Recurrente,845,18,0.0213,18,59247,1066440,25
2024-12-18,Norte,Tecnologia,Referido,Mobile,Recurrente,540,13,0.0241,23,169863,2208216,36
2025-07-08,Centro,Tecnologia,Social,Desktop,Nuevo,736,12,0.0163,16,184770,2217240,37
2025-05-06,Centro,Tecnologia,Pago,Desktop,Nuevo,1457,18,0.0124,22,199648,3593656,44
2024-10-16,Centro,Deportes,Organico,Mobile,Nuevo,1459,28,0.0192,38,61722,1728216,29
2025-12-03,Sur,Tecnologia,Pago,Desktop,Recurrente,1639,41,0.025,47,184619,7569395,45
2024-09-25,Norte,Electrodomesticos,Email,Desktop,Recurrente,539,16,0.0297,29,164140,2626243,34
2025-02-04,Centro,Vestuario,Pago,Tablet,Recurrente,652,16,0.0245,19,48220,771514,27
2024-12-08,Norte,Deportes,Referido,Desktop,Recurrente,502,11,0.0219,12,63963,703598,37
2025-11-21,Sur,Hogar,Social,Tablet,Recurrente,646,25,0.0387,26,106533,2663330,51
2024-10-03,Centro,Electrodomesticos,Pago,Tablet,Recurrente,805,13,0.0161,21,168147,2185914,53
2024-12-15,Norte,Electrodomesticos,Organico,Tablet,Nuevo,485,6,0.0124,11,135943,815660,26
2024-08-16,Sur,Deportes,Referido,Mobile,Nuevo,254,6,0.0236,6,54507,327041,40
2024-04-02,Sur,Tecnologia,Email,Desktop,Nuevo,629,18,0.0286,20,178385,3210937,40
2025-06-23,Sur,Vestuario,Email,Tablet,Nuevo,537,12,0.0223,12,40054,480650,40
2025-12-13,Norte,Deportes,Email,Mobile,Recurrente,549,7,0.0128,9,70444,493108,46
2025-11-18,Sur,Deportes,Referido,Tablet,Recurrente,365,14,0.0384,16,65177,912471,30
2024-02-16,Centro,Hogar,Email,Tablet,Recurrente,604,14,0.0232,15,106109,1485530,53
2025-03-09,Norte,Tecnologia,Social,Desktop,Recurrente,555,15,0.027,21,175188,2627818,28
2025-03-18,Sur,Electrodomesticos,Email,Desktop,Recurrente,416,10,0.024,11,147276,1472764,43
2025-02-24,Norte,Tecnologia,Pago,Mobile,Recurrente,1000,22,0.022,24,147426,3243380,55
2025-05-03,Centro,Deportes,Email,Mobile,Nuevo,471,15,0.0318,19,72281,1084212,25
2024-01-01,Centro,Tecnologia,Social,Desktop,Recurrente,1136,22,0.0194,22,203991,4487791,44
2024-03-01,Sur,Electrodomesticos,Pago,Tablet,Recurrente,877,14,0.016,18,165346,2314842,42
2025-10-16,Norte,Deportes,Organico,Desktop,Nuevo,678,9,0.0133,9,52098,468881,22
2025-03-21,Centro,Hogar,Pago,Mobile,Recurrente,911,18,0.0198,28,90402,1627235,64
2024-10-08,Sur,Deportes,Pago,Mobile,Nuevo,1408,28,0.0199,28,64719,1812129,36
2025-04-19,Sur,Electrodomesticos,Referido,Desktop,Nuevo,478,7,0.0146,7,136560,955921,21
2024-03-25,Sur,Tecnologia,Email,Desktop,Recurrente,780,25,0.0321,27,180230,4505754,55
2025-04-27,Sur,Hogar,Organico,Desktop,Nuevo,1046,17,0.0163,17,93604,1591263,35
2024-01-11,Norte,Deportes,Social,Desktop,Nuevo,744,15,0.0202,27,53050,795743,9
2025-06-01,Centro,Electrodomesticos,Social,Desktop,Nuevo,919,10,0.0109,11,162263,1622628,35
2024-01-18,Sur,Hogar,Pago,Tablet,Nuevo,1125,19,0.0169,22,70581,1341034,32
2025-06-20,Centro,Tecnologia,Referido,Mobile,Recurrente,609,17,0.0279,17,194653,3309095,54
2024-07-07,Sur,Electrodomesticos,Social,Mobile,Nuevo,655,10,0.0153,14,136249,1362493,27
2025-12-16,Norte,Deportes,Social,Mobile,Recurrente,789,19,0.0241,33,61606,1170507,35
2024-04-19,Sur,Hogar,Email,Desktop,Nuevo,370,8,0.0216,8,108601,868806,34
2024-05-28,Centro,Tecnologia,Referido,Desktop,Nuevo,393,1,0.0025,1,187474,187473,20
2024-07-14,Centro,Tecnologia,Pago,Tablet,Nuevo,724,17,0.0235,17,230937,3925927,40
2024-05-17,Norte,Tecnologia,Organico,Tablet,Nuevo,360,7,0.0194,7,178226,1247578,49
2024-05-23,Sur,Vestuario,Referido,Desktop,Nuevo,260,6,0.0231,6,38593,231556,42
2025-01-29,Sur,Electrodomesticos,Pago,Desktop,Nuevo,687,17,0.0247,24,160416,2727071,46
2025-04-09,Sur,Electrodomesticos,Organico,Desktop,Recurrente,1071,21,0.0196,31,172988,3632749,27
2025-01-20,Norte,Hogar,Email,Tablet,Recurrente,385,8,0.0208,9,104524,836195,49
2025-06-12,Norte,Deportes,Pago,Desktop,Recurrente,1027,30,0.0292,30,64177,1925317,36
2024-10-20,Centro,Deportes,Pago,Mobile,Recurrente,1125,26,0.0231,29,61853,1608166,36
2025-03-06,Sur,Hogar,Email,Tablet,Recurrente,457,10,0.0219,12,94257,942566,48
2025-06-04,Centro,Vestuario,Social,Mobile,Recurrente,1904,51,0.0268,56,50871,2594415,42
2025-12-06,Centro,Vestuario,Pago,Desktop,Nuevo,1555,28,0.018,28,47801,1338422,24
2025-11-14,Centro,Electrodomesticos,Referido,Tablet,Nuevo,740,8,0.0108,11,167466,1339726,38
2025-11-30,Centro,Electrodomesticos,Social,Mobile,Nuevo,1468,16,0.0109,21,154788,2476610,24
2025-02-07,Centro,Vestuario,Email,Mobile,Recurrente,239,9,0.0377,13,43391,390517,23
2025-10-23,Norte,Electrodomesticos,Social,Desktop,Nuevo,191,1,0.0052,1,143678,143677,27
2024-06-07,Sur,Deportes,Referido,Desktop,Nuevo,634,14,0.0221,18,54534,763481,29
2024-10-31,Centro,Tecnologia,Email,Tablet,Nuevo,658,15,0.0228,20,154163,2312437,25
2025-10-25,Sur,Vestuario,Pago,Tablet,Recurrente,103,4,0.0388,12,44314,177255,44
2025-03-07,Centro,Electrodomesticos,Social,Tablet,Recurrente,653,10,0.0153,11,182361,1823605,25
2024-07-16,Norte,Vestuario,Email,Desktop,Recurrente,502,18,0.0359,20,46197,831538,26
2025-12-25,Norte,Deportes,Social,Tablet,Recurrente,521,10,0.0192,15,69637,696369,28
2024-07-22,Sur,Tecnologia,Organico,Tablet,Nuevo,520,11,0.0212,18,140318,1543500,39
2025-08-03,Sur,Electrodomesticos,Organico,Tablet,Recurrente,557,11,0.0197,11,180842,1989260,44
2025-06-04,Centro,Vestuario,Pago,Desktop,Recurrente,1954,35,0.0179,51,49734,1740691,40
2024-12-17,Sur,Deportes,Email,Mobile,Recurrente,853,10,0.0117,18,79834,798337,46
2025-10-04,Sur,Electrodomesticos,Organico,Tablet,Recurrente,439,6,0.0137,8,131844,791061,37
2025-06-09,Centro,Electrodomesticos,Social,Tablet,Nuevo,408,8,0.0196,8,145356,1162845,20
2025-03-06,Centro,Electrodomesticos,Referido,Tablet,Nuevo,238,0,0.0,2,122981,0,37
2025-08-02,Sur,Hogar,Pago,Desktop,Recurrente,452,14,0.031,15,88993,1245895,48
2024-10-13,Sur,Electrodomesticos,Organico,Mobile,Nuevo,837,11,0.0131,14,160296,1763251,26
2025-06-20,Sur,Hogar,Email,Desktop,Nuevo,158,4,0.0253,4,79359,317436,40
2025-06-02,Norte,Deportes,Organico,Mobile,Nuevo,656,17,0.0259,25,58549,995332,39
2025-10-11,Centro,Deportes,Organico,Desktop,Recurrente,843,23,0.0273,35,77293,1777746,40
2025-12-06,Sur,Hogar,Pago,Desktop,Nuevo,1027,15,0.0146,18,91153,1367288,37
2025-10-24,Centro,Hogar,Pago,Mobile,Nuevo,1335,13,0.0097,17,78462,1020010,29
2025-07-20,Sur,Hogar,Referido,Tablet,Recurrente,414,8,0.0193,8,97766,782127,33
2024-08-07,Norte,Hogar,Referido,Desktop,Nuevo,347,3,0.0086,5,87115,261345,59
2025-12-10,Sur,Hogar,Email,Desktop,Nuevo,511,10,0.0196,10,87872,878715,50
2024-08-23,Sur,Vestuario,Social,Mobile,Nuevo,824,15,0.0182,17,49053,735801,37
2024-07-03,Centro,Deportes,Pago,Desktop,Nuevo,1304,17,0.013,22,50536,859107,40
2024-01-30,Sur,Tecnologia,Social,Tablet,Nuevo,492,9,0.0183,9,166283,1496547,41
2025-02-21,Sur,Deportes,Email,Desktop,Recurrente,626,21,0.0335,24,70490,1480293,47
2025-05-09,Norte,Hogar,Organico,Mobile,Recurrente,671,8,0.0119,10,91612,732892,56
2025-01-10,Centro,Deportes,Email,Desktop,Nuevo,452,6,0.0133,6,62067,372404,52
2024-05-23,Norte,Deportes,Email,Desktop,Nuevo,886,18,0.0203,20,64552,1161944,32
2024-07-16,Norte,Hogar,Pago,Desktop,Recurrente,1047,30,0.0287,32,89351,2680515,37
2024-08-20,Sur,Tecnologia,Pago,Tablet,Recurrente,531,14,0.0264,14,206140,2885964,18
2025-03-03,Norte,Hogar,Pago,Mobile,Nuevo,559,2,0.0036,4,94059,188117,34
2025-07-11,Centro,Deportes,Organico,Mobile,Nuevo,1120,14,0.0125,15,45472,636606,29
2024-11-23,Sur,Deportes,Email,Mobile,Nuevo,572,15,0.0262,16,57135,857022,40
2025-01-11,Centro,Deportes,Pago,Mobile,Recurrente,1204,20,0.0166,20,59386,1187724,48
2025-03-19,Sur,Hogar,Organico,Mobile,Recurrente,814,17,0.0209,21,99959,1699299,37
2024-08-22,Norte,Hogar,Referido,Desktop,Nuevo,427,6,0.0141,12,72925,437548,52
2024-02-01,Norte,Electrodomesticos,Social,Desktop,Recurrente,676,11,0.0163,12,155383,1709215,46
2024-12-06,Norte,Hogar,Email,Tablet,Nuevo,317,5,0.0158,5,80578,402892,19
2024-10-18,Centro,Tecnologia,Pago,Desktop,Nuevo,1599,25,0.0156,25,152745,3818627,21
2024-11-14,Centro,Hogar,Referido,Mobile,Nuevo,602,8,0.0133,8,94826,758605,30
2024-08-04,Centro,Vestuario,Email,Mobile,Nuevo,757,17,0.0225,18,35587,604979,29
2025-04-26,Centro,Deportes,Pago,Desktop,Recurrente,125,3,0.024,6,64591,193773,36
2025-12-09,Norte,Tecnologia,Referido,Desktop,Recurrente,505,18,0.0356,23,185769,3343835,34
2025-04-17,Norte,Deportes,Organico,Desktop,Nuevo,800,17,0.0213,26,46704,793969,22
2025-04-21,Sur,Tecnologia,Email,Tablet,Nuevo,431,11,0.0255,11,173149,1904639,45
2025-07-08,Sur,Tecnologia,Organico,Desktop,Recurrente,474,7,0.0148,7,195833,1370833,25
2024-05-31,Sur,Electrodomesticos,Social,Tablet,Recurrente,398,12,0.0302,12,173403,2080835,36
2024-11-26,Sur,Deportes,Organico,Mobile,Recurrente,1521,30,0.0197,30,65743,1972293,34
2024-09-25,Sur,Vestuario,Social,Mobile,Recurrente,603,18,0.0299,22,42666,767989,32
2024-04-22,Sur,Deportes,Referido,Tablet,Recurrente,422,15,0.0355,17,66844,1002657,43
2025-01-15,Sur,Tecnologia,Referido,Desktop,Recurrente,727,15,0.0206,21,222267,3334012,32
2024-08-27,Sur,Tecnologia,Social,Tablet,Nuevo,416,10,0.024,10,164075,1640745,40
2025-11-30,Norte,Electrodomesticos,Email,Mobile,Recurrente,666,16,0.024,18,133727,2139627,38
2025-06-17,Sur,Hogar,Social,Mobile,Recurrente,1043,20,0.0192,21,83662,1673241,41
2024-06-01,Norte,Electrodomesticos,Social,Tablet,Nuevo,557,5,0.009,5,156282,781407,16
2024-07-25,Sur,Tecnologia,Email,Tablet,Recurrente,538,11,0.0204,11,217837,2396210,51
2025-10-22,Centro,Electrodomesticos,Social,Desktop,Recurrente,1171,25,0.0213,25,144548,3613690,51
2025-08-16,Sur,Electrodomesticos,Referido,Desktop,Recurrente,337,6,0.0178,8,146271,877628,32
2025-05-17,Centro,Deportes,Email,Mobile,Nuevo,821,24,0.0292,29,57488,1379706,36
2025-03-28,Sur,Tecnologia,Email,Tablet,Nuevo,505,5,0.0099,5,214420,1072097,38
2024-04-04,Sur,Electrodomesticos,Email,Tablet,Nuevo,649,8,0.0123,11,146554,1172432,23
2025-11-02,Sur,Tecnologia,Organico,Mobile,Recurrente,1139,26,0.0228,32,168881,4390897,42
2024-10-10,Sur,Tecnologia,Pago,Tablet,Recurrente,955,15,0.0157,17,242228,3633423,32
2025-05-01,Norte,Vestuario,Social,Mobile,Nuevo,887,20,0.0225,28,46488,929769,19
2024-02-28,Sur,Deportes,Referido,Desktop,Recurrente,479,12,0.0251,12,66622,799468,57
2024-09-12,Sur,Tecnologia,Email,Mobile,Nuevo,761,16,0.021,16,202881,3246098,42
2025-02-04,Centro,Electrodomesticos,Email,Desktop,Recurrente,504,9,0.0179,10,155951,1403563,49
2025-04-03,Centro,Hogar,Email,Desktop,Recurrente,838,17,0.0203,20,101986,1733767,41
2024-09-24,Norte,Tecnologia,Referido,Desktop,Recurrente,351,5,0.0142,5,167836,839182,48
2024-11-23,Norte,Electrodomesticos,Organico,Tablet,Recurrente,556,12,0.0216,14,143303,1719631,33
2024-10-22,Norte,Vestuario,Referido,Desktop,Recurrente,221,4,0.0181,5,44269,177076,22
2025-11-23,Centro,Vestuario,Email,Tablet,Nuevo,828,21,0.0254,28,41450,870440,41
2024-12-12,Norte,Tecnologia,Email,Tablet,Nuevo,465,10,0.0215,14,174857,1748566,29
2025-08-07,Centro,Vestuario,Pago,Desktop,Nuevo,1322,30,0.0227,30,54847,1645402,25
2024-01-10,Sur,Electrodomesticos,Organico,Mobile,Recurrente,1045,26,0.0249,44,180577,4695003,43
2024-01-27,Norte,Deportes,Email,Tablet,Nuevo,429,3,0.007,3,61789,185368,27
2025-07-06,Centro,Hogar,Social,Desktop,Nuevo,1252,23,0.0184,23,84879,1952214,38
2024-02-12,Centro,Vestuario,Organico,Tablet,Nuevo,796,15,0.0188,19,46525,697878,21
2025-02-27,Norte,Hogar,Pago,Desktop,Recurrente,460,10,0.0217,11,89488,894883,29
2025-07-11,Norte,Vestuario,Email,Mobile,Recurrente,786,18,0.0229,34,45256,814600,50
2025-12-17,Norte,Electrodomesticos,Pago,Tablet,Recurrente,293,5,0.0171,8,152593,762967,17
2024-12-01,Sur,Electrodomesticos,Social,Mobile,Recurrente,649,12,0.0185,20,186825,2241899,52
2024-12-12,Sur,Vestuario,Email,Tablet,Recurrente,472,12,0.0254,15,53862,646349,25
2025-11-22,Norte,Deportes,Organico,Tablet,Recurrente,768,24,0.0312,24,87480,2099520,56
2024-12-26,Centro,Hogar,Referido,Mobile,Nuevo,861,16,0.0186,16,87051,1392821,35
2025-07-20,Norte,Hogar,Email,Desktop,Recurrente,497,12,0.0241,12,105229,1262747,59
2024-10-31,Norte,Vestuario,Referido,Desktop,Recurrente,478,12,0.0251,12,51087,613043,49
2025-06-22,Sur,Electrodomesticos,Social,Mobile,Recurrente,523,16,0.0306,18,175493,2807881,48
2025-11-06,Sur,Electrodomesticos,Referido,Desktop,Nuevo,385,7,0.0182,7,172208,1205453,37
2024-07-08,Sur,Hogar,Pago,Mobile,Nuevo,1066,19,0.0178,19,83013,1577253,43
2024-10-18,Norte,Tecnologia,Referido,Desktop,Nuevo,503,11,0.0219,16,185408,2039492,38
2025-08-09,Norte,Hogar,Referido,Desktop,Recurrente,424,10,0.0236,10,90760,907597,54
2025-09-30,Norte,Deportes,Email,Tablet,Nuevo,574,17,0.0296,17,53769,914080,31
2025-07-15,Centro,Hogar,Social,Desktop,Nuevo,550,11,0.02,15,89350,982851,35
2025-01-08,Norte,Deportes,Organico,Desktop,Recurrente,896,23,0.0257,25,77974,1793399,56
2024-02-22,Centro,Vestuario,Social,Desktop,Nuevo,935,21,0.0225,22,39331,825954,9
2025-05-09,Centro,Tecnologia,Pago,Mobile,Recurrente,1273,19,0.0149,19,187962,3571275,33
2024-01-06,Sur,Vestuario,Referido,Tablet,Nuevo,459,7,0.0153,7,48984,342884,46
2024-06-11,Norte,Hogar,Email,Desktop,Recurrente,693,16,0.0231,16,90296,1444742,62
2025-02-13,Sur,Tecnologia,Pago,Mobile,Nuevo,762,10,0.0131,12,178401,1784010,33
2025-09-23,Sur,Tecnologia,Referido,Tablet,Nuevo,342,10,0.0292,19,187536,1875357,22
2024-10-19,Centro,Tecnologia,Social,Tablet,Recurrente,361,12,0.0332,14,194923,2339076,54
2025-11-25,Centro,Deportes,Pago,Desktop,Nuevo,1290,13,0.0101,16,56887,739532,42
2025-10-03,Centro,Deportes,Referido,Tablet,Nuevo,494,18,0.0364,18,44491,800836,21
2025-08-22,Centro,Vestuario,Social,Desktop,Nuevo,794,18,0.0227,22,55276,994975,22
2024-11-08,Centro,Deportes,Pago,Tablet,Recurrente,968,23,0.0238,23,59668,1372358,45
2024-10-30,Norte,Deportes,Social,Mobile,Recurrente,658,14,0.0213,14,70278,983888,40
2024-05-09,Centro,Deportes,Referido,Tablet,Nuevo,612,12,0.0196,12,60563,726757,48
2024-04-14,Sur,Hogar,Pago,Mobile,Nuevo,1164,15,0.0129,17,81346,1220183,39
2024-06-23,Centro,Tecnologia,Referido,Desktop,Nuevo,301,3,0.01,4,154003,462008,50
2025-08-26,Norte,Electrodomesticos,Organico,Mobile,Nuevo,923,19,0.0206,21,175354,3331722,24
2025-06-03,Sur,Vestuario,Referido,Desktop,Recurrente,608,16,0.0263,21,44280,708477,39
2024-12-12,Norte,Electrodomesticos,Referido,Desktop,Recurrente,419,7,0.0167,11,147729,1034105,26
2024-03-28,Centro,Vestuario,Pago,Tablet,Recurrente,573,17,0.0297,26,39272,667625,33
2024-01-06,Centro,Hogar,Email,Desktop,Nuevo,426,10,0.0235,13,79739,797389,42
2024-01-25,Norte,Hogar,Social,Tablet,Nuevo,311,8,0.0257,10,100223,801786,28
2024-03-29,Centro,Vestuario,Social,Desktop,Recurrente,1658,37,0.0223,38,47812,1769048,20
2024-01-26,Norte,Hogar,Referido,Desktop,Recurrente,626,19,0.0304,26,110028,2090528,38
2024-07-07,Norte,Hogar,Referido,Tablet,Nuevo,168,2,0.0119,2,78845,157689,38
2024-07-02,Centro,Hogar,Referido,Tablet,Recurrente,460,6,0.013,6,92985,557910,53
2025-09-26,Norte,Vestuario,Organico,Mobile,Recurrente,777,14,0.018,16,61933,867067,33
2025-11-14,Sur,Vestuario,Email,Desktop,Nuevo,474,9,0.019,9,47386,426471,20
2024-01-11,Sur,Tecnologia,Pago,Tablet,Nuevo,699,14,0.02,14,198422,2777913,13
2024-11-15,Centro,Electrodomesticos,Pago,Desktop,Recurrente,1517,31,0.0204,44,156791,4860522,45
2024-12-25,Centro,Electrodomesticos,Referido,Desktop,Recurrente,385,10,0.026,12,161054,1610539,24
2024-05-06,Centro,Vestuario,Referido,Desktop,Nuevo,418,8,0.0191,8,42854,342830,37
2024-08-09,Centro,Hogar,Organico,Mobile,Recurrente,1492,20,0.0134,31,109150,2183001,62
2025-06-09,Centro,Electrodomesticos,Pago,Tablet,Recurrente,913,12,0.0131,12,163079,1956943,35
2025-05-21,Sur,Electrodomesticos,Pago,Desktop,Nuevo,747,8,0.0107,9,143931,1151448,36
2024-12-18,Norte,Vestuario,Email,Mobile,Nuevo,728,17,0.0234,17,54298,923063,34
2024-08-31,Centro,Electrodomesticos,Organico,Mobile,Nuevo,1194,18,0.0151,20,165571,2980269,42
2024-08-10,Centro,Tecnologia,Organico,Mobile,Recurrente,393,13,0.0331,15,188438,2449688,56
2025-08-26,Norte,Electrodomesticos,Pago,Desktop,Recurrente,791,11,0.0139,17,127121,1398334,39
2024-10-09,Sur,Hogar,Referido,Desktop,Nuevo,409,13,0.0318,13,93835,1219855,47
2024-03-28,Norte,Deportes,Email,Desktop,Nuevo,712,24,0.0337,25,56348,1352345,45
2025-05-01,Sur,Vestuario,Pago,Mobile,Nuevo,1082,26,0.024,26,40284,1047378,25
2025-04-08,Sur,Tecnologia,Referido,Mobile,Recurrente,572,14,0.0245,16,195211,2732950,36
2024-12-12,Norte,Deportes,Social,Desktop,Recurrente,955,19,0.0199,27,62531,1188089,39
2024-11-01,Centro,Hogar,Referido,Tablet,Nuevo,499,6,0.012,7,87427,524562,39
2024-11-02,Sur,Vestuario,Social,Tablet,Recurrente,564,13,0.023,13,57471,747121,22
2025-03-28,Sur,Electrodomesticos,Email,Mobile,Recurrente,832,11,0.0132,11,166126,1827383,40
2025-06-13,Norte,Vestuario,Referido,Tablet,Recurrente,382,13,0.034,15,52573,683447,47
2025-02-08,Sur,Hogar,Organico,Tablet,Recurrente,566,16,0.0283,16,102491,1639849,28
2025-01-27,Sur,Vestuario,Organico,Desktop,Recurrente,637,17,0.0267,21,41784,710323,32
2024-01-25,Centro,Hogar,Organico,Tablet,Recurrente,957,22,0.023,22,108812,2393870,36
2024-01-20,Centro,Tecnologia,Email,Tablet,Recurrente,313,10,0.0319,10,174458,1744575,36
2025-09-02,Norte,Hogar,Pago,Tablet,Recurrente,623,13,0.0209,18,103886,1350519,42
2024-12-29,Norte,Tecnologia,Referido,Mobile,Recurrente,591,18,0.0305,27,178322,3209794,58
2024-05-04,Sur,Deportes,Pago,Mobile,Nuevo,592,16,0.027,24,57708,923331,32
2025-04-19,Sur,Hogar,Social,Mobile,Recurrente,574,14,0.0244,16,100985,1413784,43
2025-09-03,Centro,Deportes,Referido,Mobile,Recurrente,638,11,0.0172,15,52384,576220,36
2024-08-03,Centro,Hogar,Email,Mobile,Nuevo,803,13,0.0162,19,109264,1420426,24
2025-09-12,Centro,Deportes,Email,Desktop,Recurrente,896,23,0.0257,31,66272,1524256,39
2025-09-11,Centro,Deportes,Email,Desktop,Recurrente,923,23,0.0249,24,68747,1581184,34
2024-08-15,Norte,Hogar,Social,Desktop,Nuevo,757,24,0.0317,31,73651,1767617,47
2025-10-17,Sur,Tecnologia,Social,Mobile,Nuevo,321,6,0.0187,6,181805,1090827,19
2025-07-18,Sur,Electrodomesticos,Email,Desktop,Nuevo,786,20,0.0254,20,118486,2369726,45
2025-09-21,Centro,Vestuario,Social,Tablet,Nuevo,900,16,0.0178,18,50617,809875,8
2025-04-04,Norte,Electrodomesticos,Email,Tablet,Nuevo,495,7,0.0141,10,156017,1092117,37
2025-08-29,Centro,Deportes,Email,Desktop,Recurrente,907,30,0.0331,31,62323,1869686,65
2025-11-16,Centro,Deportes,Social,Tablet,Recurrente,731,13,0.0178,13,61701,802117,47
2025-02-18,Sur,Deportes,Organico,Mobile,Recurrente,517,10,0.0193,11,63237,632368,36
2025-02-09,Centro,Electrodomesticos,Pago,Mobile,Recurrente,1404,33,0.0235,39,163525,5396329,45
2025-05-03,Sur,Electrodomesticos,Social,Mobile,Nuevo,1125,15,0.0133,15,149040,2235596,18
2024-01-09,Sur,Electrodomesticos,Referido,Desktop,Recurrente,545,10,0.0183,10,175358,1753578,29
2025-02-12,Centro,Vestuario,Pago,Mobile,Nuevo,1691,27,0.016,36,45456,1227308,43
2024-12-15,Norte,Vestuario,Social,Tablet,Recurrente,490,10,0.0204,11,46114,461142,55
2025-04-15,Norte,Hogar,Referido,Tablet,Recurrente,391,13,0.0332,13,100800,1310397,43
2024-11-24,Centro,Vestuario,Email,Mobile,Recurrente,651,23,0.0353,29,56746,1305153,17
2024-03-30,Norte,Electrodomesticos,Pago,Desktop,Recurrente,777,17,0.0219,17,178693,3037787,48
2024-02-25,Sur,Tecnologia,Organico,Desktop,Nuevo,912,12,0.0132,21,192517,2310205,40
2025-04-06,Sur,Electrodomesticos,Pago,Mobile,Nuevo,551,5,0.0091,7,178227,891133,16
2025-01-29,Norte,Deportes,Referido,Desktop,Nuevo,415,2,0.0048,3,65281,130562,57
2025-01-12,Centro,Vestuario,Email,Mobile,Recurrente,528,16,0.0303,22,58290,932632,41
2024-10-28,Centro,Electrodomesticos,Organico,Tablet,Nuevo,949,15,0.0158,27,147082,2206224,42
2025-06-17,Sur,Deportes,Email,Tablet,Nuevo,489,7,0.0143,10,63787,446506,48
2025-10-19,Sur,Tecnologia,Organico,Desktop,Nuevo,661,12,0.0182,12,164154,1969848,44
2025-07-11,Sur,Tecnologia,Organico,Desktop,Recurrente,652,12,0.0184,13,162447,1949367,41
2024-12-10,Sur,Tecnologia,Pago,Mobile,Nuevo,1517,24,0.0158,24,182551,4381219,32
2025-05-26,Centro,Tecnologia,Social,Desktop,Nuevo,896,14,0.0156,17,177015,2478209,44
2024-02-21,Norte,Electrodomesticos,Referido,Desktop,Nuevo,404,6,0.0149,6,152831,916983,36
2024-11-10,Norte,Vestuario,Pago,Desktop,Recurrente,712,17,0.0239,18,52624,894607,41
2025-04-06,Sur,Deportes,Social,Desktop,Nuevo,938,15,0.016,21,65082,976232,29
2025-11-08,Norte,Vestuario,Social,Mobile,Nuevo,746,13,0.0174,15,43367,563777,17
2025-05-27,Sur,Hogar,Email,Mobile,Nuevo,647,15,0.0232,17,86763,1301444,44
2024-03-28,Norte,Tecnologia,Email,Tablet,Recurrente,186,5,0.0269,5,147492,737458,39
2025-11-03,Centro,Vestuario,Referido,Desktop,Recurrente,429,15,0.035,21,51844,777665,14
2024-07-31,Sur,Deportes,Organico,Tablet,Nuevo,602,11,0.0183,11,58800,646803,34
2024-08-02,Centro,Electrodomesticos,Email,Mobile,Recurrente,606,10,0.0165,12,179787,1797868,51
2024-01-06,Centro,Hogar,Organico,Tablet,Nuevo,771,8,0.0104,11,98761,790091,45
2025-04-11,Sur,Deportes,Email,Tablet,Recurrente,313,6,0.0192,6,68733,412400,57
2025-06-04,Centro,Tecnologia,Referido,Tablet,Recurrente,362,12,0.0331,14,201977,2423729,39
2024-11-26,Norte,Electrodomesticos,Social,Desktop,Nuevo,578,16,0.0277,16,144485,2311753,15
2025-05-23,Centro,Hogar,Social,Tablet,Nuevo,728,14,0.0192,14,101331,1418640,33
2024-04-10,Norte,Hogar,Organico,Desktop,Nuevo,779,22,0.0282,25,71090,1563981,44
2024-02-07,Sur,Hogar,Email,Desktop,Recurrente,719,30,0.0417,30,102194,3065830,56
2025-09-10,Norte,Tecnologia,Referido,Tablet,Recurrente,364,10,0.0275,11,196008,1960082,43
2025-12-22,Sur,Electrodomesticos,Pago,Mobile,Recurrente,278,6,0.0216,7,180272,1081634,45
2024-08-25,Sur,Tecnologia,Organico,Mobile,Nuevo,122,1,0.0082,1,222396,222396,37
2025-07-31,Norte,Vestuario,Email,Mobile,Nuevo,439,15,0.0342,18,44891,673363,38
2025-09-27,Sur,Electrodomesticos,Referido,Desktop,Recurrente,421,10,0.0238,13,181897,1818969,41
2024-03-05,Centro,Tecnologia,Pago,Desktop,Recurrente,1293,35,0.0271,42,182914,6402002,35
2025-11-26,Sur,Hogar,Email,Mobile,Recurrente,870,21,0.0241,31,95454,2004533,49
2025-01-17,Norte,Hogar,Social,Tablet,Nuevo,555,13,0.0234,13,97537,1267975,47
2024-08-20,Centro,Vestuario,Organico,Mobile,Nuevo,1825,40,0.0219,40,41172,1646893,34
2025-01-06,Norte,Hogar,Pago,Desktop,Recurrente,679,27,0.0398,27,99743,2693062,39
2024-10-25,Norte,Deportes,Referido,Mobile,Nuevo,484,9,0.0186,9,55099,495890,61
2024-08-23,Sur,Deportes,Pago,Mobile,Recurrente,942,14,0.0149,14,57321,802497,32
2025-09-28,Sur,Electrodomesticos,Pago,Mobile,Recurrente,1051,21,0.02,29,161169,3384555,40
2024-06-26,Sur,Vestuario,Email,Mobile,Recurrente,934,22,0.0236,29,36235,797175,41
2025-06-25,Sur,Hogar,Organico,Tablet,Recurrente,370,9,0.0243,9,102887,925978,16
2024-10-28,Centro,Hogar,Organico,Mobile,Nuevo,1309,24,0.0183,26,83841,2012193,36
2024-05-21,Norte,Electrodomesticos,Pago,Tablet,Recurrente,449,5,0.0111,6,162216,811082,39
2025-08-12,Norte,Tecnologia,Email,Desktop,Nuevo,655,20,0.0305,29,185120,3702407,41
2024-03-22,Centro,Hogar,Referido,Tablet,Nuevo,200,4,0.02,4,106302,425207,33
2024-10-26,Centro,Electrodomesticos,Referido,Desktop,Recurrente,368,9,0.0245,12,166719,1500469,43
2025-05-01,Norte,Hogar,Social,Tablet,Nuevo,513,14,0.0273,19,85489,1196844,49
2024-12-10,Sur,Deportes,Social,Tablet,Recurrente,539,8,0.0148,8,68062,544495,29
2025-01-15,Sur,Hogar,Social,Tablet,Nuevo,580,9,0.0155,9,84492,760425,34
2024-03-05,Centro,Deportes,Pago,Desktop,Recurrente,725,11,0.0152,12,60062,660679,41
2024-08-13,Norte,Tecnologia,Pago,Desktop,Nuevo,553,13,0.0235,15,181130,2354688,53
2025-12-18,Centro,Vestuario,Organico,Desktop,Nuevo,675,22,0.0326,22,38173,839811,30
2025-01-06,Norte,Deportes,Email,Tablet,Recurrente,239,6,0.0251,7,78452,470710,47
2024-03-09,Centro,Hogar,Social,Desktop,Nuevo,1019,15,0.0147,15,84141,1262111,37
2025-06-01,Norte,Electrodomesticos,Pago,Desktop,Recurrente,710,12,0.0169,12,186537,2238440,42
2025-05-28,Centro,Tecnologia,Email,Desktop,Nuevo,699,14,0.02,17,172823,2419525,22
2024-03-27,Norte,Electrodomesticos,Social,Desktop,Nuevo,254,4,0.0157,6,178601,714402,37
2025-09-08,Sur,Deportes,Organico,Mobile,Nuevo,1119,23,0.0206,26,59520,1368958,31
2024-01-10,Centro,Electrodomesticos,Social,Mobile,Recurrente,836,15,0.0179,15,154590,2318843,38
2024-10-12,Sur,Tecnologia,Pago,Mobile,Nuevo,1140,26,0.0228,32,208777,5428197,31
2025-11-21,Norte,Deportes,Pago,Tablet,Nuevo,984,25,0.0254,25,64625,1615635,32
2024-12-07,Norte,Vestuario,Organico,Mobile,Nuevo,1061,28,0.0264,32,46659,1306461,41
2025-05-07,Centro,Hogar,Social,Tablet,Recurrente,508,11,0.0217,15,86713,953839,59
2024-04-03,Norte,Tecnologia,Social,Desktop,Recurrente,504,15,0.0298,18,174681,2620209,53
2024-06-06,Sur,Hogar,Organico,Tablet,Recurrente,560,9,0.0161,15,75137,676237,49
2024-05-25,Norte,Vestuario,Referido,Tablet,Recurrente,158,6,0.038,7,49191,295147,31
2024-06-24,Norte,Electrodomesticos,Organico,Tablet,Recurrente,538,6,0.0112,9,218520,1311121,31
2025-06-02,Centro,Deportes,Pago,Tablet,Nuevo,500,6,0.012,6,63171,379026,29
2024-03-02,Sur,Tecnologia,Organico,Desktop,Nuevo,665,17,0.0256,18,156015,2652251,23
2025-10-11,Norte,Tecnologia,Organico,Mobile,Recurrente,743,14,0.0188,14,206295,2888126,28
2024-02-12,Norte,Deportes,Pago,Desktop,Recurrente,836,21,0.0251,24,70284,1475956,50
2024-05-13,Norte,Hogar,Pago,Desktop,Recurrente,386,12,0.0311,13,90760,1089118,43
2024-09-13,Norte,Deportes,Email,Mobile,Recurrente,304,3,0.0099,3,57335,172005,53
2025-03-17,Norte,Deportes,Referido,Mobile,Recurrente,478,13,0.0272,13,61158,795060,50
2024-04-28,Centro,Deportes,Organico,Mobile,Recurrente,943,17,0.018,17,66481,1130171,53
2025-03-06,Norte,Hogar,Referido,Tablet,Nuevo,405,6,0.0148,7,100581,603483,37
2025-08-03,Sur,Electrodomesticos,Organico,Tablet,Nuevo,693,10,0.0144,12,153248,1532483,28
2024-07-28,Centro,Hogar,Email,Desktop,Recurrente,742,19,0.0256,32,87950,1671051,34
2025-05-29,Sur,Vestuario,Pago,Mobile,Recurrente,1105,33,0.0299,33,42256,1394457,35
2025-11-04,Sur,Hogar,Email,Mobile,Recurrente,530,11,0.0208,18,120035,1320384,66
2024-04-17,Sur,Tecnologia,Referido,Mobile,Recurrente,496,11,0.0222,15,197971,2177680,28
2024-09-22,Centro,Tecnologia,Email,Desktop,Nuevo,707,26,0.0368,26,199859,5196321,26
2024-09-02,Sur,Hogar,Social,Desktop,Nuevo,519,7,0.0135,8,110154,771076,49
2025-12-15,Centro,Vestuario,Pago,Tablet,Recurrente,1021,11,0.0108,18,59398,653379,28
2024-08-27,Centro,Tecnologia,Pago,Tablet,Recurrente,762,22,0.0289,22,159004,3498090,21
2024-12-02,Sur,Tecnologia,Pago,Tablet,Recurrente,1045,30,0.0287,56,193009,5790277,43
2025-11-05,Norte,Electrodomesticos,Social,Desktop,Nuevo,629,12,0.0191,14,163138,1957655,25
2024-01-29,Sur,Tecnologia,Email,Mobile,Nuevo,629,15,0.0238,21,167321,2509819,54
2025-10-26,Centro,Tecnologia,Pago,Desktop,Nuevo,1136,23,0.0202,28,166370,3826504,22
2024-06-25,Norte,Electrodomesticos,Email,Mobile,Recurrente,566,10,0.0177,16,169269,1692685,45
2024-10-12,Centro,Hogar,Social,Tablet,Recurrente,976,23,0.0236,29,75191,1729389,45
2024-05-23,Sur,Electrodomesticos,Referido,Tablet,Nuevo,616,15,0.0244,15,162392,2435878,37
2024-09-16,Norte,Hogar,Email,Tablet,Nuevo,344,6,0.0174,6,100635,603811,49
2024-11-20,Sur,Vestuario,Referido,Mobile,Recurrente,497,10,0.0201,11,48178,481782,38
2024-11-10,Centro,Tecnologia,Social,Desktop,Recurrente,732,19,0.026,20,169575,3221921,45
2024-08-03,Centro,Tecnologia,Organico,Mobile,Nuevo,1399,36,0.0257,36,207088,7455167,38
2024-12-06,Sur,Tecnologia,Organico,Tablet,Nuevo,942,16,0.017,23,218302,3492837,36
2025-02-22,Centro,Tecnologia,Pago,Tablet,Nuevo,1064,20,0.0188,20,123480,2469599,23
2024-05-12,Sur,Hogar,Referido,Desktop,Nuevo,228,6,0.0263,6,86008,516050,46
2025-07-21,Norte,Hogar,Email,Desktop,Nuevo,485,7,0.0144,7,84416,590911,21
2024-12-06,Norte,Vestuario,Pago,Desktop,Nuevo,1128,30,0.0266,39,45490,1364706,29
2024-05-20,Centro,Deportes,Referido,Tablet,Nuevo,496,7,0.0141,11,65356,457492,25
2024-05-23,Sur,Hogar,Pago,Tablet,Nuevo,644,6,0.0093,6,89670,538018,37
2024-08-27,Centro,Tecnologia,Email,Tablet,Recurrente,401,10,0.0249,17,206503,2065026,37
2025-11-21,Centro,Hogar,Social,Desktop,Recurrente,1062,26,0.0245,26,84779,2204249,29
2025-12-01,Norte,Hogar,Referido,Tablet,Recurrente,599,17,0.0284,22,100646,1710974,61
2024-02-19,Norte,Hogar,Organico,Mobile,Nuevo,881,13,0.0148,13,79854,1038107,50
2025-11-12,Centro,Electrodomesticos,Referido,Tablet,Nuevo,635,11,0.0173,14,153568,1689246,39
2024-11-28,Norte,Electrodomesticos,Organico,Tablet,Nuevo,678,6,0.0088,6,153731,922383,29
2025-07-28,Centro,Electrodomesticos,Email,Tablet,Recurrente,721,17,0.0236,21,183388,3117591,50
2024-11-10,Centro,Vestuario,Pago,Tablet,Nuevo,868,16,0.0184,16,43789,700619,30
2024-07-21,Centro,Tecnologia,Email,Mobile,Nuevo,583,5,0.0086,8,169668,848338,35
2025-10-29,Norte,Deportes,Organico,Tablet,Recurrente,473,12,0.0254,13,78971,947656,33
2025-10-07,Norte,Tecnologia,Organico,Mobile,Nuevo,713,11,0.0154,19,176723,1943957,34
2025-01-18,Centro,Tecnologia,Pago,Tablet,Nuevo,762,15,0.0197,15,165528,2482920,33
2024-12-03,Norte,Hogar,Email,Mobile,Nuevo,1212,19,0.0157,32,86510,1643697,34
2024-02-09,Norte,Hogar,Referido,Tablet,Recurrente,311,12,0.0386,14,95056,1140675,54
2024-09-29,Norte,Deportes,Email,Tablet,Recurrente,166,4,0.0241,6,53909,215636,47
2024-09-27,Sur,Tecnologia,Social,Mobile,Nuevo,675,12,0.0178,13,198030,2376364,48
2025-07-14,Sur,Electrodomesticos,Referido,Tablet,Recurrente,366,8,0.0219,8,157250,1258000,51
2024-02-15,Centro,Electrodomesticos,Email,Desktop,Recurrente,683,8,0.0117,8,162849,1302793,36
2025-06-11,Centro,Electrodomesticos,Email,Tablet,Nuevo,407,11,0.027,14,142137,1563505,36
2025-05-29,Centro,Deportes,Pago,Desktop,Nuevo,1590,20,0.0126,20,54808,1096160,35
2024-09-06,Sur,Tecnologia,Social,Tablet,Recurrente,547,13,0.0238,13,196394,2553120,29
2025-01-25,Centro,Electrodomesticos,Pago,Mobile,Nuevo,1077,19,0.0176,21,132092,2509740,21
2025-03-06,Sur,Deportes,Pago,Tablet,Nuevo,901,18,0.02,18,62317,1121701,37
2025-05-07,Centro,Electrodomesticos,Referido,Desktop,Nuevo,567,8,0.0141,9,166028,1328221,40
2024-11-04,Centro,Tecnologia,Email,Desktop,Nuevo,681,18,0.0264,23,196028,3528505,27
2025-09-01,Centro,Hogar,Email,Mobile,Nuevo,988,17,0.0172,28,63000,1070999,29
2024-06-22,Norte,Tecnologia,Referido,Mobile,Nuevo,412,4,0.0097,9,177621,710483,42
2025-05-28,Norte,Vestuario,Referido,Tablet,Nuevo,330,13,0.0394,15,39786,517217,16
2025-04-05,Norte,Hogar,Organico,Desktop,Recurrente,454,11,0.0242,16,101995,1121941,46
2024-06-15,Centro,Vestuario,Pago,Mobile,Recurrente,1280,24,0.0187,24,44842,1076204,34
2024-11-29,Norte,Electrodomesticos,Organico,Desktop,Recurrente,629,18,0.0286,18,145023,2610421,30
2024-04-07,Norte,Tecnologia,Referido,Mobile,Recurrente,309,4,0.0129,4,180809,723236,52
2024-07-05,Norte,Vestuario,Email,Mobile,Nuevo,413,8,0.0194,8,49052,392416,19
2024-07-28,Sur,Vestuario,Email,Mobile,Recurrente,818,14,0.0171,18,42314,592391,24
2025-07-01,Centro,Vestuario,Referido,Tablet,Recurrente,451,10,0.0222,11,52373,523728,32
2024-08-19,Centro,Hogar,Pago,Tablet,Recurrente,751,19,0.0253,22,88161,1675064,44
2025-04-02,Centro,Hogar,Referido,Mobile,Nuevo,617,12,0.0194,14,87096,1045153,27
2025-10-11,Sur,Electrodomesticos,Referido,Mobile,Nuevo,445,7,0.0157,15,138796,971571,45
2024-05-07,Sur,Deportes,Social,Desktop,Nuevo,689,15,0.0218,15,58941,884112,30
2025-01-20,Sur,Deportes,Social,Mobile,Nuevo,1019,13,0.0128,16,65156,847022,29
2025-12-30,Sur,Tecnologia,Email,Mobile,Nuevo,944,27,0.0286,34,230758,6230478,41
2025-04-21,Centro,Tecnologia,Social,Tablet,Recurrente,806,21,0.0261,32,213965,4493261,42
2025-02-21,Norte,Hogar,Organico,Tablet,Recurrente,535,11,0.0206,12,101841,1120246,34
2025-06-27,Centro,Vestuario,Pago,Tablet,Nuevo,530,4,0.0075,5,47803,191211,15
2025-12-28,Centro,Hogar,Organico,Desktop,Recurrente,1151,21,0.0182,21,99597,2091539,30
2025-04-29,Centro,Tecnologia,Social,Mobile,Recurrente,1053,29,0.0275,42,188455,5465187,42
2024-07-26,Norte,Hogar,Pago,Mobile,Recurrente,744,17,0.0228,17,92954,1580219,45
2024-11-05,Centro,Deportes,Referido,Desktop,Recurrente,535,9,0.0168,9,64027,576245,58
2024-02-06,Centro,Vestuario,Referido,Mobile,Nuevo,1077,21,0.0195,28,47922,1006363,7
2025-03-28,Centro,Deportes,Social,Desktop,Nuevo,716,10,0.014,10,56568,565683,29
2024-03-01,Sur,Electrodomesticos,Email,Desktop,Recurrente,610,11,0.018,16,148293,1631224,26
2024-05-14,Centro,Electrodomesticos,Email,Desktop,Nuevo,372,9,0.0242,10,139766,1257890,26
2025-09-13,Sur,Hogar,Referido,Tablet,Nuevo,228,1,0.0044,1,81327,81326,39
2025-06-10,Norte,Deportes,Email,Desktop,Recurrente,573,22,0.0384,25,58666,1290647,36
2024-10-05,Centro,Deportes,Organico,Desktop,Nuevo,877,13,0.0148,13,59126,768632,27
2024-05-31,Norte,Tecnologia,Referido,Mobile,Recurrente,444,6,0.0135,6,199150,1194898,43
2024-04-07,Centro,Tecnologia,Pago,Tablet,Recurrente,836,23,0.0275,24,219632,5051535,59
2025-10-30,Sur,Tecnologia,Email,Tablet,Recurrente,480,11,0.0229,16,191071,2101786,45
2024-02-21,Norte,Hogar,Referido,Tablet,Recurrente,531,6,0.0113,7,104243,625455,36
2024-07-27,Norte,Deportes,Email,Mobile,Nuevo,190,3,0.0158,3,61430,184291,35
2025-06-30,Norte,Hogar,Pago,Tablet,Nuevo,518,9,0.0174,11,98032,882286,29
2024-08-31,Sur,Hogar,Pago,Mobile,Nuevo,675,7,0.0104,15,70924,496468,45
2025-03-03,Norte,Hogar,Social,Tablet,Nuevo,372,5,0.0134,6,80924,404618,41
2024-09-02,Centro,Vestuario,Social,Desktop,Nuevo,1411,32,0.0227,42,55336,1770748,28
2024-06-22,Centro,Tecnologia,Email,Mobile,Recurrente,931,30,0.0322,32,200283,6008480,28
2024-01-05,Norte,Vestuario,Organico,Desktop,Recurrente,597,12,0.0201,13,39628,475535,39
2024-07-23,Sur,Vestuario,Social,Tablet,Recurrente,654,25,0.0382,25,50147,1253676,12
2025-08-29,Centro,Electrodomesticos,Organico,Desktop,Nuevo,844,13,0.0154,23,152982,1988763,54
2024-07-04,Norte,Electrodomesticos,Pago,Desktop,Recurrente,1066,13,0.0122,15,182210,2368725,23
2025-02-02,Norte,Electrodomesticos,Pago,Mobile,Nuevo,1171,14,0.012,14,127599,1786390,49
2025-06-06,Centro,Deportes,Referido,Desktop,Recurrente,346,6,0.0173,8,58100,348602,38
2024-11-24,Norte,Vestuario,Organico,Mobile,Recurrente,1482,42,0.0283,43,61592,2586854,46
2025-01-11,Sur,Vestuario,Email,Mobile,Nuevo,615,12,0.0195,17,48490,581874,15
2024-07-03,Sur,Vestuario,Social,Mobile,Nuevo,813,14,0.0172,18,50546,707641,33
2025-03-27,Norte,Hogar,Pago,Mobile,Nuevo,425,4,0.0094,7,79902,319609,52
2024-02-04,Sur,Deportes,Email,Desktop,Nuevo,595,13,0.0218,22,62384,810987,45
2025-03-06,Sur,Vestuario,Pago,Tablet,Nuevo,515,17,0.033,24,45910,780476,51
2025-01-30,Norte,Hogar,Referido,Tablet,Nuevo,231,4,0.0173,8,96996,387985,41
2024-08-31,Sur,Deportes,Email,Mobile,Recurrente,665,24,0.0361,24,65630,1575111,40
2024-09-08,Sur,Vestuario,Social,Desktop,Nuevo,391,7,0.0179,9,39281,274965,16
2025-05-10,Sur,Vestuario,Pago,Tablet,Nuevo,611,12,0.0196,15,41915,502976,31
2025-09-19,Centro,Hogar,Referido,Mobile,Nuevo,617,18,0.0292,29,83668,1506023,39
2025-08-07,Centro,Vestuario,Email,Desktop,Recurrente,913,24,0.0263,24,51021,1224504,40
2025-12-09,Centro,Deportes,Referido,Tablet,Recurrente,488,11,0.0225,11,70111,771223,46
2024-09-14,Centro,Electrodomesticos,Pago,Desktop,Recurrente,1052,20,0.019,20,198837,3976745,38
2025-01-20,Centro,Hogar,Email,Tablet,Nuevo,803,11,0.0137,12,71827,790095,31
2024-09-23,Norte,Hogar,Referido,Desktop,Recurrente,468,7,0.015,7,94341,660389,35
2024-08-12,Norte,Deportes,Referido,Desktop,Nuevo,510,5,0.0098,6,53961,269807,34
2025-03-16,Centro,Vestuario,Email,Desktop,Nuevo,1026,20,0.0195,20,43453,869057,28
2025-11-27,Centro,Deportes,Referido,Tablet,Nuevo,531,10,0.0188,12,62157,621571,35
2024-10-29,Centro,Tecnologia,Social,Tablet,Nuevo,660,11,0.0167,11,188803,2076837,26
2024-09-22,Centro,Tecnologia,Pago,Mobile,Nuevo,1580,27,0.0171,29,182362,4923783,29
2025-01-30,Sur,Deportes,Referido,Tablet,Nuevo,394,2,0.0051,3,55092,110184,24
2025-01-20,Norte,Vestuario,Organico,Tablet,Nuevo,578,15,0.026,15,44911,673664,21
2025-11-14,Centro,Electrodomesticos,Social,Desktop,Recurrente,1273,28,0.022,37,136185,3813169,38
2024-04-14,Centro,Tecnologia,Email,Tablet,Recurrente,378,13,0.0344,13,201346,2617496,33
2025-10-12,Norte,Tecnologia,Organico,Tablet,Nuevo,365,10,0.0274,14,194740,1947403,39
2024-07-08,Centro,Electrodomesticos,Email,Desktop,Recurrente,503,11,0.0219,11,186380,2050179,16
2025-11-16,Centro,Deportes,Referido,Tablet,Nuevo,346,9,0.026,9,66927,602339,41
2025-10-01,Centro,Hogar,Organico,Mobile,Nuevo,1168,14,0.012,14,89817,1257436,59
2025-07-09,Centro,Hogar,Email,Desktop,Nuevo,852,18,0.0211,23,100208,1803745,37
2024-11-12,Sur,Hogar,Organico,Tablet,Recurrente,682,15,0.022,24,96017,1440260,57
2024-07-21,Norte,Electrodomesticos,Organico,Desktop,Nuevo,759,13,0.0171,13,164881,2143457,31
2024-12-08,Centro,Hogar,Social,Tablet,Recurrente,926,16,0.0173,27,78965,1263437,48
2025-08-31,Centro,Hogar,Email,Desktop,Nuevo,503,16,0.0318,21,121500,1944000,33
2024-04-02,Centro,Tecnologia,Referido,Tablet,Nuevo,577,11,0.0191,11,205135,2256487,46
2025-03-28,Norte,Hogar,Pago,Mobile,Nuevo,1130,20,0.0177,21,81159,1623186,50
2024-03-27,Sur,Hogar,Referido,Mobile,Recurrente,603,7,0.0116,7,96547,675828,33
2025-12-20,Norte,Hogar,Pago,Mobile,Nuevo,610,8,0.0131,8,92636,741088,54
2025-05-04,Norte,Electrodomesticos,Pago,Tablet,Recurrente,541,12,0.0222,12,152925,1835099,41
2024-06-24,Sur,Deportes,Referido,Mobile,Recurrente,516,9,0.0174,15,68630,617671,47
2024-04-03,Norte,Deportes,Social,Tablet,Recurrente,569,7,0.0123,7,67297,471079,44
2025-08-18,Norte,Vestuario,Email,Mobile,Recurrente,591,16,0.0271,20,45537,728595,31
2025-07-19,Norte,Hogar,Email,Desktop,Nuevo,240,4,0.0167,4,74183,296733,58
2025-12-02,Centro,Tecnologia,Organico,Desktop,Nuevo,1577,51,0.0323,51,186772,9525351,46
2024-02-06,Sur,Vestuario,Referido,Mobile,Nuevo,774,24,0.031,24,58194,1396660,44
2024-04-20,Sur,Hogar,Email,Tablet,Nuevo,174,1,0.0057,1,102100,102099,40
2025-10-22,Norte,Electrodomesticos,Social,Mobile,Nuevo,545,4,0.0073,9,170816,683264,29
2024-11-14,Norte,Tecnologia,Referido,Desktop,Recurrente,650,18,0.0277,27,170060,3061086,32
2025-07-25,Norte,Vestuario,Pago,Mobile,Nuevo,809,19,0.0235,23,48896,929031,32
2025-06-02,Norte,Tecnologia,Pago,Mobile,Nuevo,1051,10,0.0095,12,185445,1854447,42
2024-09-03,Centro,Vestuario,Social,Desktop,Nuevo,832,10,0.012,11,52776,527764,19
2025-03-15,Norte,Electrodomesticos,Email,Desktop,Recurrente,616,23,0.0373,32,117332,2698633,35
2024-09-28,Norte,Tecnologia,Social,Desktop,Recurrente,151,3,0.0199,3,224215,672645,50
2025-12-03,Sur,Tecnologia,Social,Mobile,Recurrente,1356,35,0.0258,37,186305,6520675,53
2024-07-12,Sur,Hogar,Referido,Tablet,Recurrente,309,8,0.0259,12,90285,722282,52
2025-01-25,Sur,Hogar,Social,Desktop,Recurrente,585,13,0.0222,20,85051,1105662,44
2025-03-03,Norte,Deportes,Referido,Desktop,Recurrente,257,2,0.0078,2,63049,126097,38
2025-04-11,Centro,Hogar,Referido,Mobile,Recurrente,538,7,0.013,11,98165,687155,61
2025-05-08,Sur,Tecnologia,Referido,Desktop,Recurrente,315,6,0.019,8,196039,1176234,50
2024-01-15,Norte,Hogar,Pago,Desktop,Recurrente,445,6,0.0135,6,100363,602176,51
2025-11-01,Centro,Tecnologia,Organico,Desktop,Nuevo,1418,29,0.0205,39,149164,4325758,29
2024-12-22,Norte,Hogar,Referido,Mobile,Nuevo,624,3,0.0048,3,90030,270089,32
2024-07-17,Sur,Vestuario,Organico,Mobile,Recurrente,1284,34,0.0265,46,48612,1652823,19
2025-01-12,Sur,Deportes,Pago,Tablet,Nuevo,735,16,0.0218,22,54929,878869,31
2025-09-26,Centro,Vestuario,Social,Mobile,Nuevo,1164,25,0.0215,25,38515,962877,28
2024-12-31,Sur,Electrodomesticos,Referido,Mobile,Recurrente,855,23,0.0269,25,149345,3434946,40
2024-02-18,Norte,Tecnologia,Organico,Tablet,Nuevo,299,1,0.0033,1,183971,183970,8
2025-04-06,Centro,Electrodomesticos,Organico,Tablet,Recurrente,459,10,0.0218,11,162864,1628639,46
2024-10-05,Centro,Deportes,Organico,Mobile,Recurrente,762,17,0.0223,23,58807,999718,49
2025-08-10,Sur,Vestuario,Referido,Tablet,Nuevo,339,4,0.0118,4,44734,178934,41
2025-09-20,Norte,Hogar,Social,Mobile,Nuevo,413,9,0.0218,12,81591,734316,29
2024-11-26,Sur,Deportes,Referido,Mobile,Recurrente,520,11,0.0212,15,55270,607971,45
2025-09-24,Sur,Deportes,Email,Desktop,Recurrente,386,6,0.0155,6,59565,357390,47
2024-12-24,Sur,Deportes,Pago,Tablet,Recurrente,726,16,0.022,22,66692,1067071,53
2025-11-11,Centro,Electrodomesticos,Referido,Mobile,Nuevo,754,14,0.0186,15,163197,2284751,40
2025-10-26,Sur,Tecnologia,Email,Desktop,Recurrente,782,25,0.032,32,192281,4807018,36
2024-04-29,Norte,Tecnologia,Social,Tablet,Nuevo,163,2,0.0123,2,156226,312451,37
2025-07-10,Norte,Vestuario,Referido,Desktop,Nuevo,192,6,0.0312,6,52187,313123,34
2024-09-26,Sur,Hogar,Social,Desktop,Recurrente,313,5,0.016,6,98469,492344,37
2024-02-05,Norte,Hogar,Pago,Desktop,Recurrente,716,12,0.0168,12,91373,1096475,24
2024-12-07,Norte,Tecnologia,Pago,Tablet,Recurrente,533,9,0.0169,9,187186,1684677,26
2024-09-16,Norte,Vestuario,Pago,Desktop,Recurrente,1339,34,0.0254,34,44744,1521280,34
2025-01-23,Centro,Deportes,Pago,Desktop,Recurrente,683,21,0.0307,21,67229,1411816,40
2024-07-31,Centro,Tecnologia,Social,Desktop,Recurrente,889,15,0.0169,18,162640,2439599,35
2024-02-05,Centro,Electrodomesticos,Pago,Tablet,Recurrente,1220,18,0.0148,18,163645,2945612,30
2025-12-30,Sur,Deportes,Pago,Mobile,Nuevo,1648,33,0.02,33,48840,1611722,46
2025-09-06,Sur,Hogar,Email,Tablet,Recurrente,375,12,0.032,24,107115,1285377,47
2025-12-22,Centro,Tecnologia,Email,Tablet,Nuevo,476,8,0.0168,8,212533,1700261,31
2024-01-05,Centro,Hogar,Referido,Desktop,Nuevo,286,8,0.028,11,71630,573038,33
2024-08-05,Sur,Electrodomesticos,Social,Tablet,Recurrente,577,3,0.0052,3,128989,386966,27
2024-06-24,Norte,Deportes,Organico,Desktop,Recurrente,511,10,0.0196,11,55161,551612,54
2025-08-20,Norte,Tecnologia,Social,Mobile,Nuevo,502,7,0.0139,7,165968,1161778,16
2024-05-19,Centro,Electrodomesticos,Pago,Mobile,Recurrente,1752,43,0.0245,51,176513,7590048,31
2025-07-28,Centro,Tecnologia,Referido,Tablet,Recurrente,198,11,0.0556,12,198094,2179031,35
2024-04-26,Norte,Hogar,Social,Tablet,Recurrente,296,8,0.027,8,88812,710497,45
2025-08-08,Sur,Electrodomesticos,Organico,Tablet,Nuevo,394,4,0.0102,5,152964,611856,32
2025-06-22,Centro,Electrodomesticos,Email,Tablet,Recurrente,613,13,0.0212,13,172106,2237375,33
2024-08-22,Sur,Vestuario,Pago,Tablet,Recurrente,626,22,0.0351,24,51564,1134410,48
2025-02-14,Sur,Deportes,Pago,Tablet,Recurrente,533,8,0.015,8,44453,355622,44
2025-05-05,Centro,Tecnologia,Organico,Tablet,Nuevo,832,20,0.024,23,205163,4103262,39
2025-08-13,Sur,Vestuario,Social,Tablet,Recurrente,576,15,0.026,16,44310,664645,29
2024-04-24,Sur,Tecnologia,Social,Desktop,Recurrente,634,18,0.0284,20,193379,3480822,62
2025-01-27,Norte,Electrodomesticos,Referido,Mobile,Recurrente,731,9,0.0123,9,141808,1276273,45
2025-02-06,Norte,Tecnologia,Pago,Tablet,Recurrente,473,9,0.019,9,187830,1690467,44
2024-05-12,Centro,Tecnologia,Email,Desktop,Recurrente,469,9,0.0192,11,191417,1722757,31
2024-01-13,Centro,Deportes,Pago,Tablet,Nuevo,692,12,0.0173,12,64424,773083,47
2025-10-18,Sur,Electrodomesticos,Pago,Tablet,Recurrente,552,12,0.0217,18,167361,2008335,34
2024-04-19,Sur,Deportes,Pago,Tablet,Nuevo,470,9,0.0191,10,51451,463061,40
2025-03-24,Centro,Vestuario,Pago,Tablet,Recurrente,732,19,0.026,20,55165,1048127,24
2024-11-26,Centro,Electrodomesticos,Referido,Mobile,Nuevo,771,8,0.0104,9,144921,1159365,41
2024-11-13,Norte,Tecnologia,Referido,Desktop,Nuevo,384,3,0.0078,3,188649,565947,35
2025-06-24,Centro,Vestuario,Organico,Tablet,Recurrente,1159,28,0.0242,28,58007,1624202,37
2024-03-12,Sur,Vestuario,Email,Mobile,Nuevo,485,15,0.0309,25,50882,763228,45
2024-02-10,Norte,Deportes,Organico,Tablet,Nuevo,424,7,0.0165,15,67248,470732,51
2025-09-06,Norte,Hogar,Social,Mobile,Recurrente,645,19,0.0295,31,84188,1599576,44
2025-12-18,Sur,Electrodomesticos,Social,Desktop,Recurrente,706,8,0.0113,8,159205,1273640,23
2024-10-14,Centro,Hogar,Referido,Mobile,Recurrente,638,19,0.0298,19,105200,1998798,58
2025-07-08,Sur,Hogar,Pago,Desktop,Nuevo,807,16,0.0198,16,72897,1166356,48
2024-03-22,Centro,Vestuario,Organico,Mobile,Nuevo,917,13,0.0142,16,43109,560410,40
2024-03-24,Norte,Hogar,Pago,Mobile,Recurrente,456,10,0.0219,10,101492,1014917,38
2025-11-28,Centro,Tecnologia,Organico,Mobile,Nuevo,837,23,0.0275,30,176398,4057151,34
2024-05-21,Centro,Tecnologia,Email,Desktop,Recurrente,694,14,0.0202,17,182716,2558019,48
2024-11-29,Norte,Hogar,Organico,Tablet,Recurrente,602,10,0.0166,10,99886,998859,31
2025-06-13,Norte,Tecnologia,Referido,Desktop,Nuevo,458,10,0.0218,10,181354,1813539,26
2024-10-09,Centro,Hogar,Referido,Tablet,Recurrente,532,14,0.0263,15,89139,1247952,40
2025-01-01,Sur,Tecnologia,Pago,Desktop,Nuevo,974,25,0.0257,26,177028,4425693,29
2025-06-23,Norte,Tecnologia,Organico,Mobile,Nuevo,729,9,0.0123,15,206025,1854224,26
2025-06-07,Norte,Hogar,Social,Tablet,Nuevo,365,6,0.0164,8,90511,543064,33
2024-11-02,Sur,Hogar,Referido,Desktop,Nuevo,490,7,0.0143,7,78366,548561,29
2025-03-03,Sur,Electrodomesticos,Email,Mobile,Recurrente,645,17,0.0264,20,171075,2908279,35
2025-08-22,Sur,Deportes,Referido,Tablet,Nuevo,528,4,0.0076,4,75363,301450,38
2025-05-04,Centro,Tecnologia,Pago,Desktop,Nuevo,651,13,0.02,15,182512,2372658,34
2025-05-09,Sur,Tecnologia,Social,Desktop,Nuevo,874,16,0.0183,25,204443,3271092,39
2024-11-01,Centro,Electrodomesticos,Email,Tablet,Nuevo,673,14,0.0208,14,141133,1975868,37
2024-08-15,Sur,Deportes,Organico,Desktop,Recurrente,816,26,0.0319,26,67744,1761349,60
2025-07-01,Norte,Deportes,Referido,Desktop,Nuevo,346,11,0.0318,11,64561,710167,32
2025-09-19,Centro,Electrodomesticos,Pago,Desktop,Recurrente,878,17,0.0194,18,150056,2550949,32
2024-03-19,Sur,Electrodomesticos,Social,Tablet,Recurrente,546,12,0.022,13,172987,2075844,42
2024-05-03,Sur,Vestuario,Pago,Tablet,Recurrente,913,27,0.0296,37,47046,1270235,39
2024-12-24,Norte,Tecnologia,Social,Tablet,Recurrente,475,10,0.0211,14,207645,2076445,22
2025-01-22,Centro,Vestuario,Pago,Mobile,Nuevo,1524,25,0.0164,25,41176,1029412,19
2025-10-27,Centro,Electrodomesticos,Email,Tablet,Recurrente,447,6,0.0134,8,194289,1165732,34
2025-11-28,Norte,Vestuario,Referido,Mobile,Nuevo,671,16,0.0238,16,40680,650885,18
2025-11-04,Norte,Vestuario,Organico,Tablet,Nuevo,891,20,0.0224,20,48009,960183,23
2025-05-29,Centro,Deportes,Organico,Desktop,Recurrente,121,1,0.0083,2,61277,61276,50
2025-12-09,Centro,Electrodomesticos,Referido,Mobile,Nuevo,910,13,0.0143,16,159336,2071370,29
2025-02-26,Sur,Vestuario,Pago,Mobile,Nuevo,1410,22,0.0156,28,53182,1169998,37
2025-05-13,Sur,Hogar,Email,Desktop,Recurrente,556,14,0.0252,19,88829,1243600,34
2024-08-18,Centro,Vestuario,Pago,Desktop,Nuevo,1278,30,0.0235,37,53752,1612545,21
2025-01-03,Norte,Tecnologia,Referido,Mobile,Recurrente,341,11,0.0323,18,211627,2327895,19
2024-04-07,Centro,Electrodomesticos,Pago,Desktop,Recurrente,2040,38,0.0186,54,161827,6149421,33
2025-03-21,Centro,Tecnologia,Referido,Tablet,Nuevo,606,16,0.0264,26,199606,3193699,45
2025-07-09,Norte,Hogar,Email,Mobile,Nuevo,719,18,0.025,21,88692,1596456,36
2025-01-03,Centro,Vestuario,Pago,Tablet,Nuevo,1205,32,0.0266,37,44480,1423350,19
2024-01-26,Centro,Tecnologia,Email,Tablet,Nuevo,811,11,0.0136,12,192101,2113107,38
2024-09-01,Sur,Electrodomesticos,Pago,Desktop,Nuevo,497,4,0.008,6,176966,707862,41
2025-05-04,Sur,Tecnologia,Pago,Mobile,Recurrente,1266,41,0.0324,45,198640,8144255,43
2025-10-10,Norte,Hogar,Pago,Mobile,Nuevo,779,8,0.0103,8,103773,830185,27
2025-12-29,Centro,Electrodomesticos,Email,Tablet,Recurrente,619,19,0.0307,19,151685,2882024,44
2025-06-24,Norte,Tecnologia,Social,Mobile,Nuevo,840,14,0.0167,16,190931,2673028,36
2024-11-30,Centro,Hogar,Referido,Mobile,Recurrente,696,14,0.0201,14,92390,1293460,59
2025-10-08,Centro,Deportes,Social,Desktop,Nuevo,730,14,0.0192,14,56772,794813,58
2025-08-26,Centro,Vestuario,Email,Desktop,Nuevo,713,12,0.0168,12,48006,576076,26
2024-04-03,Norte,Deportes,Email,Tablet,Nuevo,371,9,0.0243,9,50363,453271,47
2024-02-03,Sur,Electrodomesticos,Pago,Mobile,Recurrente,1039,14,0.0135,14,141211,1976952,33
2024-07-04,Norte,Tecnologia,Social,Mobile,Nuevo,425,5,0.0118,5,173166,865827,30
2024-03-19,Norte,Electrodomesticos,Organico,Mobile,Recurrente,905,16,0.0177,16,177157,2834519,31
2025-11-19,Norte,Vestuario,Referido,Tablet,Nuevo,246,6,0.0244,6,52521,315125,27
2025-07-23,Sur,Vestuario,Organico,Desktop,Nuevo,920,22,0.0239,31,49482,1088595,32
2024-06-17,Sur,Tecnologia,Pago,Tablet,Recurrente,992,21,0.0212,32,191289,4017078,32
2024-06-06,Centro,Vestuario,Referido,Tablet,Recurrente,438,15,0.0342,26,51187,767809,36
2025-07-01,Centro,Tecnologia,Referido,Desktop,Recurrente,721,24,0.0333,24,208317,4999604,24
2024-09-18,Sur,Vestuario,Social,Mobile,Recurrente,558,21,0.0376,28,48563,1019816,19
2024-08-16,Centro,Tecnologia,Referido,Desktop,Recurrente,838,29,0.0346,30,209658,6080087,57
2025-06-07,Norte,Deportes,Social,Mobile,Recurrente,725,12,0.0166,12,62420,749036,36
2025-03-12,Sur,Electrodomesticos,Referido,Tablet,Recurrente,435,9,0.0207,14,195086,1755769,39
2025-03-28,Centro,Electrodomesticos,Referido,Mobile,Nuevo,727,7,0.0096,7,148007,1036045,26
2024-06-01,Sur,Vestuario,Pago,Mobile,Nuevo,485,5,0.0103,7,30870,154349,14
2024-01-04,Norte,Hogar,Pago,Tablet,Recurrente,885,22,0.0249,24,88934,1956549,39
2025-05-11,Norte,Vestuario,Pago,Mobile,Recurrente,443,18,0.0406,18,47477,854589,54
2024-02-29,Centro,Deportes,Social,Mobile,Recurrente,1167,23,0.0197,38,58353,1342111,34
2025-05-22,Sur,Vestuario,Social,Mobile,Nuevo,810,26,0.0321,28,38877,1010798,25
2025-11-03,Norte,Electrodomesticos,Pago,Tablet,Nuevo,796,14,0.0176,14,129577,1814083,48
2024-07-29,Norte,Deportes,Organico,Desktop,Nuevo,935,15,0.016,19,61774,926612,28
2025-08-13,Centro,Vestuario,Organico,Tablet,Recurrente,792,24,0.0303,25,56956,1366943,29
2024-11-25,Sur,Deportes,Referido,Mobile,Nuevo,683,11,0.0161,11,54947,604417,37
2025-12-08,Sur,Tecnologia,Social,Mobile,Nuevo,926,17,0.0184,17,203736,3463507,20
2025-12-18,Centro,Tecnologia,Email,Desktop,Nuevo,850,24,0.0282,30,205310,4927437,26
2025-03-18,Norte,Electrodomesticos,Referido,Tablet,Recurrente,262,6,0.0229,10,186221,1117327,25
2024-06-04,Sur,Tecnologia,Social,Mobile,Recurrente,1137,26,0.0229,26,160635,4176508,51
2025-04-18,Sur,Tecnologia,Pago,Tablet,Nuevo,424,5,0.0118,5,190961,954806,45
2025-07-09,Norte,Hogar,Social,Desktop,Nuevo,791,10,0.0126,10,65493,654928,51
2025-10-07,Sur,Tecnologia,Referido,Desktop,Nuevo,623,20,0.0321,22,191054,3821080,29
2024-02-25,Centro,Hogar,Pago,Mobile,Recurrente,1476,34,0.023,41,100935,3431778,57
2025-04-19,Norte,Tecnologia,Social,Mobile,Recurrente,615,16,0.026,21,225344,3605496,37
2025-11-06,Sur,Electrodomesticos,Pago,Desktop,Recurrente,835,25,0.0299,30,148526,3713146,37
2025-04-18,Centro,Tecnologia,Social,Tablet,Recurrente,780,16,0.0205,16,184333,2949323,41
2024-08-10,Centro,Deportes,Referido,Desktop,Recurrente,825,29,0.0352,44,74645,2164704,35
2024-06-28,Sur,Tecnologia,Pago,Mobile,Nuevo,724,13,0.018,19,145443,1890760,51
2024-04-10,Sur,Tecnologia,Organico,Mobile,Recurrente,1263,26,0.0206,29,192595,5007475,33
2024-08-12,Centro,Vestuario,Social,Desktop,Nuevo,1037,18,0.0174,18,55347,996237,41
2024-06-04,Centro,Hogar,Pago,Desktop,Recurrente,1313,32,0.0244,38,93750,3000009,42
2025-09-15,Sur,Hogar,Referido,Tablet,Recurrente,122,5,0.041,10,88892,444459,52
2025-08-17,Centro,Vestuario,Social,Tablet,Nuevo,823,13,0.0158,21,46934,610139,30
2024-06-05,Centro,Tecnologia,Pago,Tablet,Recurrente,591,16,0.0271,16,208970,3343522,51
2025-09-24,Sur,Tecnologia,Social,Tablet,Nuevo,445,5,0.0112,6,160451,802254,42
2025-01-15,Centro,Hogar,Email,Desktop,Recurrente,501,11,0.022,11,104390,1148293,40
2024-08-02,Centro,Hogar,Email,Tablet,Recurrente,549,14,0.0255,14,94447,1322255,46
2024-01-23,Sur,Vestuario,Email,Tablet,Recurrente,768,18,0.0234,20,54406,979315,34
2025-10-16,Norte,Tecnologia,Referido,Desktop,Nuevo,347,5,0.0144,8,206014,1030069,35
2025-04-23,Centro,Deportes,Email,Tablet,Recurrente,247,6,0.0243,11,83473,500840,48
2024-01-18,Sur,Hogar,Email,Tablet,Recurrente,373,7,0.0188,10,107247,750727,42
2025-03-20,Sur,Tecnologia,Pago,Tablet,Nuevo,1022,12,0.0117,17,181775,2181295,24
2024-03-17,Centro,Tecnologia,Pago,Tablet,Nuevo,238,2,0.0084,2,197679,395358,40
2025-06-26,Norte,Electrodomesticos,Email,Desktop,Recurrente,630,17,0.027,23,175533,2984057,51
2025-03-22,Centro,Hogar,Organico,Tablet,Recurrente,1078,26,0.0241,34,82937,2156372,48
2025-10-26,Norte,Tecnologia,Referido,Mobile,Nuevo,317,7,0.0221,11,170375,1192627,32
2025-07-01,Centro,Hogar,Referido,Desktop,Recurrente,772,15,0.0194,17,104432,1566473,56
2025-04-23,Norte,Hogar,Social,Tablet,Recurrente,279,12,0.043,16,105666,1267992,49
2024-10-01,Norte,Vestuario,Social,Desktop,Nuevo,765,18,0.0235,30,42363,762532,32
2025-02-10,Sur,Deportes,Referido,Desktop,Nuevo,338,6,0.0178,8,44181,265085,41
2024-02-06,Sur,Vestuario,Referido,Desktop,Recurrente,424,11,0.0259,11,38873,427604,40
2024-01-22,Sur,Electrodomesticos,Email,Mobile,Recurrente,743,16,0.0215,18,187938,3007007,31
2024-05-07,Sur,Deportes,Email,Desktop,Recurrente,744,23,0.0309,23,57585,1324460,46
2025-01-20,Sur,Vestuario,Referido,Mobile,Nuevo,249,6,0.0241,6,49594,297566,43
2025-05-10,Sur,Tecnologia,Organico,Tablet,Recurrente,235,4,0.017,4,184930,739718,28
2024-09-08,Norte,Vestuario,Email,Desktop,Recurrente,369,13,0.0352,19,39058,507748,38
2025-08-24,Sur,Tecnologia,Organico,Tablet,Nuevo,579,10,0.0173,11,194625,1946251,32
2024-03-20,Norte,Hogar,Referido,Mobile,Recurrente,392,3,0.0077,3,104192,312576,51
2024-06-15,Centro,Hogar,Pago,Tablet,Recurrente,621,19,0.0306,19,101785,1933915,24
2024-03-26,Sur,Tecnologia,Referido,Tablet,Nuevo,427,14,0.0328,19,177328,2482588,44
2025-12-28,Sur,Vestuario,Social,Tablet,Recurrente,994,27,0.0272,38,42982,1160501,30
2025-07-22,Centro,Electrodomesticos,Organico,Mobile,Nuevo,1528,25,0.0164,27,183170,4579256,35
2025-06-19,Sur,Tecnologia,Referido,Desktop,Nuevo,720,7,0.0097,7,193319,1353233,50
2025-03-18,Centro,Electrodomesticos,Email,Mobile,Recurrente,1097,20,0.0182,21,183364,3667274,37
2024-02-04,Sur,Hogar,Pago,Tablet,Nuevo,725,11,0.0152,15,93246,1025708,36
2024-09-10,Norte,Hogar,Organico,Mobile,Nuevo,249,5,0.0201,5,103136,515680,39
2025-06-21,Sur,Tecnologia,Organico,Mobile,Nuevo,1435,21,0.0146,21,176642,3709479,33
2025-10-03,Norte,Electrodomesticos,Organico,Tablet,Nuevo,226,4,0.0177,6,139065,556261,28
2024-01-14,Centro,Hogar,Organico,Mobile,Recurrente,1324,20,0.0151,23,95389,1907770,34
2024-02-23,Centro,Hogar,Pago,Tablet,Nuevo,1026,24,0.0234,25,100329,2407906,45
2024-02-11,Sur,Vestuario,Pago,Tablet,Nuevo,540,9,0.0167,11,41833,376498,51
2024-05-12,Norte,Electrodomesticos,Email,Desktop,Nuevo,436,6,0.0138,9,157004,942026,26
2025-11-07,Norte,Electrodomesticos,Organico,Tablet,Recurrente,757,15,0.0198,15,161214,2418211,31
2025-08-21,Centro,Deportes,Organico,Desktop,Recurrente,709,14,0.0197,14,61984,867779,39
2025-12-23,Norte,Tecnologia,Social,Tablet,Recurrente,194,3,0.0155,4,191709,575126,27
2025-01-24,Norte,Tecnologia,Social,Desktop,Recurrente,776,23,0.0296,25,221335,5090703,51
2024-05-23,Norte,Tecnologia,Organico,Mobile,Nuevo,719,15,0.0209,23,203379,3050678,25
2025-07-31,Norte,Vestuario,Referido,Tablet,Recurrente,423,9,0.0213,14,43507,391567,31
2024-04-18,Sur,Tecnologia,Pago,Tablet,Nuevo,511,15,0.0294,18,209061,3135917,29
2024-07-10,Centro,Electrodomesticos,Referido,Mobile,Recurrente,513,13,0.0253,22,139206,1809684,41
2024-09-02,Norte,Electrodomesticos,Organico,Desktop,Nuevo,498,5,0.01,10,138701,693505,22
2024-04-16,Sur,Deportes,Referido,Desktop,Nuevo,758,26,0.0343,38,63414,1648752,34
2024-08-03,Norte,Electrodomesticos,Social,Desktop,Recurrente,600,7,0.0117,7,182711,1278977,30
2025-01-15,Sur,Tecnologia,Pago,Desktop,Nuevo,1373,28,0.0204,28,164333,4601333,38
2024-07-25,Norte,Deportes,Pago,Tablet,Recurrente,836,12,0.0144,12,67777,813325,52
2025-03-28,Norte,Hogar,Email,Tablet,Recurrente,312,7,0.0224,10,103548,724837,62
2024-03-13,Centro,Vestuario,Referido,Mobile,Recurrente,820,24,0.0293,24,54388,1305316,27
2025-09-24,Norte,Deportes,Organico,Desktop,Nuevo,892,16,0.0179,23,67720,1083513,47
2025-08-21,Norte,Deportes,Organico,Desktop,Nuevo,1239,24,0.0194,24,60468,1451226,25
2024-08-09,Sur,Electrodomesticos,Social,Desktop,Recurrente,691,10,0.0145,10,164289,1642894,36
2024-03-04,Sur,Hogar,Organico,Tablet,Recurrente,621,9,0.0145,10,88768,798914,35
2024-12-06,Centro,Electrodomesticos,Social,Desktop,Recurrente,1179,17,0.0144,18,196241,3336093,39
2025-09-30,Norte,Deportes,Social,Desktop,Recurrente,286,6,0.021,12,63913,383478,41
2024-06-27,Norte,Hogar,Email,Tablet,Recurrente,297,13,0.0438,13,90351,1174560,56
2025-01-06,Sur,Deportes,Social,Desktop,Nuevo,572,11,0.0192,13,51196,563151,28
2024-05-14,Centro,Hogar,Organico,Desktop,Recurrente,611,10,0.0164,14,98536,985355,60
2025-05-12,Centro,Deportes,Social,Mobile,Recurrente,1264,20,0.0158,20,47968,959362,36
2024-03-10,Norte,Electrodomesticos,Social,Tablet,Recurrente,449,9,0.02,9,147479,1327307,35
2024-02-22,Norte,Tecnologia,Social,Tablet,Nuevo,799,11,0.0138,11,202185,2224032,25
2025-05-01,Centro,Deportes,Email,Tablet,Nuevo,550,10,0.0182,12,57649,576491,62
2025-09-03,Norte,Electrodomesticos,Social,Mobile,Nuevo,544,9,0.0165,9,160823,1447406,56
2025-05-30,Sur,Tecnologia,Email,Mobile,Recurrente,721,12,0.0166,15,194319,2331826,31
2024-11-08,Sur,Deportes,Pago,Mobile,Recurrente,860,13,0.0151,14,71740,932625,36
2024-10-30,Sur,Hogar,Organico,Desktop,Recurrente,677,17,0.0251,19,106456,1809749,56
2024-07-14,Sur,Electrodomesticos,Email,Tablet,Nuevo,422,11,0.0261,15,136525,1501776,19
2025-09-03,Centro,Deportes,Email,Mobile,Nuevo,1091,21,0.0192,21,55753,1170804,41
2025-11-29,Sur,Vestuario,Email,Tablet,Nuevo,367,10,0.0272,17,41550,415498,36
2025-09-19,Sur,Electrodomesticos,Pago,Desktop,Nuevo,1265,22,0.0174,25,132068,2905493,36
2024-09-17,Centro,Electrodomesticos,Referido,Tablet,Nuevo,648,12,0.0185,21,152877,1834525,25
2025-04-11,Centro,Hogar,Social,Mobile,Recurrente,1482,34,0.0229,39,131220,4461480,40
2024-11-03,Norte,Hogar,Social,Mobile,Nuevo,676,16,0.0237,22,103057,1648919,38
2025-05-03,Centro,Hogar,Referido,Mobile,Nuevo,333,5,0.015,7,93873,469367,41
2024-06-18,Sur,Vestuario,Social,Tablet,Nuevo,543,12,0.0221,13,47422,569063,30
2024-05-01,Centro,Hogar,Organico,Tablet,Nuevo,706,14,0.0198,16,84387,1181418,41
2024-10-05,Norte,Hogar,Organico,Desktop,Nuevo,689,7,0.0102,7,74436,521053,40
2024-01-18,Norte,Tecnologia,Organico,Desktop,Nuevo,768,13,0.0169,14,218291,2837776,41
2025-11-17,Norte,Vestuario,Pago,Desktop,Nuevo,629,9,0.0143,12,44466,400190,26
2025-09-07,Centro,Tecnologia,Organico,Tablet,Nuevo,541,13,0.024,15,146527,1904844,36
2024-11-16,Centro,Hogar,Email,Tablet,Nuevo,677,15,0.0222,19,85382,1280731,24
2024-09-19,Sur,Hogar,Organico,Tablet,Recurrente,695,13,0.0187,16,96873,1259344,50
2025-12-31,Centro,Electrodomesticos,Organico,Desktop,Nuevo,1470,16,0.0109,20,146968,2351483,29
2025-03-31,Sur,Deportes,Organico,Tablet,Nuevo,586,10,0.0171,14,55435,554346,38
2024-08-18,Sur,Vestuario,Social,Tablet,Recurrente,607,14,0.0231,22,38378,537296,29
2025-10-05,Norte,Hogar,Organico,Desktop,Nuevo,987,23,0.0233,33,84640,1946729,42
2025-08-18,Norte,Electrodomesticos,Social,Desktop,Recurrente,439,6,0.0137,8,145334,872004,41
2024-12-08,Sur,Vestuario,Pago,Desktop,Recurrente,811,14,0.0173,15,33619,470663,27
2025-08-16,Sur,Tecnologia,Pago,Mobile,Recurrente,401,10,0.0249,15,188810,1888102,53
2024-12-21,Sur,Hogar,Email,Mobile,Nuevo,552,13,0.0236,13,97273,1264551,38
2025-03-14,Sur,Vestuario,Social,Desktop,Recurrente,686,14,0.0204,14,46127,645773,36
2025-11-07,Centro,Deportes,Email,Mobile,Recurrente,743,15,0.0202,23,60552,908279,45
2024-02-18,Sur,Hogar,Pago,Desktop,Nuevo,644,15,0.0233,20,79457,1191851,46
2025-06-21,Sur,Deportes,Email,Desktop,Nuevo,379,1,0.0026,1,65371,65370,40
2025-07-21,Norte,Electrodomesticos,Pago,Tablet,Nuevo,684,6,0.0088,6,196578,1179466,36
2024-08-26,Sur,Hogar,Email,Tablet,Nuevo,368,5,0.0136,9,83331,416653,42
2024-08-26,Norte,Deportes,Email,Mobile,Recurrente,535,21,0.0393,21,46441,975255,27
2024-02-10,Centro,Vestuario,Email,Tablet,Nuevo,604,15,0.0248,16,51775,776626,46
2025-10-02,Norte,Vestuario,Social,Desktop,Recurrente,733,24,0.0327,31,41128,987073,30
2024-07-13,Centro,Tecnologia,Social,Mobile,Recurrente,1499,32,0.0213,39,231699,7414371,36
2024-08-28,Norte,Tecnologia,Organico,Desktop,Nuevo,821,12,0.0146,12,187439,2249269,40
2024-06-24,Centro,Tecnologia,Email,Desktop,Nuevo,1025,30,0.0293,38,178549,5356482,27
2025-10-09,Sur,Tecnologia,Organico,Tablet,Recurrente,791,29,0.0367,31,216273,6271907,27
2024-01-31,Centro,Hogar,Organico,Mobile,Nuevo,1970,38,0.0193,57,104478,3970177,31
2025-10-24,Sur,Deportes,Pago,Desktop,Nuevo,778,10,0.0129,13,59394,593944,34
2024-11-21,Sur,Hogar,Organico,Desktop,Recurrente,410,9,0.022,11,77147,694319,29
2024-03-01,Centro,Hogar,Social,Tablet,Nuevo,986,15,0.0152,16,94487,1417298,43
2025-09-27,Sur,Electrodomesticos,Referido,Mobile,Nuevo,394,7,0.0178,14,138741,971185,23
2025-05-02,Sur,Hogar,Organico,Desktop,Recurrente,1067,20,0.0187,22,94356,1887121,30
2024-03-01,Centro,Deportes,Referido,Tablet,Nuevo,406,7,0.0172,7,69973,489808,39
2025-12-08,Norte,Tecnologia,Social,Desktop,Nuevo,487,5,0.0103,5,192173,960866,32
2025-08-22,Norte,Tecnologia,Social,Desktop,Recurrente,209,7,0.0335,7,203693,1425849,42
2025-12-17,Norte,Tecnologia,Organico,Mobile,Recurrente,1050,14,0.0133,14,184918,2588852,37
2024-11-27,Sur,Electrodomesticos,Pago,Mobile,Nuevo,1240,19,0.0153,19,138175,2625325,32
2024-04-30,Sur,Deportes,Social,Tablet,Nuevo,404,4,0.0099,4,62753,251011,35
2024-10-31,Centro,Vestuario,Email,Desktop,Nuevo,698,14,0.0201,15,48846,683842,16
2025-09-02,Sur,Vestuario,Referido,Tablet,Recurrente,224,11,0.0491,11,50110,551205,38
2024-07-11,Norte,Deportes,Referido,Desktop,Nuevo,449,5,0.0111,11,60453,302263,48
2025-10-18,Centro,Deportes,Referido,Tablet,Nuevo,484,9,0.0186,9,61090,549814,28
2025-12-27,Norte,Deportes,Organico,Mobile,Nuevo,1308,36,0.0275,38,57032,2053160,47
2025-04-14,Centro,Electrodomesticos,Referido,Desktop,Recurrente,170,2,0.0118,2,183048,366095,38
2025-06-12,Norte,Deportes,Organico,Mobile,Recurrente,505,11,0.0218,11,52047,572519,48
2024-08-21,Norte,Hogar,Referido,Desktop,Recurrente,328,12,0.0366,12,80719,968631,46
2025-12-14,Norte,Tecnologia,Email,Desktop,Recurrente,277,7,0.0253,7,171897,1203278,37
2024-01-14,Centro,Vestuario,Social,Desktop,Recurrente,1333,41,0.0308,41,42035,1723433,51
2025-11-12,Norte,Electrodomesticos,Social,Tablet,Nuevo,50,2,0.04,3,133377,266753,34
2024-10-10,Centro,Vestuario,Organico,Desktop,Nuevo,1248,22,0.0176,28,49325,1085149,24
2025-06-24,Centro,Vestuario,Organico,Mobile,Nuevo,1396,26,0.0186,33,50927,1324099,24
2024-07-14,Centro,Vestuario,Pago,Mobile,Recurrente,1439,28,0.0195,29,51556,1443570,42
2025-03-27,Centro,Hogar,Email,Mobile,Recurrente,814,23,0.0283,25,113556,2611793,30
2024-11-23,Norte,Tecnologia,Social,Desktop,Nuevo,503,9,0.0179,13,202480,1822321,37
2025-01-02,Sur,Hogar,Social,Desktop,Recurrente,988,28,0.0283,36,89857,2516002,46
2025-09-10,Centro,Tecnologia,Organico,Mobile,Nuevo,1834,30,0.0164,34,206103,6183086,12
2025-11-17,Norte,Electrodomesticos,Email,Mobile,Recurrente,742,14,0.0189,14,160507,2247101,31
2024-08-18,Sur,Hogar,Social,Tablet,Recurrente,137,3,0.0219,3,80882,242647,37
2025-08-27,Centro,Electrodomesticos,Social,Desktop,Recurrente,690,12,0.0174,12,118905,1426854,43
2025-12-29,Norte,Deportes,Pago,Tablet,Recurrente,213,8,0.0376,8,74825,598598,36
2024-11-02,Norte,Hogar,Pago,Mobile,Nuevo,1104,19,0.0172,23,83789,1591989,47
2025-12-02,Norte,Tecnologia,Referido,Tablet,Recurrente,410,8,0.0195,8,167420,1339361,48
2025-03-04,Norte,Hogar,Pago,Desktop,Recurrente,1497,24,0.016,24,92391,2217376,34
2024-06-08,Sur,Electrodomesticos,Email,Mobile,Recurrente,495,13,0.0263,19,174055,2262715,32
2025-09-03,Centro,Electrodomesticos,Social,Tablet,Recurrente,513,20,0.039,24,175966,3519312,46
2024-05-29,Centro,Hogar,Email,Tablet,Nuevo,573,12,0.0209,12,109393,1312712,42
2025-10-05,Sur,Vestuario,Organico,Mobile,Nuevo,627,14,0.0223,21,46534,651476,42
2025-09-01,Centro,Electrodomesticos,Organico,Tablet,Nuevo,456,3,0.0066,3,133727,401180,45
2025-02-11,Norte,Tecnologia,Pago,Tablet,Recurrente,477,13,0.0273,13,169450,2202846,30
2024-05-13,Centro,Vestuario,Pago,Desktop,Nuevo,819,33,0.0403,33,43980,1451346,25
2024-10-19,Norte,Deportes,Email,Mobile,Recurrente,624,17,0.0272,20,62634,1064774,39
2024-10-02,Centro,Vestuario,Pago,Mobile,Recurrente,1566,41,0.0262,50,46998,1926935,35
2025-01-06,Sur,Tecnologia,Organico,Desktop,Recurrente,1105,31,0.0281,39,184088,5706740,45
2025-05-01,Norte,Tecnologia,Pago,Desktop,Nuevo,890,14,0.0157,16,190995,2673932,28
2024-11-12,Sur,Electrodomesticos,Social,Tablet,Recurrente,462,6,0.013,6,125405,752432,62
2024-10-19,Centro,Tecnologia,Email,Mobile,Recurrente,1025,20,0.0195,25,231147,4622949,55
2025-11-16,Centro,Deportes,Referido,Desktop,Nuevo,742,24,0.0323,29,56039,1344936,51
2025-03-27,Centro,Electrodomesticos,Pago,Desktop,Recurrente,1035,22,0.0213,26,183001,4026022,43
2025-09-10,Norte,Deportes,Referido,Tablet,Nuevo,487,13,0.0267,13,56728,737457,31
2024-02-03,Sur,Deportes,Pago,Mobile,Recurrente,808,14,0.0173,14,64656,905180,52
2024-02-04,Centro,Hogar,Pago,Desktop,Recurrente,1407,36,0.0256,46,116077,4178782,54
2025-08-01,Norte,Hogar,Organico,Mobile,Recurrente,988,16,0.0162,20,91961,1471372,32
2024-01-14,Sur,Vestuario,Pago,Desktop,Recurrente,303,8,0.0264,9,42370,338961,49
2025-04-21,Sur,Hogar,Pago,Desktop,Recurrente,888,22,0.0248,22,92538,2035842,46
2024-06-26,Norte,Electrodomesticos,Pago,Tablet,Nuevo,358,6,0.0168,6,156427,938563,40
2024-04-24,Norte,Electrodomesticos,Pago,Desktop,Recurrente,433,9,0.0208,9,205369,1848321,42
2024-02-01,Centro,Hogar,Organico,Mobile,Recurrente,1579,32,0.0203,39,84050,2689590,61
2024-10-19,Centro,Vestuario,Pago,Tablet,Nuevo,668,11,0.0165,11,39501,434508,57
2025-04-28,Centro,Vestuario,Email,Mobile,Recurrente,923,24,0.026,24,46959,1127017,30
2025-02-28,Norte,Hogar,Email,Desktop,Recurrente,375,6,0.016,6,77513,465075,50
2024-04-21,Norte,Electrodomesticos,Pago,Mobile,Nuevo,902,16,0.0177,23,158723,2539574,35
2024-05-11,Centro,Electrodomesticos,Email,Mobile,Recurrente,381,3,0.0079,3,157715,473143,11
2024-02-16,Norte,Tecnologia,Pago,Desktop,Nuevo,593,13,0.0219,13,206425,2683522,28
2024-06-30,Sur,Tecnologia,Email,Mobile,Recurrente,561,12,0.0214,12,204232,2450780,36
2025-04-23,Norte,Hogar,Social,Tablet,Nuevo,498,8,0.0161,11,87987,703892,61
2024-12-31,Centro,Vestuario,Pago,Tablet,Recurrente,1526,42,0.0275,44,42310,1777018,32
2025-07-05,Norte,Tecnologia,Organico,Tablet,Recurrente,792,13,0.0164,20,209478,2723216,50
2025-03-13,Norte,Vestuario,Referido,Desktop,Recurrente,192,3,0.0156,6,51504,154511,33
2025-07-06,Centro,Electrodomesticos,Pago,Tablet,Recurrente,695,12,0.0173,12,168086,2017033,46
2024-11-02,Centro,Hogar,Email,Tablet,Nuevo,763,15,0.0197,15,103738,1556076,42
2024-10-29,Norte,Hogar,Organico,Desktop,Nuevo,740,12,0.0162,12,103355,1240265,21
2025-12-19,Sur,Tecnologia,Email,Desktop,Recurrente,467,15,0.0321,20,214078,3211163,61
2025-01-13,Sur,Tecnologia,Organico,Mobile,Recurrente,1199,41,0.0342,48,190604,7814755,22
2025-01-06,Centro,Hogar,Social,Mobile,Recurrente,1028,28,0.0272,47,94742,2652767,45
2024-08-29,Sur,Hogar,Social,Desktop,Nuevo,1146,18,0.0157,18,82441,1483934,32
2024-03-10,Sur,Deportes,Referido,Tablet,Recurrente,200,5,0.025,11,71054,355269,43
2025-12-18,Centro,Tecnologia,Organico,Desktop,Nuevo,2097,42,0.02,42,187450,7872904,43
2024-01-11,Norte,Deportes,Social,Desktop,Nuevo,628,10,0.0159,10,58905,589045,41
2025-08-30,Centro,Tecnologia,Social,Desktop,Recurrente,649,13,0.02,13,189283,2460684,25
2025-10-04,Centro,Electrodomesticos,Organico,Tablet,Nuevo,744,9,0.0121,9,144615,1301530,39
2024-05-24,Norte,Tecnologia,Organico,Mobile,Recurrente,1105,32,0.029,33,210782,6745021,50
2025-01-12,Norte,Tecnologia,Email,Tablet,Nuevo,347,7,0.0202,10,197196,1380371,31
2025-02-03,Sur,Electrodomesticos,Organico,Desktop,Nuevo,913,9,0.0099,11,142003,1278027,40
2025-03-19,Sur,Electrodomesticos,Pago,Desktop,Recurrente,721,18,0.025,23,179789,3236197,29
2024-03-14,Norte,Tecnologia,Referido,Desktop,Nuevo,313,11,0.0351,11,148161,1629775,37
2025-12-23,Centro,Electrodomesticos,Social,Mobile,Recurrente,1408,25,0.0178,25,160601,4015017,24
2025-02-20,Norte,Tecnologia,Referido,Desktop,Recurrente,434,10,0.023,12,197068,1970678,44
2025-08-04,Sur,Vestuario,Email,Mobile,Recurrente,342,18,0.0526,18,59243,1066366,46
2024-09-24,Centro,Tecnologia,Social,Tablet,Recurrente,554,13,0.0235,19,217125,2822622,28
2025-02-04,Sur,Deportes,Email,Tablet,Recurrente,461,8,0.0174,8,53296,426369,33
2024-12-05,Norte,Vestuario,Organico,Mobile,Nuevo,1232,35,0.0284,41,42809,1498315,35
2025-07-09,Norte,Electrodomesticos,Pago,Desktop,Recurrente,881,15,0.017,20,159504,2392565,45
2024-03-22,Centro,Vestuario,Organico,Mobile,Recurrente,1029,30,0.0292,30,39217,1176519,43
2024-01-28,Sur,Electrodomesticos,Email,Tablet,Recurrente,301,8,0.0266,8,140814,1126509,49
2024-08-04,Norte,Deportes,Email,Desktop,Recurrente,505,11,0.0218,11,55499,610489,35
2025-08-18,Sur,Deportes,Pago,Tablet,Recurrente,803,19,0.0237,20,48528,922034,33
2024-03-29,Norte,Vestuario,Social,Desktop,Nuevo,659,13,0.0197,13,52096,677241,26
2024-03-08,Centro,Vestuario,Social,Desktop,Nuevo,1025,23,0.0224,23,44249,1017722,5
2025-01-18,Sur,Vestuario,Email,Mobile,Nuevo,460,13,0.0283,13,46461,603996,24
2024-02-02,Centro,Deportes,Social,Tablet,Recurrente,629,17,0.027,19,62174,1056964,37
2024-11-06,Norte,Deportes,Referido,Mobile,Nuevo,816,23,0.0282,36,62757,1443413,38
2025-09-01,Norte,Electrodomesticos,Referido,Desktop,Recurrente,602,12,0.0199,12,167325,2007905,45
2024-02-19,Centro,Vestuario,Organico,Mobile,Recurrente,853,13,0.0152,13,52516,682708,37
2024-06-07,Centro,Deportes,Referido,Tablet,Recurrente,302,3,0.0099,3,78016,234048,31
2024-06-15,Centro,Electrodomesticos,Organico,Mobile,Nuevo,581,10,0.0172,15,156973,1569731,42
2024-03-22,Sur,Vestuario,Organico,Desktop,Nuevo,1066,14,0.0131,14,40172,562413,40
2025-02-07,Centro,Hogar,Pago,Tablet,Nuevo,442,3,0.0068,4,76669,230005,36
2024-05-22,Sur,Vestuario,Organico,Mobile,Recurrente,898,19,0.0212,23,59495,1130398,35
2025-01-27,Sur,Vestuario,Organico,Desktop,Recurrente,1022,28,0.0274,29,47943,1342406,37
2024-12-09,Sur,Vestuario,Email,Mobile,Nuevo,1089,22,0.0202,35,42415,933134,35
2024-01-10,Sur,Tecnologia,Organico,Mobile,Recurrente,1064,15,0.0141,21,183859,2757892,30
2024-06-20,Norte,Hogar,Email,Mobile,Recurrente,576,14,0.0243,14,92542,1295586,64
2024-09-25,Norte,Vestuario,Referido,Mobile,Recurrente,751,14,0.0186,24,45169,632364,46
2025-01-15,Norte,Vestuario,Pago,Mobile,Recurrente,975,26,0.0267,31,50919,1323891,29
2024-03-29,Norte,Hogar,Referido,Tablet,Nuevo,266,4,0.015,4,111472,445888,26
2024-08-06,Norte,Hogar,Email,Tablet,Recurrente,284,5,0.0176,5,95856,479281,34
2025-05-08,Centro,Hogar,Social,Mobile,Nuevo,1434,18,0.0126,21,104060,1873076,46
2025-12-20,Norte,Hogar,Email,Desktop,Recurrente,308,17,0.0552,26,91236,1551005,54
2024-05-22,Centro,Deportes,Organico,Mobile,Nuevo,1203,21,0.0175,27,50236,1054960,39
2025-06-30,Sur,Deportes,Organico,Tablet,Nuevo,391,10,0.0256,11,57270,572703,61
2025-11-05,Norte,Tecnologia,Organico,Desktop,Recurrente,515,16,0.0311,25,247420,3958726,37
2024-05-28,Sur,Electrodomesticos,Email,Mobile,Recurrente,775,15,0.0194,15,203219,3048284,43
2024-03-22,Norte,Deportes,Referido,Tablet,Recurrente,435,7,0.0161,7,73850,516952,52
2025-02-19,Centro,Deportes,Referido,Tablet,Nuevo,307,6,0.0195,8,67567,405399,48
2025-03-01,Sur,Hogar,Social,Mobile,Recurrente,565,10,0.0177,16,102699,1026986,47
2024-07-29,Centro,Hogar,Organico,Tablet,Recurrente,779,16,0.0205,19,93427,1494830,26
2024-04-12,Sur,Electrodomesticos,Pago,Tablet,Recurrente,756,17,0.0225,17,184472,3136029,43
2024-03-16,Norte,Vestuario,Email,Desktop,Nuevo,317,4,0.0126,5,42117,168466,49
2024-07-26,Norte,Electrodomesticos,Referido,Tablet,Nuevo,136,1,0.0074,1,130728,130727,36
2024-07-26,Centro,Tecnologia,Organico,Tablet,Nuevo,702,11,0.0157,11,222838,2451220,21
2024-03-02,Centro,Deportes,Organico,Desktop,Nuevo,971,19,0.0196,32,54678,1038875,31
2024-09-21,Centro,Deportes,Social,Desktop,Recurrente,1041,28,0.0269,28,63275,1771688,45
2025-10-28,Norte,Deportes,Referido,Desktop,Nuevo,529,14,0.0265,14,75600,1058394,22
2024-01-27,Centro,Vestuario,Referido,Desktop,Recurrente,776,20,0.0258,21,55020,1100394,36
2025-08-19,Centro,Tecnologia,Referido,Mobile,Nuevo,621,9,0.0145,13,175821,1582385,52
2025-12-20,Norte,Tecnologia,Organico,Mobile,Recurrente,1234,17,0.0138,17,186147,3164503,31
2024-05-29,Norte,Tecnologia,Referido,Tablet,Recurrente,277,2,0.0072,2,171335,342669,41
2024-08-21,Norte,Deportes,Social,Desktop,Nuevo,690,13,0.0188,16,64785,842210,33
2025-04-02,Norte,Deportes,Email,Tablet,Nuevo,520,16,0.0308,16,57887,926199,32
2024-12-21,Centro,Deportes,Social,Mobile,Nuevo,1098,22,0.02,22,57516,1265349,28
2024-05-10,Norte,Vestuario,Pago,Desktop,Nuevo,918,20,0.0218,31,49391,987814,30
2025-04-13,Centro,Vestuario,Social,Tablet,Recurrente,250,3,0.012,4,45927,137781,33
2024-03-21,Centro,Electrodomesticos,Email,Mobile,Recurrente,1052,15,0.0143,21,177348,2660226,39
2025-11-07,Sur,Tecnologia,Referido,Desktop,Nuevo,598,9,0.0151,10,170900,1538101,37
2024-03-23,Centro,Deportes,Social,Mobile,Nuevo,837,22,0.0263,27,63342,1393530,46
2025-08-27,Centro,Tecnologia,Email,Desktop,Recurrente,479,16,0.0334,20,191434,3062950,26
2025-10-28,Sur,Electrodomesticos,Email,Tablet,Nuevo,474,7,0.0148,7,113037,791258,40
2025-01-27,Sur,Deportes,Organico,Desktop,Nuevo,801,14,0.0175,14,72129,1009807,45
2025-05-23,Norte,Hogar,Email,Desktop,Nuevo,728,17,0.0234,17,108245,1840168,38
2024-03-08,Centro,Electrodomesticos,Pago,Mobile,Nuevo,458,9,0.0197,12,159111,1432002,22
2024-02-29,Norte,Vestuario,Email,Desktop,Nuevo,323,4,0.0124,6,39157,156628,27
2024-02-02,Sur,Electrodomesticos,Referido,Tablet,Recurrente,378,5,0.0132,6,170678,853391,51
2024-06-08,Sur,Hogar,Referido,Tablet,Nuevo,492,6,0.0122,9,78723,472339,50
2024-08-25,Centro,Electrodomesticos,Referido,Desktop,Recurrente,332,6,0.0181,6,167390,1004342,25
2024-08-06,Sur,Hogar,Organico,Mobile,Recurrente,1414,28,0.0198,28,79229,2218419,20
2025-02-19,Sur,Deportes,Organico,Mobile,Nuevo,1098,23,0.0209,23,56943,1309685,32
2024-01-17,Centro,Tecnologia,Email,Mobile,Nuevo,334,4,0.012,4,188264,753056,49
2024-05-03,Sur,Electrodomesticos,Referido,Mobile,Recurrente,248,3,0.0121,3,160652,481956,36
2024-06-24,Sur,Tecnologia,Pago,Tablet,Recurrente,417,14,0.0336,14,189973,2659626,39
2025-05-31,Sur,Deportes,Referido,Desktop,Nuevo,443,3,0.0068,3,68045,204136,28
2025-12-13,Centro,Electrodomesticos,Email,Mobile,Nuevo,809,10,0.0124,14,119977,1199772,26
2024-04-14,Centro,Deportes,Social,Mobile,Nuevo,714,11,0.0154,23,49955,549510,29
2024-11-15,Centro,Vestuario,Social,Desktop,Nuevo,775,15,0.0194,25,54879,823180,24
2024-12-19,Norte,Vestuario,Pago,Desktop,Nuevo,1363,30,0.022,32,38013,1140389,28
2025-03-15,Sur,Electrodomesticos,Social,Mobile,Nuevo,415,3,0.0072,3,159812,479434,24
2025-08-12,Norte,Deportes,Pago,Mobile,Nuevo,964,19,0.0197,28,62930,1195663,38
2025-10-23,Centro,Vestuario,Organico,Mobile,Nuevo,1758,29,0.0165,34,45220,1311382,39
2025-05-12,Sur,Electrodomesticos,Pago,Desktop,Nuevo,1041,13,0.0125,13,144969,1884592,26
2024-08-25,Centro,Tecnologia,Pago,Desktop,Nuevo,1181,33,0.0279,33,188743,6228528,23
2025-01-16,Norte,Tecnologia,Organico,Mobile,Recurrente,1179,24,0.0204,24,185660,4455845,56
2025-04-12,Centro,Deportes,Organico,Mobile,Recurrente,1112,27,0.0243,31,76781,2073080,44
2024-05-29,Sur,Vestuario,Referido,Mobile,Recurrente,819,19,0.0232,22,58384,1109303,35
2024-12-19,Centro,Deportes,Email,Desktop,Recurrente,810,13,0.016,19,61260,796374,24
2024-06-07,Norte,Deportes,Pago,Desktop,Nuevo,637,13,0.0204,16,51771,673018,44
2025-12-04,Sur,Hogar,Referido,Mobile,Nuevo,345,4,0.0116,4,100449,401797,33
2024-04-09,Centro,Hogar,Referido,Mobile,Nuevo,1056,13,0.0123,13,89693,1166013,31
2025-11-02,Centro,Electrodomesticos,Pago,Mobile,Recurrente,1102,13,0.0118,13,146306,1901977,16
2025-08-21,Sur,Deportes,Email,Tablet,Nuevo,263,7,0.0266,13,58534,409738,40
2024-05-11,Sur,Deportes,Referido,Mobile,Nuevo,276,4,0.0145,4,56786,227145,29
2024-10-10,Centro,Hogar,Social,Desktop,Recurrente,528,8,0.0152,9,112334,898674,43
2025-10-01,Sur,Hogar,Referido,Mobile,Recurrente,542,6,0.0111,7,97706,586236,47
2025-09-08,Norte,Vestuario,Social,Mobile,Nuevo,546,9,0.0165,9,48615,437537,40
2024-12-12,Norte,Deportes,Organico,Desktop,Recurrente,1102,30,0.0272,34,57019,1710563,33
2025-08-24,Centro,Tecnologia,Social,Desktop,Recurrente,1020,31,0.0304,42,185762,5758607,42
2024-09-17,Norte,Hogar,Social,Desktop,Recurrente,777,19,0.0245,29,105909,2012279,29
2025-09-15,Centro,Tecnologia,Pago,Mobile,Recurrente,1631,18,0.011,18,231068,4159216,29
2024-01-30,Norte,Deportes,Pago,Desktop,Recurrente,339,8,0.0236,8,78249,625988,39
2024-07-02,Norte,Tecnologia,Social,Tablet,Nuevo,485,10,0.0206,13,195230,1952304,36
2025-11-30,Centro,Deportes,Organico,Desktop,Nuevo,1109,25,0.0225,25,74664,1866592,35
2024-03-18,Centro,Vestuario,Social,Mobile,Nuevo,610,17,0.0279,17,48782,829298,29
2024-09-13,Centro,Hogar,Email,Mobile,Nuevo,904,20,0.0221,24,95019,1900387,34
2024-02-20,Centro,Tecnologia,Pago,Desktop,Recurrente,993,22,0.0222,22,215633,4743920,48
2024-12-23,Norte,Deportes,Social,Tablet,Recurrente,543,15,0.0276,16,61060,915907,43
2025-01-06,Centro,Vestuario,Referido,Tablet,Recurrente,696,15,0.0216,17,48700,730503,42
2025-09-17,Norte,Vestuario,Social,Tablet,Recurrente,145,3,0.0207,5,47975,143926,27
2025-01-31,Centro,Tecnologia,Pago,Mobile,Recurrente,1393,35,0.0251,36,173578,6075235,36
2024-11-01,Norte,Deportes,Pago,Mobile,Nuevo,958,11,0.0115,11,42044,462489,55
2024-04-27,Centro,Electrodomesticos,Organico,Desktop,Recurrente,909,21,0.0231,24,173017,3633363,55
2024-04-09,Centro,Vestuario,Organico,Desktop,Nuevo,1381,34,0.0246,47,40944,1392099,14
2024-12-02,Centro,Hogar,Email,Tablet,Recurrente,651,12,0.0184,13,108134,1297604,47
2024-09-06,Sur,Vestuario,Social,Mobile,Recurrente,463,13,0.0281,17,54558,709252,26
2024-04-02,Sur,Electrodomesticos,Pago,Desktop,Nuevo,637,12,0.0188,19,146185,1754215,49
2024-08-31,Norte,Tecnologia,Pago,Desktop,Recurrente,360,10,0.0278,10,163161,1631606,54
2025-04-05,Sur,Electrodomesticos,Organico,Tablet,Nuevo,621,10,0.0161,10,114729,1147286,18
2025-11-29,Norte,Electrodomesticos,Social,Desktop,Nuevo,378,6,0.0159,8,134255,805528,32
2025-08-27,Centro,Tecnologia,Social,Desktop,Recurrente,1205,22,0.0183,30,175809,3867805,34
2025-02-21,Centro,Vestuario,Referido,Mobile,Recurrente,789,17,0.0215,30,46569,791668,42
2025-12-03,Centro,Deportes,Social,Mobile,Recurrente,543,11,0.0203,11,69028,759310,40
2025-08-26,Norte,Vestuario,Social,Desktop,Recurrente,659,22,0.0334,22,49181,1081972,44
2025-03-05,Sur,Vestuario,Social,Desktop,Nuevo,436,7,0.0161,7,42834,299834,32
2024-02-27,Sur,Tecnologia,Email,Mobile,Recurrente,907,17,0.0187,26,201784,3430320,55
2025-01-08,Centro,Electrodomesticos,Email,Desktop,Nuevo,832,17,0.0204,24,128122,2178079,42
2025-02-24,Norte,Vestuario,Social,Mobile,Nuevo,409,8,0.0196,8,40080,320636,37
2025-04-01,Centro,Deportes,Email,Desktop,Recurrente,993,27,0.0272,27,55049,1486334,27
2024-11-19,Sur,Tecnologia,Referido,Desktop,Nuevo,597,14,0.0235,14,218510,3059134,46
2025-02-09,Sur,Deportes,Social,Desktop,Nuevo,430,3,0.007,3,53479,160437,21
2025-02-18,Centro,Tecnologia,Referido,Mobile,Nuevo,531,12,0.0226,15,180679,2168152,49
2025-09-18,Sur,Vestuario,Organico,Mobile,Nuevo,1242,27,0.0217,31,49658,1340772,13
2025-05-09,Centro,Deportes,Referido,Tablet,Nuevo,287,8,0.0279,11,54762,438098,48
2025-09-27,Centro,Deportes,Organico,Desktop,Recurrente,1045,26,0.0249,29,57167,1486349,33
2024-02-02,Sur,Tecnologia,Pago,Tablet,Recurrente,261,6,0.023,8,173537,1041220,48
2025-04-09,Sur,Deportes,Social,Desktop,Recurrente,693,15,0.0216,15,65165,977478,39
2025-06-25,Centro,Tecnologia,Pago,Tablet,Recurrente,1147,24,0.0209,32,182996,4391899,50
2025-03-14,Norte,Vestuario,Referido,Desktop,Nuevo,178,0,0.0,2,42071,0,47
2025-06-24,Norte,Electrodomesticos,Referido,Mobile,Nuevo,549,8,0.0146,12,160063,1280502,41
2025-06-29,Sur,Electrodomesticos,Email,Desktop,Nuevo,50,0,0.0,1,169934,0,59
2025-05-21,Sur,Tecnologia,Email,Desktop,Recurrente,656,13,0.0198,13,215605,2802869,29
2024-06-13,Sur,Electrodomesticos,Organico,Mobile,Nuevo,421,1,0.0024,2,145511,145511,50
2025-10-18,Norte,Vestuario,Pago,Desktop,Nuevo,986,25,0.0254,26,51845,1296116,24
2024-04-08,Sur,Deportes,Referido,Mobile,Recurrente,450,10,0.0222,15,72647,726465,42
2024-12-18,Norte,Tecnologia,Organico,Mobile,Recurrente,897,18,0.0201,23,194337,3498058,40
2025-02-18,Centro,Vestuario,Email,Tablet,Recurrente,703,18,0.0256,18,45851,825322,30
2025-06-23,Centro,Electrodomesticos,Email,Desktop,Recurrente,443,11,0.0248,12,160536,1765892,6
2025-06-03,Norte,Vestuario,Referido,Mobile,Nuevo,582,17,0.0292,17,34121,580052,17
2024-07-26,Sur,Deportes,Referido,Desktop,Nuevo,683,6,0.0088,6,67946,407674,45
2025-08-24,Norte,Deportes,Social,Tablet,Nuevo,50,0,0.0,0,69436,0,27
2024-04-02,Norte,Vestuario,Social,Desktop,Nuevo,772,20,0.0259,27,50573,1011451,8
2025-11-01,Centro,Hogar,Organico,Mobile,Recurrente,1740,36,0.0207,43,113374,4081461,42
2025-06-18,Centro,Deportes,Pago,Desktop,Nuevo,1339,17,0.0127,17,65214,1108637,42
2024-06-19,Centro,Vestuario,Email,Mobile,Recurrente,1001,25,0.025,25,41084,1027091,22
2025-03-22,Centro,Tecnologia,Pago,Tablet,Recurrente,730,18,0.0247,27,213945,3851004,25
2025-01-28,Norte,Electrodomesticos,Social,Mobile,Recurrente,919,18,0.0196,18,165855,2985385,41
2024-01-06,Sur,Vestuario,Pago,Mobile,Recurrente,445,13,0.0292,18,55300,718901,44
2024-02-06,Sur,Tecnologia,Pago,Desktop,Recurrente,976,21,0.0215,33,212808,4468961,46
2025-07-08,Sur,Deportes,Organico,Tablet,Recurrente,837,13,0.0155,13,65174,847257,53
2025-10-31,Norte,Vestuario,Referido,Mobile,Recurrente,521,12,0.023,12,45344,544123,40
2024-01-15,Norte,Vestuario,Social,Mobile,Nuevo,615,17,0.0276,17,44786,761359,30
2024-07-19,Centro,Hogar,Pago,Desktop,Nuevo,1030,14,0.0136,14,107396,1503542,49
2024-08-02,Sur,Deportes,Organico,Tablet,Nuevo,641,8,0.0125,12,62088,496702,48
2025-01-19,Sur,Vestuario,Pago,Mobile,Recurrente,609,19,0.0312,19,44650,848353,54
2025-09-29,Norte,Vestuario,Referido,Desktop,Recurrente,239,8,0.0335,9,47756,382050,47
2024-03-04,Centro,Deportes,Referido,Desktop,Nuevo,469,10,0.0213,18,64152,641523,30
2024-04-08,Sur,Deportes,Organico,Mobile,Nuevo,611,11,0.018,21,42182,463997,30
2024-05-13,Centro,Vestuario,Organico,Desktop,Nuevo,846,14,0.0165,25,51979,727701,30
2025-11-20,Sur,Hogar,Referido,Tablet,Nuevo,539,11,0.0204,11,86927,956198,44
2025-04-28,Sur,Hogar,Organico,Mobile,Nuevo,1309,17,0.013,21,96409,1638961,44
2024-02-03,Norte,Deportes,Organico,Desktop,Recurrente,272,6,0.0221,6,70370,422222,19
2025-03-19,Centro,Hogar,Referido,Desktop,Nuevo,1030,17,0.0165,27,96115,1633951,38
2024-08-16,Centro,Electrodomesticos,Referido,Desktop,Nuevo,249,5,0.0201,6,159598,797988,26
2024-12-28,Sur,Electrodomesticos,Pago,Desktop,Recurrente,1281,25,0.0195,32,143032,3575809,19
2024-12-28,Norte,Vestuario,Email,Tablet,Nuevo,339,6,0.0177,8,49511,297067,29
2025-10-20,Norte,Hogar,Pago,Tablet,Recurrente,586,13,0.0222,15,99647,1295411,39
2024-03-28,Sur,Electrodomesticos,Pago,Tablet,Nuevo,1045,19,0.0182,19,103742,1971095,37
2024-11-24,Sur,Vestuario,Pago,Mobile,Nuevo,1349,30,0.0222,32,45766,1372966,38
2025-04-19,Norte,Electrodomesticos,Pago,Mobile,Nuevo,593,6,0.0101,12,164014,984081,36
2024-06-23,Norte,Electrodomesticos,Organico,Mobile,Recurrente,1030,20,0.0194,26,113400,2268000,53
2025-08-16,Sur,Tecnologia,Referido,Desktop,Nuevo,131,0,0.0,1,176300,0,16
2024-08-18,Norte,Vestuario,Pago,Desktop,Recurrente,1065,35,0.0329,35,47229,1653024,40
2024-08-17,Centro,Deportes,Referido,Tablet,Recurrente,442,7,0.0158,8,54504,381527,54
2024-10-13,Centro,Tecnologia,Referido,Tablet,Recurrente,461,11,0.0239,11,210948,2320429,42
2025-06-22,Norte,Vestuario,Social,Tablet,Nuevo,225,5,0.0222,5,49375,246876,24
2025-06-09,Sur,Vestuario,Email,Desktop,Nuevo,398,4,0.0101,8,49985,199938,39
2024-01-17,Norte,Tecnologia,Social,Desktop,Recurrente,770,9,0.0117,9,208779,1879011,33
2024-03-25,Norte,Tecnologia,Organico,Desktop,Nuevo,792,24,0.0303,25,185653,4455665,49
2024-05-12,Centro,Vestuario,Organico,Tablet,Recurrente,671,22,0.0328,32,55786,1227283,41
2024-04-04,Centro,Hogar,Referido,Mobile,Recurrente,993,11,0.0111,15,107259,1179851,64
2024-04-02,Sur,Vestuario,Email,Tablet,Nuevo,548,22,0.0401,25,51396,1130706,9
2024-07-09,Centro,Vestuario,Email,Mobile,Recurrente,530,10,0.0189,10,50771,507713,42
2024-03-29,Norte,Deportes,Organico,Mobile,Nuevo,1052,20,0.019,23,51096,1021923,43
2025-01-28,Centro,Hogar,Referido,Desktop,Nuevo,701,9,0.0128,14,85697,771277,30
2025-07-25,Norte,Hogar,Referido,Tablet,Nuevo,357,8,0.0224,8,109119,872953,40
2025-06-05,Sur,Deportes,Email,Desktop,Nuevo,658,14,0.0213,18,61848,865875,38
2024-08-06,Norte,Deportes,Organico,Desktop,Nuevo,835,19,0.0228,19,57374,1090106,35
2025-07-19,Centro,Tecnologia,Referido,Mobile,Recurrente,894,16,0.0179,16,175350,2805592,27
2024-01-21,Norte,Deportes,Pago,Mobile,Nuevo,773,12,0.0155,23,45325,543897,45
2025-04-30,Sur,Electrodomesticos,Email,Mobile,Recurrente,979,23,0.0235,37,184328,4239540,45
2025-01-07,Centro,Electrodomesticos,Organico,Tablet,Recurrente,443,8,0.0181,8,145853,1166821,40
2025-03-03,Centro,Electrodomesticos,Pago,Mobile,Nuevo,1047,19,0.0181,20,121864,2315424,30
2024-07-27,Norte,Tecnologia,Social,Tablet,Recurrente,163,9,0.0552,9,173716,1563445,37
2024-10-08,Norte,Vestuario,Social,Mobile,Nuevo,983,17,0.0173,17,40651,691063,20
2025-01-25,Centro,Vestuario,Organico,Tablet,Recurrente,735,28,0.0381,29,56859,1592051,56
2024-08-22,Centro,Vestuario,Referido,Mobile,Recurrente,633,11,0.0174,15,43112,474236,28
2024-12-01,Norte,Vestuario,Referido,Desktop,Nuevo,419,9,0.0215,9,40039,360348,30
2024-05-04,Sur,Hogar,Social,Mobile,Recurrente,693,15,0.0216,15,101461,1521916,26
2024-08-30,Sur,Hogar,Social,Desktop,Recurrente,735,17,0.0231,20,85221,1448762,40
2024-07-22,Sur,Electrodomesticos,Referido,Desktop,Recurrente,488,5,0.0102,5,182446,912232,49
2025-10-25,Norte,Vestuario,Social,Desktop,Nuevo,577,11,0.0191,19,46527,511795,23
2024-04-23,Norte,Tecnologia,Social,Tablet,Nuevo,453,11,0.0243,11,201477,2216247,31
2024-09-17,Sur,Hogar,Pago,Tablet,Nuevo,757,8,0.0106,14,87076,696609,38
2024-04-13,Norte,Tecnologia,Email,Desktop,Nuevo,449,14,0.0312,20,228482,3198748,31
2024-11-23,Sur,Electrodomesticos,Email,Tablet,Recurrente,676,19,0.0281,25,133980,2545611,42
2025-07-03,Sur,Electrodomesticos,Email,Mobile,Nuevo,1110,14,0.0126,15,164974,2309638,44
2024-09-09,Norte,Vestuario,Referido,Mobile,Nuevo,386,5,0.013,5,42179,210893,35
2025-09-07,Norte,Deportes,Pago,Mobile,Nuevo,774,18,0.0233,18,58226,1048068,39
2024-10-10,Centro,Vestuario,Social,Tablet,Recurrente,818,12,0.0147,16,45402,544818,35
2025-05-10,Centro,Hogar,Organico,Mobile,Recurrente,653,11,0.0168,11,95214,1047349,32
2025-07-07,Centro,Vestuario,Email,Mobile,Nuevo,832,25,0.03,35,40462,1011540,10
2024-01-30,Sur,Tecnologia,Social,Desktop,Nuevo,414,12,0.029,13,167545,2010535,29
2024-09-24,Norte,Deportes,Email,Tablet,Recurrente,397,9,0.0227,11,63569,572124,39
2025-06-13,Sur,Electrodomesticos,Email,Desktop,Recurrente,615,8,0.013,10,133225,1065803,38
2025-10-03,Sur,Hogar,Email,Mobile,Recurrente,781,19,0.0243,21,103946,1974969,29
2025-10-15,Norte,Tecnologia,Email,Tablet,Recurrente,404,13,0.0322,13,169162,2199110,43
2024-09-29,Sur,Tecnologia,Email,Tablet,Nuevo,241,8,0.0332,8,156457,1251652,35
2024-06-07,Centro,Tecnologia,Email,Desktop,Nuevo,1100,22,0.02,23,190698,4195349,33
2024-11-22,Norte,Tecnologia,Pago,Mobile,Recurrente,565,11,0.0195,13,206916,2276080,26
2025-11-24,Centro,Tecnologia,Social,Mobile,Nuevo,907,14,0.0154,15,173511,2429160,55
2024-08-15,Sur,Tecnologia,Social,Mobile,Recurrente,827,10,0.0121,10,223316,2233159,37
2024-08-27,Norte,Tecnologia,Pago,Desktop,Nuevo,355,10,0.0282,10,238140,2381400,46
2025-08-15,Norte,Tecnologia,Pago,Tablet,Nuevo,487,11,0.0226,11,212200,2334199,25
2024-07-18,Sur,Hogar,Referido,Tablet,Recurrente,223,4,0.0179,6,113020,452079,54
2025-01-01,Centro,Electrodomesticos,Organico,Tablet,Recurrente,1084,15,0.0138,15,150905,2263572,39
2024-12-04,Sur,Deportes,Social,Desktop,Nuevo,657,20,0.0304,26,69039,1380770,21
2024-05-29,Centro,Hogar,Email,Desktop,Nuevo,860,20,0.0233,21,102557,2051138,42
2024-11-14,Norte,Hogar,Referido,Mobile,Recurrente,593,14,0.0236,21,98638,1380934,72
2024-03-05,Sur,Vestuario,Referido,Tablet,Nuevo,343,12,0.035,18,37185,446216,34
2024-03-17,Centro,Deportes,Referido,Tablet,Recurrente,798,19,0.0238,19,50030,950571,49
2024-10-17,Norte,Tecnologia,Organico,Tablet,Nuevo,625,11,0.0176,11,214015,2354165,23
2024-08-22,Centro,Hogar,Organico,Tablet,Nuevo,941,18,0.0191,18,101171,1821075,38
2025-02-03,Sur,Tecnologia,Email,Mobile,Nuevo,797,21,0.0263,28,195214,4099486,42
2025-02-01,Sur,Electrodomesticos,Organico,Desktop,Recurrente,1290,18,0.014,25,155391,2797042,39
2025-07-16,Sur,Hogar,Pago,Tablet,Recurrente,815,18,0.0221,18,108365,1950570,55
2024-04-26,Sur,Hogar,Social,Mobile,Recurrente,782,21,0.0269,27,104312,2190549,63
2024-08-20,Centro,Tecnologia,Referido,Mobile,Nuevo,417,11,0.0264,13,138415,1522566,49
2025-07-13,Norte,Deportes,Social,Desktop,Recurrente,610,13,0.0213,13,59030,767390,62
2024-08-09,Norte,Hogar,Organico,Mobile,Recurrente,857,14,0.0163,17,90447,1266255,36
2024-05-17,Norte,Hogar,Organico,Tablet,Nuevo,557,7,0.0126,7,70260,491820,55
2024-12-18,Sur,Tecnologia,Email,Desktop,Nuevo,867,23,0.0265,24,144817,3330799,59
2024-02-24,Sur,Hogar,Social,Desktop,Recurrente,461,10,0.0217,11,97977,979774,29
2025-04-10,Norte,Vestuario,Referido,Tablet,Recurrente,258,6,0.0233,6,55398,332387,5
2025-10-11,Sur,Tecnologia,Referido,Desktop,Recurrente,287,12,0.0418,15,189949,2279389,55
2024-11-24,Centro,Electrodomesticos,Organico,Mobile,Recurrente,686,11,0.016,17,149406,1643462,39
2025-08-21,Centro,Deportes,Pago,Desktop,Nuevo,1376,17,0.0124,21,65664,1116284,21
2025-12-07,Sur,Hogar,Referido,Tablet,Recurrente,420,14,0.0333,14,89275,1249843,59
2025-02-21,Centro,Vestuario,Referido,Desktop,Nuevo,511,12,0.0235,17,48422,581069,29
2024-06-24,Norte,Hogar,Social,Mobile,Nuevo,291,3,0.0103,4,93180,279538,31
2024-09-10,Centro,Hogar,Referido,Mobile,Recurrente,836,20,0.0239,26,111810,2236200,43
2025-01-09,Centro,Vestuario,Referido,Tablet,Recurrente,815,18,0.0221,24,47527,855490,43
2025-10-15,Sur,Vestuario,Organico,Desktop,Recurrente,750,24,0.032,36,48188,1156504,29
2024-11-14,Sur,Vestuario,Email,Mobile,Nuevo,816,19,0.0233,19,43205,820885,16
2025-09-07,Sur,Deportes,Organico,Desktop,Nuevo,234,0,0.0,1,54269,0,44
2025-03-23,Sur,Electrodomesticos,Pago,Tablet,Nuevo,861,20,0.0232,27,137759,2755183,38
2024-04-13,Centro,Deportes,Social,Mobile,Nuevo,590,11,0.0186,14,50751,558256,20
2024-01-24,Sur,Electrodomesticos,Pago,Tablet,Recurrente,914,24,0.0263,24,139468,3347229,22
2025-01-20,Sur,Vestuario,Referido,Mobile,Recurrente,203,5,0.0246,5,55515,277575,29
2024-01-08,Norte,Tecnologia,Organico,Desktop,Recurrente,475,8,0.0168,8,209307,1674459,40
2025-09-30,Centro,Electrodomesticos,Email,Desktop,Nuevo,668,17,0.0254,18,175734,2987470,24
2024-08-02,Centro,Hogar,Organico,Mobile,Recurrente,1644,32,0.0195,34,95333,3050642,43
2024-06-05,Centro,Deportes,Social,Mobile,Recurrente,714,13,0.0182,16,63705,828164,41
2024-04-15,Norte,Tecnologia,Email,Desktop,Nuevo,573,6,0.0105,6,137399,824391,41
2024-08-24,Sur,Electrodomesticos,Social,Desktop,Recurrente,377,11,0.0292,19,138476,1523238,31
2024-01-05,Centro,Hogar,Pago,Desktop,Nuevo,1512,19,0.0126,28,95271,1810139,39
2024-12-22,Norte,Electrodomesticos,Organico,Desktop,Nuevo,960,19,0.0198,19,127326,2419191,41
2025-06-06,Centro,Hogar,Email,Mobile,Recurrente,953,27,0.0283,41,131220,3542940,37
2024-07-10,Centro,Deportes,Pago,Desktop,Recurrente,1186,22,0.0185,29,59581,1310791,42
2024-12-09,Sur,Vestuario,Referido,Mobile,Nuevo,737,8,0.0109,10,46039,368308,36
2024-12-05,Sur,Vestuario,Referido,Desktop,Recurrente,652,19,0.0291,19,49383,938283,40
2024-04-03,Sur,Hogar,Pago,Tablet,Recurrente,807,14,0.0173,21,101975,1427651,41
2024-12-05,Sur,Tecnologia,Pago,Desktop,Recurrente,1311,31,0.0236,31,194056,6015743,47
2024-11-04,Sur,Tecnologia,Pago,Desktop,Recurrente,1039,35,0.0337,50,155358,5437542,35
2024-11-10,Norte,Deportes,Social,Tablet,Recurrente,351,9,0.0256,9,63323,569904,44
2025-08-02,Centro,Vestuario,Pago,Mobile,Nuevo,2106,34,0.0161,34,37871,1287617,31
2024-11-29,Norte,Deportes,Social,Tablet,Recurrente,608,17,0.028,23,56514,960732,40
2024-10-04,Norte,Deportes,Social,Desktop,Recurrente,469,7,0.0149,9,77434,542036,48
2025-06-19,Sur,Hogar,Pago,Desktop,Recurrente,557,14,0.0251,17,94712,1325971,38
2025-07-01,Centro,Hogar,Email,Mobile,Recurrente,1230,35,0.0285,39,92057,3221986,52
2025-06-09,Norte,Hogar,Referido,Tablet,Nuevo,345,6,0.0174,10,88381,530287,43
2025-05-24,Sur,Electrodomesticos,Referido,Tablet,Recurrente,376,5,0.0133,5,170644,853217,45
2025-07-29,Centro,Vestuario,Email,Tablet,Recurrente,668,19,0.0284,19,51313,974942,41
2025-07-14,Sur,Electrodomesticos,Referido,Desktop,Nuevo,417,7,0.0168,11,160352,1122461,30
2025-04-06,Centro,Hogar,Referido,Tablet,Nuevo,504,7,0.0139,15,97277,680942,36
2025-05-05,Centro,Vestuario,Social,Desktop,Nuevo,927,13,0.014,20,43388,564040,22
2025-07-03,Centro,Deportes,Referido,Tablet,Recurrente,606,14,0.0231,17,57162,800269,46
2024-11-24,Sur,Electrodomesticos,Referido,Tablet,Recurrente,366,12,0.0328,12,166925,2003101,42
2024-04-18,Norte,Tecnologia,Organico,Tablet,Recurrente,630,11,0.0175,11,194160,2135757,50
2024-07-17,Sur,Tecnologia,Email,Tablet,Nuevo,500,6,0.012,7,161733,970399,27
2025-11-19,Norte,Vestuario,Email,Desktop,Recurrente,688,22,0.032,27,37905,833914,42
2025-12-22,Centro,Tecnologia,Referido,Desktop,Nuevo,521,11,0.0211,11,160960,1770560,26
2025-12-13,Sur,Electrodomesticos,Email,Mobile,Nuevo,494,11,0.0223,12,151197,1663166,37
2025-07-23,Centro,Vestuario,Pago,Desktop,Nuevo,906,16,0.0177,23,40976,655616,27
2025-01-11,Norte,Electrodomesticos,Email,Tablet,Recurrente,506,9,0.0178,9,193118,1738063,55
2025-01-01,Centro,Vestuario,Email,Tablet,Recurrente,474,14,0.0295,26,51417,719841,45
2025-10-06,Sur,Electrodomesticos,Email,Desktop,Nuevo,726,9,0.0124,10,119568,1076108,23
2025-10-20,Centro,Vestuario,Organico,Mobile,Nuevo,1878,36,0.0192,36,38539,1387409,38
2024-08-29,Sur,Vestuario,Pago,Mobile,Nuevo,846,21,0.0248,24,38749,813723,30
2024-06-27,Sur,Vestuario,Referido,Tablet,Recurrente,251,8,0.0319,9,46534,372269,29
2025-05-23,Norte,Deportes,Social,Desktop,Recurrente,652,22,0.0337,23,65826,1448179,24
2025-06-28,Centro,Electrodomesticos,Pago,Desktop,Recurrente,572,8,0.014,8,168004,1344033,34
2025-08-24,Centro,Tecnologia,Email,Tablet,Nuevo,288,4,0.0139,4,192447,769787,32
2025-04-12,Centro,Deportes,Referido,Tablet,Nuevo,526,10,0.019,13,60590,605895,22
2025-01-23,Centro,Hogar,Social,Desktop,Nuevo,850,12,0.0141,16,89331,1071969,38
2025-11-29,Centro,Electrodomesticos,Organico,Desktop,Nuevo,750,12,0.016,19,171119,2053430,50
2024-04-29,Sur,Tecnologia,Pago,Mobile,Recurrente,1212,26,0.0215,32,183672,4775483,45
2025-06-02,Centro,Hogar,Social,Tablet,Recurrente,404,10,0.0248,21,118821,1188212,33
2024-04-01,Centro,Tecnologia,Email,Mobile,Recurrente,1148,30,0.0261,35,184931,5547929,41
2025-12-19,Sur,Deportes,Social,Desktop,Recurrente,859,21,0.0244,38,52199,1096187,40
2025-12-19,Norte,Deportes,Organico,Tablet,Recurrente,579,10,0.0173,12,56670,566699,67
2025-02-27,Centro,Tecnologia,Pago,Tablet,Recurrente,560,13,0.0232,21,133358,1733659,49
2025-07-05,Sur,Hogar,Organico,Mobile,Nuevo,821,15,0.0183,17,76976,1154633,36
2025-09-22,Sur,Electrodomesticos,Referido,Mobile,Nuevo,918,16,0.0174,16,147943,2367091,37
2025-11-04,Norte,Hogar,Social,Desktop,Nuevo,834,9,0.0108,12,83515,751630,44
2024-08-26,Centro,Vestuario,Social,Mobile,Recurrente,939,30,0.0319,30,56621,1698636,21
2024-02-05,Centro,Hogar,Referido,Mobile,Recurrente,566,15,0.0265,21,130182,1952729,48
2025-05-08,Norte,Hogar,Referido,Desktop,Recurrente,320,7,0.0219,9,104553,731869,32
2025-09-05,Centro,Deportes,Social,Tablet,Recurrente,444,12,0.027,12,51530,618361,36
2025-09-16,Norte,Tecnologia,Organico,Tablet,Recurrente,743,25,0.0336,26,196611,4915277,34
2024-03-27,Norte,Electrodomesticos,Social,Desktop,Nuevo,745,12,0.0161,12,158718,1904613,21
2025-05-25,Sur,Tecnologia,Email,Tablet,Nuevo,477,5,0.0105,5,182273,911364,32
2024-01-02,Norte,Electrodomesticos,Organico,Tablet,Nuevo,528,9,0.017,9,152609,1373484,29
2025-05-31,Centro,Tecnologia,Email,Mobile,Recurrente,755,25,0.0331,25,166787,4169670,43
2025-11-26,Sur,Vestuario,Organico,Mobile,Recurrente,1836,46,0.0251,59,52865,2431790,40
2024-08-21,Sur,Deportes,Email,Tablet,Recurrente,393,8,0.0204,12,51967,415736,40
2024-01-16,Centro,Hogar,Referido,Tablet,Nuevo,463,16,0.0346,16,93059,1488940,36
2025-04-03,Centro,Tecnologia,Organico,Desktop,Nuevo,949,21,0.0221,21,183091,3844906,37
2024-10-14,Norte,Hogar,Referido,Tablet,Recurrente,407,8,0.0197,8,87198,697584,47
2025-11-22,Centro,Electrodomesticos,Organico,Mobile,Nuevo,1700,19,0.0112,22,115223,2189236,29
2024-04-20,Sur,Hogar,Pago,Desktop,Nuevo,977,21,0.0215,21,77268,1622620,25
2024-02-27,Norte,Deportes,Organico,Desktop,Nuevo,410,7,0.0171,8,54786,383498,40
2025-04-18,Norte,Vestuario,Email,Desktop,Recurrente,376,10,0.0266,10,40057,400573,38
2025-10-10,Norte,Vestuario,Referido,Desktop,Recurrente,405,14,0.0346,14,50551,707719,12
2024-05-17,Centro,Deportes,Organico,Desktop,Recurrente,1128,23,0.0204,23,57011,1311256,52
2024-04-17,Sur,Electrodomesticos,Email,Desktop,Nuevo,675,15,0.0222,15,171084,2566259,47
2024-08-18,Centro,Hogar,Email,Tablet,Nuevo,419,10,0.0239,11,79393,793928,19
2025-11-04,Centro,Electrodomesticos,Referido,Desktop,Nuevo,611,5,0.0082,11,179439,897192,38
2025-05-31,Norte,Deportes,Pago,Mobile,Nuevo,868,8,0.0092,14,53640,429118,42
2025-07-10,Sur,Tecnologia,Referido,Tablet,Nuevo,337,5,0.0148,6,170903,854515,35
2024-04-04,Sur,Hogar,Social,Desktop,Recurrente,951,21,0.0221,28,97078,2038628,51
2024-09-06,Sur,Electrodomesticos,Pago,Desktop,Recurrente,689,14,0.0203,14,133607,1870496,49
2025-03-26,Norte,Hogar,Social,Mobile,Recurrente,792,19,0.024,24,107396,2040520,32
2025-10-30,Norte,Hogar,Organico,Desktop,Recurrente,409,7,0.0171,8,106674,746716,56
2024-12-14,Centro,Hogar,Email,Mobile,Recurrente,1019,18,0.0177,22,112663,2027926,54
2024-03-26,Sur,Tecnologia,Referido,Tablet,Nuevo,448,5,0.0112,5,156596,782978,45
2024-05-07,Sur,Vestuario,Email,Desktop,Nuevo,491,19,0.0387,25,39638,753112,35
2025-07-19,Norte,Tecnologia,Organico,Tablet,Recurrente,528,9,0.017,9,227556,2048000,47
2024-02-05,Norte,Deportes,Social,Tablet,Recurrente,505,12,0.0238,12,67986,815831,47
2025-03-31,Sur,Vestuario,Email,Mobile,Recurrente,916,28,0.0306,29,49164,1376579,26
2024-05-10,Sur,Deportes,Social,Desktop,Recurrente,752,21,0.0279,27,64240,1349045,37
2024-04-12,Centro,Vestuario,Social,Mobile,Nuevo,859,11,0.0128,12,36452,400975,21
2024-03-26,Centro,Tecnologia,Organico,Tablet,Nuevo,1218,22,0.0181,22,190820,4198029,38
2024-12-06,Norte,Vestuario,Social,Mobile,Recurrente,836,22,0.0263,30,56694,1247269,26
2024-08-22,Centro,Deportes,Social,Tablet,Recurrente,926,24,0.0259,24,66137,1587291,39
2024-11-22,Centro,Electrodomesticos,Referido,Mobile,Recurrente,687,12,0.0175,19,139201,1670412,60
2024-01-02,Norte,Vestuario,Pago,Desktop,Recurrente,1115,35,0.0314,47,52996,1854844,24
2024-06-30,Centro,Electrodomesticos,Referido,Mobile,Nuevo,588,10,0.017,14,142466,1424658,39
2025-10-29,Norte,Electrodomesticos,Pago,Mobile,Nuevo,1353,16,0.0118,16,125997,2015947,31
2025-06-22,Norte,Electrodomesticos,Email,Tablet,Nuevo,358,5,0.014,5,147614,738068,25
2025-11-18,Norte,Deportes,Email,Tablet,Nuevo,367,8,0.0218,10,76742,613937,45
2025-03-17,Norte,Vestuario,Organico,Desktop,Nuevo,999,22,0.022,26,41222,906879,20
2025-03-16,Norte,Vestuario,Pago,Tablet,Recurrente,222,4,0.018,7,50704,202815,28
2025-06-07,Sur,Electrodomesticos,Pago,Desktop,Recurrente,793,15,0.0189,17,153089,2296336,47
2024-12-17,Centro,Deportes,Pago,Tablet,Nuevo,1328,30,0.0226,30,58628,1758826,40
2025-09-27,Sur,Deportes,Social,Tablet,Nuevo,600,10,0.0167,13,67845,678446,55
2024-01-27,Norte,Electrodomesticos,Organico,Mobile,Nuevo,570,8,0.014,15,144522,1156177,51
2024-10-15,Norte,Electrodomesticos,Organico,Mobile,Recurrente,873,28,0.0321,36,181389,5078879,34
2025-08-17,Norte,Deportes,Pago,Tablet,Recurrente,614,6,0.0098,10,55395,332370,39
2024-12-09,Norte,Deportes,Referido,Tablet,Recurrente,283,7,0.0247,9,74330,520307,43
2024-02-07,Norte,Vestuario,Social,Desktop,Nuevo,468,16,0.0342,18,37226,595611,36
2025-01-10,Norte,Deportes,Organico,Tablet,Nuevo,509,12,0.0236,13,69288,831460,49
2025-06-23,Centro,Deportes,Social,Desktop,Recurrente,478,6,0.0126,6,70796,424773,39
2024-12-28,Centro,Deportes,Social,Tablet,Nuevo,470,11,0.0234,17,47768,525450,44
2024-02-10,Sur,Electrodomesticos,Pago,Tablet,Nuevo,888,14,0.0158,14,142904,2000655,41
2025-06-15,Centro,Deportes,Referido,Tablet,Recurrente,236,8,0.0339,16,62076,496604,49
2025-06-15,Centro,Vestuario,Organico,Mobile,Recurrente,973,14,0.0144,14,46645,653028,32
2024-02-19,Norte,Vestuario,Pago,Desktop,Recurrente,1069,25,0.0234,26,45456,1136398,22
2024-10-23,Sur,Hogar,Social,Desktop,Nuevo,353,1,0.0028,1,86853,86852,44
2025-02-04,Norte,Deportes,Pago,Mobile,Nuevo,927,15,0.0162,16,58557,878350,38
2025-12-31,Sur,Tecnologia,Organico,Desktop,Nuevo,1419,24,0.0169,27,226624,5438966,40
2024-07-27,Centro,Electrodomesticos,Social,Desktop,Nuevo,1069,13,0.0122,13,174536,2268963,28
2024-02-15,Norte,Hogar,Organico,Tablet,Recurrente,784,20,0.0255,22,98017,1960338,31
2025-08-20,Sur,Hogar,Social,Tablet,Recurrente,399,4,0.01,4,114330,457320,40
2024-01-22,Centro,Deportes,Organico,Desktop,Nuevo,809,11,0.0136,15,50450,554944,24
2025-12-23,Centro,Deportes,Email,Desktop,Nuevo,976,20,0.0205,20,68710,1374192,55
2025-03-16,Norte,Vestuario,Social,Tablet,Recurrente,555,15,0.027,23,56783,851740,56
2024-09-27,Sur,Electrodomesticos,Social,Desktop,Recurrente,541,11,0.0203,11,146814,1614952,38
2024-01-06,Centro,Hogar,Referido,Tablet,Recurrente,379,10,0.0264,12,86332,863321,47
2024-08-21,Centro,Hogar,Organico,Desktop,Nuevo,846,18,0.0213,22,101618,1829130,46
2025-07-01,Sur,Deportes,Pago,Tablet,Nuevo,909,14,0.0154,19,65024,910342,31
2025-12-28,Norte,Electrodomesticos,Pago,Mobile,Nuevo,1187,17,0.0143,24,151433,2574367,50
2025-07-30,Norte,Hogar,Referido,Mobile,Recurrente,639,14,0.0219,24,100242,1403391,42
2025-03-02,Sur,Tecnologia,Pago,Desktop,Recurrente,775,18,0.0232,19,188483,3392698,43
2024-07-04,Sur,Deportes,Organico,Tablet,Recurrente,416,6,0.0144,6,61751,370506,46
2024-07-12,Norte,Deportes,Referido,Tablet,Recurrente,212,1,0.0047,3,64697,64697,46
2024-05-03,Sur,Hogar,Organico,Desktop,Recurrente,617,18,0.0292,20,107894,1942093,48
2024-09-14,Norte,Electrodomesticos,Email,Mobile,Nuevo,540,7,0.013,15,169598,1187183,24
2025-11-06,Norte,Deportes,Email,Mobile,Nuevo,449,8,0.0178,10,61363,490901,38
2024-03-24,Norte,Electrodomesticos,Referido,Desktop,Nuevo,518,8,0.0154,8,164103,1312827,24
2024-07-04,Norte,Hogar,Social,Tablet,Nuevo,808,9,0.0111,15,113361,1020250,33
2024-08-30,Centro,Vestuario,Referido,Tablet,Nuevo,235,5,0.0213,5,37209,186045,26
2025-07-19,Centro,Deportes,Organico,Tablet,Recurrente,889,19,0.0214,19,78085,1483617,32
2024-08-25,Norte,Vestuario,Social,Desktop,Recurrente,550,12,0.0218,12,57984,695804,48
2024-03-26,Sur,Tecnologia,Social,Mobile,Recurrente,775,17,0.0219,17,208080,3537358,40
2024-11-03,Centro,Vestuario,Pago,Mobile,Nuevo,1227,26,0.0212,34,57590,1497329,18
2024-07-01,Norte,Vestuario,Social,Desktop,Nuevo,774,17,0.022,17,55473,943044,28
2024-01-24,Norte,Hogar,Email,Desktop,Recurrente,384,8,0.0208,13,99368,794944,65
2025-08-23,Sur,Hogar,Email,Desktop,Nuevo,534,10,0.0187,14,79868,798676,55
2025-05-21,Sur,Tecnologia,Email,Mobile,Nuevo,1163,24,0.0206,27,177069,4249653,54
2025-08-04,Centro,Vestuario,Organico,Tablet,Nuevo,712,12,0.0169,14,39384,472611,39
2025-10-02,Sur,Hogar,Pago,Desktop,Nuevo,828,23,0.0278,26,74887,1722396,22
2024-05-08,Norte,Deportes,Referido,Desktop,Nuevo,639,11,0.0172,19,50586,556442,30
2025-01-05,Sur,Deportes,Email,Tablet,Nuevo,348,10,0.0287,10,59242,592416,32
2024-03-24,Centro,Tecnologia,Organico,Mobile,Recurrente,593,17,0.0287,21,215485,3663245,39
2024-12-11,Sur,Tecnologia,Social,Tablet,Recurrente,491,8,0.0163,9,192737,1541892,23
2025-09-12,Norte,Tecnologia,Referido,Desktop,Recurrente,229,3,0.0131,4,170947,512840,49
2025-02-01,Centro,Hogar,Pago,Mobile,Recurrente,1255,31,0.0247,33,101715,3153162,64
2025-06-10,Centro,Vestuario,Email,Mobile,Nuevo,981,15,0.0153,23,41095,616431,35
2024-03-10,Norte,Electrodomesticos,Social,Tablet,Nuevo,467,6,0.0128,6,145264,871581,31
2024-05-16,Sur,Hogar,Pago,Desktop,Nuevo,643,10,0.0156,10,96718,967178,30
2024-02-04,Sur,Vestuario,Pago,Desktop,Recurrente,419,7,0.0167,10,44630,312407,25
2024-11-30,Sur,Electrodomesticos,Organico,Desktop,Nuevo,900,19,0.0211,20,119854,2277218,38
2025-12-07,Sur,Vestuario,Social,Mobile,Recurrente,613,16,0.0261,16,47169,754709,44
2025-08-02,Sur,Deportes,Social,Desktop,Recurrente,838,23,0.0274,37,65739,1511988,25
2025-09-14,Sur,Vestuario,Email,Tablet,Nuevo,548,11,0.0201,11,49898,548881,18
2025-02-03,Sur,Hogar,Referido,Tablet,Nuevo,360,6,0.0167,6,102220,613321,57
2024-01-07,Centro,Electrodomesticos,Organico,Tablet,Nuevo,847,15,0.0177,15,149775,2246617,40
2025-08-27,Sur,Deportes,Email,Tablet,Recurrente,270,7,0.0259,9,57494,402455,44
2024-11-26,Sur,Electrodomesticos,Email,Mobile,Recurrente,506,14,0.0277,15,160130,2241816,25
2024-09-07,Norte,Deportes,Organico,Mobile,Recurrente,1163,33,0.0284,44,75195,2481429,51
2025-10-04,Norte,Hogar,Referido,Tablet,Nuevo,244,8,0.0328,9,79093,632742,50
2025-12-28,Sur,Vestuario,Organico,Desktop,Recurrente,460,16,0.0348,16,56412,902590,22
2024-11-12,Sur,Hogar,Referido,Desktop,Recurrente,438,11,0.0251,11,87628,963903,17
2025-06-01,Centro,Tecnologia,Email,Desktop,Nuevo,611,12,0.0196,12,208448,2501378,16
2025-06-28,Centro,Deportes,Pago,Desktop,Recurrente,1445,24,0.0166,29,61629,1479092,41
2025-11-17,Sur,Vestuario,Referido,Desktop,Recurrente,585,14,0.0239,14,45798,641175,29
2025-06-24,Centro,Tecnologia,Email,Mobile,Recurrente,661,23,0.0348,36,200194,4604461,30
2025-05-31,Centro,Deportes,Referido,Mobile,Nuevo,464,15,0.0323,16,56694,850407,39
2025-08-28,Norte,Electrodomesticos,Pago,Desktop,Nuevo,952,12,0.0126,12,131685,1580220,30
2024-06-08,Norte,Electrodomesticos,Referido,Mobile,Recurrente,161,4,0.0248,4,172869,691476,38
2025-07-13,Centro,Hogar,Email,Tablet,Nuevo,588,15,0.0255,24,71516,1072745,36
2025-11-21,Norte,Electrodomesticos,Pago,Mobile,Recurrente,1021,20,0.0196,31,154434,3088674,38
2024-02-05,Centro,Hogar,Pago,Mobile,Recurrente,1994,58,0.0291,75,102866,5966218,46
2025-03-08,Centro,Hogar,Pago,Desktop,Nuevo,938,13,0.0139,13,97046,1261600,35
2025-01-31,Sur,Tecnologia,Organico,Mobile,Recurrente,730,14,0.0192,17,136080,1905120,50
2025-05-17,Centro,Tecnologia,Pago,Desktop,Nuevo,1331,19,0.0143,24,182329,3464242,42
2024-06-03,Norte,Hogar,Referido,Tablet,Nuevo,230,3,0.013,3,112611,337831,37
2025-04-26,Sur,Electrodomesticos,Organico,Tablet,Recurrente,743,8,0.0108,9,149331,1194650,40
2024-12-23,Centro,Electrodomesticos,Social,Mobile,Recurrente,1308,29,0.0222,37,158116,4585362,33
2025-01-30,Centro,Vestuario,Social,Tablet,Nuevo,742,17,0.0229,18,47986,815763,30
2025-08-20,Sur,Electrodomesticos,Social,Mobile,Recurrente,1003,15,0.015,21,145569,2183535,30
2024-06-06,Centro,Vestuario,Referido,Mobile,Recurrente,792,27,0.0341,27,50882,1373819,35
2025-07-04,Norte,Hogar,Email,Mobile,Nuevo,560,9,0.0161,12,90613,815517,35
2025-03-14,Centro,Hogar,Social,Tablet,Recurrente,522,9,0.0172,9,124294,1118644,44
2024-01-23,Sur,Tecnologia,Referido,Desktop,Recurrente,510,10,0.0196,12,215852,2158515,46
2024-10-24,Norte,Electrodomesticos,Organico,Tablet,Nuevo,679,7,0.0103,8,153098,1071687,42
2025-02-08,Centro,Electrodomesticos,Email,Mobile,Recurrente,661,16,0.0242,22,146938,2351004,36
2024-10-18,Centro,Hogar,Pago,Mobile,Nuevo,1512,29,0.0192,29,93407,2708791,42
2025-05-17,Centro,Hogar,Organico,Tablet,Nuevo,555,12,0.0216,19,83343,1000121,43
2024-03-30,Norte,Tecnologia,Email,Mobile,Nuevo,480,11,0.0229,15,174051,1914556,34
2024-05-20,Centro,Vestuario,Social,Mobile,Recurrente,351,8,0.0228,14,43964,351715,28
2024-04-16,Sur,Tecnologia,Pago,Mobile,Recurrente,799,17,0.0213,22,200421,3407162,30
2024-06-04,Sur,Electrodomesticos,Social,Tablet,Nuevo,396,8,0.0202,8,166229,1329833,25
2025-12-31,Norte,Deportes,Referido,Mobile,Recurrente,563,11,0.0195,16,64219,706412,18
2024-01-11,Centro,Vestuario,Social,Mobile,Nuevo,571,13,0.0228,14,44260,575384,24
2025-10-09,Norte,Electrodomesticos,Organico,Desktop,Recurrente,1213,21,0.0173,21,145747,3060687,35
2024-11-03,Centro,Deportes,Email,Desktop,Recurrente,948,26,0.0274,32,62690,1629947,46
2024-04-09,Norte,Vestuario,Organico,Tablet,Recurrente,846,24,0.0284,31,44555,1069314,43
2024-01-07,Norte,Deportes,Pago,Desktop,Recurrente,437,17,0.0389,17,54566,927621,44
2024-04-24,Norte,Deportes,Email,Tablet,Nuevo,408,9,0.0221,11,60711,546397,19
2024-02-13,Norte,Tecnologia,Social,Tablet,Recurrente,465,8,0.0172,8,209337,1674695,57
2025-03-29,Norte,Electrodomesticos,Social,Mobile,Recurrente,637,12,0.0188,22,137618,1651411,29
2024-09-01,Sur,Deportes,Social,Tablet,Recurrente,409,10,0.0244,10,65326,653261,42
2025-07-17,Centro,Electrodomesticos,Pago,Desktop,Recurrente,1375,13,0.0095,13,152975,1988675,42
2024-08-25,Centro,Tecnologia,Email,Desktop,Recurrente,658,17,0.0258,22,193375,3287380,31
2025-12-29,Centro,Hogar,Social,Tablet,Nuevo,418,5,0.012,5,79164,395819,35
2024-04-16,Sur,Tecnologia,Email,Desktop,Nuevo,795,16,0.0201,16,156714,2507430,24
2025-02-23,Sur,Tecnologia,Referido,Tablet,Recurrente,407,12,0.0295,13,194935,2339214,32
2025-09-27,Centro,Hogar,Pago,Mobile,Recurrente,966,12,0.0124,16,66679,800150,53
2025-02-17,Centro,Electrodomesticos,Organico,Tablet,Recurrente,766,22,0.0287,31,185910,4090029,45
2025-09-10,Sur,Electrodomesticos,Referido,Tablet,Recurrente,278,0,0.0,1,147359,0,31
2025-09-30,Sur,Tecnologia,Organico,Tablet,Nuevo,900,17,0.0189,19,163977,2787609,38
2024-04-18,Centro,Deportes,Pago,Desktop,Nuevo,1375,28,0.0204,31,62757,1757186,35
2024-12-08,Norte,Electrodomesticos,Pago,Mobile,Nuevo,1011,17,0.0168,22,143674,2442455,31
2025-07-28,Norte,Deportes,Email,Tablet,Nuevo,232,7,0.0302,7,73242,512691,46
2025-12-31,Sur,Vestuario,Referido,Mobile,Nuevo,650,14,0.0215,14,44424,621931,32
2024-07-18,Centro,Vestuario,Organico,Tablet,Recurrente,204,4,0.0196,7,44982,179926,55
2024-07-31,Sur,Electrodomesticos,Social,Tablet,Nuevo,523,10,0.0191,10,125149,1251492,28
2024-07-14,Norte,Vestuario,Referido,Tablet,Recurrente,221,3,0.0136,3,48606,145818,36
2024-04-26,Sur,Tecnologia,Organico,Desktop,Nuevo,439,8,0.0182,10,127501,1020011,27
2024-02-08,Centro,Electrodomesticos,Pago,Tablet,Nuevo,458,4,0.0087,4,145793,583172,21
2024-12-29,Norte,Vestuario,Organico,Desktop,Recurrente,456,9,0.0197,9,57948,521534,30
2024-11-27,Norte,Tecnologia,Pago,Tablet,Nuevo,844,16,0.019,19,152103,2433640,32
2025-05-18,Norte,Electrodomesticos,Organico,Desktop,Recurrente,796,10,0.0126,12,162055,1620552,33
2024-01-15,Sur,Deportes,Organico,Mobile,Recurrente,524,20,0.0382,20,69203,1384056,29
2025-03-03,Centro,Electrodomesticos,Organico,Tablet,Recurrente,870,19,0.0218,19,143413,2724847,33
2025-12-09,Norte,Electrodomesticos,Referido,Mobile,Nuevo,783,7,0.0089,9,143794,1006556,30
2024-08-04,Sur,Hogar,Referido,Mobile,Recurrente,505,8,0.0158,13,106219,849755,35
2024-06-04,Centro,Hogar,Social,Desktop,Nuevo,908,20,0.022,20,94060,1881193,39
2025-06-28,Norte,Hogar,Organico,Tablet,Nuevo,275,7,0.0255,13,76389,534725,34
2024-07-22,Centro,Vestuario,Referido,Mobile,Recurrente,800,22,0.0275,22,38478,846509,25
2025-12-22,Centro,Electrodomesticos,Organico,Tablet,Nuevo,1080,19,0.0176,24,168586,3203128,24
2025-08-24,Centro,Hogar,Pago,Mobile,Nuevo,954,14,0.0147,17,94389,1321452,37
2025-01-07,Centro,Deportes,Pago,Mobile,Recurrente,974,18,0.0185,18,58171,1047072,58
2024-11-22,Norte,Hogar,Email,Desktop,Nuevo,457,11,0.0241,14,90217,992382,24
2024-07-12,Sur,Deportes,Email,Mobile,Nuevo,612,10,0.0163,16,60421,604213,50
2025-01-04,Sur,Vestuario,Referido,Desktop,Nuevo,235,1,0.0043,2,43869,43868,11
2024-01-06,Norte,Hogar,Social,Mobile,Recurrente,624,15,0.024,21,92045,1380674,40
2024-05-02,Norte,Vestuario,Pago,Mobile,Recurrente,897,22,0.0245,22,53433,1175534,41
2025-08-02,Centro,Electrodomesticos,Referido,Desktop,Nuevo,576,6,0.0104,6,132747,796479,32
2024-01-08,Sur,Electrodomesticos,Pago,Mobile,Recurrente,1382,28,0.0203,28,160114,4483202,31
2025-11-11,Sur,Vestuario,Email,Tablet,Recurrente,397,16,0.0403,17,49291,788656,27
2024-03-20,Sur,Electrodomesticos,Organico,Desktop,Nuevo,376,8,0.0213,12,153423,1227381,28
2024-02-08,Centro,Electrodomesticos,Email,Mobile,Recurrente,1079,17,0.0158,17,144306,2453203,52
2024-07-20,Norte,Hogar,Pago,Mobile,Recurrente,277,4,0.0144,5,96868,387472,45
2025-12-22,Centro,Vestuario,Social,Mobile,Recurrente,784,16,0.0204,20,49471,791532,39
2025-05-19,Norte,Tecnologia,Referido,Desktop,Recurrente,433,7,0.0162,7,195033,1365232,43
2025-09-16,Sur,Electrodomesticos,Social,Mobile,Nuevo,673,12,0.0178,17,179263,2151151,23
2025-12-13,Centro,Electrodomesticos,Email,Mobile,Recurrente,1147,27,0.0235,37,153275,4138419,33
2024-08-23,Centro,Deportes,Social,Desktop,Nuevo,610,11,0.018,16,53636,589997,32
2025-04-11,Centro,Deportes,Pago,Desktop,Recurrente,1584,31,0.0196,31,72159,2236927,36
2024-10-18,Sur,Electrodomesticos,Email,Desktop,Nuevo,979,12,0.0123,12,154217,1850607,32
2024-07-26,Centro,Tecnologia,Organico,Desktop,Recurrente,711,21,0.0295,22,176602,3708650,44
2025-04-27,Norte,Vestuario,Social,Tablet,Nuevo,496,18,0.0363,18,42994,773900,30
2025-08-24,Norte,Tecnologia,Referido,Mobile,Recurrente,344,3,0.0087,4,195726,587178,53
2024-12-06,Norte,Electrodomesticos,Email,Tablet,Recurrente,413,7,0.0169,7,179177,1254241,37
2025-09-17,Centro,Hogar,Referido,Tablet,Nuevo,521,10,0.0192,10,98335,983346,41
2025-09-02,Centro,Hogar,Social,Mobile,Recurrente,1260,29,0.023,39,105456,3058237,55
2024-01-10,Centro,Deportes,Pago,Mobile,Recurrente,1430,32,0.0224,43,59184,1893898,36
2025-04-30,Centro,Vestuario,Pago,Desktop,Recurrente,1170,37,0.0316,37,51158,1892829,27
2025-11-29,Norte,Tecnologia,Organico,Tablet,Nuevo,791,16,0.0202,23,188476,3015622,29
2024-01-12,Norte,Electrodomesticos,Email,Desktop,Nuevo,695,12,0.0173,19,152029,1824350,42
2025-06-21,Centro,Deportes,Pago,Tablet,Nuevo,566,9,0.0159,11,67038,603340,43
2025-11-11,Centro,Deportes,Pago,Tablet,Nuevo,850,8,0.0094,8,51408,411265,33
2024-11-14,Centro,Deportes,Pago,Mobile,Recurrente,1736,40,0.023,40,56550,2261987,38
2024-12-18,Norte,Tecnologia,Social,Desktop,Nuevo,651,12,0.0184,18,208806,2505673,36
2024-01-28,Norte,Vestuario,Email,Tablet,Recurrente,213,10,0.0469,14,45021,450209,31
2024-10-21,Sur,Electrodomesticos,Referido,Desktop,Nuevo,611,8,0.0131,10,159378,1275022,40
2025-12-15,Norte,Hogar,Pago,Tablet,Recurrente,934,14,0.015,15,84888,1188434,29
2025-06-13,Sur,Hogar,Organico,Mobile,Nuevo,702,12,0.0171,12,87645,1051741,56
2024-03-28,Sur,Deportes,Referido,Tablet,Nuevo,478,8,0.0167,8,67424,539389,36
2025-01-15,Centro,Hogar,Organico,Desktop,Recurrente,1159,28,0.0242,43,103549,2899367,52
2024-11-09,Centro,Hogar,Referido,Desktop,Nuevo,319,6,0.0188,6,85604,513625,67
2025-03-03,Sur,Vestuario,Organico,Desktop,Nuevo,890,20,0.0225,23,49260,985194,44
2024-11-02,Sur,Hogar,Email,Tablet,Recurrente,552,18,0.0326,18,94101,1693820,44
2025-07-01,Centro,Electrodomesticos,Email,Desktop,Recurrente,651,18,0.0276,19,151655,2729797,29
2024-02-15,Sur,Deportes,Social,Desktop,Nuevo,656,15,0.0229,15,64053,960788,26
2025-06-28,Sur,Vestuario,Email,Desktop,Nuevo,524,14,0.0267,15,56107,785501,26
2024-05-21,Sur,Tecnologia,Social,Mobile,Recurrente,664,20,0.0301,33,182854,3657077,46
2025-01-01,Centro,Vestuario,Pago,Tablet,Nuevo,880,14,0.0159,21,48815,683407,25
2025-06-29,Centro,Electrodomesticos,Pago,Tablet,Recurrente,528,8,0.0152,8,174380,1395036,32
2024-06-29,Norte,Vestuario,Email,Desktop,Recurrente,346,9,0.026,9,41035,369315,48
2024-05-19,Norte,Vestuario,Email,Mobile,Recurrente,455,22,0.0484,22,49347,1085634,37
2025-07-24,Norte,Vestuario,Social,Desktop,Recurrente,352,10,0.0284,13,41894,418940,26
2025-01-09,Sur,Tecnologia,Social,Desktop,Recurrente,997,19,0.0191,22,203415,3864892,31
2025-07-23,Norte,Hogar,Email,Desktop,Recurrente,532,15,0.0282,23,94798,1421966,51
2025-08-09,Norte,Vestuario,Referido,Tablet,Recurrente,363,15,0.0413,15,42785,641769,37
2025-12-06,Centro,Tecnologia,Pago,Tablet,Nuevo,597,7,0.0117,12,224677,1572741,22
2024-11-03,Norte,Hogar,Organico,Desktop,Recurrente,903,23,0.0255,32,107349,2469028,54
2024-09-24,Norte,Electrodomesticos,Email,Mobile,Recurrente,393,8,0.0204,9,184681,1477447,34
2025-05-21,Norte,Tecnologia,Organico,Tablet,Recurrente,373,6,0.0161,6,198565,1191389,48
2025-01-11,Sur,Hogar,Referido,Tablet,Nuevo,271,4,0.0148,6,78775,315099,36
2024-02-04,Norte,Vestuario,Email,Tablet,Recurrente,357,15,0.042,15,45358,680364,31
2024-05-25,Centro,Deportes,Email,Tablet,Nuevo,631,14,0.0222,14,68708,961906,27
2024-10-18,Sur,Hogar,Pago,Tablet,Nuevo,770,15,0.0195,15,103605,1554075,41
2024-11-25,Sur,Vestuario,Email,Tablet,Nuevo,429,13,0.0303,13,45246,588198,27
2024-09-09,Centro,Vestuario,Referido,Desktop,Nuevo,859,15,0.0175,18,42019,630288,19
2025-01-09,Norte,Tecnologia,Social,Desktop,Recurrente,700,13,0.0186,18,175655,2283517,35
2024-08-03,Centro,Deportes,Organico,Desktop,Recurrente,770,12,0.0156,17,69754,837044,34
2024-04-20,Centro,Hogar,Social,Desktop,Recurrente,947,27,0.0285,36,91200,2462397,47
2025-01-25,Sur,Electrodomesticos,Referido,Mobile,Recurrente,583,13,0.0223,15,180714,2349278,49
2024-04-13,Sur,Vestuario,Email,Tablet,Nuevo,576,18,0.0312,30,49177,885193,47
2024-07-16,Sur,Tecnologia,Referido,Desktop,Nuevo,398,9,0.0226,9,172329,1550960,40
2025-06-27,Centro,Hogar,Email,Mobile,Nuevo,397,8,0.0202,8,80620,644957,45
2025-02-03,Norte,Vestuario,Email,Mobile,Recurrente,556,15,0.027,20,53968,809523,54
2024-12-27,Centro,Electrodomesticos,Email,Desktop,Nuevo,856,9,0.0105,10,167071,1503641,27
2024-03-01,Sur,Vestuario,Email,Desktop,Recurrente,165,8,0.0485,9,41926,335409,43
2025-05-20,Sur,Hogar,Pago,Desktop,Recurrente,726,14,0.0193,14,94980,1329719,29
2024-07-06,Norte,Tecnologia,Email,Tablet,Recurrente,412,17,0.0413,17,239997,4079948,42
2025-10-27,Centro,Deportes,Social,Tablet,Nuevo,621,13,0.0209,25,60617,788019,24
2025-02-13,Norte,Tecnologia,Referido,Mobile,Nuevo,344,6,0.0174,7,204994,1229964,46
2025-10-17,Centro,Electrodomesticos,Email,Tablet,Recurrente,366,12,0.0328,12,151104,1813248,46
2024-02-26,Sur,Tecnologia,Pago,Desktop,Nuevo,1029,13,0.0126,13,160767,2089977,37
2024-04-29,Norte,Vestuario,Social,Tablet,Nuevo,266,7,0.0263,7,44658,312607,32
2025-06-21,Norte,Electrodomesticos,Email,Desktop,Recurrente,214,3,0.014,3,178734,536200,54
2025-04-04,Sur,Electrodomesticos,Email,Mobile,Nuevo,751,10,0.0133,16,138466,1384656,33
2024-09-30,Sur,Deportes,Referido,Tablet,Nuevo,157,6,0.0382,6,67577,405464,34
2024-09-21,Norte,Vestuario,Organico,Tablet,Recurrente,337,9,0.0267,10,43614,392523,25
2025-12-07,Sur,Deportes,Social,Tablet,Recurrente,809,24,0.0297,24,85129,2043091,28
2025-08-22,Norte,Deportes,Email,Mobile,Recurrente,723,10,0.0138,12,68023,680226,40
2024-10-15,Norte,Tecnologia,Pago,Desktop,Recurrente,1083,29,0.0268,39,212902,6174154,27
2024-11-25,Sur,Vestuario,Organico,Tablet,Nuevo,668,23,0.0344,36,49573,1140188,18
2024-08-27,Centro,Electrodomesticos,Email,Tablet,Recurrente,478,10,0.0209,10,167610,1676097,38
2024-08-29,Norte,Tecnologia,Pago,Tablet,Nuevo,766,12,0.0157,12,179616,2155387,39
2024-09-15,Centro,Tecnologia,Social,Tablet,Nuevo,723,13,0.018,13,156149,2029938,24
2025-10-15,Sur,Hogar,Organico,Mobile,Recurrente,919,17,0.0185,23,77136,1311311,43
2024-03-07,Centro,Deportes,Pago,Mobile,Nuevo,1694,27,0.0159,30,51452,1389214,37
2024-11-06,Sur,Tecnologia,Email,Desktop,Recurrente,280,10,0.0357,14,190499,1904987,39
2025-09-23,Centro,Hogar,Referido,Desktop,Nuevo,897,16,0.0178,27,102598,1641574,39
2024-11-12,Norte,Electrodomesticos,Pago,Mobile,Recurrente,1220,23,0.0189,26,165963,3817143,26
2025-04-15,Centro,Vestuario,Organico,Desktop,Recurrente,1496,48,0.0321,51,41043,1970079,27
2025-01-12,Norte,Tecnologia,Pago,Tablet,Nuevo,599,10,0.0167,10,153082,1530822,33
2025-06-04,Norte,Deportes,Organico,Tablet,Recurrente,512,11,0.0215,13,66723,733958,49
2025-03-30,Centro,Deportes,Pago,Desktop,Nuevo,937,14,0.0149,14,52804,739258,41
2025-07-21,Centro,Deportes,Pago,Tablet,Recurrente,355,5,0.0141,5,69734,348671,43
2024-05-01,Norte,Vestuario,Pago,Mobile,Recurrente,924,25,0.0271,25,51066,1276638,16
2024-07-02,Norte,Deportes,Referido,Tablet,Nuevo,492,12,0.0244,12,69436,833227,32
2024-02-29,Sur,Deportes,Email,Mobile,Recurrente,786,21,0.0267,21,66829,1403405,45
2025-04-15,Norte,Vestuario,Referido,Tablet,Nuevo,330,4,0.0121,6,42928,171710,36
2024-04-07,Sur,Tecnologia,Email,Desktop,Recurrente,524,17,0.0324,23,189692,3224760,44
2025-01-03,Centro,Vestuario,Email,Tablet,Nuevo,386,8,0.0207,12,37772,302174,21
2025-06-30,Centro,Deportes,Email,Mobile,Nuevo,1228,13,0.0106,16,56186,730414,30
2025-01-20,Centro,Vestuario,Social,Desktop,Nuevo,764,11,0.0144,14,47344,520781,29
2024-02-19,Sur,Deportes,Social,Mobile,Nuevo,775,11,0.0142,11,47971,527677,27
2025-07-12,Centro,Electrodomesticos,Referido,Desktop,Recurrente,623,18,0.0289,18,146403,2635261,43
2024-02-12,Sur,Hogar,Email,Desktop,Nuevo,569,14,0.0246,22,100687,1409622,38
2025-12-10,Centro,Hogar,Pago,Desktop,Nuevo,1417,11,0.0078,11,75704,832744,24
2024-09-01,Norte,Tecnologia,Pago,Mobile,Recurrente,580,9,0.0155,10,190475,1714270,47
2025-11-22,Sur,Deportes,Organico,Mobile,Nuevo,1231,23,0.0187,27,67514,1552816,47
2024-12-16,Sur,Hogar,Email,Desktop,Recurrente,764,12,0.0157,17,110334,1324009,42
2024-04-08,Centro,Deportes,Pago,Mobile,Nuevo,1476,27,0.0183,38,57465,1551541,41
2025-03-06,Centro,Deportes,Organico,Tablet,Nuevo,938,24,0.0256,36,58732,1409571,22
2024-12-21,Centro,Tecnologia,Organico,Desktop,Recurrente,1071,23,0.0215,23,165789,3813143,24
2024-09-13,Sur,Vestuario,Pago,Desktop,Recurrente,1117,21,0.0188,22,63757,1338892,45
2024-03-10,Sur,Deportes,Referido,Desktop,Nuevo,437,9,0.0206,10,55069,495617,56
2025-11-09,Centro,Hogar,Organico,Desktop,Nuevo,1445,29,0.0201,34,95638,2773493,46
2025-12-05,Centro,Tecnologia,Referido,Desktop,Nuevo,239,2,0.0084,5,204095,408190,34
2024-09-21,Centro,Tecnologia,Pago,Tablet,Recurrente,1147,35,0.0305,35,151602,5306058,51
2025-08-10,Norte,Tecnologia,Pago,Mobile,Recurrente,538,15,0.0279,20,147687,2215310,43
2024-04-10,Sur,Hogar,Pago,Desktop,Nuevo,725,13,0.0179,13,71645,931390,30
2025-04-10,Norte,Electrodomesticos,Referido,Tablet,Recurrente,262,4,0.0153,5,173555,694221,25
2024-03-28,Sur,Vestuario,Organico,Mobile,Nuevo,1415,44,0.0311,55,47229,2078072,20
2024-01-22,Sur,Deportes,Email,Tablet,Recurrente,341,11,0.0323,21,65386,719245,59
2025-06-14,Sur,Deportes,Social,Desktop,Nuevo,748,16,0.0214,30,69792,1116667,21
2024-04-18,Centro,Deportes,Organico,Tablet,Nuevo,834,18,0.0216,18,70030,1260536,27
2024-05-07,Sur,Deportes,Email,Mobile,Nuevo,701,15,0.0214,17,62467,936998,41
2024-06-08,Norte,Electrodomesticos,Referido,Mobile,Recurrente,317,4,0.0126,4,116837,467348,55
2024-07-30,Sur,Deportes,Social,Desktop,Nuevo,749,16,0.0214,16,59265,948238,47
2024-03-16,Centro,Electrodomesticos,Referido,Tablet,Nuevo,565,10,0.0177,13,126981,1269812,46
2024-04-12,Norte,Tecnologia,Pago,Mobile,Nuevo,1078,28,0.026,39,144541,4047145,39
2024-07-26,Norte,Hogar,Social,Mobile,Recurrente,926,14,0.0151,20,99484,1392777,35
2024-08-30,Centro,Deportes,Pago,Mobile,Nuevo,596,17,0.0285,17,61161,1039733,31
2024-07-05,Sur,Deportes,Pago,Mobile,Nuevo,663,16,0.0241,16,49937,798998,45
2024-10-05,Norte,Tecnologia,Pago,Mobile,Recurrente,1064,25,0.0235,25,146309,3657732,45
2025-09-25,Sur,Hogar,Email,Desktop,Nuevo,334,6,0.018,7,77339,464031,45
2024-07-22,Norte,Vestuario,Pago,Tablet,Nuevo,634,17,0.0268,17,37198,632365,30
2024-12-28,Sur,Deportes,Referido,Mobile,Nuevo,810,15,0.0185,15,53484,802264,44
2024-09-02,Sur,Electrodomesticos,Social,Desktop,Recurrente,676,11,0.0163,11,136841,1505248,40
2025-06-13,Norte,Hogar,Organico,Mobile,Recurrente,649,19,0.0293,19,94324,1792157,52
2025-02-19,Norte,Deportes,Email,Tablet,Nuevo,556,11,0.0198,11,59012,649130,36
2025-11-11,Centro,Vestuario,Social,Desktop,Recurrente,862,23,0.0267,40,48544,1116509,46
2025-07-03,Centro,Tecnologia,Email,Mobile,Nuevo,659,13,0.0197,13,159636,2075264,25
2024-03-30,Centro,Electrodomesticos,Pago,Desktop,Nuevo,608,11,0.0181,17,119953,1319482,22
2024-10-30,Norte,Vestuario,Pago,Tablet,Nuevo,356,16,0.0449,19,47079,753256,38
2024-09-03,Sur,Vestuario,Pago,Desktop,Nuevo,1015,15,0.0148,24,48194,722910,39
2024-04-27,Sur,Electrodomesticos,Social,Mobile,Nuevo,689,13,0.0189,22,133660,1737580,21
2024-03-18,Norte,Deportes,Referido,Tablet,Recurrente,265,4,0.0151,4,74095,296378,43
2025-03-03,Sur,Tecnologia,Pago,Tablet,Nuevo,939,24,0.0256,24,189983,4559599,43
2025-07-12,Centro,Electrodomesticos,Email,Tablet,Recurrente,524,13,0.0248,16,158489,2060358,50
2024-07-04,Centro,Deportes,Email,Mobile,Recurrente,527,11,0.0209,19,70230,772533,48
2025-09-27,Sur,Vestuario,Email,Desktop,Recurrente,754,31,0.0411,45,49435,1532482,37
2025-10-31,Centro,Hogar,Pago,Mobile,Nuevo,1091,17,0.0156,17,83023,1411398,10
2025-09-16,Centro,Tecnologia,Social,Desktop,Nuevo,1083,20,0.0185,27,229755,4595093,40
2024-10-25,Norte,Deportes,Organico,Desktop,Recurrente,445,15,0.0337,15,72374,1085609,39
2024-01-28,Centro,Vestuario,Pago,Mobile,Recurrente,1488,29,0.0195,41,52274,1515952,24
2025-09-08,Sur,Hogar,Social,Mobile,Nuevo,827,15,0.0181,22,88258,1323872,41
2024-06-21,Centro,Hogar,Social,Mobile,Nuevo,1939,27,0.0139,27,73897,1995217,37
2025-07-23,Sur,Electrodomesticos,Social,Mobile,Nuevo,556,20,0.036,22,160577,3211538,29
2024-02-14,Centro,Electrodomesticos,Social,Desktop,Recurrente,1459,33,0.0226,40,182006,6006190,59
2024-08-25,Centro,Vestuario,Organico,Tablet,Nuevo,617,21,0.034,25,40319,846705,36
2024-04-12,Centro,Electrodomesticos,Pago,Mobile,Recurrente,1693,32,0.0189,32,152416,4877319,39
2025-04-06,Centro,Tecnologia,Pago,Mobile,Recurrente,1439,39,0.0271,39,204121,7960717,49
2025-09-14,Centro,Hogar,Referido,Desktop,Recurrente,327,9,0.0275,10,105735,951614,38
2025-11-04,Norte,Hogar,Social,Desktop,Nuevo,922,18,0.0195,23,101321,1823772,51
2024-02-02,Norte,Deportes,Organico,Tablet,Recurrente,421,13,0.0309,16,53267,692468,23
2025-10-23,Sur,Electrodomesticos,Organico,Tablet,Recurrente,641,16,0.025,20,157220,2515527,45
2024-06-15,Sur,Hogar,Organico,Mobile,Nuevo,882,13,0.0147,13,89535,1163959,28
2024-07-16,Sur,Electrodomesticos,Social,Tablet,Recurrente,574,12,0.0209,18,168205,2018456,27
2025-04-07,Centro,Deportes,Email,Mobile,Recurrente,939,33,0.0351,35,58399,1927165,43
2025-09-12,Norte,Vestuario,Pago,Mobile,Recurrente,737,20,0.0271,25,41633,832655,48
2024-09-30,Norte,Hogar,Email,Tablet,Nuevo,397,6,0.0151,6,97349,584094,38
2024-08-19,Centro,Tecnologia,Pago,Mobile,Recurrente,1312,30,0.0229,40,180546,5416370,30
2025-05-25,Sur,Vestuario,Referido,Mobile,Recurrente,718,27,0.0376,37,48832,1318474,35
2025-10-22,Norte,Deportes,Organico,Tablet,Recurrente,652,16,0.0245,27,65365,1045833,54
2025-12-03,Sur,Deportes,Social,Desktop,Nuevo,1071,14,0.0131,14,62780,878922,30
2025-05-21,Norte,Electrodomesticos,Social,Desktop,Nuevo,683,7,0.0102,9,143944,1007610,31
2024-12-20,Norte,Tecnologia,Referido,Desktop,Recurrente,335,11,0.0328,12,157736,1735097,24
2025-03-06,Norte,Deportes,Email,Tablet,Nuevo,365,8,0.0219,12,60288,482303,56
2025-12-11,Sur,Hogar,Social,Mobile,Nuevo,879,28,0.0319,42,89272,2499607,23
2024-10-02,Norte,Tecnologia,Pago,Tablet,Recurrente,899,22,0.0245,22,168634,3709941,24
2025-11-19,Centro,Tecnologia,Social,Mobile,Nuevo,1157,22,0.019,26,215245,4735386,23
2025-12-28,Sur,Deportes,Email,Desktop,Nuevo,889,23,0.0259,26,58348,1342006,40
2025-04-17,Centro,Electrodomesticos,Referido,Mobile,Nuevo,836,13,0.0156,16,157245,2044185,18
2024-01-14,Centro,Electrodomesticos,Social,Tablet,Recurrente,508,10,0.0197,10,159029,1590290,23
2024-12-20,Centro,Tecnologia,Pago,Tablet,Recurrente,919,19,0.0207,26,201113,3821153,36
2025-02-12,Sur,Deportes,Pago,Desktop,Nuevo,500,9,0.018,15,52559,473030,25
2025-02-27,Sur,Tecnologia,Email,Tablet,Recurrente,394,14,0.0355,25,171736,2404302,47
2025-12-14,Sur,Hogar,Pago,Mobile,Recurrente,825,14,0.017,15,106672,1493406,57
2025-10-16,Centro,Electrodomesticos,Social,Mobile,Nuevo,952,17,0.0179,17,163354,2777023,42
2025-07-17,Sur,Electrodomesticos,Email,Mobile,Recurrente,862,21,0.0244,31,158632,3331277,29
2025-05-14,Centro,Deportes,Social,Mobile,Nuevo,980,13,0.0133,13,56407,733285,43
2025-03-17,Centro,Vestuario,Social,Desktop,Recurrente,808,16,0.0198,19,57846,925532,32
2024-06-19,Centro,Electrodomesticos,Pago,Mobile,Recurrente,1144,22,0.0192,22,147226,3238980,40
2024-09-15,Centro,Vestuario,Email,Mobile,Recurrente,813,24,0.0295,35,45853,1100482,23
2024-07-17,Centro,Vestuario,Organico,Mobile,Recurrente,952,20,0.021,22,51068,1021368,29
2025-01-12,Norte,Electrodomesticos,Email,Desktop,Recurrente,639,16,0.025,16,191292,3060666,39
2025-10-31,Centro,Electrodomesticos,Email,Tablet,Nuevo,538,8,0.0149,9,171728,1373827,35
2025-01-20,Norte,Hogar,Pago,Mobile,Nuevo,678,11,0.0162,14,72886,801743,52
2024-03-19,Centro,Vestuario,Email,Mobile,Recurrente,1215,35,0.0288,35,55688,1949089,37
2025-01-03,Sur,Tecnologia,Email,Desktop,Nuevo,319,6,0.0188,11,156637,939822,29
2025-09-15,Norte,Electrodomesticos,Pago,Mobile,Nuevo,674,6,0.0089,6,155284,931704,42
2025-11-10,Sur,Electrodomesticos,Pago,Desktop,Recurrente,515,11,0.0214,16,156630,1722925,43
2024-03-17,Norte,Electrodomesticos,Referido,Desktop,Nuevo,431,7,0.0162,7,132583,928078,25
2024-12-01,Sur,Electrodomesticos,Email,Desktop,Nuevo,300,4,0.0133,4,138534,554134,32
2024-05-21,Sur,Hogar,Pago,Tablet,Recurrente,857,33,0.0385,36,92181,3041977,41
2024-11-24,Sur,Hogar,Pago,Desktop,Recurrente,450,8,0.0178,8,110486,883885,53
2024-09-16,Centro,Hogar,Referido,Desktop,Recurrente,465,9,0.0194,16,96289,866598,42
2025-09-27,Norte,Electrodomesticos,Social,Desktop,Recurrente,694,7,0.0101,10,145058,1015404,23
2024-02-23,Norte,Vestuario,Pago,Tablet,Nuevo,778,21,0.027,21,38591,810420,32
2024-12-21,Norte,Deportes,Referido,Mobile,Recurrente,347,8,0.0231,9,64614,516913,38
2024-09-24,Norte,Electrodomesticos,Referido,Mobile,Nuevo,492,7,0.0142,14,158153,1107072,22
2024-07-21,Norte,Hogar,Organico,Mobile,Nuevo,539,4,0.0074,4,111211,444844,32
2024-06-14,Sur,Hogar,Social,Tablet,Recurrente,444,10,0.0225,11,112206,1122060,62
2024-10-19,Norte,Vestuario,Social,Tablet,Recurrente,408,10,0.0245,13,36935,369348,31
2025-02-19,Centro,Hogar,Pago,Desktop,Recurrente,1094,27,0.0247,27,107927,2914018,51
2025-02-07,Norte,Deportes,Email,Desktop,Recurrente,255,6,0.0235,7,62932,377590,67
2024-06-14,Centro,Vestuario,Social,Desktop,Recurrente,919,24,0.0261,31,45688,1096511,28
2024-05-02,Centro,Electrodomesticos,Organico,Tablet,Recurrente,887,23,0.0259,26,165904,3815802,47
2025-08-10,Centro,Vestuario,Organico,Mobile,Recurrente,937,24,0.0256,27,54388,1305321,30
2025-09-20,Centro,Hogar,Organico,Mobile,Nuevo,926,17,0.0184,25,113398,1927772,31
2025-07-10,Norte,Tecnologia,Social,Mobile,Nuevo,985,24,0.0244,33,192620,4622873,52
2025-05-25,Centro,Hogar,Referido,Mobile,Nuevo,715,13,0.0182,16,88043,1144554,45
2025-06-12,Norte,Deportes,Pago,Tablet,Nuevo,846,21,0.0248,28,52916,1111235,33
2024-06-23,Centro,Tecnologia,Social,Tablet,Recurrente,385,10,0.026,10,153989,1539890,33
2024-10-18,Centro,Tecnologia,Referido,Mobile,Recurrente,688,8,0.0116,11,201937,1615492,46
2025-12-28,Sur,Electrodomesticos,Referido,Mobile,Recurrente,663,17,0.0256,17,170987,2906772,45
2024-01-12,Norte,Deportes,Referido,Tablet,Recurrente,365,7,0.0192,7,75420,527942,21
2024-12-12,Sur,Hogar,Referido,Tablet,Nuevo,439,12,0.0273,13,93080,1116960,34
2024-08-02,Centro,Hogar,Pago,Mobile,Nuevo,1146,22,0.0192,22,75375,1658247,49
2024-10-19,Sur,Hogar,Organico,Tablet,Recurrente,685,18,0.0263,20,90658,1631851,28
2024-09-18,Sur,Vestuario,Social,Desktop,Recurrente,891,26,0.0292,32,42851,1114121,21
2024-11-10,Centro,Electrodomesticos,Social,Mobile,Recurrente,1136,23,0.0202,29,149701,3443115,27
2024-02-10,Centro,Tecnologia,Email,Tablet,Recurrente,640,16,0.025,16,182062,2912992,50
2025-04-26,Centro,Vestuario,Organico,Desktop,Recurrente,857,25,0.0292,33,46068,1151708,26
2025-02-25,Sur,Vestuario,Email,Tablet,Nuevo,168,8,0.0476,8,47699,381589,24
2024-08-08,Norte,Vestuario,Pago,Tablet,Recurrente,841,19,0.0226,25,56663,1076592,35
2025-11-10,Centro,Deportes,Referido,Tablet,Nuevo,584,4,0.0068,5,54919,219677,46
2024-07-17,Sur,Hogar,Referido,Desktop,Recurrente,138,5,0.0362,6,93311,466556,43
2025-06-15,Norte,Tecnologia,Pago,Mobile,Nuevo,966,15,0.0155,17,168945,2534181,24
2025-10-21,Norte,Electrodomesticos,Organico,Tablet,Recurrente,744,10,0.0134,13,143162,1431615,10
2024-02-08,Sur,Electrodomesticos,Referido,Mobile,Recurrente,698,15,0.0215,20,113400,1701000,37
2024-09-17,Sur,Vestuario,Social,Desktop,Nuevo,340,7,0.0206,7,41251,288757,28
2025-11-29,Sur,Deportes,Referido,Tablet,Recurrente,255,4,0.0157,4,66462,265847,16
2024-02-15,Norte,Deportes,Organico,Desktop,Nuevo,813,19,0.0234,19,75400,1432592,28
2025-09-05,Sur,Vestuario,Pago,Tablet,Nuevo,360,11,0.0306,17,42155,463702,40
2025-01-28,Norte,Deportes,Organico,Tablet,Nuevo,465,7,0.0151,10,73069,511482,41
2024-09-14,Norte,Hogar,Email,Desktop,Nuevo,428,7,0.0164,7,106706,746944,35
2025-03-21,Norte,Vestuario,Email,Mobile,Recurrente,366,4,0.0109,4,39298,157190,36
2025-10-13,Centro,Vestuario,Email,Desktop,Nuevo,994,19,0.0191,22,39432,749211,35
2024-06-11,Centro,Vestuario,Organico,Mobile,Recurrente,1202,23,0.0191,35,58861,1353800,29
2024-04-09,Norte,Tecnologia,Email,Desktop,Recurrente,504,13,0.0258,17,210351,2734563,44
2024-01-13,Norte,Hogar,Referido,Mobile,Recurrente,485,11,0.0227,17,91196,1003160,43
2025-03-21,Norte,Tecnologia,Referido,Tablet,Nuevo,186,4,0.0215,7,177396,709582,27
2025-09-27,Norte,Electrodomesticos,Pago,Desktop,Recurrente,665,15,0.0226,15,184022,2760332,51
2024-06-02,Norte,Hogar,Referido,Desktop,Recurrente,321,7,0.0218,7,106286,744003,42
2024-02-17,Centro,Vestuario,Organico,Tablet,Recurrente,901,26,0.0289,36,43936,1142344,25
2024-11-18,Centro,Deportes,Social,Desktop,Nuevo,888,16,0.018,23,48732,779708,29
2024-11-07,Sur,Vestuario,Email,Desktop,Nuevo,348,6,0.0172,7,50900,305402,34
2024-06-27,Norte,Vestuario,Organico,Desktop,Nuevo,930,19,0.0204,21,39310,746895,40
2025-06-26,Norte,Electrodomesticos,Social,Mobile,Recurrente,1000,21,0.021,22,140708,2954873,52
2025-04-07,Norte,Hogar,Organico,Tablet,Recurrente,730,13,0.0178,13,94311,1226038,38
2025-11-01,Sur,Tecnologia,Email,Tablet,Recurrente,635,18,0.0283,27,199372,3588701,44
2025-05-26,Centro,Vestuario,Email,Tablet,Nuevo,697,23,0.033,23,54493,1253342,4
2025-02-24,Centro,Vestuario,Organico,Mobile,Nuevo,1319,25,0.019,32,48822,1220549,24
2025-06-15,Centro,Vestuario,Pago,Desktop,Nuevo,1482,24,0.0162,39,41882,1005157,46
2025-02-25,Centro,Vestuario,Referido,Mobile,Nuevo,614,16,0.0261,30,39682,634911,24
2025-10-27,Centro,Deportes,Referido,Mobile,Recurrente,825,11,0.0133,14,59961,659575,49
2025-12-23,Sur,Vestuario,Referido,Mobile,Recurrente,603,15,0.0249,15,37521,562808,18
2024-11-27,Sur,Electrodomesticos,Organico,Mobile,Nuevo,1352,22,0.0163,24,130784,2877256,10
2025-12-22,Norte,Electrodomesticos,Organico,Mobile,Recurrente,1117,16,0.0143,16,152531,2440500,33
2024-01-23,Sur,Hogar,Pago,Desktop,Nuevo,1297,21,0.0162,21,89544,1880421,60
2024-07-14,Centro,Hogar,Organico,Desktop,Nuevo,605,10,0.0165,10,96333,963325,32
2024-12-23,Sur,Tecnologia,Referido,Desktop,Recurrente,433,10,0.0231,13,175434,1754335,38
2025-01-30,Sur,Hogar,Pago,Desktop,Recurrente,783,15,0.0192,15,85980,1289699,47
2024-02-06,Norte,Electrodomesticos,Email,Desktop,Recurrente,599,15,0.025,15,141843,2127651,39
2025-03-31,Centro,Electrodomesticos,Social,Desktop,Recurrente,868,16,0.0184,16,174355,2789674,50
2025-05-25,Centro,Hogar,Social,Tablet,Nuevo,680,15,0.0221,18,96282,1444226,33
2025-01-29,Sur,Tecnologia,Email,Tablet,Nuevo,532,10,0.0188,11,243000,2430000,28
2025-06-11,Centro,Vestuario,Referido,Desktop,Nuevo,305,5,0.0164,8,55266,276330,29
2025-07-09,Centro,Vestuario,Organico,Mobile,Recurrente,1370,30,0.0219,40,48281,1448429,43
2024-09-24,Centro,Tecnologia,Social,Mobile,Nuevo,1223,25,0.0204,32,159370,3984253,36
2025-01-14,Sur,Vestuario,Organico,Tablet,Recurrente,676,18,0.0266,24,53402,961228,39
2024-11-29,Norte,Deportes,Organico,Mobile,Recurrente,936,20,0.0214,32,67605,1352106,54
2025-12-08,Centro,Hogar,Referido,Tablet,Recurrente,436,13,0.0298,15,87853,1142087,36
2025-04-17,Sur,Deportes,Email,Desktop,Nuevo,559,8,0.0143,15,51144,409150,32
2024-07-02,Sur,Deportes,Pago,Desktop,Nuevo,1250,17,0.0136,17,43701,742922,41
2025-09-25,Sur,Hogar,Social,Desktop,Nuevo,761,4,0.0053,4,82137,328549,56
2025-11-04,Norte,Deportes,Referido,Tablet,Recurrente,318,7,0.022,11,63185,442292,26
2024-01-10,Norte,Electrodomesticos,Social,Tablet,Nuevo,726,13,0.0179,13,141388,1838043,28
2025-11-04,Centro,Hogar,Social,Mobile,Recurrente,1191,33,0.0277,35,90884,2999165,50
2025-08-27,Norte,Electrodomesticos,Organico,Desktop,Nuevo,837,7,0.0084,8,151793,1062548,49
2025-02-21,Sur,Electrodomesticos,Organico,Tablet,Nuevo,631,18,0.0285,27,186238,3352289,22
2024-10-13,Norte,Electrodomesticos,Email,Desktop,Nuevo,352,6,0.017,6,148677,892064,38
2024-09-23,Sur,Hogar,Referido,Tablet,Recurrente,313,9,0.0288,9,106442,957974,55
2025-11-24,Norte,Deportes,Referido,Mobile,Nuevo,660,10,0.0152,10,69169,691693,40
2025-10-14,Sur,Hogar,Pago,Desktop,Nuevo,630,13,0.0206,20,83943,1091255,36
2025-12-17,Norte,Electrodomesticos,Email,Tablet,Nuevo,370,6,0.0162,8,144321,865928,34
2024-04-17,Sur,Vestuario,Social,Mobile,Recurrente,746,12,0.0161,12,43111,517330,52
2024-06-16,Sur,Tecnologia,Email,Mobile,Recurrente,333,7,0.021,9,163202,1142414,56
2025-02-03,Sur,Tecnologia,Email,Tablet,Nuevo,306,12,0.0392,12,188049,2256585,21
2025-07-02,Norte,Electrodomesticos,Organico,Mobile,Recurrente,1134,16,0.0141,26,146090,2337436,36
2025-12-09,Sur,Tecnologia,Pago,Desktop,Recurrente,1138,36,0.0316,42,160629,5782639,30
2024-10-25,Norte,Vestuario,Organico,Tablet,Recurrente,851,22,0.0259,22,45938,1010633,24
2024-01-03,Sur,Electrodomesticos,Referido,Desktop,Nuevo,468,10,0.0214,11,153108,1531079,33
2024-08-15,Centro,Vestuario,Pago,Desktop,Recurrente,370,13,0.0351,25,41007,533097,34
2024-06-21,Sur,Hogar,Email,Mobile,Nuevo,607,13,0.0214,17,76469,994092,23
2024-02-03,Sur,Deportes,Email,Tablet,Nuevo,252,3,0.0119,6,56903,170710,57
2025-11-04,Sur,Tecnologia,Pago,Mobile,Nuevo,1864,29,0.0156,33,137221,3979400,30
2025-04-26,Sur,Deportes,Social,Mobile,Recurrente,1007,19,0.0189,19,67372,1280072,55
2025-06-02,Centro,Tecnologia,Organico,Desktop,Nuevo,903,18,0.0199,18,197053,3546947,31
2024-05-17,Sur,Tecnologia,Organico,Tablet,Recurrente,778,18,0.0231,20,231134,4160418,35
2024-08-30,Sur,Electrodomesticos,Pago,Desktop,Nuevo,891,18,0.0202,24,169671,3054077,19
2025-03-26,Sur,Tecnologia,Email,Desktop,Recurrente,745,25,0.0336,25,212072,5301799,38
2025-11-08,Norte,Tecnologia,Social,Mobile,Recurrente,383,9,0.0235,11,196774,1770967,31
2024-02-02,Centro,Electrodomesticos,Email,Tablet,Nuevo,646,5,0.0077,9,125461,627303,24
2024-10-18,Sur,Hogar,Email,Mobile,Recurrente,700,17,0.0243,20,83235,1414990,43
2025-09-23,Sur,Electrodomesticos,Pago,Mobile,Recurrente,1360,26,0.0191,26,182395,4742282,49
2024-05-20,Sur,Tecnologia,Email,Desktop,Recurrente,469,15,0.032,28,207343,3110139,42
2025-11-11,Norte,Electrodomesticos,Pago,Desktop,Recurrente,758,17,0.0224,18,154377,2624402,49
2025-03-27,Centro,Electrodomesticos,Referido,Tablet,Recurrente,478,13,0.0272,13,134731,1751497,36
2024-06-14,Centro,Vestuario,Organico,Tablet,Nuevo,856,20,0.0234,21,53293,1065864,50
2025-02-14,Sur,Vestuario,Organico,Tablet,Nuevo,425,5,0.0118,7,43983,219914,36
2024-11-23,Sur,Tecnologia,Email,Mobile,Nuevo,696,13,0.0187,13,189327,2461247,24
2024-05-23,Centro,Tecnologia,Referido,Desktop,Recurrente,448,21,0.0469,27,252233,5296891,58
2024-06-12,Norte,Electrodomesticos,Email,Tablet,Nuevo,594,12,0.0202,14,157176,1886116,22
2025-12-14,Norte,Deportes,Referido,Tablet,Nuevo,129,1,0.0078,1,64808,64807,34
2025-06-05,Norte,Deportes,Referido,Mobile,Nuevo,347,5,0.0144,11,66353,331766,34
2024-05-28,Norte,Vestuario,Pago,Tablet,Recurrente,816,27,0.0331,33,49455,1335281,31
2024-12-25,Norte,Vestuario,Pago,Desktop,Recurrente,499,12,0.024,12,44102,529222,39
2025-09-26,Norte,Vestuario,Email,Mobile,Recurrente,595,16,0.0269,19,57998,927968,26
2025-03-11,Sur,Deportes,Referido,Tablet,Recurrente,503,4,0.008,7,45360,181440,35
2025-02-13,Norte,Tecnologia,Referido,Tablet,Recurrente,406,7,0.0172,8,195397,1367780,39
2024-11-11,Sur,Hogar,Email,Tablet,Recurrente,441,13,0.0295,13,102014,1326184,35
2025-07-14,Sur,Deportes,Pago,Tablet,Nuevo,712,12,0.0169,12,45885,550614,50
2025-05-23,Sur,Hogar,Organico,Tablet,Recurrente,600,8,0.0133,9,109028,872223,36
2025-02-22,Norte,Tecnologia,Referido,Mobile,Recurrente,258,4,0.0155,4,169972,679886,43
2024-05-31,Sur,Deportes,Organico,Mobile,Recurrente,713,15,0.021,22,56677,850161,37
2024-01-02,Centro,Vestuario,Organico,Tablet,Recurrente,1160,41,0.0353,52,53114,2177671,28
2024-12-05,Centro,Vestuario,Social,Tablet,Recurrente,683,20,0.0293,24,56104,1122085,35
2025-05-13,Centro,Electrodomesticos,Organico,Tablet,Recurrente,1325,27,0.0204,30,184525,4982188,28
2025-01-17,Sur,Tecnologia,Email,Tablet,Recurrente,327,9,0.0275,10,136080,1224720,43
2024-06-26,Norte,Deportes,Referido,Tablet,Nuevo,519,12,0.0231,12,54825,657897,37
2025-12-05,Norte,Hogar,Pago,Tablet,Nuevo,720,11,0.0153,14,95138,1046515,49
2025-07-02,Centro,Vestuario,Social,Mobile,Recurrente,657,14,0.0213,14,50924,712938,34
2025-10-13,Sur,Deportes,Referido,Desktop,Nuevo,527,7,0.0133,12,46867,328070,42
2024-12-20,Norte,Electrodomesticos,Organico,Desktop,Recurrente,592,11,0.0186,15,135068,1485744,21
2024-03-28,Centro,Electrodomesticos,Referido,Tablet,Recurrente,479,11,0.023,11,164310,1807411,50
2025-06-11,Norte,Tecnologia,Email,Desktop,Nuevo,245,7,0.0286,7,181847,1272926,27
2025-07-30,Norte,Hogar,Social,Tablet,Recurrente,489,19,0.0389,19,116542,2214303,45
2025-06-14,Norte,Vestuario,Referido,Tablet,Recurrente,216,6,0.0278,6,48977,293861,33
2024-04-26,Norte,Vestuario,Organico,Desktop,Recurrente,641,22,0.0343,30,53607,1179348,34
2025-04-19,Centro,Deportes,Organico,Tablet,Nuevo,828,15,0.0181,19,62098,931473,37
2025-10-15,Centro,Tecnologia,Referido,Tablet,Nuevo,166,4,0.0241,4,197471,789885,36
2024-12-30,Centro,Tecnologia,Referido,Desktop,Recurrente,638,29,0.0455,34,142011,4118314,42
2025-12-07,Sur,Hogar,Pago,Desktop,Recurrente,1029,14,0.0136,16,107087,1499215,51
2025-07-19,Centro,Deportes,Organico,Mobile,Nuevo,288,5,0.0174,5,64842,324208,51
2024-06-17,Sur,Deportes,Organico,Desktop,Nuevo,669,8,0.012,12,65429,523432,16
2024-04-09,Centro,Tecnologia,Social,Tablet,Recurrente,777,10,0.0129,12,193449,1934491,51
2025-06-04,Sur,Deportes,Referido,Desktop,Nuevo,653,15,0.023,17,51839,777586,24
2024-05-31,Norte,Deportes,Referido,Mobile,Nuevo,383,2,0.0052,2,75309,150618,36
2024-09-11,Sur,Electrodomesticos,Social,Desktop,Nuevo,411,7,0.017,7,162599,1138191,41
2025-12-31,Centro,Deportes,Organico,Mobile,Nuevo,1461,18,0.0123,27,62608,1126946,46
2025-07-22,Sur,Hogar,Social,Desktop,Nuevo,622,7,0.0113,11,75450,528149,33
2025-02-06,Sur,Vestuario,Organico,Mobile,Nuevo,1708,55,0.0322,68,50595,2782720,17
2025-02-14,Centro,Electrodomesticos,Organico,Tablet,Recurrente,307,10,0.0326,13,151408,1514075,17
2024-02-10,Centro,Hogar,Social,Tablet,Recurrente,707,23,0.0325,30,111434,2562978,32
2025-08-29,Centro,Hogar,Pago,Mobile,Nuevo,1806,22,0.0122,29,80369,1768127,29
2024-06-24,Norte,Hogar,Pago,Mobile,Nuevo,1382,21,0.0152,21,112434,2361116,38
2024-02-02,Centro,Electrodomesticos,Referido,Desktop,Recurrente,433,9,0.0208,14,118644,1067800,29
2025-12-19,Sur,Hogar,Email,Desktop,Recurrente,856,21,0.0245,21,105240,2210033,24
2025-06-29,Centro,Electrodomesticos,Organico,Mobile,Nuevo,1482,22,0.0148,22,168169,3699726,32
2025-11-02,Centro,Electrodomesticos,Email,Desktop,Recurrente,881,10,0.0114,13,176352,1763517,53
2025-07-30,Centro,Tecnologia,Email,Desktop,Nuevo,748,14,0.0187,17,194468,2722553,41
2025-03-07,Sur,Tecnologia,Organico,Desktop,Nuevo,993,24,0.0242,33,190527,4572650,25
2025-10-16,Norte,Electrodomesticos,Referido,Desktop,Recurrente,499,8,0.016,8,142943,1143543,39
2025-08-11,Centro,Deportes,Email,Tablet,Nuevo,598,10,0.0167,10,61240,612402,43
2025-04-16,Centro,Electrodomesticos,Organico,Mobile,Recurrente,1765,37,0.021,37,131436,4863123,34
2024-12-25,Norte,Tecnologia,Referido,Tablet,Recurrente,558,12,0.0215,21,188118,2257420,36
2024-11-10,Centro,Deportes,Social,Desktop,Nuevo,1206,15,0.0124,15,59964,899465,32
2024-01-31,Centro,Electrodomesticos,Organico,Mobile,Recurrente,1174,25,0.0213,26,145565,3639124,14
2024-02-01,Sur,Hogar,Organico,Desktop,Recurrente,606,14,0.0231,19,82112,1149563,47
2025-05-28,Sur,Electrodomesticos,Referido,Desktop,Recurrente,416,9,0.0216,9,185930,1673370,28
2024-07-29,Norte,Deportes,Social,Tablet,Nuevo,497,8,0.0161,11,71349,570791,14
2025-09-17,Norte,Tecnologia,Referido,Tablet,Nuevo,368,14,0.038,14,163327,2286580,26
2025-07-07,Norte,Hogar,Organico,Desktop,Nuevo,568,11,0.0194,13,82851,911364,55
2025-03-05,Centro,Tecnologia,Email,Tablet,Nuevo,624,9,0.0144,9,138666,1247995,46
2024-06-17,Centro,Deportes,Social,Desktop,Recurrente,401,8,0.02,10,45360,362880,46
2024-07-12,Centro,Deportes,Pago,Mobile,Recurrente,1374,19,0.0138,19,71357,1355789,53
2025-02-06,Norte,Hogar,Referido,Desktop,Recurrente,298,5,0.0168,7,100198,500992,32
2024-05-04,Norte,Hogar,Referido,Mobile,Nuevo,466,7,0.015,7,95837,670861,62
2025-11-25,Centro,Vestuario,Email,Mobile,Nuevo,1032,23,0.0223,23,51848,1192495,33
2025-07-16,Norte,Deportes,Social,Desktop,Recurrente,561,17,0.0303,22,64872,1102817,23
2024-10-22,Norte,Hogar,Social,Mobile,Nuevo,875,17,0.0194,17,77268,1313548,27
2024-05-11,Sur,Hogar,Referido,Mobile,Recurrente,426,11,0.0258,11,99923,1099151,77
2024-10-29,Centro,Hogar,Email,Tablet,Nuevo,493,4,0.0081,4,73966,295863,45
2024-06-14,Sur,Tecnologia,Pago,Tablet,Recurrente,460,11,0.0239,12,184942,2034366,54
2024-05-13,Norte,Electrodomesticos,Email,Desktop,Recurrente,502,10,0.0199,11,152194,1521940,28
2024-07-06,Centro,Vestuario,Referido,Desktop,Nuevo,643,16,0.0249,16,50382,806116,41
2024-09-13,Sur,Vestuario,Social,Mobile,Recurrente,449,17,0.0379,17,35165,597808,50
2025-01-22,Norte,Electrodomesticos,Social,Mobile,Recurrente,568,9,0.0158,10,178461,1606147,33
2024-07-08,Sur,Electrodomesticos,Social,Mobile,Nuevo,792,10,0.0126,18,178357,1783566,16
2024-04-25,Norte,Electrodomesticos,Social,Mobile,Recurrente,922,18,0.0195,18,153673,2766113,20
2024-11-28,Sur,Deportes,Pago,Mobile,Recurrente,1325,33,0.0249,33,67572,2229869,60
2025-08-22,Centro,Vestuario,Pago,Mobile,Recurrente,1317,21,0.0159,21,49164,1032452,26
2025-02-12,Sur,Deportes,Email,Tablet,Nuevo,350,6,0.0171,6,69088,414525,25
2025-04-24,Centro,Electrodomesticos,Email,Mobile,Nuevo,767,13,0.0169,20,139042,1807545,36
2024-09-23,Norte,Electrodomesticos,Organico,Desktop,Nuevo,1332,25,0.0188,33,141777,3544434,27
2024-06-16,Norte,Vestuario,Social,Desktop,Recurrente,715,14,0.0196,20,44862,628069,34
2025-09-05,Centro,Hogar,Email,Tablet,Nuevo,817,19,0.0233,19,83535,1587167,48
2025-09-05,Centro,Tecnologia,Social,Tablet,Nuevo,524,9,0.0172,9,171269,1541418,34
2025-09-04,Centro,Hogar,Social,Desktop,Recurrente,683,16,0.0234,22,89065,1425040,34
2024-09-19,Centro,Vestuario,Social,Desktop,Nuevo,1065,21,0.0197,31,47017,987365,45
2025-04-23,Norte,Vestuario,Social,Desktop,Recurrente,1008,35,0.0347,35,45635,1597241,47
2024-10-18,Norte,Hogar,Email,Tablet,Nuevo,493,6,0.0122,7,90875,545249,37
2024-10-05,Norte,Deportes,Social,Tablet,Recurrente,269,8,0.0297,13,71099,568789,40
2024-06-30,Norte,Tecnologia,Organico,Tablet,Recurrente,666,13,0.0195,17,183021,2379273,32
2024-05-15,Norte,Deportes,Organico,Mobile,Nuevo,778,10,0.0129,10,64414,644144,54
2024-04-28,Norte,Tecnologia,Pago,Mobile,Nuevo,738,16,0.0217,16,209272,3348359,47
2025-08-07,Centro,Vestuario,Organico,Tablet,Recurrente,1053,40,0.038,41,43145,1725783,27
2024-10-24,Norte,Hogar,Pago,Desktop,Nuevo,475,15,0.0316,19,96264,1443953,48
2024-04-02,Centro,Vestuario,Referido,Tablet,Nuevo,696,15,0.0216,22,43023,645349,26
2025-07-30,Centro,Deportes,Email,Desktop,Nuevo,596,16,0.0268,17,52728,843652,37
2025-08-13,Centro,Hogar,Social,Tablet,Nuevo,459,7,0.0153,9,72248,505736,42
2025-12-28,Centro,Deportes,Pago,Mobile,Nuevo,1039,16,0.0154,16,59789,956623,22
2025-04-18,Centro,Deportes,Pago,Mobile,Nuevo,816,19,0.0233,19,51288,974472,39
2024-11-05,Sur,Vestuario,Referido,Tablet,Nuevo,411,8,0.0195,9,56380,451036,46
2024-11-06,Centro,Vestuario,Pago,Mobile,Recurrente,1567,27,0.0172,30,41486,1120129,39
2025-08-26,Sur,Electrodomesticos,Social,Desktop,Recurrente,935,12,0.0128,12,165822,1989862,39
2025-05-03,Sur,Hogar,Referido,Tablet,Nuevo,249,6,0.0241,11,76113,456680,55
2024-12-02,Sur,Electrodomesticos,Referido,Mobile,Recurrente,692,19,0.0275,20,184858,3512293,37
2025-08-30,Centro,Hogar,Pago,Tablet,Recurrente,616,11,0.0179,16,89179,980965,24
2024-12-11,Norte,Hogar,Social,Mobile,Nuevo,817,14,0.0171,22,91082,1275142,47
2024-05-10,Sur,Electrodomesticos,Social,Desktop,Recurrente,469,10,0.0213,14,150539,1505388,27
2025-04-30,Centro,Electrodomesticos,Email,Mobile,Nuevo,1077,12,0.0111,14,136472,1637663,22
2025-02-19,Centro,Tecnologia,Email,Mobile,Nuevo,559,11,0.0197,11,143000,1572999,29
2024-08-01,Sur,Tecnologia,Pago,Mobile,Recurrente,1317,31,0.0235,39,188117,5831613,45
2024-08-06,Norte,Tecnologia,Organico,Desktop,Nuevo,675,13,0.0193,16,189544,2464069,26
2025-06-30,Centro,Vestuario,Organico,Mobile,Recurrente,1501,32,0.0213,41,49524,1584754,30
2024-12-08,Norte,Hogar,Social,Mobile,Nuevo,50,2,0.04,2,94613,189225,49
2025-11-13,Norte,Electrodomesticos,Pago,Tablet,Recurrente,523,11,0.021,17,170260,1872860,30
2024-02-18,Norte,Deportes,Organico,Mobile,Recurrente,979,28,0.0286,32,70472,1973210,26
2024-10-28,Sur,Electrodomesticos,Referido,Mobile,Nuevo,483,12,0.0248,13,166581,1998968,40
2024-08-05,Norte,Hogar,Social,Tablet,Nuevo,525,10,0.019,15,72947,729472,37
2024-05-04,Centro,Vestuario,Referido,Tablet,Nuevo,223,5,0.0224,6,41938,209689,41
2025-04-13,Centro,Tecnologia,Social,Mobile,Recurrente,159,2,0.0126,5,178012,356023,40
2025-07-25,Centro,Deportes,Pago,Desktop,Recurrente,699,13,0.0186,16,61634,801240,35
2025-01-11,Norte,Vestuario,Social,Desktop,Nuevo,832,15,0.018,23,45318,679763,25
2025-04-08,Norte,Electrodomesticos,Referido,Mobile,Recurrente,519,6,0.0116,6,166772,1000629,49
2025-12-07,Sur,Vestuario,Referido,Desktop,Recurrente,308,9,0.0292,9,38973,350757,34
2024-10-15,Sur,Deportes,Email,Tablet,Nuevo,354,13,0.0367,13,68106,885380,46
2024-11-08,Centro,Tecnologia,Email,Desktop,Recurrente,511,19,0.0372,20,149963,2849304,25
2025-09-22,Centro,Electrodomesticos,Organico,Desktop,Recurrente,581,15,0.0258,27,166758,2501362,35
2024-04-21,Norte,Deportes,Email,Mobile,Nuevo,417,2,0.0048,2,60342,120684,35
2024-12-10,Sur,Vestuario,Referido,Mobile,Nuevo,419,8,0.0191,9,48538,388306,36
2025-10-06,Sur,Deportes,Pago,Desktop,Nuevo,960,28,0.0292,29,58725,1644295,24
2025-10-02,Centro,Electrodomesticos,Social,Tablet,Nuevo,801,8,0.01,8,158257,1266052,41
2024-11-14,Sur,Deportes,Organico,Mobile,Nuevo,1840,25,0.0136,44,63821,1595516,28
2024-12-05,Centro,Electrodomesticos,Pago,Tablet,Nuevo,900,13,0.0144,18,159427,2072547,37
2024-08-06,Norte,Hogar,Pago,Desktop,Nuevo,854,14,0.0164,18,85271,1193790,33
2025-03-07,Sur,Hogar,Social,Desktop,Nuevo,407,8,0.0197,8,88538,708306,41
2025-08-20,Centro,Deportes,Email,Desktop,Nuevo,842,28,0.0333,36,68317,1912883,33
2025-05-09,Centro,Deportes,Organico,Desktop,Nuevo,1108,15,0.0135,20,51363,770446,34
2024-11-24,Norte,Hogar,Organico,Desktop,Nuevo,886,16,0.0181,18,84602,1353624,37
2025-12-08,Norte,Tecnologia,Referido,Desktop,Nuevo,232,4,0.0172,4,198454,793817,39
2024-06-05,Norte,Electrodomesticos,Email,Mobile,Nuevo,604,9,0.0149,12,137501,1237506,29
2025-01-22,Sur,Deportes,Pago,Tablet,Nuevo,996,22,0.0221,22,53094,1168067,46
2025-10-07,Sur,Hogar,Email,Tablet,Recurrente,527,11,0.0209,16,97909,1076996,28
2024-06-22,Sur,Tecnologia,Social,Tablet,Recurrente,583,12,0.0206,13,222241,2666886,38
2024-03-06,Centro,Hogar,Referido,Tablet,Nuevo,631,16,0.0254,21,89404,1430463,12
2025-07-05,Norte,Tecnologia,Referido,Mobile,Nuevo,357,6,0.0168,6,164433,986598,40
2024-03-08,Norte,Deportes,Referido,Mobile,Recurrente,353,10,0.0283,10,54797,547970,38
2024-08-28,Norte,Deportes,Organico,Mobile,Nuevo,746,15,0.0201,19,53144,797153,47
2024-08-09,Norte,Vestuario,Organico,Tablet,Recurrente,504,14,0.0278,18,41459,580422,37
2025-03-16,Centro,Electrodomesticos,Organico,Mobile,Nuevo,1046,13,0.0124,13,141515,1839689,31
2025-12-30,Sur,Tecnologia,Email,Mobile,Recurrente,762,21,0.0276,21,181397,3809347,45
2024-12-24,Centro,Electrodomesticos,Referido,Tablet,Nuevo,319,6,0.0188,7,127898,767385,31
2024-03-26,Sur,Vestuario,Pago,Desktop,Nuevo,936,15,0.016,15,46024,690361,45
2024-05-09,Sur,Vestuario,Organico,Mobile,Nuevo,1047,25,0.0239,25,43028,1075692,13
2024-04-12,Sur,Electrodomesticos,Referido,Tablet,Nuevo,287,5,0.0174,5,168930,844648,38
2025-03-12,Centro,Electrodomesticos,Organico,Desktop,Recurrente,799,14,0.0175,20,171775,2404850,29
2024-03-15,Centro,Electrodomesticos,Pago,Desktop,Nuevo,1444,19,0.0132,21,146484,2783197,14
2024-03-06,Centro,Vestuario,Pago,Desktop,Nuevo,1057,15,0.0142,15,45247,678698,12
2024-11-09,Sur,Vestuario,Referido,Mobile,Recurrente,599,15,0.025,23,46826,702387,30
2024-05-23,Norte,Deportes,Referido,Tablet,Nuevo,581,11,0.0189,16,60996,670957,32
2025-04-08,Sur,Electrodomesticos,Email,Mobile,Recurrente,860,25,0.0291,32,125939,3148485,47
2025-09-19,Sur,Tecnologia,Referido,Desktop,Nuevo,478,9,0.0188,10,158657,1427917,23
2025-01-25,Norte,Electrodomesticos,Organico,Mobile,Nuevo,1151,18,0.0156,27,171126,3080259,44
2024-03-16,Norte,Deportes,Email,Tablet,Nuevo,319,8,0.0251,11,71947,575574,21
2025-01-24,Norte,Tecnologia,Organico,Desktop,Recurrente,499,22,0.0441,30,211231,4647089,35
2025-03-18,Sur,Tecnologia,Pago,Tablet,Nuevo,769,11,0.0143,11,190945,2100397,26
2025-10-18,Centro,Tecnologia,Social,Mobile,Nuevo,549,13,0.0237,16,148366,1928759,35
2025-12-01,Centro,Vestuario,Referido,Mobile,Nuevo,1216,28,0.023,33,44450,1244601,15
2024-06-07,Centro,Vestuario,Pago,Tablet,Nuevo,465,10,0.0215,18,37934,379340,17
2024-01-15,Sur,Deportes,Referido,Desktop,Nuevo,314,4,0.0127,4,55969,223875,36
2025-11-21,Sur,Hogar,Social,Mobile,Nuevo,1472,28,0.019,34,94374,2642484,63
2024-05-31,Sur,Tecnologia,Email,Desktop,Nuevo,439,6,0.0137,6,165784,994706,34
2024-02-09,Sur,Hogar,Email,Tablet,Nuevo,440,9,0.0205,11,73122,658097,52
2025-01-31,Norte,Vestuario,Email,Tablet,Recurrente,228,7,0.0307,8,37630,263409,20
2024-12-04,Centro,Deportes,Email,Tablet,Nuevo,453,12,0.0265,16,59233,710796,35
2024-02-06,Norte,Electrodomesticos,Pago,Mobile,Nuevo,1280,14,0.0109,14,158066,2212930,47
2024-04-04,Centro,Deportes,Email,Tablet,Nuevo,527,8,0.0152,9,61579,492634,32
2025-09-16,Sur,Electrodomesticos,Referido,Mobile,Recurrente,466,10,0.0215,10,184584,1845836,42
2024-08-05,Norte,Vestuario,Email,Desktop,Recurrente,609,23,0.0378,28,45724,1051642,26
2025-01-18,Sur,Hogar,Social,Desktop,Nuevo,749,13,0.0174,19,82063,1066815,38
2024-05-25,Centro,Hogar,Referido,Desktop,Recurrente,569,20,0.0351,21,87952,1759033,43
2025-12-01,Sur,Vestuario,Pago,Desktop,Nuevo,1363,38,0.0279,38,42737,1623992,47
2024-04-07,Centro,Vestuario,Social,Tablet,Recurrente,314,9,0.0287,9,58774,528965,42
2024-04-29,Sur,Deportes,Organico,Mobile,Recurrente,800,14,0.0175,17,61185,856583,46
2025-08-29,Norte,Electrodomesticos,Email,Tablet,Recurrente,489,8,0.0164,12,184621,1476965,18
2024-03-28,Centro,Electrodomesticos,Organico,Mobile,Nuevo,1139,18,0.0158,22,167856,3021405,33
2024-08-07,Centro,Hogar,Email,Mobile,Nuevo,1148,21,0.0183,21,99149,2082135,37
2025-08-23,Centro,Vestuario,Pago,Tablet,Recurrente,552,12,0.0217,17,55358,664300,20
2024-03-07,Sur,Tecnologia,Organico,Mobile,Recurrente,1206,40,0.0332,44,190948,7637928,45
2024-05-31,Sur,Electrodomesticos,Social,Mobile,Recurrente,835,11,0.0132,13,167370,1841074,44
2024-02-09,Sur,Deportes,Referido,Desktop,Nuevo,558,10,0.0179,13,56995,569949,27
2024-11-16,Centro,Electrodomesticos,Pago,Tablet,Nuevo,807,9,0.0112,12,112064,1008578,38
2025-05-19,Sur,Deportes,Organico,Desktop,Recurrente,468,13,0.0278,16,66757,867844,43
2025-09-24,Norte,Electrodomesticos,Social,Desktop,Recurrente,706,11,0.0156,11,147719,1624904,30
2024-08-19,Sur,Electrodomesticos,Social,Tablet,Nuevo,451,11,0.0244,12,140190,1542093,33
2025-11-20,Norte,Electrodomesticos,Organico,Mobile,Recurrente,419,8,0.0191,8,175907,1407256,7
2024-08-25,Sur,Deportes,Email,Tablet,Nuevo,521,11,0.0211,11,59551,655060,36
2024-10-06,Norte,Tecnologia,Organico,Mobile,Nuevo,604,6,0.0099,6,164906,989434,41
2024-07-09,Norte,Deportes,Email,Desktop,Nuevo,448,16,0.0357,25,57960,927363,44
2024-12-25,Norte,Electrodomesticos,Pago,Desktop,Nuevo,1238,20,0.0162,22,168985,3379695,47
2025-07-03,Sur,Hogar,Pago,Tablet,Recurrente,918,20,0.0218,22,76815,1536292,39
2025-10-06,Norte,Deportes,Organico,Mobile,Recurrente,1327,30,0.0226,30,53035,1591041,53
2024-05-11,Centro,Electrodomesticos,Email,Desktop,Nuevo,424,7,0.0165,7,158061,1106427,38
2025-07-11,Centro,Tecnologia,Email,Tablet,Nuevo,522,13,0.0249,17,203975,2651674,30
2024-10-23,Sur,Vestuario,Email,Tablet,Recurrente,401,13,0.0324,19,50556,657222,41
2025-08-14,Centro,Hogar,Organico,Tablet,Recurrente,1106,30,0.0271,30,91799,2753978,43
2025-07-03,Norte,Deportes,Email,Desktop,Recurrente,223,5,0.0224,5,60778,303890,53
2024-01-18,Centro,Tecnologia,Social,Tablet,Nuevo,854,15,0.0176,17,173534,2603016,32
2025-08-12,Norte,Vestuario,Social,Desktop,Recurrente,696,23,0.033,32,48021,1104493,22
2024-11-01,Sur,Hogar,Email,Tablet,Recurrente,739,24,0.0325,31,86751,2082027,50
2025-02-24,Sur,Hogar,Referido,Desktop,Recurrente,663,9,0.0136,17,110185,991665,31
2024-01-18,Centro,Deportes,Pago,Mobile,Nuevo,1629,26,0.016,30,53617,1394044,54
2025-09-12,Sur,Tecnologia,Organico,Mobile,Recurrente,610,10,0.0164,10,153207,1532074,48
2025-08-28,Sur,Electrodomesticos,Email,Desktop,Nuevo,691,21,0.0304,23,139945,2938842,32
2025-01-22,Norte,Vestuario,Organico,Desktop,Nuevo,736,16,0.0217,25,50225,803599,37
2025-04-07,Norte,Electrodomesticos,Social,Desktop,Nuevo,392,10,0.0255,12,124188,1241879,29
2024-02-10,Sur,Electrodomesticos,Organico,Desktop,Nuevo,851,9,0.0106,9,177584,1598258,31
2025-03-28,Sur,Hogar,Social,Mobile,Nuevo,916,17,0.0186,18,95543,1624226,46
2024-06-09,Sur,Vestuario,Social,Mobile,Nuevo,884,19,0.0215,26,44308,841861,11
2025-04-23,Sur,Electrodomesticos,Organico,Mobile,Recurrente,50,1,0.02,2,130445,130445,24
2024-10-28,Sur,Hogar,Email,Desktop,Recurrente,765,12,0.0157,12,80350,964201,58
2025-08-25,Sur,Tecnologia,Social,Desktop,Recurrente,542,6,0.0111,8,221679,1330075,33
2025-05-31,Sur,Hogar,Social,Tablet,Recurrente,500,11,0.022,21,101210,1113312,31
2024-01-26,Centro,Tecnologia,Social,Mobile,Nuevo,759,13,0.0171,20,170557,2217239,41
2025-02-04,Norte,Hogar,Pago,Mobile,Nuevo,897,16,0.0178,23,91669,1466708,31
2024-10-09,Centro,Tecnologia,Social,Mobile,Recurrente,1395,26,0.0186,27,217716,5660627,44
2025-04-12,Sur,Tecnologia,Referido,Desktop,Nuevo,407,7,0.0172,9,209937,1469561,35
2025-09-26,Centro,Electrodomesticos,Pago,Desktop,Recurrente,748,6,0.008,6,160673,964038,25
2025-04-30,Centro,Hogar,Email,Desktop,Recurrente,784,16,0.0204,22,82870,1325922,33
2024-06-29,Norte,Vestuario,Referido,Desktop,Recurrente,328,18,0.0549,18,48418,871515,21
2024-01-05,Centro,Hogar,Social,Mobile,Recurrente,1057,17,0.0161,19,90229,1533893,35
2025-06-29,Norte,Hogar,Pago,Desktop,Recurrente,344,5,0.0145,8,85259,426296,41
2024-01-10,Sur,Tecnologia,Organico,Desktop,Nuevo,608,10,0.0164,14,173311,1733114,30
2024-04-29,Centro,Deportes,Social,Mobile,Nuevo,833,18,0.0216,22,59208,1065737,46
2024-10-17,Centro,Vestuario,Social,Tablet,Recurrente,545,19,0.0349,21,47758,907394,41
2024-09-03,Norte,Tecnologia,Referido,Mobile,Nuevo,566,11,0.0194,14,173802,1911826,28
2024-07-29,Centro,Deportes,Pago,Desktop,Nuevo,929,25,0.0269,29,54905,1372632,49
2025-01-28,Centro,Tecnologia,Organico,Tablet,Recurrente,590,19,0.0322,20,154000,2926006,16
2024-02-26,Centro,Deportes,Referido,Desktop,Nuevo,624,15,0.024,20,42265,633967,50
2024-03-12,Centro,Tecnologia,Email,Tablet,Nuevo,479,8,0.0167,8,189239,1513911,43
2025-06-22,Norte,Deportes,Referido,Tablet,Recurrente,195,5,0.0256,9,64549,322747,14
2025-10-16,Sur,Hogar,Pago,Tablet,Nuevo,457,5,0.0109,6,94219,471096,50
2025-03-05,Sur,Hogar,Referido,Desktop,Nuevo,574,10,0.0174,15,82938,829379,74
2024-12-15,Norte,Hogar,Social,Mobile,Nuevo,587,6,0.0102,6,110019,660115,48
2025-06-18,Norte,Tecnologia,Social,Desktop,Recurrente,936,16,0.0171,20,213377,3414032,42
2025-05-11,Centro,Tecnologia,Email,Mobile,Nuevo,455,8,0.0176,13,172428,1379424,35
2025-11-23,Sur,Hogar,Email,Mobile,Recurrente,526,11,0.0209,11,101605,1117651,51
2024-01-26,Centro,Vestuario,Social,Tablet,Nuevo,760,17,0.0224,25,35273,599634,28
2025-05-06,Sur,Tecnologia,Referido,Mobile,Nuevo,489,7,0.0143,7,184106,1288745,37
2024-08-18,Sur,Vestuario,Pago,Mobile,Recurrente,719,21,0.0292,25,38394,806279,32
2024-07-21,Sur,Electrodomesticos,Email,Mobile,Recurrente,613,19,0.031,30,164943,3133918,24
2025-05-16,Norte,Electrodomesticos,Organico,Desktop,Recurrente,392,7,0.0179,7,184637,1292457,26
2024-06-08,Norte,Hogar,Referido,Tablet,Nuevo,203,3,0.0148,3,74972,224916,31
2024-04-03,Sur,Vestuario,Organico,Desktop,Recurrente,546,18,0.033,23,43911,790405,36
2025-01-29,Centro,Electrodomesticos,Pago,Mobile,Recurrente,1417,30,0.0212,45,167309,5019276,47
2024-03-01,Sur,Electrodomesticos,Organico,Tablet,Recurrente,527,11,0.0209,16,159682,1756504,44
2025-12-10,Centro,Deportes,Pago,Desktop,Nuevo,764,10,0.0131,10,55662,556623,18
2025-09-24,Centro,Vestuario,Organico,Desktop,Recurrente,1119,20,0.0179,22,44645,892909,36
2025-02-27,Sur,Deportes,Email,Desktop,Nuevo,342,5,0.0146,9,59924,299622,50
2024-12-06,Norte,Electrodomesticos,Referido,Tablet,Recurrente,243,5,0.0206,9,164976,824881,43
2024-07-10,Sur,Electrodomesticos,Organico,Mobile,Recurrente,603,8,0.0133,11,178976,1431806,36
2024-11-17,Norte,Tecnologia,Pago,Desktop,Nuevo,693,9,0.013,10,198308,1784768,52
2024-11-22,Sur,Electrodomesticos,Pago,Mobile,Nuevo,1363,18,0.0132,19,137965,2483361,35
2024-10-25,Norte,Vestuario,Organico,Desktop,Nuevo,387,9,0.0233,10,48193,433736,46
2024-07-09,Sur,Deportes,Pago,Desktop,Nuevo,1116,23,0.0206,23,53484,1230126,40
2024-05-14,Sur,Vestuario,Organico,Mobile,Recurrente,1071,21,0.0196,33,53612,1125859,42
2024-11-28,Norte,Vestuario,Social,Desktop,Nuevo,751,19,0.0253,23,51170,972238,12
2025-02-09,Sur,Tecnologia,Social,Tablet,Nuevo,383,12,0.0313,13,190355,2284257,38
2024-03-26,Sur,Vestuario,Organico,Desktop,Nuevo,1065,23,0.0216,23,40064,921476,31
2025-11-08,Norte,Hogar,Referido,Mobile,Recurrente,680,9,0.0132,16,101667,915006,48
2024-11-25,Sur,Vestuario,Pago,Mobile,Nuevo,1243,23,0.0185,29,43560,1001875,34
2024-09-30,Centro,Hogar,Email,Desktop,Nuevo,678,17,0.0251,19,76098,1293659,23
2024-03-30,Centro,Electrodomesticos,Referido,Mobile,Recurrente,634,14,0.0221,14,120783,1690959,40
2024-09-22,Centro,Deportes,Organico,Mobile,Recurrente,824,13,0.0158,13,68135,885757,64
2025-04-04,Centro,Tecnologia,Social,Mobile,Nuevo,1009,19,0.0188,25,204610,3887599,26
2024-07-07,Sur,Hogar,Organico,Tablet,Recurrente,319,9,0.0282,12,117771,1059941,53
2024-10-20,Sur,Tecnologia,Referido,Desktop,Recurrente,253,4,0.0158,8,191005,764019,36
2024-10-05,Norte,Tecnologia,Referido,Desktop,Recurrente,526,17,0.0323,18,197095,3350619,50
2025-02-07,Norte,Hogar,Email,Tablet,Recurrente,395,10,0.0253,13,112946,1129461,48
2024-11-07,Norte,Deportes,Pago,Tablet,Recurrente,799,14,0.0175,14,56988,797826,25
2024-05-20,Sur,Electrodomesticos,Social,Mobile,Nuevo,509,12,0.0236,15,162249,1946984,37
2024-06-29,Norte,Electrodomesticos,Pago,Desktop,Nuevo,609,14,0.023,20,143238,2005329,48
2025-08-06,Sur,Hogar,Social,Tablet,Nuevo,409,7,0.0171,10,74204,519426,41
2024-08-15,Centro,Electrodomesticos,Social,Desktop,Nuevo,1109,17,0.0153,18,129621,2203565,39
2025-12-01,Centro,Deportes,Referido,Tablet,Recurrente,436,10,0.0229,10,62886,628858,27
2024-05-05,Centro,Hogar,Organico,Tablet,Nuevo,481,8,0.0166,14,95312,762497,29
2025-08-22,Centro,Tecnologia,Email,Desktop,Recurrente,856,19,0.0222,23,182577,3468955,39
2025-03-09,Norte,Deportes,Pago,Mobile,Recurrente,754,14,0.0186,14,52304,732262,46
2024-11-23,Centro,Electrodomesticos,Social,Mobile,Recurrente,1021,20,0.0196,24,163260,3265199,28
2025-01-29,Norte,Tecnologia,Pago,Desktop,Nuevo,1086,21,0.0193,25,193265,4058559,45
2024-01-03,Sur,Hogar,Email,Tablet,Nuevo,166,2,0.012,2,110546,221092,44
2025-07-24,Centro,Hogar,Social,Mobile,Recurrente,1061,19,0.0179,19,103080,1958521,43
2025-12-01,Sur,Deportes,Email,Tablet,Nuevo,503,8,0.0159,8,73980,591841,45
2025-06-27,Centro,Electrodomesticos,Referido,Tablet,Nuevo,524,6,0.0115,8,143907,863442,21
2024-04-17,Norte,Deportes,Social,Tablet,Recurrente,451,15,0.0333,23,60954,914317,11
2024-01-09,Norte,Vestuario,Email,Tablet,Recurrente,254,6,0.0236,7,51841,311047,39
2025-02-06,Norte,Electrodomesticos,Pago,Mobile,Nuevo,930,17,0.0183,17,156901,2667320,36
2024-05-17,Norte,Hogar,Organico,Tablet,Recurrente,924,23,0.0249,23,70544,1622504,29
2025-10-14,Norte,Electrodomesticos,Email,Desktop,Recurrente,728,15,0.0206,24,172620,2589297,42
2024-04-27,Sur,Vestuario,Email,Tablet,Recurrente,516,11,0.0213,14,46054,506597,14
2024-08-09,Centro,Electrodomesticos,Social,Desktop,Recurrente,468,7,0.015,7,145688,1019818,44
2025-10-24,Centro,Electrodomesticos,Referido,Mobile,Nuevo,538,9,0.0167,9,112079,1008710,34
2025-08-21,Centro,Tecnologia,Social,Mobile,Nuevo,563,12,0.0213,12,221067,2652804,34
2025-03-04,Centro,Hogar,Pago,Mobile,Recurrente,246,8,0.0325,19,86852,694817,52
2024-06-16,Centro,Tecnologia,Social,Desktop,Recurrente,495,14,0.0283,14,214175,2998446,32
2024-04-20,Centro,Vestuario,Organico,Desktop,Recurrente,838,21,0.0251,28,52630,1105235,31
2024-10-18,Sur,Vestuario,Social,Mobile,Recurrente,1057,31,0.0293,36,49743,1542037,43
2024-06-10,Norte,Electrodomesticos,Social,Tablet,Recurrente,290,1,0.0034,2,168364,168363,36
2024-10-13,Sur,Deportes,Organico,Mobile,Nuevo,632,10,0.0158,17,51870,518697,26
2025-02-03,Sur,Tecnologia,Organico,Tablet,Nuevo,663,17,0.0256,26,201544,3426243,44
2024-10-07,Sur,Hogar,Referido,Tablet,Nuevo,332,12,0.0361,15,106970,1283639,47
2025-08-07,Sur,Tecnologia,Email,Tablet,Recurrente,317,10,0.0315,13,178192,1781917,46
2025-01-23,Sur,Hogar,Email,Tablet,Recurrente,466,12,0.0258,13,91131,1093572,57
2024-12-11,Norte,Electrodomesticos,Referido,Mobile,Recurrente,251,5,0.0199,6,184579,922897,62
2025-06-17,Centro,Electrodomesticos,Social,Tablet,Nuevo,765,18,0.0235,21,167690,3018413,26
2025-08-08,Centro,Tecnologia,Referido,Tablet,Nuevo,469,11,0.0235,11,187366,2061028,22
2024-12-05,Norte,Tecnologia,Email,Tablet,Recurrente,472,10,0.0212,10,180681,1806806,46
2024-08-18,Centro,Electrodomesticos,Pago,Tablet,Nuevo,197,4,0.0203,4,164446,657782,37
2025-01-10,Sur,Electrodomesticos,Referido,Mobile,Nuevo,590,11,0.0186,13,146859,1615448,47
2025-06-29,Norte,Hogar,Organico,Desktop,Nuevo,449,8,0.0178,8,78847,630773,36
2025-05-23,Norte,Hogar,Organico,Tablet,Nuevo,748,15,0.0201,15,98722,1480827,35
2024-03-14,Norte,Vestuario,Email,Mobile,Recurrente,584,16,0.0274,19,47501,760008,44
2025-05-22,Norte,Electrodomesticos,Organico,Tablet,Recurrente,728,9,0.0124,9,157772,1419950,17
2024-06-11,Sur,Vestuario,Organico,Mobile,Recurrente,1212,22,0.0182,22,41577,914693,43
2024-05-07,Norte,Deportes,Social,Desktop,Recurrente,574,9,0.0157,11,60239,542150,50
2024-10-30,Centro,Vestuario,Referido,Desktop,Nuevo,763,29,0.038,29,54467,1579533,23
2025-12-23,Sur,Deportes,Referido,Mobile,Recurrente,454,7,0.0154,14,61061,427427,46
2025-04-16,Norte,Tecnologia,Email,Tablet,Nuevo,569,9,0.0158,10,163948,1475530,32
2025-03-03,Centro,Hogar,Organico,Desktop,Recurrente,1205,28,0.0232,30,91248,2554956,31
2024-05-05,Sur,Electrodomesticos,Organico,Tablet,Recurrente,518,13,0.0251,22,185301,2408912,54
2025-11-18,Norte,Vestuario,Referido,Mobile,Nuevo,731,13,0.0178,15,45742,594643,29
2024-05-20,Sur,Hogar,Organico,Desktop,Nuevo,1024,19,0.0186,20,79669,1513710,33
2024-03-07,Norte,Hogar,Referido,Desktop,Nuevo,366,7,0.0191,7,88244,617707,56
2024-11-24,Centro,Tecnologia,Pago,Tablet,Nuevo,1222,31,0.0254,31,198443,6151735,18
2024-03-26,Centro,Vestuario,Organico,Tablet,Recurrente,1118,30,0.0268,30,47210,1416286,34
2025-12-13,Sur,Deportes,Organico,Tablet,Recurrente,617,9,0.0146,15,71135,640211,53
2024-09-29,Centro,Hogar,Pago,Desktop,Recurrente,863,16,0.0185,20,94411,1510580,41
2024-08-11,Norte,Vestuario,Social,Tablet,Recurrente,385,10,0.026,10,46083,460833,38
2025-05-06,Norte,Tecnologia,Pago,Mobile,Nuevo,753,18,0.0239,19,180064,3241160,14
2024-07-26,Centro,Hogar,Referido,Tablet,Nuevo,291,4,0.0137,4,94111,376444,39
2024-02-08,Sur,Electrodomesticos,Social,Mobile,Nuevo,845,21,0.0249,25,125803,2641857,33
2024-06-08,Sur,Tecnologia,Organico,Tablet,Recurrente,616,14,0.0227,14,203038,2842535,43
2025-01-16,Centro,Vestuario,Email,Mobile,Nuevo,505,16,0.0317,19,49279,788460,29
2024-01-04,Centro,Deportes,Pago,Desktop,Nuevo,1200,23,0.0192,23,74673,1717487,60
2025-11-03,Sur,Hogar,Referido,Tablet,Nuevo,250,6,0.024,12,84197,505180,55
2025-12-27,Norte,Deportes,Social,Mobile,Nuevo,521,13,0.025,19,50527,656845,30
2025-05-21,Norte,Vestuario,Email,Tablet,Nuevo,657,12,0.0183,12,44457,533488,37
2024-08-14,Norte,Electrodomesticos,Social,Tablet,Recurrente,642,18,0.028,21,177403,3193251,22
2025-12-30,Centro,Deportes,Email,Mobile,Nuevo,1012,25,0.0247,37,64277,1606924,46
2025-02-10,Centro,Hogar,Social,Tablet,Nuevo,312,7,0.0224,7,92440,647078,33
2024-02-10,Sur,Vestuario,Organico,Desktop,Recurrente,870,26,0.0299,32,55035,1430902,35
2024-04-02,Norte,Tecnologia,Referido,Tablet,Recurrente,305,4,0.0131,7,194050,776200,29
2025-12-28,Centro,Electrodomesticos,Social,Tablet,Nuevo,671,10,0.0149,15,138309,1383088,33
2024-06-04,Norte,Tecnologia,Referido,Tablet,Recurrente,422,11,0.0261,11,172242,1894657,42
2025-01-31,Norte,Tecnologia,Referido,Mobile,Recurrente,676,12,0.0178,12,162262,1947140,36
2025-02-11,Norte,Hogar,Referido,Tablet,Recurrente,480,8,0.0167,11,86137,689097,49
2025-02-04,Sur,Deportes,Pago,Tablet,Nuevo,566,13,0.023,21,54908,713802,44
2024-03-04,Sur,Deportes,Referido,Tablet,Nuevo,281,4,0.0142,4,61391,245564,36
2024-11-13,Centro,Vestuario,Social,Tablet,Nuevo,713,15,0.021,15,37689,565339,24
2025-04-06,Norte,Tecnologia,Email,Tablet,Recurrente,267,6,0.0225,8,207281,1243684,42
2024-03-15,Norte,Hogar,Social,Desktop,Nuevo,827,16,0.0193,19,108237,1731793,43
2024-02-13,Sur,Deportes,Pago,Desktop,Nuevo,413,10,0.0242,10,46618,466176,33
2025-05-05,Sur,Electrodomesticos,Organico,Tablet,Nuevo,618,13,0.021,20,152456,1981934,33
2025-05-03,Centro,Tecnologia,Email,Tablet,Nuevo,327,8,0.0245,10,191046,1528365,50
2025-04-09,Norte,Deportes,Social,Desktop,Recurrente,719,17,0.0236,23,60514,1028739,42
2025-05-02,Centro,Hogar,Organico,Tablet,Nuevo,721,18,0.025,18,84526,1521462,25
2025-10-03,Norte,Electrodomesticos,Email,Mobile,Recurrente,592,6,0.0101,6,154867,929203,59
2024-07-14,Centro,Deportes,Pago,Desktop,Recurrente,835,18,0.0216,19,74416,1339486,41
2024-07-29,Sur,Tecnologia,Email,Tablet,Recurrente,636,17,0.0267,17,213229,3624895,34
2025-11-27,Centro,Vestuario,Pago,Mobile,Recurrente,1112,23,0.0207,28,45443,1045181,14
2025-04-10,Sur,Electrodomesticos,Email,Mobile,Nuevo,519,10,0.0193,11,153066,1530658,34
2024-06-26,Centro,Tecnologia,Pago,Mobile,Nuevo,1447,31,0.0214,36,204428,6337276,21
2024-07-11,Sur,Deportes,Organico,Tablet,Nuevo,97,6,0.0619,6,58911,353468,35
2024-12-07,Norte,Hogar,Pago,Mobile,Recurrente,1102,25,0.0227,29,99139,2478478,46
2025-07-12,Norte,Hogar,Email,Tablet,Nuevo,479,9,0.0188,9,88490,796414,32
2024-02-24,Centro,Hogar,Email,Mobile,Recurrente,811,20,0.0247,26,88127,1762540,51
2025-06-12,Centro,Deportes,Social,Mobile,Nuevo,811,14,0.0173,14,72506,1015089,29
2025-09-01,Norte,Deportes,Pago,Mobile,Recurrente,1292,33,0.0255,38,63214,2086051,44
2025-04-25,Centro,Electrodomesticos,Email,Desktop,Nuevo,545,10,0.0183,10,146384,1463835,39
2025-10-20,Centro,Deportes,Email,Tablet,Nuevo,411,14,0.0341,15,66536,931509,18
2024-11-09,Centro,Vestuario,Social,Mobile,Nuevo,1145,26,0.0227,26,49879,1296858,20
2024-08-05,Norte,Electrodomesticos,Social,Tablet,Recurrente,537,10,0.0186,11,124577,1245766,35
2024-09-08,Sur,Electrodomesticos,Pago,Desktop,Recurrente,1273,26,0.0204,32,138139,3591607,27
2024-09-29,Centro,Hogar,Email,Tablet,Nuevo,362,10,0.0276,16,97876,978761,13
2025-07-26,Centro,Hogar,Pago,Mobile,Recurrente,655,11,0.0168,14,86410,950509,56
2025-03-18,Norte,Vestuario,Organico,Tablet,Recurrente,645,25,0.0388,39,45428,1135694,37
2025-02-23,Centro,Tecnologia,Email,Desktop,Nuevo,653,12,0.0184,12,167945,2015345,31
2025-04-18,Norte,Electrodomesticos,Referido,Mobile,Recurrente,238,1,0.0042,1,113400,113400,32
2025-12-14,Sur,Tecnologia,Pago,Desktop,Nuevo,1221,20,0.0164,26,213355,4267094,29
2024-02-25,Centro,Tecnologia,Pago,Mobile,Recurrente,952,23,0.0242,23,170719,3926539,22
2024-09-03,Centro,Hogar,Pago,Tablet,Nuevo,885,11,0.0124,16,78358,861938,42
2025-07-29,Sur,Deportes,Social,Mobile,Recurrente,878,22,0.0251,22,59112,1300463,25
2024-05-14,Centro,Deportes,Referido,Mobile,Nuevo,767,9,0.0117,13,60855,547697,26
2025-06-23,Norte,Deportes,Referido,Tablet,Nuevo,494,11,0.0223,12,59057,649623,39
2024-10-11,Sur,Tecnologia,Referido,Desktop,Nuevo,711,15,0.0211,15,189664,2844956,14
2025-08-11,Centro,Tecnologia,Email,Tablet,Recurrente,410,13,0.0317,25,223334,2903337,61
2025-11-09,Norte,Tecnologia,Email,Tablet,Recurrente,264,5,0.0189,7,196010,980047,45
2025-03-09,Norte,Hogar,Email,Desktop,Nuevo,325,8,0.0246,9,79852,638812,39
2024-07-08,Sur,Hogar,Social,Mobile,Recurrente,848,16,0.0189,20,94907,1518518,49
2025-07-31,Sur,Vestuario,Organico,Mobile,Nuevo,1002,20,0.02,34,58231,1164612,42
2024-12-24,Sur,Deportes,Referido,Tablet,Nuevo,683,16,0.0234,16,67083,1073323,43
2025-05-20,Norte,Tecnologia,Organico,Mobile,Recurrente,748,22,0.0294,22,216243,4757353,31
2024-06-03,Centro,Deportes,Social,Tablet,Nuevo,567,9,0.0159,9,55367,498303,45
2024-12-08,Centro,Tecnologia,Referido,Mobile,Nuevo,859,14,0.0163,14,202956,2841388,23
2024-07-25,Norte,Tecnologia,Email,Mobile,Recurrente,630,11,0.0175,11,193486,2128345,37
2025-08-12,Centro,Tecnologia,Email,Tablet,Nuevo,804,17,0.0211,23,227030,3859507,31
2024-08-25,Sur,Deportes,Referido,Desktop,Recurrente,275,8,0.0291,8,63993,511942,35
2025-08-06,Norte,Deportes,Pago,Mobile,Nuevo,836,16,0.0191,16,69719,1115498,43
2025-12-03,Sur,Vestuario,Organico,Desktop,Nuevo,1023,30,0.0293,35,49936,1498087,27
2025-06-27,Norte,Deportes,Email,Desktop,Recurrente,578,13,0.0225,17,65140,846818,46
2025-01-10,Norte,Electrodomesticos,Social,Desktop,Nuevo,569,6,0.0105,9,156057,936339,15
2025-04-15,Norte,Tecnologia,Social,Mobile,Nuevo,839,15,0.0179,19,175441,2631620,36
2024-04-10,Centro,Deportes,Pago,Tablet,Recurrente,1065,35,0.0329,48,61120,2139201,58
2024-12-27,Norte,Hogar,Pago,Tablet,Nuevo,218,3,0.0138,3,94970,284911,30
2025-09-10,Sur,Electrodomesticos,Pago,Tablet,Nuevo,883,19,0.0215,25,161998,3077968,41
2024-03-10,Centro,Deportes,Referido,Mobile,Recurrente,631,7,0.0111,10,61464,430250,34
2025-07-05,Norte,Vestuario,Organico,Tablet,Recurrente,611,17,0.0278,18,43142,733410,33
2024-09-17,Sur,Hogar,Organico,Mobile,Nuevo,1205,20,0.0166,29,81889,1637788,37
2025-03-29,Centro,Hogar,Pago,Tablet,Nuevo,659,6,0.0091,6,80018,480109,40
2025-10-20,Sur,Electrodomesticos,Pago,Desktop,Nuevo,1187,23,0.0194,36,131525,3025074,24
2024-02-04,Norte,Electrodomesticos,Organico,Desktop,Recurrente,441,13,0.0295,17,163116,2120505,53
2024-04-21,Norte,Tecnologia,Email,Tablet,Recurrente,339,11,0.0324,11,194672,2141388,64
2025-07-03,Sur,Hogar,Referido,Tablet,Nuevo,370,3,0.0081,5,69829,209486,43
2024-08-06,Centro,Tecnologia,Referido,Tablet,Recurrente,305,5,0.0164,5,172789,863942,47
2024-05-22,Sur,Deportes,Pago,Desktop,Nuevo,1536,29,0.0189,30,65598,1902338,47
2025-06-10,Centro,Deportes,Pago,Tablet,Nuevo,498,9,0.0181,11,53919,485269,53
2025-07-27,Centro,Deportes,Pago,Tablet,Nuevo,291,1,0.0034,1,62196,62196,27
2024-06-03,Norte,Electrodomesticos,Organico,Mobile,Nuevo,651,12,0.0184,12,133528,1602331,48
2024-03-31,Sur,Electrodomesticos,Email,Tablet,Nuevo,242,6,0.0248,6,151848,911088,45
2024-03-11,Centro,Deportes,Pago,Mobile,Nuevo,1330,33,0.0248,49,42635,1406942,53
2024-09-29,Norte,Tecnologia,Email,Mobile,Nuevo,676,11,0.0163,13,185332,2038650,31
2024-06-12,Sur,Tecnologia,Organico,Mobile,Nuevo,539,14,0.026,19,205884,2882377,53
2025-02-02,Norte,Tecnologia,Organico,Desktop,Nuevo,1039,20,0.0192,27,215681,4313625,29
2025-04-03,Centro,Electrodomesticos,Referido,Mobile,Recurrente,466,4,0.0086,4,176312,705247,33
2024-10-08,Centro,Electrodomesticos,Referido,Desktop,Recurrente,385,4,0.0104,4,140056,560222,37
2025-04-12,Sur,Electrodomesticos,Email,Desktop,Recurrente,852,27,0.0317,36,171459,4629394,14
2024-11-03,Centro,Hogar,Social,Desktop,Recurrente,1012,24,0.0237,31,97292,2335008,21
2024-02-03,Centro,Deportes,Social,Tablet,Recurrente,459,12,0.0261,14,66711,800534,35
2025-11-29,Centro,Hogar,Pago,Tablet,Nuevo,827,14,0.0169,14,95245,1333432,43
2025-03-25,Centro,Hogar,Referido,Mobile,Recurrente,674,12,0.0178,16,90025,1080300,49
2025-10-04,Centro,Deportes,Pago,Tablet,Recurrente,631,10,0.0158,14,54127,541271,36
2024-03-27,Norte,Tecnologia,Email,Mobile,Nuevo,464,11,0.0237,11,204706,2251765,41
2025-02-11,Centro,Tecnologia,Pago,Tablet,Nuevo,999,23,0.023,27,185990,4277767,24
2024-02-18,Norte,Tecnologia,Social,Tablet,Nuevo,269,3,0.0112,5,190092,570274,32
2024-03-01,Norte,Deportes,Social,Mobile,Nuevo,975,14,0.0144,14,56943,797203,27
2025-08-24,Centro,Tecnologia,Social,Mobile,Nuevo,1016,13,0.0128,13,182864,2377232,31
2024-11-01,Centro,Electrodomesticos,Email,Tablet,Recurrente,1036,21,0.0203,21,173858,3651026,45
2024-10-28,Sur,Deportes,Social,Mobile,Nuevo,709,13,0.0183,22,58036,754469,44
2025-06-23,Sur,Deportes,Referido,Desktop,Nuevo,587,14,0.0239,19,61783,864955,37
2025-12-19,Centro,Deportes,Email,Desktop,Nuevo,303,5,0.0165,5,60370,301848,46
2025-04-29,Centro,Vestuario,Organico,Desktop,Nuevo,746,14,0.0188,14,47899,670590,44
2025-05-28,Sur,Hogar,Email,Tablet,Nuevo,469,10,0.0213,10,107151,1071507,43
2025-05-29,Sur,Electrodomesticos,Email,Tablet,Recurrente,461,11,0.0239,11,131556,1447114,22
2025-11-04,Sur,Hogar,Pago,Mobile,Nuevo,1378,22,0.016,22,108942,2396729,19
2025-03-12,Centro,Electrodomesticos,Social,Desktop,Nuevo,419,8,0.0191,9,141623,1132982,29
2025-05-01,Centro,Hogar,Pago,Desktop,Nuevo,1421,14,0.0099,14,95885,1342392,54
2024-01-19,Centro,Hogar,Organico,Desktop,Nuevo,645,12,0.0186,23,99999,1199984,23
2024-06-29,Norte,Hogar,Organico,Desktop,Recurrente,603,8,0.0133,8,83573,668587,56
2025-07-28,Sur,Tecnologia,Pago,Tablet,Recurrente,804,20,0.0249,20,181152,3623041,42
2024-11-27,Norte,Vestuario,Social,Mobile,Nuevo,818,31,0.0379,36,47489,1472162,49
2025-06-22,Centro,Tecnologia,Email,Desktop,Recurrente,854,22,0.0258,22,203920,4486243,67
2025-01-22,Norte,Hogar,Email,Desktop,Nuevo,191,6,0.0314,7,92239,553431,33
2024-02-09,Sur,Electrodomesticos,Referido,Desktop,Recurrente,501,10,0.02,10,166287,1662867,23
2025-10-02,Norte,Deportes,Pago,Desktop,Nuevo,556,6,0.0108,10,62485,374911,41
2025-01-28,Centro,Vestuario,Email,Desktop,Recurrente,1038,37,0.0356,37,42269,1563962,13
2024-11-23,Sur,Deportes,Social,Mobile,Nuevo,1019,14,0.0137,23,71826,1005563,31
2025-05-14,Sur,Tecnologia,Organico,Mobile,Recurrente,1187,29,0.0244,37,212060,6149744,40
2025-09-14,Centro,Tecnologia,Organico,Tablet,Nuevo,767,18,0.0235,32,166241,2992340,45
2025-11-06,Norte,Vestuario,Social,Desktop,Recurrente,1045,20,0.0191,29,45495,909898,23
2024-06-03,Norte,Tecnologia,Email,Tablet,Recurrente,369,6,0.0163,13,194617,1167702,48
2024-12-01,Centro,Electrodomesticos,Referido,Desktop,Recurrente,629,16,0.0254,22,151100,2417605,52
2025-11-25,Norte,Tecnologia,Pago,Desktop,Nuevo,1321,24,0.0182,36,199830,4795921,49
2024-04-09,Norte,Vestuario,Social,Tablet,Nuevo,361,10,0.0277,10,40221,402211,28
2024-07-21,Norte,Deportes,Email,Desktop,Recurrente,490,11,0.0224,17,74651,821158,23
2024-09-15,Centro,Deportes,Email,Tablet,Recurrente,217,11,0.0507,15,69090,759994,36
2025-12-25,Norte,Electrodomesticos,Organico,Mobile,Recurrente,1342,29,0.0216,39,132802,3851256,53
2025-08-23,Norte,Vestuario,Social,Mobile,Recurrente,871,17,0.0195,17,51691,878740,38
2025-11-19,Centro,Tecnologia,Organico,Tablet,Recurrente,993,24,0.0242,30,232985,5591639,56
2024-04-12,Centro,Tecnologia,Organico,Desktop,Nuevo,568,15,0.0264,15,173120,2596805,30
2024-04-25,Sur,Tecnologia,Social,Tablet,Nuevo,506,13,0.0257,14,192534,2502937,40
2025-08-11,Centro,Vestuario,Email,Desktop,Recurrente,954,32,0.0335,32,56097,1795101,20
2024-01-07,Sur,Hogar,Organico,Desktop,Nuevo,706,18,0.0255,22,82006,1476111,61
2025-12-07,Centro,Electrodomesticos,Social,Mobile,Nuevo,395,6,0.0152,7,169947,1019679,34
2025-11-27,Centro,Electrodomesticos,Referido,Desktop,Recurrente,720,22,0.0306,25,149728,3294016,52
2025-12-02,Norte,Hogar,Social,Desktop,Nuevo,967,16,0.0165,16,110533,1768527,50
2025-07-02,Sur,Hogar,Referido,Tablet,Nuevo,388,1,0.0026,2,93960,93959,49
2024-05-19,Sur,Deportes,Pago,Tablet,Nuevo,340,7,0.0206,15,66680,466761,34
2024-11-28,Centro,Deportes,Pago,Desktop,Nuevo,1193,18,0.0151,21,47648,857658,33
2024-04-07,Sur,Vestuario,Organico,Desktop,Recurrente,958,37,0.0386,37,54542,2018055,35
2024-08-25,Sur,Deportes,Pago,Desktop,Nuevo,657,7,0.0107,12,52861,370024,40
2025-10-10,Norte,Deportes,Organico,Desktop,Recurrente,679,13,0.0191,21,47985,623801,46
2024-03-01,Sur,Tecnologia,Social,Desktop,Nuevo,512,14,0.0273,17,217606,3046480,34
2024-09-28,Sur,Electrodomesticos,Pago,Mobile,Nuevo,1007,16,0.0159,16,155953,2495250,18
2024-05-29,Norte,Electrodomesticos,Social,Tablet,Nuevo,563,10,0.0178,10,141713,1417128,16
2024-04-27,Norte,Hogar,Email,Desktop,Nuevo,455,5,0.011,5,79266,396327,35
2025-07-27,Norte,Vestuario,Referido,Mobile,Recurrente,499,10,0.02,10,40403,404033,52
2024-03-21,Centro,Vestuario,Social,Tablet,Recurrente,890,20,0.0225,21,55104,1102089,31
2025-04-04,Sur,Vestuario,Pago,Tablet,Nuevo,457,12,0.0263,12,39353,472241,21
2025-10-13,Sur,Deportes,Referido,Tablet,Nuevo,262,1,0.0038,1,76208,76207,34
2025-10-06,Sur,Tecnologia,Referido,Desktop,Nuevo,437,11,0.0252,11,198153,2179684,45
2024-03-30,Sur,Tecnologia,Pago,Desktop,Recurrente,401,19,0.0474,26,206195,3917708,43
2025-10-14,Centro,Electrodomesticos,Email,Mobile,Recurrente,312,9,0.0288,9,198987,1790885,35
2024-10-30,Centro,Vestuario,Referido,Tablet,Recurrente,270,9,0.0333,14,54453,490075,38
2024-02-11,Centro,Tecnologia,Email,Mobile,Nuevo,873,17,0.0195,17,192465,3271904,16
2025-11-16,Norte,Vestuario,Email,Mobile,Recurrente,293,12,0.041,17,48780,585365,31
2024-03-19,Sur,Vestuario,Referido,Desktop,Nuevo,513,8,0.0156,8,43562,348492,19
2025-08-21,Sur,Deportes,Organico,Desktop,Nuevo,929,17,0.0183,20,56987,968774,55
2025-04-29,Norte,Electrodomesticos,Organico,Mobile,Recurrente,729,10,0.0137,19,113400,1134000,32
2024-02-19,Sur,Vestuario,Referido,Mobile,Recurrente,589,11,0.0187,13,49360,542956,21
2025-07-08,Sur,Deportes,Pago,Mobile,Recurrente,1391,29,0.0208,30,67607,1960609,53
2025-03-24,Sur,Hogar,Referido,Desktop,Recurrente,524,11,0.021,11,118994,1308929,52
2024-08-11,Sur,Hogar,Email,Mobile,Nuevo,459,4,0.0087,6,101306,405224,59
2025-10-21,Norte,Tecnologia,Pago,Desktop,Recurrente,660,21,0.0318,26,212791,4468616,20
2025-10-05,Norte,Hogar,Pago,Tablet,Recurrente,581,22,0.0379,31,85041,1870891,51
2024-04-04,Sur,Deportes,Email,Tablet,Nuevo,605,17,0.0281,17,65166,1107820,45
2025-06-10,Norte,Tecnologia,Social,Tablet,Nuevo,591,11,0.0186,15,182990,2012894,41
2024-08-26,Norte,Deportes,Social,Tablet,Recurrente,319,11,0.0345,11,66007,726072,27
2024-08-04,Norte,Hogar,Referido,Desktop,Nuevo,529,3,0.0057,3,84200,252601,43
2024-09-14,Sur,Tecnologia,Pago,Mobile,Nuevo,1293,25,0.0193,25,191069,4776723,66
2025-11-30,Norte,Electrodomesticos,Social,Desktop,Recurrente,285,4,0.014,4,139174,556694,38
2024-06-15,Sur,Hogar,Pago,Tablet,Nuevo,641,12,0.0187,12,84686,1016227,43
2024-03-30,Norte,Hogar,Organico,Tablet,Recurrente,444,9,0.0203,15,85119,766069,53
2024-09-11,Sur,Vestuario,Referido,Tablet,Nuevo,325,2,0.0062,4,46216,92431,24
2025-10-22,Norte,Hogar,Organico,Tablet,Recurrente,376,7,0.0186,11,99623,697363,58
2025-03-02,Centro,Deportes,Social,Mobile,Nuevo,1058,19,0.018,24,65376,1242153,48
2024-11-07,Norte,Hogar,Referido,Mobile,Recurrente,538,10,0.0186,18,90908,909080,50
2025-06-21,Norte,Electrodomesticos,Email,Desktop,Recurrente,538,13,0.0242,13,153342,1993443,55
2024-10-07,Norte,Hogar,Organico,Tablet,Nuevo,599,12,0.02,12,86510,1038122,53
2024-10-28,Sur,Hogar,Social,Tablet,Nuevo,593,11,0.0185,11,69921,769136,32
2025-05-19,Norte,Vestuario,Pago,Desktop,Recurrente,152,1,0.0066,3,52779,52778,32
2025-06-26,Sur,Tecnologia,Social,Tablet,Nuevo,519,10,0.0193,16,167038,1670375,16
2024-02-20,Sur,Hogar,Pago,Desktop,Nuevo,1282,28,0.0218,28,61740,1728719,48
2025-01-18,Norte,Deportes,Organico,Desktop,Nuevo,473,10,0.0211,10,63625,636252,34
2025-01-26,Sur,Deportes,Social,Mobile,Recurrente,980,25,0.0255,25,64436,1610909,38
2025-10-13,Norte,Deportes,Referido,Mobile,Recurrente,421,9,0.0214,9,69804,628236,31
2025-04-11,Norte,Deportes,Referido,Mobile,Nuevo,326,6,0.0184,8,56035,336207,40
2025-03-17,Centro,Deportes,Email,Tablet,Recurrente,348,5,0.0144,9,65156,325782,48
2024-02-29,Centro,Tecnologia,Referido,Mobile,Nuevo,944,19,0.0201,19,181031,3439595,22
2024-05-24,Centro,Electrodomesticos,Pago,Mobile,Nuevo,1420,17,0.012,17,143163,2433762,38
2024-04-30,Sur,Electrodomesticos,Referido,Mobile,Nuevo,620,11,0.0177,12,165087,1815956,34
2025-07-15,Sur,Hogar,Organico,Desktop,Recurrente,894,18,0.0201,22,106456,1916211,62
2024-01-22,Centro,Vestuario,Social,Tablet,Recurrente,747,20,0.0268,20,55535,1110698,37
2025-09-10,Norte,Tecnologia,Social,Tablet,Nuevo,386,6,0.0155,6,185319,1111916,26
2024-12-15,Norte,Electrodomesticos,Referido,Desktop,Nuevo,545,7,0.0128,14,105409,737865,30
2025-07-19,Centro,Vestuario,Email,Mobile,Recurrente,1003,23,0.0229,26,52678,1211601,37
2024-02-01,Centro,Vestuario,Email,Tablet,Recurrente,593,21,0.0354,21,48854,1025934,35
2024-06-26,Centro,Electrodomesticos,Organico,Mobile,Recurrente,1504,28,0.0186,29,200073,5602043,47
2025-04-28,Sur,Deportes,Email,Mobile,Recurrente,971,28,0.0288,30,67425,1887910,29
2025-07-24,Sur,Vestuario,Organico,Tablet,Nuevo,567,17,0.03,18,47380,805456,16
2025-07-28,Norte,Tecnologia,Pago,Desktop,Nuevo,1094,23,0.021,26,171285,3939564,26
2024-10-30,Sur,Deportes,Referido,Tablet,Recurrente,370,6,0.0162,9,59710,358260,39
2024-11-27,Centro,Vestuario,Organico,Mobile,Recurrente,691,10,0.0145,10,40807,408069,25
2025-07-26,Norte,Tecnologia,Email,Desktop,Recurrente,533,13,0.0244,13,181547,2360109,33
2025-12-20,Norte,Hogar,Email,Desktop,Recurrente,458,19,0.0415,20,89267,1696072,42
2025-12-17,Sur,Hogar,Pago,Mobile,Recurrente,802,13,0.0162,14,92847,1207016,55
2024-09-19,Centro,Tecnologia,Email,Mobile,Recurrente,717,16,0.0223,25,220727,3531637,37
2024-07-31,Centro,Deportes,Organico,Tablet,Recurrente,425,10,0.0235,15,67297,672965,51
2024-05-03,Centro,Hogar,Organico,Mobile,Nuevo,1778,25,0.0141,29,86606,2165161,38
2025-04-26,Centro,Vestuario,Social,Desktop,Nuevo,601,12,0.02,19,45975,551703,13
2024-05-28,Centro,Deportes,Referido,Desktop,Recurrente,210,7,0.0333,7,53983,377877,34
2024-05-13,Centro,Deportes,Social,Tablet,Recurrente,802,21,0.0262,24,69572,1461012,50
2025-06-25,Norte,Hogar,Organico,Desktop,Nuevo,974,19,0.0195,19,97709,1856467,54
2025-01-22,Norte,Deportes,Referido,Tablet,Recurrente,393,6,0.0153,6,73598,441585,40
2024-02-06,Sur,Tecnologia,Organico,Mobile,Recurrente,1051,15,0.0143,15,234738,3521067,33
2025-12-03,Sur,Vestuario,Organico,Mobile,Nuevo,1110,26,0.0234,35,44127,1147297,36
2024-03-20,Norte,Hogar,Pago,Mobile,Nuevo,762,14,0.0184,16,69034,966478,38
2024-06-24,Sur,Deportes,Email,Desktop,Recurrente,762,23,0.0302,27,57704,1327194,55
2024-07-31,Sur,Tecnologia,Referido,Tablet,Nuevo,78,2,0.0256,2,191968,383935,47
2024-03-18,Norte,Tecnologia,Referido,Mobile,Recurrente,467,12,0.0257,19,218869,2626424,44
2025-06-26,Centro,Vestuario,Referido,Tablet,Recurrente,145,6,0.0414,8,48305,289832,24
2025-08-04,Norte,Electrodomesticos,Pago,Mobile,Nuevo,828,8,0.0097,13,105954,847635,29
2024-10-31,Sur,Hogar,Social,Tablet,Recurrente,772,28,0.0363,33,124568,3487896,39
2025-09-25,Norte,Tecnologia,Social,Desktop,Recurrente,741,18,0.0243,22,225161,4052890,36
2025-07-31,Sur,Hogar,Social,Desktop,Nuevo,845,15,0.0178,15,78624,1179360,37
2025-12-21,Sur,Deportes,Organico,Tablet,Recurrente,644,15,0.0233,15,63967,959511,57
2024-11-23,Sur,Tecnologia,Organico,Tablet,Nuevo,636,12,0.0189,12,220568,2646821,25
2024-07-15,Centro,Tecnologia,Pago,Desktop,Recurrente,1147,30,0.0262,46,190510,5715300,39
2025-11-25,Norte,Electrodomesticos,Email,Mobile,Recurrente,582,17,0.0292,25,171101,2908720,45
2025-04-09,Norte,Hogar,Referido,Mobile,Recurrente,503,8,0.0159,9,96122,768978,43
2025-11-10,Norte,Deportes,Organico,Tablet,Nuevo,565,9,0.0159,9,62138,559238,41
2024-05-18,Norte,Hogar,Organico,Tablet,Nuevo,449,12,0.0267,14,90739,1088867,21
2025-11-01,Centro,Deportes,Referido,Mobile,Nuevo,930,14,0.0151,22,54350,760899,35
2024-07-26,Norte,Deportes,Organico,Tablet,Recurrente,691,19,0.0275,28,74916,1423405,42
2025-08-28,Centro,Hogar,Email,Desktop,Recurrente,810,16,0.0198,18,105263,1684210,50
2024-03-30,Norte,Vestuario,Organico,Mobile,Nuevo,759,14,0.0184,24,46394,649517,53
2024-01-16,Sur,Vestuario,Email,Desktop,Nuevo,522,9,0.0172,10,48049,432443,27
2025-05-05,Sur,Deportes,Pago,Mobile,Recurrente,764,19,0.0249,23,72812,1383429,39
2024-01-22,Norte,Hogar,Email,Desktop,Nuevo,416,11,0.0264,14,84061,924673,37
2025-11-04,Norte,Deportes,Referido,Tablet,Recurrente,431,9,0.0209,9,54366,489291,56
2024-04-08,Sur,Tecnologia,Organico,Tablet,Nuevo,973,27,0.0277,28,170731,4609747,19
2025-06-03,Sur,Tecnologia,Social,Desktop,Recurrente,740,23,0.0311,26,201794,4641268,53
2024-12-07,Centro,Electrodomesticos,Social,Tablet,Recurrente,818,18,0.022,18,145686,2622344,36
2024-12-20,Sur,Electrodomesticos,Referido,Tablet,Recurrente,343,6,0.0175,8,159564,957382,35
2024-04-08,Centro,Hogar,Email,Mobile,Nuevo,543,12,0.0221,15,89514,1074163,37
2025-01-10,Centro,Hogar,Pago,Tablet,Nuevo,603,13,0.0216,24,89664,1165631,54
2024-03-01,Sur,Tecnologia,Referido,Tablet,Recurrente,271,8,0.0295,8,200396,1603171,30
2025-02-19,Norte,Electrodomesticos,Social,Desktop,Nuevo,727,15,0.0206,20,169206,2538087,23
2024-01-30,Centro,Deportes,Referido,Desktop,Recurrente,760,13,0.0171,15,63151,820959,38
2025-01-24,Norte,Tecnologia,Organico,Tablet,Nuevo,914,18,0.0197,21,219028,3942495,45
2025-05-09,Norte,Deportes,Email,Desktop,Recurrente,516,8,0.0155,16,69603,556822,58
2025-03-11,Centro,Hogar,Pago,Mobile,Nuevo,1875,31,0.0165,31,88878,2755224,26
2025-10-04,Sur,Tecnologia,Social,Mobile,Recurrente,620,21,0.0339,23,204903,4302953,51
2024-02-14,Centro,Tecnologia,Social,Mobile,Nuevo,893,16,0.0179,26,162923,2606762,38
2024-02-08,Sur,Deportes,Email,Mobile,Nuevo,817,16,0.0196,18,57541,920660,48
2024-09-05,Sur,Electrodomesticos,Referido,Mobile,Nuevo,763,11,0.0144,12,141409,1555495,43
2025-11-11,Centro,Vestuario,Social,Mobile,Nuevo,1444,28,0.0194,28,47250,1322995,40
2025-06-30,Norte,Electrodomesticos,Email,Tablet,Recurrente,404,8,0.0198,8,190770,1526162,30
2024-02-10,Centro,Hogar,Social,Mobile,Nuevo,830,15,0.0181,18,100007,1500103,42
2025-01-28,Sur,Tecnologia,Organico,Tablet,Recurrente,746,15,0.0201,18,225313,3379691,14
2024-09-29,Sur,Tecnologia,Referido,Mobile,Recurrente,583,16,0.0274,23,206204,3299263,32
2025-01-17,Centro,Electrodomesticos,Pago,Desktop,Nuevo,1472,18,0.0122,29,149081,2683462,40
2024-05-15,Norte,Tecnologia,Email,Mobile,Recurrente,835,26,0.0311,26,186511,4849290,53
2025-11-05,Centro,Hogar,Email,Desktop,Recurrente,706,17,0.0241,26,104799,1781586,42
2025-10-25,Norte,Hogar,Email,Desktop,Nuevo,534,12,0.0225,15,77963,935553,24
2024-05-30,Sur,Deportes,Pago,Mobile,Nuevo,1209,25,0.0207,35,60118,1502940,42
2024-08-31,Norte,Deportes,Organico,Mobile,Nuevo,432,11,0.0255,14,58984,648824,44
2025-10-07,Sur,Tecnologia,Organico,Mobile,Recurrente,1044,23,0.022,28,194249,4467733,30
2024-11-05,Centro,Hogar,Email,Tablet,Nuevo,836,16,0.0191,27,101883,1630122,41
2025-12-10,Sur,Vestuario,Email,Tablet,Recurrente,460,14,0.0304,14,54370,761180,32
2024-03-24,Centro,Vestuario,Social,Desktop,Nuevo,431,7,0.0162,8,40920,286438,25
2024-11-29,Centro,Electrodomesticos,Social,Mobile,Nuevo,1357,14,0.0103,28,118679,1661510,27
2025-08-25,Norte,Hogar,Referido,Tablet,Recurrente,333,8,0.024,8,77354,618834,46
2025-12-24,Centro,Hogar,Social,Desktop,Recurrente,836,21,0.0251,28,103845,2180750,44
2024-04-27,Norte,Deportes,Referido,Mobile,Recurrente,371,8,0.0216,14,60893,487147,39
2025-01-27,Norte,Electrodomesticos,Social,Mobile,Recurrente,629,8,0.0127,10,138776,1110211,57
2024-03-17,Sur,Electrodomesticos,Email,Tablet,Nuevo,365,4,0.011,4,155200,620801,37
2024-11-05,Centro,Deportes,Social,Tablet,Recurrente,759,12,0.0158,17,57115,685381,40
2024-05-19,Sur,Deportes,Organico,Desktop,Recurrente,994,27,0.0272,33,61300,1655104,35
2025-11-19,Centro,Vestuario,Social,Tablet,Nuevo,770,19,0.0247,24,46425,882066,15
2025-09-25,Norte,Hogar,Email,Desktop,Nuevo,460,11,0.0239,18,95685,1052539,41
2024-12-08,Centro,Tecnologia,Pago,Desktop,Recurrente,1047,24,0.0229,25,174330,4183930,45
2025-02-05,Norte,Hogar,Pago,Tablet,Recurrente,966,17,0.0176,20,83800,1424599,57
2025-01-08,Sur,Tecnologia,Email,Tablet,Nuevo,560,12,0.0214,13,183168,2198018,25
2025-01-04,Norte,Vestuario,Organico,Mobile,Nuevo,836,19,0.0227,23,46205,877887,36
2025-11-07,Centro,Electrodomesticos,Referido,Mobile,Nuevo,717,17,0.0237,21,166569,2831667,44
2025-07-11,Sur,Hogar,Email,Desktop,Recurrente,624,15,0.024,23,82262,1233936,51
2024-04-29,Norte,Vestuario,Organico,Mobile,Nuevo,1343,23,0.0171,37,46318,1065310,29
2024-01-27,Sur,Vestuario,Referido,Tablet,Nuevo,365,9,0.0247,13,36536,328827,18
2025-11-06,Sur,Hogar,Social,Desktop,Nuevo,610,17,0.0279,19,94772,1611130,34
2025-07-29,Norte,Hogar,Social,Tablet,Recurrente,767,10,0.013,13,124402,1244018,45
2024-12-24,Norte,Electrodomesticos,Pago,Desktop,Recurrente,1164,26,0.0223,30,158742,4127300,47
2024-04-27,Centro,Deportes,Email,Mobile,Recurrente,1101,31,0.0282,39,66930,2074829,46
2024-07-03,Centro,Tecnologia,Referido,Desktop,Nuevo,420,4,0.0095,8,180497,721989,27
2024-11-22,Norte,Hogar,Email,Tablet,Recurrente,522,24,0.046,24,94688,2272520,39
2025-09-13,Norte,Tecnologia,Referido,Desktop,Recurrente,391,10,0.0256,11,212744,2127443,29
2024-12-21,Sur,Electrodomesticos,Pago,Mobile,Recurrente,1633,31,0.019,42,142707,4423929,23
2025-02-02,Sur,Deportes,Pago,Desktop,Nuevo,574,10,0.0174,12,54808,548083,59
2024-10-20,Norte,Tecnologia,Organico,Mobile,Recurrente,744,18,0.0242,18,182551,3285919,46
2025-03-04,Sur,Electrodomesticos,Pago,Mobile,Nuevo,644,7,0.0109,7,159873,1119109,35
2024-06-26,Centro,Deportes,Pago,Tablet,Nuevo,983,22,0.0224,25,49780,1095167,48
2024-04-04,Norte,Deportes,Pago,Mobile,Nuevo,547,13,0.0238,16,66158,860060,37
2024-12-30,Sur,Tecnologia,Organico,Mobile,Recurrente,1433,40,0.0279,54,190646,7625846,42
2024-04-04,Norte,Vestuario,Social,Desktop,Recurrente,460,14,0.0304,16,53123,743719,24
2024-12-19,Centro,Deportes,Social,Tablet,Nuevo,1012,21,0.0208,21,45262,950496,25
2024-03-31,Sur,Electrodomesticos,Social,Mobile,Nuevo,720,16,0.0222,22,120345,1925514,28
2024-04-08,Sur,Hogar,Social,Mobile,Nuevo,1046,14,0.0134,14,78331,1096640,41
2024-06-20,Sur,Tecnologia,Organico,Tablet,Nuevo,754,11,0.0146,13,175158,1926738,33
2024-03-01,Norte,Tecnologia,Referido,Tablet,Recurrente,386,14,0.0363,15,163908,2294709,63
2025-08-09,Norte,Electrodomesticos,Social,Tablet,Recurrente,533,11,0.0206,11,142514,1567651,47
2025-04-19,Norte,Deportes,Social,Tablet,Nuevo,333,3,0.009,3,58597,175790,63
2025-04-02,Norte,Tecnologia,Social,Tablet,Nuevo,716,14,0.0196,30,161019,2254264,31
2025-02-24,Norte,Vestuario,Social,Tablet,Recurrente,394,11,0.0279,17,43026,473290,25
2025-12-28,Centro,Electrodomesticos,Referido,Tablet,Nuevo,533,15,0.0281,20,167094,2506415,25
2024-10-21,Norte,Tecnologia,Email,Mobile,Recurrente,510,15,0.0294,26,232760,3491407,39
2024-02-25,Norte,Vestuario,Social,Desktop,Nuevo,303,2,0.0066,2,35619,71238,42
2025-02-16,Norte,Vestuario,Pago,Mobile,Nuevo,1019,27,0.0265,32,44750,1208242,33
2025-05-11,Norte,Hogar,Pago,Desktop,Nuevo,962,12,0.0125,18,97328,1167938,40
2025-04-24,Sur,Electrodomesticos,Referido,Desktop,Nuevo,666,8,0.012,8,135934,1087470,29
2025-04-08,Norte,Tecnologia,Pago,Desktop,Recurrente,1190,36,0.0303,44,226323,8147628,41
2025-02-18,Norte,Electrodomesticos,Email,Desktop,Nuevo,626,14,0.0224,14,179506,2513085,25
2024-01-08,Sur,Tecnologia,Social,Desktop,Nuevo,915,14,0.0153,14,185199,2592787,19
2024-11-27,Norte,Tecnologia,Social,Desktop,Nuevo,1134,24,0.0212,30,177254,4254102,30
2025-11-09,Sur,Deportes,Pago,Mobile,Nuevo,1287,32,0.0249,40,57324,1834366,50
2025-01-11,Centro,Electrodomesticos,Referido,Mobile,Nuevo,629,11,0.0175,12,115659,1272254,48
2025-11-23,Centro,Tecnologia,Email,Tablet,Nuevo,576,14,0.0243,18,170461,2386448,31
2024-10-04,Norte,Electrodomesticos,Social,Mobile,Recurrente,516,6,0.0116,7,160978,965870,42
2024-10-21,Sur,Vestuario,Organico,Mobile,Nuevo,768,17,0.0221,20,56829,966095,28
2024-07-12,Sur,Vestuario,Email,Mobile,Recurrente,859,24,0.0279,25,50623,1214962,36
2025-06-14,Sur,Vestuario,Pago,Mobile,Recurrente,1055,25,0.0237,25,51514,1287853,49
2025-12-29,Sur,Tecnologia,Referido,Mobile,Recurrente,304,6,0.0197,15,177624,1065744,31
2024-08-22,Centro,Electrodomesticos,Organico,Tablet,Recurrente,712,16,0.0225,17,127500,2039998,28
2025-10-13,Sur,Electrodomesticos,Email,Desktop,Recurrente,490,9,0.0184,15,137460,1237137,30
2025-03-29,Norte,Vestuario,Social,Tablet,Nuevo,385,4,0.0104,5,36876,147503,23
2024-03-13,Sur,Hogar,Social,Tablet,Recurrente,487,12,0.0246,12,104900,1258795,37
2025-08-13,Centro,Deportes,Referido,Desktop,Nuevo,191,2,0.0105,2,66113,132226,43
2025-10-20,Centro,Hogar,Email,Tablet,Recurrente,571,19,0.0333,19,89304,1696779,43
2024-03-03,Centro,Hogar,Organico,Tablet,Recurrente,701,18,0.0257,23,120058,2161045,34
2024-06-04,Norte,Hogar,Social,Tablet,Recurrente,557,7,0.0126,7,92358,646502,33
2025-08-19,Sur,Vestuario,Referido,Mobile,Recurrente,885,27,0.0305,27,47802,1290654,39
2024-11-13,Centro,Hogar,Social,Desktop,Recurrente,813,9,0.0111,15,92557,833016,43
2024-04-06,Norte,Electrodomesticos,Pago,Tablet,Recurrente,795,24,0.0302,24,140650,3375598,53
2024-09-22,Sur,Deportes,Social,Mobile,Nuevo,833,23,0.0276,25,62123,1428840,40
2025-07-20,Sur,Vestuario,Organico,Tablet,Nuevo,661,13,0.0197,17,45643,593355,28
2024-04-07,Centro,Tecnologia,Pago,Desktop,Recurrente,1165,21,0.018,24,153712,3227947,30
2025-02-04,Norte,Electrodomesticos,Social,Desktop,Nuevo,590,6,0.0102,6,141343,848056,32
2025-01-31,Centro,Electrodomesticos,Pago,Mobile,Nuevo,1123,17,0.0151,20,127512,2167708,32
2024-11-08,Norte,Vestuario,Organico,Desktop,Nuevo,661,10,0.0151,13,41651,416509,38
2025-01-19,Sur,Deportes,Social,Tablet,Recurrente,629,11,0.0175,11,60843,669276,27
2025-08-02,Norte,Deportes,Pago,Tablet,Nuevo,225,3,0.0133,3,47563,142690,31
2024-01-20,Sur,Electrodomesticos,Organico,Mobile,Nuevo,1210,23,0.019,23,172542,3968464,30
2024-11-21,Centro,Tecnologia,Referido,Desktop,Nuevo,835,16,0.0192,20,198608,3177728,55
2024-07-02,Norte,Electrodomesticos,Social,Tablet,Nuevo,433,5,0.0115,5,145951,729757,37
2025-10-16,Sur,Vestuario,Social,Desktop,Recurrente,1090,21,0.0193,23,50007,1050153,17
2025-12-22,Sur,Tecnologia,Referido,Desktop,Nuevo,622,14,0.0225,14,174749,2446487,37
2025-06-16,Centro,Tecnologia,Social,Desktop,Recurrente,780,17,0.0218,17,176992,3008870,31
2025-04-12,Sur,Tecnologia,Email,Mobile,Recurrente,624,15,0.024,16,153067,2296008,47
2024-02-24,Sur,Electrodomesticos,Email,Tablet,Recurrente,227,6,0.0264,7,138643,831855,9
2025-11-24,Centro,Vestuario,Referido,Tablet,Recurrente,761,24,0.0315,24,53627,1287055,56
2024-05-29,Norte,Deportes,Social,Desktop,Nuevo,739,19,0.0257,19,61405,1166695,33
2024-07-28,Centro,Electrodomesticos,Pago,Tablet,Recurrente,860,13,0.0151,22,170770,2220015,42
2025-04-06,Norte,Tecnologia,Organico,Tablet,Recurrente,477,12,0.0252,16,189894,2278725,49
2024-12-08,Sur,Vestuario,Email,Tablet,Nuevo,533,12,0.0225,12,39200,470403,48
2024-10-22,Centro,Vestuario,Referido,Mobile,Nuevo,433,10,0.0231,12,34919,349189,17
2024-04-27,Sur,Deportes,Pago,Tablet,Recurrente,679,21,0.0309,21,70196,1474110,48
2024-04-02,Centro,Tecnologia,Social,Desktop,Recurrente,959,24,0.025,32,206477,4955459,41
2024-02-09,Sur,Hogar,Email,Desktop,Nuevo,358,6,0.0168,7,84872,509230,47
2024-12-17,Centro,Deportes,Organico,Desktop,Recurrente,894,25,0.028,28,67045,1676121,51
2024-11-01,Sur,Electrodomesticos,Pago,Tablet,Nuevo,519,11,0.0212,14,131797,1449771,19
2024-03-04,Norte,Electrodomesticos,Organico,Tablet,Nuevo,773,13,0.0168,17,164271,2135517,10
2025-12-18,Norte,Electrodomesticos,Social,Desktop,Recurrente,579,9,0.0155,11,174732,1572589,13
2024-11-26,Norte,Hogar,Email,Desktop,Recurrente,857,29,0.0338,31,93068,2698979,44
2024-11-26,Norte,Electrodomesticos,Referido,Tablet,Recurrente,376,8,0.0213,8,178661,1429284,53
2025-12-03,Centro,Electrodomesticos,Email,Mobile,Nuevo,606,9,0.0149,13,155998,1403978,32
2025-06-27,Sur,Deportes,Pago,Desktop,Nuevo,867,12,0.0138,14,58264,699172,41
2025-01-07,Sur,Hogar,Organico,Desktop,Recurrente,159,1,0.0063,1,100936,100935,45
2024-01-15,Centro,Electrodomesticos,Social,Desktop,Nuevo,599,11,0.0184,14,174317,1917489,31
2025-07-01,Norte,Deportes,Social,Desktop,Recurrente,529,14,0.0265,14,69893,978504,34
2025-06-21,Sur,Vestuario,Email,Desktop,Recurrente,524,18,0.0344,22,58825,1058847,42
2025-12-09,Centro,Hogar,Referido,Desktop,Nuevo,804,11,0.0137,11,110707,1217773,44
2025-04-13,Centro,Vestuario,Referido,Desktop,Nuevo,556,13,0.0234,13,44845,582985,24
2025-03-09,Norte,Vestuario,Social,Mobile,Nuevo,311,5,0.0161,5,43318,216591,32
2024-05-17,Sur,Tecnologia,Organico,Desktop,Nuevo,801,15,0.0187,15,194570,2918553,21
2025-10-10,Sur,Vestuario,Organico,Mobile,Nuevo,1207,17,0.0141,19,48249,820233,12
2024-03-23,Centro,Hogar,Email,Tablet,Recurrente,279,8,0.0287,9,116882,935056,40
2024-11-26,Norte,Vestuario,Social,Tablet,Recurrente,483,11,0.0228,24,46306,509367,29
2025-12-15,Sur,Tecnologia,Email,Mobile,Nuevo,582,15,0.0258,19,208208,3123122,42
2025-04-07,Centro,Electrodomesticos,Organico,Mobile,Recurrente,920,16,0.0174,32,161770,2588319,30
2024-02-04,Norte,Tecnologia,Referido,Mobile,Nuevo,576,10,0.0174,12,172435,1724345,34
2025-09-18,Norte,Tecnologia,Email,Mobile,Recurrente,473,18,0.0381,26,227540,4095719,51
2025-09-15,Centro,Deportes,Referido,Mobile,Nuevo,421,8,0.019,12,52528,420222,22
2025-09-22,Sur,Tecnologia,Organico,Desktop,Recurrente,852,21,0.0246,27,168954,3548031,40
2024-09-09,Sur,Deportes,Pago,Tablet,Nuevo,333,6,0.018,7,60322,361932,48
2024-10-05,Centro,Tecnologia,Organico,Tablet,Recurrente,562,12,0.0214,12,188696,2264355,40
2025-04-18,Norte,Deportes,Email,Mobile,Recurrente,484,13,0.0269,13,76270,991514,66
2025-08-15,Norte,Tecnologia,Email,Desktop,Recurrente,554,23,0.0415,24,187799,4319378,39
2024-11-17,Sur,Electrodomesticos,Social,Mobile,Nuevo,807,7,0.0087,14,127540,892777,31
2025-10-17,Sur,Vestuario,Referido,Desktop,Nuevo,601,16,0.0266,20,42178,674842,31
2024-10-22,Sur,Deportes,Organico,Tablet,Recurrente,976,36,0.0369,43,56217,2023820,25
2025-08-04,Centro,Tecnologia,Referido,Tablet,Recurrente,369,9,0.0244,10,213241,1919169,47
2024-09-28,Norte,Hogar,Social,Desktop,Recurrente,665,15,0.0226,17,102601,1539008,50
2025-11-22,Centro,Electrodomesticos,Organico,Desktop,Nuevo,1436,26,0.0181,30,178531,4641811,15
2025-12-17,Norte,Hogar,Organico,Mobile,Nuevo,1284,20,0.0156,20,104676,2093514,50
2024-01-04,Sur,Tecnologia,Referido,Tablet,Recurrente,416,8,0.0192,12,164905,1319236,40
2024-05-21,Sur,Tecnologia,Organico,Desktop,Recurrente,970,31,0.032,33,197525,6123276,50
2025-12-19,Centro,Electrodomesticos,Social,Mobile,Recurrente,968,17,0.0176,17,168123,2858090,43
2024-06-14,Sur,Vestuario,Email,Desktop,Recurrente,600,21,0.035,29,49468,1038829,21
2024-05-11,Centro,Vestuario,Social,Tablet,Recurrente,824,23,0.0279,37,45512,1046785,12
2025-06-08,Sur,Deportes,Pago,Tablet,Recurrente,578,16,0.0277,16,64545,1032720,42
2025-07-03,Norte,Vestuario,Social,Tablet,Nuevo,361,5,0.0139,5,44372,221862,24
2025-02-13,Norte,Deportes,Social,Mobile,Recurrente,852,19,0.0223,24,68602,1303438,31
2025-12-18,Sur,Tecnologia,Email,Tablet,Recurrente,499,16,0.0321,16,191639,3066229,36
2025-12-05,Centro,Tecnologia,Referido,Tablet,Recurrente,414,16,0.0386,19,183199,2931183,45
2024-08-09,Centro,Tecnologia,Pago,Tablet,Nuevo,271,4,0.0148,5,162037,648148,50
2024-03-14,Sur,Vestuario,Pago,Desktop,Nuevo,449,14,0.0312,14,50863,712085,37
2024-03-29,Centro,Hogar,Referido,Mobile,Nuevo,540,8,0.0148,9,91071,728564,40
2024-07-26,Norte,Hogar,Pago,Mobile,Recurrente,1202,22,0.0183,28,104831,2306289,34
2024-02-06,Sur,Vestuario,Referido,Tablet,Recurrente,298,4,0.0134,4,44654,178616,34
2025-09-27,Sur,Tecnologia,Email,Desktop,Recurrente,464,7,0.0151,12,226811,1587677,24
2025-02-06,Norte,Electrodomesticos,Pago,Desktop,Nuevo,551,8,0.0145,9,165258,1322064,27
2025-04-20,Sur,Electrodomesticos,Pago,Mobile,Recurrente,1169,16,0.0137,16,117533,1880532,29
2025-06-18,Norte,Vestuario,Pago,Mobile,Recurrente,889,24,0.027,27,42336,1016056,29
2024-05-20,Centro,Deportes,Organico,Tablet,Recurrente,573,14,0.0244,15,53858,754015,40
2025-03-09,Norte,Vestuario,Referido,Tablet,Nuevo,229,2,0.0087,2,47006,94012,30
2024-08-13,Norte,Tecnologia,Email,Tablet,Nuevo,344,5,0.0145,5,184118,920588,39
2024-05-04,Sur,Tecnologia,Email,Desktop,Nuevo,555,13,0.0234,16,177578,2308513,38
2025-10-16,Centro,Tecnologia,Social,Tablet,Nuevo,803,10,0.0125,17,142356,1423556,29
2024-12-17,Norte,Hogar,Pago,Tablet,Recurrente,568,19,0.0335,22,103901,1974114,44
2024-06-13,Sur,Deportes,Organico,Tablet,Nuevo,906,13,0.0143,16,62690,814968,45
2025-12-15,Sur,Tecnologia,Organico,Tablet,Recurrente,698,13,0.0186,25,160961,2092498,33
2025-03-08,Centro,Electrodomesticos,Social,Desktop,Recurrente,624,12,0.0192,12,173076,2076910,23
2025-04-25,Centro,Tecnologia,Organico,Tablet,Nuevo,753,15,0.0199,15,165941,2489116,24
2025-09-15,Centro,Vestuario,Email,Tablet,Recurrente,483,19,0.0393,22,48869,928507,57
2024-07-01,Sur,Vestuario,Organico,Desktop,Nuevo,629,10,0.0159,10,49801,498014,12
2024-09-24,Sur,Vestuario,Social,Desktop,Nuevo,626,14,0.0224,15,52293,732106,46
2024-06-06,Norte,Deportes,Pago,Desktop,Recurrente,1073,36,0.0336,38,75484,2717429,32
2024-04-07,Sur,Tecnologia,Email,Desktop,Nuevo,576,11,0.0191,14,180325,1983575,28
2025-02-05,Norte,Vestuario,Referido,Mobile,Recurrente,503,21,0.0417,24,49139,1031929,42
2024-03-26,Norte,Tecnologia,Email,Mobile,Nuevo,402,8,0.0199,8,187447,1499574,41
2024-11-04,Norte,Tecnologia,Pago,Desktop,Recurrente,616,14,0.0227,14,188503,2639041,44
2025-06-30,Sur,Tecnologia,Pago,Mobile,Recurrente,593,7,0.0118,7,206704,1446931,36
2025-05-18,Sur,Vestuario,Social,Mobile,Recurrente,1025,24,0.0234,26,55272,1326539,38
2025-06-04,Sur,Vestuario,Email,Tablet,Nuevo,409,5,0.0122,5,39900,199498,34
2024-08-16,Norte,Tecnologia,Social,Desktop,Recurrente,605,23,0.038,29,224138,5155163,39
2024-05-17,Sur,Tecnologia,Email,Tablet,Nuevo,355,7,0.0197,16,180217,1261520,22
2024-11-18,Norte,Vestuario,Organico,Mobile,Recurrente,465,12,0.0258,16,49190,590281,29
2024-07-17,Centro,Deportes,Pago,Mobile,Nuevo,1176,20,0.017,32,55434,1108689,49
2024-04-16,Sur,Vestuario,Referido,Desktop,Recurrente,801,30,0.0375,36,45683,1370493,33
2025-06-13,Norte,Deportes,Email,Desktop,Recurrente,690,13,0.0188,13,63947,831315,32
2024-05-01,Norte,Electrodomesticos,Social,Desktop,Recurrente,576,13,0.0226,21,184743,2401654,18
2024-05-26,Centro,Tecnologia,Social,Desktop,Recurrente,517,9,0.0174,11,207645,1868806,44
2024-10-12,Centro,Electrodomesticos,Social,Desktop,Recurrente,968,13,0.0134,13,156308,2032001,28
2024-08-16,Centro,Deportes,Social,Mobile,Recurrente,942,18,0.0191,18,69957,1259217,44
2024-12-18,Sur,Deportes,Pago,Mobile,Nuevo,2011,43,0.0214,61,57590,2476385,35
2025-06-02,Norte,Hogar,Organico,Mobile,Nuevo,990,16,0.0162,18,89617,1433875,48
2024-07-21,Norte,Electrodomesticos,Email,Tablet,Nuevo,250,3,0.012,3,171122,513367,15
2025-08-11,Norte,Vestuario,Organico,Mobile,Recurrente,1072,32,0.0299,45,47645,1524648,12
2025-04-26,Norte,Tecnologia,Email,Mobile,Nuevo,483,6,0.0124,8,191014,1146081,28
2025-04-05,Norte,Tecnologia,Email,Tablet,Nuevo,460,2,0.0043,2,199609,399218,44
2025-03-01,Sur,Vestuario,Organico,Desktop,Recurrente,331,11,0.0332,18,43267,475934,27
2024-06-01,Norte,Deportes,Social,Mobile,Recurrente,695,18,0.0259,22,79487,1430759,52
2024-09-15,Centro,Electrodomesticos,Organico,Mobile,Recurrente,723,11,0.0152,16,194023,2134258,27
2025-04-14,Centro,Hogar,Organico,Mobile,Recurrente,1422,39,0.0274,47,83608,3260696,45
2024-01-29,Sur,Deportes,Email,Desktop,Recurrente,363,8,0.022,11,70834,566671,43
2024-05-24,Sur,Deportes,Email,Desktop,Nuevo,439,10,0.0228,15,64560,645598,28
2024-02-12,Sur,Vestuario,Social,Mobile,Nuevo,1357,21,0.0155,22,46100,968107,21
2024-09-07,Sur,Vestuario,Pago,Desktop,Recurrente,700,28,0.04,30,51053,1429471,31
2024-03-11,Centro,Electrodomesticos,Organico,Desktop,Recurrente,1194,20,0.0168,24,167598,3351950,37
2024-09-26,Norte,Hogar,Social,Desktop,Recurrente,837,18,0.0215,18,86509,1557169,45
2024-07-18,Norte,Tecnologia,Organico,Desktop,Nuevo,1012,20,0.0198,20,178388,3567752,44
2025-05-14,Centro,Vestuario,Referido,Desktop,Nuevo,605,7,0.0116,12,41830,292811,30
2025-01-29,Sur,Deportes,Social,Tablet,Nuevo,731,13,0.0178,14,58022,754282,36
2025-06-01,Centro,Tecnologia,Referido,Mobile,Nuevo,762,13,0.0171,14,184277,2395603,25
2025-10-18,Sur,Vestuario,Email,Tablet,Nuevo,602,14,0.0233,14,43105,603469,20
2024-11-09,Norte,Vestuario,Pago,Desktop,Recurrente,712,24,0.0337,24,52345,1256273,25
2025-08-11,Sur,Hogar,Email,Desktop,Nuevo,599,10,0.0167,15,84284,842839,52
2024-09-24,Norte,Electrodomesticos,Social,Mobile,Nuevo,597,7,0.0117,10,126373,884608,33
2025-12-20,Centro,Hogar,Organico,Tablet,Nuevo,646,10,0.0155,13,77216,772157,18
2024-02-20,Norte,Electrodomesticos,Email,Tablet,Recurrente,558,7,0.0125,11,151059,1057409,29
2025-03-01,Norte,Hogar,Email,Tablet,Nuevo,375,10,0.0267,14,91908,919080,32
2025-05-26,Sur,Electrodomesticos,Organico,Desktop,Recurrente,341,8,0.0235,9,201576,1612609,30
2025-05-20,Norte,Electrodomesticos,Pago,Desktop,Nuevo,506,7,0.0138,7,157021,1099149,21
2024-06-13,Sur,Tecnologia,Social,Desktop,Recurrente,965,19,0.0197,19,180733,3433935,42
2025-03-17,Sur,Electrodomesticos,Pago,Desktop,Nuevo,1183,16,0.0135,16,148278,2372446,47
2025-01-07,Sur,Vestuario,Email,Tablet,Nuevo,248,3,0.0121,3,44991,134971,42
2024-02-21,Sur,Deportes,Organico,Desktop,Recurrente,984,17,0.0173,17,71353,1213008,39
2025-06-27,Norte,Deportes,Organico,Tablet,Recurrente,410,10,0.0244,15,63012,630116,63
2025-05-24,Centro,Electrodomesticos,Referido,Tablet,Nuevo,515,12,0.0233,12,184494,2213927,35
2025-05-21,Sur,Hogar,Email,Mobile,Recurrente,512,15,0.0293,19,94598,1418976,53
2025-08-25,Norte,Tecnologia,Pago,Desktop,Nuevo,771,16,0.0208,18,172447,2759153,35
2024-12-06,Sur,Hogar,Pago,Tablet,Nuevo,1109,24,0.0216,26,86892,2085410,59
2025-05-15,Centro,Tecnologia,Social,Tablet,Recurrente,579,12,0.0207,12,192396,2308756,37
2025-04-14,Sur,Deportes,Pago,Desktop,Nuevo,980,15,0.0153,15,67677,1015157,47
2025-08-29,Sur,Electrodomesticos,Social,Desktop,Nuevo,393,4,0.0102,4,157750,630998,37
2025-12-10,Sur,Vestuario,Pago,Tablet,Recurrente,873,38,0.0435,40,39933,1517454,41
2024-02-16,Centro,Tecnologia,Organico,Desktop,Recurrente,824,25,0.0303,28,200988,5024711,27
2024-12-31,Sur,Vestuario,Email,Mobile,Recurrente,1008,19,0.0188,19,47562,903686,29
2025-02-27,Sur,Vestuario,Referido,Desktop,Recurrente,532,16,0.0301,23,54086,865378,43
2025-09-01,Sur,Hogar,Organico,Mobile,Recurrente,1487,31,0.0208,45,96415,2988873,34
2025-10-06,Norte,Vestuario,Pago,Desktop,Nuevo,897,19,0.0212,22,38797,737151,28
2025-05-12,Centro,Tecnologia,Email,Mobile,Nuevo,1112,22,0.0198,31,202397,4452723,20
2024-01-23,Norte,Vestuario,Social,Desktop,Recurrente,822,11,0.0134,11,51551,567063,17
2024-01-30,Centro,Hogar,Referido,Desktop,Recurrente,666,21,0.0315,25,91477,1921013,45
2024-04-05,Centro,Deportes,Organico,Mobile,Recurrente,1289,31,0.024,33,75487,2340094,32
2024-06-13,Centro,Hogar,Organico,Desktop,Recurrente,1051,22,0.0209,27,102126,2246766,45
2025-06-04,Sur,Deportes,Organico,Tablet,Recurrente,797,16,0.0201,16,59916,958654,60
2025-09-27,Sur,Hogar,Pago,Tablet,Recurrente,485,14,0.0289,22,104364,1461091,26
2024-10-06,Norte,Electrodomesticos,Referido,Mobile,Nuevo,216,4,0.0185,4,133676,534702,42
2024-10-19,Norte,Electrodomesticos,Organico,Desktop,Nuevo,1060,18,0.017,18,150670,2712065,23
2024-01-04,Centro,Hogar,Organico,Desktop,Nuevo,752,16,0.0213,16,79899,1278378,27
2025-07-14,Norte,Electrodomesticos,Email,Desktop,Recurrente,174,6,0.0345,9,113400,680400,37
2025-06-11,Centro,Deportes,Referido,Tablet,Recurrente,542,14,0.0258,25,58969,825561,46
2025-03-23,Centro,Deportes,Social,Mobile,Recurrente,1191,20,0.0168,27,57868,1157360,49
2025-11-18,Norte,Hogar,Email,Desktop,Recurrente,823,9,0.0109,12,79547,715919,24
2024-05-01,Norte,Hogar,Pago,Desktop,Nuevo,757,14,0.0185,17,110607,1548500,40
2025-11-13,Sur,Vestuario,Referido,Tablet,Recurrente,201,1,0.005,1,34020,34020,37
2025-09-07,Centro,Vestuario,Pago,Desktop,Recurrente,966,16,0.0166,19,51841,829463,34
2024-11-27,Norte,Tecnologia,Social,Mobile,Recurrente,460,14,0.0304,14,238852,3343925,21
2025-08-09,Norte,Electrodomesticos,Email,Desktop,Recurrente,583,15,0.0257,22,141400,2121000,37
2024-08-03,Centro,Electrodomesticos,Referido,Tablet,Nuevo,258,8,0.031,12,144677,1157417,41
2024-07-18,Sur,Hogar,Social,Tablet,Nuevo,721,13,0.018,19,87215,1133800,27
2025-01-22,Sur,Hogar,Referido,Mobile,Nuevo,593,14,0.0236,14,76701,1073807,28
2025-02-20,Centro,Hogar,Organico,Tablet,Recurrente,874,23,0.0263,27,96742,2225069,31
2024-01-31,Centro,Hogar,Organico,Mobile,Nuevo,1478,16,0.0108,21,89036,1424582,49
2025-12-20,Norte,Deportes,Referido,Mobile,Nuevo,537,11,0.0205,13,67783,745610,36
2024-10-29,Sur,Vestuario,Social,Mobile,Nuevo,1045,23,0.022,24,51183,1177211,24
2025-06-21,Sur,Hogar,Social,Tablet,Nuevo,538,10,0.0186,15,88196,881957,41
2025-07-10,Sur,Vestuario,Social,Mobile,Nuevo,803,15,0.0187,21,47004,705053,20
2025-01-25,Sur,Tecnologia,Social,Desktop,Recurrente,785,27,0.0344,40,179915,4857707,46
2025-05-03,Centro,Hogar,Referido,Desktop,Nuevo,575,16,0.0278,23,72976,1167622,40
2024-12-02,Norte,Hogar,Organico,Mobile,Recurrente,861,14,0.0163,14,99469,1392559,39
2025-06-29,Sur,Hogar,Pago,Mobile,Nuevo,1324,28,0.0211,32,74685,2091183,52
2024-07-17,Norte,Tecnologia,Referido,Tablet,Nuevo,160,3,0.0187,3,175682,527046,48
2025-09-07,Sur,Deportes,Email,Desktop,Nuevo,566,8,0.0141,11,67501,540007,40
2024-03-13,Centro,Deportes,Pago,Desktop,Recurrente,1565,33,0.0211,35,60080,1982640,51
2024-07-08,Centro,Tecnologia,Referido,Mobile,Recurrente,744,20,0.0269,20,190709,3814170,41
2024-01-16,Sur,Electrodomesticos,Social,Tablet,Recurrente,505,11,0.0218,14,154701,1701710,26
2025-12-14,Norte,Deportes,Pago,Desktop,Recurrente,772,8,0.0104,14,64853,518824,19
2024-09-14,Norte,Deportes,Pago,Desktop,Nuevo,600,11,0.0183,11,61019,671210,51
2025-07-16,Norte,Tecnologia,Referido,Desktop,Recurrente,420,14,0.0333,15,209739,2936340,46
2024-02-08,Centro,Vestuario,Referido,Desktop,Recurrente,547,17,0.0311,28,50378,856433,42
2025-12-21,Centro,Hogar,Social,Desktop,Nuevo,853,14,0.0164,16,95301,1334207,37
2025-11-16,Sur,Tecnologia,Referido,Desktop,Recurrente,599,17,0.0284,25,173003,2941047,35
2024-06-18,Norte,Hogar,Organico,Mobile,Nuevo,923,18,0.0195,24,77607,1396928,49
2025-01-10,Sur,Deportes,Referido,Tablet,Recurrente,302,7,0.0232,11,68440,479080,36
2024-05-01,Centro,Tecnologia,Social,Desktop,Recurrente,1029,22,0.0214,33,241618,5315588,31
2024-05-24,Norte,Deportes,Pago,Tablet,Recurrente,454,9,0.0198,9,54697,492275,45
2025-07-26,Sur,Deportes,Pago,Desktop,Recurrente,356,13,0.0365,16,67478,877208,40
2024-01-23,Centro,Hogar,Social,Desktop,Recurrente,1076,26,0.0242,35,102386,2662043,46
2024-05-19,Norte,Vestuario,Referido,Tablet,Nuevo,285,3,0.0105,5,49451,148354,30
2025-09-18,Norte,Tecnologia,Email,Mobile,Nuevo,655,13,0.0198,15,182239,2369111,34
2025-10-27,Norte,Hogar,Referido,Tablet,Nuevo,269,3,0.0112,5,100859,302576,34
2025-02-02,Sur,Hogar,Organico,Mobile,Nuevo,839,14,0.0167,16,94773,1326824,37
2024-10-16,Centro,Vestuario,Referido,Mobile,Recurrente,649,17,0.0262,19,46573,791736,17
2025-12-23,Sur,Electrodomesticos,Pago,Mobile,Nuevo,1430,20,0.014,27,126682,2533640,43
2025-10-13,Sur,Hogar,Email,Desktop,Nuevo,414,9,0.0217,9,98271,884440,43
2025-01-31,Norte,Hogar,Email,Mobile,Nuevo,731,11,0.015,11,84117,925283,31
2024-10-19,Norte,Tecnologia,Pago,Desktop,Recurrente,923,23,0.0249,28,194478,4472989,40
2024-08-22,Centro,Electrodomesticos,Pago,Tablet,Recurrente,813,15,0.0185,21,163233,2448496,61
2024-04-01,Centro,Vestuario,Pago,Mobile,Recurrente,377,11,0.0292,18,51972,571687,18
2025-01-04,Centro,Tecnologia,Organico,Mobile,Nuevo,1410,23,0.0163,25,170826,3929006,42
2025-08-26,Norte,Tecnologia,Referido,Mobile,Nuevo,278,7,0.0252,8,183240,1282679,38
2024-05-23,Sur,Tecnologia,Social,Desktop,Nuevo,707,12,0.017,13,142697,1712360,41
2025-08-04,Centro,Tecnologia,Social,Mobile,Recurrente,715,10,0.014,10,190665,1906650,42
2024-01-19,Sur,Hogar,Referido,Desktop,Nuevo,593,7,0.0118,10,78117,546819,23
2025-02-21,Sur,Electrodomesticos,Pago,Desktop,Recurrente,727,11,0.0151,20,137919,1517113,70
2024-08-07,Norte,Electrodomesticos,Email,Tablet,Recurrente,600,14,0.0233,14,163310,2286341,31
2024-10-17,Centro,Electrodomesticos,Referido,Mobile,Recurrente,551,6,0.0109,6,169299,1015791,42
2025-05-17,Sur,Hogar,Organico,Tablet,Nuevo,810,20,0.0247,28,98712,1974231,44
2024-11-23,Sur,Electrodomesticos,Pago,Desktop,Nuevo,723,12,0.0166,15,150716,1808595,38
2025-06-29,Centro,Hogar,Social,Mobile,Recurrente,1174,32,0.0273,42,78864,2523649,58
2025-06-07,Norte,Deportes,Email,Desktop,Nuevo,477,14,0.0294,23,60262,843669,18
2025-04-11,Norte,Electrodomesticos,Email,Desktop,Recurrente,598,17,0.0284,17,146758,2494882,66
2025-02-10,Centro,Deportes,Email,Tablet,Nuevo,694,20,0.0288,27,61323,1226463,36
2024-08-29,Centro,Tecnologia,Social,Mobile,Nuevo,1090,15,0.0138,15,157948,2369220,39
2025-11-25,Norte,Vestuario,Pago,Tablet,Recurrente,864,22,0.0255,27,50777,1117093,56
2025-03-21,Centro,Deportes,Email,Tablet,Recurrente,696,19,0.0273,21,53099,1008883,49
2025-11-15,Centro,Deportes,Social,Mobile,Recurrente,943,16,0.017,19,63511,1016170,50
2025-07-13,Sur,Tecnologia,Email,Desktop,Recurrente,591,20,0.0338,20,195901,3918015,46
2025-11-12,Centro,Hogar,Social,Tablet,Recurrente,580,15,0.0259,15,91523,1372849,44
2025-10-28,Sur,Vestuario,Pago,Tablet,Nuevo,411,9,0.0219,9,52238,470138,38
2025-12-02,Norte,Tecnologia,Email,Desktop,Recurrente,820,16,0.0195,16,241132,3858104,45
2025-03-04,Sur,Vestuario,Organico,Tablet,Recurrente,802,12,0.015,13,36009,432110,36
2025-03-13,Sur,Hogar,Email,Desktop,Nuevo,523,13,0.0249,13,79746,1036702,38
2025-10-21,Sur,Electrodomesticos,Social,Mobile,Nuevo,648,10,0.0154,10,167643,1676430,32
2024-02-05,Centro,Tecnologia,Pago,Desktop,Nuevo,685,12,0.0175,12,196397,2356758,33
2024-02-24,Centro,Electrodomesticos,Email,Mobile,Nuevo,705,10,0.0142,11,133905,1339050,21
2025-12-05,Sur,Electrodomesticos,Referido,Tablet,Recurrente,531,9,0.0169,12,148952,1340564,24
2025-01-13,Centro,Deportes,Pago,Desktop,Recurrente,648,15,0.0231,19,60760,911393,40
2025-07-30,Sur,Hogar,Social,Tablet,Nuevo,368,7,0.019,10,92793,649550,26
2025-10-06,Norte,Vestuario,Pago,Tablet,Recurrente,485,16,0.033,16,53584,857342,40
2025-04-05,Norte,Electrodomesticos,Email,Desktop,Recurrente,547,15,0.0274,15,144761,2171417,35
2024-03-09,Sur,Tecnologia,Social,Mobile,Recurrente,753,24,0.0319,33,215623,5174942,33
2024-01-22,Sur,Deportes,Social,Desktop,Recurrente,643,12,0.0187,16,76666,919992,53
2025-01-22,Norte,Tecnologia,Email,Mobile,Recurrente,711,25,0.0352,37,209938,5248441,51
2024-12-27,Sur,Hogar,Referido,Tablet,Nuevo,560,9,0.0161,9,83392,750530,46
2025-05-27,Sur,Vestuario,Organico,Mobile,Nuevo,745,14,0.0188,16,49675,695443,34
2025-03-16,Sur,Vestuario,Organico,Desktop,Nuevo,634,11,0.0174,11,43043,473472,20
2025-04-06,Centro,Tecnologia,Email,Mobile,Recurrente,734,23,0.0313,23,186871,4298022,39
2025-12-27,Centro,Vestuario,Social,Desktop,Nuevo,1219,29,0.0238,29,49220,1427374,11
2025-04-28,Centro,Vestuario,Pago,Mobile,Recurrente,1288,41,0.0318,50,51428,2108532,36
2024-02-06,Norte,Hogar,Pago,Tablet,Recurrente,627,15,0.0239,19,88597,1328958,46
2024-07-01,Centro,Electrodomesticos,Email,Desktop,Nuevo,883,13,0.0147,14,154799,2012390,35
2024-03-20,Norte,Deportes,Organico,Mobile,Nuevo,965,11,0.0114,13,61847,680316,49
2025-11-27,Centro,Vestuario,Email,Tablet,Recurrente,576,18,0.0312,20,56224,1012029,26
2025-01-02,Norte,Tecnologia,Social,Tablet,Nuevo,581,18,0.031,30,197161,3548894,31
2025-06-16,Centro,Hogar,Referido,Mobile,Nuevo,739,11,0.0149,11,81279,894067,40
2025-04-07,Centro,Deportes,Email,Tablet,Recurrente,557,12,0.0215,14,56905,682860,35
2024-02-21,Norte,Deportes,Referido,Tablet,Recurrente,251,4,0.0159,4,69388,277551,46
2024-06-08,Norte,Hogar,Pago,Desktop,Recurrente,619,10,0.0162,11,99711,997106,61
2024-11-20,Norte,Electrodomesticos,Referido,Tablet,Recurrente,502,16,0.0319,19,173264,2772216,46
2024-11-18,Centro,Deportes,Email,Mobile,Nuevo,580,11,0.019,16,52953,582483,33
2025-01-22,Centro,Vestuario,Email,Mobile,Nuevo,687,9,0.0131,13,52082,468734,34
2024-10-17,Sur,Hogar,Email,Desktop,Nuevo,434,10,0.023,10,74505,745050,51
2025-03-07,Sur,Deportes,Pago,Desktop,Nuevo,245,2,0.0082,5,68889,137778,55
2025-10-14,Norte,Tecnologia,Organico,Tablet,Nuevo,653,10,0.0153,17,179610,1796095,37
2025-05-07,Centro,Electrodomesticos,Pago,Tablet,Recurrente,1172,14,0.0119,14,157451,2204307,24
2025-02-14,Sur,Tecnologia,Pago,Tablet,Recurrente,455,10,0.022,10,212481,2124810,47
2024-11-05,Centro,Vestuario,Referido,Desktop,Nuevo,980,29,0.0296,35,46307,1342892,50
2024-01-17,Centro,Hogar,Referido,Mobile,Nuevo,932,14,0.015,14,94529,1323400,36
2024-10-06,Norte,Tecnologia,Organico,Mobile,Nuevo,897,21,0.0234,23,169890,3567698,34
2025-05-02,Norte,Electrodomesticos,Referido,Mobile,Recurrente,202,5,0.0248,5,158602,793012,35
2024-04-19,Norte,Deportes,Social,Mobile,Nuevo,1026,19,0.0185,23,59010,1121192,43
2025-11-21,Sur,Deportes,Pago,Tablet,Recurrente,713,21,0.0295,27,49502,1039546,63
2024-05-22,Sur,Hogar,Referido,Tablet,Recurrente,349,7,0.0201,9,96964,678749,43
2025-05-15,Sur,Vestuario,Social,Tablet,Nuevo,460,11,0.0239,19,41641,458053,36
2025-11-19,Sur,Vestuario,Pago,Desktop,Recurrente,1006,24,0.0239,24,60261,1446260,54
2024-06-09,Centro,Electrodomesticos,Email,Mobile,Nuevo,853,15,0.0176,26,181291,2719367,32
2024-07-12,Sur,Hogar,Email,Mobile,Nuevo,804,13,0.0162,18,68201,886606,36
2025-05-10,Norte,Vestuario,Pago,Tablet,Recurrente,478,19,0.0397,31,40382,767248,39
2024-11-21,Centro,Hogar,Organico,Desktop,Recurrente,1145,30,0.0262,30,105201,3156030,55
2024-09-10,Sur,Electrodomesticos,Social,Mobile,Recurrente,599,10,0.0167,10,175002,1750020,32
2024-04-02,Centro,Hogar,Email,Mobile,Nuevo,418,13,0.0311,20,100604,1307857,40
2025-12-31,Centro,Vestuario,Referido,Tablet,Recurrente,365,8,0.0219,12,42507,340052,49
2025-09-12,Sur,Vestuario,Email,Desktop,Recurrente,165,8,0.0485,8,45647,365174,33
2025-11-12,Norte,Vestuario,Email,Mobile,Recurrente,473,12,0.0254,12,36558,438697,40
2025-05-21,Norte,Deportes,Social,Mobile,Nuevo,620,16,0.0258,17,59596,953538,35
2024-07-21,Norte,Tecnologia,Referido,Mobile,Nuevo,297,9,0.0303,9,194700,1752302,33
2024-07-13,Norte,Vestuario,Referido,Mobile,Nuevo,578,8,0.0138,10,40653,325221,31
2025-08-10,Norte,Vestuario,Organico,Mobile,Nuevo,711,13,0.0183,17,46709,607218,47
2025-08-22,Centro,Electrodomesticos,Social,Tablet,Recurrente,609,17,0.0279,17,159542,2712205,39
2025-07-21,Norte,Vestuario,Referido,Mobile,Nuevo,544,12,0.0221,16,44152,529826,22
2025-12-09,Sur,Vestuario,Organico,Mobile,Recurrente,1246,36,0.0289,50,45622,1642374,37
2025-04-11,Sur,Hogar,Email,Tablet,Nuevo,429,10,0.0233,13,87648,876482,28
2025-01-19,Norte,Hogar,Email,Desktop,Recurrente,367,13,0.0354,13,113099,1470284,58
2024-04-07,Sur,Tecnologia,Email,Desktop,Nuevo,787,22,0.028,26,152387,3352512,39
2025-10-10,Centro,Vestuario,Email,Desktop,Recurrente,817,20,0.0245,20,48643,972869,29
2024-06-17,Norte,Electrodomesticos,Social,Mobile,Recurrente,628,10,0.0159,15,142431,1424308,33
2025-09-27,Norte,Vestuario,Referido,Tablet,Recurrente,348,5,0.0144,5,51612,258057,40
2024-06-17,Centro,Vestuario,Organico,Desktop,Nuevo,1485,37,0.0249,41,49296,1823960,20
2025-10-23,Norte,Deportes,Organico,Tablet,Recurrente,571,5,0.0088,5,62749,313746,39
2025-08-25,Sur,Vestuario,Referido,Mobile,Nuevo,483,9,0.0186,9,53225,479024,29
2024-10-15,Norte,Electrodomesticos,Referido,Tablet,Recurrente,362,7,0.0193,13,152263,1065839,36
2024-11-18,Sur,Hogar,Email,Mobile,Nuevo,737,12,0.0163,12,63000,755999,34
2024-05-09,Norte,Electrodomesticos,Social,Tablet,Nuevo,407,4,0.0098,4,125087,500348,24
2024-09-16,Norte,Hogar,Referido,Desktop,Nuevo,327,3,0.0092,3,77132,231395,42
2024-09-01,Sur,Deportes,Email,Tablet,Nuevo,519,15,0.0289,22,49099,736488,18
2025-05-02,Sur,Hogar,Social,Desktop,Recurrente,886,19,0.0214,19,102573,1948884,37
2025-03-29,Sur,Tecnologia,Referido,Tablet,Nuevo,493,15,0.0304,19,136255,2043821,47
2025-03-17,Sur,Deportes,Referido,Mobile,Nuevo,544,11,0.0202,14,70354,773893,35
2024-01-06,Sur,Tecnologia,Referido,Desktop,Nuevo,550,13,0.0236,13,178534,2320944,46
2024-08-01,Centro,Vestuario,Email,Tablet,Recurrente,562,15,0.0267,15,41894,628405,26
2025-10-13,Norte,Vestuario,Social,Desktop,Recurrente,883,21,0.0238,32,59219,1243593,39
2024-04-12,Sur,Tecnologia,Organico,Tablet,Recurrente,460,11,0.0239,13,183757,2021323,44
2025-02-26,Centro,Hogar,Social,Mobile,Nuevo,1318,25,0.019,25,75834,1895842,28
2025-12-16,Norte,Hogar,Referido,Tablet,Recurrente,411,11,0.0268,13,100834,1109178,38
2025-06-04,Sur,Tecnologia,Social,Tablet,Nuevo,723,16,0.0221,16,155081,2481291,41
2025-04-22,Centro,Tecnologia,Email,Desktop,Nuevo,1448,29,0.02,29,172745,5009604,27
2024-06-10,Norte,Vestuario,Organico,Desktop,Nuevo,731,19,0.026,26,49635,943072,37
2024-07-09,Sur,Tecnologia,Pago,Desktop,Nuevo,961,19,0.0198,24,187098,3554866,42
2025-03-24,Sur,Deportes,Organico,Tablet,Nuevo,681,15,0.022,15,55594,833915,37
2025-07-14,Sur,Vestuario,Pago,Tablet,Nuevo,676,13,0.0192,15,40820,530661,13
2025-05-10,Sur,Tecnologia,Email,Mobile,Nuevo,888,18,0.0203,19,175184,3153313,17
2025-06-22,Centro,Hogar,Pago,Tablet,Nuevo,555,7,0.0126,10,61827,432787,29
2025-08-20,Centro,Deportes,Social,Desktop,Recurrente,875,20,0.0229,24,65761,1315225,53
2025-08-10,Centro,Vestuario,Organico,Desktop,Nuevo,1358,40,0.0295,48,42578,1703138,39
2025-11-09,Centro,Vestuario,Referido,Desktop,Recurrente,639,23,0.036,28,62551,1438674,48
2025-12-21,Sur,Tecnologia,Social,Mobile,Recurrente,873,20,0.0229,27,183208,3664158,27
2024-06-10,Sur,Vestuario,Email,Desktop,Recurrente,397,11,0.0277,15,60175,661923,10
2024-08-23,Centro,Hogar,Pago,Tablet,Nuevo,657,18,0.0274,21,92181,1659259,29
2024-01-17,Norte,Deportes,Referido,Mobile,Recurrente,748,15,0.0201,16,60429,906436,45
2025-07-18,Norte,Tecnologia,Pago,Desktop,Nuevo,449,7,0.0156,11,213561,1494927,35
2024-04-11,Sur,Tecnologia,Organico,Desktop,Nuevo,817,12,0.0147,12,221017,2652205,41
2024-08-23,Norte,Tecnologia,Social,Mobile,Recurrente,635,17,0.0268,17,202492,3442362,38
2024-11-26,Centro,Deportes,Organico,Mobile,Nuevo,647,12,0.0185,12,64244,770924,35
2025-03-15,Sur,Tecnologia,Referido,Mobile,Nuevo,453,4,0.0088,4,180996,723985,44
2025-08-20,Centro,Vestuario,Social,Tablet,Recurrente,586,19,0.0324,30,54811,1041400,32
2025-09-26,Centro,Electrodomesticos,Email,Mobile,Nuevo,1286,19,0.0148,29,140065,2661231,26
2024-03-05,Norte,Deportes,Referido,Tablet,Recurrente,360,7,0.0194,10,67652,473564,68
2024-01-31,Norte,Electrodomesticos,Organico,Mobile,Recurrente,1454,28,0.0193,37,137148,3840156,36
2025-05-04,Centro,Deportes,Organico,Mobile,Recurrente,617,15,0.0243,24,59406,891090,36
2025-11-11,Sur,Tecnologia,Email,Mobile,Recurrente,456,9,0.0197,12,195490,1759411,37
2025-07-13,Centro,Tecnologia,Pago,Mobile,Nuevo,417,6,0.0144,12,206141,1236843,40
2024-05-28,Norte,Hogar,Referido,Mobile,Recurrente,684,21,0.0307,21,93626,1966144,37
2024-02-18,Norte,Tecnologia,Email,Desktop,Recurrente,475,15,0.0316,23,239428,3591413,38
2025-09-14,Norte,Vestuario,Social,Tablet,Nuevo,428,8,0.0187,12,33285,266282,35
2024-06-15,Norte,Hogar,Referido,Mobile,Nuevo,473,8,0.0169,9,88473,707787,43
2024-12-02,Norte,Hogar,Referido,Mobile,Nuevo,845,14,0.0166,14,103368,1447153,50
2024-02-18,Norte,Vestuario,Social,Mobile,Recurrente,809,28,0.0346,28,47403,1327296,48
2025-04-13,Centro,Vestuario,Pago,Tablet,Recurrente,649,18,0.0277,22,38282,689071,41
2025-09-20,Sur,Deportes,Pago,Desktop,Recurrente,790,18,0.0228,18,67970,1223453,54
2024-09-24,Centro,Electrodomesticos,Organico,Mobile,Recurrente,1560,31,0.0199,32,113400,3515400,45
2025-08-18,Centro,Hogar,Organico,Tablet,Nuevo,612,12,0.0196,18,101287,1215444,29
2025-09-29,Sur,Tecnologia,Organico,Mobile,Recurrente,817,21,0.0257,31,169323,3555789,38
2025-12-06,Norte,Hogar,Organico,Desktop,Recurrente,936,19,0.0203,24,105007,1995128,32
2025-07-19,Norte,Electrodomesticos,Organico,Desktop,Recurrente,702,16,0.0228,20,177832,2845306,33
2024-10-21,Sur,Deportes,Email,Tablet,Recurrente,330,9,0.0273,11,61508,553568,36
2024-05-22,Norte,Tecnologia,Organico,Desktop,Recurrente,1082,17,0.0157,22,236999,4028976,21
2024-05-19,Norte,Hogar,Referido,Mobile,Nuevo,237,4,0.0169,4,86715,346860,40
2025-06-10,Centro,Vestuario,Referido,Tablet,Recurrente,738,19,0.0257,19,52771,1002648,39
2025-01-27,Sur,Hogar,Social,Tablet,Nuevo,580,14,0.0241,16,98030,1372416,31
2024-10-13,Centro,Hogar,Email,Tablet,Nuevo,308,4,0.013,4,81823,327292,33
2025-06-12,Centro,Hogar,Organico,Mobile,Nuevo,1701,31,0.0182,31,91709,2842980,38
2025-09-11,Sur,Tecnologia,Pago,Desktop,Nuevo,552,20,0.0362,21,204665,4093306,35
2024-08-12,Sur,Vestuario,Referido,Desktop,Nuevo,614,13,0.0212,25,39405,512270,29
2024-01-17,Sur,Vestuario,Social,Tablet,Recurrente,413,16,0.0387,22,53372,853951,26
2025-05-19,Sur,Vestuario,Social,Desktop,Recurrente,518,16,0.0309,27,49595,793524,25
2025-05-25,Sur,Hogar,Social,Desktop,Recurrente,352,10,0.0284,16,98054,980540,39
2024-06-08,Norte,Tecnologia,Social,Tablet,Nuevo,572,15,0.0262,21,180686,2710293,40
2024-05-18,Norte,Deportes,Organico,Mobile,Recurrente,869,20,0.023,26,69167,1383346,47
2024-07-06,Centro,Vestuario,Social,Mobile,Recurrente,690,14,0.0203,14,42796,599149,42
2025-09-12,Norte,Hogar,Email,Tablet,Nuevo,448,7,0.0156,14,85757,600297,48
2025-04-23,Norte,Hogar,Organico,Mobile,Recurrente,616,8,0.013,9,105733,845866,49
2025-08-25,Centro,Vestuario,Referido,Tablet,Nuevo,368,6,0.0163,6,38620,231721,41
2025-01-26,Norte,Deportes,Organico,Desktop,Recurrente,918,17,0.0185,19,72958,1240290,65
2025-04-11,Sur,Hogar,Organico,Tablet,Nuevo,501,5,0.01,8,100558,502789,23
2024-12-04,Centro,Tecnologia,Pago,Desktop,Nuevo,1165,12,0.0103,19,220341,2644094,38
2024-01-30,Centro,Tecnologia,Referido,Desktop,Nuevo,762,12,0.0157,12,209225,2510695,43
2025-02-12,Norte,Electrodomesticos,Referido,Desktop,Nuevo,396,7,0.0177,8,148876,1042132,37
2025-01-22,Norte,Deportes,Social,Mobile,Recurrente,1132,29,0.0256,29,67853,1967743,33
2024-02-26,Norte,Vestuario,Pago,Desktop,Nuevo,479,7,0.0146,7,46413,324893,24
2024-03-30,Norte,Tecnologia,Referido,Mobile,Recurrente,578,9,0.0156,10,251240,2261159,38
2024-02-20,Sur,Deportes,Social,Desktop,Nuevo,928,15,0.0162,15,68002,1020032,38
2025-01-12,Centro,Vestuario,Referido,Desktop,Nuevo,577,11,0.0191,11,46482,511300,37
2025-02-13,Sur,Vestuario,Email,Desktop,Nuevo,429,14,0.0326,14,44056,616780,43
2025-01-16,Norte,Hogar,Pago,Tablet,Nuevo,739,10,0.0135,12,92400,924002,67
2025-03-25,Sur,Vestuario,Pago,Desktop,Nuevo,1166,28,0.024,34,41830,1171250,28
2025-10-22,Centro,Vestuario,Email,Tablet,Nuevo,626,13,0.0208,13,41995,545939,26
2025-02-01,Centro,Hogar,Organico,Tablet,Nuevo,1123,19,0.0169,28,90062,1711182,30
2024-12-23,Centro,Electrodomesticos,Referido,Mobile,Recurrente,856,12,0.014,12,170691,2048297,47
2025-12-12,Norte,Deportes,Social,Tablet,Recurrente,636,12,0.0189,12,56032,672381,35
2024-12-10,Norte,Hogar,Email,Desktop,Recurrente,660,18,0.0273,22,105329,1895915,29
2024-12-25,Sur,Hogar,Organico,Mobile,Recurrente,1113,18,0.0162,19,98943,1780970,38
2024-03-25,Centro,Electrodomesticos,Referido,Desktop,Recurrente,616,11,0.0179,11,136538,1501915,32
2025-02-24,Centro,Electrodomesticos,Email,Desktop,Recurrente,768,18,0.0234,20,131644,2369599,43
2025-10-26,Sur,Tecnologia,Social,Mobile,Recurrente,647,17,0.0263,18,188101,3197711,45
2024-01-22,Norte,Hogar,Email,Mobile,Nuevo,707,22,0.0311,22,97483,2144632,41
2024-07-08,Sur,Electrodomesticos,Email,Desktop,Nuevo,446,6,0.0135,11,155714,934284,62
2025-05-01,Norte,Tecnologia,Referido,Tablet,Nuevo,270,7,0.0259,10,141964,993747,25
2024-11-13,Centro,Hogar,Referido,Desktop,Nuevo,907,14,0.0154,14,102153,1430135,46
2024-11-30,Norte,Hogar,Social,Desktop,Nuevo,1000,15,0.015,21,109771,1646561,39
2025-06-03,Centro,Tecnologia,Organico,Tablet,Nuevo,773,17,0.022,18,164756,2800846,43
2024-02-05,Sur,Hogar,Social,Desktop,Recurrente,801,15,0.0187,15,101300,1519501,28
2025-03-05,Centro,Electrodomesticos,Social,Desktop,Nuevo,959,13,0.0136,18,149475,1943174,24
2025-08-16,Sur,Tecnologia,Pago,Mobile,Nuevo,709,13,0.0183,18,183782,2389168,30
2025-01-27,Centro,Vestuario,Organico,Mobile,Recurrente,1192,27,0.0227,27,53630,1448015,21
2025-09-25,Norte,Deportes,Social,Desktop,Recurrente,615,19,0.0309,29,67624,1284859,48
2024-04-02,Centro,Electrodomesticos,Pago,Mobile,Nuevo,1231,16,0.013,18,121558,1944931,23
2025-07-07,Norte,Electrodomesticos,Referido,Mobile,Recurrente,530,13,0.0245,13,179983,2339781,23
2024-02-03,Norte,Tecnologia,Email,Mobile,Nuevo,349,10,0.0287,16,209855,2098545,29
2025-05-29,Sur,Deportes,Referido,Desktop,Nuevo,251,5,0.0199,7,64746,323732,40
2025-10-17,Centro,Vestuario,Pago,Tablet,Nuevo,688,7,0.0102,7,46415,324903,36
2025-12-30,Sur,Electrodomesticos,Email,Desktop,Nuevo,376,12,0.0319,12,124304,1491643,58
2024-11-15,Sur,Electrodomesticos,Organico,Desktop,Nuevo,919,22,0.0239,22,174067,3829470,30
2025-08-06,Sur,Vestuario,Referido,Mobile,Recurrente,762,23,0.0302,28,56091,1290093,45
2024-09-11,Sur,Tecnologia,Pago,Tablet,Recurrente,473,10,0.0211,13,210264,2102639,41
2024-07-10,Centro,Hogar,Organico,Desktop,Nuevo,619,23,0.0372,23,102412,2355467,39
2024-11-04,Norte,Vestuario,Pago,Tablet,Recurrente,716,23,0.0321,24,33340,766810,33
2024-01-17,Centro,Electrodomesticos,Pago,Mobile,Nuevo,1402,21,0.015,25,160800,3376806,30
2025-01-25,Centro,Vestuario,Referido,Desktop,Nuevo,211,6,0.0284,10,41905,251430,29
2024-03-19,Norte,Electrodomesticos,Organico,Desktop,Nuevo,1450,12,0.0083,13,130304,1563644,29
2025-02-17,Centro,Tecnologia,Social,Desktop,Recurrente,611,12,0.0196,17,160659,1927910,29
2024-05-28,Norte,Electrodomesticos,Referido,Desktop,Nuevo,513,10,0.0195,10,134719,1347194,38
2024-02-16,Norte,Electrodomesticos,Pago,Mobile,Nuevo,556,7,0.0126,7,129780,908459,47
2025-08-19,Sur,Hogar,Pago,Tablet,Recurrente,622,11,0.0177,17,85260,937863,56
2024-06-17,Norte,Hogar,Email,Tablet,Nuevo,214,4,0.0187,4,96145,384581,41
2024-11-28,Norte,Electrodomesticos,Email,Mobile,Recurrente,1023,14,0.0137,16,156113,2185588,41
2024-04-26,Centro,Hogar,Organico,Mobile,Nuevo,1208,15,0.0124,15,108670,1630042,49
2024-04-14,Sur,Electrodomesticos,Referido,Tablet,Nuevo,403,4,0.0099,4,160900,643598,40
2024-04-21,Centro,Vestuario,Referido,Mobile,Recurrente,852,26,0.0305,31,44208,1149397,39
2024-07-26,Norte,Vestuario,Social,Mobile,Nuevo,423,10,0.0236,13,34709,347092,32
2024-06-26,Norte,Hogar,Organico,Tablet,Nuevo,703,12,0.0171,13,77032,924389,46
2024-11-02,Centro,Hogar,Social,Tablet,Nuevo,759,12,0.0158,20,99972,1199664,47
2024-04-24,Centro,Deportes,Email,Tablet,Recurrente,362,12,0.0331,12,78142,937702,33
2024-01-02,Centro,Deportes,Email,Mobile,Recurrente,1137,23,0.0202,23,68075,1565719,49
2024-02-08,Norte,Tecnologia,Pago,Desktop,Nuevo,1011,23,0.0227,25,161256,3708885,39
2025-05-02,Centro,Electrodomesticos,Referido,Tablet,Recurrente,541,9,0.0166,14,167636,1508722,26
2024-09-24,Sur,Deportes,Pago,Tablet,Recurrente,378,5,0.0132,5,57861,289304,44
2024-12-19,Sur,Vestuario,Referido,Desktop,Nuevo,467,8,0.0171,8,42028,336220,30
2025-01-07,Norte,Tecnologia,Email,Tablet,Nuevo,282,2,0.0071,2,171548,343095,33
2024-09-10,Sur,Hogar,Referido,Desktop,Nuevo,395,8,0.0203,8,94111,752884,60
2024-08-28,Centro,Electrodomesticos,Pago,Desktop,Recurrente,976,19,0.0195,20,171148,3251820,33
2024-03-02,Norte,Electrodomesticos,Referido,Mobile,Nuevo,555,11,0.0198,15,135952,1495472,31
2024-05-07,Norte,Vestuario,Referido,Mobile,Nuevo,582,18,0.0309,20,49791,896238,31
2024-12-19,Norte,Electrodomesticos,Organico,Desktop,Recurrente,374,5,0.0134,12,158284,791422,49
2024-06-11,Norte,Tecnologia,Pago,Desktop,Nuevo,1372,26,0.019,32,185762,4829806,34
2025-10-23,Sur,Vestuario,Pago,Mobile,Nuevo,1172,23,0.0196,30,45453,1045425,43
2025-09-17,Sur,Vestuario,Referido,Tablet,Nuevo,315,8,0.0254,8,52375,418996,13
2025-05-22,Sur,Electrodomesticos,Organico,Tablet,Recurrente,376,7,0.0186,8,161913,1133390,36
2025-04-29,Norte,Tecnologia,Email,Mobile,Recurrente,696,19,0.0273,19,205326,3901202,43
2025-07-24,Norte,Deportes,Organico,Tablet,Recurrente,542,16,0.0295,16,81263,1300214,36
2024-07-05,Centro,Hogar,Pago,Mobile,Recurrente,1324,29,0.0219,36,101049,2930428,48
2025-10-18,Sur,Tecnologia,Organico,Tablet,Nuevo,543,7,0.0129,12,187142,1309996,39
2025-02-23,Centro,Deportes,Organico,Tablet,Recurrente,996,17,0.0171,24,79078,1344330,35
2024-04-20,Norte,Hogar,Pago,Desktop,Nuevo,1037,17,0.0164,21,112466,1911927,33
2025-12-14,Centro,Electrodomesticos,Social,Mobile,Recurrente,697,10,0.0143,10,160581,1605812,38
2024-05-21,Centro,Vestuario,Referido,Desktop,Nuevo,491,7,0.0143,9,47453,332173,45
2024-07-06,Sur,Deportes,Social,Desktop,Recurrente,320,9,0.0281,9,57649,518836,42
2024-10-30,Centro,Tecnologia,Email,Tablet,Nuevo,818,26,0.0318,34,126000,3275999,55
2024-07-15,Centro,Tecnologia,Email,Tablet,Nuevo,632,17,0.0269,17,191712,3259112,33
2024-10-31,Norte,Deportes,Pago,Mobile,Nuevo,696,14,0.0201,14,45934,643080,30
2025-12-10,Sur,Vestuario,Email,Mobile,Nuevo,812,14,0.0172,20,42764,598700,27
2024-05-08,Sur,Tecnologia,Referido,Tablet,Nuevo,207,5,0.0242,5,144536,722677,33
2024-12-27,Centro,Tecnologia,Email,Desktop,Recurrente,790,27,0.0342,37,198659,5363795,37
2025-04-17,Sur,Deportes,Pago,Desktop,Nuevo,369,7,0.019,10,60523,423662,43
2025-09-08,Sur,Hogar,Social,Desktop,Recurrente,787,20,0.0254,20,88294,1765889,41
2025-09-20,Centro,Electrodomesticos,Email,Mobile,Nuevo,1014,17,0.0168,26,147745,2511659,34
2025-08-25,Sur,Electrodomesticos,Pago,Tablet,Nuevo,529,12,0.0227,15,140948,1691372,22
2025-12-16,Sur,Electrodomesticos,Pago,Tablet,Recurrente,873,12,0.0137,15,143126,1717513,35
2024-07-31,Centro,Hogar,Social,Tablet,Recurrente,534,14,0.0262,16,112441,1574170,45
2024-07-26,Centro,Electrodomesticos,Referido,Tablet,Recurrente,403,5,0.0124,5,169305,846526,34
2024-06-07,Norte,Electrodomesticos,Social,Desktop,Recurrente,457,10,0.0219,10,166317,1663172,21
2024-09-15,Centro,Vestuario,Pago,Desktop,Recurrente,669,25,0.0374,25,52732,1318308,30
2024-09-27,Centro,Hogar,Organico,Mobile,Nuevo,1054,21,0.0199,30,76143,1599003,35
2024-06-21,Centro,Vestuario,Email,Mobile,Recurrente,563,16,0.0284,16,37538,600614,22
2025-02-16,Centro,Electrodomesticos,Email,Mobile,Nuevo,685,17,0.0248,22,144319,2453415,26
2025-11-02,Sur,Electrodomesticos,Social,Tablet,Nuevo,442,8,0.0181,9,179368,1434945,20
2024-05-02,Sur,Deportes,Pago,Desktop,Nuevo,856,14,0.0164,16,51065,714910,38
2025-04-28,Sur,Hogar,Social,Desktop,Nuevo,494,9,0.0182,15,93544,841899,38
2024-05-23,Norte,Electrodomesticos,Organico,Desktop,Nuevo,651,13,0.02,13,113542,1476043,40
2025-12-13,Sur,Deportes,Social,Tablet,Nuevo,369,11,0.0298,11,53959,593549,46
2024-05-15,Centro,Hogar,Pago,Desktop,Recurrente,883,9,0.0102,13,95385,858467,43
2025-03-01,Sur,Tecnologia,Social,Tablet,Nuevo,213,7,0.0329,7,169405,1185833,30
2024-06-09,Norte,Vestuario,Organico,Desktop,Recurrente,627,17,0.0271,26,56962,968353,35
2024-09-26,Sur,Tecnologia,Organico,Tablet,Recurrente,817,17,0.0208,22,200620,3410539,41
2025-08-21,Centro,Electrodomesticos,Pago,Tablet,Nuevo,843,9,0.0107,9,152900,1376099,27
2024-12-22,Centro,Vestuario,Organico,Mobile,Recurrente,1113,23,0.0207,25,44567,1025042,13
2025-08-02,Sur,Hogar,Email,Mobile,Nuevo,1021,13,0.0127,13,85439,1110702,40
2025-12-01,Norte,Electrodomesticos,Email,Mobile,Nuevo,938,14,0.0149,14,146573,2052023,41
2024-04-15,Sur,Tecnologia,Organico,Desktop,Recurrente,664,15,0.0226,18,221053,3315791,39
2025-09-08,Sur,Hogar,Referido,Tablet,Recurrente,280,13,0.0464,15,118727,1543455,44
2025-07-18,Norte,Vestuario,Referido,Desktop,Nuevo,506,8,0.0158,8,38866,310926,33
2025-01-06,Norte,Deportes,Email,Tablet,Recurrente,398,16,0.0402,17,72779,1164459,41
2024-01-31,Centro,Tecnologia,Social,Tablet,Recurrente,745,18,0.0242,26,165686,2982353,36
2025-09-10,Centro,Deportes,Organico,Tablet,Recurrente,727,12,0.0165,12,68600,823205,46
2025-05-18,Norte,Tecnologia,Organico,Mobile,Nuevo,544,6,0.011,9,169918,1019506,61
2024-06-05,Sur,Hogar,Social,Mobile,Recurrente,552,6,0.0109,6,104817,628903,35
2025-03-25,Norte,Electrodomesticos,Pago,Desktop,Nuevo,1704,30,0.0176,38,140553,4216586,54
2025-04-22,Sur,Deportes,Referido,Desktop,Nuevo,642,15,0.0234,15,55115,826718,49
2025-01-03,Norte,Vestuario,Pago,Tablet,Nuevo,422,9,0.0213,9,47229,425063,25
2025-07-07,Norte,Hogar,Pago,Tablet,Recurrente,555,10,0.018,13,104783,1047830,47
2024-09-27,Centro,Electrodomesticos,Social,Desktop,Nuevo,1090,23,0.0211,24,150116,3452676,40
2025-07-23,Sur,Deportes,Email,Tablet,Nuevo,768,14,0.0182,14,64966,909529,32
2025-06-14,Norte,Deportes,Social,Tablet,Nuevo,295,3,0.0102,4,61045,183133,24
2025-07-26,Norte,Electrodomesticos,Referido,Desktop,Nuevo,504,11,0.0218,11,129925,1429173,42
2025-12-28,Sur,Hogar,Social,Desktop,Nuevo,547,3,0.0055,4,108561,325684,41
2024-03-13,Norte,Tecnologia,Referido,Tablet,Nuevo,280,6,0.0214,6,192116,1152697,39
2025-04-05,Sur,Hogar,Organico,Mobile,Nuevo,928,17,0.0183,20,94373,1604333,28
2025-03-01,Sur,Deportes,Organico,Mobile,Nuevo,982,16,0.0163,16,53860,861760,31
2024-07-28,Norte,Tecnologia,Referido,Tablet,Recurrente,150,5,0.0333,5,182703,913516,21
2025-09-06,Centro,Tecnologia,Pago,Mobile,Recurrente,866,14,0.0162,22,220482,3086744,40
2024-03-07,Norte,Deportes,Social,Mobile,Recurrente,863,17,0.0197,17,78782,1339302,56
2024-02-21,Sur,Tecnologia,Email,Desktop,Recurrente,310,5,0.0161,5,183469,917346,28
2025-08-12,Centro,Deportes,Email,Desktop,Nuevo,769,24,0.0312,32,55328,1327870,44
2025-04-27,Sur,Hogar,Email,Mobile,Nuevo,181,5,0.0276,6,74662,373310,40
2025-08-17,Centro,Vestuario,Email,Mobile,Recurrente,458,12,0.0262,15,45502,546022,28
2025-02-11,Sur,Deportes,Email,Tablet,Nuevo,409,8,0.0196,11,60053,480420,40
2025-04-02,Centro,Vestuario,Pago,Mobile,Recurrente,895,25,0.0279,27,51576,1289403,36
2024-03-11,Centro,Electrodomesticos,Referido,Tablet,Recurrente,637,16,0.0251,27,158821,2541137,35
2025-03-29,Sur,Electrodomesticos,Social,Mobile,Recurrente,961,21,0.0219,24,135145,2838052,31
2024-01-29,Sur,Electrodomesticos,Social,Desktop,Recurrente,981,19,0.0194,20,172021,3268390,21
2024-12-26,Norte,Electrodomesticos,Social,Tablet,Nuevo,590,9,0.0153,9,163338,1470040,28
2025-10-27,Sur,Vestuario,Pago,Desktop,Nuevo,486,10,0.0206,10,38384,383839,9
2024-11-28,Sur,Deportes,Pago,Tablet,Recurrente,705,12,0.017,16,70190,842278,61
2024-06-01,Centro,Hogar,Organico,Mobile,Recurrente,659,9,0.0137,13,81560,734041,42
2025-10-11,Centro,Deportes,Referido,Desktop,Recurrente,614,12,0.0195,12,63184,758213,50
2024-09-29,Norte,Deportes,Email,Mobile,Nuevo,548,12,0.0219,13,42000,504000,39
2024-07-19,Centro,Hogar,Organico,Mobile,Recurrente,1076,16,0.0149,21,101273,1620369,41
2025-09-07,Sur,Tecnologia,Email,Mobile,Nuevo,749,16,0.0214,21,181098,2897568,30
2025-03-18,Norte,Electrodomesticos,Pago,Tablet,Nuevo,558,11,0.0197,11,131796,1449759,44
2024-06-28,Norte,Vestuario,Email,Desktop,Nuevo,595,17,0.0286,17,44811,761778,12
2024-05-18,Norte,Electrodomesticos,Email,Desktop,Nuevo,301,8,0.0266,8,147536,1180286,38
2024-02-03,Centro,Deportes,Pago,Tablet,Recurrente,1251,36,0.0288,50,67218,2419860,48
2024-04-05,Centro,Tecnologia,Social,Mobile,Recurrente,1431,40,0.028,44,195884,7835362,39
2025-06-06,Centro,Electrodomesticos,Email,Tablet,Nuevo,536,5,0.0093,5,150918,754589,40
2024-03-12,Centro,Vestuario,Social,Tablet,Nuevo,330,6,0.0182,6,43702,262210,16
2025-08-31,Sur,Deportes,Referido,Tablet,Recurrente,693,22,0.0317,26,57720,1269838,40
2024-11-25,Norte,Vestuario,Social,Tablet,Recurrente,441,9,0.0204,9,55703,501324,27
2024-02-25,Sur,Tecnologia,Email,Desktop,Nuevo,335,2,0.006,4,139610,279219,30
2025-07-13,Sur,Tecnologia,Email,Tablet,Nuevo,311,6,0.0193,12,187884,1127305,34
2024-09-16,Centro,Vestuario,Pago,Mobile,Nuevo,1827,34,0.0186,38,43583,1481836,33
2025-10-19,Centro,Hogar,Referido,Desktop,Recurrente,550,16,0.0291,19,99103,1585650,36
2025-07-19,Centro,Tecnologia,Organico,Mobile,Recurrente,1681,40,0.0238,56,168077,6723098,77
2025-11-01,Centro,Hogar,Pago,Tablet,Recurrente,1039,17,0.0164,19,78863,1340663,23
2024-02-29,Sur,Hogar,Organico,Desktop,Recurrente,923,16,0.0173,17,114214,1827430,14
2024-10-08,Centro,Tecnologia,Pago,Desktop,Recurrente,652,14,0.0215,14,202306,2832280,57
2024-03-22,Sur,Hogar,Organico,Tablet,Recurrente,442,9,0.0204,11,95437,858930,35
2024-04-16,Norte,Electrodomesticos,Organico,Tablet,Nuevo,309,6,0.0194,6,119841,719048,33
2024-03-31,Sur,Hogar,Pago,Desktop,Recurrente,1122,21,0.0187,33,93897,1971831,32
2025-01-22,Sur,Vestuario,Organico,Mobile,Recurrente,1029,28,0.0272,32,43916,1229648,30
2024-02-25,Centro,Deportes,Organico,Desktop,Recurrente,1593,39,0.0245,39,70455,2747730,42
2024-12-31,Sur,Deportes,Organico,Desktop,Recurrente,1139,21,0.0184,27,78506,1648615,45
2025-04-11,Sur,Deportes,Pago,Mobile,Recurrente,842,12,0.0143,14,60113,721354,40
2025-05-05,Centro,Deportes,Referido,Desktop,Nuevo,552,11,0.0199,11,71566,787227,53
2024-02-27,Norte,Deportes,Social,Mobile,Nuevo,1006,12,0.0119,16,45615,547379,38
2024-01-05,Norte,Hogar,Email,Desktop,Recurrente,651,13,0.02,13,112169,1458193,44
2025-01-11,Norte,Tecnologia,Pago,Mobile,Nuevo,1001,21,0.021,21,169530,3560138,39
2025-04-06,Sur,Tecnologia,Email,Desktop,Nuevo,717,14,0.0195,18,166727,2334184,37
2024-09-06,Centro,Deportes,Pago,Tablet,Recurrente,539,13,0.0241,16,62068,806879,34
2025-09-07,Norte,Deportes,Pago,Desktop,Recurrente,1004,27,0.0269,34,71735,1936852,59
2025-08-15,Norte,Hogar,Social,Desktop,Nuevo,658,14,0.0213,14,83454,1168358,39
2025-04-08,Norte,Electrodomesticos,Social,Tablet,Nuevo,447,6,0.0134,6,128200,769198,27
2025-09-16,Centro,Deportes,Social,Mobile,Nuevo,1140,24,0.0211,24,59589,1430136,20
2024-10-26,Norte,Hogar,Referido,Desktop,Recurrente,358,11,0.0307,16,90753,998278,56
2024-01-12,Norte,Hogar,Social,Desktop,Nuevo,468,9,0.0192,11,80673,726055,36
2025-05-09,Centro,Vestuario,Pago,Tablet,Nuevo,1242,17,0.0137,17,45587,774980,15
2024-05-05,Centro,Electrodomesticos,Email,Mobile,Nuevo,877,16,0.0182,19,130737,2091788,27
2025-04-08,Sur,Hogar,Pago,Desktop,Nuevo,882,21,0.0238,27,100310,2106503,28
2024-10-16,Centro,Tecnologia,Social,Tablet,Nuevo,909,23,0.0253,30,203647,4683871,35
2025-06-27,Centro,Deportes,Referido,Mobile,Nuevo,429,4,0.0093,4,62479,249917,29
2025-04-16,Norte,Deportes,Organico,Desktop,Recurrente,859,15,0.0175,15,76472,1147079,28
2024-11-26,Sur,Vestuario,Social,Tablet,Nuevo,751,18,0.024,22,48074,865340,43
2025-11-12,Sur,Deportes,Social,Desktop,Nuevo,479,11,0.023,11,57217,629383,32
2024-01-05,Centro,Vestuario,Social,Tablet,Recurrente,634,11,0.0174,15,45797,503767,32
2024-07-08,Sur,Hogar,Referido,Desktop,Nuevo,394,8,0.0203,12,91101,728808,43
2024-07-09,Sur,Tecnologia,Referido,Desktop,Recurrente,524,15,0.0286,24,172330,2584953,61
2024-07-27,Centro,Deportes,Email,Tablet,Nuevo,539,13,0.0241,23,66021,858271,36
2024-06-14,Norte,Vestuario,Email,Desktop,Nuevo,351,4,0.0114,4,38549,154195,18
2025-08-12,Norte,Deportes,Email,Desktop,Nuevo,718,15,0.0209,15,63885,958279,35
2025-08-23,Norte,Deportes,Pago,Tablet,Recurrente,795,15,0.0189,15,56245,843679,44
2024-10-10,Norte,Electrodomesticos,Referido,Tablet,Recurrente,290,5,0.0172,10,174726,873627,41
2025-02-15,Norte,Electrodomesticos,Pago,Tablet,Recurrente,557,10,0.018,10,207226,2072258,41
2025-08-27,Norte,Hogar,Email,Desktop,Recurrente,257,5,0.0195,7,97209,486043,68
2025-02-10,Norte,Electrodomesticos,Social,Mobile,Recurrente,621,14,0.0225,22,171336,2398699,30
2025-10-09,Centro,Vestuario,Email,Tablet,Nuevo,516,17,0.0329,21,41585,706938,27
2025-12-12,Sur,Electrodomesticos,Organico,Tablet,Recurrente,594,12,0.0202,12,167233,2006799,43
2024-03-19,Centro,Hogar,Pago,Desktop,Nuevo,1521,34,0.0224,36,94317,3206788,24
2025-06-15,Centro,Tecnologia,Email,Tablet,Recurrente,61,1,0.0164,1,225599,225599,38
2024-04-08,Norte,Hogar,Pago,Desktop,Nuevo,722,20,0.0277,26,84011,1680228,38
2024-04-12,Sur,Deportes,Organico,Mobile,Nuevo,813,14,0.0172,25,55054,770758,37
2024-10-23,Sur,Hogar,Social,Tablet,Recurrente,780,13,0.0167,17,94126,1223640,40
2024-06-30,Norte,Tecnologia,Email,Desktop,Recurrente,632,18,0.0285,21,157964,2843348,45
2024-01-31,Centro,Hogar,Social,Desktop,Recurrente,1162,31,0.0267,31,115690,3586378,45
2024-10-12,Norte,Deportes,Email,Tablet,Recurrente,328,10,0.0305,10,67565,675649,23
2025-01-29,Centro,Electrodomesticos,Organico,Mobile,Recurrente,1485,28,0.0189,38,162713,4555958,39
2025-02-09,Sur,Deportes,Email,Desktop,Nuevo,590,14,0.0237,14,65907,922692,23
2024-07-22,Norte,Tecnologia,Email,Tablet,Nuevo,299,4,0.0134,4,178998,715993,40
2024-02-05,Sur,Deportes,Pago,Mobile,Recurrente,733,19,0.0259,19,63275,1202230,25
2025-10-23,Sur,Hogar,Referido,Desktop,Recurrente,325,5,0.0154,7,95533,477664,29
2025-07-01,Norte,Vestuario,Referido,Tablet,Nuevo,197,0,0.0,3,38221,0,30
2024-06-16,Sur,Deportes,Organico,Mobile,Nuevo,860,16,0.0186,16,48043,768690,34
2025-07-21,Norte,Electrodomesticos,Organico,Mobile,Recurrente,581,3,0.0052,6,172271,516813,29
2024-02-16,Sur,Hogar,Organico,Mobile,Recurrente,951,16,0.0168,19,98094,1569509,45
2024-08-26,Norte,Vestuario,Email,Desktop,Recurrente,512,18,0.0352,21,35781,644056,33
2025-01-09,Centro,Deportes,Social,Mobile,Nuevo,949,24,0.0253,28,54378,1305064,44
2024-10-25,Norte,Hogar,Social,Tablet,Nuevo,454,11,0.0242,17,81807,899878,32
2024-03-27,Norte,Tecnologia,Referido,Tablet,Nuevo,274,3,0.0109,3,188300,564898,31
2024-12-30,Sur,Deportes,Email,Mobile,Recurrente,976,23,0.0236,34,73469,1689797,42
2024-08-12,Centro,Vestuario,Organico,Mobile,Recurrente,1086,28,0.0258,30,40955,1146753,30
2025-01-18,Sur,Deportes,Email,Mobile,Recurrente,741,31,0.0418,32,72347,2242771,63
2025-08-20,Centro,Deportes,Social,Desktop,Nuevo,1109,26,0.0234,33,67282,1749331,19
2024-01-21,Sur,Electrodomesticos,Social,Mobile,Recurrente,697,13,0.0187,14,154770,2012006,41
2025-03-26,Centro,Deportes,Organico,Tablet,Recurrente,985,16,0.0162,18,68592,1097477,49
2024-04-06,Sur,Tecnologia,Referido,Tablet,Recurrente,232,4,0.0172,4,185644,742577,33
2024-04-04,Sur,Deportes,Organico,Tablet,Recurrente,867,21,0.0242,21,69798,1465762,37
2025-11-19,Norte,Vestuario,Organico,Tablet,Recurrente,785,23,0.0293,23,55351,1273081,50
2025-03-09,Sur,Electrodomesticos,Email,Tablet,Recurrente,325,1,0.0031,1,147044,147044,43
2025-10-18,Sur,Vestuario,Social,Desktop,Recurrente,135,3,0.0222,3,42900,128698,27
2025-11-18,Norte,Vestuario,Pago,Mobile,Recurrente,1311,28,0.0214,40,41699,1167581,37
2024-04-02,Sur,Tecnologia,Organico,Tablet,Recurrente,396,5,0.0126,5,226074,1130368,29
2025-12-04,Norte,Vestuario,Email,Mobile,Recurrente,860,27,0.0314,37,54381,1468298,36
2024-07-14,Centro,Vestuario,Email,Desktop,Recurrente,684,20,0.0292,21,45445,908905,23
2024-02-28,Sur,Electrodomesticos,Referido,Mobile,Nuevo,329,11,0.0334,12,152339,1675729,44
2025-06-16,Sur,Vestuario,Email,Tablet,Recurrente,513,14,0.0273,17,41971,587591,46
2025-08-22,Norte,Electrodomesticos,Email,Desktop,Recurrente,660,19,0.0288,23,194546,3696374,44
2025-08-01,Norte,Tecnologia,Email,Mobile,Nuevo,305,4,0.0131,5,185643,742570,30
2025-10-03,Centro,Vestuario,Organico,Desktop,Recurrente,1119,33,0.0295,37,51181,1688988,23
2024-04-18,Centro,Tecnologia,Email,Desktop,Recurrente,1094,32,0.0293,45,197178,6309680,47
2025-03-19,Norte,Vestuario,Social,Tablet,Nuevo,484,11,0.0227,16,49199,541193,38
2025-12-15,Sur,Vestuario,Organico,Desktop,Recurrente,837,31,0.037,45,41231,1278147,25
2025-12-24,Norte,Tecnologia,Social,Desktop,Nuevo,274,9,0.0328,9,162168,1459512,29
2025-04-06,Norte,Deportes,Referido,Desktop,Nuevo,514,6,0.0117,6,50954,305723,42
2025-07-31,Norte,Vestuario,Organico,Mobile,Recurrente,991,29,0.0293,29,43554,1263074,31
2025-11-26,Centro,Tecnologia,Pago,Mobile,Nuevo,2217,29,0.0131,36,169659,4920098,24
2025-06-17,Norte,Vestuario,Pago,Desktop,Recurrente,575,14,0.0243,16,44030,616419,52
2024-03-20,Norte,Tecnologia,Referido,Desktop,Nuevo,511,7,0.0137,7,149440,1046081,34
2025-12-13,Norte,Hogar,Email,Desktop,Nuevo,741,16,0.0216,27,78785,1260566,42
2025-01-07,Centro,Deportes,Pago,Desktop,Recurrente,686,16,0.0233,23,62843,1005481,31
2024-07-20,Centro,Hogar,Referido,Mobile,Nuevo,640,18,0.0281,25,98015,1764269,36
2024-05-27,Centro,Electrodomesticos,Referido,Desktop,Nuevo,627,8,0.0128,9,183254,1466032,27
2024-12-22,Sur,Tecnologia,Organico,Tablet,Recurrente,658,22,0.0334,27,193666,4260655,32
2024-08-18,Norte,Hogar,Referido,Tablet,Recurrente,291,6,0.0206,6,87730,526377,56
2025-09-11,Sur,Deportes,Organico,Desktop,Recurrente,553,9,0.0163,10,69500,625499,26
2025-08-07,Sur,Tecnologia,Email,Mobile,Recurrente,866,20,0.0231,28,189247,3784933,42
2024-04-23,Centro,Deportes,Social,Mobile,Recurrente,863,26,0.0301,30,51873,1348710,46
2025-09-23,Sur,Tecnologia,Referido,Tablet,Nuevo,458,12,0.0262,12,186781,2241370,21
2024-12-12,Norte,Electrodomesticos,Email,Mobile,Nuevo,594,10,0.0168,12,169320,1693196,45
2024-02-27,Norte,Vestuario,Social,Tablet,Nuevo,532,9,0.0169,9,43281,389532,14
2025-05-19,Sur,Vestuario,Social,Mobile,Recurrente,486,15,0.0309,28,55518,832766,25
2024-05-13,Sur,Deportes,Organico,Desktop,Nuevo,412,8,0.0194,8,56003,448026,46
2025-01-26,Sur,Deportes,Social,Tablet,Nuevo,297,4,0.0135,4,61889,247555,21
2024-12-21,Centro,Hogar,Organico,Tablet,Nuevo,901,15,0.0166,15,110401,1656019,41
2024-05-16,Norte,Tecnologia,Organico,Desktop,Nuevo,672,15,0.0223,15,188891,2833358,37
2024-09-11,Sur,Tecnologia,Referido,Desktop,Nuevo,776,15,0.0193,18,187699,2815482,52
2024-04-19,Sur,Hogar,Organico,Mobile,Nuevo,1010,19,0.0188,24,100076,1901451,41
2025-11-16,Centro,Hogar,Social,Mobile,Nuevo,830,5,0.006,8,98825,494124,31
2025-09-27,Centro,Tecnologia,Organico,Mobile,Recurrente,1164,20,0.0172,20,162038,3240766,55
2024-06-02,Norte,Electrodomesticos,Email,Tablet,Nuevo,281,3,0.0107,8,173335,520006,32
2024-12-29,Norte,Vestuario,Pago,Mobile,Nuevo,1050,21,0.02,21,48067,1009404,30
2024-01-12,Sur,Deportes,Email,Mobile,Recurrente,955,21,0.022,21,79571,1670997,43
2024-03-14,Centro,Electrodomesticos,Referido,Tablet,Recurrente,289,7,0.0242,7,142224,995569,45
2024-03-02,Centro,Hogar,Referido,Mobile,Nuevo,472,10,0.0212,12,104251,1042512,33
2024-01-17,Sur,Tecnologia,Organico,Mobile,Recurrente,822,19,0.0231,20,225808,4290349,55
2024-01-03,Sur,Electrodomesticos,Organico,Tablet,Nuevo,595,15,0.0252,15,126004,1890063,25
2024-07-17,Sur,Electrodomesticos,Pago,Desktop,Recurrente,1138,29,0.0255,37,169877,4926444,50
2025-02-24,Norte,Electrodomesticos,Pago,Tablet,Nuevo,823,20,0.0243,20,119841,2396829,33
2024-10-23,Centro,Electrodomesticos,Pago,Tablet,Nuevo,722,13,0.018,16,162324,2110211,45
2025-12-10,Sur,Electrodomesticos,Pago,Mobile,Nuevo,655,15,0.0229,19,160548,2408218,28
2025-07-09,Norte,Vestuario,Email,Tablet,Nuevo,449,12,0.0267,19,37726,452713,35
2024-12-29,Centro,Electrodomesticos,Email,Tablet,Nuevo,607,12,0.0198,12,150785,1809422,31
2024-09-11,Norte,Electrodomesticos,Referido,Tablet,Nuevo,254,3,0.0118,4,144335,433004,33
2025-12-16,Norte,Hogar,Email,Tablet,Nuevo,473,9,0.019,15,113819,1024370,48
2025-08-18,Centro,Deportes,Email,Desktop,Recurrente,640,7,0.0109,9,68915,482405,34
2025-09-04,Centro,Electrodomesticos,Organico,Tablet,Recurrente,1155,15,0.013,15,159859,2397883,36
2024-10-29,Sur,Hogar,Referido,Mobile,Nuevo,678,12,0.0177,14,84796,1017548,34
2024-11-06,Norte,Tecnologia,Referido,Tablet,Nuevo,306,6,0.0196,6,189123,1134737,32
2025-12-18,Norte,Tecnologia,Email,Tablet,Recurrente,325,10,0.0308,11,214488,2144880,36
2025-02-25,Sur,Hogar,Social,Mobile,Nuevo,957,10,0.0104,10,74366,743661,31
2024-07-23,Sur,Tecnologia,Social,Desktop,Nuevo,773,15,0.0194,15,206099,3091485,36
2024-07-26,Norte,Tecnologia,Organico,Desktop,Recurrente,676,17,0.0251,20,184550,3137350,24
2024-07-02,Sur,Vestuario,Referido,Tablet,Recurrente,366,7,0.0191,7,46076,322530,27
2024-07-03,Sur,Vestuario,Social,Mobile,Recurrente,787,17,0.0216,25,48232,819949,40
2024-05-24,Centro,Vestuario,Email,Mobile,Recurrente,732,24,0.0328,24,53881,1293153,28
2024-06-28,Sur,Tecnologia,Referido,Desktop,Recurrente,173,8,0.0462,10,200078,1600627,29
2024-07-31,Centro,Deportes,Pago,Mobile,Nuevo,2090,38,0.0182,38,59593,2264520,57
2025-11-15,Centro,Vestuario,Referido,Mobile,Nuevo,113,2,0.0177,5,49143,98285,42
2025-05-15,Norte,Vestuario,Email,Mobile,Nuevo,730,20,0.0274,21,50464,1009274,25
2025-09-11,Norte,Tecnologia,Referido,Tablet,Recurrente,488,11,0.0225,13,222482,2447306,61
2025-05-12,Centro,Vestuario,Organico,Tablet,Recurrente,1348,33,0.0245,34,64871,2140748,39
2024-11-13,Sur,Hogar,Organico,Tablet,Recurrente,373,1,0.0027,1,97382,97382,37
2024-12-20,Norte,Electrodomesticos,Social,Tablet,Recurrente,511,10,0.0196,10,158672,1586716,28
2024-06-08,Norte,Deportes,Organico,Tablet,Nuevo,305,7,0.023,9,67853,474969,41
2024-07-13,Centro,Hogar,Organico,Tablet,Recurrente,810,20,0.0247,20,88926,1778513,32
2024-03-14,Norte,Electrodomesticos,Referido,Mobile,Recurrente,494,10,0.0202,16,185821,1858207,26
2025-01-07,Sur,Electrodomesticos,Social,Tablet,Recurrente,430,10,0.0233,12,144475,1444749,39
2025-03-11,Sur,Tecnologia,Organico,Mobile,Nuevo,1135,18,0.0159,19,167772,3019903,46
2025-01-09,Centro,Deportes,Pago,Mobile,Recurrente,1359,24,0.0177,28,57128,1371061,29
2024-04-10,Centro,Hogar,Referido,Tablet,Recurrente,567,17,0.03,17,93259,1585397,53
2025-01-21,Centro,Deportes,Social,Tablet,Nuevo,415,9,0.0217,9,60047,540421,32
2024-11-16,Norte,Electrodomesticos,Email,Desktop,Recurrente,687,14,0.0204,19,184804,2587261,31
2025-04-03,Centro,Vestuario,Pago,Mobile,Nuevo,1253,28,0.0223,28,44957,1258801,20
2024-02-09,Centro,Electrodomesticos,Email,Mobile,Recurrente,889,14,0.0157,15,192860,2700044,23
2025-08-31,Norte,Tecnologia,Referido,Desktop,Recurrente,413,8,0.0194,8,177017,1416135,34
2025-08-27,Sur,Hogar,Organico,Tablet,Nuevo,581,11,0.0189,11,63000,692999,38
2025-04-05,Sur,Tecnologia,Email,Tablet,Nuevo,451,11,0.0244,21,181456,1996016,35
2024-09-01,Norte,Electrodomesticos,Email,Tablet,Nuevo,226,4,0.0177,4,176207,704826,34
2024-04-03,Norte,Electrodomesticos,Referido,Desktop,Nuevo,451,2,0.0044,2,162196,324392,43
2024-12-19,Norte,Hogar,Email,Tablet,Recurrente,392,9,0.023,10,79531,715780,46
2024-06-27,Norte,Hogar,Referido,Tablet,Recurrente,492,18,0.0366,21,77455,1394184,47
2025-12-18,Norte,Electrodomesticos,Social,Desktop,Nuevo,989,15,0.0152,21,155171,2327563,32
2025-02-07,Norte,Deportes,Social,Desktop,Nuevo,407,4,0.0098,7,60706,242822,45
2024-04-05,Sur,Hogar,Referido,Desktop,Nuevo,742,17,0.0229,17,86803,1475652,45
2024-11-26,Centro,Tecnologia,Pago,Desktop,Recurrente,1536,32,0.0208,37,189200,6054414,54
2024-04-08,Centro,Tecnologia,Organico,Mobile,Recurrente,347,4,0.0115,6,180334,721335,50
2025-02-09,Sur,Deportes,Referido,Desktop,Recurrente,447,9,0.0201,14,57770,519931,45
2025-03-25,Norte,Electrodomesticos,Email,Tablet,Recurrente,489,12,0.0245,20,176079,2112948,26
2025-12-26,Centro,Tecnologia,Social,Desktop,Recurrente,1032,25,0.0242,25,178260,4456494,38
2025-03-23,Sur,Vestuario,Organico,Mobile,Nuevo,596,15,0.0252,15,42281,634214,2
2024-12-11,Sur,Tecnologia,Pago,Tablet,Nuevo,738,18,0.0244,21,177978,3203599,50
2024-05-10,Sur,Vestuario,Social,Tablet,Recurrente,218,8,0.0367,17,42728,341824,46
2024-09-23,Sur,Hogar,Email,Tablet,Recurrente,415,13,0.0313,19,100582,1307570,55
2024-08-19,Norte,Hogar,Referido,Mobile,Nuevo,285,4,0.014,5,100683,402733,37
2024-12-30,Sur,Tecnologia,Pago,Desktop,Nuevo,447,12,0.0268,15,181971,2183655,29
2025-11-22,Centro,Electrodomesticos,Referido,Mobile,Recurrente,1156,27,0.0234,27,175477,4737874,54
2024-01-13,Norte,Deportes,Social,Tablet,Nuevo,313,7,0.0224,7,57988,405917,40
2024-12-12,Sur,Vestuario,Organico,Tablet,Recurrente,813,38,0.0467,48,48299,1835377,33
2024-02-28,Sur,Deportes,Organico,Desktop,Nuevo,1095,23,0.021,29,71087,1635000,42
2025-03-17,Sur,Deportes,Organico,Tablet,Nuevo,500,10,0.02,10,66392,663916,47
2025-06-22,Sur,Hogar,Organico,Tablet,Nuevo,813,12,0.0148,12,104364,1252373,38
2025-08-04,Centro,Tecnologia,Pago,Mobile,Nuevo,1112,15,0.0135,16,163248,2448726,28
2024-04-06,Sur,Electrodomesticos,Social,Tablet,Recurrente,264,11,0.0417,15,152017,1672187,22
2025-11-19,Norte,Deportes,Email,Mobile,Nuevo,476,13,0.0273,22,62699,815089,25
2025-10-19,Sur,Hogar,Referido,Desktop,Nuevo,213,1,0.0047,1,92898,92897,39
2024-08-03,Sur,Deportes,Referido,Mobile,Recurrente,499,15,0.0301,16,63793,956896,42
2024-01-27,Norte,Tecnologia,Referido,Desktop,Recurrente,420,7,0.0167,10,191731,1342115,46
2025-03-20,Norte,Deportes,Referido,Desktop,Nuevo,526,9,0.0171,15,55002,495016,25
2024-05-07,Sur,Electrodomesticos,Referido,Tablet,Recurrente,339,8,0.0236,11,146264,1170114,54
2024-10-23,Norte,Deportes,Pago,Mobile,Nuevo,677,10,0.0148,10,57882,578823,28
2025-01-01,Sur,Deportes,Pago,Mobile,Recurrente,1173,29,0.0247,34,60356,1750337,42
2024-07-21,Centro,Deportes,Pago,Desktop,Nuevo,1327,24,0.0181,24,60058,1441383,43
2025-05-26,Norte,Electrodomesticos,Referido,Desktop,Nuevo,443,9,0.0203,18,144524,1300713,30
2024-03-12,Sur,Hogar,Referido,Mobile,Recurrente,543,10,0.0184,10,83220,832196,50
2025-06-21,Centro,Hogar,Social,Desktop,Nuevo,1174,16,0.0136,17,81184,1298936,26
2025-02-12,Centro,Electrodomesticos,Organico,Desktop,Recurrente,1368,32,0.0234,50,128873,4123930,45
2025-08-23,Norte,Deportes,Referido,Mobile,Recurrente,566,11,0.0194,11,60640,667039,29
2024-03-20,Centro,Deportes,Pago,Mobile,Recurrente,793,27,0.034,33,74969,2024175,48
2024-11-15,Centro,Hogar,Referido,Tablet,Recurrente,238,3,0.0126,4,108931,326791,41
2025-12-14,Norte,Hogar,Referido,Mobile,Recurrente,597,13,0.0218,23,81060,1053776,51
2025-04-19,Norte,Tecnologia,Social,Tablet,Recurrente,258,5,0.0194,8,212278,1061388,30
2025-05-08,Sur,Electrodomesticos,Organico,Mobile,Recurrente,1338,24,0.0179,25,141240,3389753,37
2024-09-03,Norte,Deportes,Email,Tablet,Nuevo,321,8,0.0249,10,60377,483013,38
2025-04-24,Norte,Tecnologia,Referido,Mobile,Recurrente,408,8,0.0196,12,173795,1390360,42
2025-05-23,Norte,Tecnologia,Pago,Mobile,Nuevo,1087,15,0.0138,25,155200,2328002,40
2024-11-15,Sur,Vestuario,Social,Mobile,Recurrente,1315,36,0.0274,37,50332,1811966,45
2024-11-02,Sur,Electrodomesticos,Pago,Tablet,Recurrente,633,12,0.019,19,169969,2039631,32
2024-10-01,Sur,Hogar,Social,Mobile,Recurrente,612,12,0.0196,15,97182,1166181,42
2024-04-24,Sur,Hogar,Social,Tablet,Recurrente,853,23,0.027,23,103780,2386939,47
2025-09-11,Norte,Tecnologia,Email,Desktop,Recurrente,323,9,0.0279,13,174262,1568357,44
2025-01-02,Norte,Vestuario,Pago,Mobile,Nuevo,1292,21,0.0163,25,40247,845181,43
2024-03-05,Norte,Vestuario,Organico,Desktop,Recurrente,884,24,0.0271,31,51833,1244002,41
2024-10-27,Sur,Tecnologia,Social,Mobile,Nuevo,852,17,0.02,17,201700,3428901,26
2024-11-06,Sur,Tecnologia,Email,Desktop,Nuevo,373,8,0.0214,12,146806,1174450,41
2024-09-13,Centro,Hogar,Pago,Mobile,Nuevo,1088,18,0.0165,18,80918,1456526,50
2024-02-03,Sur,Tecnologia,Email,Mobile,Recurrente,628,19,0.0303,19,229422,4359025,62
2024-05-30,Norte,Vestuario,Social,Desktop,Nuevo,872,21,0.0241,26,52020,1092416,18
2025-05-14,Centro,Electrodomesticos,Social,Mobile,Nuevo,799,19,0.0238,19,160094,3041785,35
2024-10-24,Norte,Tecnologia,Social,Desktop,Nuevo,751,15,0.02,26,201206,3018092,22
2025-04-04,Norte,Tecnologia,Social,Mobile,Nuevo,646,10,0.0155,10,181104,1811036,23
2025-03-15,Norte,Electrodomesticos,Social,Tablet,Recurrente,281,7,0.0249,8,173353,1213473,25
2024-08-29,Sur,Electrodomesticos,Social,Mobile,Nuevo,1148,18,0.0157,18,151897,2734138,54
2025-04-09,Centro,Hogar,Social,Desktop,Recurrente,841,11,0.0131,12,106261,1168868,36
2024-12-17,Norte,Tecnologia,Email,Tablet,Recurrente,497,13,0.0262,13,161357,2097636,42
2025-10-29,Norte,Deportes,Referido,Desktop,Nuevo,374,3,0.008,3,62300,186901,31
2025-05-23,Norte,Tecnologia,Referido,Desktop,Recurrente,427,7,0.0164,7,187458,1312206,45
2025-07-31,Centro,Hogar,Referido,Tablet,Recurrente,226,9,0.0398,9,92918,836259,48
2025-10-06,Centro,Hogar,Organico,Mobile,Nuevo,1364,15,0.011,18,93214,1398210,42
2024-07-24,Norte,Electrodomesticos,Organico,Tablet,Nuevo,482,9,0.0187,9,171256,1541304,25
2024-07-30,Centro,Vestuario,Organico,Tablet,Recurrente,952,32,0.0336,32,45866,1467716,58
2024-07-31,Centro,Hogar,Organico,Tablet,Recurrente,847,16,0.0189,16,88491,1415858,47
2024-07-30,Sur,Hogar,Organico,Mobile,Recurrente,855,15,0.0175,17,124817,1872252,50
2024-05-02,Norte,Vestuario,Pago,Tablet,Recurrente,422,14,0.0332,15,53396,747550,43
2025-02-20,Sur,Vestuario,Email,Tablet,Recurrente,468,15,0.0321,18,54888,823320,31
2025-06-05,Centro,Vestuario,Organico,Desktop,Recurrente,1032,12,0.0116,15,47335,568025,29
2024-02-08,Centro,Vestuario,Email,Desktop,Nuevo,589,11,0.0187,11,54985,604835,32
2025-04-11,Sur,Electrodomesticos,Pago,Tablet,Nuevo,358,4,0.0112,4,170194,680775,12
2024-07-05,Norte,Deportes,Referido,Desktop,Recurrente,368,6,0.0163,6,54237,325421,44
2024-09-22,Centro,Tecnologia,Pago,Desktop,Recurrente,790,19,0.0241,26,205427,3903112,46
2025-12-20,Centro,Electrodomesticos,Email,Tablet,Recurrente,698,18,0.0258,25,163029,2934527,29
2025-10-23,Norte,Vestuario,Social,Tablet,Nuevo,263,6,0.0228,8,50377,302262,44
2024-06-01,Centro,Tecnologia,Referido,Tablet,Recurrente,309,12,0.0388,13,245641,2947692,54
2025-10-13,Sur,Electrodomesticos,Email,Tablet,Recurrente,245,2,0.0082,2,149531,299061,19
2025-11-26,Sur,Electrodomesticos,Email,Mobile,Nuevo,603,14,0.0232,17,167970,2351573,18
2025-05-27,Centro,Electrodomesticos,Referido,Mobile,Recurrente,889,15,0.0169,20,163715,2455719,53
2025-02-28,Norte,Deportes,Email,Mobile,Nuevo,631,20,0.0317,21,67646,1352912,29
2024-01-24,Sur,Hogar,Social,Mobile,Recurrente,1531,33,0.0216,33,116107,3831526,52
2024-09-24,Sur,Hogar,Referido,Mobile,Recurrente,600,14,0.0233,17,100316,1404429,47
2025-01-01,Centro,Deportes,Organico,Tablet,Nuevo,50,1,0.02,1,65115,65114,44
2024-08-14,Norte,Electrodomesticos,Referido,Desktop,Recurrente,653,8,0.0123,12,170286,1362289,28
2025-08-22,Sur,Tecnologia,Organico,Mobile,Nuevo,1214,32,0.0264,42,156704,5014531,28
2024-06-03,Norte,Vestuario,Referido,Tablet,Recurrente,373,10,0.0268,10,49358,493576,57
2025-06-23,Norte,Electrodomesticos,Organico,Tablet,Nuevo,624,6,0.0096,9,123767,742601,33
2024-08-09,Sur,Deportes,Organico,Mobile,Recurrente,1276,23,0.018,23,58181,1338160,44
2024-07-31,Centro,Tecnologia,Email,Tablet,Recurrente,446,11,0.0247,12,157844,1736284,26
2025-08-20,Centro,Vestuario,Social,Tablet,Nuevo,644,10,0.0155,16,41846,418464,32
2024-03-08,Sur,Electrodomesticos,Social,Desktop,Nuevo,677,12,0.0177,12,173623,2083473,23
2025-12-04,Centro,Vestuario,Referido,Mobile,Nuevo,615,7,0.0114,13,51217,358520,19
2024-11-11,Sur,Deportes,Email,Desktop,Recurrente,525,14,0.0267,14,60679,849508,28
2024-12-02,Centro,Tecnologia,Pago,Desktop,Nuevo,1068,23,0.0215,26,162423,3735717,39
2025-04-07,Centro,Tecnologia,Social,Desktop,Nuevo,1670,42,0.0251,46,190731,8010696,49
2024-02-27,Sur,Tecnologia,Pago,Mobile,Nuevo,1027,24,0.0234,27,201433,4834392,25
2025-10-10,Sur,Vestuario,Email,Tablet,Recurrente,285,16,0.0561,20,55665,890641,54
2024-01-13,Norte,Hogar,Pago,Desktop,Nuevo,776,16,0.0206,18,85683,1370931,23
2025-10-08,Centro,Tecnologia,Organico,Tablet,Nuevo,451,7,0.0155,7,167386,1171701,32
2025-05-13,Sur,Deportes,Pago,Mobile,Recurrente,1437,36,0.0251,54,60797,2188700,40
2025-06-04,Sur,Hogar,Organico,Desktop,Nuevo,723,9,0.0124,9,95275,857470,42
2025-07-20,Norte,Tecnologia,Organico,Desktop,Recurrente,404,10,0.0248,16,178389,1783890,38
2024-04-21,Centro,Electrodomesticos,Referido,Desktop,Recurrente,888,19,0.0214,29,177777,3377760,39
2024-04-21,Norte,Tecnologia,Social,Desktop,Nuevo,383,7,0.0183,11,184307,1290152,28
2025-10-01,Norte,Tecnologia,Organico,Mobile,Recurrente,1197,25,0.0209,31,172178,4304441,38
2024-09-25,Norte,Electrodomesticos,Organico,Mobile,Recurrente,829,11,0.0133,15,167270,1839967,63
2025-08-08,Sur,Tecnologia,Email,Mobile,Nuevo,649,15,0.0231,21,161025,2415371,39
2025-02-14,Norte,Tecnologia,Pago,Tablet,Nuevo,690,14,0.0203,18,167313,2342378,25
2025-08-25,Centro,Electrodomesticos,Organico,Tablet,Nuevo,769,10,0.013,11,175500,1754999,49
2025-11-11,Sur,Deportes,Social,Tablet,Nuevo,793,14,0.0177,15,55522,777301,55
2024-07-28,Centro,Tecnologia,Social,Desktop,Nuevo,1329,26,0.0196,26,176381,4585897,45
2024-03-14,Sur,Tecnologia,Social,Tablet,Recurrente,539,19,0.0353,22,203066,3858253,48
2024-11-22,Sur,Vestuario,Referido,Desktop,Nuevo,584,9,0.0154,11,55353,498181,29
2025-01-19,Sur,Electrodomesticos,Pago,Tablet,Nuevo,834,15,0.018,21,161271,2419060,33
2024-02-19,Sur,Tecnologia,Organico,Tablet,Recurrente,99,3,0.0303,8,204577,613731,38
2024-07-04,Norte,Vestuario,Referido,Tablet,Recurrente,301,11,0.0365,13,40902,449924,28
2025-11-25,Norte,Hogar,Email,Tablet,Recurrente,287,4,0.0139,5,77639,310556,28
2024-10-29,Centro,Deportes,Organico,Desktop,Recurrente,900,21,0.0233,35,62640,1315446,37
2025-04-01,Sur,Hogar,Organico,Desktop,Recurrente,721,13,0.018,17,107999,1403989,36
2025-11-20,Centro,Deportes,Email,Mobile,Recurrente,1064,30,0.0282,34,62022,1860655,47
2025-01-08,Centro,Tecnologia,Organico,Desktop,Recurrente,947,23,0.0243,34,180933,4161464,34
2025-12-19,Centro,Tecnologia,Pago,Desktop,Recurrente,1308,22,0.0168,27,206995,4553892,33
2025-12-26,Sur,Vestuario,Email,Mobile,Recurrente,700,16,0.0229,20,47019,752303,22
2024-06-27,Centro,Hogar,Referido,Tablet,Recurrente,486,7,0.0144,7,88106,616743,40
2025-10-12,Centro,Electrodomesticos,Organico,Tablet,Recurrente,544,17,0.0312,17,150110,2551871,42
2025-01-07,Sur,Tecnologia,Email,Tablet,Recurrente,569,11,0.0193,17,167129,1838422,24
2025-09-22,Centro,Hogar,Referido,Mobile,Recurrente,912,20,0.0219,21,94347,1886940,43
2024-04-16,Sur,Electrodomesticos,Referido,Mobile,Recurrente,578,7,0.0121,12,163636,1145453,43
2025-07-27,Centro,Hogar,Social,Tablet,Recurrente,434,8,0.0184,8,86878,695021,45
2024-07-12,Centro,Hogar,Organico,Mobile,Nuevo,1329,20,0.015,21,88903,1778059,41
2024-10-31,Centro,Hogar,Referido,Mobile,Nuevo,445,5,0.0112,10,78087,390433,26
2024-05-09,Norte,Hogar,Social,Desktop,Recurrente,531,12,0.0226,12,107635,1291620,49
2025-09-25,Norte,Tecnologia,Pago,Desktop,Recurrente,902,19,0.0211,22,194974,3704499,41
2024-02-28,Sur,Deportes,Social,Desktop,Recurrente,509,11,0.0216,11,74037,814404,44
2025-01-22,Centro,Electrodomesticos,Pago,Mobile,Nuevo,596,3,0.005,5,129965,389896,38
2024-04-10,Norte,Deportes,Social,Desktop,Nuevo,680,18,0.0265,23,62336,1122054,34
2025-12-27,Norte,Vestuario,Email,Desktop,Recurrente,518,16,0.0309,18,44885,718154,35
2025-06-30,Centro,Tecnologia,Email,Desktop,Recurrente,783,23,0.0294,31,231132,5316030,43
2025-12-29,Norte,Hogar,Pago,Tablet,Recurrente,830,25,0.0301,25,122290,3057256,22
2024-07-06,Norte,Deportes,Referido,Tablet,Recurrente,408,11,0.027,15,66638,733021,34
2024-04-19,Sur,Hogar,Pago,Desktop,Nuevo,909,22,0.0242,24,87545,1925989,38
2025-05-05,Norte,Tecnologia,Email,Desktop,Nuevo,431,5,0.0116,5,174349,871747,41
2024-12-08,Centro,Tecnologia,Email,Tablet,Nuevo,685,14,0.0204,14,150228,2103189,34
2024-12-29,Norte,Tecnologia,Email,Tablet,Nuevo,566,10,0.0177,12,204635,2046349,25
2025-06-02,Sur,Tecnologia,Referido,Desktop,Recurrente,596,17,0.0285,26,182896,3109223,44
2025-06-22,Centro,Tecnologia,Pago,Desktop,Nuevo,409,6,0.0147,7,176680,1060077,25
2025-11-03,Norte,Vestuario,Organico,Tablet,Recurrente,817,20,0.0245,26,37275,745501,37
2025-02-25,Sur,Vestuario,Email,Tablet,Recurrente,417,13,0.0312,15,57316,745111,36
2024-09-09,Centro,Electrodomesticos,Organico,Desktop,Nuevo,1628,23,0.0141,23,147108,3383487,36
2024-08-30,Sur,Vestuario,Social,Tablet,Recurrente,279,10,0.0358,11,44772,447721,38
2025-09-30,Norte,Hogar,Social,Tablet,Recurrente,286,11,0.0385,15,94534,1039874,44
2025-08-08,Centro,Vestuario,Email,Mobile,Nuevo,1004,23,0.0229,23,39760,914486,32
2024-04-02,Centro,Vestuario,Email,Tablet,Recurrente,848,16,0.0189,24,54673,874769,44
2024-06-13,Norte,Electrodomesticos,Social,Desktop,Recurrente,595,7,0.0118,14,205648,1439535,23
2025-06-03,Norte,Electrodomesticos,Social,Desktop,Nuevo,385,10,0.026,10,160440,1604401,53
2024-09-17,Norte,Electrodomesticos,Social,Tablet,Recurrente,378,6,0.0159,6,172716,1036294,37
2025-06-27,Sur,Tecnologia,Pago,Tablet,Nuevo,580,16,0.0276,18,204026,3264416,40
2024-07-25,Norte,Tecnologia,Organico,Tablet,Nuevo,596,13,0.0218,13,188077,2445003,45
2025-05-29,Sur,Deportes,Organico,Mobile,Nuevo,670,11,0.0164,11,59465,654114,37
2024-04-08,Sur,Tecnologia,Referido,Mobile,Recurrente,593,17,0.0287,26,159664,2714289,35
2024-08-10,Centro,Deportes,Email,Desktop,Nuevo,618,12,0.0194,12,64353,772230,12
2025-09-04,Centro,Deportes,Referido,Desktop,Recurrente,760,28,0.0368,37,66965,1875022,41
2024-03-22,Centro,Hogar,Social,Tablet,Nuevo,88,1,0.0114,1,96442,96441,47
2025-03-05,Norte,Electrodomesticos,Referido,Mobile,Recurrente,387,2,0.0052,2,156435,312869,32
2024-05-12,Norte,Hogar,Pago,Tablet,Nuevo,555,10,0.018,10,87615,876149,43
2025-12-05,Norte,Vestuario,Referido,Tablet,Recurrente,396,19,0.048,27,52306,993806,30
2024-04-06,Centro,Deportes,Email,Mobile,Recurrente,974,26,0.0267,28,56538,1469978,60
2024-03-28,Centro,Hogar,Pago,Tablet,Recurrente,934,25,0.0268,25,103075,2576871,37
2025-06-12,Sur,Electrodomesticos,Social,Tablet,Recurrente,294,9,0.0306,10,167970,1511730,38
2024-11-26,Norte,Electrodomesticos,Referido,Mobile,Recurrente,617,13,0.0211,13,144481,1878247,32
2025-07-25,Norte,Electrodomesticos,Social,Tablet,Nuevo,546,13,0.0238,13,129291,1680786,32
2024-06-03,Sur,Electrodomesticos,Organico,Desktop,Recurrente,685,15,0.0219,17,180748,2711221,32
2025-04-27,Centro,Hogar,Organico,Mobile,Recurrente,900,16,0.0178,20,91855,1469684,43
2024-02-09,Centro,Deportes,Pago,Desktop,Nuevo,884,13,0.0147,13,66627,866148,62
2025-04-08,Centro,Vestuario,Social,Mobile,Recurrente,1260,26,0.0206,27,52347,1361021,31
2024-11-17,Norte,Hogar,Social,Mobile,Nuevo,383,6,0.0157,7,114271,685627,46
2024-07-29,Sur,Tecnologia,Organico,Mobile,Nuevo,446,4,0.009,9,191726,766903,38
2025-09-18,Sur,Tecnologia,Pago,Mobile,Nuevo,1191,21,0.0176,27,165138,3467892,41
2024-01-10,Centro,Deportes,Referido,Mobile,Recurrente,689,9,0.0131,10,73030,657270,48
2025-08-28,Centro,Vestuario,Organico,Mobile,Recurrente,883,21,0.0238,33,52950,1111945,32
2024-11-24,Sur,Vestuario,Organico,Tablet,Nuevo,613,9,0.0147,9,48641,437765,30
2025-04-25,Norte,Deportes,Social,Tablet,Nuevo,334,2,0.006,5,60143,120286,29
2025-08-12,Norte,Hogar,Organico,Mobile,Nuevo,904,16,0.0177,16,93214,1491417,48
2025-12-28,Centro,Deportes,Pago,Mobile,Nuevo,2142,39,0.0182,50,56056,2186181,41
2024-03-03,Norte,Hogar,Referido,Desktop,Nuevo,317,7,0.0221,9,82794,579555,41
2025-06-19,Norte,Vestuario,Email,Tablet,Nuevo,424,13,0.0307,13,39786,517221,25
2025-12-28,Centro,Hogar,Organico,Desktop,Nuevo,503,7,0.0139,8,89979,629849,41
2025-02-26,Norte,Vestuario,Pago,Desktop,Recurrente,765,19,0.0248,24,45143,857715,29
2024-12-22,Centro,Tecnologia,Social,Tablet,Nuevo,618,13,0.021,17,184174,2394268,40
2025-10-02,Norte,Deportes,Pago,Mobile,Recurrente,1265,30,0.0237,30,63393,1901788,39
2025-06-18,Centro,Hogar,Social,Tablet,Recurrente,437,7,0.016,8,97589,683126,30
2025-08-30,Centro,Electrodomesticos,Pago,Mobile,Nuevo,743,5,0.0067,7,150211,751053,37
2025-07-07,Norte,Deportes,Social,Mobile,Nuevo,663,9,0.0136,9,49112,442010,24
2025-05-14,Norte,Electrodomesticos,Pago,Mobile,Nuevo,1123,19,0.0169,19,156082,2965553,19
2024-09-12,Centro,Hogar,Referido,Desktop,Nuevo,519,7,0.0135,9,83872,587104,38
2024-03-10,Sur,Electrodomesticos,Organico,Tablet,Nuevo,225,4,0.0178,4,151403,605610,41
2024-04-20,Sur,Tecnologia,Organico,Desktop,Recurrente,1166,32,0.0274,35,191275,6120804,38
2024-03-03,Centro,Vestuario,Social,Desktop,Nuevo,856,17,0.0199,17,47959,815301,30
2025-02-08,Norte,Vestuario,Social,Mobile,Nuevo,607,12,0.0198,13,42654,511850,34
2025-04-13,Centro,Electrodomesticos,Referido,Tablet,Nuevo,256,3,0.0117,5,142676,428027,38
2025-12-06,Centro,Tecnologia,Social,Tablet,Nuevo,921,24,0.0261,31,187460,4499045,36
2025-02-10,Norte,Hogar,Pago,Mobile,Nuevo,1222,27,0.0221,34,91383,2467344,28
2025-09-03,Sur,Electrodomesticos,Pago,Desktop,Nuevo,848,11,0.013,14,142892,1571809,35
2024-02-04,Sur,Deportes,Email,Mobile,Recurrente,603,10,0.0166,10,74483,744828,29
2024-07-17,Sur,Tecnologia,Referido,Desktop,Recurrente,714,22,0.0308,31,221446,4871813,44
2024-02-16,Centro,Vestuario,Social,Tablet,Nuevo,665,14,0.0211,14,47972,671614,29
2025-10-04,Sur,Electrodomesticos,Referido,Mobile,Recurrente,696,17,0.0244,20,152554,2593410,33
2025-05-27,Norte,Deportes,Email,Mobile,Nuevo,493,14,0.0284,18,55806,781288,30
2024-04-18,Norte,Deportes,Social,Tablet,Nuevo,545,7,0.0128,7,56954,398677,40
2024-06-27,Sur,Deportes,Pago,Desktop,Recurrente,753,14,0.0186,16,53842,753791,40
2025-05-08,Sur,Deportes,Social,Mobile,Recurrente,988,18,0.0182,24,68014,1224243,47
2024-01-23,Centro,Deportes,Organico,Mobile,Nuevo,1613,30,0.0186,30,64011,1920331,26
2024-07-05,Norte,Deportes,Email,Tablet,Recurrente,248,4,0.0161,6,67342,269368,42
2025-11-28,Norte,Deportes,Organico,Mobile,Recurrente,1189,22,0.0185,29,61116,1344553,41
2025-06-23,Sur,Electrodomesticos,Social,Desktop,Nuevo,765,11,0.0144,16,143251,1575763,47
2024-02-03,Norte,Deportes,Organico,Tablet,Recurrente,459,9,0.0196,10,69657,626908,48
2025-02-24,Norte,Electrodomesticos,Email,Tablet,Recurrente,429,6,0.014,9,150348,902086,27
2025-10-29,Centro,Electrodomesticos,Referido,Mobile,Recurrente,770,21,0.0273,21,180952,3799987,47
2024-06-30,Sur,Hogar,Organico,Mobile,Nuevo,1184,15,0.0127,22,94118,1411765,30
2024-05-15,Sur,Tecnologia,Email,Tablet,Recurrente,517,13,0.0251,15,190884,2481496,47
2024-02-05,Centro,Hogar,Email,Mobile,Recurrente,939,19,0.0202,22,117426,2231086,43
2024-06-17,Centro,Tecnologia,Organico,Desktop,Recurrente,536,24,0.0448,28,186468,4475225,39
2025-03-24,Norte,Hogar,Social,Tablet,Nuevo,637,15,0.0235,15,93565,1403477,32
2025-03-05,Norte,Electrodomesticos,Social,Tablet,Nuevo,451,5,0.0111,5,132640,663200,33
2024-12-25,Sur,Hogar,Organico,Mobile,Recurrente,260,7,0.0269,7,89205,624434,38
2025-12-27,Centro,Tecnologia,Referido,Tablet,Recurrente,412,13,0.0316,21,195288,2538740,42
2025-01-08,Sur,Hogar,Social,Desktop,Nuevo,486,6,0.0123,7,99891,599348,24
2025-08-23,Sur,Vestuario,Referido,Desktop,Recurrente,385,15,0.039,20,56415,846218,36
2024-11-30,Norte,Tecnologia,Pago,Desktop,Recurrente,1100,33,0.03,47,181091,5975995,52
2025-05-01,Norte,Tecnologia,Referido,Tablet,Nuevo,364,5,0.0137,5,177382,886908,24
2025-08-29,Sur,Hogar,Referido,Mobile,Nuevo,586,12,0.0205,12,78691,944289,45
2024-01-18,Sur,Hogar,Organico,Desktop,Nuevo,983,17,0.0173,18,92616,1574467,34
2024-10-23,Norte,Vestuario,Referido,Desktop,Recurrente,520,10,0.0192,11,55495,554949,33
2024-03-10,Norte,Hogar,Pago,Mobile,Nuevo,929,10,0.0108,10,80281,802808,15
2025-06-20,Centro,Tecnologia,Referido,Mobile,Nuevo,581,8,0.0138,11,176559,1412469,29
2024-05-24,Norte,Tecnologia,Email,Desktop,Recurrente,600,15,0.025,25,180368,2705526,54
2025-07-16,Centro,Vestuario,Referido,Desktop,Recurrente,612,14,0.0229,16,50323,704524,50
2025-06-23,Sur,Electrodomesticos,Organico,Desktop,Recurrente,615,7,0.0114,9,128846,901920,38
2024-04-18,Centro,Deportes,Referido,Desktop,Nuevo,915,14,0.0153,14,58829,823609,36
2024-09-14,Sur,Tecnologia,Organico,Mobile,Recurrente,736,15,0.0204,16,216580,3248700,52
2024-08-01,Norte,Deportes,Referido,Desktop,Recurrente,113,2,0.0177,2,62914,125828,44
2025-10-29,Centro,Vestuario,Pago,Mobile,Recurrente,2111,28,0.0133,28,45502,1274045,13
2024-05-09,Sur,Electrodomesticos,Referido,Desktop,Recurrente,492,9,0.0183,12,166610,1499491,25
2025-05-23,Sur,Deportes,Email,Tablet,Recurrente,458,7,0.0153,13,58103,406719,51
2024-06-27,Centro,Electrodomesticos,Pago,Desktop,Nuevo,1138,22,0.0193,22,163045,3586999,35
2024-02-03,Sur,Deportes,Social,Tablet,Nuevo,388,8,0.0206,11,70243,561944,43
2024-01-16,Sur,Hogar,Pago,Tablet,Recurrente,474,7,0.0148,13,97312,681184,50
2024-07-11,Norte,Deportes,Social,Desktop,Recurrente,878,15,0.0171,16,78548,1178220,42
2024-05-08,Centro,Hogar,Email,Mobile,Nuevo,386,5,0.013,5,82428,412141,40
2024-11-26,Centro,Deportes,Pago,Mobile,Nuevo,2202,26,0.0118,32,61515,1599399,52
2024-02-24,Norte,Hogar,Email,Tablet,Recurrente,320,7,0.0219,7,115383,807680,43
2024-07-15,Norte,Hogar,Pago,Tablet,Recurrente,456,14,0.0307,16,86842,1215783,49
2024-01-27,Sur,Electrodomesticos,Referido,Tablet,Recurrente,386,11,0.0285,11,198113,2179239,31
2024-10-31,Centro,Electrodomesticos,Referido,Desktop,Nuevo,382,3,0.0079,4,150248,450744,37
2025-10-21,Sur,Hogar,Social,Desktop,Recurrente,869,18,0.0207,21,68742,1237363,47
2024-02-18,Norte,Electrodomesticos,Pago,Mobile,Nuevo,721,8,0.0111,16,171169,1369349,36
2024-03-15,Norte,Tecnologia,Organico,Tablet,Nuevo,402,13,0.0323,13,156252,2031282,22
2025-07-01,Centro,Deportes,Email,Tablet,Nuevo,529,9,0.017,9,61989,557905,45
2025-05-13,Centro,Hogar,Social,Desktop,Nuevo,860,18,0.0209,18,101083,1819502,40
2025-06-30,Norte,Tecnologia,Referido,Tablet,Recurrente,383,6,0.0157,7,208431,1250584,35
2025-10-05,Norte,Electrodomesticos,Social,Desktop,Nuevo,371,5,0.0135,8,202500,1012500,24
2025-06-20,Norte,Tecnologia,Pago,Mobile,Nuevo,1483,27,0.0182,33,206235,5568358,31
2024-03-15,Sur,Deportes,Organico,Desktop,Recurrente,1177,33,0.028,37,79409,2620507,47
2024-02-09,Centro,Vestuario,Social,Mobile,Recurrente,1256,34,0.0271,34,52017,1768590,40
2024-01-12,Norte,Hogar,Referido,Mobile,Recurrente,418,7,0.0167,8,90582,634074,62
2025-04-02,Norte,Vestuario,Referido,Tablet,Recurrente,417,9,0.0216,11,42519,382673,38
2025-08-21,Sur,Vestuario,Referido,Desktop,Recurrente,825,25,0.0303,25,51825,1295627,17
2024-06-30,Sur,Deportes,Organico,Desktop,Recurrente,847,35,0.0413,47,55926,1957416,50
2024-10-06,Centro,Vestuario,Referido,Mobile,Recurrente,736,20,0.0272,21,56308,1126165,50
2024-03-27,Norte,Deportes,Pago,Mobile,Recurrente,860,15,0.0174,16,73366,1100490,31
2024-01-04,Centro,Deportes,Social,Desktop,Nuevo,927,11,0.0119,11,73087,803957,30
2024-07-22,Sur,Deportes,Referido,Mobile,Recurrente,353,11,0.0312,16,49859,548448,46
2025-05-11,Sur,Hogar,Pago,Desktop,Nuevo,818,8,0.0098,12,87279,698229,20
2024-04-16,Norte,Hogar,Referido,Mobile,Recurrente,600,10,0.0167,18,88105,881053,63
2025-05-08,Centro,Hogar,Pago,Mobile,Recurrente,1286,16,0.0124,16,97822,1565145,46
2025-07-21,Norte,Electrodomesticos,Organico,Mobile,Recurrente,936,15,0.016,22,152638,2289571,29
2025-05-11,Sur,Tecnologia,Referido,Desktop,Recurrente,354,7,0.0198,7,208259,1457811,28
2025-05-19,Norte,Electrodomesticos,Social,Desktop,Recurrente,538,8,0.0149,13,184505,1476043,28
2024-09-02,Norte,Tecnologia,Social,Desktop,Nuevo,653,18,0.0276,20,195494,3518897,23
2025-09-02,Norte,Vestuario,Social,Desktop,Nuevo,768,21,0.0273,23,36070,757465,15
2025-01-24,Norte,Tecnologia,Social,Desktop,Nuevo,490,6,0.0122,11,196700,1180201,38
2025-02-10,Sur,Electrodomesticos,Social,Mobile,Nuevo,699,14,0.02,19,155016,2170230,33
2024-09-09,Sur,Tecnologia,Email,Desktop,Nuevo,679,14,0.0206,19,139933,1959067,41
2024-12-11,Centro,Hogar,Organico,Desktop,Recurrente,572,10,0.0175,12,120168,1201684,41
2025-05-14,Centro,Vestuario,Pago,Tablet,Recurrente,851,16,0.0188,22,55396,886333,26
2024-08-25,Norte,Hogar,Organico,Tablet,Nuevo,449,9,0.02,9,90893,818035,42
2025-11-18,Sur,Electrodomesticos,Email,Desktop,Nuevo,838,12,0.0143,20,130701,1568414,37
2025-12-15,Sur,Deportes,Organico,Mobile,Nuevo,779,9,0.0116,9,59001,531011,38
2025-12-22,Sur,Electrodomesticos,Email,Mobile,Recurrente,1033,32,0.031,33,147631,4724185,36
2024-05-21,Centro,Hogar,Referido,Desktop,Recurrente,909,18,0.0198,19,84959,1529265,42
2025-03-01,Norte,Vestuario,Pago,Mobile,Recurrente,1395,37,0.0265,46,43009,1591350,40
2024-02-11,Sur,Vestuario,Referido,Desktop,Recurrente,349,10,0.0287,16,56674,566743,40
2024-07-14,Sur,Deportes,Email,Desktop,Recurrente,637,18,0.0283,18,65259,1174659,48
2025-10-03,Centro,Tecnologia,Organico,Desktop,Nuevo,655,14,0.0214,16,165669,2319368,36
2025-01-04,Sur,Tecnologia,Social,Mobile,Nuevo,734,10,0.0136,10,158162,1581619,19
2025-10-12,Centro,Hogar,Social,Mobile,Recurrente,1003,15,0.015,18,85650,1284749,25
2024-12-05,Centro,Deportes,Referido,Tablet,Recurrente,340,5,0.0147,6,60313,301565,26
2025-09-20,Norte,Electrodomesticos,Social,Tablet,Recurrente,472,7,0.0148,8,174869,1224085,42
2024-08-22,Centro,Hogar,Organico,Mobile,Nuevo,895,13,0.0145,18,84416,1097409,34
2024-05-28,Centro,Electrodomesticos,Pago,Mobile,Nuevo,1194,14,0.0117,18,153100,2143398,18
2025-01-15,Norte,Vestuario,Referido,Tablet,Recurrente,343,7,0.0204,9,55412,387881,37
2024-10-03,Centro,Hogar,Social,Tablet,Nuevo,397,9,0.0227,13,98381,885433,31
2024-02-13,Norte,Deportes,Pago,Tablet,Nuevo,575,5,0.0087,8,55037,275185,38
2025-07-29,Sur,Tecnologia,Referido,Tablet,Recurrente,494,11,0.0223,11,205448,2259924,35
2024-03-13,Sur,Hogar,Pago,Mobile,Recurrente,1290,26,0.0202,34,92144,2395735,38
2024-08-27,Sur,Vestuario,Referido,Desktop,Recurrente,762,22,0.0289,26,45000,989990,48
2025-11-09,Sur,Tecnologia,Organico,Desktop,Recurrente,741,26,0.0351,33,224388,5834076,31
2024-04-24,Sur,Vestuario,Email,Desktop,Nuevo,748,12,0.016,12,33286,399432,8
2025-01-10,Norte,Deportes,Pago,Desktop,Nuevo,855,15,0.0175,22,49615,744225,29
2025-07-29,Sur,Deportes,Referido,Mobile,Nuevo,694,11,0.0159,11,69237,761609,35
2024-12-03,Sur,Electrodomesticos,Pago,Desktop,Recurrente,1661,32,0.0193,35,137949,4414377,20
2024-03-10,Norte,Deportes,Referido,Desktop,Nuevo,318,3,0.0094,4,62932,188796,43
2024-06-20,Centro,Deportes,Pago,Tablet,Nuevo,510,11,0.0216,14,48999,538985,57
2025-04-06,Sur,Deportes,Organico,Desktop,Nuevo,580,15,0.0259,17,59329,889939,33
2025-12-26,Norte,Tecnologia,Email,Tablet,Nuevo,340,3,0.0088,3,214798,644395,34
2024-02-22,Sur,Hogar,Email,Tablet,Nuevo,411,3,0.0073,7,113522,340565,41
2025-12-14,Norte,Electrodomesticos,Referido,Tablet,Recurrente,359,9,0.0251,9,158863,1429769,51
2024-07-09,Sur,Tecnologia,Pago,Desktop,Recurrente,1037,35,0.0338,41,152982,5354367,39
2024-04-30,Centro,Tecnologia,Email,Mobile,Nuevo,372,5,0.0134,5,207760,1038801,34
2024-04-01,Sur,Hogar,Organico,Tablet,Recurrente,936,21,0.0224,27,77883,1635550,53
2024-09-20,Centro,Electrodomesticos,Referido,Tablet,Recurrente,562,10,0.0178,19,148130,1481302,62
2025-07-05,Norte,Vestuario,Pago,Mobile,Nuevo,633,14,0.0221,20,35819,501467,42
2025-09-29,Sur,Electrodomesticos,Pago,Tablet,Recurrente,207,2,0.0097,2,154138,308275,47
2025-01-08,Centro,Deportes,Email,Desktop,Recurrente,659,16,0.0243,16,63214,1011419,64
2025-09-08,Centro,Electrodomesticos,Email,Tablet,Recurrente,423,9,0.0213,15,136407,1227661,34
2025-04-25,Sur,Vestuario,Organico,Mobile,Recurrente,686,8,0.0117,8,44896,359166,41
2025-04-23,Sur,Vestuario,Organico,Tablet,Recurrente,847,21,0.0248,25,45437,954185,28
2025-12-11,Sur,Electrodomesticos,Referido,Mobile,Nuevo,880,18,0.0205,28,180206,3243705,19
2025-08-26,Centro,Hogar,Organico,Tablet,Nuevo,584,11,0.0188,13,81174,892918,56
2024-08-23,Centro,Hogar,Email,Mobile,Nuevo,645,9,0.014,10,102020,918179,65
2024-01-23,Sur,Deportes,Organico,Desktop,Nuevo,555,14,0.0252,14,62712,877964,24
2024-05-30,Norte,Hogar,Referido,Mobile,Nuevo,395,2,0.0051,3,77539,155078,30
2025-03-25,Sur,Tecnologia,Organico,Mobile,Recurrente,927,19,0.0205,19,201295,3824603,39
2025-02-05,Centro,Hogar,Email,Tablet,Nuevo,425,7,0.0165,9,77675,543724,29
2025-11-12,Norte,Deportes,Organico,Tablet,Recurrente,658,17,0.0258,24,73632,1251748,55
2024-08-31,Centro,Deportes,Organico,Tablet,Recurrente,626,18,0.0288,19,74983,1349685,31
2025-03-20,Norte,Vestuario,Email,Desktop,Recurrente,308,8,0.026,8,45828,366624,31
2025-01-08,Norte,Vestuario,Referido,Tablet,Nuevo,373,12,0.0322,17,51656,619876,29
2024-12-15,Centro,Vestuario,Organico,Desktop,Recurrente,866,24,0.0277,36,52613,1262703,50
2024-09-27,Centro,Vestuario,Organico,Tablet,Recurrente,560,22,0.0393,29,46103,1014267,14
2025-08-24,Sur,Tecnologia,Pago,Tablet,Nuevo,666,12,0.018,19,178376,2140507,27
2024-09-21,Norte,Deportes,Pago,Desktop,Recurrente,610,24,0.0393,30,67765,1626359,60
2024-08-30,Norte,Deportes,Pago,Desktop,Nuevo,689,13,0.0189,13,58634,762239,41
2024-07-27,Norte,Deportes,Referido,Mobile,Nuevo,297,3,0.0101,3,55327,165982,29
2024-03-21,Centro,Vestuario,Social,Mobile,Recurrente,1126,24,0.0213,27,55234,1325618,49
2024-12-16,Sur,Electrodomesticos,Organico,Desktop,Nuevo,670,17,0.0254,17,146061,2483034,36
2025-04-20,Centro,Hogar,Referido,Tablet,Recurrente,238,3,0.0126,4,96798,290394,34
2024-10-21,Norte,Hogar,Email,Mobile,Nuevo,529,13,0.0246,15,77739,1010603,54
2025-01-27,Norte,Tecnologia,Pago,Mobile,Nuevo,898,16,0.0178,16,170051,2720818,35
2025-06-12,Centro,Deportes,Social,Mobile,Recurrente,462,16,0.0346,23,51136,818174,29
2024-08-03,Norte,Tecnologia,Organico,Mobile,Nuevo,586,8,0.0137,11,170474,1363794,43
2024-08-23,Centro,Vestuario,Referido,Mobile,Nuevo,819,18,0.022,18,41696,750524,43
2024-10-08,Centro,Tecnologia,Pago,Mobile,Nuevo,1312,35,0.0267,40,190047,6651633,40
2024-03-01,Norte,Tecnologia,Organico,Tablet,Recurrente,672,17,0.0253,17,155085,2636446,47
2025-12-18,Centro,Tecnologia,Email,Tablet,Recurrente,509,12,0.0236,16,198231,2378774,42
2025-07-15,Centro,Tecnologia,Referido,Mobile,Recurrente,684,19,0.0278,35,205109,3897076,27
2024-05-09,Sur,Vestuario,Organico,Mobile,Recurrente,1017,28,0.0275,35,48255,1351132,45
2024-02-12,Norte,Tecnologia,Social,Tablet,Recurrente,426,8,0.0188,16,205310,1642483,37
2025-01-15,Sur,Deportes,Referido,Mobile,Nuevo,371,8,0.0216,8,60357,482855,37
2024-08-25,Norte,Vestuario,Referido,Tablet,Nuevo,281,6,0.0214,10,49598,297586,20
2025-02-08,Centro,Electrodomesticos,Email,Tablet,Nuevo,667,13,0.0195,20,157801,2051415,41
2025-12-19,Sur,Vestuario,Pago,Desktop,Recurrente,1002,23,0.023,33,44381,1020759,48
2025-06-08,Centro,Tecnologia,Organico,Tablet,Recurrente,1166,22,0.0189,23,150849,3318685,39
2025-10-12,Sur,Vestuario,Referido,Mobile,Recurrente,685,21,0.0307,21,46303,972358,44
2025-03-15,Centro,Deportes,Referido,Tablet,Recurrente,519,10,0.0193,11,70822,708222,45
2024-03-25,Sur,Electrodomesticos,Email,Desktop,Nuevo,876,14,0.016,21,166153,2326142,26
2025-04-10,Sur,Deportes,Email,Mobile,Recurrente,931,19,0.0204,19,60087,1141650,47
2025-06-21,Norte,Vestuario,Organico,Tablet,Nuevo,225,6,0.0267,6,53340,320037,31
2024-05-25,Norte,Hogar,Referido,Mobile,Recurrente,411,6,0.0146,9,111920,671521,39
2025-12-26,Norte,Vestuario,Social,Mobile,Nuevo,361,6,0.0166,8,32907,197439,32
2025-11-09,Norte,Electrodomesticos,Referido,Desktop,Recurrente,468,8,0.0171,8,143450,1147600,33
2024-01-09,Sur,Hogar,Pago,Tablet,Nuevo,570,8,0.014,8,87044,696352,55
2024-04-20,Norte,Vestuario,Email,Desktop,Recurrente,464,16,0.0345,16,59433,950924,40
2024-01-17,Centro,Hogar,Referido,Mobile,Nuevo,734,11,0.015,16,97975,1077726,62
2024-06-21,Sur,Tecnologia,Referido,Desktop,Nuevo,405,8,0.0198,9,172834,1382668,42
2024-08-21,Centro,Electrodomesticos,Pago,Desktop,Nuevo,606,9,0.0149,9,137640,1238760,37
2025-06-08,Centro,Vestuario,Pago,Mobile,Recurrente,1145,14,0.0122,15,41299,578187,43
2025-08-11,Sur,Tecnologia,Organico,Tablet,Nuevo,597,14,0.0235,14,188315,2636405,22
2024-05-21,Centro,Hogar,Referido,Tablet,Recurrente,569,16,0.0281,16,103684,1658948,49
2024-04-16,Norte,Deportes,Referido,Tablet,Nuevo,254,7,0.0276,8,57928,405493,57
2025-09-27,Norte,Vestuario,Organico,Desktop,Nuevo,739,14,0.0189,21,43644,611011,12
2025-12-20,Centro,Vestuario,Referido,Desktop,Nuevo,526,11,0.0209,12,37468,412148,27
2024-06-22,Sur,Hogar,Pago,Tablet,Nuevo,620,7,0.0113,7,91461,640223,33
2024-07-18,Centro,Vestuario,Organico,Tablet,Recurrente,636,14,0.022,14,48262,675663,41
2024-04-28,Sur,Hogar,Organico,Mobile,Recurrente,608,12,0.0197,21,99557,1194683,64
2024-07-29,Sur,Electrodomesticos,Referido,Desktop,Recurrente,524,12,0.0229,12,154958,1859494,35
2025-02-02,Sur,Hogar,Email,Desktop,Recurrente,376,4,0.0106,5,77545,310181,40
2024-06-26,Sur,Tecnologia,Referido,Desktop,Recurrente,924,26,0.0281,28,165930,4314167,40
2025-12-17,Norte,Vestuario,Pago,Desktop,Nuevo,800,18,0.0225,31,39692,714449,12
2024-07-06,Centro,Vestuario,Referido,Desktop,Nuevo,684,17,0.0249,17,42797,727545,14
2024-02-25,Centro,Deportes,Referido,Tablet,Nuevo,238,5,0.021,9,52275,261374,46
2025-07-05,Centro,Tecnologia,Email,Desktop,Nuevo,770,14,0.0182,14,152523,2135328,42
2025-02-16,Sur,Electrodomesticos,Organico,Tablet,Nuevo,642,9,0.014,10,105000,945000,30
2024-06-19,Centro,Hogar,Organico,Tablet,Recurrente,1077,16,0.0149,16,102557,1640918,43
2024-07-11,Norte,Tecnologia,Pago,Desktop,Recurrente,262,7,0.0267,7,213252,1492761,33
2025-10-22,Sur,Tecnologia,Pago,Tablet,Recurrente,588,14,0.0238,15,195714,2740000,43
2024-06-06,Centro,Deportes,Referido,Mobile,Nuevo,714,11,0.0154,17,59700,656697,34
2024-10-06,Sur,Vestuario,Social,Desktop,Nuevo,239,5,0.0209,6,47324,236621,23
2025-11-02,Norte,Tecnologia,Referido,Mobile,Nuevo,599,8,0.0134,9,220848,1766782,24
2025-03-02,Sur,Electrodomesticos,Social,Mobile,Recurrente,653,13,0.0199,13,181340,2357421,49
2024-10-26,Sur,Deportes,Email,Tablet,Nuevo,387,8,0.0207,11,72156,577249,43
2025-12-17,Centro,Hogar,Referido,Tablet,Recurrente,501,6,0.012,6,90586,543517,59
2025-04-13,Centro,Hogar,Social,Mobile,Nuevo,697,7,0.01,9,91108,637755,32
2024-08-10,Norte,Hogar,Social,Mobile,Recurrente,442,9,0.0204,15,109162,982453,40
2024-10-04,Sur,Deportes,Social,Desktop,Recurrente,643,16,0.0249,25,64056,1024902,48
2025-02-18,Norte,Deportes,Referido,Mobile,Recurrente,434,14,0.0323,14,67879,950309,38
2024-07-04,Norte,Tecnologia,Referido,Desktop,Nuevo,224,5,0.0223,8,191612,958057,41
2024-09-24,Norte,Vestuario,Referido,Tablet,Nuevo,181,5,0.0276,5,40406,202028,28
2024-11-19,Norte,Deportes,Pago,Tablet,Recurrente,446,8,0.0179,13,67375,538997,30
2025-04-25,Centro,Hogar,Organico,Tablet,Nuevo,288,4,0.0139,4,87395,349579,31
2025-07-04,Sur,Electrodomesticos,Email,Desktop,Recurrente,671,19,0.0283,30,181912,3456336,35
2025-02-28,Sur,Deportes,Referido,Tablet,Recurrente,246,4,0.0163,7,69744,278976,50
2025-07-20,Sur,Tecnologia,Pago,Mobile,Nuevo,493,9,0.0183,9,145899,1313094,14
2025-01-12,Centro,Vestuario,Referido,Mobile,Recurrente,886,19,0.0214,19,56286,1069440,16
2025-09-27,Sur,Vestuario,Referido,Desktop,Recurrente,439,13,0.0296,13,49468,643087,35
2024-10-19,Norte,Vestuario,Organico,Tablet,Nuevo,601,15,0.025,19,35606,534087,28
2025-05-05,Norte,Electrodomesticos,Social,Tablet,Recurrente,419,12,0.0286,12,154693,1856312,49
2024-02-04,Norte,Vestuario,Referido,Desktop,Recurrente,208,12,0.0577,12,52046,624556,52
2025-01-16,Norte,Vestuario,Referido,Mobile,Recurrente,413,8,0.0194,8,50605,404841,28
2025-11-02,Centro,Deportes,Organico,Desktop,Nuevo,869,16,0.0184,19,59498,951975,45
2024-08-06,Centro,Hogar,Organico,Desktop,Recurrente,900,32,0.0356,40,99998,3199925,45
2025-11-10,Norte,Hogar,Email,Desktop,Recurrente,661,19,0.0287,26,97625,1854880,36
2024-08-28,Centro,Electrodomesticos,Email,Tablet,Nuevo,519,8,0.0154,8,138888,1111105,38
2025-12-12,Norte,Hogar,Referido,Mobile,Nuevo,689,12,0.0174,17,81319,975825,27
2025-11-24,Norte,Electrodomesticos,Social,Desktop,Recurrente,756,22,0.0291,22,165534,3641756,18
2025-06-25,Sur,Hogar,Social,Desktop,Recurrente,587,12,0.0204,12,93321,1119854,67
2024-07-27,Centro,Vestuario,Referido,Mobile,Recurrente,1058,30,0.0284,38,45241,1357225,33
2025-04-30,Norte,Tecnologia,Pago,Tablet,Recurrente,796,20,0.0251,20,205123,4102466,25
2025-10-16,Centro,Deportes,Social,Desktop,Nuevo,1269,13,0.0102,18,62068,806878,38
2024-05-19,Sur,Hogar,Organico,Tablet,Nuevo,578,11,0.019,11,93083,1023917,54
2025-01-15,Centro,Deportes,Organico,Desktop,Nuevo,1328,24,0.0181,32,64921,1558104,35
2025-06-15,Sur,Vestuario,Organico,Tablet,Nuevo,765,18,0.0235,24,44059,793068,44
2024-08-16,Centro,Hogar,Email,Desktop,Recurrente,835,19,0.0228,19,95741,1819074,68
2024-02-15,Sur,Vestuario,Referido,Mobile,Recurrente,364,8,0.022,12,36654,293229,31
2024-08-14,Norte,Electrodomesticos,Pago,Tablet,Nuevo,921,12,0.013,12,168808,2025698,18
2024-11-24,Centro,Tecnologia,Social,Desktop,Nuevo,1102,23,0.0209,23,156370,3596498,34
2024-05-30,Sur,Deportes,Organico,Mobile,Recurrente,1557,42,0.027,42,62305,2616813,40
2024-03-21,Norte,Electrodomesticos,Organico,Mobile,Nuevo,818,10,0.0122,16,184588,1845877,43
2025-06-09,Sur,Tecnologia,Social,Tablet,Recurrente,446,20,0.0448,20,205876,4117510,35
2024-08-03,Sur,Vestuario,Social,Mobile,Nuevo,550,15,0.0273,17,35768,536525,17
2025-06-05,Centro,Vestuario,Pago,Desktop,Nuevo,1082,22,0.0203,22,49490,1088783,23
2025-12-08,Centro,Electrodomesticos,Referido,Mobile,Recurrente,1010,14,0.0139,16,133895,1874536,48
2025-05-20,Centro,Vestuario,Social,Tablet,Recurrente,875,23,0.0263,27,53087,1221003,22
2024-06-07,Centro,Vestuario,Social,Tablet,Nuevo,738,16,0.0217,20,52833,845335,29
2024-02-12,Sur,Hogar,Organico,Mobile,Nuevo,1247,22,0.0176,31,100383,2208424,34
2024-12-26,Centro,Deportes,Social,Desktop,Recurrente,1100,17,0.0155,29,68304,1161172,50
2025-06-01,Sur,Vestuario,Pago,Desktop,Recurrente,782,13,0.0166,14,37285,484709,30
2025-12-28,Sur,Deportes,Pago,Mobile,Recurrente,1231,30,0.0244,40,68140,2044199,28
2024-02-28,Sur,Hogar,Organico,Desktop,Recurrente,1011,18,0.0178,26,110656,1991806,47
2025-05-06,Centro,Deportes,Referido,Desktop,Recurrente,596,16,0.0268,16,66986,1071781,45
2024-10-26,Norte,Hogar,Pago,Tablet,Recurrente,360,13,0.0361,22,83903,1090744,42
2024-07-30,Centro,Vestuario,Social,Mobile,Recurrente,847,17,0.0201,17,34020,578340,22
2025-04-30,Centro,Tecnologia,Referido,Tablet,Nuevo,370,9,0.0243,9,183100,1647896,38
2025-10-18,Sur,Deportes,Organico,Desktop,Recurrente,865,23,0.0266,31,60394,1389058,41
2024-09-04,Centro,Tecnologia,Email,Mobile,Nuevo,1058,20,0.0189,27,161213,3224268,39
2025-01-25,Centro,Hogar,Email,Tablet,Nuevo,254,3,0.0118,3,75408,226224,56
2025-01-28,Norte,Electrodomesticos,Organico,Tablet,Nuevo,757,9,0.0119,10,153980,1385822,50
2024-12-04,Centro,Hogar,Pago,Mobile,Nuevo,2237,39,0.0174,43,98574,3844390,24
2025-12-16,Sur,Tecnologia,Pago,Desktop,Nuevo,808,23,0.0285,27,167700,3857099,29
2025-04-25,Sur,Hogar,Pago,Desktop,Recurrente,928,24,0.0259,33,113723,2729356,43
2024-10-27,Norte,Electrodomesticos,Social,Desktop,Recurrente,532,5,0.0094,6,155051,775252,17
2025-06-25,Norte,Vestuario,Organico,Tablet,Nuevo,717,24,0.0335,24,36906,885755,17
2024-06-06,Sur,Vestuario,Referido,Mobile,Nuevo,618,14,0.0227,18,42484,594778,11
2025-09-23,Norte,Electrodomesticos,Pago,Desktop,Recurrente,582,11,0.0189,13,152246,1674704,38
2025-03-31,Centro,Hogar,Social,Desktop,Recurrente,992,21,0.0212,22,68040,1428840,54
2024-11-11,Centro,Vestuario,Organico,Desktop,Recurrente,1218,36,0.0296,44,52182,1878567,32
2025-11-16,Sur,Tecnologia,Organico,Desktop,Recurrente,611,15,0.0245,16,208236,3123537,44
2024-07-19,Norte,Vestuario,Pago,Desktop,Recurrente,906,23,0.0254,29,47066,1082511,45
2025-01-11,Sur,Deportes,Email,Mobile,Nuevo,641,9,0.014,14,54939,494451,19
2024-07-08,Centro,Deportes,Pago,Tablet,Recurrente,783,17,0.0217,17,59897,1018247,49
2024-01-26,Sur,Hogar,Referido,Mobile,Recurrente,641,15,0.0234,15,109329,1639938,49
2024-10-30,Sur,Tecnologia,Social,Desktop,Recurrente,583,15,0.0257,19,243293,3649392,36
2024-11-02,Norte,Hogar,Organico,Mobile,Nuevo,393,6,0.0153,6,85496,512974,36
2025-05-02,Centro,Tecnologia,Email,Desktop,Nuevo,547,13,0.0238,16,180075,2340968,44
2025-01-08,Norte,Vestuario,Organico,Mobile,Recurrente,769,12,0.0156,12,39623,475472,34
2024-07-03,Sur,Electrodomesticos,Social,Mobile,Recurrente,1001,18,0.018,26,175564,3160155,42
2024-01-27,Sur,Hogar,Organico,Desktop,Recurrente,876,13,0.0148,13,91346,1187499,42
2025-05-23,Sur,Electrodomesticos,Email,Tablet,Recurrente,529,11,0.0208,15,145117,1596283,42
2025-03-22,Sur,Vestuario,Social,Mobile,Recurrente,929,29,0.0312,43,50978,1478357,42
2024-02-20,Sur,Tecnologia,Pago,Mobile,Nuevo,1197,32,0.0267,35,153900,4924815,33
2024-04-01,Sur,Electrodomesticos,Pago,Desktop,Recurrente,719,12,0.0167,14,139928,1679133,39
2024-09-25,Norte,Tecnologia,Pago,Desktop,Nuevo,333,8,0.024,16,170206,1361650,36
2025-05-02,Norte,Electrodomesticos,Referido,Mobile,Recurrente,559,11,0.0197,11,135080,1485878,34
2025-08-17,Norte,Deportes,Organico,Tablet,Recurrente,536,9,0.0168,9,66615,599536,52
2025-07-29,Norte,Vestuario,Pago,Mobile,Nuevo,603,6,0.01,6,54019,324116,21
2025-04-05,Sur,Tecnologia,Organico,Mobile,Recurrente,1025,28,0.0273,31,168558,4719632,48
2024-04-14,Centro,Vestuario,Pago,Tablet,Recurrente,1092,47,0.043,68,53525,2515688,16
2024-04-07,Centro,Vestuario,Pago,Mobile,Recurrente,965,32,0.0332,35,46561,1489945,38
2024-12-31,Norte,Vestuario,Referido,Desktop,Nuevo,518,14,0.027,14,40146,562044,20
2024-05-21,Norte,Hogar,Referido,Mobile,Nuevo,377,7,0.0186,7,112797,789580,45
2024-02-04,Sur,Electrodomesticos,Organico,Mobile,Recurrente,813,12,0.0148,13,167717,2012609,36
2025-02-04,Norte,Hogar,Pago,Mobile,Recurrente,511,3,0.0059,6,98321,294964,51
2025-06-16,Norte,Deportes,Social,Mobile,Nuevo,564,15,0.0266,17,64300,964502,42
2025-02-19,Centro,Hogar,Organico,Mobile,Recurrente,895,18,0.0201,24,101796,1832321,55
2025-11-04,Sur,Vestuario,Organico,Desktop,Recurrente,489,7,0.0143,8,57720,404040,42
2024-05-24,Sur,Vestuario,Referido,Mobile,Recurrente,462,16,0.0346,26,41567,665064,46
2024-03-12,Norte,Deportes,Referido,Tablet,Nuevo,481,8,0.0166,9,60183,481460,46
2024-02-22,Sur,Electrodomesticos,Social,Mobile,Recurrente,722,13,0.018,17,165782,2155172,35
2024-12-21,Sur,Hogar,Referido,Mobile,Recurrente,649,10,0.0154,10,111321,1113212,50
2024-03-25,Norte,Tecnologia,Social,Mobile,Nuevo,568,7,0.0123,7,165931,1161513,15
2024-12-29,Centro,Electrodomesticos,Organico,Mobile,Nuevo,736,12,0.0163,12,158665,1903982,48
2025-08-27,Sur,Deportes,Email,Desktop,Recurrente,486,10,0.0206,12,63295,632949,37
2024-07-25,Norte,Electrodomesticos,Social,Tablet,Nuevo,433,8,0.0185,8,162809,1302470,41
2025-09-24,Sur,Hogar,Organico,Mobile,Nuevo,824,14,0.017,14,88747,1242455,39
2024-03-19,Sur,Electrodomesticos,Social,Mobile,Recurrente,1063,21,0.0198,24,180057,3781202,31
2025-02-19,Sur,Electrodomesticos,Referido,Desktop,Nuevo,370,4,0.0108,4,133147,532588,26
2025-10-25,Norte,Electrodomesticos,Social,Mobile,Nuevo,659,8,0.0121,8,171343,1370742,31
2025-01-17,Norte,Hogar,Pago,Mobile,Recurrente,1169,14,0.012,14,76448,1070271,50
2025-04-17,Sur,Deportes,Referido,Mobile,Recurrente,485,8,0.0165,15,69370,554956,55
2024-12-28,Sur,Deportes,Pago,Tablet,Nuevo,763,13,0.017,16,55127,716648,43
2025-02-04,Norte,Vestuario,Social,Mobile,Recurrente,607,22,0.0362,22,57667,1268674,30
2024-01-13,Norte,Deportes,Pago,Desktop,Nuevo,528,13,0.0246,13,63937,831179,49
2024-11-19,Sur,Vestuario,Email,Desktop,Recurrente,870,21,0.0241,25,49922,1048372,34
2024-08-17,Sur,Vestuario,Pago,Desktop,Recurrente,1000,31,0.031,37,38687,1199310,37
2024-04-29,Centro,Vestuario,Email,Mobile,Recurrente,734,24,0.0327,25,48780,1170731,29
2025-05-02,Centro,Tecnologia,Referido,Mobile,Nuevo,1142,15,0.0131,23,208200,3122996,26
2025-01-18,Sur,Electrodomesticos,Pago,Desktop,Nuevo,482,6,0.0124,8,146854,881123,48
2025-12-12,Sur,Deportes,Pago,Tablet,Nuevo,217,6,0.0276,10,66926,401553,24
2024-10-19,Centro,Deportes,Social,Desktop,Nuevo,548,9,0.0164,9,65568,590110,38
2025-03-25,Centro,Hogar,Referido,Desktop,Recurrente,632,11,0.0174,15,90334,993675,65
2025-06-16,Sur,Deportes,Organico,Desktop,Recurrente,1180,32,0.0271,38,64331,2058594,48
2025-08-08,Centro,Electrodomesticos,Pago,Desktop,Nuevo,839,9,0.0107,9,138461,1246149,48
2025-11-14,Norte,Vestuario,Organico,Tablet,Recurrente,177,6,0.0339,6,44929,269573,38
2024-05-09,Centro,Vestuario,Social,Mobile,Nuevo,914,18,0.0197,18,43716,786893,11
2025-03-11,Sur,Vestuario,Referido,Desktop,Nuevo,592,15,0.0253,20,51075,766124,21
2025-05-15,Centro,Vestuario,Referido,Desktop,Nuevo,588,18,0.0306,18,37496,674928,14
2024-12-22,Norte,Hogar,Referido,Desktop,Nuevo,486,5,0.0103,5,108901,544504,15
2024-01-15,Centro,Tecnologia,Email,Desktop,Nuevo,586,12,0.0205,18,181424,2177085,25
2024-11-03,Norte,Tecnologia,Referido,Mobile,Nuevo,673,7,0.0104,10,209893,1469252,48
2025-01-24,Norte,Electrodomesticos,Social,Mobile,Nuevo,900,8,0.0089,8,173229,1385834,30
2024-04-11,Norte,Vestuario,Organico,Desktop,Nuevo,554,9,0.0162,9,45546,409914,42
2025-02-06,Centro,Deportes,Referido,Tablet,Recurrente,602,17,0.0282,17,69093,1174577,41
2025-01-14,Centro,Vestuario,Pago,Tablet,Nuevo,688,10,0.0145,10,37753,377530,17
2025-03-25,Centro,Deportes,Pago,Desktop,Nuevo,1106,24,0.0217,24,65352,1568443,39
2025-01-28,Norte,Hogar,Email,Tablet,Recurrente,417,10,0.024,11,104374,1043741,47
2025-09-24,Sur,Tecnologia,Referido,Tablet,Nuevo,439,6,0.0137,13,210046,1260276,31
2025-08-03,Norte,Tecnologia,Organico,Desktop,Nuevo,333,8,0.024,9,217009,1736072,25
2025-04-15,Sur,Deportes,Email,Tablet,Recurrente,313,5,0.016,5,75098,375492,58
2025-03-12,Sur,Hogar,Pago,Desktop,Nuevo,1300,28,0.0215,28,85227,2386358,28
2024-12-09,Centro,Hogar,Social,Desktop,Recurrente,1190,23,0.0193,34,116807,2686570,48
2025-05-26,Norte,Hogar,Social,Tablet,Nuevo,211,6,0.0284,9,67641,405846,46
2025-03-01,Centro,Tecnologia,Organico,Tablet,Nuevo,826,15,0.0182,18,162758,2441377,36
2025-08-03,Centro,Tecnologia,Social,Tablet,Nuevo,736,3,0.0041,5,176180,528541,55
2025-09-03,Sur,Tecnologia,Referido,Tablet,Recurrente,375,7,0.0187,7,203956,1427691,35
2024-10-18,Centro,Tecnologia,Organico,Tablet,Nuevo,685,11,0.0161,13,165984,1825820,40
2025-12-01,Norte,Vestuario,Pago,Mobile,Recurrente,986,14,0.0142,24,44386,621405,35
2024-05-31,Norte,Hogar,Organico,Desktop,Recurrente,1110,33,0.0297,36,92520,3053149,50
2025-02-24,Sur,Deportes,Social,Mobile,Nuevo,696,19,0.0273,21,61401,1166626,27
2025-09-04,Centro,Deportes,Email,Desktop,Nuevo,870,17,0.0195,17,64058,1088992,39
2025-02-14,Centro,Vestuario,Email,Mobile,Nuevo,680,9,0.0132,13,45479,409307,34
2025-10-01,Sur,Hogar,Referido,Mobile,Recurrente,563,8,0.0142,13,100861,806886,40
2025-11-20,Norte,Electrodomesticos,Pago,Tablet,Recurrente,440,10,0.0227,10,153614,1536143,35
2025-12-10,Norte,Hogar,Email,Desktop,Nuevo,646,9,0.0139,9,87017,783156,21
2024-04-17,Norte,Deportes,Referido,Mobile,Recurrente,263,4,0.0152,4,63239,252956,23
2025-02-11,Sur,Deportes,Organico,Desktop,Nuevo,577,10,0.0173,15,69983,699826,26
2024-09-27,Sur,Electrodomesticos,Organico,Desktop,Nuevo,403,6,0.0149,6,169504,1017023,40
2025-04-27,Centro,Hogar,Organico,Tablet,Recurrente,678,14,0.0206,20,88436,1238101,27
2025-07-12,Norte,Tecnologia,Referido,Tablet,Nuevo,344,6,0.0174,9,214896,1289374,43
2025-03-31,Norte,Hogar,Email,Desktop,Recurrente,501,6,0.012,7,110683,664097,40
2024-10-10,Norte,Vestuario,Pago,Mobile,Nuevo,388,9,0.0232,9,41362,372256,18
2024-01-13,Norte,Hogar,Email,Mobile,Nuevo,692,12,0.0173,17,80585,967025,46
2025-07-22,Centro,Deportes,Social,Tablet,Recurrente,533,9,0.0169,10,66040,594364,20
2025-12-11,Norte,Deportes,Pago,Mobile,Recurrente,1172,26,0.0222,38,64647,1680818,29
2024-07-16,Centro,Deportes,Pago,Tablet,Recurrente,1128,35,0.031,39,77534,2713688,58
2024-10-20,Centro,Hogar,Social,Tablet,Nuevo,533,14,0.0263,16,96928,1356985,35
2024-12-04,Norte,Vestuario,Email,Tablet,Recurrente,283,12,0.0424,16,38619,463433,38
2025-12-02,Norte,Tecnologia,Referido,Mobile,Nuevo,640,7,0.0109,11,206715,1447003,34
2024-01-07,Norte,Electrodomesticos,Organico,Tablet,Recurrente,410,8,0.0195,13,121432,971453,32
2024-06-09,Centro,Hogar,Organico,Desktop,Recurrente,625,12,0.0192,14,89212,1070549,45
2024-08-27,Sur,Tecnologia,Pago,Desktop,Recurrente,954,17,0.0178,26,193995,3297912,45
2024-12-29,Sur,Vestuario,Pago,Mobile,Nuevo,945,21,0.0222,31,46015,966309,21
2025-01-25,Norte,Deportes,Pago,Tablet,Recurrente,518,21,0.0405,28,59625,1252119,50
2024-11-11,Sur,Deportes,Referido,Tablet,Nuevo,215,3,0.014,4,60523,181567,33
2024-05-06,Sur,Deportes,Email,Mobile,Nuevo,366,6,0.0164,9,78452,470712,39
2024-10-15,Norte,Electrodomesticos,Referido,Mobile,Nuevo,402,8,0.0199,10,162348,1298787,37
2025-04-19,Sur,Vestuario,Pago,Desktop,Nuevo,561,15,0.0267,19,35604,534061,15
2024-05-22,Norte,Electrodomesticos,Referido,Desktop,Nuevo,660,14,0.0212,17,155522,2177305,32
2025-11-04,Sur,Vestuario,Referido,Mobile,Nuevo,579,13,0.0225,15,55336,719371,32
2024-11-29,Sur,Tecnologia,Referido,Desktop,Nuevo,382,2,0.0052,2,174582,349164,35
2025-07-15,Sur,Hogar,Referido,Tablet,Recurrente,460,7,0.0152,7,99711,697974,58
2024-09-30,Norte,Electrodomesticos,Social,Desktop,Nuevo,627,8,0.0128,9,137752,1102016,23
2025-06-20,Norte,Vestuario,Organico,Desktop,Recurrente,776,19,0.0245,23,48599,923388,30
2025-05-01,Sur,Hogar,Email,Tablet,Recurrente,579,13,0.0225,13,120354,1564606,45
2025-09-28,Norte,Hogar,Pago,Tablet,Recurrente,659,14,0.0212,19,99857,1398003,36
2024-07-09,Sur,Electrodomesticos,Pago,Desktop,Recurrente,1429,21,0.0147,21,150731,3165347,36
2025-01-18,Centro,Hogar,Referido,Tablet,Recurrente,374,12,0.0321,12,87447,1049358,48
2024-10-23,Sur,Deportes,Organico,Mobile,Recurrente,560,8,0.0143,8,52295,418362,52
2024-06-30,Centro,Electrodomesticos,Organico,Desktop,Recurrente,920,22,0.0239,35,165331,3637276,48
2025-07-04,Centro,Deportes,Email,Desktop,Recurrente,493,8,0.0162,14,66840,534717,57
2024-04-22,Centro,Vestuario,Referido,Desktop,Recurrente,207,3,0.0145,3,52342,157026,30
2024-06-26,Sur,Hogar,Pago,Tablet,Recurrente,779,13,0.0167,13,73991,961879,63
2024-09-21,Sur,Vestuario,Organico,Desktop,Recurrente,521,28,0.0537,28,46563,1303762,42
2024-07-06,Centro,Tecnologia,Referido,Mobile,Recurrente,791,15,0.019,22,165906,2488597,37
2024-02-14,Norte,Tecnologia,Organico,Desktop,Nuevo,570,14,0.0246,17,169730,2376218,39
2025-02-05,Sur,Hogar,Social,Mobile,Nuevo,592,10,0.0169,12,105977,1059774,33
2025-04-14,Centro,Electrodomesticos,Referido,Mobile,Recurrente,792,11,0.0139,11,162050,1782546,57
2024-12-04,Sur,Deportes,Email,Mobile,Nuevo,776,15,0.0193,15,59608,894125,34
2025-06-30,Norte,Vestuario,Referido,Tablet,Recurrente,619,14,0.0226,21,47694,667719,33
2025-01-18,Sur,Vestuario,Social,Mobile,Recurrente,782,18,0.023,26,38448,692058,38
2024-10-25,Sur,Deportes,Pago,Mobile,Nuevo,956,15,0.0157,15,70756,1061335,44
2024-10-14,Centro,Deportes,Social,Desktop,Nuevo,725,11,0.0152,11,66081,726890,46
2025-04-18,Centro,Vestuario,Social,Tablet,Nuevo,760,15,0.0197,17,50262,753937,17
2024-02-21,Centro,Vestuario,Email,Desktop,Recurrente,967,37,0.0383,49,34020,1258740,41
2025-08-21,Sur,Vestuario,Referido,Mobile,Nuevo,648,19,0.0293,19,51540,979256,6
2025-08-19,Norte,Deportes,Organico,Mobile,Nuevo,709,13,0.0183,16,62579,813529,40
2025-04-08,Norte,Hogar,Referido,Mobile,Nuevo,535,7,0.0131,7,82337,576362,37
2024-08-15,Norte,Hogar,Pago,Desktop,Nuevo,333,6,0.018,8,86418,518509,36
2025-03-09,Sur,Hogar,Organico,Tablet,Recurrente,715,11,0.0154,11,112492,1237414,37
2025-05-18,Norte,Hogar,Pago,Mobile,Nuevo,859,13,0.0151,16,64699,841090,58
2025-05-27,Sur,Hogar,Organico,Tablet,Nuevo,483,13,0.0269,22,70189,912460,32
2024-09-13,Norte,Electrodomesticos,Pago,Tablet,Nuevo,707,13,0.0184,13,144959,1884471,27
2024-10-31,Sur,Tecnologia,Organico,Tablet,Nuevo,717,16,0.0223,17,177574,2841182,39
2025-12-21,Sur,Vestuario,Referido,Desktop,Recurrente,305,7,0.023,7,49869,349083,38
2024-01-24,Centro,Deportes,Organico,Tablet,Nuevo,669,14,0.0209,18,72761,1018652,31
2025-05-01,Centro,Electrodomesticos,Email,Desktop,Recurrente,554,15,0.0271,16,177678,2665170,24
2025-03-20,Sur,Vestuario,Organico,Mobile,Nuevo,970,26,0.0268,26,42567,1106742,28
2024-04-08,Centro,Hogar,Email,Desktop,Recurrente,1084,31,0.0286,34,116603,3614699,62
2024-11-24,Centro,Vestuario,Email,Mobile,Nuevo,612,18,0.0294,18,47348,852257,25
2025-04-21,Centro,Tecnologia,Email,Tablet,Nuevo,531,5,0.0094,6,188686,943431,66
2024-08-12,Centro,Tecnologia,Organico,Mobile,Nuevo,842,10,0.0119,12,219629,2196294,43
2024-09-26,Norte,Deportes,Pago,Tablet,Recurrente,539,6,0.0111,6,73131,438783,58
2024-11-30,Centro,Hogar,Pago,Mobile,Nuevo,1425,27,0.0189,33,86992,2348792,44
2025-09-07,Centro,Hogar,Email,Tablet,Recurrente,458,9,0.0197,13,93720,843477,48
2025-12-14,Centro,Tecnologia,Referido,Desktop,Recurrente,356,8,0.0225,8,235029,1880230,27
2025-10-05,Centro,Tecnologia,Organico,Tablet,Recurrente,790,26,0.0329,42,231669,6023406,48
2025-01-27,Centro,Electrodomesticos,Social,Tablet,Nuevo,707,17,0.024,18,156995,2668917,51
2025-12-20,Centro,Vestuario,Social,Tablet,Recurrente,625,20,0.032,28,49583,991653,32
2024-02-24,Sur,Vestuario,Pago,Mobile,Nuevo,438,9,0.0205,16,35099,315892,40
2025-07-14,Sur,Tecnologia,Email,Mobile,Recurrente,929,35,0.0377,45,222573,7790045,44
2025-06-08,Norte,Hogar,Pago,Mobile,Nuevo,545,11,0.0202,12,90565,996214,47
2025-11-01,Norte,Electrodomesticos,Referido,Mobile,Recurrente,362,6,0.0166,9,159670,958019,52
2025-04-22,Sur,Electrodomesticos,Email,Desktop,Recurrente,582,10,0.0172,13,152511,1525105,37
2025-09-09,Sur,Electrodomesticos,Email,Mobile,Recurrente,407,10,0.0246,13,155544,1555436,38
2025-12-15,Sur,Vestuario,Social,Mobile,Nuevo,1105,40,0.0362,41,43041,1721650,22
2025-05-24,Sur,Deportes,Referido,Tablet,Nuevo,234,7,0.0299,7,66094,462659,51
2025-11-07,Centro,Vestuario,Referido,Desktop,Recurrente,824,19,0.0231,26,35272,670160,18
2025-12-06,Centro,Electrodomesticos,Email,Desktop,Nuevo,775,16,0.0206,18,133346,2133529,39
2025-04-22,Norte,Electrodomesticos,Pago,Tablet,Nuevo,869,13,0.015,14,136295,1771835,45
2024-06-26,Norte,Tecnologia,Organico,Tablet,Nuevo,242,4,0.0165,6,184933,739733,42
2025-10-31,Norte,Tecnologia,Pago,Tablet,Recurrente,413,13,0.0315,13,171908,2234808,43
2024-10-29,Centro,Deportes,Pago,Desktop,Nuevo,1293,15,0.0116,18,58335,875020,50
2024-06-12,Sur,Deportes,Email,Mobile,Recurrente,531,8,0.0151,12,70552,564418,34
2024-04-18,Norte,Tecnologia,Pago,Desktop,Nuevo,426,6,0.0141,6,169769,1018614,36
2025-11-03,Sur,Tecnologia,Organico,Mobile,Nuevo,1466,28,0.0191,35,168103,4706895,34
2024-12-05,Norte,Tecnologia,Organico,Tablet,Recurrente,549,8,0.0146,9,219123,1752986,28
2024-01-30,Sur,Hogar,Organico,Tablet,Nuevo,656,16,0.0244,16,91920,1470715,41
2024-02-23,Sur,Tecnologia,Social,Mobile,Recurrente,921,15,0.0163,15,206474,3097110,54
2025-05-04,Norte,Tecnologia,Referido,Desktop,Nuevo,266,7,0.0263,7,203428,1423996,37
2024-04-14,Centro,Deportes,Referido,Desktop,Nuevo,664,12,0.0181,12,60741,728886,34
2024-08-16,Sur,Tecnologia,Referido,Mobile,Nuevo,403,4,0.0099,4,216231,864924,24
2024-01-05,Norte,Electrodomesticos,Social,Desktop,Recurrente,340,6,0.0176,8,162829,976973,40
2025-09-25,Sur,Deportes,Organico,Desktop,Nuevo,1025,20,0.0195,20,62074,1241471,34
2024-08-03,Norte,Hogar,Pago,Tablet,Nuevo,576,10,0.0174,12,94068,940680,34
2024-01-01,Sur,Deportes,Social,Mobile,Recurrente,526,7,0.0133,10,71224,498570,45
2024-03-02,Sur,Vestuario,Pago,Desktop,Nuevo,942,31,0.0329,40,30907,958119,33
2025-03-22,Sur,Tecnologia,Referido,Tablet,Nuevo,295,6,0.0203,6,166217,997304,39
2025-06-21,Norte,Hogar,Referido,Mobile,Nuevo,546,10,0.0183,10,86343,863433,41
2024-04-14,Centro,Vestuario,Email,Tablet,Recurrente,470,11,0.0234,11,56460,621059,26
2024-03-05,Centro,Deportes,Referido,Desktop,Nuevo,457,6,0.0131,6,60501,363007,30
2024-01-07,Norte,Vestuario,Pago,Desktop,Recurrente,942,33,0.035,39,46880,1547038,30
2024-10-25,Norte,Vestuario,Organico,Desktop,Nuevo,966,19,0.0197,25,37069,704303,37
2025-09-04,Sur,Tecnologia,Pago,Tablet,Nuevo,1156,29,0.0251,42,170623,4948056,29
2024-01-25,Norte,Deportes,Email,Mobile,Recurrente,686,17,0.0248,25,58985,1002738,65
2024-04-09,Norte,Electrodomesticos,Social,Tablet,Nuevo,774,11,0.0142,19,170920,1880123,47
2025-06-04,Norte,Electrodomesticos,Pago,Tablet,Recurrente,169,5,0.0296,5,172083,860415,44
2024-08-06,Centro,Electrodomesticos,Referido,Desktop,Nuevo,657,10,0.0152,13,158766,1587657,34
2024-08-06,Sur,Hogar,Referido,Mobile,Nuevo,565,9,0.0159,9,80103,720929,35
2025-11-12,Centro,Deportes,Referido,Mobile,Nuevo,1229,22,0.0179,25,74353,1635770,31
2024-06-13,Centro,Deportes,Organico,Tablet,Recurrente,921,22,0.0239,26,59484,1308643,25
2024-06-20,Sur,Hogar,Social,Tablet,Recurrente,402,9,0.0224,9,89430,804872,39
2024-02-29,Norte,Vestuario,Email,Desktop,Recurrente,605,17,0.0281,17,52490,892335,31
2025-11-27,Norte,Deportes,Referido,Tablet,Nuevo,445,12,0.027,16,57067,684802,29
2024-06-14,Norte,Hogar,Organico,Desktop,Recurrente,302,7,0.0232,7,88060,616418,40
2025-10-17,Sur,Deportes,Organico,Mobile,Nuevo,728,9,0.0124,9,65295,587658,19
2025-06-26,Sur,Deportes,Organico,Desktop,Recurrente,1080,26,0.0241,29,82042,2133088,43
2025-12-01,Centro,Tecnologia,Social,Mobile,Nuevo,1084,20,0.0185,20,178896,3577923,26
2025-02-13,Centro,Hogar,Organico,Mobile,Recurrente,1378,29,0.021,44,89033,2581945,44
2025-10-06,Sur,Tecnologia,Social,Mobile,Nuevo,748,12,0.016,14,188683,2264197,43
2024-09-18,Centro,Electrodomesticos,Email,Mobile,Recurrente,1055,23,0.0218,28,164236,3777426,23
2024-03-02,Norte,Deportes,Organico,Tablet,Recurrente,416,18,0.0433,19,55499,998982,37
2024-09-18,Norte,Vestuario,Pago,Tablet,Recurrente,489,21,0.0429,24,46820,983218,42
2024-11-19,Sur,Tecnologia,Organico,Mobile,Nuevo,1021,11,0.0108,13,196331,2159640,26
2025-05-12,Sur,Tecnologia,Pago,Mobile,Recurrente,1017,30,0.0295,37,167769,5033084,44
2025-06-14,Sur,Deportes,Social,Tablet,Recurrente,329,4,0.0122,4,51140,204559,38
2024-05-09,Norte,Vestuario,Referido,Tablet,Nuevo,278,8,0.0288,9,52022,416173,35
2024-06-27,Norte,Vestuario,Referido,Mobile,Recurrente,732,21,0.0287,32,48683,1022333,31
2024-11-03,Centro,Deportes,Organico,Desktop,Recurrente,668,21,0.0314,23,60778,1276346,29
2024-12-08,Centro,Tecnologia,Organico,Tablet,Recurrente,457,11,0.0241,14,174159,1915751,46
2025-07-18,Sur,Hogar,Email,Tablet,Recurrente,360,10,0.0278,12,107617,1076171,64
2024-12-17,Sur,Hogar,Referido,Desktop,Recurrente,256,6,0.0234,9,92365,554187,65
2025-02-24,Centro,Hogar,Organico,Desktop,Nuevo,562,5,0.0089,7,88183,440913,35
2025-04-11,Sur,Deportes,Email,Desktop,Recurrente,993,36,0.0363,43,76039,2737399,35
2024-07-09,Sur,Electrodomesticos,Organico,Desktop,Nuevo,915,17,0.0186,24,170070,2891193,24
2025-02-05,Norte,Electrodomesticos,Referido,Mobile,Recurrente,660,16,0.0242,26,139822,2237157,17
2024-12-04,Norte,Deportes,Organico,Tablet,Recurrente,719,15,0.0209,15,54885,823279,44
2024-09-12,Centro,Vestuario,Referido,Desktop,Recurrente,839,19,0.0226,21,48767,926572,41
2025-12-25,Centro,Vestuario,Email,Desktop,Nuevo,1106,34,0.0307,34,47850,1626909,26
2024-09-21,Norte,Tecnologia,Social,Mobile,Recurrente,378,3,0.0079,5,216865,650594,28
2024-02-23,Norte,Hogar,Social,Desktop,Nuevo,854,21,0.0246,21,95166,1998485,52
2025-10-10,Sur,Deportes,Referido,Mobile,Recurrente,582,14,0.0241,19,61005,854064,47
2024-11-19,Centro,Electrodomesticos,Organico,Mobile,Recurrente,1375,23,0.0167,32,174841,4021331,54
2025-05-08,Norte,Tecnologia,Email,Desktop,Recurrente,654,18,0.0275,18,205198,3693556,26
2025-07-20,Centro,Electrodomesticos,Pago,Mobile,Nuevo,1524,14,0.0092,16,154827,2167571,30
2024-10-30,Sur,Tecnologia,Social,Tablet,Recurrente,658,17,0.0258,23,167891,2854152,47
2025-10-05,Centro,Electrodomesticos,Referido,Desktop,Nuevo,483,9,0.0186,11,146680,1320121,43
2025-02-11,Sur,Tecnologia,Social,Tablet,Nuevo,637,16,0.0251,24,179494,2871905,39
2024-03-30,Centro,Vestuario,Pago,Mobile,Recurrente,1590,32,0.0201,51,43145,1380635,39
2024-04-25,Norte,Deportes,Pago,Mobile,Recurrente,1042,16,0.0154,21,71848,1149564,52
2024-11-01,Centro,Deportes,Organico,Mobile,Nuevo,1422,21,0.0148,24,56423,1184875,28
2024-10-21,Centro,Deportes,Pago,Desktop,Nuevo,1222,26,0.0213,30,54200,1409189,49
2024-12-03,Centro,Vestuario,Social,Mobile,Recurrente,1814,51,0.0281,67,42337,2159210,50
2024-01-14,Norte,Hogar,Email,Tablet,Recurrente,461,8,0.0174,11,103021,824171,42
2024-02-13,Norte,Hogar,Email,Desktop,Recurrente,585,15,0.0256,19,107586,1613784,42
2024-10-05,Centro,Hogar,Social,Desktop,Nuevo,527,6,0.0114,9,86620,519720,32
2024-01-17,Sur,Vestuario,Social,Desktop,Nuevo,912,17,0.0186,17,54339,923757,34
2024-01-29,Sur,Tecnologia,Pago,Desktop,Recurrente,778,27,0.0347,27,165464,4467520,51
2024-06-05,Norte,Vestuario,Referido,Tablet,Recurrente,330,8,0.0242,15,52906,423244,48
2024-08-27,Norte,Hogar,Referido,Tablet,Nuevo,397,5,0.0126,5,90450,452250,40
2025-10-25,Norte,Deportes,Pago,Desktop,Nuevo,742,12,0.0162,12,55621,667447,38
2025-07-19,Norte,Electrodomesticos,Social,Mobile,Nuevo,580,11,0.019,13,140379,1544171,17
2024-12-10,Centro,Electrodomesticos,Email,Tablet,Nuevo,349,7,0.0201,7,172084,1204585,34
2025-08-09,Norte,Tecnologia,Social,Desktop,Nuevo,556,21,0.0378,23,175522,3685953,31
2025-09-21,Sur,Vestuario,Social,Desktop,Nuevo,471,12,0.0255,12,40618,487421,35
2024-03-17,Centro,Hogar,Referido,Tablet,Nuevo,472,11,0.0233,19,78573,864302,50
2024-03-08,Norte,Vestuario,Referido,Mobile,Nuevo,676,11,0.0163,12,43294,476231,46
2024-03-25,Centro,Electrodomesticos,Pago,Desktop,Nuevo,1079,23,0.0213,23,102900,2366700,41
2025-12-23,Norte,Deportes,Email,Mobile,Recurrente,939,23,0.0245,23,61995,1425877,47
2025-03-27,Norte,Deportes,Social,Tablet,Nuevo,227,5,0.022,5,47104,235518,54
2025-04-05,Centro,Tecnologia,Organico,Desktop,Nuevo,825,13,0.0158,15,207392,2696095,43
2024-01-18,Norte,Deportes,Referido,Mobile,Nuevo,465,12,0.0258,17,75006,900068,30
2025-11-25,Sur,Hogar,Referido,Mobile,Nuevo,731,14,0.0192,16,79760,1116646,38
2025-06-03,Centro,Hogar,Social,Mobile,Nuevo,1009,8,0.0079,12,86975,695797,51
2024-05-05,Centro,Hogar,Pago,Desktop,Recurrente,1445,31,0.0215,35,106044,3287353,52
2024-04-17,Centro,Vestuario,Organico,Desktop,Recurrente,337,12,0.0356,12,48305,579656,34
2025-08-28,Centro,Hogar,Organico,Mobile,Recurrente,1052,25,0.0238,38,85418,2135455,45
2025-09-11,Sur,Tecnologia,Social,Desktop,Nuevo,401,6,0.015,8,175866,1055193,11
2025-12-22,Centro,Deportes,Organico,Desktop,Nuevo,902,23,0.0255,27,59627,1371412,37
2024-01-26,Centro,Deportes,Pago,Tablet,Recurrente,964,24,0.0249,31,50654,1215704,37
2024-02-21,Norte,Vestuario,Referido,Tablet,Nuevo,336,10,0.0298,10,45861,458607,41
2024-07-02,Centro,Tecnologia,Pago,Tablet,Recurrente,518,7,0.0135,7,190383,1332679,37
2024-05-11,Sur,Electrodomesticos,Email,Tablet,Nuevo,401,7,0.0175,7,121131,847914,31
2025-01-10,Norte,Tecnologia,Organico,Tablet,Nuevo,586,11,0.0188,18,167595,1843546,38
2025-02-27,Norte,Tecnologia,Social,Mobile,Recurrente,772,15,0.0194,15,206928,3103916,55
2025-12-13,Norte,Tecnologia,Organico,Desktop,Recurrente,1123,35,0.0312,35,205493,7192258,36
2025-07-15,Centro,Tecnologia,Social,Desktop,Recurrente,1144,33,0.0288,39,174212,5748981,32
2025-03-21,Sur,Electrodomesticos,Organico,Desktop,Nuevo,725,11,0.0152,11,144395,1588348,38
2025-02-22,Norte,Vestuario,Organico,Desktop,Recurrente,776,22,0.0284,35,47908,1053981,30
2024-09-25,Norte,Hogar,Pago,Tablet,Nuevo,847,18,0.0213,22,78724,1417023,43
2024-05-26,Centro,Vestuario,Social,Mobile,Nuevo,1869,45,0.0241,52,44837,2017647,21
2025-07-13,Sur,Electrodomesticos,Referido,Desktop,Recurrente,294,10,0.034,10,143804,1438038,36
2025-12-20,Centro,Deportes,Organico,Tablet,Nuevo,1565,22,0.0141,37,48304,1062678,46
2025-06-26,Norte,Deportes,Social,Mobile,Nuevo,878,15,0.0171,21,63333,949992,33
2025-05-23,Sur,Deportes,Referido,Mobile,Recurrente,362,6,0.0166,6,68023,408135,57
2024-02-04,Sur,Vestuario,Organico,Tablet,Nuevo,270,12,0.0444,12,51544,618522,24
2024-08-23,Sur,Vestuario,Email,Desktop,Recurrente,481,21,0.0437,23,53519,1123890,41
2024-12-09,Sur,Electrodomesticos,Email,Mobile,Recurrente,689,13,0.0189,13,175458,2280951,62
2024-06-13,Centro,Electrodomesticos,Social,Tablet,Nuevo,286,5,0.0175,6,161740,808700,18
2025-03-24,Centro,Deportes,Referido,Mobile,Recurrente,779,14,0.018,14,67654,947159,41
2024-11-12,Sur,Vestuario,Organico,Desktop,Recurrente,1476,48,0.0325,55,53355,2561040,31
2025-03-30,Centro,Electrodomesticos,Social,Tablet,Nuevo,352,8,0.0227,13,128664,1029315,25
2025-01-08,Sur,Vestuario,Pago,Tablet,Recurrente,674,21,0.0312,22,44345,931250,11
2025-06-18,Centro,Deportes,Referido,Mobile,Recurrente,727,13,0.0179,17,55520,721755,56
2025-05-17,Norte,Tecnologia,Social,Tablet,Nuevo,272,4,0.0147,7,152808,611230,45
2025-05-11,Norte,Vestuario,Email,Mobile,Recurrente,555,13,0.0234,16,57379,745930,26
2024-09-17,Sur,Hogar,Referido,Tablet,Recurrente,150,7,0.0467,8,91559,640914,25
2024-09-17,Sur,Tecnologia,Referido,Tablet,Nuevo,315,5,0.0159,9,215988,1079938,39
2024-09-26,Sur,Electrodomesticos,Social,Mobile,Nuevo,1004,17,0.0169,23,141105,2398783,20
2025-01-05,Norte,Vestuario,Referido,Mobile,Recurrente,382,9,0.0236,13,49751,447754,47
2025-11-29,Centro,Tecnologia,Referido,Mobile,Nuevo,886,14,0.0158,21,187907,2630694,15
2024-10-09,Norte,Vestuario,Email,Tablet,Recurrente,322,13,0.0404,16,54493,708409,40
2025-12-04,Norte,Vestuario,Social,Desktop,Nuevo,639,12,0.0188,12,45094,541127,31
2024-12-31,Centro,Vestuario,Social,Tablet,Nuevo,226,8,0.0354,13,48987,391899,18
2024-06-09,Centro,Deportes,Email,Tablet,Recurrente,360,20,0.0556,21,58073,1161460,49
2024-07-06,Norte,Hogar,Organico,Mobile,Nuevo,928,12,0.0129,13,81102,973227,26
2025-12-04,Centro,Hogar,Organico,Tablet,Recurrente,1123,19,0.0169,24,89314,1696970,34
2024-04-28,Sur,Tecnologia,Social,Desktop,Nuevo,893,15,0.0168,15,197608,2964112,39
2024-06-29,Norte,Vestuario,Social,Desktop,Nuevo,639,15,0.0235,16,48316,724734,41
2024-04-18,Sur,Tecnologia,Organico,Tablet,Recurrente,834,19,0.0228,19,239806,4556319,47
2024-03-27,Centro,Deportes,Pago,Tablet,Recurrente,731,18,0.0246,25,70315,1265666,53
2024-12-13,Norte,Vestuario,Pago,Mobile,Nuevo,1197,26,0.0217,39,34484,896580,34
2024-07-15,Centro,Electrodomesticos,Email,Mobile,Nuevo,1030,16,0.0155,23,140991,2255849,19
2025-08-11,Norte,Tecnologia,Organico,Mobile,Nuevo,781,15,0.0192,15,178463,2676946,53
2025-05-15,Norte,Deportes,Referido,Tablet,Nuevo,343,8,0.0233,9,65531,524251,39
2024-03-05,Centro,Electrodomesticos,Organico,Tablet,Recurrente,490,8,0.0163,12,174529,1396234,38
2025-04-20,Norte,Deportes,Organico,Desktop,Recurrente,1008,29,0.0288,37,59997,1739903,24
2025-05-20,Centro,Hogar,Social,Tablet,Recurrente,128,5,0.0391,5,89929,449646,29
2025-08-26,Sur,Electrodomesticos,Email,Desktop,Recurrente,590,13,0.022,13,147006,1911075,33
2025-09-25,Centro,Hogar,Referido,Tablet,Recurrente,387,9,0.0233,9,111317,1001856,43
2025-02-05,Norte,Electrodomesticos,Organico,Desktop,Nuevo,1013,11,0.0109,14,133526,1468783,28
2025-06-28,Centro,Hogar,Referido,Desktop,Nuevo,464,10,0.0216,10,98824,988243,37
2024-01-06,Sur,Vestuario,Social,Mobile,Nuevo,901,17,0.0189,17,44084,749434,30
2024-10-14,Centro,Tecnologia,Email,Tablet,Recurrente,339,7,0.0206,7,183136,1281952,52
2025-10-02,Sur,Vestuario,Referido,Desktop,Recurrente,470,12,0.0255,17,53821,645851,30
2025-01-20,Norte,Tecnologia,Email,Mobile,Recurrente,461,17,0.0369,17,185977,3161601,43
2025-05-03,Norte,Electrodomesticos,Referido,Mobile,Nuevo,500,11,0.022,17,149610,1645704,38
2024-07-09,Sur,Electrodomesticos,Organico,Tablet,Nuevo,323,3,0.0093,3,145785,437356,34
2024-12-24,Sur,Vestuario,Pago,Tablet,Nuevo,909,16,0.0176,18,34369,549904,17
2024-09-29,Sur,Tecnologia,Organico,Tablet,Recurrente,574,15,0.0261,22,176278,2644167,53
2025-05-16,Centro,Vestuario,Referido,Mobile,Nuevo,603,16,0.0265,16,50407,806515,34
2024-10-09,Centro,Tecnologia,Referido,Tablet,Nuevo,458,7,0.0153,7,194389,1360722,28
2024-02-27,Norte,Tecnologia,Organico,Tablet,Nuevo,886,25,0.0282,33,201877,5046916,40
2024-05-05,Centro,Vestuario,Referido,Tablet,Recurrente,680,12,0.0176,12,50828,609931,34
2024-05-11,Sur,Hogar,Pago,Mobile,Nuevo,863,13,0.0151,13,87491,1137382,58
2025-09-10,Sur,Electrodomesticos,Email,Mobile,Nuevo,867,14,0.0161,14,148208,2074910,30
2024-03-16,Centro,Vestuario,Social,Mobile,Nuevo,1242,24,0.0193,28,47623,1142944,47
2024-11-12,Sur,Deportes,Email,Tablet,Recurrente,294,11,0.0374,13,64513,709638,43
2024-05-02,Sur,Electrodomesticos,Email,Desktop,Recurrente,593,6,0.0101,6,175459,1052754,32
2025-10-26,Norte,Tecnologia,Email,Mobile,Recurrente,488,14,0.0287,14,200518,2807248,55
2024-09-11,Norte,Tecnologia,Pago,Mobile,Recurrente,621,12,0.0193,12,220178,2642137,39
2024-12-20,Centro,Tecnologia,Pago,Mobile,Nuevo,1490,25,0.0168,28,204858,5121452,20
2024-10-19,Centro,Tecnologia,Referido,Mobile,Recurrente,554,7,0.0126,7,184142,1288993,36
2024-04-05,Sur,Electrodomesticos,Referido,Desktop,Nuevo,566,10,0.0177,15,157459,1574592,42
2025-10-20,Centro,Electrodomesticos,Referido,Desktop,Recurrente,633,9,0.0142,17,165651,1490862,44
2025-11-23,Norte,Hogar,Email,Desktop,Nuevo,50,1,0.02,1,75168,75168,47
2024-02-29,Centro,Vestuario,Pago,Mobile,Recurrente,933,22,0.0236,23,47128,1036823,49
2025-10-14,Sur,Tecnologia,Email,Tablet,Nuevo,355,7,0.0197,8,146547,1025828,48
2025-03-26,Norte,Vestuario,Email,Mobile,Nuevo,666,13,0.0195,17,42179,548329,31
2024-01-12,Sur,Hogar,Organico,Tablet,Nuevo,424,10,0.0236,15,93954,939544,36
2025-03-22,Centro,Hogar,Organico,Tablet,Recurrente,634,12,0.0189,14,99683,1196200,54
2025-10-03,Sur,Hogar,Organico,Tablet,Recurrente,635,16,0.0252,16,99814,1597029,47
2025-04-15,Centro,Deportes,Social,Tablet,Nuevo,749,14,0.0187,15,68650,961100,22
2025-01-02,Sur,Hogar,Email,Desktop,Nuevo,822,18,0.0219,22,95321,1715780,30
2024-03-18,Sur,Vestuario,Organico,Desktop,Recurrente,651,19,0.0292,19,44753,850309,23
2025-04-19,Norte,Tecnologia,Organico,Mobile,Nuevo,1264,16,0.0127,20,181713,2907407,33
2024-03-04,Sur,Vestuario,Referido,Desktop,Recurrente,374,15,0.0401,19,34020,510300,43
2024-01-15,Norte,Electrodomesticos,Email,Mobile,Recurrente,724,17,0.0235,17,147383,2505515,30
2024-04-27,Norte,Hogar,Referido,Tablet,Nuevo,299,3,0.01,4,98509,295525,30
2025-03-26,Sur,Deportes,Pago,Tablet,Recurrente,997,23,0.0231,23,70503,1621560,37
2025-09-09,Norte,Vestuario,Email,Mobile,Recurrente,529,13,0.0246,17,44253,575284,47
2024-10-29,Norte,Deportes,Pago,Mobile,Nuevo,787,10,0.0127,10,57549,575493,39
2025-11-08,Norte,Tecnologia,Social,Tablet,Recurrente,622,23,0.037,23,184762,4249518,29
2024-05-11,Centro,Vestuario,Referido,Mobile,Recurrente,909,25,0.0275,41,55647,1391165,36
2025-06-01,Sur,Tecnologia,Referido,Tablet,Recurrente,164,3,0.0183,3,175112,525335,47
2025-10-29,Sur,Vestuario,Social,Desktop,Recurrente,974,26,0.0267,28,37778,982231,13
2025-07-03,Norte,Electrodomesticos,Organico,Mobile,Recurrente,1444,39,0.027,53,132668,5174069,41
2024-12-24,Sur,Tecnologia,Pago,Tablet,Nuevo,838,13,0.0155,14,154952,2014372,21
2025-08-24,Norte,Deportes,Email,Desktop,Recurrente,481,17,0.0353,22,61197,1040342,44
2024-05-06,Sur,Electrodomesticos,Social,Desktop,Recurrente,499,10,0.02,14,171219,1712191,39
2025-10-05,Sur,Hogar,Pago,Tablet,Nuevo,585,11,0.0188,19,85439,939833,41
2024-01-02,Centro,Deportes,Organico,Tablet,Recurrente,872,27,0.031,34,70304,1898209,43
2025-10-14,Sur,Hogar,Organico,Mobile,Recurrente,1353,24,0.0177,28,92396,2217495,44
