fecha,categoria,region,segmento,ventas,beneficio
2024-08-18,Hogar,Sur,Empresa,185002,55054
2024-04-23,Tecnologia,Sur,Retail,237202,54813
2024-09-08,Hogar,Centro,Empresa,116649,31618
2024-12-10,Hogar,Centro,Empresa,66801,19837
2023-03-14,Vestuario,Norte,Retail,13213,4966
2023-04-01,Deportes,Sur,Empresa,77030,21747
2023-07-16,Deportes,Centro,Retail,69292,19210
2024-10-14,Deportes,Centro,Retail,43768,14384
2023-03-06,Deportes,Centro,Empresa,69340,24918
2023-08-05,Tecnologia,Sur,Empresa,344175,80893
2024-11-11,Vestuario,Centro,Empresa,49766,20368
2023-08-23,Deportes,Norte,Empresa,26186,6945
2024-11-15,Deportes,Norte,Empresa,61932,19305
2023-08-10,Electrodomesticos,Norte,Empresa,169346,31044
2023-01-23,Vestuario,Sur,Empresa,57721,20349
2023-01-10,Vestuario,Sur,Retail,55060,19906
2023-02-05,Deportes,Norte,Empresa,53690,14892
2023-03-09,Hogar,Centro,Empresa,63631,18680
2024-10-30,Electrodomesticos,Centro,Retail,153460,32875
2024-05-25,Electrodomesticos,Centro,Retail,173335,37429
2024-12-08,Electrodomesticos,Sur,Retail,104377,19157
2023-03-28,Tecnologia,Norte,Empresa,108391,23846
2024-07-01,Deportes,Norte,Empresa,88341,26087
2024-10-14,Hogar,Sur,Retail,93949,28015
2023-07-25,Electrodomesticos,Centro,Retail,280671,47437
2023-03-25,Hogar,Centro,Empresa,69885,18889
2024-01-20,Tecnologia,Norte,Empresa,189262,39641
2024-04-19,Tecnologia,Norte,Empresa,215202,52196
2024-11-26,Vestuario,Norte,Empresa,30417,12629
2023-06-07,Vestuario,Centro,Retail,27142,10079
2024-03-11,Tecnologia,Sur,Empresa,204319,54317
2023-09-08,Tecnologia,Centro,Retail,156279,35173
2023-01-13,Tecnologia,Sur,Empresa,222916,54117
2024-09-19,Deportes,Sur,Retail,64291,23028
2023-12-11,Hogar,Centro,Empresa,61577,15962
2024-11-07,Hogar,Sur,Empresa,101221,26264
2023-12-09,Tecnologia,Norte,Empresa,92876,23461
2023-12-20,Vestuario,Centro,Empresa,60142,16542
2024-10-15,Tecnologia,Sur,Retail,242532,59718
2024-06-12,Tecnologia,Norte,Retail,114052,28335
2024-11-11,Tecnologia,Norte,Empresa,87546,18308
2023-05-05,Vestuario,Norte,Empresa,42440,15575
2024-11-12,Hogar,Sur,Empresa,108050,30924
2024-06-09,Electrodomesticos,Norte,Retail,112109,23291
2024-04-14,Electrodomesticos,Sur,Empresa,197313,33604
2023-11-04,Vestuario,Sur,Empresa,36044,14390
2023-09-04,Deportes,Norte,Empresa,79601,21718
2023-11-01,Tecnologia,Norte,Retail,155357,37693
2024-08-15,Vestuario,Sur,Empresa,13931,4453
2024-03-25,Tecnologia,Centro,Retail,225409,43524
2023-02-04,Deportes,Sur,Retail,101554,27067
2023-01-14,Deportes,Centro,Empresa,33482,8709
2024-09-23,Hogar,Centro,Retail,96378,25876
2023-02-06,Vestuario,Sur,Retail,32851,11624
2024-12-08,Tecnologia,Sur,Empresa,129306,29168
2023-12-14,Electrodomesticos,Sur,Retail,196352,36611
2023-05-31,Deportes,Sur,Empresa,40419,13219
2023-04-22,Vestuario,Norte,Retail,47548,18028
2024-01-01,Hogar,Sur,Retail,127442,34298
2023-08-26,Hogar,Sur,Retail,121045,31489
2023-06-26,Electrodomesticos,Sur,Retail,192863,29086
2024-04-04,Hogar,Norte,Retail,117528,32993
2024-06-12,Electrodomesticos,Norte,Retail,66016,12279
2024-08-29,Electrodomesticos,Norte,Empresa,130181,28394
2024-06-04,Hogar,Sur,Empresa,101567,34988
2023-05-12,Tecnologia,Norte,Retail,225928,45414
2024-04-04,Electrodomesticos,Sur,Retail,177115,32655
2023-10-09,Deportes,Norte,Retail,84659,21433
2023-04-30,Vestuario,Sur,Retail,41032,13530
2023-04-09,Vestuario,Centro,Retail,48732,17398
2023-06-19,Deportes,Sur,Empresa,72458,23203
2023-06-05,Vestuario,Sur,Retail,42258,15944
2023-09-03,Vestuario,Centro,Retail,38963,13078
2024-04-25,Hogar,Norte,Empresa,106422,30383
2023-06-04,Electrodomesticos,Norte,Empresa,104964,23109
2024-03-25,Deportes,Norte,Empresa,42900,10910
2023-01-28,Hogar,Centro,Retail,132695,39117
2023-08-18,Vestuario,Sur,Empresa,51197,16789
2023-02-04,Deportes,Norte,Empresa,33188,9738
2024-08-29,Electrodomesticos,Centro,Empresa,157442,28374
2024-09-23,Vestuario,Norte,Empresa,46474,18284
2024-11-18,Vestuario,Norte,Retail,27711,7848
2024-11-08,Tecnologia,Centro,Empresa,156053,28611
2023-02-15,Deportes,Norte,Empresa,10000,3456
2023-02-28,Hogar,Norte,Empresa,100918,26485
2023-05-09,Deportes,Centro,Retail,56102,19764
2023-07-10,Deportes,Sur,Empresa,90707,29655
2023-10-04,Vestuario,Sur,Retail,50211,15705
2024-12-01,Electrodomesticos,Centro,Empresa,152978,24932
2023-05-22,Hogar,Sur,Empresa,162482,40734
2023-11-01,Hogar,Centro,Retail,51559,12079
2023-02-25,Electrodomesticos,Norte,Retail,204919,30734
2024-12-14,Deportes,Centro,Empresa,78851,24332
2024-10-02,Vestuario,Sur,Empresa,41758,18260
2023-05-20,Vestuario,Centro,Retail,36380,13365
2023-05-20,Deportes,Sur,Retail,36889,10183
2024-02-02,Tecnologia,Sur,Empresa,227509,46187
2023-04-10,Electrodomesticos,Norte,Empresa,158071,30411
2023-10-06,Vestuario,Centro,Retail,46283,15526
2023-03-20,Electrodomesticos,Norte,Empresa,163005,23134
2024-03-04,Hogar,Sur,Retail,85706,26547
2024-01-19,Electrodomesticos,Norte,Retail,258112,49691
2023-06-24,Vestuario,Sur,Retail,47420,16875
2024-06-25,Hogar,Sur,Empresa,69532,21342
2024-06-25,Electrodomesticos,Sur,Retail,210558,35861
2024-07-19,Electrodomesticos,Sur,Retail,73218,13752
2023-07-17,Hogar,Norte,Retail,136891,36612
2024-05-02,Tecnologia,Sur,Retail,196771,45075
2024-05-08,Deportes,Centro,Retail,87494,27596
2023-05-24,Hogar,Norte,Empresa,64137,19479
2024-03-10,Deportes,Norte,Retail,58210,17513
2024-01-03,Tecnologia,Sur,Empresa,236008,42371
2023-07-03,Tecnologia,Norte,Empresa,234406,46017
2023-02-08,Hogar,Centro,Retail,75702,23759
2024-10-10,Hogar,Sur,Empresa,134957,34687
2023-09-09,Hogar,Centro,Retail,60766,14420
2024-08-17,Vestuario,Centro,Empresa,31535,12806
2023-11-23,Hogar,Sur,Empresa,101167,25511
2023-10-29,Vestuario,Sur,Empresa,42922,13017
2023-06-11,Hogar,Sur,Retail,92030,27568
2024-01-22,Tecnologia,Sur,Empresa,91225,21817
2023-07-04,Vestuario,Norte,Empresa,69976,26768
2024-05-20,Electrodomesticos,Norte,Retail,129150,25436
2023-04-18,Tecnologia,Centro,Empresa,118552,23330
2023-01-12,Vestuario,Norte,Retail,79105,24178
2024-05-28,Electrodomesticos,Sur,Empresa,115040,20182
2023-03-04,Electrodomesticos,Centro,Retail,165079,33641
2024-12-04,Hogar,Norte,Empresa,121404,38615
2023-01-01,Hogar,Norte,Empresa,120668,34781
2024-01-09,Electrodomesticos,Norte,Empresa,82074,14991
2024-12-17,Hogar,Norte,Empresa,70745,18382
2023-06-26,Tecnologia,Centro,Empresa,162028,43098
2024-10-12,Hogar,Centro,Empresa,128384,39657
2023-11-25,Tecnologia,Centro,Empresa,111889,24614
2023-12-30,Tecnologia,Sur,Empresa,166147,37622
2024-05-14,Tecnologia,Norte,Empresa,232564,50445
2023-12-22,Electrodomesticos,Centro,Retail,166672,31998
2023-03-01,Tecnologia,Centro,Empresa,205677,48904
2023-11-04,Hogar,Centro,Retail,10000,2524
2023-06-28,Electrodomesticos,Norte,Retail,151304,24475
2024-06-12,Electrodomesticos,Centro,Empresa,99103,13258
2024-08-18,Tecnologia,Sur,Retail,221644,47138
2024-01-01,Electrodomesticos,Norte,Retail,107998,22775
2024-09-17,Deportes,Sur,Empresa,54335,17702
2024-09-01,Vestuario,Centro,Empresa,48623,18070
2023-05-30,Deportes,Sur,Retail,18304,5399
2024-03-20,Tecnologia,Norte,Empresa,151910,35712
2024-01-15,Hogar,Norte,Empresa,187601,60532
2023-06-24,Tecnologia,Sur,Empresa,261284,48984
2023-03-25,Vestuario,Sur,Empresa,48374,16523
2023-06-05,Vestuario,Norte,Retail,22620,8171
2023-09-04,Tecnologia,Sur,Retail,243461,55327
2023-10-22,Electrodomesticos,Centro,Retail,211549,43216
2024-04-16,Vestuario,Norte,Empresa,39048,16339
2024-01-27,Deportes,Sur,Empresa,45473,13338
2024-03-01,Tecnologia,Sur,Retail,176774,37182
2023-09-23,Vestuario,Sur,Empresa,21358,8266
2023-03-17,Deportes,Norte,Retail,107200,33775
2023-01-21,Hogar,Centro,Retail,98809,26647
2023-04-23,Tecnologia,Sur,Retail,208938,48657
2024-06-22,Electrodomesticos,Centro,Retail,149813,25339
2024-01-25,Deportes,Norte,Retail,10000,2990
2023-10-18,Vestuario,Sur,Retail,67163,23650
2023-03-30,Hogar,Sur,Empresa,43715,11235
2023-02-11,Hogar,Centro,Retail,41827,9288
2024-02-20,Tecnologia,Sur,Retail,275114,61582
2024-03-07,Electrodomesticos,Sur,Retail,185951,26085
2024-07-13,Hogar,Norte,Retail,113093,33877
2024-05-10,Tecnologia,Sur,Empresa,258935,50993
2023-06-04,Deportes,Norte,Empresa,35849,12127
2024-06-22,Electrodomesticos,Centro,Retail,196127,34252
2023-04-11,Electrodomesticos,Norte,Empresa,202321,42820
2023-06-02,Electrodomesticos,Sur,Empresa,177194,33585
2024-11-11,Hogar,Sur,Empresa,126258,37990
2024-06-22,Electrodomesticos,Sur,Empresa,152089,27610
2024-12-26,Tecnologia,Norte,Retail,61320,11717
2024-11-16,Deportes,Norte,Retail,124178,34971
2024-12-20,Hogar,Norte,Retail,37977,12069
2023-05-13,Vestuario,Norte,Empresa,73334,22297
2023-09-01,Deportes,Norte,Retail,65764,19294
2023-02-19,Hogar,Sur,Retail,84743,21729
2024-05-21,Electrodomesticos,Centro,Retail,113454,19413
2024-12-16,Vestuario,Norte,Retail,53706,18438
2023-11-22,Vestuario,Norte,Retail,48647,17291
2024-09-12,Deportes,Norte,Empresa,60547,16979
2024-09-06,Tecnologia,Norte,Retail,125965,26677
2023-05-04,Tecnologia,Norte,Retail,178993,33735
2024-10-04,Electrodomesticos,Centro,Empresa,115984,22925
2024-10-11,Tecnologia,Sur,Retail,128534,28623
2023-05-12,Electrodomesticos,Norte,Empresa,80101,16235
2024-03-23,Vestuario,Norte,Empresa,66290,23798
2023-12-04,Hogar,Sur,Empresa,99192,29068
2024-03-26,Electrodomesticos,Sur,Retail,152394,25481
2023-11-25,Electrodomesticos,Norte,Retail,208364,34779
2024-10-03,Deportes,Centro,Empresa,74496,25194
2024-11-09,Tecnologia,Sur,Retail,104733,22706
2023-07-20,Tecnologia,Norte,Empresa,180851,31207
2024-05-06,Vestuario,Sur,Empresa,37205,13115
2023-04-25,Deportes,Centro,Empresa,35617,11754
2023-10-11,Vestuario,Centro,Retail,71286,28643
2024-02-28,Vestuario,Norte,Empresa,77840,26448
2023-01-19,Electrodomesticos,Norte,Empresa,226713,42198
2023-08-26,Tecnologia,Centro,Empresa,102254,20368
2023-07-02,Vestuario,Centro,Retail,38683,11129
2024-06-21,Tecnologia,Norte,Empresa,178570,39409
2023-08-12,Deportes,Sur,Retail,130707,40407
2023-09-14,Hogar,Centro,Retail,141104,41717
2023-10-14,Hogar,Sur,Empresa,72174,18249
2024-07-31,Vestuario,Sur,Retail,35973,12168
2024-07-16,Tecnologia,Centro,Retail,253477,62740
2024-08-09,Electrodomesticos,Sur,Retail,138041,24232
2023-07-05,Deportes,Norte,Retail,46830,13783
2023-01-18,Vestuario,Centro,Empresa,49360,16319
2024-12-05,Deportes,Norte,Retail,68231,19161
2024-05-17,Deportes,Sur,Empresa,95743,29382
2023-06-02,Hogar,Centro,Empresa,75990,24305
2024-10-16,Electrodomesticos,Sur,Empresa,61841,10985
2024-12-05,Hogar,Centro,Empresa,146574,46140
2024-11-20,Tecnologia,Norte,Empresa,230767,50582
2024-01-22,Electrodomesticos,Centro,Retail,218083,42167
2023-01-27,Vestuario,Centro,Empresa,62317,19574
2023-11-22,Vestuario,Sur,Empresa,62831,19971
2023-07-03,Vestuario,Norte,Retail,24666,8625
2023-11-11,Hogar,Sur,Empresa,92602,29279
2024-05-01,Vestuario,Centro,Retail,41625,15042
2024-07-10,Tecnologia,Centro,Retail,115779,22304
2023-08-27,Vestuario,Centro,Retail,39224,14537
2024-04-11,Vestuario,Centro,Empresa,86259,26976
2024-04-08,Vestuario,Sur,Empresa,73766,25076
2023-03-01,Electrodomesticos,Centro,Empresa,240151,36799
2024-11-30,Hogar,Centro,Empresa,103799,29530
2024-01-11,Hogar,Sur,Empresa,79954,21768
2024-05-22,Vestuario,Centro,Empresa,44984,15949
2023-03-22,Tecnologia,Norte,Retail,59748,11479
2023-04-09,Hogar,Centro,Retail,65384,13210
2023-11-29,Hogar,Norte,Retail,48916,14718
2023-08-16,Tecnologia,Norte,Empresa,199445,39772
2024-05-22,Vestuario,Sur,Empresa,59824,20920
2024-03-24,Tecnologia,Centro,Retail,120450,28158
2023-05-20,Electrodomesticos,Sur,Retail,235006,40791
2024-05-20,Hogar,Sur,Retail,119554,34455
2024-02-28,Deportes,Centro,Retail,72411,18984
2024-09-30,Electrodomesticos,Norte,Retail,83002,13261
2024-09-17,Hogar,Norte,Retail,105416,29314
2024-07-06,Vestuario,Sur,Retail,42028,16614
2023-10-31,Deportes,Sur,Retail,99959,24306
2023-06-29,Tecnologia,Centro,Retail,44555,9344
2024-09-20,Deportes,Sur,Retail,75016,23812
2024-05-05,Deportes,Centro,Empresa,58841,13881
2023-11-02,Electrodomesticos,Norte,Empresa,265959,44531
2023-12-20,Vestuario,Sur,Empresa,50640,17761
2024-06-12,Vestuario,Sur,Retail,39768,15477
2024-06-28,Deportes,Norte,Empresa,93893,24298
2023-02-24,Deportes,Sur,Retail,10000,2801
2024-04-02,Tecnologia,Norte,Empresa,201678,45605
2024-10-03,Deportes,Centro,Empresa,73162,24438
2023-08-17,Vestuario,Norte,Empresa,61153,20456
2023-08-21,Tecnologia,Sur,Empresa,92230,18732
2023-07-26,Hogar,Centro,Retail,134734,35028
2024-06-11,Electrodomesticos,Norte,Empresa,223995,43056
2024-05-28,Vestuario,Centro,Retail,79274,27715
2024-11-04,Electrodomesticos,Norte,Retail,29115,6299
2023-05-13,Tecnologia,Centro,Retail,182121,39566
2024-05-28,Vestuario,Centro,Empresa,67667,22856
2023-05-08,Tecnologia,Norte,Empresa,112404,23855
2024-10-15,Electrodomesticos,Norte,Retail,192539,33294
2024-06-08,Hogar,Centro,Empresa,155722,39355
2023-01-11,Tecnologia,Centro,Retail,130633,24765
2023-10-18,Vestuario,Sur,Empresa,75243,30909
2024-06-17,Electrodomesticos,Sur,Empresa,143029,23451
2024-04-06,Hogar,Centro,Empresa,35391,11350
2023-04-11,Tecnologia,Sur,Retail,219565,51426
2024-04-02,Vestuario,Norte,Retail,39021,15316
2024-09-19,Vestuario,Norte,Empresa,45387,13974
2024-02-01,Vestuario,Sur,Retail,30547,10973
2024-12-09,Tecnologia,Norte,Retail,92943,21528
2023-05-19,Deportes,Sur,Empresa,43189,12329
2023-03-08,Hogar,Norte,Retail,76909,20812
2023-12-24,Hogar,Centro,Retail,112344,27234
2023-04-19,Vestuario,Sur,Empresa,34259,10306
2024-03-01,Hogar,Norte,Retail,77384,19447
2023-02-07,Electrodomesticos,Sur,Retail,167278,31444
2024-06-08,Hogar,Centro,Retail,159366,42425
2024-07-07,Hogar,Centro,Empresa,139489,36865
2023-12-29,Tecnologia,Sur,Retail,136403,31879
2024-12-03,Tecnologia,Sur,Empresa,243954,59529
2024-02-02,Tecnologia,Centro,Empresa,212214,47362
2023-09-10,Hogar,Norte,Retail,153856,40955
2024-07-14,Deportes,Norte,Empresa,45281,12703
2024-11-06,Electrodomesticos,Norte,Empresa,86734,14536
2023-08-18,Deportes,Sur,Retail,101204,25388
2024-04-27,Vestuario,Centro,Empresa,72621,21436
2023-09-29,Electrodomesticos,Centro,Empresa,219837,28660
2023-12-19,Electrodomesticos,Centro,Retail,257917,43165
2024-03-24,Tecnologia,Centro,Retail,192028,41879
2023-09-03,Tecnologia,Centro,Empresa,157908,40116
2023-09-27,Electrodomesticos,Sur,Retail,219971,39353
2023-12-24,Hogar,Centro,Retail,110679,33935
2023-11-20,Vestuario,Sur,Retail,40173,15272
2023-12-26,Electrodomesticos,Centro,Retail,219551,37147
2023-12-02,Vestuario,Norte,Empresa,26713,9666
2024-12-10,Vestuario,Centro,Retail,30871,11272
2023-05-04,Vestuario,Centro,Empresa,40583,15645
2023-10-30,Electrodomesticos,Sur,Empresa,211347,46102
2023-06-02,Deportes,Norte,Empresa,93739,29631
2023-04-24,Tecnologia,Sur,Retail,141410,27937
2023-01-17,Tecnologia,Centro,Empresa,213664,53254
2023-09-12,Vestuario,Norte,Retail,59113,20420
2023-06-08,Electrodomesticos,Sur,Retail,128766,25883
2024-11-22,Deportes,Sur,Retail,70931,17473
2024-03-29,Hogar,Norte,Retail,146619,31913
2023-09-20,Vestuario,Norte,Retail,32718,10985
2023-09-02,Hogar,Sur,Empresa,115275,30530
2024-09-25,Vestuario,Centro,Retail,34087,11893
2023-02-24,Hogar,Centro,Empresa,133280,36073
2024-02-20,Tecnologia,Centro,Retail,313646,70881
2024-02-27,Vestuario,Sur,Empresa,37156,12448
2024-06-08,Electrodomesticos,Sur,Empresa,122651,23552
2024-06-07,Electrodomesticos,Norte,Empresa,143798,25462
2023-05-29,Tecnologia,Norte,Retail,140026,36423
2024-03-26,Vestuario,Centro,Empresa,14893,5036
2024-06-15,Vestuario,Sur,Empresa,51138,18474
2023-10-03,Deportes,Sur,Retail,65942,21282
2024-08-11,Vestuario,Sur,Retail,48999,16806
2024-12-09,Deportes,Centro,Retail,41344,12823
2024-05-18,Hogar,Norte,Empresa,58591,13077
2024-06-26,Deportes,Norte,Empresa,87012,25410
2023-03-16,Tecnologia,Centro,Retail,149158,32168
2023-01-27,Electrodomesticos,Centro,Empresa,152235,26521
2024-12-04,Tecnologia,Norte,Empresa,168325,37931
2023-06-06,Tecnologia,Norte,Empresa,171720,39795
2023-08-30,Tecnologia,Norte,Empresa,337713,81719
2024-07-24,Tecnologia,Centro,Retail,210516,46829
2024-01-05,Deportes,Sur,Empresa,73797,23931
2024-12-29,Vestuario,Norte,Empresa,52268,20479
2024-06-30,Tecnologia,Centro,Empresa,249164,53779
2024-11-24,Vestuario,Sur,Retail,37680,13852
2023-07-07,Tecnologia,Centro,Retail,286379,56224
2023-02-21,Electrodomesticos,Centro,Retail,185694,33262
2023-07-19,Electrodomesticos,Sur,Retail,151869,26740
2023-08-02,Deportes,Sur,Empresa,100770,33508
2023-10-11,Tecnologia,Norte,Empresa,190211,39728
2023-12-15,Tecnologia,Centro,Retail,238793,54452
2023-12-29,Tecnologia,Centro,Empresa,153225,32340
2023-11-26,Electrodomesticos,Norte,Retail,175113,26302
2024-06-11,Electrodomesticos,Sur,Empresa,151872,26580
2024-07-16,Electrodomesticos,Centro,Empresa,128501,24757
2024-05-02,Vestuario,Sur,Retail,33066,11850
2023-05-01,Vestuario,Norte,Empresa,38911,13086
2024-09-25,Vestuario,Norte,Retail,37296,16792
2023-09-26,Deportes,Sur,Retail,67340,18523
2023-12-06,Tecnologia,Sur,Empresa,78747,14761
2024-01-20,Deportes,Norte,Empresa,42525,12141
2023-04-28,Tecnologia,Centro,Retail,167377,40699
2024-01-15,Tecnologia,Norte,Retail,149691,34172
2024-10-15,Electrodomesticos,Sur,Empresa,158292,30222
2023-04-21,Deportes,Norte,Empresa,76523,23028
2024-04-26,Hogar,Norte,Empresa,91612,30699
2024-05-10,Hogar,Centro,Empresa,98598,24449
2024-08-18,Tecnologia,Sur,Empresa,143273,26241
2023-07-14,Hogar,Sur,Empresa,73423,17536
2023-04-06,Electrodomesticos,Sur,Retail,217480,47926
2024-06-14,Vestuario,Norte,Empresa,49361,15954
2023-04-07,Electrodomesticos,Norte,Empresa,118187,18548
2023-10-24,Electrodomesticos,Sur,Retail,81863,14362
2023-06-27,Tecnologia,Centro,Empresa,244169,51566
2024-12-15,Deportes,Centro,Retail,24579,8934
2024-01-21,Hogar,Norte,Retail,31798,9446
2023-11-08,Deportes,Centro,Retail,108602,36496
2023-10-16,Hogar,Centro,Empresa,121324,27252
2024-03-16,Deportes,Centro,Empresa,83628,23295
2023-02-14,Deportes,Sur,Retail,64545,16560
2024-02-20,Tecnologia,Centro,Empresa,101188,19996
2023-04-08,Deportes,Sur,Empresa,108640,29639
2023-08-28,Vestuario,Centro,Empresa,23207,6163
2023-07-30,Hogar,Norte,Retail,155564,46508
2024-01-26,Vestuario,Centro,Retail,36465,9635
2024-02-11,Vestuario,Centro,Retail,27990,9018
2024-12-01,Tecnologia,Norte,Empresa,308903,61914
2024-12-06,Hogar,Sur,Retail,116928,27092
2024-12-12,Deportes,Centro,Empresa,56927,18826
2023-06-30,Deportes,Sur,Empresa,50804,13067
2023-10-29,Hogar,Centro,Retail,120208,35648
2023-11-06,Hogar,Sur,Empresa,104955,32701
2023-04-16,Electrodomesticos,Norte,Empresa,133560,24950
2024-08-13,Vestuario,Centro,Empresa,27276,9294
2024-11-10,Tecnologia,Centro,Retail,184283,31722
2023-03-17,Hogar,Sur,Retail,74955,22470
2024-10-01,Tecnologia,Centro,Empresa,79365,16213
2023-09-01,Tecnologia,Norte,Empresa,186868,53598
2023-07-05,Deportes,Sur,Retail,87323,24765
2023-09-01,Electrodomesticos,Centro,Retail,71965,12486
2023-01-13,Vestuario,Centro,Retail,45508,17676
2024-06-01,Electrodomesticos,Sur,Empresa,130217,25412
2023-02-18,Vestuario,Sur,Empresa,62465,21340
2023-02-28,Deportes,Norte,Empresa,82807,23929
2024-04-26,Hogar,Sur,Empresa,95920,22774
2024-03-21,Vestuario,Centro,Retail,45727,17381
2024-01-23,Vestuario,Norte,Empresa,54173,18502
2024-05-14,Hogar,Sur,Retail,128611,33883
2024-04-03,Hogar,Centro,Empresa,87326,21112
2024-08-26,Tecnologia,Centro,Retail,222950,46932
2024-02-06,Electrodomesticos,Sur,Retail,173141,31768
2023-04-11,Hogar,Sur,Retail,94844,27376
2023-11-09,Deportes,Sur,Retail,82065,24405
2023-06-05,Deportes,Norte,Empresa,77627,23694
2024-05-17,Hogar,Centro,Retail,114409,31251
2023-10-05,Deportes,Centro,Empresa,88684,28279
2023-04-15,Deportes,Sur,Empresa,45809,13519
2024-08-25,Electrodomesticos,Centro,Empresa,118112,17452
2023-01-24,Vestuario,Sur,Empresa,41657,16519
2024-04-03,Electrodomesticos,Norte,Retail,198259,35654
2023-07-01,Electrodomesticos,Norte,Retail,184062,35325
2023-03-09,Electrodomesticos,Sur,Retail,228513,44596
2023-04-25,Vestuario,Centro,Empresa,78596,30697
2023-05-18,Electrodomesticos,Sur,Retail,62621,11422
2023-09-27,Hogar,Centro,Empresa,129581,35555
2024-08-28,Hogar,Centro,Retail,43122,12134
2024-02-19,Vestuario,Norte,Empresa,35372,9618
2023-10-31,Hogar,Centro,Retail,90828,28186
2024-03-11,Deportes,Centro,Retail,81276,26107
2023-02-25,Hogar,Sur,Empresa,100734,25209
2024-10-21,Electrodomesticos,Norte,Empresa,229222,40337
2024-07-07,Tecnologia,Sur,Empresa,141885,31796
2024-10-21,Hogar,Sur,Empresa,152790,44976
2023-10-18,Tecnologia,Norte,Empresa,202493,40511
2023-03-24,Deportes,Norte,Retail,109597,35865
2024-10-02,Tecnologia,Sur,Empresa,283661,73961
2023-12-31,Deportes,Norte,Empresa,38044,12438
2024-03-18,Vestuario,Sur,Retail,57599,16513
2023-08-25,Deportes,Norte,Empresa,73299,20993
2023-01-17,Hogar,Sur,Empresa,28825,8716
2023-04-15,Vestuario,Centro,Retail,41902,14581
2024-02-07,Deportes,Norte,Retail,82290,24890
2024-01-23,Tecnologia,Centro,Empresa,208457,40131
2023-08-18,Hogar,Centro,Retail,121367,32757
2023-02-04,Hogar,Norte,Empresa,60929,16442
2023-05-15,Hogar,Centro,Empresa,120095,28711
2023-10-14,Tecnologia,Centro,Retail,223138,47221
2024-02-15,Vestuario,Norte,Empresa,74528,27986
2024-05-09,Vestuario,Centro,Retail,50181,19003
2024-03-16,Electrodomesticos,Sur,Retail,130807,24671
2023-03-13,Hogar,Norte,Retail,88562,23421
2023-06-11,Electrodomesticos,Norte,Empresa,174469,31014
2024-03-27,Tecnologia,Norte,Empresa,265273,60192
2024-04-17,Hogar,Norte,Retail,106478,29310
2024-11-02,Hogar,Centro,Empresa,137989,31422
2024-03-26,Vestuario,Norte,Empresa,15740,4856
2023-11-28,Electrodomesticos,Norte,Empresa,161075,23238
2024-07-12,Deportes,Centro,Empresa,40808,13081
2024-12-25,Deportes,Sur,Retail,77215,19759
2023-01-12,Hogar,Norte,Retail,118338,38271
2024-05-31,Deportes,Norte,Empresa,114047,34821
2024-01-01,Tecnologia,Norte,Retail,198685,43272
2023-03-05,Deportes,Sur,Empresa,103752,32775
2023-12-29,Electrodomesticos,Norte,Retail,107340,20957
2023-05-17,Tecnologia,Centro,Empresa,141339,32952
2024-10-13,Deportes,Sur,Retail,35958,10664
2024-07-11,Deportes,Centro,Retail,120653,31863
2023-05-17,Hogar,Centro,Empresa,102916,32188
2024-08-11,Deportes,Sur,Empresa,59697,19848
2023-11-02,Deportes,Norte,Retail,75803,21347
2024-03-24,Deportes,Centro,Empresa,47031,14397
2024-10-10,Electrodomesticos,Sur,Empresa,59612,9354
2024-03-12,Deportes,Sur,Retail,69502,18304
2024-01-06,Electrodomesticos,Norte,Retail,145924,23067
2023-10-05,Electrodomesticos,Norte,Empresa,230163,45168
2024-08-10,Hogar,Norte,Retail,110031,31396
2023-12-21,Vestuario,Centro,Retail,36573,11314
2024-12-27,Vestuario,Norte,Retail,78532,29187
2024-11-13,Electrodomesticos,Centro,Retail,150908,28377
2024-01-27,Electrodomesticos,Centro,Retail,213834,43548
2023-04-03,Vestuario,Norte,Retail,71627,26934
2024-12-11,Vestuario,Norte,Retail,32025,11300
2024-07-07,Electrodomesticos,Sur,Retail,188544,33663
2023-08-21,Vestuario,Sur,Retail,46348,11197
2023-01-26,Hogar,Norte,Retail,151001,41604
2024-11-13,Tecnologia,Sur,Empresa,288855,69588
2023-05-04,Hogar,Norte,Empresa,108756,36688
2024-03-14,Electrodomesticos,Norte,Empresa,121136,27861
2023-08-03,Tecnologia,Centro,Empresa,186092,33312
2023-05-13,Tecnologia,Sur,Empresa,135264,30122
2023-02-03,Deportes,Norte,Empresa,23328,6900
2024-01-08,Electrodomesticos,Sur,Retail,133992,22384
2023-05-08,Tecnologia,Centro,Empresa,144677,29294
2023-06-06,Vestuario,Norte,Empresa,48185,17342
2023-10-25,Tecnologia,Norte,Retail,171373,37946
2024-07-07,Hogar,Norte,Retail,105275,31156
2024-05-22,Tecnologia,Sur,Empresa,194359,50778
2024-01-31,Electrodomesticos,Sur,Retail,256354,41301
2023-05-15,Hogar,Norte,Empresa,59579,14955
2023-03-15,Hogar,Sur,Retail,120826,31799
2024-10-27,Vestuario,Sur,Empresa,63746,20240
2024-06-24,Vestuario,Centro,Retail,22311,6453
2024-01-06,Tecnologia,Centro,Empresa,74825,15773
2024-03-10,Hogar,Centro,Retail,163395,49056
2024-08-30,Tecnologia,Centro,Empresa,188048,38408
2023-12-06,Vestuario,Centro,Empresa,39682,12795
2023-02-23,Tecnologia,Centro,Empresa,154548,34675
2023-12-05,Tecnologia,Norte,Empresa,220700,46800
2023-05-28,Hogar,Centro,Retail,116666,32422
2023-05-25,Deportes,Norte,Empresa,56251,17613
2023-02-24,Vestuario,Centro,Retail,36982,13051
2024-11-13,Hogar,Centro,Empresa,94329,29183
2023-11-16,Vestuario,Centro,Empresa,43745,15855
2023-01-22,Hogar,Sur,Retail,60919,16670
2023-07-06,Deportes,Sur,Empresa,94681,32264
2023-12-13,Vestuario,Sur,Retail,55768,18466
2023-10-19,Hogar,Centro,Empresa,68245,17533
2024-02-04,Deportes,Sur,Retail,52408,16302
2023-06-05,Electrodomesticos,Norte,Empresa,119791,19345
2023-01-21,Vestuario,Sur,Empresa,26336,8546
2023-10-02,Hogar,Centro,Retail,25905,6157
2023-10-09,Vestuario,Centro,Empresa,29559,9990
2024-02-13,Vestuario,Norte,Empresa,70595,26640
2024-03-24,Vestuario,Sur,Retail,48388,14231
2024-05-18,Deportes,Sur,Retail,53213,16982
2023-07-15,Hogar,Centro,Empresa,137493,29516
2023-01-23,Hogar,Centro,Retail,140422,38626
2023-03-19,Electrodomesticos,Norte,Retail,211318,35856
2023-08-31,Hogar,Sur,Empresa,93038,22901
2024-02-14,Vestuario,Sur,Empresa,46407,18757
2024-07-17,Vestuario,Centro,Empresa,65706,24906
2023-03-08,Deportes,Norte,Retail,46623,13646
2024-12-23,Deportes,Norte,Empresa,51603,16015
2023-10-06,Tecnologia,Sur,Retail,242028,46942
2023-02-28,Hogar,Norte,Empresa,77142,23610
2024-02-22,Deportes,Centro,Empresa,90136,23761
2024-08-09,Hogar,Sur,Retail,92370,29070
2023-08-22,Vestuario,Norte,Empresa,64418,21717
2023-12-09,Electrodomesticos,Centro,Retail,220524,41164
2024-07-09,Deportes,Centro,Retail,43159,15137
2024-05-15,Electrodomesticos,Centro,Empresa,136982,24363
2024-03-16,Electrodomesticos,Centro,Retail,71349,12203
2023-02-20,Tecnologia,Norte,Retail,134895,24392
2024-05-02,Tecnologia,Sur,Empresa,207406,42362
2024-08-03,Deportes,Sur,Retail,86078,25049
2023-12-04,Deportes,Centro,Retail,90716,27363
2023-08-20,Vestuario,Norte,Retail,42023,14413
2023-03-02,Tecnologia,Sur,Empresa,126582,26461
2024-05-29,Deportes,Sur,Empresa,83740,27167
2023-02-21,Vestuario,Norte,Retail,42921,14888
2023-08-17,Deportes,Sur,Empresa,33850,9650
2023-02-04,Deportes,Centro,Empresa,52867,13755
2024-10-14,Vestuario,Sur,Empresa,63804,21877
2024-12-14,Deportes,Norte,Empresa,62174,20101
2023-04-27,Deportes,Sur,Empresa,44044,14114
2024-05-23,Deportes,Norte,Empresa,13466,3806
2023-06-17,Electrodomesticos,Centro,Empresa,47344,9573
2024-06-26,Hogar,Norte,Retail,119624,31345
2023-02-13,Tecnologia,Sur,Empresa,180339,36292
2023-09-10,Hogar,Sur,Empresa,108709,32792
2023-03-05,Hogar,Centro,Empresa,74685,21718
2023-02-05,Electrodomesticos,Norte,Retail,112100,19515
2023-09-22,Hogar,Sur,Retail,102297,30834
2023-07-21,Hogar,Centro,Retail,73080,20241
2024-03-22,Tecnologia,Norte,Empresa,208478,49402
2024-01-23,Tecnologia,Centro,Retail,268424,58087
2024-07-06,Electrodomesticos,Centro,Empresa,268177,44440
2024-11-05,Vestuario,Sur,Empresa,58420,23737
2023-12-12,Electrodomesticos,Centro,Empresa,264485,47120
2023-07-13,Electrodomesticos,Sur,Retail,101367,15476
2024-08-24,Electrodomesticos,Norte,Retail,136347,20050
2024-08-31,Deportes,Centro,Empresa,47239,11601
2023-11-07,Deportes,Sur,Retail,72757,24265
2023-08-27,Electrodomesticos,Norte,Retail,151427,31249
2023-04-25,Tecnologia,Sur,Retail,158870,37200
2024-08-02,Vestuario,Sur,Retail,30044,10767
2023-03-19,Tecnologia,Sur,Retail,231738,52820
2024-09-09,Deportes,Norte,Retail,89058,27177
2023-12-18,Electrodomesticos,Centro,Retail,165774,30396
2023-12-02,Deportes,Norte,Empresa,92957,29025
2024-09-12,Vestuario,Sur,Retail,52608,18822
2024-06-17,Electrodomesticos,Sur,Empresa,227074,31308
2024-12-21,Deportes,Centro,Retail,50935,15377
2024-05-10,Deportes,Norte,Empresa,68372,17485
2023-03-22,Tecnologia,Centro,Retail,279016,62572
2024-03-19,Electrodomesticos,Sur,Retail,130027,26722
2023-11-11,Deportes,Norte,Empresa,87027,22256
2023-07-04,Electrodomesticos,Sur,Retail,37281,6128
2024-11-29,Hogar,Norte,Empresa,124194,37702
2023-04-28,Deportes,Sur,Retail,73022,23749
2023-05-07,Tecnologia,Centro,Empresa,168184,41489
2023-02-25,Tecnologia,Norte,Retail,234840,46975
2024-12-13,Vestuario,Norte,Retail,44163,15592
2024-06-06,Deportes,Sur,Retail,84730,23015
2023-04-11,Hogar,Sur,Empresa,92835,27511
2023-02-11,Hogar,Norte,Retail,78881,24167
2024-07-16,Tecnologia,Norte,Empresa,229546,47637
2023-10-17,Vestuario,Norte,Empresa,44710,15981
2024-09-29,Vestuario,Norte,Empresa,44697,13968
2023-12-16,Vestuario,Centro,Empresa,32899,13567
2023-02-03,Vestuario,Norte,Empresa,38247,14115
2024-03-21,Hogar,Sur,Empresa,78082,17584
2024-06-13,Hogar,Centro,Empresa,163946,42043
2023-07-22,Hogar,Centro,Retail,98027,25068
2023-02-25,Hogar,Sur,Retail,80812,22381
2023-06-30,Deportes,Sur,Retail,54219,17018
2023-03-30,Vestuario,Sur,Retail,71929,24296
2024-04-02,Vestuario,Norte,Retail,64468,21112
2023-04-19,Electrodomesticos,Norte,Retail,183113,30985
2024-09-09,Vestuario,Norte,Retail,44324,15418
2024-10-03,Electrodomesticos,Norte,Empresa,232308,44709
2023-12-01,Electrodomesticos,Norte,Retail,187034,32691
2023-09-22,Hogar,Centro,Empresa,124553,38056
2023-04-15,Vestuario,Norte,Empresa,48117,15920
2024-06-24,Deportes,Centro,Empresa,70829,18293
2023-10-21,Tecnologia,Sur,Empresa,247532,43785
2023-07-04,Electrodomesticos,Centro,Retail,226881,37172
2023-08-09,Deportes,Sur,Empresa,50204,14389
2023-09-15,Hogar,Norte,Retail,117958,31373
2023-09-29,Deportes,Norte,Empresa,85208,28402
2023-06-17,Electrodomesticos,Norte,Empresa,215157,34921
2024-12-06,Deportes,Norte,Retail,94706,26814
2023-08-27,Deportes,Sur,Empresa,114186,32797
2024-09-14,Hogar,Norte,Empresa,20740,6411
2023-04-13,Vestuario,Norte,Retail,41492,12926
2023-02-18,Vestuario,Sur,Empresa,28943,11836
2023-08-21,Deportes,Norte,Empresa,60693,17544
2024-01-16,Electrodomesticos,Norte,Empresa,170543,32179
2024-02-28,Vestuario,Sur,Retail,26360,9461
2024-07-18,Hogar,Norte,Empresa,70055,19575
2023-04-08,Deportes,Centro,Retail,67204,26756
2023-02-08,Tecnologia,Centro,Empresa,260301,73926
2023-02-12,Tecnologia,Norte,Empresa,162434,39313
2023-10-03,Electrodomesticos,Norte,Empresa,173957,36135
2024-06-25,Deportes,Sur,Retail,18441,4780
2023-03-30,Tecnologia,Norte,Empresa,71461,17111
2023-12-20,Tecnologia,Sur,Retail,127439,28969
2023-01-29,Electrodomesticos,Sur,Retail,179025,31358
2024-01-12,Vestuario,Centro,Retail,59713,20459
2024-02-21,Electrodomesticos,Norte,Empresa,217066,36524
2023-11-30,Hogar,Centro,Empresa,110883,33106
2024-05-19,Deportes,Centro,Retail,29444,8967
2023-08-29,Tecnologia,Centro,Retail,159675,32386
2024-11-10,Electrodomesticos,Sur,Retail,298494,58534
2024-01-27,Electrodomesticos,Sur,Empresa,223027,47642
2024-04-13,Electrodomesticos,Centro,Empresa,199552,33945
2023-07-27,Tecnologia,Sur,Retail,272784,54170
2024-12-14,Tecnologia,Centro,Retail,103473,23583
2023-10-09,Electrodomesticos,Norte,Empresa,199027,33347
2024-07-19,Deportes,Centro,Retail,55143,15341
2024-07-01,Tecnologia,Centro,Empresa,209503,46003
2024-09-14,Electrodomesticos,Norte,Empresa,136392,24323
2024-07-21,Deportes,Norte,Empresa,89340,26550
2023-05-19,Deportes,Sur,Retail,61767,17911
2023-03-05,Vestuario,Centro,Retail,69416,25641
2024-07-30,Hogar,Sur,Retail,135330,39106
2024-08-07,Vestuario,Norte,Empresa,20546,6900
2024-11-05,Deportes,Centro,Retail,68955,23241
2023-10-09,Tecnologia,Norte,Empresa,29596,6957
2023-10-21,Hogar,Norte,Empresa,133430,33575
2024-07-28,Deportes,Centro,Empresa,30982,12208
2024-03-23,Electrodomesticos,Sur,Empresa,158560,26516
2024-12-01,Electrodomesticos,Centro,Retail,167559,33153
2023-09-05,Vestuario,Centro,Empresa,33422,13305
2024-09-17,Hogar,Norte,Retail,39983,11061
2024-09-17,Deportes,Norte,Empresa,65820,22667
2023-10-03,Vestuario,Norte,Retail,42836,14819
2024-11-25,Deportes,Centro,Retail,57588,13082
2024-09-13,Tecnologia,Centro,Empresa,147744,39804
2024-03-18,Vestuario,Norte,Empresa,42522,16024
2024-07-02,Hogar,Centro,Empresa,84312,24188
2024-02-16,Deportes,Norte,Retail,58802,16192
2024-09-11,Electrodomesticos,Centro,Empresa,184068,30570
2023-04-27,Electrodomesticos,Sur,Retail,215542,41444
2023-09-05,Vestuario,Sur,Retail,32595,10548
2024-05-20,Electrodomesticos,Norte,Retail,228960,45668
2023-12-14,Electrodomesticos,Centro,Empresa,139080,24592
2023-09-25,Deportes,Norte,Retail,58045,19816
2024-08-19,Hogar,Sur,Empresa,122095,35849
2023-12-08,Deportes,Sur,Empresa,44319,11893
2023-06-23,Tecnologia,Sur,Retail,239176,61403
2024-12-26,Vestuario,Centro,Empresa,10000,2939
2023-09-15,Hogar,Norte,Retail,116170,31736
2023-11-10,Deportes,Centro,Empresa,43487,13931
2023-12-21,Hogar,Centro,Empresa,50797,15508
2024-06-20,Hogar,Norte,Empresa,80438,26252
2024-03-30,Hogar,Sur,Retail,88192,27097
2024-07-18,Deportes,Norte,Retail,54645,14787
2023-04-20,Vestuario,Norte,Empresa,35570,12525
2024-11-27,Vestuario,Norte,Retail,20815,8091
2023-05-22,Hogar,Norte,Empresa,94032,20180
2023-09-03,Vestuario,Sur,Retail,21587,6692
2023-06-09,Electrodomesticos,Norte,Empresa,97474,17876
2023-04-11,Hogar,Norte,Empresa,88424,25733
2023-11-15,Deportes,Centro,Retail,48614,15989
2024-06-01,Deportes,Norte,Empresa,49047,13510
2023-07-10,Electrodomesticos,Norte,Empresa,185927,30067
2024-01-30,Tecnologia,Norte,Empresa,237821,60242
2023-10-17,Deportes,Norte,Empresa,86829,23831
2023-11-25,Tecnologia,Sur,Empresa,147491,34337
2024-01-22,Electrodomesticos,Sur,Retail,148592,30433
2023-06-09,Deportes,Sur,Empresa,96809,32330
2024-06-19,Vestuario,Norte,Retail,70433,22600
2023-12-30,Hogar,Norte,Empresa,74388,22037
2023-08-14,Deportes,Norte,Retail,106085,28947
2023-08-30,Electrodomesticos,Sur,Empresa,147442,27863
2023-03-15,Tecnologia,Sur,Empresa,173835,29861
2024-05-28,Vestuario,Centro,Empresa,36261,12114
2023-11-16,Electrodomesticos,Norte,Empresa,139145,22528
2024-06-16,Vestuario,Centro,Retail,41078,11297
2023-07-31,Deportes,Centro,Empresa,44092,12492
2024-07-06,Hogar,Sur,Empresa,92955,28018
2024-08-26,Deportes,Sur,Retail,51216,16143
2024-08-10,Vestuario,Centro,Empresa,40076,12118
2024-04-27,Vestuario,Norte,Retail,47318,17271
2023-07-01,Tecnologia,Sur,Empresa,270780,59126
2024-12-10,Deportes,Centro,Empresa,72098,24078
2023-04-22,Deportes,Sur,Empresa,69085,17478
2023-06-10,Deportes,Centro,Empresa,50064,16107
2024-05-04,Hogar,Centro,Empresa,92174,27048
2024-10-05,Deportes,Centro,Retail,90685,27929
2023-07-12,Vestuario,Sur,Empresa,47720,16504
2024-01-26,Electrodomesticos,Sur,Empresa,175684,31291
2024-11-30,Tecnologia,Centro,Retail,214610,46252
2023-10-26,Vestuario,Sur,Empresa,45711,12762
2023-04-12,Electrodomesticos,Centro,Retail,154246,25403
2023-06-11,Vestuario,Norte,Empresa,34885,11911
2024-07-22,Deportes,Norte,Retail,59093,19424
2023-06-10,Electrodomesticos,Centro,Retail,181863,32215
2023-03-28,Electrodomesticos,Sur,Retail,107909,15304
2023-09-17,Electrodomesticos,Norte,Retail,161453,34490
2024-02-07,Hogar,Centro,Retail,53653,16610
2023-09-08,Deportes,Centro,Retail,54614,15194
2024-11-24,Electrodomesticos,Norte,Retail,244394,47263
2024-12-09,Deportes,Centro,Retail,51649,16149
2023-12-15,Electrodomesticos,Sur,Empresa,109834,21809
2024-07-21,Vestuario,Norte,Empresa,69692,22511
2024-09-26,Electrodomesticos,Norte,Empresa,241539,42279
2023-08-06,Tecnologia,Sur,Empresa,194262,46829
2024-07-01,Tecnologia,Centro,Retail,205769,39100
2023-05-22,Electrodomesticos,Sur,Empresa,143787,24809
2024-04-05,Deportes,Centro,Empresa,71831,23084
2023-02-22,Hogar,Centro,Empresa,158584,49969
2024-08-09,Tecnologia,Norte,Retail,160412,35505
2024-08-28,Deportes,Norte,Retail,92100,27093
2023-03-09,Vestuario,Sur,Retail,13266,4443
2023-06-05,Electrodomesticos,Centro,Empresa,131588,24033
2024-01-24,Hogar,Centro,Retail,70250,17806
2023-09-11,Hogar,Centro,Retail,77970,19346
2023-08-24,Hogar,Sur,Empresa,145746,43678
2024-03-03,Tecnologia,Norte,Empresa,67229,14583
2024-11-13,Electrodomesticos,Centro,Empresa,224398,43073
2023-05-07,Electrodomesticos,Norte,Empresa,172351,30939
2024-01-12,Electrodomesticos,Norte,Retail,119765,18882
2024-06-10,Deportes,Sur,Empresa,66924,20632
2024-07-20,Hogar,Centro,Empresa,116352,35199
2024-07-19,Vestuario,Norte,Retail,55380,16194
2023-09-04,Hogar,Centro,Retail,47907,14685
2024-09-05,Hogar,Sur,Empresa,125610,32248
2024-02-13,Hogar,Norte,Empresa,67357,19069
2023-09-22,Vestuario,Centro,Empresa,21861,7102
2024-03-18,Electrodomesticos,Sur,Retail,188089,32733
2023-04-13,Vestuario,Sur,Empresa,53866,16424
2023-11-08,Deportes,Norte,Empresa,84036,30261
2024-08-22,Vestuario,Norte,Retail,33883,12688
2024-04-15,Vestuario,Norte,Empresa,25746,8171
2023-06-05,Vestuario,Norte,Empresa,56161,19570
2023-10-13,Hogar,Norte,Empresa,74723,21226
2024-06-14,Tecnologia,Centro,Empresa,94636,20716
2024-02-14,Deportes,Norte,Retail,95452,30840
2023-09-12,Electrodomesticos,Norte,Retail,206463,38322
2023-12-10,Deportes,Sur,Retail,100720,25549
2024-01-08,Electrodomesticos,Centro,Empresa,105294,20623
2023-01-27,Electrodomesticos,Sur,Retail,263086,50597
2023-08-14,Deportes,Norte,Empresa,49514,14637
2023-12-12,Electrodomesticos,Norte,Empresa,164071,35153
2023-10-27,Electrodomesticos,Sur,Retail,255675,51794
2024-06-03,Vestuario,Centro,Retail,64302,18331
2023-01-20,Vestuario,Centro,Retail,26668,9339
2023-05-27,Deportes,Centro,Empresa,61424,21204
2024-12-29,Deportes,Norte,Retail,86036,26903
2023-05-08,Hogar,Norte,Empresa,113478,31654
2024-05-31,Hogar,Centro,Empresa,92569,24520
2023-08-14,Electrodomesticos,Norte,Retail,166232,26435
2024-09-15,Hogar,Centro,Empresa,131127,35741
2023-10-25,Vestuario,Norte,Empresa,45665,14860
2024-05-12,Electrodomesticos,Centro,Empresa,87031,15353
2023-08-12,Tecnologia,Sur,Retail,174299,37327
2024-05-28,Deportes,Sur,Retail,99976,29469
2023-07-16,Tecnologia,Sur,Empresa,136514,32116
2023-04-10,Deportes,Sur,Empresa,66791,24054
2024-02-21,Electrodomesticos,Norte,Empresa,169659,28710
2024-02-08,Deportes,Norte,Retail,77880,24666
2024-05-08,Tecnologia,Norte,Empresa,10000,2292
2023-05-04,Hogar,Sur,Retail,54694,15561
2024-11-18,Deportes,Centro,Empresa,73013,23239
2024-12-04,Tecnologia,Norte,Empresa,131144,34144
2024-03-28,Vestuario,Norte,Empresa,30372,8278
2023-01-04,Vestuario,Sur,Empresa,53968,17297
2024-01-08,Tecnologia,Centro,Empresa,103451,24496
2024-11-20,Tecnologia,Sur,Retail,121449,27767
2024-11-28,Deportes,Norte,Retail,59933,16188
2024-04-20,Tecnologia,Sur,Retail,79196,13271
2023-08-16,Tecnologia,Sur,Empresa,287857,69997
2023-12-29,Deportes,Sur,Empresa,71967,22297
2023-08-17,Vestuario,Sur,Retail,54208,19500
2023-08-22,Hogar,Sur,Empresa,131743,36575
2023-06-08,Deportes,Sur,Empresa,85658,21612
2024-11-10,Hogar,Norte,Empresa,65285,17903
2024-01-19,Hogar,Centro,Empresa,131660,40395
2024-08-06,Tecnologia,Centro,Retail,128730,27019
2023-03-10,Tecnologia,Norte,Empresa,135134,28732
2023-01-18,Hogar,Sur,Empresa,99142,28447
2023-07-13,Hogar,Norte,Retail,94924,31414
2023-04-16,Hogar,Centro,Empresa,74885,24840
2024-05-31,Deportes,Norte,Empresa,42790,11886
2023-06-23,Deportes,Norte,Retail,69107,26587
2023-10-15,Deportes,Sur,Retail,56902,17340
2023-05-15,Electrodomesticos,Sur,Empresa,10000,1838
2024-08-30,Electrodomesticos,Centro,Empresa,137501,26365
2024-05-13,Electrodomesticos,Norte,Retail,236400,39566
2023-04-17,Tecnologia,Centro,Retail,86183,22547
2024-10-13,Hogar,Centro,Retail,82777,23662
2023-05-12,Deportes,Centro,Empresa,48282,14162
2024-11-15,Tecnologia,Centro,Retail,119310,26840
2023-03-11,Electrodomesticos,Sur,Empresa,151134,30457
2023-03-07,Deportes,Norte,Retail,30147,9492
2024-06-05,Vestuario,Norte,Empresa,33410,11266
2023-08-22,Deportes,Norte,Retail,51769,18655
2024-04-04,Hogar,Sur,Empresa,120597,36132
2024-03-23,Tecnologia,Norte,Empresa,246985,53320
2023-03-26,Deportes,Sur,Empresa,47074,13873
2024-04-06,Vestuario,Sur,Empresa,32995,11230
2023-10-30,Vestuario,Sur,Empresa,54059,22291
2023-07-31,Vestuario,Norte,Empresa,52499,20634
2024-06-06,Hogar,Centro,Retail,132875,40091
2024-09-21,Vestuario,Sur,Retail,55294,15765
2023-03-22,Electrodomesticos,Sur,Empresa,156425,26499
2023-12-04,Electrodomesticos,Centro,Retail,257463,45412
2023-03-16,Vestuario,Sur,Empresa,73345,20703
2023-05-31,Deportes,Sur,Retail,83440,27173
2023-12-13,Electrodomesticos,Sur,Empresa,169610,29817
2023-08-20,Deportes,Norte,Empresa,80653,28288
2024-06-02,Vestuario,Sur,Empresa,39466,13563
2024-02-03,Tecnologia,Norte,Empresa,195818,41268
2024-12-22,Deportes,Centro,Empresa,88173,30204
2023-05-03,Tecnologia,Norte,Empresa,228464,51860
2024-09-12,Vestuario,Centro,Retail,52830,15004
2023-07-23,Electrodomesticos,Sur,Empresa,110839,16613
2024-03-24,Tecnologia,Norte,Retail,251751,48518
2023-04-06,Tecnologia,Sur,Retail,191913,49441
2023-07-15,Vestuario,Sur,Retail,58746,20813
2023-05-15,Tecnologia,Norte,Retail,135151,27833
2024-02-14,Deportes,Norte,Empresa,70590,22039
2023-01-24,Electrodomesticos,Sur,Retail,151120,24422
2023-08-15,Vestuario,Norte,Retail,19202,6482
2023-07-27,Deportes,Norte,Retail,49275,16619
2023-01-19,Tecnologia,Sur,Retail,273204,48110
2023-11-06,Deportes,Sur,Empresa,68592,25881
2023-05-11,Hogar,Centro,Empresa,143059,38478
2024-05-31,Deportes,Centro,Empresa,87889,26829
2024-10-26,Vestuario,Norte,Retail,49049,20232
2024-03-10,Hogar,Norte,Retail,67153,20953
2024-04-14,Electrodomesticos,Sur,Empresa,120591,22835
2024-02-13,Electrodomesticos,Sur,Empresa,154310,27966
2023-04-20,Hogar,Norte,Empresa,179235,46559
2024-10-18,Hogar,Sur,Retail,150373,39006
2023-12-23,Deportes,Norte,Empresa,65662,22206
2024-05-16,Vestuario,Norte,Retail,46123,16604
2023-12-18,Tecnologia,Norte,Retail,176979,38964
2023-05-04,Deportes,Sur,Retail,85456,27492
2023-01-21,Hogar,Centro,Retail,72865,21976
2024-03-01,Electrodomesticos,Centro,Retail,181960,35508
2024-06-29,Vestuario,Norte,Empresa,55392,20609
2023-03-27,Tecnologia,Sur,Retail,148788,30315
2023-02-24,Hogar,Centro,Empresa,119695,34333
2023-09-12,Electrodomesticos,Centro,Retail,229215,45384
2023-03-24,Tecnologia,Sur,Empresa,281582,60317
2023-07-10,Vestuario,Sur,Retail,41250,14587
2023-06-18,Tecnologia,Norte,Retail,129386,30627
2023-02-14,Deportes,Norte,Empresa,115631,37569
2023-10-26,Deportes,Sur,Retail,96149,27270
2023-11-26,Hogar,Centro,Empresa,126473,36647
2023-01-03,Deportes,Centro,Empresa,32004,9507
2024-06-28,Vestuario,Sur,Retail,33765,13637
2023-12-28,Electrodomesticos,Sur,Empresa,32111,5448
2024-12-14,Deportes,Norte,Empresa,69441,18993
2024-11-03,Hogar,Centro,Retail,139744,43753
2024-02-02,Hogar,Centro,Empresa,110912,29587
2023-09-26,Vestuario,Sur,Retail,30186,10975
2024-12-17,Vestuario,Centro,Retail,53410,19379
2024-12-26,Electrodomesticos,Sur,Empresa,154728,29150
2023-06-07,Electrodomesticos,Centro,Empresa,138497,26005
2023-12-06,Tecnologia,Sur,Empresa,203706,44164
2023-12-25,Vestuario,Norte,Empresa,30654,10135
2023-09-14,Electrodomesticos,Norte,Empresa,186920,35449
2024-12-06,Deportes,Centro,Empresa,86997,25846
2024-09-16,Tecnologia,Sur,Retail,133317,25770
2023-07-10,Vestuario,Centro,Empresa,47153,20407
2024-03-22,Tecnologia,Sur,Empresa,133747,30287
2023-09-08,Electrodomesticos,Sur,Retail,117651,23832
2023-01-29,Deportes,Sur,Empresa,63531,22841
2023-03-11,Deportes,Norte,Empresa,71501,20974
2024-08-25,Vestuario,Norte,Retail,42705,12011
2023-04-21,Hogar,Centro,Retail,92817,28214
2024-09-03,Tecnologia,Centro,Empresa,152050,33976
2024-12-12,Deportes,Sur,Empresa,47236,14091
2023-06-05,Electrodomesticos,Centro,Retail,126173,25029
2023-11-23,Tecnologia,Centro,Empresa,121446,26317
2024-08-09,Hogar,Sur,Empresa,202753,58772
2023-08-03,Deportes,Centro,Empresa,64430,18101
2024-09-05,Hogar,Sur,Empresa,86735,23925
2023-06-12,Tecnologia,Norte,Empresa,269294,67021
2023-03-22,Vestuario,Sur,Retail,70497,21262
2024-05-11,Deportes,Norte,Empresa,60710,15114
2023-10-06,Hogar,Sur,Empresa,194040,56864
2023-04-19,Electrodomesticos,Norte,Retail,109219,18609
2023-05-15,Tecnologia,Centro,Empresa,251653,33661
2023-06-25,Vestuario,Norte,Retail,26865,8625
2024-09-20,Vestuario,Norte,Retail,13637,5152
2024-03-31,Vestuario,Norte,Empresa,30598,10336
2024-08-24,Electrodomesticos,Norte,Empresa,208423,38474
2024-05-19,Hogar,Centro,Empresa,132896,44943
2023-06-09,Vestuario,Centro,Empresa,49572,17479
2023-01-17,Tecnologia,Sur,Retail,267087,43960
2024-07-26,Electrodomesticos,Sur,Retail,121045,22047
2023-06-06,Deportes,Norte,Retail,23367,7359
2023-02-12,Electrodomesticos,Centro,Retail,227820,39119
2024-03-14,Vestuario,Centro,Empresa,24695,8472
2023-10-31,Deportes,Norte,Empresa,63717,16627
2023-08-08,Deportes,Norte,Empresa,17996,4762
2024-10-22,Hogar,Sur,Empresa,24235,6370
2023-01-29,Hogar,Norte,Empresa,111095,34488
2023-03-20,Deportes,Norte,Empresa,103028,28953
2024-10-19,Vestuario,Sur,Retail,24599,8600
2023-06-12,Hogar,Norte,Empresa,21298,5444
2024-07-10,Deportes,Norte,Empresa,80986,21045
2024-07-05,Electrodomesticos,Centro,Empresa,99114,16671
2023-08-07,Vestuario,Norte,Empresa,37500,16574
2023-01-31,Hogar,Norte,Empresa,75353,21517
2023-08-24,Electrodomesticos,Centro,Retail,165236,28638
2024-08-06,Vestuario,Sur,Retail,38592,14543
2024-07-07,Deportes,Sur,Retail,77564,22656
2023-06-14,Vestuario,Centro,Retail,66886,24177
2023-02-03,Tecnologia,Centro,Retail,147999,34784
2023-11-05,Hogar,Sur,Empresa,124379,31581
2024-01-10,Vestuario,Norte,Empresa,46040,15952
2024-10-19,Vestuario,Centro,Retail,85737,32297
2023-09-24,Tecnologia,Centro,Empresa,155438,35634
2024-03-14,Electrodomesticos,Norte,Empresa,275026,43578
2024-06-12,Deportes,Norte,Empresa,84844,28089
2023-09-30,Tecnologia,Centro,Empresa,156411,38197
2023-07-27,Vestuario,Norte,Retail,40021,14566
2024-05-02,Tecnologia,Centro,Retail,232452,49184
2023-11-20,Hogar,Sur,Empresa,91793,28071
2024-11-16,Hogar,Centro,Retail,82404,19311
2023-05-03,Vestuario,Centro,Retail,25009,10057
2024-12-08,Hogar,Centro,Retail,97273,29544
2024-10-05,Electrodomesticos,Centro,Empresa,138872,19648
2024-09-13,Tecnologia,Centro,Empresa,142127,27494
2024-09-03,Vestuario,Centro,Empresa,45547,17550
2023-10-21,Tecnologia,Sur,Retail,174200,32390
2023-04-06,Vestuario,Norte,Empresa,37653,13435
2023-12-16,Electrodomesticos,Centro,Retail,162736,27801
2023-10-30,Deportes,Centro,Retail,59836,19778
2023-12-28,Hogar,Centro,Retail,105755,26109
2023-10-04,Vestuario,Centro,Empresa,24675,9088
2023-05-15,Electrodomesticos,Centro,Retail,206871,41918
2023-03-29,Electrodomesticos,Centro,Empresa,179561,33787
2023-06-04,Hogar,Sur,Empresa,105184,28609
2023-12-06,Tecnologia,Centro,Empresa,104549,24934
2023-12-28,Vestuario,Norte,Empresa,37811,14768
2024-11-23,Electrodomesticos,Sur,Retail,140221,22584
2024-02-04,Hogar,Sur,Empresa,108321,29978
2023-12-07,Electrodomesticos,Sur,Empresa,98890,14608
2024-08-18,Tecnologia,Sur,Retail,208335,43312
2024-07-13,Vestuario,Centro,Retail,50814,18289
2024-04-07,Hogar,Sur,Empresa,115524,31914
2024-05-30,Vestuario,Centro,Retail,49395,16014
2024-11-18,Vestuario,Sur,Empresa,67861,22772
2023-12-07,Vestuario,Centro,Empresa,64480,23024
2024-01-10,Tecnologia,Sur,Retail,229952,58825
2024-07-23,Vestuario,Norte,Empresa,34388,13246
2024-05-23,Hogar,Sur,Empresa,80665,23610
2024-02-03,Tecnologia,Norte,Retail,168327,38191
2024-09-25,Tecnologia,Centro,Empresa,106750,25058
2023-07-16,Hogar,Sur,Empresa,67949,19930
2024-01-02,Tecnologia,Centro,Retail,187502,40505
2024-05-24,Electrodomesticos,Centro,Empresa,213707,43384
2024-02-02,Electrodomesticos,Centro,Retail,250107,32933
2023-12-04,Vestuario,Centro,Retail,64245,22958
2024-12-08,Deportes,Sur,Empresa,65024,23435
2023-01-28,Vestuario,Sur,Empresa,71158,29226
2024-07-28,Electrodomesticos,Norte,Retail,139466,27665
2023-10-24,Electrodomesticos,Centro,Empresa,54387,8974
2023-03-09,Tecnologia,Norte,Retail,159308,34542
2023-02-18,Vestuario,Centro,Retail,30604,12544
2024-10-12,Electrodomesticos,Sur,Empresa,162324,26239
2023-01-28,Electrodomesticos,Centro,Empresa,96824,17886
2023-01-21,Vestuario,Norte,Retail,41192,15275
2023-05-26,Electrodomesticos,Norte,Retail,133400,25594
2023-11-05,Tecnologia,Centro,Empresa,258727,52900
2023-05-23,Deportes,Sur,Empresa,84135,26149
2024-04-29,Deportes,Norte,Empresa,75638,20045
2024-09-05,Tecnologia,Sur,Retail,254213,63131
2024-09-05,Hogar,Sur,Empresa,44246,13371
2023-01-17,Electrodomesticos,Norte,Retail,398594,72062
2023-08-15,Deportes,Sur,Retail,94293,28884
2024-10-17,Tecnologia,Norte,Retail,84447,20747
2024-01-06,Vestuario,Sur,Empresa,59330,20627
2023-09-25,Deportes,Centro,Retail,60248,14752
2023-03-22,Vestuario,Centro,Empresa,71097,30344
2024-02-17,Deportes,Centro,Empresa,56786,17785
2024-12-15,Deportes,Centro,Empresa,18235,5261
2023-08-16,Deportes,Norte,Retail,77535,21839
2023-03-27,Electrodomesticos,Norte,Empresa,126800,21353
2023-12-10,Deportes,Sur,Empresa,67690,24715
2024-01-01,Tecnologia,Centro,Empresa,244103,51443
2023-10-24,Deportes,Centro,Empresa,78122,27689
2023-12-08,Electrodomesticos,Sur,Empresa,145355,25497
2024-08-17,Hogar,Norte,Retail,127399,35779
2023-08-27,Vestuario,Centro,Retail,54542,19240
2023-11-18,Hogar,Centro,Empresa,89263,32622
2024-08-13,Hogar,Sur,Empresa,67000,18100
2023-01-18,Deportes,Norte,Retail,79300,25879
2023-04-07,Deportes,Norte,Empresa,63741,18599
2024-03-21,Tecnologia,Norte,Retail,183089,39063
2023-01-13,Vestuario,Norte,Retail,53861,16510
2023-12-22,Tecnologia,Norte,Empresa,160779,37049
2024-11-14,Deportes,Sur,Retail,79748,23861
2023-06-13,Electrodomesticos,Norte,Empresa,204392,28129
2024-12-05,Tecnologia,Sur,Retail,179230,36445
2023-08-04,Vestuario,Centro,Retail,54807,20175
2023-02-25,Electrodomesticos,Norte,Retail,258040,42530
2024-01-24,Electrodomesticos,Norte,Retail,59686,12253
2023-04-30,Tecnologia,Norte,Empresa,182447,38734
2023-03-14,Deportes,Sur,Retail,82919,20169
2023-10-16,Tecnologia,Norte,Retail,142043,31418
2024-02-03,Hogar,Centro,Empresa,93292,26498
2024-09-22,Deportes,Sur,Empresa,82329,24862
2024-07-08,Electrodomesticos,Centro,Empresa,118145,19814
2023-05-04,Tecnologia,Norte,Empresa,206606,51603
2023-07-12,Deportes,Norte,Retail,60935,21630
2023-08-16,Electrodomesticos,Sur,Retail,137550,23758
2023-12-16,Vestuario,Norte,Empresa,45516,19610
2023-08-05,Hogar,Sur,Empresa,73832,18890
2023-12-13,Tecnologia,Sur,Retail,247274,57715
2023-11-10,Tecnologia,Centro,Retail,117372,27013
2023-10-20,Deportes,Norte,Retail,86838,26179
2023-05-11,Electrodomesticos,Centro,Empresa,191759,35398
2024-04-25,Tecnologia,Centro,Retail,167961,34495
2024-06-25,Tecnologia,Sur,Empresa,201673,44943
2024-09-29,Electrodomesticos,Norte,Retail,122392,23240
2024-07-04,Vestuario,Sur,Empresa,37369,13431
2023-05-10,Electrodomesticos,Norte,Retail,265545,43199
2023-11-10,Vestuario,Norte,Empresa,41846,15116
2024-05-19,Vestuario,Centro,Retail,39200,14688
2024-06-02,Tecnologia,Sur,Retail,134013,24571
2023-07-18,Electrodomesticos,Sur,Retail,98790,16886
2023-12-13,Deportes,Centro,Empresa,96799,30478
2024-05-07,Deportes,Centro,Retail,25570,6734
2024-04-01,Vestuario,Norte,Retail,46375,17600
2024-01-31,Hogar,Sur,Retail,62661,18141
2024-07-11,Vestuario,Centro,Retail,35565,12469
2023-08-17,Deportes,Sur,Retail,62629,21902
2023-04-26,Electrodomesticos,Sur,Empresa,119116,20412
2024-11-12,Vestuario,Norte,Empresa,65310,22127
2024-10-04,Vestuario,Centro,Retail,59068,18269
2023-09-30,Deportes,Norte,Empresa,40096,12523
2023-11-14,Tecnologia,Sur,Retail,181871,34684
2024-05-22,Electrodomesticos,Sur,Empresa,159404,32722
2024-08-18,Vestuario,Norte,Empresa,56694,21629
2023-04-26,Hogar,Centro,Empresa,70117,20328
2024-07-18,Tecnologia,Centro,Empresa,224533,45831
2023-10-25,Vestuario,Centro,Retail,52526,16205
2023-10-10,Electrodomesticos,Norte,Retail,175295,30251
2023-08-16,Hogar,Centro,Retail,160792,43093
2023-03-23,Vestuario,Sur,Empresa,45152,14398
2023-12-31,Deportes,Sur,Retail,96277,24937
2023-07-28,Electrodomesticos,Norte,Retail,131078,19344
2023-10-16,Deportes,Sur,Retail,35632,11433
2023-02-26,Deportes,Sur,Retail,75973,24734
2024-11-14,Tecnologia,Norte,Retail,231497,52893
2023-06-09,Deportes,Centro,Retail,68240,15349
2024-10-10,Vestuario,Norte,Empresa,44987,14551
2024-11-22,Hogar,Centro,Empresa,113378,33787
2023-05-29,Tecnologia,Norte,Empresa,154882,31350
2023-02-24,Vestuario,Centro,Empresa,61773,21469
2023-04-27,Deportes,Centro,Retail,48205,15844
2024-11-01,Hogar,Norte,Retail,110796,35160
2024-12-26,Deportes,Sur,Empresa,53929,16852
2023-03-11,Electrodomesticos,Sur,Retail,187648,36082
2024-03-19,Tecnologia,Norte,Empresa,55546,10778
2023-06-27,Deportes,Sur,Retail,87503,30077
2023-08-08,Tecnologia,Sur,Retail,177832,39110
2024-12-06,Deportes,Norte,Empresa,96572,28876
2023-10-28,Hogar,Centro,Empresa,110427,27695
2023-10-30,Deportes,Centro,Retail,43698,12077
2024-04-22,Tecnologia,Centro,Empresa,222756,51236
2024-09-02,Vestuario,Centro,Empresa,75540,26045
2024-06-23,Hogar,Norte,Empresa,71172,20686
2023-06-15,Hogar,Norte,Retail,132046,29046
2024-04-16,Electrodomesticos,Centro,Empresa,242091,40486
2023-03-17,Deportes,Norte,Retail,54591,16108
2024-03-16,Hogar,Norte,Retail,80568,21229
2024-04-14,Electrodomesticos,Sur,Retail,105453,21207
2023-03-14,Hogar,Sur,Retail,100379,28901
2024-01-20,Hogar,Sur,Empresa,97054,24084
2024-12-13,Tecnologia,Norte,Empresa,260712,57885
2024-12-04,Tecnologia,Norte,Retail,174056,34787
2023-06-18,Hogar,Norte,Retail,109942,32285
2024-01-05,Hogar,Centro,Empresa,38220,11973
2023-05-19,Vestuario,Sur,Retail,57719,22491
2024-01-19,Tecnologia,Centro,Retail,201475,39558
2024-12-30,Electrodomesticos,Centro,Empresa,166118,31812
2023-03-09,Vestuario,Norte,Retail,46970,17166
2024-02-05,Tecnologia,Norte,Retail,174013,37835
2023-06-04,Electrodomesticos,Sur,Retail,244077,53321
2023-05-23,Electrodomesticos,Centro,Retail,130205,21161
2023-08-03,Deportes,Sur,Empresa,125313,38251
2023-09-07,Vestuario,Centro,Retail,38719,11249
2024-03-09,Tecnologia,Sur,Empresa,336712,75190
2023-04-09,Tecnologia,Sur,Empresa,229180,55957
2024-04-01,Hogar,Norte,Empresa,103121,30322
2024-01-29,Hogar,Sur,Retail,134068,36226
2023-12-31,Deportes,Norte,Retail,67894,25453
2024-08-03,Hogar,Sur,Empresa,85085,21518
2023-02-06,Vestuario,Centro,Empresa,44372,17432
2024-12-12,Tecnologia,Sur,Retail,77705,18370
2023-07-27,Hogar,Centro,Empresa,58146,17064
2023-12-29,Hogar,Norte,Retail,73932,17635
2024-06-10,Vestuario,Norte,Retail,42128,13430
2023-06-09,Electrodomesticos,Sur,Retail,111489,20737
2023-09-15,Tecnologia,Sur,Retail,221989,49559
2023-04-19,Electrodomesticos,Norte,Retail,284839,50842
2024-02-02,Tecnologia,Norte,Empresa,116620,21222
2024-07-11,Hogar,Centro,Retail,92177,28864
2023-05-19,Vestuario,Centro,Empresa,51470,16063
2024-07-31,Deportes,Norte,Empresa,62947,17011
2024-03-23,Hogar,Norte,Retail,95735,27756
2024-03-13,Hogar,Sur,Retail,133829,35830
2024-01-21,Tecnologia,Norte,Retail,167907,37043
2023-11-30,Electrodomesticos,Sur,Retail,146634,23361
2024-01-04,Tecnologia,Sur,Retail,146089,24957
2023-12-28,Vestuario,Sur,Retail,24787,8038
2023-04-21,Deportes,Sur,Retail,67992,15738
2024-10-13,Tecnologia,Norte,Retail,122669,24170
2023-07-07,Vestuario,Sur,Empresa,86624,31874
2023-06-13,Vestuario,Centro,Retail,52298,20134
2024-11-02,Vestuario,Sur,Empresa,33331,12832
2023-12-30,Vestuario,Sur,Empresa,49812,17731
2024-04-18,Tecnologia,Norte,Empresa,226189,55978
2024-01-03,Vestuario,Sur,Empresa,15476,5383
2024-05-04,Vestuario,Norte,Retail,90416,35905
2024-03-27,Deportes,Sur,Empresa,71850,20345
2023-09-20,Electrodomesticos,Sur,Empresa,123886,26662
2023-07-22,Deportes,Norte,Empresa,75844,20684
2024-12-23,Electrodomesticos,Sur,Retail,203622,34953
2024-03-02,Tecnologia,Centro,Empresa,132291,27812
2024-01-13,Tecnologia,Sur,Retail,128921,23786
2024-05-11,Deportes,Norte,Empresa,81222,24458
2024-01-27,Electrodomesticos,Sur,Empresa,42715,5225
2023-06-23,Tecnologia,Centro,Empresa,216740,54710
2023-10-12,Vestuario,Centro,Empresa,85935,29615
2023-02-25,Deportes,Sur,Empresa,70336,18686
2024-04-01,Deportes,Sur,Retail,23997,7323
2023-02-05,Deportes,Sur,Empresa,50012,15304
2023-04-17,Tecnologia,Centro,Retail,204882,38564
2024-01-19,Vestuario,Norte,Retail,61973,23077
2023-02-06,Electrodomesticos,Sur,Retail,257694,50348
2023-07-21,Electrodomesticos,Sur,Empresa,120482,20544
2024-01-17,Vestuario,Sur,Retail,43963,13572
2023-06-26,Deportes,Centro,Retail,82192,25034
2024-07-14,Vestuario,Centro,Empresa,77454,25763
2023-10-14,Deportes,Sur,Empresa,54283,19081
2023-03-03,Electrodomesticos,Norte,Retail,208046,32928
2024-12-17,Deportes,Centro,Empresa,46094,14645
2024-03-24,Hogar,Sur,Retail,80218,22128
2024-07-11,Electrodomesticos,Sur,Retail,137991,30892
2024-05-08,Deportes,Norte,Empresa,35957,9444
2024-07-06,Vestuario,Sur,Retail,43105,15790
2023-12-30,Deportes,Centro,Retail,56021,14069
2023-09-26,Vestuario,Sur,Retail,41046,13016
2024-09-21,Electrodomesticos,Sur,Empresa,228451,45571
2023-03-22,Vestuario,Sur,Empresa,33390,11293
2023-05-16,Deportes,Centro,Empresa,86831,29109
2024-02-25,Tecnologia,Centro,Empresa,125589,31738
2023-04-01,Tecnologia,Norte,Retail,243066,64714
2024-01-27,Tecnologia,Sur,Empresa,241750,44384
2023-08-18,Vestuario,Sur,Retail,46988,16989
2023-12-25,Hogar,Centro,Empresa,109192,32952
2024-01-18,Deportes,Sur,Retail,59275,18261
2024-10-03,Deportes,Centro,Empresa,59688,14359
2023-08-24,Deportes,Norte,Retail,58322,15586
2024-03-17,Tecnologia,Norte,Empresa,214914,57544
2023-07-23,Vestuario,Centro,Retail,46529,16255
2024-03-10,Deportes,Sur,Empresa,63226,18584
2024-10-31,Electrodomesticos,Centro,Empresa,154364,27742
2023-10-01,Tecnologia,Centro,Retail,240640,52648
2023-12-23,Deportes,Sur,Retail,58447,15853
2024-06-08,Hogar,Sur,Retail,81473,23442
2024-03-29,Electrodomesticos,Norte,Empresa,223891,41148
2023-06-08,Deportes,Centro,Empresa,74530,22858
2024-04-01,Deportes,Sur,Empresa,31665,9241
2024-08-12,Electrodomesticos,Sur,Retail,198723,37908
2024-04-20,Deportes,Sur,Empresa,71229,20777
2024-05-14,Deportes,Centro,Empresa,85925,24644
2024-04-29,Tecnologia,Centro,Retail,293702,65055
2023-11-07,Electrodomesticos,Norte,Empresa,217307,36680
2023-06-06,Tecnologia,Sur,Retail,172757,40178
2024-10-01,Deportes,Centro,Empresa,63879,18038
2024-05-30,Deportes,Norte,Retail,113887,35788
2024-08-24,Hogar,Norte,Empresa,118469,29471
2024-12-18,Tecnologia,Norte,Empresa,165727,34888
2023-12-27,Electrodomesticos,Sur,Empresa,139963,23530
2024-05-05,Deportes,Centro,Retail,88267,25773
2024-04-03,Vestuario,Sur,Empresa,71615,26100
2023-10-29,Tecnologia,Norte,Retail,166884,35212
2024-01-12,Deportes,Centro,Retail,16169,5237
2024-10-28,Electrodomesticos,Sur,Retail,46269,8735
2024-11-27,Electrodomesticos,Centro,Retail,160646,28896
2024-01-01,Electrodomesticos,Sur,Retail,202294,39061
2023-11-14,Vestuario,Norte,Empresa,35958,14095
2023-12-25,Tecnologia,Sur,Empresa,156666,35194
2024-02-23,Deportes,Sur,Empresa,74168,24203
2023-05-22,Deportes,Sur,Empresa,81662,26698
2024-04-08,Vestuario,Norte,Empresa,52444,16023
2023-09-20,Tecnologia,Sur,Retail,171356,41095
2023-10-24,Vestuario,Norte,Retail,12436,4133
2023-04-29,Hogar,Centro,Retail,56735,18101
2024-04-22,Electrodomesticos,Centro,Empresa,198867,34402
2023-04-21,Deportes,Centro,Empresa,101911,30492
2024-08-07,Vestuario,Centro,Retail,68484,23477
2024-04-26,Electrodomesticos,Centro,Retail,151866,25911
2024-10-26,Electrodomesticos,Centro,Empresa,243479,46949
2023-02-01,Vestuario,Sur,Empresa,45844,16502
2024-12-07,Vestuario,Centro,Empresa,55656,20238
2023-12-29,Electrodomesticos,Norte,Retail,339207,66211
2024-09-19,Vestuario,Norte,Empresa,59606,20369
2024-09-05,Vestuario,Centro,Retail,41354,14315
2024-05-12,Hogar,Centro,Retail,46835,13548
2023-09-24,Hogar,Norte,Retail,85978,22025
2024-06-16,Hogar,Norte,Empresa,99767,29630
2024-02-11,Tecnologia,Sur,Empresa,216279,51927
2023-01-19,Hogar,Norte,Empresa,32737,8843
2023-08-30,Deportes,Norte,Empresa,59078,17249
2023-08-31,Hogar,Norte,Empresa,123335,27660
2023-04-28,Tecnologia,Sur,Retail,174043,36832
2024-01-06,Electrodomesticos,Sur,Empresa,286826,46616
2023-06-07,Electrodomesticos,Norte,Retail,147951,29994
2024-03-19,Vestuario,Sur,Retail,20902,8711
2024-06-30,Electrodomesticos,Norte,Empresa,202228,36189
2023-10-05,Vestuario,Norte,Retail,66632,23648
2024-02-23,Tecnologia,Centro,Empresa,84005,17394
2024-03-12,Vestuario,Norte,Empresa,29460,10866
2024-01-09,Hogar,Norte,Empresa,120819,32768
2024-05-28,Hogar,Norte,Retail,92996,28310
2024-01-20,Deportes,Norte,Empresa,47365,16265
2023-11-20,Deportes,Centro,Retail,72232,21487
2024-02-18,Electrodomesticos,Centro,Empresa,90516,16796
2023-12-02,Electrodomesticos,Sur,Retail,188820,32053
2023-11-29,Hogar,Norte,Retail,130238,36800
2024-09-19,Electrodomesticos,Centro,Retail,194030,38250
2024-09-01,Deportes,Centro,Retail,10000,2702
2024-11-22,Tecnologia,Norte,Empresa,209412,39879
2024-06-14,Tecnologia,Centro,Empresa,179555,48418
2024-11-07,Tecnologia,Centro,Empresa,181703,41479
2023-08-14,Tecnologia,Sur,Retail,186470,41342
2024-02-11,Electrodomesticos,Norte,Empresa,84312,14863
2023-04-28,Electrodomesticos,Norte,Empresa,242264,44645
2023-03-27,Electrodomesticos,Centro,Retail,214667,40957
2023-07-29,Vestuario,Norte,Empresa,70410,24698
2024-08-27,Tecnologia,Centro,Retail,190496,37280
2024-09-26,Electrodomesticos,Centro,Retail,136011,29640
2023-01-15,Deportes,Centro,Retail,73871,22179
2023-11-10,Hogar,Sur,Empresa,52457,15406
2023-07-24,Vestuario,Centro,Empresa,43955,14009
2024-05-13,Vestuario,Sur,Retail,34048,12605
2024-07-09,Vestuario,Sur,Empresa,54217,16819
2024-09-18,Deportes,Norte,Retail,94248,27828
2024-06-26,Vestuario,Norte,Empresa,59012,18896
2023-02-16,Deportes,Centro,Retail,43028,13872
2023-07-03,Electrodomesticos,Sur,Empresa,200252,36136
2024-08-28,Vestuario,Norte,Empresa,34122,10754
2024-08-15,Tecnologia,Centro,Empresa,128343,24241
2023-08-14,Tecnologia,Centro,Empresa,247890,58819
2024-08-19,Hogar,Centro,Empresa,94841,28959
2023-08-07,Deportes,Norte,Empresa,36125,10714
2023-07-02,Tecnologia,Sur,Empresa,180597,45679
2023-05-26,Electrodomesticos,Norte,Empresa,221266,41098
2023-05-17,Electrodomesticos,Norte,Retail,136571,25673
2024-09-15,Hogar,Centro,Empresa,103556,28895
2024-02-09,Deportes,Norte,Empresa,14301,4787
2023-05-06,Vestuario,Norte,Empresa,57704,24710
2024-07-28,Tecnologia,Centro,Retail,114507,21027
2024-07-31,Deportes,Sur,Empresa,66065,20490
2024-02-15,Deportes,Sur,Retail,93634,29650
2023-11-09,Vestuario,Centro,Retail,41577,12144
2023-05-23,Electrodomesticos,Sur,Empresa,188321,35919
2024-07-11,Deportes,Norte,Retail,52647,14159
2023-02-04,Tecnologia,Sur,Retail,160403,38821
2024-06-29,Deportes,Norte,Retail,39931,13048
2023-06-15,Hogar,Centro,Retail,114648,38354
2023-12-04,Tecnologia,Sur,Empresa,279036,55865
2024-04-19,Tecnologia,Sur,Retail,121788,28537
2023-01-17,Vestuario,Sur,Empresa,54469,18788
2024-04-24,Deportes,Centro,Empresa,16560,4536
2024-12-31,Deportes,Sur,Empresa,99011,30359
2023-05-22,Deportes,Centro,Empresa,10000,2347
2023-08-12,Tecnologia,Sur,Empresa,168895,39552
2024-01-01,Hogar,Sur,Empresa,98388,24841
2023-07-07,Vestuario,Norte,Retail,26702,9242
2024-05-08,Electrodomesticos,Norte,Retail,132206,22371
2023-10-07,Tecnologia,Sur,Empresa,202470,49273
2024-03-16,Hogar,Centro,Empresa,52338,17344
2023-09-06,Tecnologia,Norte,Retail,171291,38367
2023-05-30,Electrodomesticos,Centro,Empresa,144384,22638
2024-09-14,Electrodomesticos,Centro,Retail,152381,32237
2023-02-20,Electrodomesticos,Centro,Empresa,159885,27171
2024-02-25,Deportes,Norte,Retail,65829,21156
2023-01-26,Tecnologia,Centro,Empresa,150919,36970
2024-07-25,Deportes,Sur,Retail,75132,23103
2023-11-28,Deportes,Sur,Empresa,54830,16195
2023-08-15,Hogar,Centro,Retail,94946,27937
2024-07-18,Tecnologia,Centro,Empresa,218109,51076
2023-06-28,Hogar,Norte,Empresa,99167,30264
2024-01-25,Tecnologia,Centro,Empresa,134553,27772
2023-09-18,Vestuario,Norte,Empresa,54324,18252
2023-08-23,Deportes,Centro,Empresa,76026,24455
2023-07-12,Tecnologia,Norte,Retail,244797,52133
2024-09-23,Vestuario,Centro,Retail,49894,18493
2024-09-21,Vestuario,Centro,Retail,57911,18254
2024-07-15,Deportes,Norte,Retail,102693,24739
2024-09-08,Deportes,Sur,Empresa,61681,17718
2023-05-30,Hogar,Centro,Empresa,78153,21173
2024-01-24,Hogar,Centro,Retail,96087,28958
2023-10-31,Hogar,Sur,Empresa,148158,31328
2023-12-29,Vestuario,Norte,Empresa,57430,18915
2024-07-16,Vestuario,Centro,Retail,41493,16716
2024-08-01,Hogar,Sur,Retail,87253,25467
2024-11-21,Electrodomesticos,Norte,Retail,205653,38089
2024-08-13,Tecnologia,Norte,Retail,249009,57166
2024-09-23,Vestuario,Sur,Retail,42700,16962
2024-04-06,Hogar,Sur,Empresa,107662,29594
2024-06-24,Electrodomesticos,Centro,Retail,138427,22282
2023-02-05,Vestuario,Centro,Retail,61275,24464
2024-08-01,Deportes,Sur,Retail,99226,29338
2023-04-14,Hogar,Norte,Retail,134715,33088
2024-04-17,Tecnologia,Sur,Empresa,148656,31275
2023-11-18,Deportes,Centro,Retail,35642,12274
2024-02-12,Tecnologia,Sur,Retail,185438,46938
2023-11-02,Tecnologia,Sur,Empresa,276468,72871
2024-05-04,Tecnologia,Sur,Retail,273014,63128
2023-05-02,Hogar,Sur,Retail,36789,9950
2023-07-13,Hogar,Sur,Retail,103870,32987
2023-01-08,Tecnologia,Sur,Empresa,148168,32246
2023-09-06,Vestuario,Sur,Retail,62446,19106
2023-10-26,Deportes,Centro,Retail,58866,18521
2023-05-01,Vestuario,Centro,Retail,62052,22109
2024-02-03,Vestuario,Norte,Retail,67960,21249
2023-04-03,Electrodomesticos,Centro,Retail,53066,10154
2023-03-28,Tecnologia,Norte,Retail,216209,39030
2023-10-07,Deportes,Centro,Retail,48861,13713
2024-10-19,Deportes,Norte,Empresa,41164,14029
2023-08-19,Deportes,Centro,Empresa,18285,5926
2024-02-06,Deportes,Sur,Retail,97629,28890
2024-05-12,Hogar,Norte,Retail,119388,29725
2023-03-16,Tecnologia,Sur,Empresa,223139,44317
2024-01-06,Electrodomesticos,Centro,Retail,247049,48494
2024-12-20,Vestuario,Sur,Empresa,42850,12887
2024-07-27,Tecnologia,Centro,Retail,242515,50674
2024-06-22,Electrodomesticos,Norte,Retail,177276,31181
2024-10-06,Hogar,Sur,Empresa,107704,28821
2023-05-26,Tecnologia,Sur,Retail,52146,11454
2024-09-05,Hogar,Norte,Retail,137431,40127
2023-10-04,Deportes,Centro,Retail,49195,13316
2023-04-18,Deportes,Sur,Retail,55383,17725
2024-04-10,Tecnologia,Sur,Retail,83943,21480
2024-06-26,Vestuario,Centro,Empresa,34856,11808
2024-04-08,Electrodomesticos,Sur,Retail,255630,44273
2024-12-24,Hogar,Norte,Retail,83884,20604
2024-01-21,Deportes,Norte,Retail,38645,13804
2023-05-12,Electrodomesticos,Centro,Empresa,190524,36474
2023-11-08,Vestuario,Sur,Empresa,44458,10795
2024-02-25,Hogar,Sur,Empresa,172417,40050
2024-11-15,Vestuario,Centro,Empresa,42467,13857
2024-05-27,Tecnologia,Sur,Empresa,223569,45162
2023-07-30,Hogar,Centro,Empresa,75140,20834
2024-01-29,Electrodomesticos,Sur,Empresa,210536,36749
2023-12-21,Tecnologia,Sur,Retail,149214,27072
2024-05-01,Deportes,Norte,Retail,25695,6597
2024-06-27,Electrodomesticos,Norte,Retail,135107,25830
2023-09-27,Hogar,Centro,Empresa,64916,20021
2023-04-26,Electrodomesticos,Sur,Retail,227975,40183
2023-06-22,Hogar,Sur,Empresa,132098,34925
2023-04-04,Vestuario,Centro,Retail,10000,3991
2024-03-30,Electrodomesticos,Centro,Retail,113934,23625
2023-03-08,Electrodomesticos,Sur,Empresa,109550,15282
2023-10-30,Vestuario,Sur,Retail,48186,13692
2023-03-28,Vestuario,Norte,Empresa,56736,17261
2023-06-25,Tecnologia,Norte,Retail,163283,41082
2024-01-29,Vestuario,Norte,Empresa,33996,12884
2024-12-23,Deportes,Sur,Retail,87161,24272
2023-08-24,Hogar,Sur,Retail,98288,30593
2023-01-14,Tecnologia,Norte,Retail,177054,43014
2023-10-30,Vestuario,Norte,Empresa,66184,25463
2023-10-15,Vestuario,Norte,Empresa,58828,23004
2024-04-12,Deportes,Centro,Retail,48650,14749
2023-05-25,Tecnologia,Centro,Retail,121798,25946
2024-10-06,Deportes,Centro,Retail,55344,17840
2023-09-10,Vestuario,Norte,Retail,39878,15261
2023-01-25,Tecnologia,Norte,Empresa,10000,2568
2023-01-01,Electrodomesticos,Sur,Retail,126275,18082
2023-11-07,Tecnologia,Centro,Retail,218698,52004
2024-01-03,Vestuario,Norte,Retail,54360,22758
2023-10-05,Tecnologia,Norte,Retail,170155,37087
2024-03-04,Electrodomesticos,Sur,Empresa,166242,26716
2024-09-22,Deportes,Sur,Empresa,42616,14365
2023-03-12,Vestuario,Norte,Retail,50789,16707
2023-08-08,Tecnologia,Norte,Retail,188975,45844
2024-10-30,Vestuario,Norte,Retail,36258,12569
2024-07-19,Electrodomesticos,Centro,Empresa,209579,41710
2024-05-01,Hogar,Sur,Empresa,13504,3364
2024-06-18,Tecnologia,Norte,Retail,251951,49749
2023-03-29,Deportes,Centro,Retail,64953,22768
2024-07-03,Deportes,Norte,Empresa,77611,23881
2024-12-10,Hogar,Norte,Empresa,103264,28909
2023-01-13,Vestuario,Sur,Retail,49477,19384
2023-07-11,Vestuario,Centro,Empresa,23796,8224
2023-07-12,Vestuario,Sur,Empresa,48415,17787
2023-05-13,Tecnologia,Sur,Retail,191416,40142
2023-06-13,Electrodomesticos,Norte,Empresa,246719,48267
2024-11-21,Deportes,Centro,Empresa,70138,21917
2024-12-17,Electrodomesticos,Norte,Retail,268869,49420
2024-11-27,Electrodomesticos,Centro,Empresa,185368,30226
2024-08-19,Tecnologia,Norte,Retail,227846,50205
2024-01-30,Tecnologia,Sur,Empresa,104792,28477
2023-07-10,Electrodomesticos,Norte,Retail,150803,29397
2024-07-29,Deportes,Sur,Empresa,45053,15868
2023-11-29,Vestuario,Norte,Empresa,55807,17133
2024-04-27,Hogar,Centro,Retail,71951,17008
2023-01-28,Electrodomesticos,Centro,Empresa,131214,28883
2023-07-12,Hogar,Sur,Retail,13961,3048
2024-01-17,Electrodomesticos,Centro,Empresa,108665,18824
2023-11-08,Electrodomesticos,Norte,Retail,162178,25428
2024-08-09,Vestuario,Norte,Empresa,55517,19316
2023-07-28,Vestuario,Norte,Empresa,22179,8105
2024-07-29,Vestuario,Norte,Empresa,48032,16661
2024-06-09,Deportes,Centro,Retail,28752,8689
2024-12-06,Hogar,Norte,Empresa,62246,15081
2024-01-02,Vestuario,Norte,Retail,42962,14466
2024-01-06,Hogar,Centro,Retail,126426,34814
2023-09-21,Electrodomesticos,Centro,Retail,328679,74921
2024-01-24,Hogar,Centro,Retail,64812,16104
2023-01-11,Deportes,Centro,Empresa,80196,23114
2024-01-20,Tecnologia,Centro,Retail,218707,40958
2024-05-14,Hogar,Norte,Retail,118075,35004
2024-01-04,Deportes,Sur,Retail,61073,19358
2023-11-20,Hogar,Sur,Retail,60559,16388
2024-04-24,Deportes,Centro,Retail,47636,15485
2024-12-20,Tecnologia,Sur,Retail,105426,19868
2023-09-26,Hogar,Norte,Retail,75177,24697
2023-10-19,Hogar,Centro,Empresa,75718,20512
2024-07-06,Vestuario,Sur,Empresa,29896,11377
2023-09-24,Vestuario,Norte,Empresa,35942,11392
2023-11-12,Hogar,Centro,Empresa,109718,29598
2023-01-01,Deportes,Centro,Empresa,44765,13739
2024-08-03,Electrodomesticos,Sur,Retail,190874,37140
2024-01-10,Tecnologia,Sur,Empresa,186146,44592
2024-02-18,Tecnologia,Centro,Empresa,139226,31851
2023-08-01,Tecnologia,Centro,Retail,101351,18580
2023-07-20,Tecnologia,Sur,Empresa,151404,34888
2024-01-08,Hogar,Centro,Retail,97310,25591
2023-04-17,Tecnologia,Centro,Empresa,61883,12685
2023-07-12,Electrodomesticos,Centro,Empresa,226936,44254
2024-08-25,Hogar,Centro,Retail,94150,26869
2023-10-09,Tecnologia,Centro,Empresa,139372,32298
2023-02-18,Deportes,Norte,Retail,73452,18730
2023-04-23,Hogar,Sur,Empresa,68541,22628
2023-07-19,Deportes,Centro,Retail,71117,23616
2024-11-23,Electrodomesticos,Norte,Retail,177978,28874
2024-03-31,Electrodomesticos,Centro,Empresa,195789,37387
2023-01-11,Electrodomesticos,Norte,Empresa,218168,42653
2023-06-04,Hogar,Centro,Retail,61468,18215
2023-03-14,Tecnologia,Sur,Retail,275978,51521
2024-06-18,Vestuario,Centro,Empresa,46799,16445
2024-11-01,Hogar,Centro,Retail,60381,16101
2023-03-12,Tecnologia,Centro,Retail,208883,54750
2023-02-18,Deportes,Norte,Empresa,62369,18876
2024-06-22,Tecnologia,Norte,Empresa,148293,25794
2023-08-22,Vestuario,Centro,Retail,42172,13479
2023-04-05,Electrodomesticos,Norte,Retail,216337,32479
2024-12-12,Tecnologia,Sur,Retail,111425,25899
2023-11-04,Vestuario,Sur,Empresa,41769,15000
2024-04-23,Hogar,Centro,Empresa,115804,30128
2023-03-20,Vestuario,Norte,Empresa,50746,17384
2023-07-29,Hogar,Centro,Retail,73749,20231
2023-04-05,Electrodomesticos,Sur,Empresa,228906,35608
2024-09-24,Vestuario,Norte,Retail,97876,39191
2023-08-25,Tecnologia,Sur,Empresa,142895,30937
2023-11-17,Electrodomesticos,Norte,Retail,140627,25826
2023-12-14,Vestuario,Centro,Retail,47113,18680
2023-03-26,Hogar,Sur,Retail,145857,45355
2023-02-02,Vestuario,Centro,Empresa,42268,15044
2023-02-03,Electrodomesticos,Centro,Empresa,121697,20557
2023-10-31,Tecnologia,Norte,Empresa,273368,63708
2024-11-26,Vestuario,Norte,Retail,30359,11790
2023-09-21,Tecnologia,Sur,Empresa,191264,47852
2023-02-28,Hogar,Sur,Retail,77129,20535
2024-12-15,Hogar,Centro,Empresa,108387,31694
2024-09-29,Hogar,Norte,Empresa,87033,20078
2023-05-29,Electrodomesticos,Sur,Empresa,208973,35822
2024-05-13,Electrodomesticos,Centro,Empresa,309576,49027
2024-09-19,Electrodomesticos,Sur,Empresa,187629,33247
2023-05-11,Vestuario,Norte,Empresa,55561,18520
2023-12-03,Vestuario,Norte,Retail,60773,21884
2024-11-17,Deportes,Sur,Empresa,36013,9889
2023-07-01,Hogar,Centro,Empresa,70209,20542
2024-11-03,Hogar,Centro,Retail,109014,32472
2024-08-24,Deportes,Sur,Empresa,47307,13667
2023-08-13,Electrodomesticos,Sur,Retail,146560,25585
2024-05-06,Tecnologia,Sur,Retail,194976,48339
2024-09-06,Hogar,Sur,Retail,107159,34663
2023-05-03,Deportes,Norte,Retail,70966,18399
2023-09-13,Vestuario,Sur,Empresa,56337,18760
2024-06-09,Hogar,Sur,Empresa,41809,12865
2023-01-03,Tecnologia,Sur,Empresa,178297,32114
2023-12-30,Deportes,Centro,Retail,36561,11433
2023-07-25,Vestuario,Sur,Retail,29995,11241
2024-08-09,Vestuario,Centro,Empresa,57320,19709
2023-07-26,Deportes,Norte,Retail,75896,22871
2023-01-16,Deportes,Sur,Empresa,70082,26298
2024-08-03,Electrodomesticos,Centro,Retail,132491,25158
2024-09-27,Electrodomesticos,Centro,Empresa,215461,44687
2023-07-18,Tecnologia,Centro,Empresa,197210,47248
2024-10-20,Tecnologia,Centro,Empresa,224478,48518
2024-11-03,Vestuario,Sur,Retail,49615,17609
2024-06-14,Electrodomesticos,Norte,Retail,150978,27424
2024-04-22,Hogar,Norte,Empresa,18757,6074
2023-11-22,Tecnologia,Centro,Empresa,174508,37131
2024-09-03,Deportes,Centro,Retail,77250,21889
2023-12-07,Vestuario,Sur,Retail,56846,18670
2023-09-12,Tecnologia,Norte,Retail,255733,62939
2023-05-04,Hogar,Norte,Retail,95864,26416
2024-04-07,Electrodomesticos,Centro,Retail,118360,19756
2023-04-23,Tecnologia,Sur,Retail,191144,33626
2024-05-25,Electrodomesticos,Sur,Empresa,196663,39317
2024-12-28,Electrodomesticos,Sur,Empresa,169355,31354
2023-05-07,Vestuario,Sur,Retail,41203,11825
2024-03-02,Tecnologia,Centro,Retail,251014,50623
2023-05-24,Hogar,Norte,Retail,53655,16180
2024-12-30,Tecnologia,Norte,Empresa,138396,28984
2023-08-04,Vestuario,Sur,Empresa,45085,15689
2024-07-29,Electrodomesticos,Sur,Retail,168108,32555
2024-12-09,Hogar,Norte,Empresa,115918,29855
2024-12-09,Vestuario,Norte,Retail,31337,9964
2024-01-24,Deportes,Norte,Retail,21629,6160
2024-06-18,Hogar,Centro,Retail,52350,14845
2023-06-30,Vestuario,Sur,Empresa,39073,15179
2023-09-24,Vestuario,Centro,Retail,41268,14547
2023-11-29,Tecnologia,Sur,Retail,158795,29455
2024-01-31,Vestuario,Norte,Empresa,31196,9835
2024-05-22,Hogar,Norte,Retail,87876,23973
2023-01-29,Deportes,Centro,Empresa,85188,23797
2024-04-07,Hogar,Sur,Retail,67466,19414
2023-08-30,Electrodomesticos,Centro,Retail,74341,15990
2023-03-29,Hogar,Norte,Empresa,146939,45170
2024-04-09,Tecnologia,Sur,Empresa,107622,24774
2024-08-04,Tecnologia,Norte,Empresa,183730,34213
2024-03-24,Deportes,Sur,Retail,80295,22481
2023-04-24,Vestuario,Sur,Empresa,32531,11150
2023-03-04,Hogar,Norte,Empresa,123562,35738
2024-03-28,Tecnologia,Norte,Empresa,246614,42785
2023-12-15,Tecnologia,Norte,Empresa,149076,32322
2024-03-22,Hogar,Centro,Retail,70569,18887
2023-10-14,Hogar,Centro,Retail,55572,17554
2024-07-09,Hogar,Norte,Empresa,118536,35395
2024-04-28,Vestuario,Centro,Retail,29270,10182
2023-07-10,Hogar,Sur,Retail,91981,22364
2023-06-18,Vestuario,Sur,Retail,41390,13326
2024-07-25,Vestuario,Sur,Retail,29329,9372
2023-12-25,Deportes,Norte,Empresa,52088,16479
2023-10-22,Hogar,Sur,Retail,139159,40286
2023-11-03,Deportes,Sur,Retail,134489,35114
2023-06-30,Deportes,Centro,Empresa,44177,13808
2023-03-25,Deportes,Centro,Empresa,96855,24101
2024-11-16,Deportes,Sur,Empresa,79092,21623
2024-10-16,Deportes,Sur,Retail,59211,16738
2023-02-23,Vestuario,Sur,Retail,37155,11651
2023-11-08,Vestuario,Centro,Retail,82066,28984
2023-02-03,Hogar,Centro,Retail,77361,14966
2024-01-28,Vestuario,Norte,Empresa,58295,21037
2023-07-30,Tecnologia,Norte,Retail,66024,13770
2023-01-27,Vestuario,Sur,Retail,42269,15713
2024-09-19,Tecnologia,Centro,Retail,38016,8160
2024-07-10,Deportes,Norte,Empresa,67020,16432
2024-07-19,Vestuario,Centro,Empresa,50821,17665
2023-09-24,Deportes,Centro,Retail,30078,8704
2024-09-03,Vestuario,Centro,Retail,38521,13189
2024-12-20,Tecnologia,Sur,Retail,141185,32951
2023-03-01,Tecnologia,Norte,Empresa,41169,8631
2023-10-04,Hogar,Norte,Empresa,116940,34308
2023-08-01,Tecnologia,Norte,Empresa,173806,36033
2023-06-21,Deportes,Norte,Empresa,58991,15404
2023-09-04,Hogar,Norte,Empresa,123955,35880
2024-06-05,Hogar,Norte,Empresa,69694,20158
2023-06-02,Hogar,Centro,Retail,31759,7875
2023-01-14,Deportes,Sur,Retail,90679,30893
2023-03-10,Vestuario,Centro,Empresa,32917,10812
2023-04-13,Tecnologia,Norte,Retail,131013,27643
2024-02-04,Deportes,Centro,Empresa,59778,18336
2023-07-20,Deportes,Centro,Retail,88434,25798
2023-07-19,Electrodomesticos,Norte,Retail,166331,26227
2024-12-10,Hogar,Norte,Empresa,32628,10609
2023-12-05,Tecnologia,Norte,Retail,226950,46665
2023-10-14,Tecnologia,Centro,Retail,167588,35986
2023-09-18,Electrodomesticos,Sur,Retail,273262,45545
2024-04-22,Deportes,Norte,Retail,78568,22563
2023-10-18,Deportes,Centro,Empresa,85611,30996
2023-02-24,Vestuario,Centro,Retail,54295,15628
2024-04-23,Tecnologia,Centro,Retail,135033,31038
2023-05-10,Tecnologia,Sur,Empresa,237961,50687
2023-10-28,Vestuario,Centro,Empresa,32061,9349
2023-09-14,Hogar,Sur,Retail,42330,14185
2024-07-21,Hogar,Norte,Empresa,78700,20633
2024-12-21,Hogar,Centro,Retail,75251,22950
2024-12-09,Vestuario,Sur,Empresa,29245,11541
2023-01-16,Deportes,Sur,Empresa,122308,38737
2023-10-02,Electrodomesticos,Norte,Retail,34836,5603
2023-05-15,Deportes,Norte,Empresa,68311,23045
2023-04-29,Electrodomesticos,Sur,Empresa,130375,24285
2023-03-09,Tecnologia,Centro,Retail,243132,47401
2023-12-15,Deportes,Norte,Retail,58497,17486
2023-12-16,Hogar,Sur,Retail,29330,6752
2023-07-15,Electrodomesticos,Centro,Retail,184849,39041
2024-06-08,Electrodomesticos,Norte,Empresa,212061,36270
2024-02-05,Tecnologia,Centro,Retail,206035,45481
2024-01-23,Hogar,Sur,Retail,114998,33702
2024-07-22,Deportes,Sur,Empresa,34747,8532
2024-02-14,Electrodomesticos,Centro,Empresa,197529,38958
2024-08-05,Deportes,Sur,Empresa,53280,15619
2023-10-01,Deportes,Centro,Empresa,76781,23898
2024-03-16,Hogar,Sur,Retail,67184,19558
2023-05-30,Hogar,Centro,Retail,88696,22428
2023-06-08,Vestuario,Centro,Retail,40273,14410
2024-04-26,Electrodomesticos,Sur,Empresa,199725,39056
2024-11-21,Tecnologia,Norte,Empresa,125953,27501
2024-11-21,Tecnologia,Norte,Retail,132246,31783
2023-03-01,Electrodomesticos,Norte,Retail,186473,33818
2023-10-01,Vestuario,Centro,Retail,26861,10711
2024-09-08,Vestuario,Sur,Retail,33349,10743
2023-08-17,Deportes,Sur,Retail,66730,21407
2024-05-15,Hogar,Centro,Empresa,104966,27317
2024-01-30,Hogar,Sur,Empresa,73760,21153
2023-08-30,Tecnologia,Norte,Empresa,198822,43483
2024-07-04,Vestuario,Norte,Retail,33295,10806
2024-05-25,Deportes,Norte,Retail,42087,14133
2024-04-29,Deportes,Centro,Empresa,38911,12348
2024-05-02,Electrodomesticos,Norte,Empresa,139052,20897
2024-03-14,Electrodomesticos,Sur,Retail,222011,36400
2024-09-15,Vestuario,Norte,Empresa,52175,17905
2024-11-27,Electrodomesticos,Sur,Retail,196166,31952
2023-11-03,Vestuario,Sur,Retail,49497,19834
2023-03-03,Deportes,Centro,Retail,51736,18674
2024-05-15,Hogar,Centro,Empresa,114106,23995
2024-09-14,Tecnologia,Sur,Empresa,215292,45020
2023-03-19,Tecnologia,Sur,Empresa,233000,57746
2024-05-08,Electrodomesticos,Norte,Retail,184953,29422
2023-08-20,Vestuario,Centro,Empresa,36041,14340
2023-05-15,Hogar,Sur,Retail,75723,21744
2023-04-14,Deportes,Norte,Retail,59645,13730
2024-02-06,Vestuario,Centro,Empresa,26394,10034
2024-02-15,Hogar,Sur,Empresa,90262,28092
2023-12-10,Deportes,Centro,Retail,21512,6325
2024-08-30,Hogar,Centro,Retail,147913,46683
2024-05-24,Hogar,Centro,Retail,107500,32807
2023-06-13,Hogar,Sur,Empresa,166411,45834
2023-08-24,Vestuario,Sur,Empresa,54966,17317
2024-02-11,Deportes,Sur,Retail,68831,18824
2023-02-22,Electrodomesticos,Sur,Retail,183263,32165
2023-08-12,Tecnologia,Sur,Retail,304803,60796
2024-05-24,Electrodomesticos,Centro,Retail,255125,43317
2023-01-26,Deportes,Norte,Empresa,62202,20185
2023-03-08,Deportes,Centro,Retail,18462,6497
2023-06-15,Electrodomesticos,Norte,Empresa,40620,7911
2023-06-04,Hogar,Norte,Empresa,98902,28670
2023-03-14,Tecnologia,Sur,Retail,230612,51467
2024-07-15,Electrodomesticos,Centro,Empresa,202676,39300
2024-06-23,Electrodomesticos,Sur,Empresa,228487,43941
2023-08-22,Electrodomesticos,Sur,Retail,230450,39014
2023-09-17,Deportes,Norte,Empresa,48491,13158
2024-03-06,Electrodomesticos,Sur,Empresa,108682,17908
2023-10-01,Vestuario,Sur,Empresa,40539,10706
2024-04-21,Tecnologia,Centro,Empresa,98535,21779
2023-04-18,Hogar,Norte,Retail,118096,30163
2024-03-11,Tecnologia,Sur,Empresa,134426,28904
2023-04-28,Vestuario,Centro,Retail,46580,16572
2024-05-19,Electrodomesticos,Centro,Retail,156446,30960
2024-02-01,Hogar,Centro,Retail,71022,20253
2024-05-26,Deportes,Norte,Retail,86272,30141
2023-05-26,Tecnologia,Centro,Empresa,311448,70434
2023-05-16,Tecnologia,Centro,Empresa,108889,31110
2024-11-01,Electrodomesticos,Norte,Empresa,10000,1942
2024-03-15,Hogar,Sur,Retail,110695,34327
2023-10-22,Tecnologia,Sur,Retail,186200,43128
2024-08-07,Deportes,Sur,Empresa,82716,25449
2023-04-17,Electrodomesticos,Centro,Retail,180639,32055
2024-12-17,Electrodomesticos,Norte,Retail,198092,38877
2024-09-29,Hogar,Norte,Empresa,105521,24719
2024-10-25,Vestuario,Sur,Retail,31833,11474
2023-06-24,Vestuario,Centro,Retail,32103,14008
2023-12-05,Deportes,Centro,Retail,69061,23152
2023-06-29,Tecnologia,Centro,Retail,222712,50265
2023-05-31,Tecnologia,Norte,Empresa,156354,34457
2024-09-17,Hogar,Sur,Empresa,93780,25828
2024-11-25,Deportes,Norte,Empresa,106792,26410
2023-03-11,Deportes,Sur,Retail,10000,2631
2024-06-01,Tecnologia,Sur,Retail,80780,19110
2023-09-27,Vestuario,Norte,Empresa,24670,8741
2023-07-05,Vestuario,Centro,Empresa,56782,21140
2024-09-26,Tecnologia,Norte,Retail,255045,56158
2024-11-11,Hogar,Centro,Retail,105022,31393
2023-11-01,Electrodomesticos,Norte,Empresa,104986,18102
2023-02-13,Hogar,Norte,Empresa,58852,14819
2023-05-06,Electrodomesticos,Sur,Empresa,163739,33858
2024-07-12,Tecnologia,Centro,Empresa,272503,54928
2024-03-14,Hogar,Norte,Empresa,139824,31118
2024-12-27,Hogar,Sur,Retail,96533,29847
2024-02-18,Tecnologia,Centro,Retail,105016,25734
2024-05-12,Hogar,Centro,Retail,114756,29623
2024-11-03,Hogar,Norte,Empresa,63876,20262
2023-03-29,Tecnologia,Norte,Empresa,203550,51332
2023-01-13,Vestuario,Norte,Empresa,55692,22907
2024-04-25,Electrodomesticos,Centro,Retail,112042,20249
2024-01-18,Vestuario,Norte,Empresa,32080,12143
2023-09-21,Hogar,Sur,Empresa,151677,39557
2023-10-16,Tecnologia,Norte,Empresa,163819,37239
2024-05-01,Deportes,Centro,Retail,27247,8457
2024-03-01,Electrodomesticos,Sur,Retail,154421,30580
2024-07-12,Deportes,Centro,Retail,82576,21938
2023-06-30,Tecnologia,Sur,Empresa,279796,66900
2023-07-13,Tecnologia,Norte,Empresa,246986,69001
2024-05-28,Electrodomesticos,Centro,Empresa,183189,35269
2023-12-05,Vestuario,Norte,Retail,60341,21199
2024-03-30,Vestuario,Centro,Retail,33235,11886
2023-09-08,Deportes,Centro,Empresa,56614,16784
2023-01-08,Electrodomesticos,Norte,Retail,205871,38015
2024-12-20,Vestuario,Centro,Retail,40625,13833
2024-08-27,Tecnologia,Sur,Empresa,251956,54586
2023-04-05,Hogar,Centro,Retail,69697,17070
2024-10-19,Electrodomesticos,Norte,Retail,146122,26748
2023-04-09,Vestuario,Centro,Empresa,59089,23743
2023-04-17,Deportes,Norte,Retail,50386,16672
2024-03-01,Hogar,Sur,Retail,160830,46954
2024-10-24,Electrodomesticos,Norte,Retail,115343,20244
2023-12-07,Deportes,Centro,Retail,83493,20944
2023-02-13,Tecnologia,Sur,Retail,220395,48802
2023-11-10,Deportes,Sur,Empresa,45911,15756
2023-03-06,Vestuario,Norte,Empresa,33550,14133
2024-06-13,Hogar,Norte,Retail,98706,28448
2024-01-13,Tecnologia,Sur,Retail,85702,16514
2024-01-17,Tecnologia,Sur,Empresa,54088,11411
2023-04-01,Hogar,Centro,Retail,139481,36578
2024-12-09,Deportes,Norte,Retail,71391,23086
2024-03-24,Electrodomesticos,Norte,Empresa,107208,20538
2024-05-17,Hogar,Norte,Retail,104512,31613
2024-02-16,Tecnologia,Sur,Empresa,151480,34833
2023-08-16,Electrodomesticos,Centro,Retail,203592,35467
2023-10-24,Tecnologia,Centro,Empresa,179126,42736
2024-05-01,Tecnologia,Sur,Empresa,209579,41774
2023-09-05,Vestuario,Sur,Empresa,40447,14131
2024-09-20,Hogar,Centro,Empresa,61517,15623
2023-01-28,Deportes,Norte,Retail,55998,14667
2023-04-27,Vestuario,Norte,Empresa,54522,19685
2024-09-25,Deportes,Sur,Empresa,94507,30742
2023-10-22,Hogar,Sur,Empresa,90452,23635
2023-08-26,Hogar,Centro,Empresa,63883,15690
2024-01-15,Tecnologia,Sur,Retail,188021,39718
2024-02-29,Deportes,Sur,Empresa,125090,41017
2023-01-18,Vestuario,Norte,Retail,45243,16772
2023-10-29,Deportes,Norte,Retail,16319,5233
2024-06-17,Tecnologia,Norte,Retail,267167,63131
2024-11-21,Electrodomesticos,Centro,Empresa,152371,26898
2024-03-23,Hogar,Sur,Empresa,123175,34827
2023-03-27,Vestuario,Sur,Retail,16404,6686
2023-05-29,Vestuario,Norte,Retail,53909,18426
2023-10-26,Deportes,Norte,Retail,87878,27292
2024-10-24,Tecnologia,Sur,Retail,328471,77017
2023-08-02,Electrodomesticos,Norte,Retail,44819,6995
2023-01-11,Vestuario,Sur,Empresa,53135,17717
2024-11-05,Deportes,Centro,Empresa,38543,12602
2024-05-07,Electrodomesticos,Centro,Empresa,183631,27784
2023-08-12,Electrodomesticos,Norte,Empresa,144445,27396
2024-02-01,Vestuario,Sur,Empresa,39797,13568
2024-08-05,Vestuario,Sur,Empresa,73220,24428
2023-11-22,Electrodomesticos,Norte,Empresa,173406,28056
2023-03-25,Tecnologia,Sur,Empresa,242833,52594
2023-12-09,Deportes,Norte,Retail,37614,13587
2023-10-13,Deportes,Sur,Empresa,89518,26105
2024-12-09,Hogar,Norte,Empresa,67068,14392
2023-03-12,Vestuario,Norte,Empresa,52953,17770
2024-11-04,Vestuario,Centro,Retail,28713,9362
2024-12-25,Tecnologia,Norte,Retail,117160,26855
2023-07-17,Tecnologia,Sur,Retail,156255,29833
2023-06-15,Hogar,Centro,Empresa,143648,39587
2024-01-15,Tecnologia,Centro,Retail,218005,45858
2024-06-01,Vestuario,Norte,Retail,23720,8337
2024-06-04,Vestuario,Sur,Retail,37377,16119
2024-03-16,Vestuario,Sur,Retail,71841,32093
2023-12-14,Deportes,Norte,Empresa,66016,17793
2023-03-20,Tecnologia,Sur,Retail,122411,23832
2024-11-13,Tecnologia,Centro,Empresa,124621,25122
2024-10-27,Vestuario,Norte,Empresa,56286,23012
2024-01-12,Electrodomesticos,Sur,Retail,118303,21802
2024-01-06,Tecnologia,Centro,Empresa,88886,17373
2023-01-28,Hogar,Norte,Empresa,144549,40812
2023-03-13,Electrodomesticos,Centro,Empresa,228359,34263
2023-09-18,Tecnologia,Sur,Empresa,175338,35165
2023-03-09,Electrodomesticos,Centro,Empresa,70357,11814
2024-05-27,Electrodomesticos,Centro,Retail,126045,23216
2024-03-26,Electrodomesticos,Centro,Empresa,296455,67211
2024-06-19,Deportes,Norte,Retail,65973,19302
2023-06-08,Vestuario,Centro,Retail,23213,8368
2024-02-25,Deportes,Centro,Empresa,69272,20426
2023-09-03,Deportes,Norte,Retail,76495,22515
2024-08-24,Hogar,Centro,Retail,97946,21674
2024-04-21,Tecnologia,Norte,Empresa,160540,32947
2024-09-20,Deportes,Centro,Empresa,105269,33229
2024-08-29,Tecnologia,Centro,Retail,177231,40010
2024-05-05,Tecnologia,Sur,Retail,286254,67695
2023-02-24,Deportes,Sur,Empresa,82142,24175
2023-10-12,Hogar,Centro,Empresa,59841,20759
2023-10-05,Deportes,Norte,Empresa,84278,26012
2024-09-23,Electrodomesticos,Sur,Empresa,209108,36210
2024-11-09,Tecnologia,Sur,Retail,52014,11806
2023-06-01,Deportes,Norte,Retail,71578,21933
2024-07-25,Deportes,Sur,Retail,89771,25314
2024-02-28,Electrodomesticos,Sur,Empresa,262889,51607
2023-08-29,Deportes,Sur,Empresa,89714,31652
2023-07-02,Hogar,Sur,Empresa,115057,27754
2023-05-12,Hogar,Centro,Retail,138653,36338
2024-02-05,Tecnologia,Norte,Retail,162735,38739
2023-02-20,Deportes,Norte,Retail,65697,20342
2024-06-08,Deportes,Sur,Empresa,77792,20487
2023-10-10,Hogar,Norte,Empresa,86809,24105
2024-06-08,Electrodomesticos,Sur,Retail,250569,42379
2024-02-11,Electrodomesticos,Centro,Retail,235169,45979
2024-09-17,Hogar,Sur,Empresa,88966,23677
2024-03-26,Tecnologia,Norte,Empresa,154343,31334
2023-04-12,Electrodomesticos,Centro,Retail,157326,30722
2023-04-24,Electrodomesticos,Centro,Retail,197639,35033
2023-08-07,Tecnologia,Norte,Empresa,187568,43774
2024-04-22,Electrodomesticos,Norte,Empresa,96327,17772
2023-06-11,Vestuario,Norte,Empresa,22106,7547
2024-05-13,Deportes,Sur,Retail,30878,8715
2024-08-02,Deportes,Norte,Empresa,53185,15476
2024-10-05,Vestuario,Norte,Retail,61526,20655
2023-05-16,Hogar,Sur,Retail,128029,38638
2023-09-07,Tecnologia,Centro,Retail,138184,30676
2024-12-30,Deportes,Centro,Empresa,64086,17981
2023-09-28,Deportes,Sur,Retail,64814,15385
2023-02-01,Electrodomesticos,Centro,Retail,178585,36017
2023-06-11,Electrodomesticos,Sur,Retail,177423,32408
2024-08-28,Vestuario,Centro,Retail,22061,8367
2024-10-11,Vestuario,Sur,Retail,54621,21450
2023-09-09,Vestuario,Centro,Retail,65692,21749
2024-10-24,Deportes,Centro,Retail,61090,20915
2024-10-21,Vestuario,Norte,Retail,19683,7110
2023-08-13,Electrodomesticos,Centro,Retail,109808,18171
2024-12-16,Deportes,Norte,Retail,83194,24725
2024-03-22,Deportes,Norte,Retail,69055,23184
2023-06-05,Deportes,Norte,Empresa,90050,28320
2023-04-28,Tecnologia,Centro,Empresa,212430,50989
2024-06-14,Hogar,Norte,Retail,63441,15208
2024-08-21,Deportes,Sur,Empresa,64381,20646
2024-01-22,Hogar,Sur,Retail,136495,38539
2023-05-25,Hogar,Centro,Empresa,131919,38394
2023-11-07,Vestuario,Norte,Retail,23953,8668
2024-10-13,Hogar,Norte,Retail,134122,35300
2023-01-04,Tecnologia,Sur,Retail,207297,43778
2024-08-29,Electrodomesticos,Norte,Empresa,149511,26180
2024-10-03,Tecnologia,Norte,Retail,186303,35962
2023-03-16,Deportes,Norte,Empresa,86533,28723
2023-07-26,Electrodomesticos,Sur,Retail,217693,35585
2024-03-11,Vestuario,Sur,Retail,55322,21272
2024-11-20,Electrodomesticos,Centro,Retail,184294,30566
2024-05-08,Vestuario,Sur,Empresa,37086,14815
2023-03-15,Electrodomesticos,Sur,Retail,153431,25659
2024-04-08,Deportes,Sur,Retail,47345,13322
2024-10-16,Hogar,Centro,Retail,114224,25568
2024-04-11,Electrodomesticos,Norte,Empresa,82859,12610
2024-08-15,Electrodomesticos,Centro,Empresa,197903,31909
2024-11-12,Electrodomesticos,Sur,Retail,55307,9724
2023-03-22,Electrodomesticos,Sur,Empresa,178844,30126
2023-02-03,Hogar,Centro,Empresa,75639,23764
2024-11-27,Electrodomesticos,Norte,Empresa,241632,44882
2024-07-21,Tecnologia,Centro,Retail,150620,35231
2024-04-04,Tecnologia,Centro,Empresa,187508,41062
2023-12-28,Tecnologia,Centro,Empresa,249358,47268
2024-10-10,Hogar,Sur,Empresa,99049,28034
2024-09-21,Electrodomesticos,Centro,Retail,301378,51449
2023-02-28,Hogar,Sur,Retail,121017,34537
2023-09-07,Tecnologia,Centro,Retail,173761,38930
2024-06-30,Tecnologia,Sur,Retail,291959,65816
2023-10-08,Hogar,Centro,Retail,60319,15430
2024-08-31,Electrodomesticos,Centro,Empresa,235105,42215
2023-09-09,Electrodomesticos,Centro,Retail,206897,33803
2023-10-14,Deportes,Norte,Retail,56227,14179
2023-04-22,Tecnologia,Norte,Empresa,268680,51156
2024-01-05,Vestuario,Norte,Retail,54999,17725
2024-02-29,Hogar,Norte,Empresa,99818,28539
2024-12-23,Electrodomesticos,Sur,Retail,135282,23314
2023-10-06,Hogar,Norte,Empresa,79588,24306
2023-06-17,Deportes,Centro,Retail,98707,23347
2024-10-12,Vestuario,Sur,Retail,43046,14121
2023-07-19,Vestuario,Sur,Empresa,52654,19364
2024-11-03,Tecnologia,Norte,Retail,197786,49113
2024-10-24,Tecnologia,Centro,Empresa,137087,29517
2023-06-22,Hogar,Sur,Empresa,164491,41582
2023-07-15,Deportes,Sur,Retail,105899,35102
2024-07-21,Vestuario,Centro,Retail,30498,10428
2024-12-08,Electrodomesticos,Sur,Empresa,176582,31961
2023-01-28,Vestuario,Norte,Empresa,63875,22242
2024-08-17,Electrodomesticos,Sur,Retail,107484,20523
2024-06-22,Hogar,Norte,Empresa,43891,9032
2023-08-04,Deportes,Sur,Empresa,66305,18380
2023-07-28,Deportes,Norte,Empresa,78987,22424
2024-03-27,Deportes,Norte,Empresa,45964,12090
2024-06-28,Tecnologia,Sur,Retail,194714,45045
2023-09-18,Tecnologia,Norte,Empresa,123709,24595
2024-01-20,Deportes,Centro,Retail,76114,24222
2023-11-10,Tecnologia,Centro,Retail,108734,26885
2023-01-13,Deportes,Norte,Empresa,70747,20842
2023-10-07,Electrodomesticos,Sur,Retail,186067,30212
2024-05-15,Hogar,Sur,Empresa,124622,40769
2023-01-08,Electrodomesticos,Norte,Empresa,85170,13725
2023-08-17,Vestuario,Sur,Retail,46257,13185
2024-02-17,Electrodomesticos,Centro,Empresa,143525,24190
2024-08-01,Tecnologia,Sur,Empresa,227982,60945
2024-09-06,Electrodomesticos,Centro,Retail,255699,43211
2024-03-29,Deportes,Norte,Empresa,32665,11222
2023-11-20,Electrodomesticos,Centro,Empresa,150119,25189
2024-03-02,Vestuario,Norte,Retail,25438,8104
2023-07-07,Deportes,Centro,Retail,67849,21006
2023-10-23,Hogar,Norte,Empresa,116022,34198
2024-02-04,Hogar,Centro,Retail,135218,40113
2024-09-13,Tecnologia,Centro,Retail,145892,33956
2023-07-05,Vestuario,Norte,Retail,59342,17521
2023-06-01,Hogar,Sur,Retail,121536,35035
2023-11-16,Deportes,Centro,Retail,53882,15661
2024-01-21,Electrodomesticos,Centro,Empresa,160811,30054
2023-06-21,Deportes,Sur,Empresa,81109,22813
2023-02-20,Electrodomesticos,Norte,Retail,226896,43468
2023-08-15,Deportes,Sur,Empresa,65771,20244
2023-08-27,Vestuario,Sur,Empresa,28390,10958
2024-10-13,Vestuario,Centro,Retail,64663,20313
2023-06-17,Deportes,Sur,Empresa,80572,27381
2023-02-25,Tecnologia,Centro,Empresa,113390,23762
2023-06-01,Hogar,Norte,Retail,111652,34498
2023-07-16,Hogar,Norte,Empresa,21037,5789
2024-07-21,Deportes,Norte,Retail,55568,14717
2024-08-24,Vestuario,Centro,Retail,55417,18849
2023-03-18,Deportes,Centro,Empresa,10000,3076
2023-07-06,Hogar,Sur,Empresa,122763,33020
2023-12-11,Vestuario,Norte,Retail,35585,11507
2023-09-10,Electrodomesticos,Sur,Retail,165315,26674
2023-05-01,Hogar,Norte,Empresa,121013,33769
2024-02-07,Hogar,Norte,Empresa,84587,21121
2023-09-27,Tecnologia,Sur,Empresa,144617,22902
2023-08-09,Vestuario,Norte,Retail,50804,18994
2023-03-04,Electrodomesticos,Sur,Empresa,126172,26960
2024-02-05,Electrodomesticos,Centro,Retail,165244,30916
2023-05-17,Vestuario,Sur,Empresa,28948,9367
2024-04-22,Hogar,Centro,Empresa,88017,28836
2023-10-13,Hogar,Sur,Empresa,84141,22526
2023-02-01,Tecnologia,Centro,Empresa,193799,46696
2023-05-29,Hogar,Centro,Retail,94473,24399
2024-06-19,Deportes,Centro,Empresa,65602,18706
2023-05-03,Hogar,Sur,Retail,93445,27680
2023-08-29,Hogar,Sur,Retail,96973,29269
2023-04-22,Deportes,Sur,Empresa,76274,22308
2023-08-14,Tecnologia,Norte,Empresa,150886,36866
2023-05-16,Tecnologia,Sur,Empresa,280043,56072
2023-06-23,Electrodomesticos,Centro,Empresa,156273,28356
2023-11-21,Deportes,Norte,Retail,23240,6964
2023-07-31,Deportes,Sur,Retail,64726,21532
2024-01-24,Vestuario,Centro,Empresa,57081,22557
2023-05-23,Electrodomesticos,Sur,Retail,174927,35471
2023-02-09,Tecnologia,Norte,Retail,93155,21120
2024-06-22,Hogar,Norte,Retail,81136,19421
2023-03-26,Tecnologia,Sur,Empresa,212047,44814
2024-09-24,Electrodomesticos,Sur,Retail,154660,24787
2023-04-21,Tecnologia,Sur,Retail,97565,26197
2024-02-02,Vestuario,Centro,Retail,47835,15448
2024-11-09,Hogar,Centro,Empresa,39540,10518
2024-07-16,Electrodomesticos,Sur,Retail,140391,21865
2024-03-26,Hogar,Norte,Retail,95956,25458
2023-01-07,Tecnologia,Centro,Retail,219540,47310
2023-08-16,Deportes,Centro,Retail,71949,22544
2023-12-27,Hogar,Sur,Retail,95142,26656
2024-11-21,Deportes,Centro,Empresa,105030,33860
2024-01-17,Hogar,Centro,Retail,152357,38659
2024-04-10,Hogar,Norte,Empresa,54807,15909
2023-09-12,Electrodomesticos,Norte,Retail,160390,26266
2024-04-12,Vestuario,Sur,Retail,27924,10448
2023-04-21,Hogar,Norte,Empresa,109861,26202
2024-11-12,Tecnologia,Norte,Empresa,276427,67999
2024-09-24,Hogar,Centro,Empresa,111623,28937
2024-05-10,Hogar,Sur,Empresa,26727,8569
2024-08-19,Electrodomesticos,Centro,Retail,255286,43274
2024-01-06,Tecnologia,Norte,Retail,239463,55507
2023-10-15,Hogar,Sur,Retail,127305,36978
2024-08-13,Vestuario,Centro,Retail,49339,16981
2024-04-24,Tecnologia,Centro,Empresa,153000,28844
2023-08-30,Deportes,Sur,Retail,14986,5113
2023-10-13,Tecnologia,Norte,Empresa,246398,61023
2023-07-26,Vestuario,Centro,Retail,32126,9905
2024-12-05,Deportes,Norte,Empresa,65621,20816
2023-09-12,Deportes,Sur,Empresa,25876,6183
2023-10-12,Hogar,Centro,Empresa,92383,24406
2024-01-13,Hogar,Sur,Retail,128612,31801
2023-02-17,Vestuario,Norte,Retail,75716,29955
2024-10-01,Vestuario,Sur,Retail,53428,18758
2023-05-15,Hogar,Centro,Retail,99636,27406
2024-01-01,Electrodomesticos,Centro,Retail,168395,29858
2024-01-21,Vestuario,Sur,Empresa,42968,14538
2024-06-21,Hogar,Sur,Empresa,69504,20762
2023-07-07,Deportes,Sur,Retail,62055,18278
2024-08-30,Deportes,Centro,Empresa,23492,6402
2023-01-16,Deportes,Norte,Empresa,110015,32739
2024-07-03,Hogar,Sur,Retail,63435,18965
2023-04-12,Vestuario,Sur,Empresa,10000,3110
2023-03-02,Hogar,Norte,Empresa,112538,34850
2024-04-23,Tecnologia,Centro,Empresa,154647,36011
2023-03-29,Hogar,Sur,Retail,36935,8851
2023-08-01,Electrodomesticos,Sur,Empresa,271402,40154
2023-03-28,Vestuario,Norte,Empresa,72330,25322
2024-04-11,Hogar,Norte,Empresa,107182,26338
2024-04-28,Vestuario,Norte,Retail,26124,7978
2024-12-21,Tecnologia,Sur,Empresa,200084,41751
2024-09-15,Hogar,Norte,Retail,45292,12293
2023-08-17,Vestuario,Centro,Empresa,50604,15694
2023-07-07,Deportes,Centro,Retail,63938,20381
2023-10-13,Electrodomesticos,Sur,Retail,34611,6230
2023-11-26,Tecnologia,Norte,Empresa,274659,60307
2023-04-04,Tecnologia,Norte,Empresa,167486,35933
2024-11-24,Electrodomesticos,Sur,Empresa,95588,16975
2024-10-15,Electrodomesticos,Centro,Retail,246681,44803
2024-03-02,Electrodomesticos,Norte,Empresa,192631,33122
2024-07-07,Electrodomesticos,Norte,Retail,115895,21816
2023-11-23,Deportes,Centro,Retail,42983,11298
2023-06-29,Hogar,Norte,Empresa,76877,16867
2023-08-03,Vestuario,Centro,Retail,34691,11639
2024-12-08,Tecnologia,Norte,Retail,230459,60663
2023-07-25,Tecnologia,Norte,Retail,171319,33663
2023-08-19,Deportes,Centro,Empresa,62776,19183
2023-07-27,Hogar,Norte,Retail,99798,32502
2023-10-16,Electrodomesticos,Centro,Empresa,209239,40623
2023-06-13,Electrodomesticos,Centro,Retail,163462,31670
2023-01-05,Deportes,Norte,Empresa,45727,13830
2023-02-22,Tecnologia,Sur,Retail,260452,67964
2023-09-02,Hogar,Centro,Empresa,91780,27773
2023-08-13,Hogar,Sur,Retail,42162,11334
2023-06-10,Tecnologia,Centro,Empresa,245532,70231
2024-11-06,Tecnologia,Norte,Retail,167817,42120
2023-02-14,Tecnologia,Norte,Retail,158604,34019
2023-12-05,Tecnologia,Centro,Empresa,208808,49202
2024-10-05,Electrodomesticos,Sur,Retail,123813,23286
2024-04-02,Electrodomesticos,Centro,Retail,200680,36098
2024-11-01,Electrodomesticos,Norte,Retail,32939,5710
2024-04-15,Hogar,Centro,Empresa,108146,28307
2024-01-04,Vestuario,Centro,Empresa,81820,28747
2023-06-20,Vestuario,Sur,Empresa,54179,21794
2023-12-12,Electrodomesticos,Sur,Empresa,52082,10163
2024-05-30,Hogar,Centro,Retail,10000,3071
2024-09-06,Deportes,Centro,Retail,68989,19173
2023-06-26,Electrodomesticos,Sur,Retail,185709,40184
2024-08-21,Vestuario,Centro,Retail,56680,24492
2023-04-30,Electrodomesticos,Centro,Empresa,215425,36048
2023-05-28,Vestuario,Sur,Empresa,56235,23146
2024-04-19,Deportes,Sur,Empresa,45948,16476
2024-05-21,Deportes,Norte,Retail,57319,18722
2024-02-02,Tecnologia,Sur,Retail,207619,42602
2024-07-05,Deportes,Norte,Empresa,33917,10327
2024-01-16,Vestuario,Sur,Retail,36035,11714
2023-08-14,Electrodomesticos,Centro,Retail,183170,35766
2024-02-22,Hogar,Norte,Empresa,60000,16023
2023-01-27,Tecnologia,Norte,Empresa,197647,49907
2023-04-29,Hogar,Sur,Retail,68654,17384
2024-07-18,Hogar,Centro,Empresa,119568,34461
2024-09-28,Vestuario,Sur,Empresa,39549,12792
2024-03-23,Electrodomesticos,Centro,Empresa,267587,48530
2023-08-22,Vestuario,Sur,Retail,72821,25702
2024-02-12,Tecnologia,Norte,Retail,192095,52873
2023-08-31,Vestuario,Norte,Empresa,66898,22779
2023-11-27,Tecnologia,Sur,Empresa,88814,19976
2024-05-27,Hogar,Norte,Retail,68049,18817
2024-04-28,Hogar,Centro,Retail,68102,20603
2024-12-13,Electrodomesticos,Sur,Empresa,222071,42280
2024-04-09,Deportes,Centro,Retail,124110,39874
2023-01-19,Deportes,Sur,Empresa,60888,17410
2023-10-11,Electrodomesticos,Sur,Retail,209166,37267
2024-02-18,Tecnologia,Norte,Empresa,119707,24523
2024-03-29,Vestuario,Norte,Empresa,46004,15811
2023-10-26,Vestuario,Centro,Retail,45560,17113
2024-05-26,Electrodomesticos,Sur,Retail,120909,22794
2023-02-11,Electrodomesticos,Centro,Retail,209695,42186
2023-05-11,Tecnologia,Sur,Retail,60968,11955
2023-08-03,Deportes,Norte,Retail,73716,26216
2024-01-30,Deportes,Norte,Empresa,46408,15590
2023-09-28,Hogar,Centro,Empresa,78538,17045
2023-07-13,Electrodomesticos,Centro,Empresa,157697,29293
2023-08-15,Vestuario,Sur,Empresa,51741,18331
2024-10-28,Hogar,Centro,Retail,85066,23125
2023-08-21,Tecnologia,Centro,Empresa,250256,48018
2023-11-11,Hogar,Sur,Empresa,16526,4445
2023-03-26,Electrodomesticos,Sur,Empresa,147220,27451
2023-03-17,Tecnologia,Norte,Empresa,145430,34489
2024-06-02,Vestuario,Norte,Retail,22120,8234
2024-04-21,Deportes,Centro,Retail,54269,17834
2024-09-20,Deportes,Norte,Empresa,50665,13833
2023-10-30,Hogar,Centro,Empresa,98784,25508
2024-09-24,Deportes,Centro,Retail,80894,26827
2024-04-17,Deportes,Norte,Empresa,53946,19010
2024-08-23,Tecnologia,Centro,Empresa,73922,14839
2024-10-03,Tecnologia,Sur,Empresa,201575,32962
2024-03-24,Hogar,Sur,Empresa,51448,13750
2023-04-12,Vestuario,Centro,Retail,50164,19289
2024-06-09,Hogar,Centro,Empresa,83961,22805
2024-04-09,Electrodomesticos,Centro,Empresa,192751,29991
2023-07-20,Hogar,Sur,Empresa,79120,23499
2024-04-04,Electrodomesticos,Sur,Retail,155892,34549
2023-07-23,Hogar,Centro,Empresa,61924,14908
2023-04-02,Tecnologia,Sur,Retail,205014,39084
2024-12-11,Hogar,Norte,Empresa,105301,26217
2024-11-04,Electrodomesticos,Sur,Retail,166327,31955
2023-03-11,Electrodomesticos,Norte,Retail,151906,28226
2024-03-17,Electrodomesticos,Norte,Retail,80422,16039
2024-10-23,Tecnologia,Norte,Retail,319823,76844
2023-07-22,Electrodomesticos,Norte,Empresa,263738,47126
2023-10-13,Electrodomesticos,Norte,Retail,186760,38032
2024-06-22,Hogar,Sur,Empresa,59588,16082
2024-08-03,Tecnologia,Centro,Empresa,144574,33507
2023-07-20,Vestuario,Norte,Empresa,48538,15379
2023-06-25,Electrodomesticos,Sur,Retail,143227,24965
2024-05-16,Vestuario,Sur,Retail,56681,21418
2024-03-31,Hogar,Centro,Retail,53807,14295
2023-02-25,Deportes,Centro,Retail,39514,12891
2024-12-30,Vestuario,Sur,Retail,77032,24360
2023-04-12,Tecnologia,Norte,Retail,161326,35733
2024-10-12,Hogar,Sur,Empresa,51106,16346
2024-01-21,Vestuario,Norte,Empresa,36264,13702
2023-04-30,Tecnologia,Norte,Retail,226583,46030
2023-09-05,Hogar,Norte,Empresa,150253,44496
2023-05-04,Hogar,Norte,Retail,128598,31043
2023-12-29,Tecnologia,Norte,Empresa,185616,35674
2023-12-25,Tecnologia,Centro,Empresa,341177,76130
2023-04-18,Tecnologia,Norte,Empresa,135771,24613
2023-03-21,Electrodomesticos,Centro,Retail,277039,56095
2023-02-24,Deportes,Sur,Empresa,35682,10910
2023-12-16,Deportes,Centro,Empresa,51247,17356
2024-07-17,Hogar,Sur,Retail,102510,23413
2024-11-30,Hogar,Norte,Retail,114647,36206
2024-07-15,Tecnologia,Norte,Retail,200908,50067
2024-02-25,Tecnologia,Norte,Retail,73299,17685
2023-12-26,Deportes,Norte,Retail,23978,7737
2023-04-28,Vestuario,Centro,Empresa,28263,9259
2024-12-08,Electrodomesticos,Sur,Retail,150203,32661
2024-07-31,Electrodomesticos,Norte,Retail,202103,41065
2023-01-22,Tecnologia,Centro,Retail,169965,32512
2023-01-30,Tecnologia,Centro,Empresa,111828,20230
2024-05-26,Electrodomesticos,Centro,Retail,240447,41714
2024-11-21,Vestuario,Norte,Retail,63500,19577
2023-02-26,Electrodomesticos,Sur,Empresa,173547,26972
2024-08-16,Tecnologia,Centro,Empresa,201203,45358
2024-07-10,Vestuario,Sur,Empresa,31582,13322
2024-04-11,Tecnologia,Centro,Retail,215729,50708
2023-01-03,Electrodomesticos,Norte,Retail,155768,28430
2023-08-25,Deportes,Sur,Retail,93431,31007
2023-08-22,Electrodomesticos,Sur,Retail,152541,28875
2024-09-27,Deportes,Norte,Retail,79204,22478
2024-08-13,Electrodomesticos,Sur,Retail,162323,31536
2024-12-25,Vestuario,Centro,Retail,43248,12717
2024-07-21,Tecnologia,Norte,Empresa,158323,37652
2023-07-26,Hogar,Norte,Empresa,99614,24913
2023-02-13,Deportes,Sur,Empresa,75536,17292
2024-04-21,Hogar,Centro,Retail,123417,30717
2024-08-13,Tecnologia,Norte,Empresa,215242,48107
2023-03-17,Deportes,Sur,Empresa,96925,28663
2023-04-28,Tecnologia,Norte,Empresa,175889,41513
2024-11-02,Vestuario,Norte,Empresa,51243,16143
2023-09-22,Electrodomesticos,Norte,Retail,108907,19659
2024-03-04,Vestuario,Norte,Empresa,43304,17835
2024-05-18,Electrodomesticos,Sur,Empresa,206568,38042
2024-02-22,Hogar,Sur,Empresa,76685,19396
2024-12-10,Hogar,Sur,Empresa,98374,25761
2024-09-06,Tecnologia,Norte,Empresa,176134,38104
2024-10-19,Tecnologia,Centro,Retail,186987,40873
2023-08-06,Tecnologia,Sur,Retail,199288,44263
2023-06-01,Electrodomesticos,Centro,Retail,164230,24712
2024-10-17,Tecnologia,Centro,Empresa,166821,38449
2024-06-26,Deportes,Sur,Empresa,44484,12322
2023-07-06,Vestuario,Centro,Empresa,48593,11757
2023-02-07,Electrodomesticos,Centro,Retail,219811,38487
2024-05-26,Vestuario,Sur,Empresa,17725,6415
2023-10-03,Deportes,Sur,Retail,62619,16911
2023-11-29,Hogar,Centro,Empresa,94981,26749
2023-08-30,Electrodomesticos,Norte,Empresa,194242,37167
2024-02-22,Electrodomesticos,Sur,Retail,142367,22481
2023-11-02,Hogar,Sur,Empresa,98464,29431
2023-11-02,Hogar,Norte,Empresa,111949,34160
2023-01-31,Vestuario,Sur,Empresa,59247,22342
2023-01-21,Deportes,Norte,Empresa,34211,9349
2023-05-17,Vestuario,Centro,Empresa,46455,14023
2023-07-17,Hogar,Norte,Retail,153482,41261
2024-03-30,Hogar,Centro,Empresa,70906,18746
2023-10-08,Electrodomesticos,Norte,Retail,116856,19973
2023-04-07,Vestuario,Centro,Retail,33538,9467
2024-12-21,Tecnologia,Centro,Empresa,121381,33375
2023-12-29,Tecnologia,Norte,Retail,182968,49876
2024-03-13,Hogar,Centro,Empresa,71757,16982
2023-05-07,Deportes,Centro,Retail,50018,17795
2023-04-22,Vestuario,Norte,Empresa,60929,18176
2024-03-26,Vestuario,Norte,Empresa,55910,20606
2024-06-30,Vestuario,Sur,Empresa,59996,22241
2023-09-01,Deportes,Sur,Empresa,77599,22079
2023-10-11,Deportes,Centro,Empresa,60023,15081
2023-12-20,Electrodomesticos,Sur,Empresa,128007,22602
2023-04-15,Vestuario,Norte,Empresa,62836,22460
2023-06-02,Hogar,Norte,Empresa,116274,34915
2024-06-28,Hogar,Centro,Empresa,66476,17162
2024-04-14,Hogar,Sur,Retail,30185,8794
2024-08-26,Tecnologia,Centro,Empresa,186792,39821
2024-05-17,Electrodomesticos,Norte,Empresa,143409,23969
2024-10-03,Deportes,Norte,Empresa,67143,20384
2024-09-29,Hogar,Centro,Retail,83552,22924
2024-04-10,Hogar,Norte,Empresa,87807,20616
2023-05-21,Hogar,Sur,Retail,144983,43645
2023-07-17,Deportes,Norte,Empresa,99595,25661
2023-12-19,Tecnologia,Centro,Retail,196431,44130
2023-08-13,Hogar,Sur,Empresa,65709,19839
2023-12-29,Vestuario,Norte,Retail,39080,12314
2023-10-09,Deportes,Sur,Empresa,55247,14550
2023-01-18,Hogar,Norte,Empresa,85675,22389
2024-08-05,Electrodomesticos,Centro,Empresa,113715,20553
2023-08-19,Electrodomesticos,Centro,Empresa,228311,45898
2024-05-13,Vestuario,Centro,Empresa,50718,20269
2024-10-18,Electrodomesticos,Norte,Empresa,90458,16103
2024-01-26,Tecnologia,Norte,Retail,200768,44678
2024-02-01,Tecnologia,Centro,Empresa,305167,52199
2023-02-27,Electrodomesticos,Centro,Retail,110041,23604
2024-06-14,Hogar,Sur,Empresa,95601,25812
2024-06-21,Deportes,Centro,Empresa,55091,18270
2024-05-02,Tecnologia,Centro,Empresa,262110,61255
2023-03-05,Vestuario,Norte,Retail,39967,13791
2023-06-11,Electrodomesticos,Sur,Empresa,128116,21399
2024-03-18,Tecnologia,Sur,Retail,187431,43726
2024-11-21,Tecnologia,Norte,Retail,252081,60707
2024-08-03,Tecnologia,Sur,Retail,198441,39293
2024-03-13,Deportes,Sur,Empresa,58795,16074
2023-03-23,Electrodomesticos,Centro,Retail,172799,26460
2023-03-11,Hogar,Norte,Retail,112578,29532
2024-01-30,Hogar,Norte,Retail,44822,14529
2024-10-23,Vestuario,Sur,Retail,59207,21033
2023-07-13,Deportes,Centro,Empresa,76222,24027
2024-11-13,Deportes,Sur,Empresa,45001,14677
2024-06-23,Tecnologia,Norte,Retail,78610,15044
2024-12-03,Vestuario,Norte,Empresa,61570,24908
2023-04-30,Deportes,Norte,Empresa,43349,12044
2023-02-03,Hogar,Centro,Empresa,120056,34419
2024-01-30,Vestuario,Sur,Retail,25513,10767
2024-10-23,Tecnologia,Sur,Empresa,177611,48339
2023-03-10,Hogar,Centro,Empresa,105943,35027
2024-05-23,Tecnologia,Sur,Retail,144068,29886
2024-08-07,Hogar,Centro,Retail,51104,15793
2024-09-03,Deportes,Centro,Empresa,56320,16796
2024-01-06,Vestuario,Sur,Empresa,44560,14758
2023-05-10,Electrodomesticos,Centro,Retail,118827,23533
2024-06-30,Deportes,Sur,Empresa,28855,8539
2024-01-10,Tecnologia,Norte,Retail,279812,54727
2023-12-05,Electrodomesticos,Centro,Retail,81912,14268
2023-12-28,Vestuario,Norte,Retail,10000,3072
2024-04-01,Hogar,Norte,Retail,78008,17339
2023-09-16,Tecnologia,Sur,Empresa,215050,48405
2024-07-16,Deportes,Norte,Empresa,66194,18794
2023-08-06,Vestuario,Centro,Retail,57039,18673
2024-01-27,Tecnologia,Norte,Retail,39411,8508
2024-12-21,Hogar,Centro,Retail,101730,22774
2024-04-07,Tecnologia,Sur,Retail,167625,36581
2024-11-09,Tecnologia,Sur,Retail,185895,40660
2024-07-29,Deportes,Centro,Retail,64754,22770
2024-03-31,Tecnologia,Centro,Empresa,142119,30015
2024-05-01,Tecnologia,Sur,Empresa,221572,53401
2024-03-11,Tecnologia,Norte,Retail,182830,45221
2024-05-28,Tecnologia,Centro,Empresa,210521,43021
2024-12-09,Vestuario,Sur,Empresa,59238,22070
2023-06-27,Electrodomesticos,Sur,Empresa,240611,39217
2023-05-20,Vestuario,Norte,Empresa,59067,18766
2023-03-31,Vestuario,Centro,Retail,34440,12811
2023-03-31,Deportes,Centro,Retail,77717,25750
2023-09-12,Vestuario,Centro,Empresa,45649,16535
2024-01-26,Tecnologia,Sur,Empresa,90721,17668
2023-08-04,Deportes,Sur,Empresa,70072,22509
2023-01-28,Deportes,Norte,Retail,57985,17141
2023-06-19,Deportes,Norte,Empresa,48240,13221
2023-06-14,Tecnologia,Norte,Empresa,213690,48289
2024-12-15,Vestuario,Sur,Empresa,51384,16556
2023-10-14,Vestuario,Norte,Retail,65609,21397
2024-01-04,Vestuario,Norte,Retail,41531,11594
2024-07-21,Hogar,Centro,Retail,82701,23239
2024-12-29,Hogar,Centro,Empresa,84973,27045
2024-01-27,Tecnologia,Norte,Retail,170603,26506
2024-08-27,Vestuario,Sur,Empresa,32464,12436
2024-12-18,Deportes,Norte,Empresa,68476,22532
2023-02-28,Electrodomesticos,Centro,Empresa,195760,34809
2024-07-20,Hogar,Norte,Empresa,115463,33695
2023-12-31,Deportes,Norte,Retail,57953,15744
2024-07-21,Hogar,Centro,Retail,89376,26490
2023-10-26,Vestuario,Sur,Empresa,53320,21880
2023-11-18,Deportes,Norte,Empresa,66182,22930
2024-11-17,Hogar,Norte,Retail,160429,49062
2023-06-02,Tecnologia,Centro,Empresa,167955,35559
2024-10-05,Hogar,Centro,Retail,90445,27740
2023-05-05,Electrodomesticos,Norte,Retail,174101,35918
2024-06-13,Hogar,Centro,Empresa,97445,28103
2023-12-24,Vestuario,Norte,Empresa,44885,16549
2023-02-21,Electrodomesticos,Centro,Retail,222592,32149
2024-08-15,Vestuario,Sur,Empresa,47622,15270
2024-09-20,Vestuario,Sur,Retail,32144,13515
2023-11-13,Vestuario,Centro,Retail,51213,15333
2023-03-31,Vestuario,Norte,Retail,31219,11457
2023-12-17,Vestuario,Sur,Empresa,44474,16233
2024-11-25,Hogar,Centro,Empresa,93802,26236
2023-09-30,Vestuario,Norte,Empresa,38307,12366
2023-01-26,Vestuario,Sur,Empresa,46074,17750
2024-11-01,Tecnologia,Norte,Empresa,193480,39972
2024-05-28,Deportes,Sur,Retail,96810,23784
2023-02-24,Deportes,Norte,Retail,46310,14947
2024-10-07,Deportes,Centro,Retail,102721,31627
2024-12-23,Hogar,Sur,Empresa,54285,15015
2024-03-01,Tecnologia,Sur,Empresa,63880,14498
2024-04-18,Vestuario,Sur,Retail,40561,12858
2024-11-17,Hogar,Centro,Empresa,120081,33570
2024-06-10,Hogar,Norte,Empresa,120731,27630
2024-03-23,Electrodomesticos,Centro,Empresa,196157,38293
2024-02-26,Hogar,Norte,Retail,50258,14629
2024-01-04,Vestuario,Centro,Empresa,45560,15903
2024-11-11,Hogar,Centro,Empresa,129227,38216
2024-03-14,Tecnologia,Centro,Retail,152182,36211
2024-03-08,Tecnologia,Centro,Empresa,40502,8223
2023-05-11,Vestuario,Centro,Empresa,42645,15991
2024-03-05,Deportes,Norte,Retail,47250,14691
2023-06-09,Hogar,Norte,Empresa,131847,31188
2023-05-08,Hogar,Norte,Retail,64572,17840
2024-11-10,Deportes,Sur,Retail,84300,29322
2024-08-22,Vestuario,Norte,Retail,33264,11907
2024-12-14,Tecnologia,Sur,Empresa,133389,34047
2024-05-14,Deportes,Norte,Retail,63059,16389
2023-04-27,Tecnologia,Norte,Retail,159696,38350
2023-05-24,Hogar,Centro,Empresa,114704,30529
2023-10-14,Electrodomesticos,Sur,Retail,81093,14141
2024-02-26,Hogar,Sur,Empresa,51789,16234
2023-04-05,Tecnologia,Norte,Empresa,272757,62944
2024-01-04,Hogar,Norte,Retail,82191,21026
2024-10-08,Vestuario,Sur,Retail,56866,20502
2023-01-21,Electrodomesticos,Norte,Retail,212549,30026
2023-02-04,Vestuario,Norte,Retail,51554,20985
2024-08-16,Electrodomesticos,Norte,Empresa,188393,31887
2023-12-01,Deportes,Norte,Empresa,87760,25125
2024-11-26,Deportes,Norte,Empresa,60156,21630
2023-02-01,Deportes,Centro,Empresa,64090,18342
2024-07-30,Tecnologia,Norte,Retail,102478,21107
2023-10-29,Tecnologia,Centro,Empresa,181107,44137
2024-07-19,Deportes,Norte,Empresa,41326,12878
2023-10-29,Vestuario,Norte,Retail,47519,15972
2023-08-03,Electrodomesticos,Sur,Retail,138152,27064
2023-05-13,Electrodomesticos,Norte,Retail,142112,23449
2023-12-05,Electrodomesticos,Sur,Empresa,168987,35297
2023-06-15,Tecnologia,Centro,Retail,98380,17950
2023-07-19,Tecnologia,Centro,Retail,229669,48029
2024-07-23,Electrodomesticos,Centro,Retail,140029,24613
2024-05-24,Hogar,Sur,Retail,90983,26980
2024-02-25,Hogar,Centro,Empresa,100045,31493
2024-08-12,Tecnologia,Norte,Retail,151198,37472
2023-09-01,Vestuario,Sur,Empresa,29156,8509
2023-11-23,Hogar,Centro,Empresa,66669,17062
2023-02-03,Hogar,Norte,Empresa,45770,12842
2024-09-11,Electrodomesticos,Norte,Retail,156159,31221
2023-04-29,Vestuario,Norte,Retail,37248,12577
2024-03-20,Electrodomesticos,Sur,Retail,243454,36347
2024-03-21,Hogar,Norte,Empresa,135450,36302
2023-09-25,Tecnologia,Centro,Empresa,112031,27106
2024-08-15,Deportes,Centro,Empresa,56498,16596
2024-01-27,Deportes,Sur,Empresa,97401,33409
2023-05-23,Tecnologia,Sur,Empresa,219701,50464
2024-01-19,Deportes,Centro,Retail,76361,25311
2023-01-16,Electrodomesticos,Sur,Retail,168708,25177
2023-06-02,Deportes,Sur,Retail,78049,27122
2024-08-15,Electrodomesticos,Centro,Retail,138185,28182
2023-11-02,Deportes,Centro,Empresa,87635,25579
2023-03-15,Deportes,Sur,Retail,48361,14183
2024-05-30,Vestuario,Centro,Empresa,25427,9202
2024-01-26,Vestuario,Sur,Empresa,44958,13440
2024-05-31,Deportes,Sur,Retail,70841,23165
2023-05-09,Electrodomesticos,Centro,Retail,152540,23871
2024-09-09,Vestuario,Centro,Empresa,62307,22635
2023-10-27,Electrodomesticos,Norte,Empresa,157899,31540
2023-03-23,Deportes,Sur,Retail,82820,26355
2024-02-25,Hogar,Sur,Empresa,154133,44130
2024-09-27,Tecnologia,Norte,Retail,41204,9571
2024-03-03,Electrodomesticos,Centro,Retail,157541,29027
2023-05-26,Tecnologia,Sur,Retail,260438,61435
2024-12-13,Tecnologia,Centro,Retail,179343,39845
2023-07-07,Tecnologia,Norte,Retail,189864,46046
2023-05-21,Vestuario,Norte,Retail,66784,19918
2023-06-28,Deportes,Centro,Retail,41861,12304
2023-04-05,Electrodomesticos,Sur,Empresa,88904,18791
2023-07-22,Hogar,Norte,Retail,130785,40968
2024-06-21,Electrodomesticos,Sur,Empresa,169373,33044
2023-06-05,Electrodomesticos,Norte,Empresa,48874,10325
2023-07-11,Tecnologia,Sur,Retail,19495,4493
2023-09-02,Hogar,Norte,Retail,91424,25488
2024-06-30,Hogar,Centro,Retail,119378,33579
2024-05-25,Vestuario,Sur,Empresa,64293,21232
2023-12-18,Vestuario,Norte,Empresa,32373,10596
2023-11-27,Hogar,Centro,Retail,70858,19069
2024-02-23,Vestuario,Sur,Empresa,26424,10458
2023-08-03,Vestuario,Centro,Empresa,54026,19406
2024-01-11,Tecnologia,Sur,Empresa,146626,37179
2024-10-28,Vestuario,Centro,Empresa,43836,13452
2023-11-08,Electrodomesticos,Norte,Empresa,92717,18257
2023-04-13,Hogar,Sur,Empresa,143927,36984
2024-06-23,Vestuario,Norte,Retail,55918,22636
2024-08-20,Hogar,Sur,Retail,111867,34944
2023-09-07,Deportes,Centro,Retail,39325,12464
2023-01-27,Deportes,Sur,Empresa,79239,23951
2023-08-12,Electrodomesticos,Sur,Empresa,75313,15018
2023-10-18,Tecnologia,Centro,Retail,208352,42043
2023-11-01,Electrodomesticos,Sur,Empresa,204831,37354
2024-02-25,Hogar,Sur,Empresa,51739,11995
2024-08-19,Tecnologia,Norte,Retail,249778,64776
2023-12-01,Deportes,Norte,Retail,43534,12127
2023-12-11,Hogar,Centro,Empresa,87088,25955
2024-09-13,Electrodomesticos,Sur,Empresa,203249,46566
2024-03-25,Tecnologia,Centro,Empresa,212014,50689
2024-01-19,Vestuario,Sur,Retail,20391,5289
2024-08-26,Hogar,Sur,Empresa,67148,14207
2023-07-20,Deportes,Sur,Retail,82162,28236
2024-04-04,Vestuario,Norte,Retail,49062,15472
2024-07-06,Hogar,Norte,Empresa,64962,20066
2024-07-18,Vestuario,Norte,Retail,65689,25661
2023-06-13,Deportes,Sur,Empresa,31855,8999
2024-04-21,Hogar,Sur,Retail,71803,23000
2023-11-15,Electrodomesticos,Norte,Empresa,201105,31325
2024-09-15,Tecnologia,Centro,Empresa,282615,57884
2023-09-08,Hogar,Centro,Retail,75357,21477
2023-02-10,Deportes,Norte,Empresa,52595,13769
2023-08-12,Electrodomesticos,Centro,Retail,245583,47304
2023-03-11,Electrodomesticos,Norte,Retail,126862,26878
2024-10-27,Hogar,Centro,Retail,103768,26753
2024-06-10,Vestuario,Norte,Retail,22086,7231
2024-01-25,Electrodomesticos,Norte,Retail,117203,22283
2023-05-29,Electrodomesticos,Sur,Retail,115233,18356
2024-02-05,Deportes,Norte,Retail,79644,21383
2023-07-29,Electrodomesticos,Centro,Retail,108993,21165
2024-07-22,Deportes,Norte,Empresa,42162,12280
2023-12-02,Electrodomesticos,Norte,Retail,216085,45821
2023-01-27,Tecnologia,Sur,Empresa,137123,32214
2024-07-12,Hogar,Norte,Retail,81821,22389
2024-01-21,Hogar,Centro,Empresa,39443,12380
2023-01-31,Electrodomesticos,Norte,Empresa,165120,26672
2024-02-25,Electrodomesticos,Norte,Retail,141911,32099
2024-03-10,Deportes,Sur,Retail,81627,23048
2023-03-09,Electrodomesticos,Norte,Retail,218671,36174
2023-03-15,Tecnologia,Sur,Empresa,232428,55817
2024-10-23,Electrodomesticos,Norte,Retail,167375,29317
2024-12-06,Tecnologia,Centro,Empresa,307312,58144
2023-12-27,Electrodomesticos,Centro,Empresa,247944,37251
2023-12-25,Hogar,Centro,Empresa,96214,26464
2024-05-09,Deportes,Centro,Retail,93638,24385
2023-07-02,Electrodomesticos,Centro,Empresa,142684,21226
2024-07-21,Vestuario,Sur,Empresa,35439,12379
2023-08-31,Tecnologia,Sur,Retail,191971,48584
2023-01-14,Tecnologia,Centro,Retail,101414,21919
2023-10-07,Deportes,Norte,Empresa,103810,26526
2024-02-02,Electrodomesticos,Norte,Empresa,91844,15339
2023-03-31,Hogar,Sur,Retail,113251,30574
2023-06-30,Hogar,Centro,Retail,131059,37699
2024-10-25,Vestuario,Centro,Retail,25119,8787
2023-06-22,Vestuario,Norte,Empresa,29649,9220
2023-11-07,Tecnologia,Norte,Retail,237935,56521
2023-02-11,Hogar,Sur,Empresa,101659,28910
2023-07-06,Deportes,Sur,Empresa,87389,27299
2024-12-01,Electrodomesticos,Norte,Empresa,262815,43676
2024-02-06,Vestuario,Sur,Empresa,51469,18608
2024-06-08,Vestuario,Sur,Empresa,30358,11161
2024-01-30,Tecnologia,Sur,Empresa,160955,35241
2024-09-14,Deportes,Centro,Empresa,73122,21587
2024-03-16,Deportes,Norte,Empresa,65643,16625
2023-02-19,Electrodomesticos,Sur,Empresa,189867,30745
2024-09-09,Vestuario,Norte,Empresa,43296,13661
2024-05-25,Deportes,Sur,Empresa,28812,9490
2023-06-19,Deportes,Centro,Empresa,141173,41707
2023-08-09,Hogar,Sur,Retail,131439,38375
2023-04-24,Hogar,Centro,Retail,93431,30268
2024-03-17,Hogar,Sur,Empresa,95332,29418
2023-04-20,Hogar,Sur,Retail,160005,41462
2024-04-26,Electrodomesticos,Norte,Empresa,244172,38360
2023-01-16,Hogar,Sur,Retail,51575,14214
2024-08-21,Electrodomesticos,Sur,Retail,191797,35385
2023-04-23,Deportes,Sur,Empresa,46591,14935
2024-10-25,Vestuario,Centro,Retail,34813,11256
2024-06-12,Vestuario,Norte,Retail,45927,17594
2024-02-02,Deportes,Norte,Empresa,72334,23718
2023-04-18,Vestuario,Sur,Empresa,52501,14686
2023-07-21,Hogar,Sur,Empresa,83998,21237
2023-01-26,Tecnologia,Norte,Empresa,140757,32524
2023-05-29,Hogar,Centro,Empresa,81414,24197
2023-11-15,Electrodomesticos,Centro,Retail,87248,14500
2024-09-10,Vestuario,Norte,Empresa,45579,15355
2024-03-25,Hogar,Sur,Retail,102480,32694
2024-02-25,Tecnologia,Sur,Empresa,145064,26287
2023-01-30,Hogar,Centro,Empresa,75329,23090
2023-10-11,Electrodomesticos,Sur,Empresa,282072,48601
2023-05-10,Electrodomesticos,Sur,Retail,217110,40054
2023-11-04,Vestuario,Centro,Empresa,52056,17756
2024-07-09,Electrodomesticos,Centro,Retail,136700,27338
2024-06-29,Tecnologia,Sur,Empresa,166889,36536
2024-10-15,Deportes,Sur,Retail,59715,20378
2023-04-12,Deportes,Sur,Retail,51436,16274
2024-07-05,Hogar,Centro,Retail,97814,27257
2023-03-28,Tecnologia,Sur,Empresa,275125,66810
2024-09-30,Hogar,Centro,Retail,61398,17831
2024-04-08,Tecnologia,Norte,Retail,81922,19376
2023-03-06,Vestuario,Sur,Retail,33600,10745
2023-06-18,Vestuario,Norte,Empresa,44325,14302
2023-05-17,Deportes,Centro,Empresa,37005,11229
2024-09-24,Electrodomesticos,Norte,Retail,61241,10627
2024-11-24,Deportes,Centro,Retail,53259,15491
2024-12-31,Hogar,Norte,Empresa,133879,33159
2024-11-14,Hogar,Centro,Empresa,128407,36879
2023-09-21,Hogar,Norte,Retail,81911,22900
2024-07-21,Vestuario,Norte,Retail,72072,26804
2023-03-13,Deportes,Norte,Empresa,34077,11935
2023-08-23,Electrodomesticos,Centro,Empresa,69627,14371
2024-06-03,Deportes,Sur,Empresa,68657,22533
2023-12-20,Deportes,Centro,Retail,69772,17760
2023-08-10,Vestuario,Sur,Retail,56822,19473
2023-01-31,Electrodomesticos,Centro,Retail,154543,30703
2024-11-30,Electrodomesticos,Sur,Empresa,255877,44106
2023-02-24,Tecnologia,Norte,Retail,89876,19959
2023-05-04,Vestuario,Sur,Retail,12459,4103
2023-12-23,Electrodomesticos,Sur,Empresa,224407,42351
2024-03-05,Deportes,Sur,Empresa,82349,27831
2024-08-16,Tecnologia,Norte,Empresa,264689,59519
2024-05-17,Hogar,Sur,Empresa,123771,34779
2024-08-04,Deportes,Centro,Retail,60656,19090
2023-09-12,Tecnologia,Centro,Retail,147014,30933
2024-01-08,Tecnologia,Sur,Empresa,231998,58862
2023-11-18,Electrodomesticos,Sur,Empresa,140945,28382
2024-03-14,Hogar,Sur,Retail,138586,42919
2023-02-16,Vestuario,Sur,Empresa,50724,16104
2023-04-16,Vestuario,Centro,Retail,74292,24912
2023-07-27,Deportes,Centro,Empresa,74710,18582
2024-01-16,Vestuario,Centro,Retail,38562,12130
2023-05-02,Hogar,Norte,Retail,64166,19347
2023-09-07,Tecnologia,Norte,Empresa,192300,45922
2024-12-15,Tecnologia,Centro,Retail,177615,32226
2024-02-13,Vestuario,Sur,Retail,24701,8200
2023-11-09,Hogar,Sur,Retail,66112,19443
2024-06-21,Tecnologia,Centro,Empresa,48435,9453
2023-09-07,Hogar,Norte,Retail,109819,34230
2024-06-05,Electrodomesticos,Centro,Empresa,233701,38298
2024-03-16,Hogar,Norte,Empresa,104476,27603
2024-09-01,Tecnologia,Norte,Empresa,191199,46190
2023-06-21,Deportes,Norte,Empresa,57964,17963
2023-04-13,Electrodomesticos,Norte,Retail,281058,53652
2024-09-15,Hogar,Centro,Retail,95844,28600
2023-12-29,Tecnologia,Norte,Empresa,233991,39134
2024-01-06,Hogar,Sur,Empresa,82090,26674
2023-11-30,Deportes,Sur,Empresa,48434,14756
2024-11-23,Tecnologia,Centro,Empresa,80742,15554
2024-08-30,Hogar,Norte,Retail,63137,18205
2024-07-10,Vestuario,Sur,Retail,41168,14061
2023-04-24,Vestuario,Sur,Empresa,42034,13888
2023-03-28,Electrodomesticos,Sur,Empresa,156613,29700
2023-03-24,Tecnologia,Sur,Empresa,237676,46860
2023-02-02,Hogar,Sur,Empresa,136602,34842
2023-07-28,Electrodomesticos,Sur,Empresa,166711,25659
2024-10-24,Deportes,Norte,Empresa,52486,11655
2024-10-08,Tecnologia,Norte,Retail,109487,21175
2023-05-17,Electrodomesticos,Norte,Retail,203776,36252
2023-03-16,Electrodomesticos,Sur,Empresa,230169,38845
2023-10-14,Electrodomesticos,Centro,Empresa,107228,21196
2023-05-19,Hogar,Norte,Retail,100585,30977
2023-06-25,Vestuario,Sur,Retail,38279,13529
2023-03-04,Electrodomesticos,Sur,Empresa,187987,35662
2023-10-20,Hogar,Sur,Empresa,114877,28400
2023-11-27,Electrodomesticos,Centro,Empresa,199526,43650
2024-01-21,Vestuario,Sur,Retail,53522,20639
2023-06-19,Electrodomesticos,Centro,Empresa,179135,26385
2024-11-30,Vestuario,Centro,Retail,41748,14257
2023-10-30,Vestuario,Norte,Retail,47102,15395
2023-08-22,Tecnologia,Centro,Empresa,84255,18024
2023-09-01,Electrodomesticos,Centro,Empresa,130424,25235
2024-02-02,Electrodomesticos,Sur,Retail,210648,38548
2024-11-04,Hogar,Sur,Retail,163568,44946
2023-06-18,Vestuario,Sur,Empresa,36624,15520
2024-09-26,Electrodomesticos,Norte,Empresa,184832,31448
2024-12-05,Hogar,Sur,Retail,91552,25096
2023-08-04,Deportes,Norte,Retail,43562,15363
2023-11-23,Electrodomesticos,Centro,Retail,148887,29243
2023-03-02,Deportes,Sur,Retail,47747,15207
2024-01-19,Hogar,Sur,Retail,140576,40670
2024-08-20,Hogar,Centro,Empresa,138193,39352
2024-02-03,Tecnologia,Norte,Retail,219570,47805
2023-11-09,Hogar,Norte,Retail,98773,27139
2023-09-01,Electrodomesticos,Sur,Empresa,146912,28367
2023-03-11,Hogar,Sur,Retail,110235,33551
2024-05-06,Deportes,Norte,Empresa,74030,25604
2023-09-27,Hogar,Centro,Retail,109062,29499
2024-07-21,Deportes,Centro,Empresa,61344,17036
2023-12-19,Tecnologia,Norte,Empresa,126080,31906
2024-07-12,Tecnologia,Sur,Empresa,258377,63105
2024-01-01,Vestuario,Norte,Empresa,16572,5670
2024-10-19,Hogar,Centro,Retail,90413,26998
2024-07-14,Deportes,Norte,Retail,50791,16691
2023-12-23,Tecnologia,Norte,Retail,136176,34704
2023-02-24,Hogar,Sur,Empresa,180924,46377
2023-12-03,Hogar,Sur,Retail,79983,23157
2024-06-21,Deportes,Sur,Retail,73477,22606
2024-10-21,Electrodomesticos,Norte,Retail,181175,31695
2024-07-28,Hogar,Centro,Retail,80582,22779
2023-07-17,Electrodomesticos,Norte,Empresa,208893,33494
2023-02-28,Hogar,Sur,Retail,66247,16541
2024-08-05,Electrodomesticos,Centro,Empresa,129823,24656
2023-05-04,Tecnologia,Norte,Retail,188353,38558
2024-01-04,Tecnologia,Centro,Retail,190983,44090
2024-02-18,Vestuario,Sur,Retail,36315,12537
2024-05-29,Tecnologia,Norte,Empresa,167705,28382
2024-11-10,Hogar,Centro,Empresa,118141,33606
2024-01-10,Deportes,Norte,Empresa,87311,26592
2024-01-15,Vestuario,Norte,Empresa,63684,20034
2023-03-07,Hogar,Norte,Retail,117142,31557
2023-08-06,Tecnologia,Centro,Empresa,195711,45058
2024-04-07,Tecnologia,Sur,Empresa,161688,38003
2024-06-02,Vestuario,Sur,Empresa,37432,13554
2023-06-11,Tecnologia,Centro,Empresa,163008,35583
2024-05-01,Electrodomesticos,Centro,Empresa,208578,33238
2023-02-18,Vestuario,Centro,Empresa,31703,11586
2024-12-18,Hogar,Sur,Empresa,122070,32714
2024-09-27,Deportes,Norte,Empresa,83039,28491
2023-02-15,Deportes,Norte,Empresa,113969,33980
2024-03-12,Vestuario,Centro,Retail,61750,23061
2023-11-26,Hogar,Centro,Retail,114699,31107
2023-12-27,Hogar,Centro,Retail,50035,14433
2024-11-17,Hogar,Centro,Retail,79643,20531
2024-05-23,Electrodomesticos,Centro,Retail,142244,29649
2023-11-17,Electrodomesticos,Norte,Empresa,206116,35207
2023-12-21,Vestuario,Centro,Retail,76144,26224
2024-04-11,Deportes,Centro,Retail,57838,18221
2023-12-18,Deportes,Centro,Retail,66139,21411
2023-06-12,Electrodomesticos,Centro,Empresa,73368,11229
2023-05-24,Electrodomesticos,Sur,Empresa,220948,35132
2023-10-05,Electrodomesticos,Norte,Retail,101755,17318
2024-02-08,Hogar,Norte,Empresa,101853,28156
2023-03-28,Electrodomesticos,Norte,Empresa,217718,37592
2024-03-25,Deportes,Centro,Empresa,10000,2985
2024-10-21,Vestuario,Norte,Retail,35159,11661
2024-11-10,Deportes,Centro,Retail,43843,11561
2023-09-04,Electrodomesticos,Centro,Empresa,207612,43168
2023-03-28,Deportes,Sur,Retail,100959,27275
2023-08-01,Deportes,Norte,Retail,53812,15481
2023-01-06,Tecnologia,Centro,Retail,221958,54276
2023-04-18,Vestuario,Norte,Empresa,54490,22904
2024-06-21,Deportes,Norte,Empresa,64991,20348
2024-04-11,Electrodomesticos,Centro,Retail,138641,22405
2023-04-28,Deportes,Norte,Empresa,53887,15318
2024-03-30,Electrodomesticos,Centro,Empresa,244172,37098
2023-04-04,Vestuario,Sur,Retail,45404,13989
2024-04-25,Vestuario,Sur,Empresa,51688,18715
2024-04-04,Tecnologia,Centro,Empresa,126838,30640
2023-08-03,Deportes,Sur,Empresa,66687,19547
2024-09-29,Hogar,Norte,Retail,72442,20756
2024-10-14,Vestuario,Sur,Retail,33474,12402
2023-02-08,Vestuario,Sur,Retail,44971,14624
2023-01-30,Vestuario,Sur,Empresa,53460,18754
2024-05-04,Tecnologia,Sur,Empresa,321204,65625
2024-01-10,Tecnologia,Centro,Empresa,179675,41391
2024-01-11,Hogar,Norte,Retail,76439,23325
2023-01-08,Hogar,Sur,Retail,87714,27466
2023-05-30,Vestuario,Centro,Empresa,38097,13823
2023-07-13,Electrodomesticos,Norte,Empresa,244647,40914
2023-02-20,Deportes,Sur,Empresa,95980,27524
2024-02-21,Tecnologia,Centro,Empresa,141983,29887
2024-01-19,Deportes,Norte,Retail,35653,12526
2023-05-28,Hogar,Norte,Empresa,87442,22026
2024-03-05,Vestuario,Centro,Retail,37819,13872
2023-08-21,Vestuario,Sur,Empresa,51925,15470
2023-05-26,Tecnologia,Norte,Retail,292779,67997
2023-05-06,Electrodomesticos,Sur,Empresa,114059,20365
2023-12-05,Vestuario,Sur,Retail,42134,13714
2024-04-09,Deportes,Norte,Retail,46842,16531
2024-12-17,Hogar,Centro,Retail,64025,18568
2024-06-18,Electrodomesticos,Norte,Empresa,130767,21367
2024-09-14,Vestuario,Sur,Retail,49022,17510
2024-03-09,Hogar,Centro,Retail,65785,19455
2024-02-23,Tecnologia,Centro,Empresa,184219,39523
2024-05-06,Deportes,Centro,Retail,40903,11892
2023-03-25,Vestuario,Sur,Empresa,10000,3345
2023-05-05,Hogar,Sur,Empresa,129004,34788
2024-06-30,Hogar,Sur,Empresa,96643,28523
2023-10-06,Deportes,Centro,Retail,78673,23790
2023-03-11,Deportes,Sur,Empresa,56644,15699
2023-07-27,Electrodomesticos,Centro,Empresa,131198,22128
2024-03-07,Tecnologia,Sur,Retail,105903,27257
2024-08-23,Tecnologia,Sur,Retail,213032,46179
2024-09-28,Vestuario,Norte,Retail,65205,21817
2024-08-26,Electrodomesticos,Norte,Empresa,128447,26938
2024-07-28,Hogar,Sur,Empresa,98912,28885
2024-06-18,Vestuario,Norte,Empresa,46743,17130
2023-07-01,Deportes,Norte,Empresa,70371,19922
2024-09-29,Tecnologia,Norte,Retail,131336,33109
2024-11-09,Electrodomesticos,Sur,Retail,181174,34562
2024-06-12,Deportes,Centro,Retail,71214,23454
2024-04-05,Deportes,Sur,Empresa,84519,21240
2024-10-28,Vestuario,Sur,Empresa,45493,16808
2023-02-06,Deportes,Sur,Retail,52156,16630
2024-08-27,Hogar,Centro,Empresa,57091,16662
2023-04-19,Vestuario,Sur,Empresa,44396,15013
2023-01-01,Hogar,Centro,Retail,135298,31500
2024-05-26,Deportes,Norte,Empresa,76690,21509
2023-09-24,Hogar,Centro,Retail,79040,22778
2024-01-18,Tecnologia,Sur,Empresa,175794,45882
2024-04-23,Deportes,Centro,Empresa,78884,24507
2023-09-22,Hogar,Norte,Retail,104625,27896
2023-05-09,Tecnologia,Sur,Empresa,322517,80879
2023-04-14,Hogar,Sur,Retail,70562,20224
2024-08-11,Electrodomesticos,Centro,Empresa,129828,20216
2024-12-13,Electrodomesticos,Norte,Retail,256233,37200
2023-08-13,Hogar,Centro,Empresa,127218,36920
2023-05-17,Hogar,Norte,Retail,23930,6833
2023-05-25,Vestuario,Norte,Retail,33486,11246
2023-08-10,Electrodomesticos,Norte,Retail,114080,20657
2023-11-18,Vestuario,Sur,Empresa,48016,17890
2024-01-08,Vestuario,Sur,Retail,54472,21150
2023-03-03,Electrodomesticos,Norte,Empresa,214571,37863
2024-09-16,Tecnologia,Sur,Retail,223267,46782
2023-07-21,Tecnologia,Centro,Empresa,216784,53158
2024-03-02,Tecnologia,Norte,Retail,124223,29097
2024-10-24,Deportes,Norte,Retail,60072,18532
2024-11-22,Deportes,Sur,Empresa,91627,26518
2023-12-06,Tecnologia,Sur,Retail,164771,44085
2024-01-01,Deportes,Norte,Retail,19297,7012
2024-07-24,Vestuario,Centro,Retail,79480,24023
2023-04-13,Deportes,Norte,Retail,107351,31878
2023-07-17,Deportes,Centro,Empresa,47940,14910
2023-08-21,Hogar,Centro,Retail,54326,15643
2023-08-07,Deportes,Centro,Empresa,91329,28315
2024-03-24,Hogar,Sur,Empresa,159253,45568
2023-05-20,Deportes,Centro,Empresa,47118,15666
2023-06-23,Vestuario,Norte,Retail,37283,13067
2023-02-25,Tecnologia,Centro,Retail,200230,48266
2024-07-11,Deportes,Sur,Retail,35531,11934
2023-05-23,Deportes,Centro,Empresa,46470,16028
2024-06-04,Hogar,Norte,Retail,68375,23215
2023-07-16,Tecnologia,Norte,Retail,118710,25189
2023-09-10,Hogar,Sur,Empresa,125321,39116
2023-02-23,Hogar,Centro,Empresa,92660,29480
2023-07-26,Hogar,Centro,Retail,100638,30721
2023-12-20,Vestuario,Centro,Empresa,45190,16361
2023-04-22,Vestuario,Norte,Retail,46313,13192
2023-04-21,Tecnologia,Centro,Empresa,177537,36462
2024-05-01,Deportes,Centro,Empresa,98689,26803
2024-12-20,Tecnologia,Centro,Empresa,112563,26577
2024-12-30,Deportes,Centro,Empresa,52678,15179
2023-06-05,Vestuario,Sur,Empresa,29964,10686
2023-06-03,Hogar,Centro,Retail,97083,26103
2024-01-25,Hogar,Centro,Retail,102702,26007
2023-05-26,Hogar,Norte,Retail,38466,8641
2024-02-25,Hogar,Sur,Empresa,90607,24029
2024-08-02,Hogar,Sur,Empresa,80056,24355
2024-04-29,Electrodomesticos,Norte,Empresa,130242,26110
2024-08-22,Electrodomesticos,Centro,Empresa,162119,30632
2023-05-04,Tecnologia,Sur,Retail,218102,46054
2023-10-29,Vestuario,Centro,Retail,27757,6516
2023-06-12,Tecnologia,Sur,Empresa,56439,12801
2024-07-10,Electrodomesticos,Norte,Retail,214322,32422
2023-09-18,Hogar,Norte,Empresa,100475,26996
2023-04-17,Tecnologia,Norte,Retail,218772,51138
2023-01-14,Vestuario,Sur,Retail,38787,13761
2024-12-12,Hogar,Sur,Retail,106591,29221
2023-12-19,Vestuario,Sur,Empresa,10000,3504
2024-01-19,Vestuario,Sur,Empresa,31704,10132
2023-09-24,Tecnologia,Centro,Retail,171747,39258
2023-12-19,Hogar,Centro,Retail,47532,13785
2024-01-12,Vestuario,Norte,Empresa,45248,17022
2024-07-11,Deportes,Norte,Retail,50479,14826
2023-08-26,Electrodomesticos,Sur,Empresa,160102,25888
2023-08-23,Hogar,Norte,Retail,95613,24694
2023-03-15,Hogar,Sur,Empresa,68563,17565
2023-06-19,Hogar,Norte,Retail,86929,24210
2023-02-07,Deportes,Sur,Empresa,99489,31439
2023-12-19,Deportes,Sur,Empresa,61935,16931
2024-09-25,Vestuario,Norte,Empresa,29285,11081
2024-10-12,Tecnologia,Sur,Empresa,209826,48908
2024-12-19,Vestuario,Sur,Retail,56331,23454
2023-09-25,Vestuario,Norte,Retail,64937,24743
2023-09-30,Vestuario,Norte,Retail,29771,9241
2023-02-28,Electrodomesticos,Norte,Retail,217497,38806
2023-11-18,Vestuario,Norte,Retail,82079,26659
2023-10-13,Hogar,Centro,Retail,112366,37556
2024-12-06,Tecnologia,Norte,Retail,151907,34110
2024-03-27,Deportes,Sur,Empresa,49862,15490
2024-10-13,Hogar,Centro,Empresa,87954,25022
2024-10-15,Vestuario,Norte,Retail,29283,11120
2024-08-11,Hogar,Centro,Retail,95077,25676
2024-11-07,Hogar,Centro,Retail,73121,22276
2023-04-02,Hogar,Sur,Empresa,103986,29367
2023-02-02,Deportes,Centro,Retail,85565,26376
2024-09-04,Deportes,Centro,Retail,41312,11059
2024-01-17,Deportes,Norte,Empresa,66428,19583
2023-04-21,Vestuario,Norte,Empresa,34518,13688
2023-07-06,Hogar,Norte,Empresa,125953,38532
2024-02-01,Hogar,Centro,Empresa,120956,35566
2023-09-11,Deportes,Norte,Empresa,77568,25645
2023-06-25,Deportes,Norte,Retail,36240,9758
2023-08-08,Hogar,Centro,Empresa,56314,13209
2023-01-12,Tecnologia,Norte,Empresa,144430,37077
2024-12-23,Electrodomesticos,Norte,Retail,28796,4627
2024-06-20,Hogar,Centro,Empresa,111557,29832
2023-12-06,Electrodomesticos,Sur,Empresa,158952,28457
2023-01-12,Deportes,Centro,Retail,71437,20599
2023-11-04,Deportes,Centro,Retail,47491,13046
2024-09-14,Hogar,Centro,Empresa,33021,7744
2023-08-03,Electrodomesticos,Sur,Retail,313014,55794
2023-01-16,Tecnologia,Centro,Retail,334361,67112
2024-05-21,Electrodomesticos,Norte,Retail,159002,34966
2024-12-25,Deportes,Centro,Empresa,69599,22863
2023-07-10,Hogar,Centro,Empresa,66821,21591
2024-03-15,Electrodomesticos,Sur,Retail,144167,26982
2024-11-28,Electrodomesticos,Norte,Empresa,163992,27258
2024-09-09,Electrodomesticos,Centro,Empresa,193896,40506
2024-02-21,Deportes,Norte,Empresa,65703,18318
2024-04-03,Electrodomesticos,Centro,Empresa,102582,21377
2024-01-09,Electrodomesticos,Sur,Empresa,263399,48333
2024-07-07,Hogar,Centro,Retail,66070,18875
2023-10-07,Tecnologia,Sur,Retail,49083,11713
2023-10-17,Electrodomesticos,Centro,Empresa,221053,32893
2024-04-12,Vestuario,Centro,Retail,29193,9696
2023-07-18,Tecnologia,Sur,Empresa,186888,38926
2024-06-25,Deportes,Sur,Empresa,79254,20825
2024-01-07,Electrodomesticos,Centro,Retail,201041,33365
2024-05-08,Hogar,Norte,Empresa,49456,12897
2023-01-06,Vestuario,Norte,Retail,54479,17338
2024-09-05,Tecnologia,Norte,Retail,305067,65537
2024-05-27,Hogar,Sur,Retail,75178,21209
2023-10-05,Hogar,Norte,Retail,69609,20501
2023-08-25,Vestuario,Sur,Empresa,55856,19892
2024-03-07,Tecnologia,Centro,Empresa,127636,25067
2024-01-31,Electrodomesticos,Centro,Retail,69091,10750
2023-11-02,Deportes,Norte,Retail,81348,24271
2023-12-04,Deportes,Norte,Empresa,41804,12882
2024-09-03,Tecnologia,Sur,Retail,316686,76417
2023-02-08,Hogar,Sur,Retail,96593,23755
2024-12-30,Hogar,Sur,Retail,88742,31235
2024-09-05,Vestuario,Sur,Empresa,79388,31562
2023-01-21,Tecnologia,Centro,Retail,201531,42549
2023-01-26,Hogar,Centro,Retail,110588,27463
2024-08-07,Deportes,Norte,Empresa,84068,23507
2023-12-25,Tecnologia,Centro,Empresa,234264,45380
2023-02-04,Tecnologia,Sur,Retail,126325,27891
2024-10-03,Electrodomesticos,Sur,Retail,206867,35992
2023-03-12,Electrodomesticos,Centro,Retail,28274,4006
2024-07-02,Deportes,Norte,Retail,10000,3284
2024-02-01,Electrodomesticos,Centro,Empresa,261643,52095
2023-07-22,Deportes,Sur,Empresa,81429,27703
2024-02-24,Tecnologia,Centro,Retail,268099,61383
2023-05-27,Tecnologia,Sur,Empresa,254603,59654
2023-04-01,Hogar,Norte,Empresa,130597,30398
2023-07-13,Vestuario,Norte,Empresa,46672,17314
2023-03-17,Deportes,Centro,Retail,17266,4497
2024-06-24,Tecnologia,Centro,Retail,171029,37438
2024-10-05,Vestuario,Centro,Empresa,26467,8821
2024-01-22,Tecnologia,Centro,Empresa,196855,45574
2024-06-17,Deportes,Sur,Retail,95287,24451
2024-05-17,Tecnologia,Centro,Empresa,257660,53443
2023-02-01,Deportes,Centro,Empresa,17041,5515
2024-01-07,Vestuario,Norte,Retail,48148,18194
2023-04-04,Hogar,Norte,Retail,54258,13942
2023-11-17,Tecnologia,Centro,Empresa,147931,35148
2024-06-23,Hogar,Centro,Retail,42156,12498
2024-09-16,Hogar,Centro,Empresa,83449,23783
2023-01-19,Tecnologia,Sur,Retail,214677,42739
2023-05-08,Deportes,Norte,Retail,82009,28214
2024-01-02,Vestuario,Sur,Empresa,50211,19119
2024-07-10,Hogar,Norte,Retail,77411,17724
2024-09-29,Hogar,Centro,Retail,123224,31103
2024-04-16,Electrodomesticos,Norte,Empresa,142891,29046
2023-10-28,Tecnologia,Norte,Empresa,185174,45461
2024-07-22,Electrodomesticos,Sur,Retail,260950,49866
2023-05-16,Hogar,Centro,Empresa,98745,33630
2023-04-03,Hogar,Centro,Retail,38052,11053
2023-08-14,Vestuario,Centro,Empresa,36925,15194
2023-01-15,Vestuario,Sur,Retail,39789,14333
2024-04-12,Electrodomesticos,Norte,Retail,249225,45457
2023-09-03,Electrodomesticos,Sur,Retail,157349,26576
2024-07-26,Deportes,Sur,Empresa,38920,9782
2024-12-17,Deportes,Centro,Retail,74863,18315
2024-09-15,Deportes,Norte,Retail,34901,10440
2024-06-13,Electrodomesticos,Centro,Retail,147614,28251
2024-09-28,Tecnologia,Sur,Retail,130418,35135
2023-04-07,Tecnologia,Norte,Retail,178799,40039
2023-08-16,Electrodomesticos,Norte,Empresa,224659,39368
2024-10-04,Electrodomesticos,Centro,Retail,163547,30221
2023-03-19,Hogar,Norte,Empresa,70198,18521
2023-02-27,Vestuario,Sur,Empresa,45076,15351
2024-09-28,Deportes,Norte,Empresa,57667,14030
2024-07-27,Electrodomesticos,Centro,Empresa,163119,22950
2024-10-06,Vestuario,Norte,Empresa,48770,17072
2023-07-17,Electrodomesticos,Norte,Retail,152203,27616
2024-09-13,Hogar,Sur,Empresa,110493,28302
2024-04-18,Hogar,Norte,Retail,75165,23990
2023-04-11,Tecnologia,Sur,Retail,117028,24353
2023-12-25,Vestuario,Norte,Empresa,47159,16299
2024-01-23,Deportes,Norte,Empresa,68325,20873
2023-06-10,Vestuario,Sur,Empresa,36496,13023
2024-08-16,Hogar,Sur,Empresa,164429,47796
2023-05-27,Vestuario,Sur,Empresa,47104,16439
2023-01-11,Hogar,Norte,Retail,70310,21895
2023-02-21,Deportes,Sur,Empresa,69628,17910
2024-07-22,Hogar,Sur,Retail,98182,28925
2023-03-14,Deportes,Norte,Retail,53390,16076
2024-04-09,Electrodomesticos,Centro,Empresa,89699,16075
2023-10-25,Deportes,Norte,Retail,72013,24130
2023-06-07,Hogar,Sur,Retail,101566,26302
2024-05-25,Vestuario,Sur,Empresa,32805,13576
2024-12-15,Electrodomesticos,Norte,Empresa,162217,28500
2023-12-06,Tecnologia,Centro,Empresa,275587,69677
2023-05-21,Hogar,Centro,Empresa,133680,37473
2024-04-16,Hogar,Sur,Empresa,80123,22853
2023-03-20,Deportes,Norte,Retail,18000,5165
2023-11-19,Vestuario,Norte,Empresa,71549,24266
2024-01-16,Vestuario,Norte,Retail,53499,20122
2024-09-23,Hogar,Norte,Empresa,20540,6658
2024-08-03,Vestuario,Centro,Retail,20250,6225
2024-02-14,Deportes,Sur,Empresa,45211,14960
2023-12-03,Hogar,Norte,Retail,137051,30832
2023-03-20,Vestuario,Sur,Retail,66202,24451
2023-09-06,Vestuario,Centro,Empresa,42260,15807
2023-03-05,Tecnologia,Sur,Empresa,112230,27211
2023-07-27,Vestuario,Norte,Retail,75107,21693
2024-12-15,Electrodomesticos,Centro,Empresa,157236,26491
2023-11-01,Vestuario,Centro,Retail,38434,13758
2024-12-08,Tecnologia,Centro,Empresa,227797,55367
2024-01-03,Deportes,Centro,Empresa,97649,26587
2023-08-10,Vestuario,Norte,Empresa,50158,18638
2023-05-26,Electrodomesticos,Norte,Empresa,126288,25440
2023-03-06,Electrodomesticos,Centro,Empresa,214726,37841
2024-01-28,Hogar,Centro,Retail,40003,13896
2023-07-13,Vestuario,Sur,Retail,21594,8874
2023-07-15,Vestuario,Sur,Retail,31371,11288
2024-01-13,Deportes,Centro,Empresa,75957,20915
2023-04-28,Hogar,Centro,Retail,59618,17296
2024-07-13,Vestuario,Centro,Retail,47147,15585
2023-09-14,Deportes,Sur,Retail,62264,16425
2024-09-25,Hogar,Centro,Empresa,73544,18024
2024-06-15,Vestuario,Centro,Empresa,48655,15048
2024-08-11,Deportes,Norte,Empresa,60294,20718
2024-11-21,Hogar,Centro,Retail,128692,36913
2023-02-28,Electrodomesticos,Norte,Empresa,220825,34013
2024-11-27,Hogar,Centro,Empresa,46552,11340
2023-02-17,Vestuario,Norte,Retail,47594,15596
2024-08-30,Deportes,Norte,Retail,24497,8025
2024-07-22,Deportes,Centro,Empresa,82290,24522
2023-07-14,Deportes,Sur,Empresa,103768,32870
2023-07-09,Deportes,Sur,Empresa,59129,14984
2023-05-20,Tecnologia,Centro,Empresa,193985,43096
2024-01-18,Deportes,Norte,Retail,28827,9193
2023-08-31,Vestuario,Centro,Retail,35108,11870
2023-04-26,Hogar,Centro,Empresa,80860,21665
2023-03-08,Deportes,Norte,Retail,71459,21690
2023-05-21,Deportes,Norte,Empresa,89539,24588
2023-02-25,Vestuario,Norte,Empresa,47978,16853
2024-05-24,Vestuario,Norte,Empresa,27771,9584
2024-07-28,Hogar,Norte,Retail,63562,16688
2024-04-30,Electrodomesticos,Norte,Retail,187719,34275
2023-11-03,Hogar,Norte,Retail,145766,38952
2024-02-05,Electrodomesticos,Norte,Retail,176623,31196
2023-09-12,Vestuario,Norte,Empresa,35933,11332
2023-04-10,Vestuario,Norte,Empresa,64232,19161
2023-07-08,Vestuario,Norte,Empresa,78166,27525
2024-01-22,Vestuario,Centro,Retail,10000,3561
2023-09-19,Vestuario,Norte,Retail,58481,20192
2023-02-09,Tecnologia,Centro,Retail,396557,87992
2024-12-06,Deportes,Norte,Retail,48672,12257
2023-05-05,Deportes,Norte,Retail,49955,16047
2024-04-26,Deportes,Sur,Retail,56776,15231
2023-04-15,Electrodomesticos,Sur,Empresa,139330,24276
2023-08-05,Hogar,Sur,Empresa,77547,27219
2023-06-07,Electrodomesticos,Sur,Empresa,173537,37995
2023-01-23,Vestuario,Norte,Retail,18059,6222
2024-07-04,Deportes,Centro,Empresa,75865,23125
2024-01-28,Deportes,Centro,Empresa,54807,14925
2024-09-18,Vestuario,Norte,Retail,51342,18571
2023-11-20,Hogar,Sur,Retail,147132,44917
2023-07-15,Tecnologia,Centro,Retail,175836,40527
2024-09-23,Electrodomesticos,Sur,Retail,145363,26366
2023-03-31,Vestuario,Norte,Empresa,84608,26162
2024-03-16,Electrodomesticos,Centro,Empresa,82668,17243
2023-12-06,Electrodomesticos,Sur,Empresa,140366,23453
2024-08-24,Vestuario,Sur,Retail,56306,18484
2023-08-31,Electrodomesticos,Sur,Empresa,105256,19362
2024-10-07,Vestuario,Norte,Retail,68713,26345
2023-10-17,Vestuario,Centro,Retail,39012,14200
2023-03-30,Tecnologia,Sur,Empresa,185903,36018
2023-04-08,Electrodomesticos,Centro,Retail,121485,23569
2023-01-03,Deportes,Norte,Empresa,101462,34612
2023-06-10,Deportes,Norte,Retail,77742,24414
2024-06-30,Hogar,Sur,Empresa,62925,19396
2023-04-30,Hogar,Sur,Retail,105503,28329
2023-06-30,Electrodomesticos,Sur,Empresa,127625,21467
2024-10-07,Vestuario,Norte,Retail,40564,15337
2023-01-21,Deportes,Sur,Empresa,97639,29528
2024-10-17,Deportes,Norte,Empresa,59795,20121
2023-07-22,Tecnologia,Sur,Retail,214197,40092
2024-11-30,Vestuario,Sur,Empresa,45963,19897
2023-09-26,Electrodomesticos,Norte,Empresa,143163,23767
2024-03-09,Tecnologia,Norte,Retail,223311,52504
2023-03-03,Vestuario,Norte,Empresa,13577,4419
2024-04-02,Electrodomesticos,Centro,Retail,63333,12581
2024-12-16,Hogar,Centro,Retail,41716,10937
2024-06-25,Tecnologia,Centro,Retail,225152,48663
2023-07-31,Tecnologia,Norte,Retail,211002,46313
2024-05-30,Tecnologia,Norte,Retail,166282,32458
2023-08-13,Tecnologia,Norte,Empresa,157435,34736
2024-06-09,Electrodomesticos,Sur,Retail,206608,29864
2023-04-27,Deportes,Norte,Retail,96264,30752
2024-11-18,Vestuario,Centro,Retail,29945,12142
2023-10-07,Deportes,Centro,Empresa,63066,16444
2023-05-18,Tecnologia,Sur,Empresa,109492,25279
2023-06-23,Vestuario,Centro,Retail,45721,16129
2024-06-06,Vestuario,Sur,Empresa,27358,8650
2023-08-10,Electrodomesticos,Norte,Retail,136543,24012
2024-10-27,Tecnologia,Centro,Empresa,247519,55793
2024-04-24,Vestuario,Sur,Empresa,53582,15783
2023-03-25,Electrodomesticos,Sur,Empresa,163749,29184
2024-03-12,Hogar,Centro,Retail,142175,36543
2023-06-24,Vestuario,Centro,Retail,47243,16639
2024-01-03,Tecnologia,Centro,Empresa,245550,63350
2023-06-17,Vestuario,Sur,Empresa,47141,17010
2024-09-15,Electrodomesticos,Centro,Empresa,133843,19265
2023-02-24,Hogar,Norte,Retail,74895,20730
2024-10-22,Vestuario,Centro,Empresa,52961,14646
2023-11-01,Electrodomesticos,Norte,Retail,149069,29405
2023-05-20,Hogar,Sur,Empresa,94171,24766
2023-08-16,Tecnologia,Centro,Retail,243366,57305
2023-02-05,Vestuario,Norte,Empresa,22536,6438
2023-12-20,Hogar,Norte,Empresa,87952,26661
2023-08-08,Vestuario,Norte,Empresa,32422,12092
2023-12-09,Hogar,Sur,Retail,111578,26800
2024-03-18,Vestuario,Centro,Retail,45916,14151
2024-08-14,Hogar,Norte,Retail,76904,23064
2023-12-01,Electrodomesticos,Centro,Retail,321787,60423
2024-07-21,Deportes,Sur,Retail,10000,3074
2024-07-26,Tecnologia,Centro,Empresa,198754,44526
2023-06-03,Electrodomesticos,Norte,Retail,108644,20441
2023-06-08,Deportes,Centro,Retail,39122,9691
2024-08-25,Deportes,Sur,Empresa,48641,14379
2024-01-12,Vestuario,Centro,Retail,41923,16714
2023-12-01,Deportes,Centro,Empresa,88127,24671
2024-01-25,Vestuario,Centro,Empresa,55897,18177
2024-02-20,Vestuario,Norte,Empresa,65312,20759
2023-11-20,Vestuario,Centro,Empresa,76671,29470
2023-09-18,Hogar,Norte,Empresa,105825,29051
2023-10-02,Tecnologia,Sur,Retail,166391,36057
2023-06-29,Hogar,Norte,Retail,109623,29261
2024-06-11,Tecnologia,Sur,Empresa,132499,33127
2023-03-14,Hogar,Sur,Empresa,91607,20451
2024-02-10,Tecnologia,Sur,Retail,78351,18661
2023-02-20,Deportes,Centro,Retail,57027,17799
2024-01-05,Electrodomesticos,Centro,Retail,159209,31264
2024-09-01,Electrodomesticos,Sur,Retail,162989,31327
2023-03-13,Electrodomesticos,Norte,Empresa,74368,13413
2023-04-06,Tecnologia,Norte,Retail,135070,25157
2023-07-22,Hogar,Sur,Empresa,86265,26838
2023-07-30,Hogar,Norte,Retail,125529,37304
2023-06-05,Electrodomesticos,Sur,Empresa,113386,20793
2024-09-21,Tecnologia,Centro,Retail,114852,23789
2023-02-18,Hogar,Centro,Empresa,161592,40030
2023-11-09,Deportes,Sur,Retail,70789,17168
2023-08-27,Tecnologia,Centro,Retail,106949,22332
2024-10-05,Deportes,Norte,Retail,56184,17363
2024-01-14,Hogar,Norte,Empresa,62183,18184
2024-04-20,Tecnologia,Norte,Empresa,134145,31175
2023-03-07,Electrodomesticos,Sur,Empresa,57126,9832
2023-03-06,Vestuario,Norte,Retail,56086,19327
2024-04-15,Deportes,Sur,Empresa,33619,11455
2023-04-21,Hogar,Norte,Retail,75939,23535
2023-06-16,Tecnologia,Norte,Empresa,256091,58971
2024-03-13,Tecnologia,Sur,Retail,197921,41307
2023-12-08,Electrodomesticos,Centro,Empresa,198607,30575
2024-03-09,Vestuario,Sur,Empresa,28250,8618
2024-09-16,Deportes,Norte,Retail,48022,16499
2024-05-30,Vestuario,Norte,Empresa,21569,6421
2024-12-29,Hogar,Centro,Retail,111604,31488
2024-04-02,Deportes,Centro,Retail,37473,10371
2024-09-18,Electrodomesticos,Norte,Retail,134188,25178
2024-06-17,Electrodomesticos,Sur,Empresa,145000,29634
2024-11-20,Deportes,Centro,Retail,75179,22928
2023-07-28,Electrodomesticos,Norte,Empresa,117211,17731
2023-01-03,Electrodomesticos,Sur,Retail,132846,17882
2023-07-04,Tecnologia,Norte,Retail,140325,35864
2023-10-15,Vestuario,Centro,Retail,61880,22747
2023-05-08,Hogar,Centro,Empresa,87123,26920
2024-03-05,Hogar,Sur,Retail,110964,28035
2024-01-03,Deportes,Sur,Empresa,83970,25402
2024-02-15,Hogar,Sur,Empresa,78324,21531
2023-07-24,Vestuario,Centro,Retail,44805,14940
2023-06-01,Hogar,Centro,Retail,83992,22125
2023-02-19,Hogar,Norte,Retail,69540,20266
2024-03-24,Vestuario,Norte,Retail,49436,18260
2023-05-11,Deportes,Norte,Empresa,18384,5206
2024-10-10,Electrodomesticos,Centro,Empresa,279184,46039
2024-01-13,Deportes,Sur,Empresa,65964,19291
2023-02-03,Electrodomesticos,Sur,Retail,186585,34334
2023-02-15,Electrodomesticos,Centro,Empresa,69390,13275
2023-08-24,Deportes,Sur,Retail,97326,27200
2023-11-29,Tecnologia,Norte,Empresa,201341,49702
2023-03-20,Tecnologia,Sur,Retail,269660,65702
2024-06-06,Hogar,Norte,Retail,79791,24990
2023-08-25,Electrodomesticos,Centro,Retail,135366,23587
2023-03-03,Hogar,Centro,Empresa,92074,27962
2024-05-06,Electrodomesticos,Sur,Empresa,152749,25791
2023-08-23,Deportes,Centro,Retail,56758,15581
2024-03-06,Tecnologia,Norte,Retail,104841,23763
2024-03-13,Tecnologia,Sur,Empresa,190946,36451
2023-03-25,Vestuario,Centro,Retail,43800,14155
2023-03-15,Electrodomesticos,Centro,Retail,86993,15042
2024-07-31,Hogar,Sur,Empresa,117911,33547
2024-05-20,Electrodomesticos,Norte,Retail,325824,56453
2024-08-11,Electrodomesticos,Centro,Retail,192143,35983
2023-01-15,Hogar,Norte,Retail,15789,5289
2023-11-25,Hogar,Centro,Retail,132383,32392
2024-12-03,Hogar,Sur,Empresa,51977,13867
2024-01-21,Electrodomesticos,Norte,Retail,121745,22206
2023-06-08,Tecnologia,Sur,Empresa,241847,54820
2024-05-11,Hogar,Norte,Empresa,78809,20952
2024-08-27,Electrodomesticos,Norte,Retail,142268,26855
2023-10-11,Hogar,Norte,Retail,71696,18364
2024-06-24,Tecnologia,Sur,Empresa,152451,36764
2023-11-22,Hogar,Centro,Empresa,68644,14365
2023-11-08,Hogar,Centro,Retail,33180,9519
2024-10-06,Electrodomesticos,Sur,Retail,135345,27210
2024-07-22,Hogar,Sur,Empresa,27423,8029
2023-06-12,Tecnologia,Norte,Empresa,160122,37530
2024-07-06,Electrodomesticos,Centro,Empresa,144049,30023
2023-12-14,Electrodomesticos,Norte,Retail,155886,32934
2024-03-25,Hogar,Norte,Empresa,130700,33631
2024-11-04,Electrodomesticos,Norte,Empresa,161353,26219
2024-12-23,Vestuario,Norte,Retail,67224,22178
2023-03-23,Electrodomesticos,Sur,Retail,149223,30736
2024-06-19,Vestuario,Centro,Retail,24264,6684
2024-12-09,Deportes,Centro,Retail,21907,7685
2024-07-16,Tecnologia,Centro,Retail,256121,54776
2024-11-29,Electrodomesticos,Centro,Empresa,55756,11092
2023-01-08,Tecnologia,Sur,Empresa,113576,26258
2024-04-20,Electrodomesticos,Sur,Empresa,80191,16891
2023-08-24,Hogar,Sur,Empresa,100876,32853
2024-06-07,Electrodomesticos,Norte,Empresa,150155,24276
2024-07-06,Electrodomesticos,Sur,Retail,198069,37457
2024-07-19,Hogar,Sur,Empresa,138043,35627
2023-01-24,Tecnologia,Sur,Empresa,201921,39406
2024-06-10,Electrodomesticos,Centro,Empresa,10000,1354
2023-04-12,Tecnologia,Centro,Empresa,279016,46075
2024-01-15,Tecnologia,Norte,Retail,190824,41298
2023-03-08,Tecnologia,Norte,Retail,161573,36363
2023-10-21,Tecnologia,Norte,Empresa,186465,37787
2023-10-20,Tecnologia,Norte,Empresa,192150,44705
2024-11-05,Electrodomesticos,Norte,Empresa,124729,20802
2023-05-28,Electrodomesticos,Sur,Empresa,145807,24555
2023-06-18,Deportes,Centro,Empresa,35453,8699
2024-03-19,Hogar,Norte,Retail,85219,22384
2023-03-11,Deportes,Centro,Empresa,97131,27304
2024-11-23,Vestuario,Centro,Empresa,28162,9672
2024-04-26,Deportes,Norte,Empresa,95440,24813
2024-04-03,Deportes,Sur,Retail,88882,28707
2024-07-22,Electrodomesticos,Sur,Retail,211982,36105
2023-03-01,Vestuario,Sur,Empresa,36691,11300
2023-05-15,Hogar,Sur,Retail,114759,29481
2024-09-27,Electrodomesticos,Sur,Empresa,143443,23543
2023-04-14,Electrodomesticos,Centro,Retail,165093,30521
2023-09-21,Hogar,Sur,Empresa,119060,35433
2024-10-06,Hogar,Centro,Retail,125735,32844
2024-07-19,Electrodomesticos,Centro,Retail,214873,36459
2024-11-24,Electrodomesticos,Sur,Retail,197904,40368
2024-10-26,Hogar,Norte,Retail,133518,35913
2023-10-04,Electrodomesticos,Sur,Empresa,98822,17780
2023-01-21,Vestuario,Centro,Empresa,71054,23359
2024-02-09,Tecnologia,Norte,Empresa,167610,38695
2024-04-19,Vestuario,Sur,Retail,59629,20148
2023-11-10,Deportes,Sur,Empresa,82682,24312
2024-11-25,Tecnologia,Norte,Retail,262486,65185
2024-07-11,Vestuario,Centro,Retail,53640,18055
2024-12-02,Vestuario,Norte,Empresa,42119,16351
2023-04-17,Electrodomesticos,Sur,Empresa,138321,26529
2023-06-12,Vestuario,Centro,Empresa,32183,9807
2023-03-27,Deportes,Sur,Empresa,38514,12606
2024-03-02,Tecnologia,Centro,Empresa,126524,28252
2023-05-11,Vestuario,Centro,Empresa,37213,13481
2024-03-27,Deportes,Centro,Empresa,85751,24259
2023-06-28,Electrodomesticos,Centro,Retail,157917,26735
2023-08-27,Vestuario,Norte,Empresa,50920,16838
2023-05-16,Vestuario,Centro,Retail,21837,8818
2023-08-25,Hogar,Sur,Retail,111392,32286
2023-10-23,Electrodomesticos,Centro,Retail,120265,21164
2023-05-01,Deportes,Centro,Retail,61823,16612
2024-09-10,Vestuario,Sur,Retail,56334,20100
2024-09-14,Electrodomesticos,Centro,Retail,217997,41529
2024-05-01,Deportes,Norte,Retail,70735,17809
2023-09-05,Deportes,Sur,Retail,29280,8122
2023-04-05,Electrodomesticos,Centro,Empresa,266918,46302
2024-12-16,Deportes,Centro,Retail,63440,22588
2023-06-04,Tecnologia,Centro,Empresa,162575,36109
2023-06-13,Tecnologia,Sur,Empresa,203330,44012
2024-07-26,Deportes,Sur,Retail,81005,22860
2023-06-10,Electrodomesticos,Norte,Empresa,307888,51814
2023-10-13,Deportes,Centro,Empresa,53797,17124
2023-02-17,Hogar,Centro,Retail,118813,30084
2023-01-23,Electrodomesticos,Sur,Retail,186486,32385
2024-03-08,Tecnologia,Centro,Empresa,191674,41418
2024-11-17,Hogar,Norte,Empresa,72053,20795
2023-07-15,Tecnologia,Norte,Empresa,164557,34169
2024-09-24,Tecnologia,Centro,Retail,108478,25402
2023-04-10,Tecnologia,Centro,Empresa,188535,37509
2024-01-16,Electrodomesticos,Centro,Empresa,178500,29893
2024-10-05,Vestuario,Norte,Retail,63366,23946
2023-06-07,Tecnologia,Norte,Empresa,148347,32498
2024-01-16,Deportes,Norte,Empresa,76685,21223
2024-03-04,Tecnologia,Centro,Retail,175358,39972
2024-06-06,Tecnologia,Norte,Empresa,229964,57787
2023-11-04,Deportes,Centro,Empresa,81190,25589
2023-02-05,Vestuario,Norte,Empresa,75606,23622
2023-02-16,Deportes,Norte,Retail,10000,2927
2024-06-19,Electrodomesticos,Centro,Empresa,172979,26597
2023-03-07,Tecnologia,Norte,Empresa,190491,38685
2024-05-10,Tecnologia,Sur,Empresa,204540,39416
2024-04-06,Electrodomesticos,Sur,Empresa,147288,26471
2024-08-31,Vestuario,Centro,Empresa,62576,23481
2023-04-20,Electrodomesticos,Sur,Empresa,105255,15874
2023-03-31,Tecnologia,Centro,Retail,135013,25994
2024-05-17,Electrodomesticos,Norte,Empresa,194799,33305
2023-12-22,Electrodomesticos,Centro,Empresa,166277,31531
2023-06-14,Deportes,Sur,Retail,30804,8213
2023-10-17,Hogar,Centro,Empresa,95231,23622
2024-07-30,Electrodomesticos,Centro,Retail,143903,26971
2024-01-10,Tecnologia,Sur,Retail,253503,53072
2023-10-22,Hogar,Norte,Empresa,106760,35432
2023-02-14,Vestuario,Centro,Retail,34021,11355
2023-04-28,Deportes,Sur,Empresa,65861,19613
2024-05-28,Deportes,Norte,Empresa,69326,19821
2024-09-18,Deportes,Norte,Retail,95191,28225
2024-01-14,Electrodomesticos,Centro,Retail,122688,22311
2024-02-11,Electrodomesticos,Centro,Retail,169187,27260
2023-01-04,Electrodomesticos,Sur,Retail,175445,28112
2024-05-01,Electrodomesticos,Sur,Retail,131348,20327
2023-02-02,Vestuario,Norte,Empresa,31360,10481
2023-04-06,Deportes,Centro,Empresa,22692,7127
2024-04-18,Tecnologia,Sur,Empresa,219881,55993
2023-07-25,Deportes,Centro,Retail,79509,24807
2023-04-02,Deportes,Sur,Retail,27926,8728
2024-08-31,Vestuario,Norte,Retail,33024,10515
2024-07-12,Electrodomesticos,Sur,Empresa,114732,23532
2024-05-25,Electrodomesticos,Norte,Empresa,162647,30973
2023-11-01,Deportes,Sur,Retail,71111,22576
2023-08-02,Deportes,Sur,Empresa,73111,22865
2024-04-17,Tecnologia,Norte,Retail,229740,57381
2023-10-22,Tecnologia,Sur,Retail,194866,44971
2024-11-30,Electrodomesticos,Sur,Retail,155258,29527
2023-09-22,Hogar,Centro,Retail,108530,25770
2024-03-07,Vestuario,Norte,Empresa,45017,14664
2023-05-24,Tecnologia,Centro,Empresa,82918,18007
2024-08-02,Tecnologia,Norte,Retail,167744,44585
2024-07-13,Deportes,Sur,Retail,51101,14881
2024-06-10,Electrodomesticos,Centro,Empresa,149728,25619
2023-02-06,Tecnologia,Norte,Empresa,175225,33532
2023-06-06,Vestuario,Centro,Retail,62808,23094
2023-02-07,Hogar,Sur,Empresa,120472,31154
2024-10-22,Vestuario,Centro,Retail,48353,15364
2023-07-14,Hogar,Centro,Retail,93427,26326
2023-03-01,Hogar,Sur,Retail,56203,12496
2024-04-13,Deportes,Centro,Empresa,62645,20392
2024-10-30,Hogar,Sur,Retail,91734,29045
2024-04-13,Electrodomesticos,Norte,Retail,261992,45564
2024-07-01,Hogar,Norte,Retail,49353,14497
2023-01-28,Electrodomesticos,Sur,Empresa,121176,19307
2023-09-20,Deportes,Centro,Retail,69657,23527
2023-07-16,Hogar,Sur,Empresa,83740,21453
2023-10-18,Vestuario,Sur,Empresa,38487,13995
2024-03-10,Electrodomesticos,Sur,Empresa,225260,42211
2024-08-30,Deportes,Centro,Empresa,46795,14621
2024-08-28,Tecnologia,Sur,Retail,293278,75889
2024-11-07,Tecnologia,Sur,Retail,154170,36263
2023-10-08,Electrodomesticos,Norte,Retail,148936,24886
2023-09-01,Deportes,Sur,Retail,42281,14528
2023-10-09,Deportes,Sur,Retail,46600,13635
2024-12-25,Electrodomesticos,Sur,Retail,234298,37449
2024-11-27,Vestuario,Centro,Retail,49666,15530
2024-01-17,Vestuario,Sur,Retail,67875,24705
2024-01-18,Deportes,Norte,Empresa,60983,18959
2023-01-02,Vestuario,Centro,Retail,26898,8835
2024-05-23,Deportes,Centro,Retail,63345,20865
2024-12-24,Deportes,Sur,Empresa,69752,21924
2024-06-05,Deportes,Norte,Retail,53735,15996
2023-01-13,Deportes,Norte,Retail,43455,13909
2024-01-22,Tecnologia,Norte,Retail,210046,49745
2024-03-28,Electrodomesticos,Sur,Empresa,242890,41167
2024-11-07,Deportes,Centro,Retail,36161,11323
2023-10-05,Electrodomesticos,Norte,Retail,155148,25965
2023-10-31,Deportes,Centro,Empresa,59725,16899
2024-11-01,Electrodomesticos,Centro,Empresa,201703,31209
2023-03-11,Deportes,Centro,Retail,59035,18381
2023-10-12,Deportes,Centro,Retail,74490,24015
2024-06-21,Deportes,Norte,Empresa,57574,15513
2024-07-13,Tecnologia,Centro,Retail,169020,36874
2024-01-02,Electrodomesticos,Sur,Empresa,171638,27328
2023-10-29,Hogar,Norte,Empresa,99378,26141
2024-01-11,Electrodomesticos,Norte,Empresa,190675,29774
2023-06-14,Deportes,Norte,Empresa,49670,14427
2024-06-22,Hogar,Sur,Empresa,157651,45582
2023-01-18,Hogar,Centro,Retail,99903,24696
2024-10-30,Hogar,Sur,Empresa,120868,32513
2024-05-18,Deportes,Norte,Retail,84063,24603
2024-01-15,Hogar,Sur,Empresa,115554,31196
2024-06-09,Deportes,Sur,Empresa,67168,20266
2023-09-21,Tecnologia,Centro,Retail,50146,11004
2024-07-09,Tecnologia,Centro,Empresa,96628,22082
2023-03-08,Electrodomesticos,Norte,Retail,169401,22916
2023-04-14,Tecnologia,Norte,Empresa,251047,62954
2023-09-23,Hogar,Norte,Empresa,107770,26491
2024-02-14,Hogar,Sur,Retail,111665,29970
2023-11-15,Deportes,Norte,Empresa,48148,15170
2023-07-21,Deportes,Sur,Retail,127437,31342
2024-12-13,Vestuario,Norte,Empresa,19219,6224
2023-03-06,Electrodomesticos,Norte,Empresa,81249,16072
2023-04-27,Electrodomesticos,Sur,Retail,61843,10575
2024-06-24,Deportes,Sur,Empresa,73166,22411
2023-07-07,Vestuario,Norte,Empresa,30605,11503
2024-04-08,Electrodomesticos,Norte,Empresa,43377,9142
2023-04-05,Electrodomesticos,Sur,Retail,172409,31515
2023-08-13,Deportes,Norte,Retail,82649,23356
2023-01-18,Electrodomesticos,Centro,Empresa,141901,25960
2024-11-05,Hogar,Centro,Empresa,54822,16076
2023-03-05,Electrodomesticos,Sur,Retail,203748,34860
2023-11-17,Electrodomesticos,Sur,Empresa,100115,16545
2023-11-25,Electrodomesticos,Sur,Retail,251230,32139
2024-10-03,Tecnologia,Norte,Retail,135360,29646
2023-05-19,Electrodomesticos,Sur,Empresa,141145,29861
2024-08-18,Electrodomesticos,Sur,Empresa,184808,35277
2024-05-06,Tecnologia,Sur,Retail,209248,46745
2024-03-21,Tecnologia,Sur,Empresa,339374,72758
2023-05-13,Tecnologia,Sur,Retail,228280,50700
2024-05-16,Tecnologia,Sur,Retail,165920,31886
2023-09-04,Electrodomesticos,Norte,Empresa,169462,32693
2023-09-05,Vestuario,Sur,Empresa,36661,13835
2024-10-17,Tecnologia,Norte,Empresa,162188,31040
2024-08-17,Deportes,Norte,Retail,81634,23501
2023-07-07,Electrodomesticos,Sur,Empresa,283880,51030
2024-05-18,Vestuario,Sur,Empresa,71191,28814
2023-09-04,Electrodomesticos,Centro,Retail,94472,16265
2024-11-14,Electrodomesticos,Centro,Retail,183742,31677
2024-05-24,Vestuario,Sur,Empresa,47643,15946
2023-12-28,Hogar,Sur,Retail,106035,30927
2024-05-13,Electrodomesticos,Norte,Empresa,95102,18715
2023-06-13,Tecnologia,Centro,Retail,216443,54774
2023-10-26,Electrodomesticos,Sur,Retail,92777,19087
2023-09-24,Hogar,Norte,Empresa,80674,24878
2023-06-17,Tecnologia,Sur,Empresa,131313,31627
2023-11-16,Deportes,Centro,Retail,111951,31254
2024-12-17,Deportes,Centro,Retail,36311,11793
2024-01-30,Hogar,Centro,Empresa,84438,20583
2024-04-30,Hogar,Centro,Retail,101359,28301
2024-02-17,Vestuario,Norte,Empresa,43259,16571
2024-08-28,Hogar,Norte,Empresa,88677,28983
2024-09-24,Deportes,Centro,Empresa,58182,19655
2024-05-09,Electrodomesticos,Centro,Retail,181766,28587
2024-01-30,Deportes,Norte,Empresa,39437,12445
2024-09-18,Tecnologia,Centro,Retail,218339,45326
2023-04-14,Vestuario,Centro,Retail,53580,19230
2024-06-17,Vestuario,Norte,Retail,55460,19858
2024-07-05,Hogar,Norte,Empresa,75184,22392
2023-08-07,Tecnologia,Sur,Retail,301440,68906
2023-08-09,Tecnologia,Sur,Empresa,208991,41064
2023-06-07,Vestuario,Norte,Empresa,33365,11167
2023-09-11,Electrodomesticos,Centro,Retail,195509,41687
2023-02-07,Tecnologia,Sur,Empresa,279111,67879
2024-01-03,Hogar,Centro,Empresa,104445,25100
2023-03-21,Hogar,Norte,Retail,82466,20113
2023-05-17,Vestuario,Sur,Empresa,67085,19643
2024-07-15,Electrodomesticos,Centro,Retail,152100,31676
2023-03-16,Electrodomesticos,Centro,Empresa,207428,33505
2023-02-02,Hogar,Centro,Retail,90152,30408
2023-10-12,Tecnologia,Norte,Empresa,219319,49226
2024-06-25,Electrodomesticos,Sur,Empresa,244250,47224
2024-11-26,Tecnologia,Norte,Retail,211471,39825
2024-07-03,Deportes,Sur,Retail,68749,21602
2024-05-14,Electrodomesticos,Centro,Retail,174724,32778
2023-08-12,Electrodomesticos,Sur,Retail,210481,33669
2023-04-03,Tecnologia,Centro,Empresa,191316,40228
2024-01-31,Tecnologia,Norte,Empresa,258003,56987
2023-03-02,Deportes,Centro,Retail,96571,22675
2024-03-24,Hogar,Norte,Retail,129069,43836
2024-03-13,Tecnologia,Sur,Retail,180107,43968
2024-10-28,Tecnologia,Centro,Empresa,243303,55880
2023-02-15,Tecnologia,Centro,Empresa,95606,18812
2023-08-14,Tecnologia,Centro,Retail,225888,49654
2023-12-31,Vestuario,Norte,Empresa,33271,11053
2023-09-11,Hogar,Centro,Empresa,72550,19675
2023-04-19,Tecnologia,Sur,Empresa,286294,68406
2023-12-24,Deportes,Centro,Empresa,48555,13269
2024-06-13,Hogar,Sur,Retail,104878,31123
2024-11-17,Deportes,Norte,Retail,55247,16637
2023-08-17,Deportes,Centro,Empresa,94065,30837
2023-11-25,Deportes,Norte,Empresa,29309,8635
2023-08-15,Hogar,Sur,Retail,71594,21660
2024-02-17,Electrodomesticos,Sur,Empresa,144208,23874
2023-06-24,Hogar,Centro,Empresa,124623,37219
2024-08-25,Vestuario,Sur,Retail,48202,20428
2023-08-08,Deportes,Centro,Empresa,89526,27590
2023-04-23,Electrodomesticos,Centro,Empresa,174402,27023
2023-10-29,Deportes,Centro,Empresa,40113,12722
2023-02-02,Deportes,Sur,Retail,59948,19446
2023-12-07,Hogar,Centro,Empresa,42305,11850
2024-03-29,Vestuario,Sur,Retail,51834,17953
2023-10-14,Vestuario,Norte,Retail,73515,23364
2024-07-07,Tecnologia,Centro,Empresa,215984,49331
2023-03-31,Tecnologia,Norte,Empresa,123368,27055
2023-05-28,Tecnologia,Centro,Empresa,98064,21351
2024-06-15,Tecnologia,Norte,Retail,81605,20062
2024-08-16,Electrodomesticos,Sur,Empresa,165368,25447
2023-04-29,Hogar,Sur,Retail,95068,24974
2023-11-02,Deportes,Norte,Retail,63712,17266
2024-06-20,Electrodomesticos,Centro,Retail,204709,39441
2023-03-06,Vestuario,Centro,Retail,44712,16694
2024-03-25,Hogar,Sur,Empresa,92360,23825
2024-03-29,Electrodomesticos,Centro,Retail,196807,38356
2023-08-21,Electrodomesticos,Centro,Retail,233351,43443
2024-05-16,Vestuario,Sur,Retail,49622,16726
2023-11-20,Tecnologia,Norte,Retail,164665,32652
2024-10-28,Tecnologia,Centro,Retail,172135,44212
2023-03-13,Vestuario,Norte,Empresa,24843,8139
2023-04-26,Deportes,Sur,Retail,85773,26625
2023-02-08,Electrodomesticos,Sur,Retail,141894,25465
2023-03-08,Vestuario,Norte,Empresa,58900,20886
2023-01-26,Electrodomesticos,Sur,Retail,233172,48156
2024-09-23,Tecnologia,Norte,Retail,260430,54640
2024-03-30,Hogar,Norte,Empresa,163458,46947
2024-10-24,Vestuario,Norte,Retail,66155,26184
2024-03-18,Electrodomesticos,Sur,Empresa,183748,32016
2023-03-17,Electrodomesticos,Norte,Empresa,142729,28432
2023-03-23,Electrodomesticos,Centro,Retail,175666,36415
2023-01-27,Tecnologia,Norte,Empresa,148683,38671
2023-12-28,Vestuario,Norte,Retail,33801,13461
2023-04-05,Electrodomesticos,Centro,Retail,232935,36839
2024-08-20,Hogar,Sur,Retail,101057,21832
2024-07-29,Hogar,Norte,Empresa,71742,21748
2024-03-10,Hogar,Centro,Retail,132895,36134
2024-03-02,Deportes,Sur,Empresa,40659,12729
2024-09-13,Deportes,Centro,Empresa,108931,27622
2023-11-19,Hogar,Norte,Empresa,119566,36617
2024-04-05,Vestuario,Centro,Empresa,41292,15443
2024-06-24,Deportes,Norte,Empresa,38485,11917
2023-05-12,Electrodomesticos,Centro,Retail,80190,13786
2023-04-21,Tecnologia,Centro,Retail,144698,31673
2023-10-08,Electrodomesticos,Centro,Empresa,196637,38204
2024-08-14,Tecnologia,Centro,Empresa,166501,34237
2023-05-02,Tecnologia,Centro,Empresa,156565,35167
2023-08-24,Tecnologia,Sur,Empresa,243742,65305
2023-05-25,Tecnologia,Centro,Empresa,136048,31843
2024-10-04,Tecnologia,Norte,Retail,129825,34549
2024-10-05,Deportes,Sur,Retail,70822,20988
2023-12-25,Vestuario,Sur,Retail,47366,13389
2023-03-23,Electrodomesticos,Sur,Retail,150453,31188
2024-05-24,Tecnologia,Norte,Empresa,165993,41774
2023-12-24,Hogar,Norte,Retail,133483,40134
2023-03-11,Deportes,Centro,Retail,78335,21170
2024-10-19,Vestuario,Centro,Retail,62697,20300
2024-04-13,Deportes,Norte,Empresa,104827,33250
2024-09-27,Hogar,Centro,Empresa,104727,28774
2023-09-04,Hogar,Norte,Retail,13852,3909
2023-03-28,Electrodomesticos,Norte,Empresa,240040,48292
2024-11-22,Hogar,Centro,Empresa,114269,40223
2023-01-17,Deportes,Norte,Retail,89094,30077
2024-08-23,Hogar,Sur,Empresa,90650,26997
2023-04-16,Hogar,Norte,Retail,138687,38450
2024-03-19,Vestuario,Centro,Retail,33138,11145
2023-12-04,Tecnologia,Sur,Empresa,116877,25295
2023-02-02,Tecnologia,Centro,Retail,100485,21122
2023-02-11,Hogar,Norte,Retail,45491,12565
2024-01-27,Tecnologia,Sur,Retail,220685,39321
2024-06-27,Vestuario,Sur,Empresa,54785,18407
2023-03-11,Vestuario,Sur,Retail,39735,11548
2023-04-29,Electrodomesticos,Centro,Empresa,213792,39420
2023-06-18,Electrodomesticos,Norte,Retail,107955,21536
2023-09-16,Electrodomesticos,Sur,Empresa,10000,2162
2023-11-06,Electrodomesticos,Centro,Retail,193600,22986
2024-01-05,Tecnologia,Centro,Retail,197254,47591
2024-11-26,Deportes,Sur,Retail,95431,27445
2023-06-01,Deportes,Norte,Retail,116373,37912
2023-03-01,Deportes,Centro,Retail,83665,23923
2024-11-11,Tecnologia,Sur,Retail,109055,23971
2024-09-17,Deportes,Centro,Retail,58782,16716
2024-03-03,Electrodomesticos,Centro,Retail,183692,27385
2023-09-18,Vestuario,Centro,Empresa,54656,18854
2024-11-19,Tecnologia,Centro,Empresa,239238,60271
2024-07-21,Hogar,Centro,Retail,62585,15962
2023-06-08,Vestuario,Sur,Empresa,51271,16038
2024-01-18,Tecnologia,Centro,Retail,161989,36980
2024-02-09,Tecnologia,Norte,Retail,308597,66122
2024-08-05,Electrodomesticos,Norte,Retail,175429,32788
2024-08-30,Hogar,Centro,Retail,106619,25817
2023-09-01,Deportes,Sur,Empresa,59747,18920
2024-11-02,Tecnologia,Centro,Retail,144500,27717
2023-05-16,Electrodomesticos,Sur,Retail,201456,32316
2024-11-10,Electrodomesticos,Sur,Retail,107514,21965
2023-05-01,Deportes,Norte,Retail,40876,11579
2023-07-16,Hogar,Sur,Empresa,81048,16860
2024-12-20,Deportes,Sur,Empresa,57291,17519
2023-09-22,Deportes,Sur,Retail,86615,24747
2024-04-25,Tecnologia,Sur,Retail,196953,43265
2024-02-11,Vestuario,Centro,Empresa,18252,6214
2023-05-12,Tecnologia,Sur,Retail,252298,66248
2024-05-14,Deportes,Sur,Retail,64474,18736
2024-08-15,Vestuario,Centro,Retail,46181,17234
2023-10-01,Deportes,Centro,Empresa,64662,19711
2023-01-17,Hogar,Sur,Retail,119420,44282
2023-03-22,Vestuario,Sur,Empresa,19590,6571
2024-11-24,Electrodomesticos,Sur,Retail,35539,7100
2024-05-21,Electrodomesticos,Sur,Empresa,195812,37386
2024-10-26,Vestuario,Centro,Retail,24456,8036
2024-07-30,Tecnologia,Sur,Retail,152415,30818
2023-06-05,Deportes,Centro,Retail,80875,24645
2024-06-29,Tecnologia,Centro,Retail,168713,37474
2023-07-31,Hogar,Sur,Retail,114298,28970
2023-09-27,Tecnologia,Norte,Empresa,95138,25049
2024-11-01,Hogar,Norte,Retail,129902,31102
2023-05-17,Deportes,Norte,Retail,52796,15272
2024-09-15,Deportes,Centro,Empresa,40114,11389
2024-10-08,Electrodomesticos,Sur,Empresa,300601,59151
2023-10-20,Tecnologia,Centro,Empresa,230539,50438
2024-10-01,Hogar,Centro,Empresa,105766,25220
2024-10-08,Electrodomesticos,Sur,Retail,225458,36503
2024-02-21,Electrodomesticos,Sur,Retail,153684,26609
2024-11-03,Tecnologia,Centro,Empresa,218000,42818
2023-10-27,Hogar,Sur,Retail,72941,18691
2023-04-06,Deportes,Centro,Empresa,35685,10720
2023-11-16,Electrodomesticos,Centro,Retail,244017,51452
2024-11-13,Deportes,Centro,Retail,82598,26931
2023-06-09,Deportes,Norte,Retail,40835,13082
2024-05-14,Electrodomesticos,Centro,Retail,115599,20155
2024-06-16,Electrodomesticos,Centro,Empresa,206163,30246
2024-10-11,Hogar,Centro,Empresa,101314,28799
2023-01-31,Hogar,Centro,Retail,45996,13081
2024-01-07,Electrodomesticos,Sur,Retail,206118,33426
2023-06-12,Electrodomesticos,Centro,Empresa,320734,64357
2023-06-06,Deportes,Sur,Empresa,66706,18755
2023-02-14,Hogar,Centro,Retail,140216,41473
2024-03-02,Tecnologia,Centro,Retail,212255,46179
2023-03-18,Deportes,Norte,Empresa,55947,17174
2024-10-24,Deportes,Norte,Retail,67090,20130
2024-01-22,Electrodomesticos,Sur,Retail,116699,21936
2023-06-30,Tecnologia,Centro,Retail,277689,53569
2024-08-31,Vestuario,Sur,Retail,48589,16740
2024-04-04,Electrodomesticos,Centro,Retail,244861,44669
2023-10-25,Tecnologia,Norte,Retail,152034,35441
2023-03-10,Electrodomesticos,Centro,Empresa,86497,16839
2024-03-08,Electrodomesticos,Sur,Empresa,169311,34749
2023-09-11,Tecnologia,Norte,Retail,78538,17465
2024-04-30,Tecnologia,Centro,Empresa,132031,33413
2024-04-09,Tecnologia,Centro,Retail,292228,62537
2023-10-31,Vestuario,Norte,Retail,33889,13589
2023-01-25,Electrodomesticos,Norte,Retail,217335,40841
2023-03-13,Deportes,Sur,Empresa,61285,17287
2023-09-29,Tecnologia,Centro,Empresa,61502,13494
2024-06-02,Electrodomesticos,Norte,Retail,270593,44443
2024-09-12,Hogar,Centro,Empresa,101170,30109
2023-09-17,Vestuario,Norte,Empresa,58863,18529
2023-08-28,Vestuario,Norte,Retail,28245,9170
2024-10-02,Vestuario,Centro,Retail,55333,20072
2023-11-05,Hogar,Sur,Empresa,44537,12932
2023-07-20,Hogar,Sur,Retail,108070,30541
2024-10-02,Deportes,Norte,Empresa,60843,17335
2024-08-01,Hogar,Centro,Empresa,77160,22719
2024-11-15,Deportes,Norte,Empresa,28591,9718
2023-08-11,Electrodomesticos,Sur,Retail,10000,1723
2023-09-18,Hogar,Sur,Retail,81535,20982
2023-08-19,Electrodomesticos,Sur,Retail,177873,29537
2023-07-16,Vestuario,Norte,Empresa,71316,25321
2023-05-23,Tecnologia,Norte,Empresa,137478,28108
2023-11-10,Vestuario,Norte,Empresa,43730,14705
2024-06-21,Deportes,Norte,Empresa,52387,13862
2024-04-22,Tecnologia,Sur,Empresa,231228,52344
2023-06-07,Tecnologia,Centro,Retail,214651,42960
2023-01-16,Vestuario,Sur,Retail,43129,11406
2024-02-07,Hogar,Centro,Retail,101134,24024
2023-07-04,Tecnologia,Norte,Retail,207082,49746
2023-05-08,Vestuario,Sur,Retail,56718,19874
2024-05-21,Electrodomesticos,Centro,Empresa,129455,26297
2023-04-19,Deportes,Centro,Retail,89582,29201
2024-11-02,Vestuario,Centro,Retail,68754,24305
2023-11-02,Electrodomesticos,Norte,Empresa,96065,18124
2024-04-13,Tecnologia,Norte,Empresa,245014,56358
2024-05-29,Deportes,Sur,Empresa,58855,17670
2024-07-25,Deportes,Norte,Empresa,73986,22151
2024-04-16,Tecnologia,Centro,Empresa,214630,47668
2023-07-07,Electrodomesticos,Centro,Empresa,212581,41378
2024-02-14,Vestuario,Norte,Empresa,53163,20702
2023-03-15,Vestuario,Sur,Empresa,58692,19774
2023-04-16,Tecnologia,Centro,Retail,147789,30817
2023-08-20,Hogar,Sur,Empresa,108038,25416
2024-08-02,Electrodomesticos,Sur,Retail,68011,11761
2024-05-28,Deportes,Centro,Empresa,89605,28602
2024-09-07,Deportes,Centro,Empresa,39228,10687
2024-06-12,Hogar,Norte,Empresa,85120,21291
2023-06-05,Vestuario,Sur,Retail,31329,11630
2024-06-01,Deportes,Norte,Retail,62867,22892
2023-09-10,Deportes,Centro,Retail,60847,16971
2023-02-27,Vestuario,Sur,Retail,44594,15524
2024-06-23,Deportes,Centro,Empresa,58796,17753
2023-05-18,Deportes,Centro,Retail,91615,28175
2023-08-24,Tecnologia,Sur,Empresa,145202,31633
2024-10-16,Hogar,Sur,Retail,88262,18226
2023-03-29,Hogar,Sur,Empresa,102794,31333
2024-08-22,Electrodomesticos,Norte,Retail,205639,38268
2024-11-23,Deportes,Sur,Retail,82963,25339
2023-03-05,Vestuario,Sur,Empresa,21688,8095
2024-09-01,Hogar,Sur,Empresa,91736,24009
2024-05-12,Hogar,Sur,Retail,102889,31602
2023-08-14,Electrodomesticos,Norte,Retail,189597,35889
2023-10-21,Deportes,Norte,Retail,36593,11394
2024-04-06,Vestuario,Norte,Retail,51193,15416
2023-01-31,Tecnologia,Sur,Retail,168687,40330
2023-09-05,Vestuario,Centro,Empresa,60990,24661
2024-07-20,Electrodomesticos,Sur,Retail,85317,13967
2023-01-07,Hogar,Centro,Empresa,134516,42962
2023-11-14,Vestuario,Sur,Retail,45065,16718
2024-07-27,Deportes,Norte,Empresa,52937,16186
2023-10-19,Electrodomesticos,Centro,Empresa,142889,22490
2024-04-01,Electrodomesticos,Sur,Retail,85213,15867
2024-06-03,Deportes,Centro,Empresa,39386,13323
2024-06-05,Electrodomesticos,Sur,Retail,87107,13637
2023-11-17,Tecnologia,Norte,Empresa,246528,50607
2024-09-05,Vestuario,Sur,Retail,60319,18595
2024-02-14,Deportes,Norte,Empresa,67635,21175
2023-04-08,Electrodomesticos,Sur,Retail,119561,18258
2023-03-13,Vestuario,Centro,Empresa,59520,21006
2024-11-09,Electrodomesticos,Centro,Empresa,220648,44033
2023-10-18,Hogar,Sur,Empresa,77565,19874
2023-07-21,Tecnologia,Sur,Retail,122198,35330
2024-06-01,Deportes,Norte,Retail,35660,10403
2024-03-29,Electrodomesticos,Norte,Empresa,193351,29887
2023-05-25,Tecnologia,Sur,Empresa,208751,42793
2023-02-12,Hogar,Norte,Retail,85073,24246
2023-12-25,Tecnologia,Centro,Retail,120700,25889
2024-07-21,Tecnologia,Centro,Retail,112323,28107
2023-02-19,Tecnologia,Sur,Empresa,244885,55513
2023-10-22,Vestuario,Sur,Retail,69754,21969
2023-11-13,Electrodomesticos,Sur,Retail,101339,17442
2023-11-16,Electrodomesticos,Norte,Empresa,99661,15717
2023-10-13,Vestuario,Sur,Retail,27983,11248
2023-11-17,Electrodomesticos,Sur,Empresa,173168,30416
2024-12-06,Deportes,Norte,Retail,58786,16145
2023-01-15,Vestuario,Centro,Retail,30474,10495
2023-10-01,Deportes,Sur,Empresa,76256,24638
2023-04-17,Hogar,Centro,Retail,136131,37307
2023-07-28,Deportes,Centro,Empresa,86879,24470
2024-09-02,Hogar,Sur,Retail,92441,26090
2023-04-05,Tecnologia,Sur,Retail,197765,40335
2024-10-10,Tecnologia,Norte,Empresa,139469,26845
2024-05-30,Vestuario,Norte,Empresa,32589,9820
2023-06-10,Tecnologia,Norte,Retail,153818,35509
2024-09-21,Tecnologia,Sur,Retail,209733,51487
2024-07-04,Tecnologia,Sur,Retail,170579,42263
2024-12-24,Deportes,Sur,Empresa,80787,31688
2024-09-19,Electrodomesticos,Norte,Empresa,175309,30334
2023-04-27,Hogar,Centro,Retail,69701,20589
2023-01-27,Deportes,Norte,Retail,83749,27199
2024-07-21,Hogar,Centro,Retail,88290,22133
2024-09-15,Hogar,Centro,Retail,117696,29157
2024-04-06,Tecnologia,Sur,Retail,177016,39747
2024-12-21,Hogar,Sur,Empresa,118109,23989
2023-07-09,Tecnologia,Centro,Empresa,237417,52666
2024-04-19,Deportes,Centro,Empresa,42316,13746
2023-08-05,Electrodomesticos,Centro,Empresa,129078,21181
2023-07-07,Hogar,Centro,Retail,78346,21202
2024-02-24,Hogar,Centro,Empresa,95221,28055
2023-01-23,Electrodomesticos,Centro,Retail,64923,11280
2024-01-28,Deportes,Centro,Retail,60862,17855
2024-04-29,Deportes,Norte,Retail,83722,27345
2024-04-05,Electrodomesticos,Sur,Retail,201856,35956
2023-01-25,Hogar,Centro,Empresa,91953,24742
2024-11-18,Electrodomesticos,Centro,Empresa,169054,29182
2023-06-17,Deportes,Norte,Retail,34614,9129
2023-08-20,Electrodomesticos,Sur,Retail,164241,27286
2023-07-09,Vestuario,Centro,Retail,43071,15177
2024-11-02,Vestuario,Norte,Retail,41211,15778
2024-11-25,Hogar,Centro,Empresa,165270,48454
2024-09-24,Hogar,Norte,Retail,163286,41631
2023-07-10,Deportes,Centro,Retail,69779,18420
2023-02-07,Vestuario,Norte,Retail,40272,13885
2024-08-26,Deportes,Centro,Empresa,57640,16114
2023-02-16,Electrodomesticos,Sur,Empresa,224486,38978
2024-02-23,Tecnologia,Sur,Empresa,83360,19676
2023-07-17,Hogar,Norte,Retail,129429,39015
2024-07-08,Hogar,Centro,Empresa,110252,23075
2023-06-17,Vestuario,Norte,Retail,36690,12665
2024-04-07,Hogar,Centro,Empresa,65564,20598
2023-11-17,Hogar,Centro,Retail,107312,28496
2023-01-27,Electrodomesticos,Norte,Retail,141850,24448
2023-08-24,Electrodomesticos,Sur,Retail,190261,32443
2024-05-09,Vestuario,Sur,Retail,42793,12254
2024-03-07,Hogar,Norte,Empresa,104954,24861
2024-12-28,Vestuario,Centro,Empresa,52128,20819
2024-08-03,Vestuario,Centro,Retail,52310,13904
2023-11-23,Hogar,Centro,Empresa,112579,27521
2024-06-15,Tecnologia,Centro,Retail,111707,26552
2024-01-10,Vestuario,Norte,Retail,51307,19794
2024-10-16,Deportes,Norte,Empresa,62372,18047
2023-09-04,Tecnologia,Sur,Empresa,115008,23238
2024-04-17,Tecnologia,Centro,Retail,211574,34977
2023-02-21,Tecnologia,Norte,Retail,144434,31955
2023-07-31,Tecnologia,Norte,Empresa,345383,74685
2023-08-27,Deportes,Norte,Empresa,114640,39180
2024-02-16,Hogar,Norte,Empresa,154875,43941
2024-06-19,Tecnologia,Norte,Empresa,167826,42013
2023-10-07,Vestuario,Sur,Retail,45312,18434
2023-04-10,Deportes,Sur,Retail,83551,22061
2023-04-29,Electrodomesticos,Sur,Empresa,102393,18916
2023-08-19,Hogar,Norte,Retail,89464,29183
2024-11-11,Tecnologia,Centro,Empresa,203192,40117
2024-10-24,Hogar,Norte,Retail,34776,9060
2023-04-06,Deportes,Norte,Retail,50854,16092
2024-01-26,Hogar,Sur,Empresa,100039,26463
2024-06-08,Tecnologia,Centro,Retail,214894,42865
2024-04-19,Vestuario,Sur,Retail,64101,26043
2023-12-23,Hogar,Centro,Empresa,48768,14316
2023-08-15,Hogar,Centro,Retail,62883,17853
2023-10-28,Deportes,Norte,Retail,39675,13811
2024-06-11,Electrodomesticos,Sur,Empresa,230803,39033
2024-10-28,Tecnologia,Sur,Retail,192589,39148
2023-09-26,Electrodomesticos,Norte,Empresa,77795,12835
2024-03-04,Electrodomesticos,Centro,Retail,154623,30127
2024-03-13,Tecnologia,Centro,Retail,251115,50987
2024-01-03,Vestuario,Norte,Retail,30140,9416
2024-02-02,Electrodomesticos,Sur,Retail,214476,33040
2023-08-05,Hogar,Norte,Retail,106492,35679
2023-03-05,Electrodomesticos,Sur,Empresa,227711,40084
2024-12-15,Electrodomesticos,Sur,Retail,172080,24551
2024-05-23,Hogar,Sur,Retail,89438,26546
2023-04-02,Deportes,Norte,Retail,60609,17787
2024-04-30,Electrodomesticos,Sur,Empresa,175032,31232
2023-07-17,Hogar,Norte,Empresa,107944,27616
2023-11-28,Vestuario,Norte,Empresa,63610,21072
2024-02-22,Vestuario,Sur,Empresa,48598,17557
2023-08-18,Deportes,Sur,Retail,46988,14962
2024-03-25,Tecnologia,Sur,Empresa,74165,15717
2024-05-31,Tecnologia,Norte,Empresa,140214,28497
2023-06-24,Electrodomesticos,Sur,Retail,233468,30929
2023-09-17,Tecnologia,Centro,Empresa,198179,45900
2023-08-10,Deportes,Norte,Retail,88019,27254
2024-02-15,Deportes,Sur,Retail,79029,23640
2024-07-28,Hogar,Sur,Empresa,52356,15817
2023-12-30,Tecnologia,Norte,Empresa,282622,64624
2024-10-29,Hogar,Sur,Empresa,85491,26164
2023-03-06,Hogar,Norte,Retail,91320,28423
2024-01-16,Electrodomesticos,Centro,Retail,241092,46378
2023-05-21,Tecnologia,Norte,Retail,140267,31205
2024-05-27,Deportes,Norte,Retail,77722,25554
2023-12-28,Deportes,Norte,Retail,61417,21531
2023-01-06,Tecnologia,Norte,Retail,199245,42994
2024-04-04,Deportes,Norte,Retail,46833,15747
2023-06-01,Hogar,Centro,Empresa,69576,17409
2023-06-11,Vestuario,Sur,Empresa,78333,31273
2023-09-18,Vestuario,Sur,Retail,56586,19965
2024-02-02,Electrodomesticos,Norte,Retail,104372,20578
2024-10-10,Tecnologia,Norte,Retail,256787,59505
2024-10-10,Deportes,Norte,Retail,29250,9396
2023-01-31,Tecnologia,Norte,Empresa,192874,43742
2023-12-08,Tecnologia,Norte,Retail,127094,25651
2023-09-14,Tecnologia,Sur,Retail,302501,65665
2023-10-12,Vestuario,Centro,Empresa,23762,8648
2023-12-27,Vestuario,Centro,Empresa,23398,7934
2024-07-14,Hogar,Centro,Retail,42865,11381
2024-12-29,Electrodomesticos,Sur,Retail,145279,24934
2023-12-16,Vestuario,Sur,Retail,44028,16057
2023-09-29,Electrodomesticos,Centro,Empresa,260785,52929
2023-06-09,Electrodomesticos,Sur,Empresa,217305,42526
2023-05-17,Deportes,Norte,Retail,73969,22000
2023-09-28,Deportes,Sur,Empresa,110567,34134
2023-09-04,Deportes,Centro,Retail,48616,14276
2023-03-08,Hogar,Sur,Retail,122790,33729
2023-01-25,Hogar,Centro,Retail,74896,14575
2024-07-24,Hogar,Centro,Retail,57707,16734
2024-07-20,Hogar,Sur,Empresa,95887,24117
2023-12-29,Hogar,Sur,Empresa,122676,31492
2023-06-17,Hogar,Norte,Retail,148826,39920
2023-06-16,Hogar,Norte,Empresa,66100,19251
2024-01-13,Vestuario,Centro,Empresa,37784,14638
2023-02-24,Vestuario,Centro,Retail,69699,24040
2024-11-27,Hogar,Sur,Empresa,102325,27191
2024-11-18,Tecnologia,Sur,Retail,155644,34372
2024-11-14,Electrodomesticos,Centro,Empresa,158588,32489
2024-08-28,Tecnologia,Norte,Empresa,211322,40520
2023-09-03,Hogar,Centro,Retail,66068,19537
2023-01-16,Tecnologia,Sur,Retail,269889,68300
2024-06-09,Vestuario,Norte,Empresa,15879,5691
2024-09-05,Deportes,Centro,Empresa,100344,31891
2024-03-14,Electrodomesticos,Sur,Empresa,155931,31805
2023-07-09,Hogar,Sur,Empresa,142221,47728
2024-01-13,Vestuario,Norte,Retail,52249,17019
2023-05-08,Electrodomesticos,Norte,Retail,161177,27380
2024-08-20,Vestuario,Centro,Empresa,44295,14763
2023-01-22,Vestuario,Norte,Retail,10000,3945
2023-03-17,Electrodomesticos,Norte,Empresa,279154,42296
2023-04-28,Deportes,Sur,Empresa,23092,7079
2023-08-10,Tecnologia,Sur,Empresa,119437,23374
2023-07-02,Electrodomesticos,Sur,Empresa,98995,17214
2024-02-05,Vestuario,Norte,Empresa,48356,14987
2024-12-07,Deportes,Sur,Retail,86961,24320
2023-03-16,Electrodomesticos,Centro,Retail,174720,30710
2024-11-04,Hogar,Sur,Retail,10000,3076
2023-08-17,Deportes,Centro,Retail,55755,19204
2024-09-16,Hogar,Centro,Empresa,88326,23003
2023-07-03,Deportes,Sur,Empresa,15710,4912
2024-05-08,Hogar,Sur,Retail,84689,22960
2024-06-14,Tecnologia,Norte,Empresa,117113,24620
2023-08-02,Hogar,Centro,Empresa,125175,41271
2023-01-28,Hogar,Norte,Retail,99619,27889
2024-02-21,Vestuario,Norte,Empresa,79353,30908
2023-01-22,Tecnologia,Centro,Retail,145997,29207
2023-10-05,Hogar,Centro,Empresa,80074,25376
2024-07-13,Electrodomesticos,Norte,Empresa,195266,32226
2023-03-14,Electrodomesticos,Centro,Empresa,90492,15583
2023-11-14,Vestuario,Centro,Retail,77677,31751
2023-05-14,Tecnologia,Sur,Retail,185154,41816
2023-06-29,Hogar,Norte,Empresa,65269,16637
2023-06-07,Deportes,Norte,Retail,77059,20591
2024-07-18,Vestuario,Sur,Retail,35191,13398
2023-04-20,Electrodomesticos,Norte,Empresa,63725,11554
2024-09-30,Deportes,Norte,Empresa,58471,20126
2024-03-18,Vestuario,Norte,Empresa,56660,22047
2023-07-18,Vestuario,Centro,Empresa,38769,12976
2024-11-02,Hogar,Sur,Retail,74829,21145
2023-03-26,Vestuario,Centro,Empresa,86305,28353
2023-03-23,Hogar,Centro,Empresa,59553,15571
2024-08-01,Tecnologia,Sur,Empresa,140654,28781
2024-06-29,Tecnologia,Norte,Retail,148389,36317
2023-05-18,Hogar,Norte,Retail,93256,23729
2024-10-17,Hogar,Sur,Empresa,26537,6970
2023-02-22,Vestuario,Centro,Retail,47555,16328
2024-08-29,Hogar,Sur,Empresa,37416,6926
2024-07-15,Hogar,Sur,Retail,69225,20530
2024-01-24,Vestuario,Sur,Retail,54234,23439
2023-08-25,Tecnologia,Norte,Retail,268594,53683
2023-03-18,Vestuario,Norte,Retail,65735,20196
2024-04-14,Deportes,Norte,Empresa,98390,31012
2023-08-09,Tecnologia,Centro,Empresa,243844,54040
2024-06-02,Vestuario,Norte,Empresa,46710,14087
2024-09-19,Vestuario,Sur,Empresa,25712,8691
2024-11-22,Electrodomesticos,Norte,Empresa,137637,25208
2024-05-08,Deportes,Sur,Retail,47649,15672
2024-02-20,Electrodomesticos,Sur,Retail,186350,34568
2024-06-29,Electrodomesticos,Norte,Retail,110785,18794
2023-01-06,Vestuario,Norte,Empresa,41637,14921
2024-05-29,Deportes,Sur,Empresa,66980,22628
2023-04-14,Vestuario,Sur,Empresa,58504,22775
2024-01-04,Hogar,Sur,Retail,46426,13731
2023-12-22,Deportes,Centro,Empresa,74722,25197
2024-08-13,Tecnologia,Sur,Empresa,146627,31845
2023-06-13,Hogar,Norte,Retail,124939,37264
2023-01-12,Deportes,Centro,Empresa,31674,10548
2024-10-18,Hogar,Sur,Empresa,88461,24673
2024-02-04,Electrodomesticos,Norte,Retail,176650,36382
2024-11-08,Tecnologia,Centro,Empresa,290951,60058
2023-04-23,Deportes,Sur,Retail,32565,10443
2024-11-11,Tecnologia,Centro,Retail,161082,36592
2023-03-11,Vestuario,Centro,Empresa,67145,24389
2023-12-09,Vestuario,Centro,Empresa,46646,18782
2023-12-23,Vestuario,Centro,Empresa,48246,14150
2024-01-08,Deportes,Sur,Empresa,57365,18413
2023-04-12,Vestuario,Norte,Empresa,40376,11046
2024-11-19,Deportes,Norte,Retail,39464,10399
2024-07-15,Tecnologia,Centro,Empresa,303521,72056
2023-08-11,Deportes,Norte,Empresa,94778,21637
2023-04-06,Electrodomesticos,Norte,Retail,114328,23414
2024-02-16,Vestuario,Norte,Retail,36923,12612
2024-01-24,Tecnologia,Norte,Retail,232853,47046
2024-08-28,Deportes,Norte,Retail,57961,16532
2024-01-09,Deportes,Centro,Empresa,99386,31924
2023-05-23,Hogar,Centro,Empresa,134716,36076
2024-09-27,Tecnologia,Sur,Empresa,223095,43685
2023-09-30,Hogar,Centro,Retail,77021,21012
2024-07-06,Electrodomesticos,Sur,Empresa,198442,35163
2023-08-27,Deportes,Norte,Retail,65471,20951
2023-11-04,Deportes,Norte,Retail,54703,20139
2023-02-03,Deportes,Norte,Retail,62003,16012
2023-03-06,Vestuario,Centro,Retail,46130,15784
2023-12-29,Hogar,Centro,Empresa,166391,43738
2023-06-11,Vestuario,Centro,Empresa,57619,15745
2023-08-23,Hogar,Sur,Empresa,115762,35543
2023-05-17,Tecnologia,Sur,Empresa,151419,40418
2024-04-14,Deportes,Sur,Retail,62358,19474
2023-09-03,Tecnologia,Norte,Retail,113094,22405
2024-07-29,Electrodomesticos,Norte,Empresa,181535,25887
2023-02-01,Electrodomesticos,Norte,Retail,179976,33397
2023-04-05,Electrodomesticos,Norte,Empresa,217725,40035
2024-07-01,Electrodomesticos,Sur,Empresa,162818,23615
2023-01-24,Vestuario,Centro,Retail,36289,10764
2023-10-26,Electrodomesticos,Centro,Retail,141737,26204
2023-11-08,Electrodomesticos,Centro,Retail,166217,35771
2023-05-09,Vestuario,Norte,Retail,30421,10842
2023-06-21,Tecnologia,Norte,Empresa,138394,30800
2024-10-11,Vestuario,Norte,Retail,38221,14441
2023-02-26,Deportes,Sur,Retail,100525,25264
2024-10-09,Hogar,Centro,Retail,88889,26443
2024-04-21,Hogar,Norte,Retail,10000,2136
2023-06-24,Hogar,Centro,Retail,126189,37731
2023-11-19,Tecnologia,Sur,Retail,118030,26344
2023-10-26,Tecnologia,Centro,Empresa,41619,9655
2023-08-01,Electrodomesticos,Centro,Empresa,243398,46300
2023-08-03,Electrodomesticos,Centro,Empresa,191995,35183
2023-11-14,Hogar,Centro,Retail,96044,26116
2024-11-10,Vestuario,Centro,Retail,59679,24132
2023-03-04,Electrodomesticos,Centro,Empresa,171392,28786
2024-07-19,Deportes,Norte,Retail,76920,20176
2024-06-04,Deportes,Sur,Empresa,129072,41054
2024-05-25,Deportes,Sur,Retail,100048,33305
2023-07-22,Vestuario,Norte,Empresa,34923,13695
2023-07-08,Vestuario,Sur,Empresa,50414,15814
2023-10-28,Electrodomesticos,Centro,Empresa,229129,44274
2024-12-22,Electrodomesticos,Norte,Retail,277575,53885
2023-08-11,Hogar,Centro,Retail,92385,30379
2023-01-20,Vestuario,Centro,Retail,59836,19382
2024-10-09,Electrodomesticos,Centro,Retail,223695,40334
2023-10-08,Hogar,Centro,Empresa,84572,25996
2024-06-25,Tecnologia,Centro,Empresa,134504,30622
2023-08-30,Hogar,Centro,Empresa,107089,30246
2024-05-01,Hogar,Norte,Empresa,98545,28195
2023-05-21,Electrodomesticos,Sur,Empresa,207599,40359
2023-02-06,Tecnologia,Norte,Retail,183852,41782
2024-10-15,Hogar,Centro,Retail,65425,21756
2024-06-01,Deportes,Centro,Empresa,84653,24795
2024-12-18,Vestuario,Sur,Retail,44921,15558
2023-10-28,Deportes,Centro,Empresa,79574,22516
2023-03-15,Tecnologia,Sur,Retail,72015,14694
2023-10-19,Tecnologia,Norte,Empresa,111525,23258
2023-01-30,Deportes,Sur,Empresa,92479,26528
2023-05-27,Tecnologia,Sur,Empresa,181143,37674
2024-10-15,Electrodomesticos,Norte,Empresa,234267,46246
2023-10-13,Vestuario,Norte,Empresa,49441,16454
2023-01-20,Vestuario,Centro,Retail,44903,13867
2024-01-20,Electrodomesticos,Centro,Retail,313786,57280
2024-04-21,Electrodomesticos,Sur,Retail,138972,23481
2024-06-12,Vestuario,Norte,Empresa,51040,18949
2024-11-09,Electrodomesticos,Centro,Empresa,131458,26669
2024-04-26,Deportes,Norte,Empresa,57191,14653
2023-12-05,Deportes,Sur,Empresa,26427,8097
2024-04-18,Electrodomesticos,Centro,Retail,161381,25379
2024-10-03,Tecnologia,Centro,Empresa,271270,52261
2024-12-07,Deportes,Norte,Retail,64007,17298
2023-04-11,Electrodomesticos,Norte,Retail,266030,57834
2024-06-18,Tecnologia,Sur,Empresa,263643,50887
2024-08-22,Tecnologia,Centro,Empresa,210892,49216
2024-06-19,Electrodomesticos,Norte,Retail,184672,30674
2024-03-27,Tecnologia,Norte,Empresa,301322,70190
2024-05-28,Electrodomesticos,Norte,Retail,160875,25197
2024-02-12,Electrodomesticos,Centro,Empresa,176705,37105
2023-05-30,Deportes,Sur,Retail,92798,23460
2023-12-29,Vestuario,Centro,Empresa,23398,8587
2024-12-16,Electrodomesticos,Sur,Empresa,104999,17551
2023-07-10,Electrodomesticos,Centro,Empresa,137119,23705
2023-04-22,Tecnologia,Sur,Retail,111816,22374
2024-04-18,Deportes,Sur,Empresa,32191,10171
2023-11-24,Tecnologia,Sur,Empresa,139503,29045
2024-12-18,Electrodomesticos,Sur,Retail,254280,55605
2024-02-11,Hogar,Sur,Empresa,48861,12091
2024-07-30,Tecnologia,Centro,Empresa,158031,36827
2023-07-20,Electrodomesticos,Centro,Retail,114557,21467
2024-08-02,Deportes,Centro,Retail,69971,17208
2024-09-19,Tecnologia,Norte,Retail,175198,35952
2023-03-12,Hogar,Norte,Empresa,99972,25677
2023-07-21,Electrodomesticos,Centro,Retail,171673,27711
2023-01-02,Tecnologia,Norte,Empresa,169884,30779
2023-07-20,Vestuario,Norte,Retail,77196,26925
2024-04-05,Hogar,Norte,Retail,85665,26287
2023-01-04,Tecnologia,Norte,Empresa,140846,23371
2024-07-17,Tecnologia,Sur,Empresa,226784,49553
2023-04-24,Vestuario,Centro,Empresa,53873,15102
2023-04-27,Hogar,Sur,Empresa,72259,18038
2023-02-18,Tecnologia,Centro,Retail,57898,12046
2023-11-19,Deportes,Centro,Empresa,78668,24754
2024-07-13,Electrodomesticos,Centro,Retail,116111,19994
2024-10-26,Electrodomesticos,Centro,Empresa,96783,14632
2023-07-05,Hogar,Norte,Empresa,144603,45989
2024-08-15,Hogar,Sur,Empresa,109347,29556
2023-02-03,Electrodomesticos,Sur,Empresa,10000,1919
2023-09-12,Vestuario,Centro,Retail,58303,19698
2024-10-06,Tecnologia,Sur,Empresa,205999,47029
2023-04-20,Electrodomesticos,Norte,Retail,104755,18184
2023-09-25,Deportes,Norte,Retail,55181,15860
2024-05-14,Vestuario,Centro,Empresa,25924,8863
2023-03-27,Vestuario,Sur,Retail,29895,9203
2024-08-06,Electrodomesticos,Norte,Retail,101950,15414
2024-01-28,Deportes,Sur,Empresa,53901,16912
2024-09-14,Deportes,Norte,Empresa,56009,16610
2023-06-15,Tecnologia,Norte,Retail,132890,28442
2023-12-17,Deportes,Norte,Empresa,66302,19197
2024-05-22,Vestuario,Centro,Retail,36161,11568
2023-01-21,Tecnologia,Centro,Retail,172493,32365
2023-12-10,Tecnologia,Sur,Retail,181242,46725
2023-05-15,Vestuario,Sur,Retail,54401,17914
2024-04-25,Hogar,Sur,Empresa,111810,29252
2024-05-27,Tecnologia,Norte,Retail,160342,40496
2023-08-23,Deportes,Norte,Empresa,28403,8844
2023-05-23,Hogar,Centro,Empresa,55524,11675
2024-10-02,Deportes,Centro,Empresa,51089,17328
2023-06-16,Hogar,Norte,Retail,91801,25707
2024-09-23,Electrodomesticos,Centro,Empresa,200566,34097
2023-04-06,Electrodomesticos,Norte,Retail,103259,17193
2024-05-25,Tecnologia,Centro,Empresa,42898,9013
2023-01-25,Deportes,Norte,Empresa,60551,17787
2023-08-16,Tecnologia,Centro,Empresa,239824,60508
2023-02-21,Hogar,Centro,Empresa,86944,23651
2024-01-14,Electrodomesticos,Centro,Empresa,118881,20905
2023-05-11,Vestuario,Norte,Retail,27633,10262
2024-06-29,Electrodomesticos,Centro,Empresa,86337,16023
2024-11-10,Electrodomesticos,Norte,Retail,228824,42248
2024-01-23,Electrodomesticos,Sur,Empresa,244471,38133
2023-01-21,Hogar,Sur,Empresa,62964,16848
2024-10-28,Electrodomesticos,Norte,Retail,133308,24588
2023-02-11,Tecnologia,Sur,Empresa,87822,19120
2023-07-23,Deportes,Norte,Empresa,88945,28325
2023-11-24,Vestuario,Sur,Retail,56228,18102
2024-03-15,Vestuario,Norte,Retail,39608,14247
2024-12-25,Hogar,Norte,Empresa,53228,13728
2024-01-17,Deportes,Sur,Empresa,56396,15856
2023-01-25,Deportes,Sur,Empresa,76533,20442
2024-03-17,Electrodomesticos,Centro,Retail,110990,23584
2023-07-20,Electrodomesticos,Centro,Retail,164884,28559
2023-01-14,Hogar,Sur,Retail,87090,24118
2024-06-21,Vestuario,Centro,Empresa,42466,16276
2024-09-22,Deportes,Norte,Empresa,80911,26205
2023-04-13,Deportes,Sur,Retail,81969,21102
2024-08-28,Hogar,Norte,Empresa,129828,32425
2024-06-26,Vestuario,Norte,Retail,47281,16725
2024-11-10,Electrodomesticos,Norte,Empresa,256225,45181
2023-06-13,Hogar,Centro,Empresa,44433,11844
2024-07-15,Tecnologia,Sur,Empresa,291700,66236
2023-10-20,Tecnologia,Centro,Retail,172010,36584
2023-10-29,Tecnologia,Sur,Retail,121552,25691
2024-07-25,Tecnologia,Centro,Retail,154276,29302
2024-05-22,Vestuario,Sur,Retail,21484,9193
2024-05-11,Tecnologia,Sur,Retail,176462,33039
2023-04-07,Electrodomesticos,Sur,Retail,187770,34605
2024-07-07,Electrodomesticos,Norte,Retail,213180,37984
2024-02-26,Vestuario,Sur,Retail,45679,16772
2023-06-19,Deportes,Sur,Empresa,87288,22941
2024-12-27,Electrodomesticos,Norte,Retail,142160,24740
2023-03-12,Tecnologia,Centro,Empresa,162032,35957
2023-09-29,Tecnologia,Centro,Empresa,188507,45155
2023-06-07,Tecnologia,Sur,Empresa,120344,23835
2023-10-26,Electrodomesticos,Sur,Empresa,279087,59165
2024-08-05,Hogar,Sur,Retail,113841,33563
2024-06-19,Vestuario,Norte,Retail,34661,12850
2023-03-15,Tecnologia,Norte,Empresa,249322,43185
2024-01-19,Tecnologia,Sur,Empresa,225852,51778
2023-12-24,Electrodomesticos,Sur,Retail,129409,22011
2023-09-02,Vestuario,Centro,Empresa,43804,14577
2023-09-30,Hogar,Sur,Empresa,76399,20156
2024-10-09,Vestuario,Centro,Retail,49049,16276
2024-06-20,Deportes,Sur,Retail,97437,25164
2023-02-06,Tecnologia,Centro,Retail,252765,53974
2024-03-11,Electrodomesticos,Centro,Empresa,103977,16861
2024-12-15,Tecnologia,Norte,Retail,164190,39563
2024-05-29,Vestuario,Norte,Empresa,60861,22937
2023-11-21,Deportes,Sur,Empresa,70471,20183
2024-11-23,Hogar,Centro,Empresa,58559,15896
2023-08-12,Deportes,Sur,Empresa,51291,17380
2023-12-05,Vestuario,Centro,Empresa,22250,5645
2023-01-30,Electrodomesticos,Centro,Empresa,145627,28074
2023-05-04,Tecnologia,Sur,Retail,212064,42908
2023-08-15,Tecnologia,Centro,Empresa,177455,39465
2023-11-21,Deportes,Sur,Retail,114220,36096
2023-05-03,Hogar,Norte,Retail,49845,16394
2024-05-23,Deportes,Centro,Retail,49066,13003
2024-07-13,Hogar,Norte,Retail,107689,26103
2023-07-11,Hogar,Centro,Retail,117990,35255
2023-08-13,Deportes,Centro,Empresa,78710,27310
2023-07-04,Vestuario,Centro,Retail,38937,13519
2023-08-28,Tecnologia,Norte,Retail,207026,45259
2023-08-18,Hogar,Sur,Retail,84640,23160
2023-11-17,Tecnologia,Centro,Empresa,171009,44540
2023-10-03,Electrodomesticos,Sur,Empresa,145513,28335
2024-08-03,Vestuario,Centro,Empresa,64958,21551
2024-02-27,Deportes,Sur,Retail,52999,14845
2024-10-06,Electrodomesticos,Norte,Retail,118232,23191
2023-06-24,Tecnologia,Centro,Retail,270760,57874
2023-11-20,Electrodomesticos,Centro,Retail,215990,36631
2023-08-26,Vestuario,Norte,Empresa,48287,16831
2024-04-19,Deportes,Norte,Empresa,57150,15177
2024-04-06,Tecnologia,Centro,Empresa,168766,39287
2023-12-04,Vestuario,Norte,Retail,33857,10209
2024-06-08,Tecnologia,Norte,Retail,129041,28986
2024-10-01,Hogar,Centro,Retail,54512,13028
2024-04-06,Electrodomesticos,Norte,Empresa,182213,31785
2023-06-25,Electrodomesticos,Norte,Retail,120415,24978
2023-02-12,Hogar,Centro,Empresa,24315,6570
2023-05-20,Deportes,Sur,Retail,45781,15176
2023-02-13,Hogar,Norte,Empresa,75468,25536
2024-10-08,Electrodomesticos,Norte,Retail,184178,36502
2024-09-15,Tecnologia,Norte,Empresa,142235,27965
2023-11-08,Hogar,Centro,Retail,138150,40498
2024-12-06,Deportes,Centro,Retail,75234,20091
2023-09-28,Deportes,Norte,Empresa,65794,20482
2024-02-14,Hogar,Sur,Retail,38436,10699
2024-05-07,Deportes,Sur,Retail,90946,29061
2023-06-23,Hogar,Sur,Retail,126501,34527
2024-05-28,Hogar,Sur,Empresa,53119,15273
2024-04-21,Electrodomesticos,Norte,Empresa,194839,32640
2024-12-12,Hogar,Sur,Retail,81082,22351
2024-05-08,Electrodomesticos,Norte,Empresa,127244,27800
2023-03-23,Deportes,Sur,Retail,94232,29278
2023-05-30,Vestuario,Centro,Empresa,61098,19673
2024-07-29,Electrodomesticos,Norte,Empresa,192562,29925
2023-12-24,Tecnologia,Centro,Empresa,88949,21754
2023-01-05,Deportes,Sur,Retail,98990,32578
2023-04-01,Hogar,Norte,Retail,113006,27076
2024-10-21,Electrodomesticos,Sur,Retail,190298,33557
2024-11-12,Tecnologia,Centro,Empresa,105683,23942
2023-03-31,Deportes,Centro,Retail,55006,17063
2024-08-11,Tecnologia,Sur,Empresa,182586,35774
2023-06-21,Tecnologia,Centro,Retail,162720,34021
2024-11-14,Vestuario,Norte,Retail,45251,13802
2023-08-20,Tecnologia,Centro,Retail,242852,52960
2023-10-25,Electrodomesticos,Sur,Empresa,157820,25727
2023-03-27,Tecnologia,Centro,Empresa,203517,46515
2024-08-16,Tecnologia,Sur,Empresa,111021,22173
2023-11-25,Electrodomesticos,Norte,Empresa,279119,48736
2024-08-19,Deportes,Centro,Empresa,25646,8825
2023-06-21,Hogar,Sur,Empresa,148445,38436
2024-05-12,Tecnologia,Centro,Empresa,168792,40013
2023-05-13,Electrodomesticos,Sur,Empresa,10000,1643
2024-09-28,Electrodomesticos,Norte,Retail,171534,27676
2024-10-22,Deportes,Sur,Empresa,64884,20982
2024-03-30,Vestuario,Sur,Retail,67425,21853
2024-02-21,Deportes,Centro,Empresa,81161,20266
2024-06-25,Tecnologia,Norte,Retail,328193,64604
2023-04-28,Tecnologia,Norte,Empresa,148941,32089
2024-01-07,Tecnologia,Centro,Retail,222093,44557
2023-05-08,Tecnologia,Norte,Empresa,146103,33302
2023-02-22,Tecnologia,Centro,Empresa,222597,51231
2024-11-30,Electrodomesticos,Centro,Retail,125634,25633
2023-12-07,Vestuario,Centro,Empresa,60816,20286
2023-08-19,Tecnologia,Sur,Empresa,116303,26025
2023-07-01,Tecnologia,Centro,Empresa,77145,15406
2024-03-26,Tecnologia,Centro,Retail,166558,39497
2024-01-12,Electrodomesticos,Norte,Empresa,161724,29543
2023-08-12,Deportes,Sur,Empresa,47676,13150
2023-06-13,Hogar,Sur,Empresa,57319,15408
2024-02-17,Vestuario,Sur,Empresa,32066,11087
2023-10-31,Deportes,Sur,Retail,69258,17022
2023-04-07,Electrodomesticos,Centro,Retail,181244,29145
2024-05-14,Vestuario,Centro,Retail,67641,18891
2023-03-18,Deportes,Centro,Empresa,74044,21871
2023-06-15,Vestuario,Norte,Empresa,23136,8499
2024-06-15,Hogar,Centro,Retail,148461,38941
2023-09-21,Tecnologia,Centro,Empresa,82619,20090
2023-09-28,Tecnologia,Norte,Retail,252049,57177
2023-10-24,Vestuario,Centro,Retail,32417,11625
2023-08-22,Deportes,Norte,Empresa,50329,16545
2024-05-01,Electrodomesticos,Centro,Empresa,165382,33662
2024-11-27,Hogar,Norte,Empresa,16386,4881
2023-05-20,Hogar,Norte,Retail,92605,30751
2024-06-17,Electrodomesticos,Centro,Retail,224839,46122
2023-03-11,Electrodomesticos,Norte,Retail,190698,34076
2024-02-01,Vestuario,Norte,Retail,51234,20391
2023-01-03,Vestuario,Sur,Retail,39596,15690
2023-10-14,Electrodomesticos,Sur,Retail,116990,17863
2024-01-24,Electrodomesticos,Sur,Retail,267370,41076
2023-10-13,Electrodomesticos,Sur,Retail,208272,35368
2023-12-05,Vestuario,Sur,Empresa,42750,12933
2024-04-03,Deportes,Norte,Retail,134673,42091
2023-03-28,Tecnologia,Sur,Retail,124128,22817
2023-10-21,Tecnologia,Sur,Empresa,295781,68235
2024-05-26,Tecnologia,Centro,Retail,91963,19914
2024-12-21,Vestuario,Norte,Retail,44872,14056
2024-02-02,Deportes,Sur,Retail,72048,17178
2024-12-13,Vestuario,Sur,Retail,41075,15699
2024-09-02,Electrodomesticos,Centro,Retail,160169,29851
2023-03-29,Electrodomesticos,Sur,Retail,92464,13306
2024-05-31,Hogar,Norte,Retail,132785,32927
2024-08-13,Tecnologia,Sur,Empresa,259513,46887
2023-11-18,Tecnologia,Centro,Retail,95160,19891
2024-06-02,Hogar,Norte,Retail,163439,41645
2024-08-10,Vestuario,Norte,Empresa,25114,9444
2024-04-05,Deportes,Norte,Retail,60101,16200
2024-10-12,Vestuario,Norte,Empresa,56437,22840
2023-03-20,Tecnologia,Norte,Retail,222793,55552
2024-06-06,Vestuario,Centro,Retail,45427,14603
2023-09-11,Vestuario,Norte,Retail,56271,20538
2024-09-23,Hogar,Centro,Empresa,111022,25404
2023-03-28,Vestuario,Centro,Empresa,53687,20301
2024-06-05,Vestuario,Centro,Retail,30810,11079
2023-07-10,Tecnologia,Centro,Retail,330694,75831
2023-09-14,Electrodomesticos,Norte,Empresa,95816,16642
2023-09-09,Tecnologia,Norte,Retail,350976,66991
2024-02-09,Vestuario,Norte,Retail,36184,13714
2023-05-07,Tecnologia,Centro,Empresa,107641,22563
2024-08-09,Tecnologia,Centro,Empresa,128379,29130
2023-10-02,Vestuario,Norte,Retail,26949,10040
2023-01-01,Tecnologia,Norte,Retail,194714,47898
2023-03-29,Electrodomesticos,Centro,Retail,108093,19187
2023-10-02,Vestuario,Norte,Empresa,33446,10591
2023-09-13,Hogar,Sur,Empresa,124037,35268
2024-06-13,Hogar,Centro,Empresa,116293,31815
2024-09-21,Tecnologia,Centro,Retail,294034,57672
2023-06-01,Hogar,Centro,Empresa,125773,40317
2023-12-18,Tecnologia,Norte,Empresa,170517,37593
2023-07-30,Tecnologia,Sur,Retail,325904,59061
2023-08-02,Electrodomesticos,Centro,Empresa,92062,16623
2024-04-21,Tecnologia,Centro,Retail,134548,28485
2023-11-21,Deportes,Sur,Retail,38340,12020
2024-10-18,Tecnologia,Sur,Retail,253937,53048
2023-06-27,Vestuario,Centro,Retail,49787,16372
2024-03-31,Tecnologia,Sur,Retail,78551,18604
2024-10-29,Vestuario,Sur,Retail,50880,17467
2024-02-05,Vestuario,Sur,Empresa,36817,11507
2023-10-29,Vestuario,Norte,Empresa,30714,10266
2024-08-24,Hogar,Norte,Retail,90829,25568
2024-01-07,Tecnologia,Sur,Empresa,239228,64815
2023-05-02,Tecnologia,Centro,Empresa,51991,10844
2024-05-03,Tecnologia,Norte,Empresa,159729,44595
2024-01-28,Deportes,Norte,Retail,88357,28026
2023-06-09,Tecnologia,Sur,Empresa,141254,27727
2023-03-24,Vestuario,Sur,Retail,57740,21646
2023-09-11,Vestuario,Norte,Retail,51622,16142
2023-09-09,Vestuario,Sur,Retail,31229,9986
2024-03-13,Hogar,Sur,Retail,100680,26742
2024-10-21,Vestuario,Norte,Empresa,22915,9081
2023-08-11,Deportes,Sur,Empresa,57931,15883
2024-01-09,Vestuario,Centro,Retail,43842,13452
2024-02-02,Tecnologia,Norte,Empresa,259080,46628
2024-07-14,Vestuario,Norte,Retail,27659,9748
2024-08-21,Tecnologia,Norte,Empresa,181489,35003
2024-12-25,Vestuario,Centro,Retail,59438,21393
2024-04-19,Tecnologia,Sur,Retail,59966,13836
2024-02-21,Hogar,Centro,Empresa,45740,12493
2023-08-05,Tecnologia,Sur,Retail,85088,19766
2023-12-03,Tecnologia,Sur,Retail,155040,36441
2023-01-06,Deportes,Sur,Empresa,38465,9799
2023-04-15,Hogar,Norte,Retail,23972,7824
2023-02-11,Tecnologia,Norte,Empresa,121618,29096
2023-05-16,Tecnologia,Sur,Retail,150909,29116
2024-11-07,Electrodomesticos,Norte,Retail,266969,47382
2024-03-08,Electrodomesticos,Norte,Retail,241245,43125
2024-03-07,Electrodomesticos,Norte,Empresa,169418,31416
2024-07-11,Deportes,Centro,Empresa,66681,19986
2023-08-24,Deportes,Centro,Retail,75081,21621
2023-07-23,Tecnologia,Sur,Retail,172443,39176
2023-02-08,Vestuario,Norte,Empresa,51363,19902
2023-06-02,Hogar,Norte,Retail,114678,30253
2023-07-10,Hogar,Norte,Retail,89407,28616
2024-01-23,Vestuario,Sur,Empresa,55466,21329
2024-05-24,Electrodomesticos,Norte,Empresa,149964,27717
2024-08-15,Deportes,Sur,Empresa,59741,20004
2023-01-23,Tecnologia,Norte,Retail,178046,33273
2024-08-26,Tecnologia,Sur,Retail,225929,46247
2024-08-01,Electrodomesticos,Norte,Retail,135333,25245
2024-04-24,Hogar,Centro,Empresa,128246,35120
2023-03-27,Tecnologia,Centro,Empresa,194356,44750
2023-12-23,Electrodomesticos,Norte,Retail,151579,25445
2023-08-12,Deportes,Centro,Empresa,35730,10817
2024-04-12,Vestuario,Norte,Retail,60953,18162
2023-11-03,Vestuario,Sur,Retail,32590,10281
2024-02-04,Hogar,Centro,Empresa,128785,38103
2024-08-01,Tecnologia,Norte,Retail,178451,44726
2023-06-03,Hogar,Centro,Retail,67903,21119
2024-01-09,Tecnologia,Sur,Empresa,205713,48045
2023-08-27,Hogar,Sur,Retail,96930,26202
2023-10-07,Tecnologia,Sur,Empresa,192040,40833
2023-09-08,Hogar,Centro,Empresa,106643,26349
2023-02-22,Hogar,Norte,Retail,130770,37110
2023-08-23,Tecnologia,Sur,Empresa,193879,51134
2024-03-22,Vestuario,Centro,Retail,59914,21407
2023-12-28,Deportes,Centro,Retail,60880,17696
2024-01-04,Electrodomesticos,Centro,Retail,211735,35055
2024-01-23,Hogar,Centro,Retail,115408,34358
2023-09-06,Electrodomesticos,Centro,Empresa,182476,31077
2024-12-10,Vestuario,Centro,Retail,36298,13724
2023-12-02,Vestuario,Centro,Retail,43918,17851
2023-01-27,Deportes,Sur,Empresa,65930,20439
2024-02-28,Vestuario,Centro,Empresa,41956,14827
2023-01-19,Tecnologia,Norte,Empresa,86597,20545
2023-10-31,Vestuario,Sur,Empresa,64343,19985
2023-12-27,Tecnologia,Norte,Retail,190694,45064
2023-06-21,Tecnologia,Norte,Empresa,40792,8118
2023-11-02,Tecnologia,Norte,Retail,159855,38359
2024-09-30,Hogar,Norte,Empresa,111719,31343
2024-11-26,Tecnologia,Norte,Empresa,125516,22244
2023-06-13,Tecnologia,Centro,Retail,10000,2243
2023-08-29,Deportes,Norte,Retail,52955,15139
2023-11-16,Deportes,Norte,Retail,66155,22178
2024-08-21,Hogar,Centro,Retail,86350,24813
2023-05-05,Tecnologia,Centro,Empresa,118618,24894
2024-07-27,Hogar,Sur,Empresa,146974,42644
2023-10-28,Electrodomesticos,Norte,Retail,150371,26065
2023-05-21,Hogar,Norte,Empresa,65148,17369
2024-05-12,Deportes,Sur,Empresa,85662,26072
2024-10-19,Vestuario,Centro,Empresa,49262,21783
2023-07-02,Deportes,Centro,Retail,50607,17413
2023-09-26,Vestuario,Sur,Empresa,36377,12700
2023-09-17,Deportes,Centro,Retail,32652,8783
2024-10-16,Deportes,Norte,Empresa,58038,18240
2023-02-04,Tecnologia,Norte,Retail,322125,69229
2024-07-09,Deportes,Centro,Empresa,76131,24801
2023-03-09,Tecnologia,Sur,Retail,196376,47336
2024-03-29,Hogar,Norte,Retail,33944,8646
2024-04-21,Deportes,Sur,Empresa,66460,21010
2023-09-19,Vestuario,Sur,Retail,44284,13033
2024-07-27,Hogar,Sur,Empresa,113074,30219
2023-04-30,Tecnologia,Norte,Retail,146811,30971
2024-08-03,Vestuario,Sur,Empresa,21924,7622
2023-11-29,Tecnologia,Norte,Retail,172824,39799
2023-06-05,Deportes,Centro,Retail,53306,17268
2024-08-16,Tecnologia,Sur,Retail,79920,17595
2024-08-13,Electrodomesticos,Norte,Retail,95996,15327
2023-11-08,Electrodomesticos,Norte,Empresa,170743,29904
2023-10-26,Hogar,Norte,Retail,93101,31276
2023-06-19,Electrodomesticos,Centro,Empresa,86256,17786
2024-09-22,Electrodomesticos,Norte,Empresa,184161,33920
2023-02-20,Hogar,Norte,Retail,92378,25313
2023-12-25,Deportes,Sur,Empresa,79708,27330
2024-08-18,Vestuario,Norte,Empresa,33275,9017
2023-02-02,Deportes,Norte,Retail,82430,24901
2024-10-11,Tecnologia,Sur,Empresa,120129,26653
2023-06-20,Deportes,Norte,Retail,47141,13241
2023-04-08,Electrodomesticos,Centro,Retail,209933,35594
2023-09-25,Deportes,Sur,Retail,74852,19447
2024-01-05,Deportes,Centro,Empresa,89921,26076
2024-04-11,Deportes,Sur,Retail,49375,14310
2024-01-16,Vestuario,Norte,Retail,24060,7411
2023-03-21,Tecnologia,Norte,Retail,222571,53662
2024-02-11,Electrodomesticos,Centro,Retail,182043,31667
2024-02-26,Hogar,Sur,Empresa,58064,14358
2023-09-30,Vestuario,Norte,Retail,45411,15120
2024-07-03,Tecnologia,Norte,Empresa,195262,38442
2024-09-25,Tecnologia,Centro,Retail,93209,20703
2024-12-12,Vestuario,Centro,Empresa,44466,17626
2023-06-22,Tecnologia,Sur,Empresa,288218,64754
2023-02-01,Hogar,Norte,Empresa,77388,17999
2024-12-20,Vestuario,Norte,Empresa,63263,21889
2024-07-09,Vestuario,Centro,Empresa,40744,16875
2024-08-07,Tecnologia,Centro,Empresa,170027,38166
2024-07-22,Hogar,Sur,Empresa,92469,27157
2023-07-30,Vestuario,Centro,Retail,47771,15894
2023-05-02,Vestuario,Centro,Empresa,44419,17585
2024-07-16,Tecnologia,Centro,Empresa,121772,27125
2023-06-02,Hogar,Centro,Empresa,136023,41905
2023-09-28,Deportes,Sur,Retail,79176,19072
2023-08-14,Deportes,Centro,Retail,56438,16511
2024-08-10,Deportes,Centro,Retail,42222,11867
2023-11-25,Deportes,Norte,Retail,44880,13298
2024-10-04,Tecnologia,Centro,Empresa,188144,41307
2023-11-02,Tecnologia,Norte,Empresa,185173,40090
2024-08-31,Hogar,Centro,Retail,98612,26015
2023-07-14,Electrodomesticos,Sur,Retail,172895,24815
2023-08-20,Hogar,Sur,Empresa,97254,31841
2024-07-02,Hogar,Centro,Retail,10300,3041
2024-10-10,Vestuario,Sur,Retail,47633,18909
2024-10-26,Tecnologia,Norte,Retail,218563,50701
2024-01-25,Hogar,Sur,Empresa,131191,38465
2023-08-24,Tecnologia,Centro,Retail,164876,35677
2023-09-23,Tecnologia,Sur,Retail,74100,14273
2023-12-13,Electrodomesticos,Sur,Retail,229507,46979
2024-03-02,Vestuario,Centro,Retail,52270,17976
2023-05-23,Tecnologia,Centro,Retail,177864,35473
2023-04-02,Electrodomesticos,Norte,Retail,80812,13131
2023-01-04,Vestuario,Sur,Retail,49066,18435
2023-10-26,Deportes,Centro,Empresa,31417,9126
2023-10-13,Hogar,Norte,Empresa,54324,15110
2023-01-12,Vestuario,Norte,Retail,41320,15027
2024-11-12,Deportes,Centro,Empresa,12572,4537
2023-12-09,Tecnologia,Sur,Retail,272895,62879
2023-05-21,Vestuario,Norte,Retail,53846,15213
2024-07-14,Hogar,Norte,Empresa,95773,29217
2024-12-23,Electrodomesticos,Sur,Retail,93837,19352
2023-08-21,Vestuario,Norte,Empresa,28297,9689
2024-05-21,Vestuario,Norte,Empresa,60186,19862
2023-07-17,Hogar,Centro,Empresa,157716,42992
2024-11-26,Deportes,Centro,Empresa,10000,3523
2024-07-08,Deportes,Norte,Retail,57143,18068
2024-04-27,Hogar,Centro,Retail,101928,27136
2024-09-11,Hogar,Centro,Retail,91687,24673
2023-05-08,Tecnologia,Norte,Retail,273313,60513
2023-01-09,Electrodomesticos,Sur,Empresa,169131,31862
2024-01-01,Tecnologia,Centro,Empresa,240129,49396
2023-03-21,Vestuario,Sur,Retail,43626,16134
2023-11-04,Vestuario,Centro,Retail,40601,13506
2023-06-29,Electrodomesticos,Norte,Empresa,208114,37067
2024-05-07,Hogar,Centro,Empresa,123748,34320
2024-07-10,Electrodomesticos,Centro,Empresa,90884,16440
2023-11-10,Electrodomesticos,Sur,Empresa,220353,41018
2023-09-07,Electrodomesticos,Sur,Empresa,203405,39385
2023-04-27,Vestuario,Norte,Empresa,46577,15695
2024-03-11,Vestuario,Centro,Empresa,39569,14241
2024-03-27,Deportes,Sur,Empresa,98047,31250
2024-11-15,Tecnologia,Centro,Empresa,117606,24980
2023-02-26,Hogar,Sur,Empresa,11905,3293
2023-08-08,Vestuario,Sur,Empresa,40577,14620
2023-02-25,Tecnologia,Norte,Empresa,144213,29001
2023-08-10,Vestuario,Norte,Retail,43520,16258
2024-07-20,Electrodomesticos,Centro,Retail,215369,35405
2024-01-05,Deportes,Centro,Retail,69814,22532
2023-02-18,Deportes,Norte,Empresa,64411,18501
2024-10-31,Vestuario,Norte,Empresa,48155,17793
2024-11-07,Deportes,Sur,Retail,57528,18187
2024-02-24,Vestuario,Norte,Empresa,34457,11147
2023-03-19,Hogar,Centro,Empresa,141359,39550
2024-05-02,Electrodomesticos,Centro,Empresa,143508,32466
2023-12-09,Vestuario,Centro,Empresa,44424,14184
2023-07-30,Vestuario,Centro,Empresa,47715,14859
2024-12-31,Hogar,Sur,Empresa,78290,19651
2024-07-04,Deportes,Norte,Empresa,63975,17303
2024-05-11,Vestuario,Norte,Retail,54679,21842
2024-12-27,Electrodomesticos,Centro,Empresa,159547,27741
2024-10-01,Electrodomesticos,Sur,Retail,197636,29392
2024-02-24,Tecnologia,Centro,Empresa,212456,43325
2024-11-19,Electrodomesticos,Centro,Retail,197832,32081
2024-01-21,Hogar,Norte,Empresa,80342,24837
2023-12-04,Vestuario,Centro,Retail,29190,10055
2023-05-27,Deportes,Sur,Retail,71429,17085
2024-02-15,Electrodomesticos,Norte,Retail,177638,32019
2023-05-28,Hogar,Sur,Empresa,121203,36621
2023-12-06,Tecnologia,Sur,Retail,181423,45303
2024-09-24,Tecnologia,Norte,Retail,202177,46063
2024-07-19,Deportes,Centro,Retail,58027,16798
2024-04-27,Vestuario,Norte,Retail,62702,21019
2024-09-26,Vestuario,Norte,Retail,32455,11905
2023-12-24,Electrodomesticos,Sur,Empresa,278640,43395
2024-06-18,Vestuario,Centro,Retail,58288,19503
2023-12-03,Hogar,Sur,Empresa,80491,22046
2024-10-14,Hogar,Centro,Retail,115515,31337
2023-06-12,Deportes,Norte,Empresa,56546,17448
2024-05-01,Tecnologia,Sur,Retail,169836,37757
2024-03-12,Hogar,Centro,Empresa,125323,31952
2024-10-13,Vestuario,Norte,Retail,39191,12656
2024-06-15,Deportes,Centro,Retail,57552,17322
2024-03-03,Hogar,Sur,Retail,97006,24556
2024-01-11,Tecnologia,Centro,Retail,225387,46441
2024-01-16,Vestuario,Sur,Empresa,48011,19098
2023-07-16,Deportes,Centro,Empresa,91609,29176
2023-05-16,Hogar,Centro,Retail,110198,36411
2023-02-12,Vestuario,Centro,Retail,32003,10981
2023-08-22,Vestuario,Centro,Empresa,50497,18681
2024-11-02,Vestuario,Sur,Empresa,36333,11806
2024-11-21,Vestuario,Norte,Retail,46338,14967
2024-09-28,Hogar,Sur,Empresa,80831,21870
2024-06-18,Hogar,Sur,Empresa,113270,36759
2023-02-09,Hogar,Centro,Empresa,115822,33995
2023-07-15,Electrodomesticos,Centro,Empresa,203808,39961
2023-11-07,Vestuario,Sur,Empresa,30038,10645
2023-03-15,Deportes,Norte,Retail,38751,13393
2024-07-24,Tecnologia,Sur,Retail,242196,51007
2024-06-04,Electrodomesticos,Centro,Empresa,134260,26799
2024-05-04,Deportes,Norte,Empresa,82013,24629
2024-03-23,Vestuario,Sur,Empresa,41858,13821
2023-05-21,Vestuario,Norte,Retail,42643,15892
2023-01-09,Vestuario,Norte,Retail,47222,15427
2023-05-13,Vestuario,Norte,Retail,47671,18393
2023-06-01,Hogar,Centro,Retail,78923,25836
2024-02-19,Hogar,Sur,Empresa,96779,23947
2024-09-11,Vestuario,Sur,Empresa,63761,21675
2023-03-15,Deportes,Sur,Retail,86752,26481
2024-03-02,Tecnologia,Sur,Retail,179319,36528
2023-03-31,Deportes,Sur,Empresa,85037,33785
2024-12-06,Tecnologia,Sur,Empresa,181094,39088
2023-12-10,Deportes,Sur,Retail,71035,22389
2023-01-13,Electrodomesticos,Norte,Retail,166231,29367
2024-02-01,Hogar,Sur,Retail,83178,27937
2023-01-26,Deportes,Sur,Empresa,36918,11726
2024-07-29,Vestuario,Sur,Retail,41911,13462
2023-05-02,Deportes,Sur,Empresa,82737,28153
2024-03-10,Deportes,Centro,Empresa,81716,28165
2023-11-18,Deportes,Centro,Retail,94239,29367
2024-01-09,Vestuario,Norte,Empresa,65823,22249
2023-04-17,Tecnologia,Centro,Empresa,312441,65026
2023-09-25,Electrodomesticos,Sur,Retail,57279,10463
2024-08-16,Vestuario,Centro,Retail,55722,18052
2023-09-24,Vestuario,Sur,Retail,35919,11285
2023-01-14,Hogar,Norte,Empresa,54864,16073
2023-04-05,Deportes,Sur,Empresa,75054,23464
2023-09-12,Vestuario,Sur,Empresa,45543,13783
2023-07-29,Electrodomesticos,Sur,Retail,165436,24998
2024-12-29,Electrodomesticos,Centro,Empresa,209878,39913
2024-09-24,Deportes,Centro,Empresa,65926,19661
2024-04-15,Vestuario,Sur,Retail,66095,20429
2023-09-10,Electrodomesticos,Sur,Retail,153895,24163
2024-09-16,Electrodomesticos,Centro,Retail,99813,17175
