fecha,categoria,region,ventas,beneficio
2024-02-29,Deportes,Centro,58442,16771
2023-02-10,Hogar,Sur,79531,24542
2024-03-26,Tecnologia,Centro,165007,44589
2024-06-25,Deportes,Norte,75533,24811
2024-12-16,Vestuario,Norte,41140,15399
2023-05-02,Deportes,Sur,98491,30864
2024-12-07,Hogar,Centro,160290,44877
2023-11-01,Deportes,Norte,84526,26005
2024-05-21,Deportes,Sur,44419,14612
2022-03-17,Electrodomesticos,Norte,263514,50080
2023-06-05,Deportes,Centro,34720,10720
2024-10-05,Vestuario,Norte,49537,20653
2022-12-29,Tecnologia,Norte,132179,31510
2024-02-18,Vestuario,Norte,53793,19971
2022-12-29,Hogar,Norte,112305,29883
2022-09-13,Vestuario,Norte,42966,16022
2023-03-28,Hogar,Centro,181398,54056
2023-05-02,Vestuario,Sur,35604,12626
2023-12-20,Hogar,Centro,130366,44308
2023-08-22,Vestuario,Centro,56849,23914
2023-05-12,Vestuario,Norte,40268,12980
2023-02-03,Deportes,Centro,89409,27306
2024-12-03,Electrodomesticos,Centro,166679,32861
2023-12-17,Deportes,Norte,62807,17918
2023-05-08,Electrodomesticos,Centro,168896,34953
2023-12-08,Tecnologia,Norte,193317,41237
2023-10-27,Tecnologia,Norte,217221,57159
2024-10-29,Deportes,Sur,88582,30479
2023-10-16,Tecnologia,Centro,323707,70513
2022-12-12,Vestuario,Sur,50225,21652
2024-10-19,Vestuario,Sur,53524,17099
2022-09-21,Electrodomesticos,Norte,204748,47555
2024-08-13,Hogar,Centro,64198,17551
2022-04-22,Tecnologia,Norte,159537,31804
2023-12-12,Deportes,Centro,71206,25667
2022-10-06,Tecnologia,Centro,197225,56406
2022-07-27,Hogar,Sur,113158,33716
2022-11-18,Tecnologia,Norte,233853,56014
2022-06-29,Deportes,Centro,22911,8166
2022-01-13,Vestuario,Norte,90435,43619
2024-12-05,Tecnologia,Norte,405526,97727
2024-04-24,Deportes,Norte,92868,26273
2023-06-05,Deportes,Centro,62083,18314
2023-05-14,Hogar,Sur,142071,41850
2024-08-22,Electrodomesticos,Norte,113266,20619
2022-05-30,Hogar,Centro,52098,12879
2024-08-20,Electrodomesticos,Norte,243541,45321
2022-06-19,Electrodomesticos,Norte,152040,35069
2022-02-10,Tecnologia,Centro,225913,53254
2022-05-04,Vestuario,Sur,19553,7066
2024-11-08,Deportes,Centro,44782,14771
2024-09-25,Vestuario,Centro,44853,17415
2022-11-09,Hogar,Norte,81927,21315
2022-07-24,Electrodomesticos,Sur,178557,33509
2024-07-08,Deportes,Centro,48066,16951
2022-09-01,Vestuario,Norte,71114,26908
2023-09-08,Deportes,Sur,63395,17853
2022-09-03,Electrodomesticos,Sur,181784,35645
2023-07-25,Hogar,Centro,163189,53460
2024-05-05,Electrodomesticos,Centro,93853,16666
2022-11-01,Tecnologia,Sur,231379,48597
2023-02-16,Deportes,Centro,104843,29490
2023-12-01,Hogar,Sur,48666,16047
2023-03-17,Hogar,Norte,119937,41326
2024-02-02,Vestuario,Sur,58864,19170
2023-02-01,Hogar,Centro,89947,26329
2023-02-06,Hogar,Centro,121062,35461
2022-02-12,Tecnologia,Sur,209469,61339
2023-12-05,Vestuario,Centro,83720,26685
2023-02-18,Hogar,Norte,138695,38300
2024-03-22,Tecnologia,Norte,308931,75163
2022-03-20,Vestuario,Sur,36097,14493
2024-04-10,Vestuario,Norte,60279,25134
2022-06-08,Deportes,Norte,81656,27613
2024-07-12,Vestuario,Sur,49194,19690
2022-09-15,Vestuario,Centro,43102,13759
2024-05-23,Vestuario,Norte,42000,12914
2023-01-20,Vestuario,Sur,60225,21077
2023-03-13,Deportes,Sur,67554,20661
2023-12-11,Deportes,Sur,94822,25316
2023-05-01,Vestuario,Norte,61819,24315
2022-02-14,Electrodomesticos,Centro,155787,34304
2023-03-18,Hogar,Sur,76450,23155
2022-02-08,Vestuario,Centro,69991,22735
2023-03-18,Tecnologia,Sur,126445,28465
2023-04-28,Vestuario,Centro,46290,16506
2023-02-15,Vestuario,Sur,51605,17637
2023-08-15,Hogar,Centro,83143,21471
2024-02-20,Vestuario,Centro,47406,16628
2024-02-22,Electrodomesticos,Centro,229034,49804
2024-12-30,Hogar,Norte,58635,16995
2022-06-29,Vestuario,Norte,54553,23357
2023-03-29,Hogar,Sur,150650,51277
2022-03-31,Hogar,Centro,80179,19775
2023-06-15,Deportes,Norte,54668,14625
2022-01-10,Tecnologia,Norte,228962,60803
2024-10-13,Tecnologia,Norte,138092,29876
2023-10-09,Deportes,Centro,55940,19690
2024-11-28,Vestuario,Norte,20529,8349
2023-06-22,Tecnologia,Sur,242402,65834
2024-01-18,Hogar,Norte,130567,42587
2023-02-13,Vestuario,Sur,47391,16229
2024-06-13,Electrodomesticos,Norte,78776,14568
2024-11-10,Vestuario,Norte,56899,21878
2023-02-06,Vestuario,Sur,68477,25299
2024-08-08,Tecnologia,Sur,226533,63215
2022-11-07,Tecnologia,Norte,203468,49045
2022-10-19,Electrodomesticos,Norte,100710,17715
2024-06-08,Deportes,Sur,97537,31906
2023-06-08,Vestuario,Centro,26296,10208
2024-09-19,Vestuario,Norte,43043,18026
2022-03-04,Vestuario,Centro,45173,17027
2023-03-05,Vestuario,Centro,78062,32467
2022-05-03,Deportes,Norte,82291,31293
2024-11-23,Electrodomesticos,Sur,246356,44496
2024-05-28,Deportes,Centro,73302,24454
2022-11-13,Hogar,Norte,149894,43685
2024-03-05,Vestuario,Norte,29823,12131
2024-12-13,Vestuario,Norte,51028,22859
2022-06-22,Vestuario,Centro,17187,8186
2022-05-14,Vestuario,Norte,43772,12524
2022-12-04,Hogar,Sur,112968,37878
2022-08-10,Tecnologia,Centro,185245,51838
2022-02-21,Tecnologia,Norte,168946,48521
2023-06-06,Deportes,Sur,68138,22873
2023-08-22,Deportes,Sur,113343,38362
2023-03-02,Electrodomesticos,Norte,157323,28976
2024-05-07,Vestuario,Norte,62749,20769
2022-02-04,Electrodomesticos,Centro,169800,32000
2023-05-07,Deportes,Norte,36001,12007
2022-06-17,Electrodomesticos,Norte,237106,45717
2022-01-12,Electrodomesticos,Centro,100116,21122
2024-04-19,Hogar,Norte,44456,12323
2023-11-07,Deportes,Sur,73528,21993
2023-05-26,Electrodomesticos,Centro,92427,19420
2023-09-28,Hogar,Centro,112757,33023
2022-02-18,Hogar,Centro,150136,43073
2022-09-06,Hogar,Sur,127375,28931
2024-01-03,Electrodomesticos,Sur,207416,36999
2024-03-31,Hogar,Norte,135236,35334
2023-06-27,Hogar,Norte,139710,41404
2024-06-30,Electrodomesticos,Centro,231482,54189
2024-06-17,Tecnologia,Centro,223917,49151
2023-08-29,Hogar,Sur,124668,33428
2022-04-11,Vestuario,Sur,60341,20725
2022-02-14,Tecnologia,Norte,136086,30526
2024-03-08,Electrodomesticos,Norte,200987,39698
2023-09-25,Deportes,Centro,88045,26423
2023-09-27,Electrodomesticos,Centro,253377,41671
2024-06-02,Electrodomesticos,Sur,174725,30267
2022-08-26,Electrodomesticos,Centro,194145,45433
2022-04-17,Deportes,Norte,78777,28117
2022-10-15,Vestuario,Norte,63399,24509
2024-01-13,Deportes,Centro,96257,31398
2024-02-29,Vestuario,Sur,55220,20316
2023-12-18,Hogar,Sur,128977,32420
2024-05-03,Tecnologia,Centro,262039,48529
2023-01-15,Deportes,Sur,72585,24912
2022-08-24,Electrodomesticos,Norte,142953,29574
2023-08-21,Electrodomesticos,Centro,142645,26733
2023-04-25,Tecnologia,Norte,268491,72020
2023-03-17,Vestuario,Centro,44804,15260
2023-04-05,Deportes,Norte,89661,25820
2022-12-13,Hogar,Sur,123130,37253
2023-09-13,Hogar,Sur,89389,29025
2022-12-12,Electrodomesticos,Sur,295896,44556
2024-08-28,Deportes,Norte,56815,17204
2024-12-18,Deportes,Centro,59801,22120
2024-03-13,Hogar,Sur,104440,32973
2022-04-14,Vestuario,Centro,61755,27107
2024-08-23,Tecnologia,Sur,124728,29874
2024-03-26,Deportes,Centro,48258,11257
2022-07-08,Deportes,Sur,30031,8636
2022-01-17,Tecnologia,Sur,162991,47958
2024-06-11,Electrodomesticos,Sur,190266,37223
2022-11-18,Tecnologia,Centro,130210,27795
2024-11-21,Electrodomesticos,Centro,209040,50309
2023-01-18,Deportes,Sur,53023,16928
2022-08-21,Deportes,Norte,76505,22497
2024-04-30,Tecnologia,Norte,293006,91269
2024-08-03,Vestuario,Sur,77309,35130
2023-10-19,Vestuario,Sur,67099,20769
2023-04-09,Vestuario,Sur,48103,17786
2023-01-25,Vestuario,Norte,55837,24404
2023-02-27,Vestuario,Norte,46751,23324
2024-06-05,Deportes,Norte,73975,24959
2022-06-01,Electrodomesticos,Norte,280519,62266
2024-03-18,Tecnologia,Centro,159347,38981
2024-01-15,Hogar,Centro,111001,24525
2022-07-18,Tecnologia,Centro,195954,46323
2023-11-12,Vestuario,Norte,52278,20720
2024-11-17,Hogar,Norte,166105,59814
2023-08-12,Electrodomesticos,Sur,210150,38009
2023-04-06,Electrodomesticos,Centro,151541,33445
2022-03-15,Vestuario,Sur,45076,16343
2022-12-15,Tecnologia,Norte,108075,30597
2024-05-08,Tecnologia,Centro,213568,60034
2024-04-18,Tecnologia,Sur,249770,66334
2024-05-16,Electrodomesticos,Centro,210240,47345
2022-04-22,Tecnologia,Centro,106701,23975
2023-07-24,Electrodomesticos,Sur,196864,53382
2022-11-17,Electrodomesticos,Centro,162578,33514
2023-07-09,Vestuario,Norte,41009,16359
2023-09-13,Electrodomesticos,Sur,179058,35487
2023-09-09,Hogar,Centro,149032,51478
2023-10-23,Hogar,Sur,115583,26729
2024-11-19,Electrodomesticos,Norte,262327,59505
2022-03-06,Tecnologia,Norte,177990,46814
2022-07-31,Electrodomesticos,Norte,254520,43259
2024-08-19,Vestuario,Norte,40562,10478
2023-07-24,Hogar,Centro,115410,29874
2022-06-03,Tecnologia,Norte,94297,20031
2023-04-13,Hogar,Centro,134983,48457
2023-01-22,Electrodomesticos,Centro,180666,40396
2023-01-13,Tecnologia,Centro,240314,54436
2022-08-20,Hogar,Norte,161297,51212
2024-02-18,Electrodomesticos,Norte,269267,53336
2023-04-18,Vestuario,Norte,70147,21933
2022-04-07,Tecnologia,Centro,212541,52203
2022-07-30,Electrodomesticos,Centro,241659,57844
2024-02-21,Deportes,Norte,112725,38075
2024-12-20,Hogar,Centro,128849,36829
2024-12-02,Vestuario,Norte,56078,20955
2024-10-17,Vestuario,Centro,47619,19287
2022-05-10,Tecnologia,Norte,190996,57065
2022-04-17,Electrodomesticos,Centro,164226,33056
2024-05-19,Tecnologia,Centro,214528,65475
2022-04-04,Deportes,Centro,72614,22730
2022-04-23,Deportes,Sur,37129,11847
2022-02-01,Tecnologia,Norte,241024,59553
2022-03-04,Hogar,Norte,120380,37199
2024-05-25,Vestuario,Centro,37393,13947
2024-08-26,Deportes,Centro,105033,32890
2023-06-06,Deportes,Centro,74632,19675
2022-07-21,Deportes,Sur,24367,8966
2024-09-03,Vestuario,Centro,39638,14251
2024-04-21,Deportes,Sur,98043,35192
2022-09-14,Vestuario,Norte,86364,35370
2023-10-30,Hogar,Sur,127622,42011
2024-11-09,Vestuario,Norte,66987,21479
2022-08-30,Vestuario,Centro,15901,6015
2024-11-11,Hogar,Sur,132494,37072
2023-07-18,Tecnologia,Centro,200430,49636
2023-07-26,Tecnologia,Centro,101132,27900
2023-03-15,Electrodomesticos,Sur,240486,47358
2024-12-10,Vestuario,Sur,79648,26468
2022-04-14,Tecnologia,Sur,271985,75224
2022-08-15,Electrodomesticos,Norte,276075,50617
2022-10-08,Hogar,Centro,96070,28951
2022-06-13,Electrodomesticos,Centro,226692,50040
2024-08-14,Deportes,Sur,87996,26621
2022-02-03,Electrodomesticos,Norte,160183,26705
2023-07-24,Vestuario,Sur,56493,24033
2022-05-06,Vestuario,Centro,28357,11687
2022-03-29,Vestuario,Norte,73679,31716
2024-06-25,Hogar,Centro,103060,25296
2023-11-19,Hogar,Sur,110553,29935
2023-11-18,Tecnologia,Norte,196922,57040
2022-02-13,Electrodomesticos,Centro,204345,38258
2024-07-16,Deportes,Sur,87549,27726
2023-04-21,Deportes,Sur,70783,23475
2023-12-20,Vestuario,Sur,64312,22860
2023-08-12,Vestuario,Norte,61841,20093
2023-10-27,Tecnologia,Sur,115201,33164
2023-09-15,Hogar,Norte,90824,25173
2022-08-25,Vestuario,Centro,37558,16650
2022-09-10,Hogar,Norte,146791,39993
2024-02-21,Electrodomesticos,Centro,106089,24183
2024-05-16,Deportes,Norte,77051,23339
2023-02-09,Deportes,Sur,56651,15583
2022-11-15,Deportes,Sur,88207,28473
2023-07-20,Electrodomesticos,Centro,81841,14231
2023-12-12,Deportes,Sur,66369,18409
2022-10-02,Tecnologia,Sur,196620,37701
2022-02-20,Electrodomesticos,Centro,127574,27053
2024-05-01,Vestuario,Centro,58214,20151
2022-06-09,Electrodomesticos,Sur,161333,30969
2022-12-18,Deportes,Sur,75655,25077
2022-06-30,Electrodomesticos,Sur,211685,40627
2023-07-20,Vestuario,Norte,74700,33101
2024-05-24,Hogar,Sur,126300,33206
2023-07-28,Tecnologia,Centro,82418,19926
2024-08-04,Hogar,Norte,140534,45658
2023-10-31,Vestuario,Centro,48955,18978
2022-04-28,Vestuario,Sur,88736,27372
2022-07-23,Hogar,Centro,138919,46711
2024-08-26,Deportes,Sur,54814,17401
2024-12-18,Hogar,Centro,129206,36610
2024-12-23,Electrodomesticos,Centro,226382,42159
2023-05-09,Hogar,Centro,128426,38419
2024-09-20,Tecnologia,Sur,254318,69549
2022-02-17,Vestuario,Sur,57268,25276
2023-11-07,Deportes,Centro,64051,20272
2022-06-21,Electrodomesticos,Norte,257400,49858
2024-03-12,Tecnologia,Sur,281864,86496
2023-01-18,Vestuario,Centro,52226,15689
2022-01-21,Hogar,Centro,91285,20405
2023-02-24,Vestuario,Sur,56320,20077
2022-05-28,Electrodomesticos,Centro,128970,27299
2023-07-14,Electrodomesticos,Sur,191416,33388
2023-07-23,Hogar,Norte,107081,31732
2024-01-18,Vestuario,Norte,76047,29680
2024-03-09,Hogar,Sur,80913,22731
2024-07-23,Electrodomesticos,Centro,263188,48724
2024-09-29,Hogar,Norte,99940,30634
2022-01-11,Hogar,Norte,56850,16483
2024-10-02,Tecnologia,Centro,102408,23769
2023-12-08,Electrodomesticos,Centro,256200,49355
2024-06-08,Hogar,Norte,97999,28102
2024-01-25,Tecnologia,Norte,161488,42130
2024-11-09,Tecnologia,Centro,181329,45978
2022-01-08,Hogar,Centro,110426,30317
2022-07-12,Vestuario,Norte,65659,26456
2024-08-10,Vestuario,Norte,71054,28971
2023-06-02,Hogar,Norte,64726,16176
2024-05-29,Vestuario,Norte,82811,25930
2024-08-21,Vestuario,Sur,42338,16033
2023-12-19,Hogar,Sur,105659,36595
2024-10-15,Vestuario,Sur,61221,22200
2022-08-15,Vestuario,Sur,59661,22643
2022-11-22,Hogar,Centro,142137,53757
2024-01-17,Tecnologia,Centro,137838,30574
2023-07-15,Deportes,Norte,37721,12824
2022-12-08,Tecnologia,Norte,146248,37248
2022-04-16,Tecnologia,Sur,157645,35825
2024-04-12,Vestuario,Centro,46350,16783
2023-09-06,Electrodomesticos,Sur,215952,44611
2023-09-11,Electrodomesticos,Sur,214422,43044
2022-10-15,Electrodomesticos,Centro,206253,44080
2022-11-21,Electrodomesticos,Norte,91848,21001
2023-06-29,Hogar,Norte,66174,24614
2024-12-11,Vestuario,Centro,75281,27948
2023-09-04,Vestuario,Norte,29510,10464
2023-11-24,Hogar,Norte,72794,22341
2023-08-14,Tecnologia,Centro,174662,47998
2023-09-11,Vestuario,Centro,40422,12978
2024-10-27,Electrodomesticos,Sur,200323,32420
2024-07-29,Electrodomesticos,Centro,161483,28891
2022-02-06,Vestuario,Sur,39412,17685
2023-06-03,Electrodomesticos,Norte,316678,63687
2024-07-26,Deportes,Centro,69387,20710
2022-06-21,Deportes,Centro,77641,25203
2022-09-02,Electrodomesticos,Norte,228179,44418
2023-10-14,Deportes,Sur,107685,32991
2024-05-02,Hogar,Centro,108370,31624
2024-02-09,Tecnologia,Centro,168317,30497
2022-02-24,Hogar,Norte,130692,46955
2024-07-13,Electrodomesticos,Sur,167904,32521
2022-04-21,Deportes,Sur,56853,18515
2022-08-19,Deportes,Centro,65954,21210
2024-10-21,Tecnologia,Norte,217022,55727
2024-12-07,Vestuario,Sur,51643,21572
2024-10-25,Hogar,Sur,85047,22701
2023-10-01,Electrodomesticos,Norte,176046,38610
2022-07-10,Deportes,Centro,41137,14464
2024-08-13,Hogar,Sur,41824,13607
2023-12-24,Tecnologia,Centro,180497,43042
2022-01-29,Electrodomesticos,Norte,222935,42067
2023-06-24,Vestuario,Centro,36597,14686
2024-12-23,Deportes,Norte,60830,17845
2022-11-23,Vestuario,Centro,34149,14067
2024-04-05,Vestuario,Sur,51975,18359
2023-11-28,Hogar,Centro,103679,30123
2022-09-22,Tecnologia,Sur,219243,61385
2022-11-16,Tecnologia,Norte,187870,43869
2024-04-29,Tecnologia,Norte,171030,46538
2022-11-22,Tecnologia,Sur,257916,69588
2024-03-10,Deportes,Centro,104063,30406
2022-03-12,Hogar,Norte,66232,15707
2022-06-02,Deportes,Centro,62602,19203
2023-04-24,Vestuario,Centro,52242,16652
2022-03-03,Tecnologia,Norte,176132,48570
2022-02-15,Deportes,Norte,103900,27741
2024-11-17,Hogar,Sur,132765,36391
2023-03-23,Electrodomesticos,Centro,119280,22854
2022-01-26,Electrodomesticos,Centro,208137,29781
2022-04-26,Vestuario,Sur,76488,31039
2022-03-30,Deportes,Centro,92576,26832
2023-12-24,Tecnologia,Sur,221840,60129
2024-01-07,Vestuario,Norte,45777,19243
2024-12-01,Hogar,Centro,116223,37389
2022-09-14,Electrodomesticos,Norte,123736,24641
2024-07-01,Deportes,Norte,67229,23840
2024-12-17,Tecnologia,Norte,96800,20788
2022-06-03,Hogar,Norte,132904,47366
2022-05-20,Deportes,Norte,70632,25148
2024-09-13,Electrodomesticos,Sur,184684,37908
2022-02-23,Hogar,Centro,131355,32966
2024-06-23,Tecnologia,Centro,197657,49899
2022-05-23,Deportes,Norte,85089,22349
2024-09-18,Deportes,Sur,56032,19208
2024-10-07,Electrodomesticos,Centro,267665,39538
2022-08-08,Tecnologia,Centro,148369,34259
2022-01-05,Tecnologia,Norte,345618,101013
2023-03-27,Hogar,Centro,96661,26487
2022-02-25,Electrodomesticos,Sur,180630,33506
2023-05-07,Deportes,Centro,88267,32113
2022-01-07,Vestuario,Norte,45772,17533
2024-02-07,Vestuario,Centro,27915,12183
2022-05-22,Hogar,Centro,109588,25692
2023-07-03,Vestuario,Centro,31973,11650
2024-06-22,Electrodomesticos,Centro,89577,13939
2024-12-13,Deportes,Sur,70532,25944
2022-02-12,Electrodomesticos,Sur,158898,29334
2022-03-28,Hogar,Sur,163689,49182
2023-11-13,Electrodomesticos,Sur,151387,24172
2023-04-10,Hogar,Centro,142539,39532
2023-06-13,Tecnologia,Norte,174476,31170
2024-07-22,Vestuario,Norte,50398,20485
2023-01-25,Hogar,Centro,57092,13249
2023-11-17,Electrodomesticos,Norte,122991,27158
2024-09-13,Tecnologia,Centro,287784,64316
2024-08-21,Tecnologia,Sur,246334,62182
2022-03-28,Vestuario,Norte,67613,22265
2022-07-01,Vestuario,Norte,45049,17052
2023-12-09,Hogar,Sur,91674,24354
2023-05-10,Hogar,Centro,97209,30536
2022-01-07,Electrodomesticos,Centro,212175,38778
2024-05-28,Vestuario,Centro,37926,13701
2022-11-27,Tecnologia,Centro,260440,68901
2023-02-22,Deportes,Sur,74656,21203
2022-12-02,Electrodomesticos,Centro,148458,32167
2024-05-03,Hogar,Centro,118208,31065
2024-09-28,Electrodomesticos,Centro,122779,23562
2022-08-28,Electrodomesticos,Centro,196078,33973
2022-08-30,Hogar,Norte,132732,41229
2024-02-17,Deportes,Sur,88427,22446
2023-03-06,Vestuario,Centro,52271,22627
2022-06-14,Hogar,Sur,121831,36079
2023-12-04,Electrodomesticos,Centro,121846,24362
2023-07-08,Hogar,Norte,123615,35991
2023-04-10,Vestuario,Sur,53728,20504
2022-11-12,Vestuario,Norte,40036,15813
2023-01-14,Tecnologia,Centro,165890,41792
2023-10-16,Deportes,Centro,85173,29649
2022-10-10,Hogar,Centro,132445,47575
2023-06-04,Vestuario,Sur,82115,30603
2023-12-10,Vestuario,Centro,69780,26983
2023-10-06,Hogar,Centro,148687,47596
2022-06-25,Vestuario,Norte,80260,30940
2024-07-02,Electrodomesticos,Norte,252097,37932
2022-01-12,Vestuario,Sur,57867,22361
2024-10-02,Electrodomesticos,Centro,156104,27388
2023-01-29,Hogar,Norte,96619,26072
2023-11-18,Electrodomesticos,Sur,163893,36228
2023-03-08,Tecnologia,Norte,145297,39991
2023-06-23,Electrodomesticos,Centro,134575,26743
2024-02-12,Hogar,Sur,101140,33068
2024-04-15,Electrodomesticos,Norte,222053,43066
2022-08-18,Vestuario,Norte,82269,28851
2022-11-26,Tecnologia,Sur,303764,77622
2022-03-19,Deportes,Centro,68843,20776
2023-09-06,Hogar,Centro,88606,21643
2023-12-10,Vestuario,Centro,44847,19944
2024-02-02,Electrodomesticos,Norte,164060,31627
2023-12-14,Hogar,Norte,95754,36753
2023-11-05,Vestuario,Norte,49557,21756
2023-04-28,Vestuario,Sur,54934,21886
2023-07-01,Vestuario,Norte,48408,18370
2023-05-16,Hogar,Norte,51796,15937
2023-11-21,Vestuario,Centro,64715,21645
2022-05-04,Vestuario,Norte,44531,15166
2022-02-11,Hogar,Norte,165028,52482
2023-08-29,Deportes,Sur,76983,20678
2022-09-27,Tecnologia,Sur,286986,84645
2022-01-14,Hogar,Centro,176232,53781
2022-01-15,Hogar,Centro,107390,32859
2024-12-31,Tecnologia,Sur,157865,40966
2022-10-20,Deportes,Sur,54819,17094
2024-11-10,Tecnologia,Centro,204949,58146
2024-11-22,Deportes,Norte,55289,14429
2024-07-11,Hogar,Centro,59309,14866
2023-04-14,Vestuario,Centro,72633,27442
2023-07-13,Vestuario,Sur,68648,27008
2024-05-01,Vestuario,Centro,97891,37779
2023-05-24,Deportes,Centro,95876,30467
2024-12-13,Deportes,Centro,78345,25121
2024-06-04,Deportes,Centro,35638,12720
2023-02-01,Vestuario,Norte,48385,20650
2023-06-17,Hogar,Sur,55069,16699
2022-09-25,Tecnologia,Norte,256082,63818
2022-11-30,Electrodomesticos,Centro,238467,45091
2022-01-21,Vestuario,Sur,70953,26080
2024-04-01,Electrodomesticos,Norte,75904,13383
2024-03-24,Tecnologia,Norte,190446,41580
2024-08-25,Electrodomesticos,Sur,119887,20706
2023-06-02,Electrodomesticos,Sur,245638,49873
2022-01-24,Hogar,Centro,152363,30355
2023-10-15,Electrodomesticos,Sur,260519,53534
2023-10-10,Deportes,Norte,75632,21528
2024-06-25,Hogar,Centro,120831,36175
2023-04-17,Vestuario,Norte,77720,29898
2023-05-17,Vestuario,Centro,94676,35219
2024-01-25,Vestuario,Norte,50988,21145
2024-08-27,Deportes,Norte,79254,22335
2022-07-05,Hogar,Sur,98962,24517
2022-12-27,Hogar,Sur,136717,49444
2024-08-25,Hogar,Centro,75980,17953
2023-02-02,Deportes,Centro,93970,33237
2024-07-04,Hogar,Centro,42336,14263
2022-01-12,Deportes,Sur,74235,25217
2023-03-17,Electrodomesticos,Norte,156117,34958
2024-04-12,Tecnologia,Centro,194014,50051
2024-06-21,Vestuario,Norte,46928,19371
2024-04-01,Vestuario,Sur,36159,14535
2023-12-28,Vestuario,Norte,57309,27215
2022-11-25,Tecnologia,Norte,108389,21886
2023-07-15,Hogar,Sur,98976,26747
2022-06-30,Hogar,Centro,136259,35173
2024-06-14,Deportes,Sur,59609,19501
2022-12-31,Tecnologia,Sur,117660,33540
2022-05-03,Deportes,Centro,71523,19824
2023-10-18,Tecnologia,Sur,145077,34932
2024-02-05,Deportes,Norte,45058,12503
2023-10-01,Hogar,Norte,177287,43367
2023-04-06,Vestuario,Norte,44294,16071
2023-02-03,Electrodomesticos,Norte,356642,74699
2024-03-19,Vestuario,Norte,77363,22093
2023-04-22,Deportes,Norte,118180,31736
2022-06-06,Tecnologia,Sur,151344,40104
2022-05-07,Electrodomesticos,Sur,156661,28201
2022-08-27,Deportes,Centro,33960,10726
2024-06-06,Vestuario,Norte,59252,21052
2022-07-18,Tecnologia,Sur,103342,23092
2023-07-23,Vestuario,Norte,68109,26739
2024-02-04,Hogar,Norte,115131,42667
2024-01-18,Hogar,Norte,122241,42701
2022-12-07,Hogar,Centro,83360,23387
2023-10-16,Hogar,Centro,119922,38698
2023-07-13,Deportes,Norte,77181,24432
2022-09-05,Electrodomesticos,Norte,96349,18098
2023-10-20,Tecnologia,Norte,253936,57523
2024-05-05,Hogar,Norte,84081,24151
2023-09-20,Vestuario,Centro,34441,12847
2023-10-06,Hogar,Sur,98710,29117
2024-02-22,Deportes,Norte,76639,24368
2024-08-09,Vestuario,Centro,39998,15247
2023-02-02,Electrodomesticos,Sur,132317,25425
2024-03-01,Electrodomesticos,Sur,163462,37451
2024-07-03,Tecnologia,Sur,150134,35055
2023-10-31,Deportes,Centro,71364,22577
2023-12-15,Electrodomesticos,Norte,110935,20683
2022-08-07,Vestuario,Centro,46958,16291
2024-03-25,Hogar,Norte,104404,29930
2023-10-16,Vestuario,Sur,32841,11002
2024-05-24,Vestuario,Norte,57693,21442
2023-09-12,Hogar,Norte,116727,37101
2023-06-27,Vestuario,Centro,71022,24160
2023-12-28,Vestuario,Sur,52689,25329
2023-12-02,Electrodomesticos,Sur,223541,40530
2024-05-31,Electrodomesticos,Norte,153464,30117
2024-06-28,Deportes,Centro,56563,13744
2023-10-21,Electrodomesticos,Centro,179004,32841
2023-04-20,Hogar,Centro,112599,33964
2022-10-04,Deportes,Norte,121512,40330
2023-04-08,Vestuario,Centro,25988,10526
2022-09-23,Electrodomesticos,Centro,248304,56353
2023-07-31,Tecnologia,Norte,25786,6045
2024-09-17,Hogar,Centro,91741,25101
2023-11-07,Tecnologia,Sur,315216,77397
2022-11-10,Hogar,Norte,146904,42177
2024-10-18,Deportes,Norte,94596,38369
2024-09-29,Deportes,Norte,70793,24333
2023-11-04,Electrodomesticos,Sur,144850,31396
2022-08-07,Electrodomesticos,Sur,200634,45335
2023-09-21,Vestuario,Centro,69811,25483
2024-09-11,Hogar,Centro,162388,47901
2023-07-01,Deportes,Norte,84667,26687
2022-10-07,Deportes,Centro,50684,15110
2024-02-27,Hogar,Sur,196703,58385
2023-08-17,Tecnologia,Sur,192845,53890
2023-04-29,Hogar,Norte,125224,40098
2024-08-11,Hogar,Centro,128209,48983
2022-07-31,Tecnologia,Norte,205863,55143
2024-11-29,Vestuario,Norte,29907,8723
2023-04-13,Electrodomesticos,Norte,188595,29410
2024-05-07,Electrodomesticos,Norte,157753,33539
2023-02-16,Electrodomesticos,Centro,159608,31506
2024-05-18,Hogar,Norte,137474,48654
2024-07-21,Hogar,Sur,146531,41253
2024-02-18,Hogar,Centro,128284,43286
2023-10-30,Tecnologia,Centro,180476,48630
2024-06-28,Hogar,Sur,147676,42839
2022-12-09,Deportes,Sur,38364,9538
2024-08-29,Electrodomesticos,Norte,165846,31049
2022-06-06,Hogar,Sur,125239,39064
2022-02-16,Vestuario,Norte,77970,30105
2024-01-13,Tecnologia,Centro,163180,42018
2024-06-02,Vestuario,Centro,90074,37626
2023-12-01,Hogar,Norte,36501,11358
2023-01-10,Vestuario,Norte,59209,23164
2022-09-04,Deportes,Norte,101187,28318
2024-12-24,Tecnologia,Norte,113791,30153
2024-12-31,Deportes,Sur,82804,25977
2023-07-02,Hogar,Norte,87911,25546
2023-06-26,Vestuario,Centro,53933,16240
2024-08-24,Hogar,Sur,102684,29802
2024-10-03,Electrodomesticos,Sur,134973,30353
2023-02-11,Electrodomesticos,Centro,220089,39227
2023-02-23,Vestuario,Sur,55193,20044
2022-04-12,Tecnologia,Sur,159058,44925
2024-04-13,Deportes,Centro,81279,30038
2022-03-13,Deportes,Centro,62979,23315
2024-05-25,Vestuario,Norte,64163,23779
2023-06-21,Electrodomesticos,Centro,251982,52605
2024-08-21,Hogar,Sur,89378,28101
2022-08-05,Electrodomesticos,Centro,182926,35862
2024-08-05,Deportes,Centro,69885,22753
2022-01-13,Deportes,Sur,77442,27788
2024-04-07,Deportes,Centro,53702,18856
2023-01-20,Vestuario,Norte,29030,10008
2022-02-08,Deportes,Centro,117995,45652
2023-11-27,Electrodomesticos,Norte,150618,32356
2023-09-09,Hogar,Sur,72837,23054
2022-12-28,Vestuario,Sur,61252,22496
2023-07-11,Tecnologia,Centro,166412,43415
2024-02-02,Electrodomesticos,Sur,82407,17457
2022-05-02,Vestuario,Norte,66632,24461
2022-04-07,Electrodomesticos,Norte,249618,43590
2024-08-29,Hogar,Norte,147390,44010
2022-11-20,Tecnologia,Sur,268038,68175
2024-02-20,Tecnologia,Sur,139499,34254
2022-03-05,Tecnologia,Sur,150697,42820
2024-11-03,Tecnologia,Norte,307280,75165
2022-04-22,Tecnologia,Sur,287342,67981
2022-11-06,Deportes,Norte,84283,32346
2024-07-04,Deportes,Centro,103109,27372
2023-01-30,Deportes,Norte,99873,35518
2023-02-15,Deportes,Centro,34186,12796
2023-10-12,Vestuario,Centro,60637,30065
2023-04-17,Vestuario,Norte,53682,20221
2024-12-03,Deportes,Norte,76306,20862
2023-02-15,Hogar,Norte,104800,31884
2024-08-29,Hogar,Sur,121484,27899
2023-01-10,Electrodomesticos,Centro,67477,13113
2022-07-11,Hogar,Sur,105859,32614
2024-05-06,Hogar,Norte,91247,27158
2024-10-04,Tecnologia,Centro,232788,58825
2022-05-24,Deportes,Norte,85118,26215
2024-06-06,Hogar,Norte,68437,21370
2022-05-01,Electrodomesticos,Centro,96859,16412
2023-08-13,Electrodomesticos,Norte,153598,31298
2023-12-04,Deportes,Centro,73464,20027
2024-07-01,Vestuario,Centro,89629,29640
2024-09-11,Tecnologia,Centro,181418,50286
2022-01-04,Deportes,Norte,78374,24541
2022-05-21,Hogar,Sur,143069,42879
2022-04-28,Deportes,Centro,49256,19519
2023-06-16,Electrodomesticos,Centro,181624,31738
2022-06-17,Hogar,Centro,166232,45166
2024-07-30,Deportes,Norte,61382,17251
2022-09-17,Electrodomesticos,Norte,258877,42613
2024-01-11,Vestuario,Sur,64828,29916
2023-08-08,Vestuario,Centro,57337,20424
2022-05-27,Deportes,Centro,74490,25479
2024-12-26,Deportes,Centro,52547,17522
2022-12-29,Vestuario,Sur,42191,15901
2024-12-04,Hogar,Sur,93399,30559
2023-04-29,Tecnologia,Norte,307846,64648
2022-10-18,Deportes,Centro,74145,26001
2022-04-08,Electrodomesticos,Sur,154059,31190
2024-03-18,Deportes,Sur,109965,29538
2024-11-26,Electrodomesticos,Norte,198953,45096
2022-11-19,Hogar,Centro,119760,36198
2024-07-18,Tecnologia,Centro,263167,67425
2023-01-24,Deportes,Sur,89799,34756
2024-04-11,Tecnologia,Sur,156906,36107
2023-12-15,Hogar,Centro,18564,5123
2022-08-15,Electrodomesticos,Centro,284772,51019
2023-10-29,Vestuario,Centro,58822,20549
2023-12-06,Hogar,Centro,103047,33117
2024-05-11,Hogar,Norte,129015,32442
2022-01-27,Deportes,Sur,82711,29973
2022-05-25,Tecnologia,Norte,255323,63617
2024-03-05,Vestuario,Centro,69302,27057
2023-07-21,Deportes,Norte,59266,21510
2024-07-01,Electrodomesticos,Centro,227313,51211
2024-09-11,Electrodomesticos,Centro,195559,37775
2024-03-30,Deportes,Sur,69934,25688
2022-07-04,Hogar,Norte,80237,28553
2024-06-19,Vestuario,Centro,33749,12392
2022-09-22,Vestuario,Sur,54834,19203
2022-04-20,Tecnologia,Norte,140513,42637
2023-05-14,Deportes,Norte,23330,8042
2023-12-21,Vestuario,Sur,38833,13082
2022-02-24,Tecnologia,Centro,252801,64458
2024-06-26,Deportes,Centro,51310,14254
2023-07-19,Hogar,Norte,153594,47009
2024-08-27,Electrodomesticos,Sur,187568,35885
2022-08-04,Electrodomesticos,Norte,211599,42975
2022-02-17,Electrodomesticos,Norte,198035,34091
2022-09-13,Deportes,Centro,121674,31029
2023-10-19,Vestuario,Centro,35430,11828
2023-09-05,Vestuario,Sur,76713,32177
2024-01-12,Electrodomesticos,Centro,199758,31884
2023-08-05,Hogar,Norte,109274,22822
2024-08-07,Deportes,Centro,40452,14327
2023-08-14,Tecnologia,Centro,117276,26274
2022-01-06,Electrodomesticos,Norte,170145,33855
2022-05-12,Tecnologia,Centro,25341,7424
2023-03-30,Electrodomesticos,Norte,290130,53466
2023-12-29,Vestuario,Norte,48011,14590
2023-12-14,Deportes,Centro,80724,25841
2022-04-20,Deportes,Centro,87781,29842
2022-01-06,Deportes,Centro,66409,19711
2024-11-07,Deportes,Sur,74287,27629
2022-01-16,Vestuario,Centro,56718,22345
2023-04-30,Vestuario,Sur,44310,19667
2023-05-08,Hogar,Norte,112076,30733
2022-09-16,Vestuario,Norte,74880,28978
2022-07-20,Electrodomesticos,Sur,156228,21872
2024-08-28,Tecnologia,Sur,305434,72424
2023-06-13,Electrodomesticos,Centro,84732,17386
2022-02-23,Hogar,Centro,115453,33509
2022-01-03,Hogar,Centro,96007,27203
2022-04-25,Hogar,Centro,154564,50684
2024-05-14,Deportes,Sur,49646,12981
2023-07-14,Deportes,Centro,90902,28435
2023-05-07,Electrodomesticos,Norte,110036,20454
2023-03-22,Electrodomesticos,Sur,147690,25619
2023-10-11,Hogar,Norte,123199,33945
2024-06-17,Deportes,Sur,46246,11718
2023-05-25,Vestuario,Centro,59098,25083
2023-02-14,Hogar,Norte,26309,7275
2023-06-29,Vestuario,Sur,77537,31154
2022-06-25,Deportes,Norte,53732,20122
2024-11-17,Deportes,Sur,97870,33123
2022-08-15,Vestuario,Sur,75673,28553
2022-12-08,Vestuario,Sur,84199,33196
2023-08-27,Electrodomesticos,Centro,228509,50016
2023-01-07,Tecnologia,Sur,328247,75960
2022-03-05,Electrodomesticos,Norte,120412,19616
2023-09-12,Electrodomesticos,Norte,192190,35219
2024-02-09,Electrodomesticos,Centro,178041,43840
2022-05-17,Vestuario,Centro,46774,17540
2023-04-25,Electrodomesticos,Centro,107623,21874
2022-03-24,Vestuario,Centro,40185,15329
2024-11-06,Electrodomesticos,Centro,155428,27546
2023-10-24,Electrodomesticos,Sur,48319,10873
2024-05-07,Deportes,Sur,92531,33138
2022-05-21,Electrodomesticos,Sur,197587,36806
2024-09-23,Electrodomesticos,Centro,219448,39314
2023-01-02,Deportes,Sur,69290,20388
2022-07-01,Tecnologia,Centro,158036,35757
2022-03-24,Tecnologia,Centro,178723,48093
2023-09-23,Electrodomesticos,Norte,195658,38343
2024-07-22,Tecnologia,Sur,192902,36367
2022-01-31,Electrodomesticos,Sur,268844,60369
2023-08-15,Deportes,Centro,83039,23472
2022-02-21,Hogar,Norte,68182,22836
2024-02-26,Hogar,Centro,158794,37421
2023-04-21,Deportes,Norte,125014,47463
2022-05-27,Electrodomesticos,Norte,327915,60016
2024-08-08,Hogar,Norte,62635,16673
2022-07-04,Hogar,Centro,130527,28891
2024-04-03,Deportes,Sur,63299,21218
2022-03-16,Vestuario,Sur,72281,26293
2024-10-21,Tecnologia,Sur,221706,55781
2022-12-27,Electrodomesticos,Norte,165929,33879
2024-12-13,Electrodomesticos,Centro,185898,44001
2022-01-05,Deportes,Centro,92149,35832
2023-05-16,Electrodomesticos,Sur,226974,49099
2023-07-31,Vestuario,Sur,63870,18746
2023-12-17,Vestuario,Norte,61178,13439
2023-05-19,Hogar,Centro,105845,32823
2024-08-04,Electrodomesticos,Sur,149571,34025
2022-06-21,Vestuario,Sur,56337,19067
2022-05-26,Deportes,Sur,101991,26917
2022-06-13,Tecnologia,Centro,192387,41949
2023-04-28,Vestuario,Centro,60968,22774
2023-09-20,Hogar,Sur,109086,38620
2024-08-07,Vestuario,Centro,65656,26351
2022-09-18,Hogar,Norte,134973,34892
2022-03-29,Hogar,Centro,148776,43955
2023-09-10,Hogar,Centro,163391,37643
2024-06-20,Tecnologia,Sur,182984,45841
2024-11-11,Tecnologia,Centro,199079,53265
2023-06-28,Electrodomesticos,Norte,153758,22929
2023-11-25,Deportes,Centro,54481,15594
2023-02-14,Electrodomesticos,Sur,214669,43810
2023-12-25,Electrodomesticos,Sur,169582,35832
2022-09-06,Hogar,Norte,127570,37505
2024-09-08,Electrodomesticos,Centro,171258,38469
2024-11-20,Tecnologia,Centro,207935,53111
2023-12-16,Deportes,Centro,108126,36734
2022-03-28,Electrodomesticos,Sur,189605,39882
2023-08-22,Tecnologia,Centro,156535,41486
2023-01-31,Electrodomesticos,Norte,31665,7087
2022-09-20,Hogar,Norte,142582,47092
2023-04-07,Tecnologia,Sur,188836,47799
2023-08-07,Electrodomesticos,Norte,196055,33673
2024-06-12,Hogar,Centro,20052,6309
2022-06-02,Deportes,Norte,44229,15646
2022-01-20,Hogar,Sur,104553,25149
2022-09-10,Deportes,Sur,69094,21336
2023-03-24,Tecnologia,Sur,131554,33546
2022-08-15,Vestuario,Norte,73937,25021
2022-09-19,Deportes,Sur,70695,20286
2023-12-27,Hogar,Sur,153928,50742
2023-12-26,Vestuario,Centro,61719,24461
2024-04-16,Electrodomesticos,Centro,189335,38692
2024-10-17,Deportes,Centro,67064,23019
2023-05-28,Hogar,Norte,108274,35484
2023-12-14,Electrodomesticos,Norte,104313,24497
2024-11-21,Tecnologia,Norte,197606,63182
2022-09-09,Electrodomesticos,Norte,137419,28398
2022-02-02,Electrodomesticos,Centro,223638,42867
2022-04-10,Deportes,Sur,16806,4467
2022-04-21,Vestuario,Norte,42450,18061
2023-03-20,Hogar,Centro,67484,19472
2023-11-02,Deportes,Sur,81571,25460
2024-03-02,Deportes,Sur,44711,15336
2024-07-18,Electrodomesticos,Centro,217258,52013
2024-03-09,Electrodomesticos,Sur,194562,38356
2022-01-30,Vestuario,Centro,97195,44815
2024-03-02,Hogar,Norte,131135,43415
2024-11-27,Deportes,Sur,53794,17540
2024-08-27,Electrodomesticos,Sur,124358,22707
2023-08-06,Tecnologia,Centro,172831,45426
2023-05-09,Vestuario,Centro,52208,17271
2022-03-20,Tecnologia,Sur,197965,48281
2022-09-17,Electrodomesticos,Norte,253602,52140
2023-04-26,Tecnologia,Norte,117899,29425
2024-08-19,Hogar,Centro,149528,50613
2024-04-29,Hogar,Norte,164729,48464
2024-05-20,Vestuario,Sur,33116,13077
2023-05-17,Hogar,Sur,26578,7534
2022-02-28,Electrodomesticos,Centro,183034,43165
2022-02-20,Hogar,Sur,131407,34264
2023-07-04,Vestuario,Norte,15728,5682
2023-09-19,Hogar,Norte,117445,29380
2023-02-05,Electrodomesticos,Centro,203112,41694
2023-08-07,Deportes,Centro,107590,28134
2023-10-22,Deportes,Sur,61668,20621
2023-12-14,Deportes,Sur,59888,17825
2023-09-19,Vestuario,Centro,68243,23096
2024-09-11,Tecnologia,Centro,288481,70598
2024-06-08,Vestuario,Norte,50194,15313
2023-01-04,Vestuario,Sur,37642,13358
2022-05-23,Deportes,Centro,99639,31310
2024-02-09,Tecnologia,Sur,187310,48509
2023-01-24,Tecnologia,Centro,275107,76303
2023-02-13,Electrodomesticos,Sur,268458,64046
2024-07-27,Electrodomesticos,Norte,227353,49013
2024-01-09,Hogar,Sur,123971,32119
2024-08-30,Electrodomesticos,Sur,144437,27248
2022-11-30,Deportes,Norte,93961,28327
2023-06-22,Vestuario,Norte,57883,26205
2023-10-05,Deportes,Centro,65534,20101
2022-11-11,Tecnologia,Sur,135386,40648
2023-02-28,Hogar,Norte,153783,49590
2023-04-05,Deportes,Sur,110663,36690
2023-03-04,Hogar,Sur,109129,43942
2024-02-27,Electrodomesticos,Centro,206423,39609
2024-03-23,Vestuario,Sur,26353,10796
2024-03-17,Deportes,Norte,85245,24216
2023-05-15,Hogar,Norte,145914,41933
2023-08-19,Tecnologia,Norte,85699,23960
2023-10-24,Vestuario,Centro,52354,22541
2023-07-14,Vestuario,Norte,49725,20107
2022-02-05,Electrodomesticos,Sur,294001,55629
2023-04-13,Deportes,Centro,70506,18972
2023-04-28,Hogar,Centro,158094,40165
2023-04-18,Tecnologia,Sur,225991,59082
2024-01-17,Tecnologia,Sur,128815,31279
2023-11-10,Deportes,Sur,38632,8500
2024-07-10,Vestuario,Norte,45750,13738
2023-12-12,Vestuario,Sur,61087,20644
2022-02-12,Deportes,Norte,39216,11398
2023-02-07,Electrodomesticos,Sur,186229,38293
2024-02-27,Hogar,Norte,129949,39981
2022-01-04,Hogar,Centro,61383,19161
2022-12-31,Hogar,Sur,120397,26060
2022-07-17,Deportes,Centro,61328,23059
2022-04-21,Vestuario,Norte,43159,18293
2022-11-04,Hogar,Norte,93870,32529
2023-08-02,Hogar,Centro,159098,46235
2022-05-03,Tecnologia,Centro,142018,33389
2023-09-02,Vestuario,Sur,64132,24179
2022-01-03,Hogar,Centro,100955,32632
2024-03-24,Vestuario,Norte,56453,14739
2024-01-05,Electrodomesticos,Sur,181670,36660
2024-07-10,Vestuario,Sur,71143,28575
2023-11-26,Vestuario,Centro,42555,13448
2024-12-12,Vestuario,Centro,72864,31358
2024-03-15,Deportes,Sur,30293,9699
2024-10-22,Vestuario,Sur,71633,25266
2022-06-21,Vestuario,Norte,61144,16342
2023-09-01,Tecnologia,Sur,159870,38424
2024-10-05,Electrodomesticos,Sur,187585,31817
2024-12-15,Hogar,Sur,133826,38881
2023-03-21,Hogar,Sur,86336,28383
2023-07-28,Tecnologia,Norte,191623,63239
2023-09-11,Electrodomesticos,Sur,71283,14375
2024-10-08,Tecnologia,Centro,235473,56310
2024-12-27,Vestuario,Norte,71055,24293
2024-12-31,Hogar,Sur,156113,46248
2022-10-15,Electrodomesticos,Sur,206858,41880
2024-02-12,Hogar,Norte,162789,56565
2024-12-06,Hogar,Sur,122961,39014
2024-06-28,Vestuario,Sur,66619,27625
2024-12-11,Hogar,Centro,78860,26149
2024-02-24,Electrodomesticos,Sur,208149,40968
2024-02-27,Deportes,Norte,98813,31536
2022-11-03,Electrodomesticos,Sur,269813,65645
2023-09-01,Tecnologia,Centro,154042,31815
2022-07-31,Electrodomesticos,Sur,247791,41075
2022-04-09,Hogar,Centro,128224,43325
2024-04-08,Tecnologia,Norte,237041,69223
2022-06-20,Vestuario,Sur,60045,21093
2022-12-12,Deportes,Sur,68319,23001
2022-01-31,Tecnologia,Centro,94101,20637
2022-06-12,Deportes,Norte,81588,25204
2023-12-18,Tecnologia,Sur,219096,51558
2023-04-05,Tecnologia,Norte,237196,56343
2022-12-20,Vestuario,Norte,50619,20413
2024-03-27,Tecnologia,Norte,292429,90787
2022-04-13,Deportes,Norte,79053,26293
2024-06-21,Hogar,Centro,152772,48990
2024-02-01,Electrodomesticos,Centro,194220,33674
2022-10-09,Deportes,Centro,67391,18831
2023-12-21,Hogar,Centro,93637,31217
2023-03-12,Hogar,Sur,65905,20586
2024-03-31,Electrodomesticos,Norte,297739,64492
2023-12-18,Electrodomesticos,Centro,112366,22693
2023-02-24,Hogar,Norte,127842,43838
2022-11-27,Vestuario,Norte,39607,16520
2024-06-26,Electrodomesticos,Sur,185421,35857
2022-05-09,Vestuario,Norte,35852,12715
2023-11-26,Tecnologia,Sur,273152,74600
2023-01-20,Electrodomesticos,Centro,197920,45363
2023-09-05,Electrodomesticos,Centro,206465,40610
2022-09-16,Deportes,Norte,46563,14617
2024-10-25,Deportes,Centro,40360,11174
2024-07-19,Vestuario,Sur,77240,35927
2022-04-18,Hogar,Norte,96779,29934
2024-05-04,Deportes,Sur,76134,24326
2024-07-02,Electrodomesticos,Sur,202485,46441
2023-12-29,Deportes,Sur,34233,10962
2022-03-13,Deportes,Norte,86758,24508
2022-08-04,Vestuario,Sur,66478,25686
2024-10-31,Tecnologia,Norte,168352,56641
2023-11-24,Hogar,Norte,63477,18280
2022-02-03,Vestuario,Centro,46209,17366
2023-09-26,Hogar,Sur,16053,5161
2022-01-04,Electrodomesticos,Norte,140274,26027
2024-07-13,Tecnologia,Sur,225410,48075
2023-01-27,Hogar,Sur,127524,42901
2023-11-14,Tecnologia,Centro,225924,57664
2023-11-26,Deportes,Sur,51446,16666
2024-05-11,Deportes,Sur,72654,24949
2022-04-02,Electrodomesticos,Sur,207193,37924
2024-01-16,Vestuario,Sur,70905,28784
2024-07-04,Electrodomesticos,Sur,110798,19205
2023-12-19,Electrodomesticos,Norte,210689,47592
2022-03-20,Electrodomesticos,Centro,192863,44398
2022-11-28,Tecnologia,Centro,189506,46682
2024-07-01,Electrodomesticos,Norte,176167,38021
2024-06-01,Electrodomesticos,Centro,197363,40589
2023-11-28,Vestuario,Sur,91631,40368
2023-07-15,Tecnologia,Sur,214568,43526
2024-09-05,Tecnologia,Sur,205585,53453
2022-09-20,Vestuario,Centro,58652,22779
2023-03-12,Tecnologia,Sur,273580,82666
2022-03-20,Deportes,Centro,63415,21525
2023-12-30,Vestuario,Norte,57357,21518
2024-02-15,Tecnologia,Sur,163321,43719
2024-03-22,Vestuario,Norte,15000,5540
2024-03-18,Hogar,Sur,84181,27126
2024-06-30,Deportes,Sur,64925,12558
2022-02-26,Tecnologia,Sur,90886,24308
2023-03-26,Vestuario,Centro,87418,40604
2023-12-07,Tecnologia,Norte,225264,61388
2024-09-06,Vestuario,Centro,64676,25010
2023-10-03,Deportes,Norte,64343,19086
2024-05-09,Deportes,Centro,63709,18056
2022-04-10,Hogar,Centro,55104,13989
2024-12-10,Electrodomesticos,Norte,137778,21123
2022-10-18,Electrodomesticos,Centro,149992,33803
2024-06-17,Deportes,Centro,123316,37660
2023-11-22,Tecnologia,Sur,172499,53143
2022-11-30,Electrodomesticos,Sur,197493,31491
2024-07-27,Vestuario,Sur,48253,19669
2023-05-09,Hogar,Norte,108433,24605
2024-09-14,Vestuario,Sur,45169,19851
2022-04-24,Hogar,Sur,150366,44549
2023-09-11,Electrodomesticos,Sur,182448,40385
2023-05-14,Hogar,Centro,114967,41352
2023-12-25,Tecnologia,Sur,174522,43327
2022-03-19,Tecnologia,Centro,225397,63572
2023-01-25,Hogar,Centro,96409,28008
2023-11-14,Electrodomesticos,Centro,152798,32363
2024-07-02,Electrodomesticos,Sur,153312,25727
2022-03-08,Electrodomesticos,Norte,284886,53596
2023-03-22,Vestuario,Sur,54705,24367
2022-12-06,Deportes,Sur,86434,35045
2022-12-05,Deportes,Norte,79872,24496
2022-07-09,Deportes,Norte,83872,24650
2023-11-04,Deportes,Centro,77939,26538
2024-02-03,Vestuario,Centro,53594,20858
2024-07-05,Electrodomesticos,Centro,148182,25403
2023-06-04,Deportes,Centro,51792,19847
2022-11-04,Electrodomesticos,Norte,247089,47414
2022-07-30,Vestuario,Norte,71644,22204
2024-09-28,Electrodomesticos,Sur,214137,28679
2023-05-13,Deportes,Centro,75609,21358
2024-08-23,Electrodomesticos,Centro,146726,35631
2023-11-08,Tecnologia,Centro,260317,74905
2022-10-21,Vestuario,Norte,57446,21344
2023-12-30,Hogar,Sur,149000,36135
2023-02-06,Hogar,Sur,159812,60641
2022-01-18,Tecnologia,Centro,262476,60169
2024-11-07,Hogar,Norte,127078,43540
2022-04-06,Vestuario,Norte,58167,24307
2022-06-09,Hogar,Norte,78835,23976
2024-07-10,Hogar,Centro,131122,27883
2023-08-11,Tecnologia,Centro,250761,75126
2022-06-17,Tecnologia,Centro,135271,40571
2022-10-26,Electrodomesticos,Centro,197379,44069
2024-09-16,Tecnologia,Sur,227442,55854
2024-07-14,Deportes,Centro,56642,19651
2022-05-28,Hogar,Sur,72551,23852
2024-11-24,Electrodomesticos,Centro,197485,46025
2022-11-20,Electrodomesticos,Sur,119931,22808
2023-04-02,Electrodomesticos,Centro,230675,45253
2022-10-14,Deportes,Norte,103605,32684
2024-04-15,Hogar,Sur,99005,26730
2023-08-27,Deportes,Norte,50539,12715
2024-08-29,Deportes,Sur,74639,22515
2024-08-01,Vestuario,Sur,63807,17631
2024-02-05,Vestuario,Sur,74942,30368
2024-04-23,Tecnologia,Centro,202178,48998
2024-07-17,Tecnologia,Centro,155318,50467
2023-10-21,Tecnologia,Sur,202117,52011
2022-11-29,Electrodomesticos,Centro,284886,60259
2024-02-01,Tecnologia,Sur,222727,51997
2023-01-12,Hogar,Norte,205979,55538
2022-01-10,Tecnologia,Centro,243823,64631
2023-10-06,Electrodomesticos,Sur,205262,41940
2022-03-09,Deportes,Centro,78220,17864
2024-08-17,Hogar,Norte,88315,28895
2023-05-06,Tecnologia,Norte,201426,50838
2023-05-18,Hogar,Norte,105461,34903
2024-01-07,Electrodomesticos,Norte,159759,28430
2024-07-15,Vestuario,Centro,56201,17485
2024-10-17,Vestuario,Sur,52780,18510
2024-11-26,Electrodomesticos,Sur,208064,46664
2024-05-20,Deportes,Norte,73716,22415
2022-01-31,Electrodomesticos,Sur,221043,40580
2023-02-15,Tecnologia,Centro,251624,62130
2024-05-17,Deportes,Norte,45765,14206
2023-07-15,Hogar,Norte,103693,35125
2024-07-24,Tecnologia,Norte,280890,61779
2024-04-28,Hogar,Sur,106244,33944
2022-11-01,Hogar,Norte,96277,31202
2022-08-15,Hogar,Sur,108712,36248
2024-10-06,Electrodomesticos,Norte,128082,21633
2023-10-05,Tecnologia,Sur,264284,74335
2023-03-15,Deportes,Norte,89161,27539
2022-09-10,Tecnologia,Sur,204617,48687
2022-03-22,Hogar,Sur,134011,37764
2022-01-03,Deportes,Sur,76009,21947
2023-09-22,Vestuario,Norte,73281,28265
2024-03-09,Tecnologia,Sur,150193,41136
2022-04-25,Hogar,Centro,59946,20110
2022-07-31,Tecnologia,Centro,182921,40237
2023-03-15,Tecnologia,Norte,312784,79393
2024-10-04,Hogar,Norte,144528,39972
2023-01-26,Tecnologia,Norte,211266,51883
2023-05-11,Tecnologia,Norte,201142,53060
2024-08-08,Deportes,Sur,67873,19926
2023-02-02,Hogar,Norte,135461,46705
2024-11-21,Deportes,Centro,65806,21231
2023-09-08,Vestuario,Sur,49192,16193
2024-05-25,Deportes,Norte,66231,21650
2023-08-25,Deportes,Norte,104558,29320
2024-05-26,Deportes,Centro,15000,4906
2023-07-22,Tecnologia,Norte,120821,23955
2022-03-18,Vestuario,Norte,53583,21192
2023-10-03,Vestuario,Norte,71581,25514
2024-08-11,Tecnologia,Sur,132784,32377
2024-04-03,Hogar,Centro,134176,34792
2023-11-02,Hogar,Centro,119442,41385
2022-06-12,Hogar,Sur,145789,50354
2022-11-07,Electrodomesticos,Norte,197594,40146
2024-07-03,Deportes,Norte,74181,25642
2022-02-21,Tecnologia,Centro,241104,51097
2024-02-25,Vestuario,Sur,28220,11051
2024-09-06,Electrodomesticos,Sur,206068,37455
2023-08-12,Tecnologia,Norte,225562,47411
2023-12-16,Vestuario,Norte,52757,20407
2024-09-20,Deportes,Centro,89990,24651
2024-12-14,Deportes,Sur,52977,21239
2022-02-19,Deportes,Sur,70689,23075
2022-03-07,Hogar,Norte,158227,55265
2024-02-25,Hogar,Sur,30420,8562
2023-10-24,Electrodomesticos,Centro,240438,44117
2024-07-19,Electrodomesticos,Centro,162725,26759
2023-10-28,Electrodomesticos,Sur,215676,43618
2024-06-23,Hogar,Centro,137521,38807
2023-08-31,Tecnologia,Norte,239740,67418
2022-04-04,Deportes,Norte,120314,40089
2022-03-21,Tecnologia,Sur,217388,56175
2022-10-14,Hogar,Sur,103144,31337
2023-12-31,Electrodomesticos,Centro,216267,35847
2023-12-03,Deportes,Norte,62909,17591
2024-10-16,Hogar,Sur,130244,43326
2024-04-18,Electrodomesticos,Norte,264481,50542
2024-10-26,Tecnologia,Sur,139744,30063
2022-03-28,Deportes,Norte,110004,37286
2024-01-21,Vestuario,Centro,48146,20969
2023-10-03,Hogar,Sur,145481,34572
2024-09-18,Hogar,Centro,157708,46481
2022-07-07,Tecnologia,Centro,159354,40877
2022-07-10,Hogar,Norte,108994,32354
2023-01-11,Deportes,Sur,73426,24898
2023-03-24,Vestuario,Centro,53660,20811
2023-12-24,Tecnologia,Centro,235855,53050
2023-11-27,Tecnologia,Norte,215902,53814
2023-12-15,Hogar,Centro,52341,16298
2022-09-23,Electrodomesticos,Norte,173197,32775
2024-10-10,Hogar,Sur,86511,28051
2024-07-26,Hogar,Sur,72131,22250
2023-09-25,Vestuario,Sur,76155,31466
2023-06-30,Deportes,Sur,81890,25718
2023-06-27,Hogar,Sur,163830,45276
2024-08-01,Electrodomesticos,Centro,142813,27523
2023-06-17,Electrodomesticos,Centro,124408,24171
2023-02-24,Vestuario,Norte,71738,27572
2024-07-04,Tecnologia,Centro,259817,70865
2022-03-22,Electrodomesticos,Norte,196027,40275
2023-11-27,Tecnologia,Centro,105865,22022
2022-10-22,Tecnologia,Norte,234289,58532
2023-07-14,Electrodomesticos,Centro,140260,24054
2022-12-26,Hogar,Norte,62197,23784
2023-04-18,Electrodomesticos,Centro,92032,20819
2022-04-05,Tecnologia,Sur,158337,33240
2023-12-18,Tecnologia,Sur,170029,49363
2024-10-19,Electrodomesticos,Sur,175340,43247
2022-10-30,Tecnologia,Norte,228644,48062
2024-02-24,Deportes,Centro,129262,37245
2022-11-26,Hogar,Sur,50735,18517
2024-06-20,Tecnologia,Centro,328806,87172
2023-06-03,Vestuario,Norte,77094,31908
2022-02-26,Vestuario,Sur,72736,31060
2024-10-08,Electrodomesticos,Sur,125623,26607
2022-11-16,Vestuario,Centro,55585,20846
2023-05-27,Deportes,Sur,73278,24983
2023-06-05,Deportes,Centro,43638,15777
2024-03-02,Deportes,Norte,59296,19095
2023-12-02,Hogar,Norte,186477,57719
2024-03-01,Deportes,Centro,75518,21842
2022-10-17,Hogar,Norte,156509,53517
2023-12-15,Deportes,Centro,56596,20186
2024-03-30,Hogar,Sur,98064,25872
2022-12-19,Tecnologia,Sur,161372,31666
2023-09-23,Hogar,Sur,138328,47767
2024-07-13,Electrodomesticos,Norte,167394,36556
2022-10-05,Tecnologia,Centro,266212,78728
2023-06-08,Tecnologia,Sur,194100,40398
2024-02-09,Tecnologia,Sur,298526,73216
2024-07-18,Vestuario,Sur,78590,30836
2023-09-05,Hogar,Centro,158055,35535
2022-07-27,Electrodomesticos,Centro,184240,34944
2022-12-15,Electrodomesticos,Norte,93070,22200
2024-07-21,Vestuario,Centro,54428,19514
2022-09-20,Hogar,Norte,68120,15648
2024-02-25,Electrodomesticos,Sur,305635,49457
2022-04-23,Hogar,Sur,132973,39717
2024-01-26,Tecnologia,Sur,178801,51817
2022-11-14,Deportes,Sur,86670,28010
2024-08-23,Vestuario,Sur,59935,20002
2022-12-01,Hogar,Norte,104445,27844
2022-12-27,Electrodomesticos,Centro,145412,31812
2023-07-01,Tecnologia,Centro,117308,34188
2023-01-05,Deportes,Norte,92127,33488
2023-03-07,Deportes,Norte,69080,19109
2023-03-18,Electrodomesticos,Sur,238131,33168
2023-11-21,Hogar,Norte,110125,34578
2022-07-20,Vestuario,Sur,67270,23102
2022-03-10,Electrodomesticos,Sur,202489,40240
2023-10-25,Vestuario,Sur,42757,11973
2022-11-17,Deportes,Norte,62076,15667
2024-10-22,Vestuario,Sur,44908,19733
2022-05-19,Tecnologia,Norte,116685,29388
2023-02-04,Tecnologia,Sur,326810,81596
2022-04-20,Tecnologia,Centro,280365,67954
2023-04-05,Deportes,Centro,83998,29555
2022-01-15,Electrodomesticos,Centro,164720,32021
2024-05-17,Hogar,Sur,109154,34572
2023-08-20,Hogar,Norte,87949,28628
2023-08-11,Tecnologia,Norte,146614,34473
2024-09-17,Electrodomesticos,Norte,123925,24978
2023-06-12,Tecnologia,Norte,277425,75998
2022-05-01,Deportes,Norte,79844,23273
2024-08-24,Tecnologia,Centro,187387,38091
2023-09-27,Hogar,Centro,122325,36961
2022-10-13,Vestuario,Norte,82990,36777
2024-08-07,Electrodomesticos,Norte,182357,35805
2024-04-07,Tecnologia,Centro,259077,67423
2023-03-08,Vestuario,Centro,27213,9278
2023-01-15,Vestuario,Norte,52691,19430
2024-11-03,Tecnologia,Sur,185074,47258
2023-04-12,Vestuario,Centro,42051,15581
2022-01-12,Deportes,Sur,35265,12786
2024-12-18,Vestuario,Sur,37034,14240
2024-04-24,Hogar,Centro,181631,56397
2022-09-14,Electrodomesticos,Sur,140038,26919
2022-03-11,Hogar,Norte,91987,19109
2024-01-27,Electrodomesticos,Centro,135433,29837
2024-02-26,Tecnologia,Centro,59161,15579
2024-12-12,Deportes,Sur,70712,25928
2024-05-03,Vestuario,Sur,70327,32142
2024-09-14,Tecnologia,Sur,117126,36141
2023-12-30,Electrodomesticos,Centro,213967,42154
2024-08-20,Vestuario,Sur,65341,26114
2022-08-24,Deportes,Centro,97399,23871
2023-01-14,Tecnologia,Sur,291177,77137
2024-05-16,Hogar,Centro,101584,29027
2023-07-07,Hogar,Sur,104114,32618
2024-09-12,Hogar,Centro,126060,42337
2022-11-26,Tecnologia,Centro,145171,36379
2023-01-20,Tecnologia,Centro,232455,67229
2024-11-13,Hogar,Norte,102362,28520
2024-01-16,Vestuario,Sur,39663,14006
2022-12-19,Vestuario,Norte,57339,20250
2022-02-01,Vestuario,Centro,58646,20940
2024-08-31,Tecnologia,Centro,198806,46235
2023-11-12,Vestuario,Sur,68925,31070
2022-11-24,Hogar,Sur,111239,32021
2023-11-05,Hogar,Sur,83407,25046
2022-07-07,Tecnologia,Centro,225261,50387
2024-11-15,Vestuario,Norte,25405,10522
2022-10-05,Hogar,Centro,163408,49046
2023-05-08,Electrodomesticos,Norte,157660,35984
2024-07-11,Tecnologia,Sur,252069,63200
2024-12-31,Vestuario,Sur,33112,11565
2024-06-02,Electrodomesticos,Sur,232351,43359
2022-02-14,Electrodomesticos,Sur,190251,30339
2024-07-04,Vestuario,Centro,49128,15329
2022-12-08,Electrodomesticos,Centro,198436,40066
2023-04-15,Electrodomesticos,Centro,250365,40761
2023-03-04,Hogar,Centro,88026,29907
2023-04-01,Hogar,Norte,114519,31413
2023-06-18,Electrodomesticos,Centro,195484,41914
2022-07-12,Electrodomesticos,Sur,281808,49767
2022-10-10,Electrodomesticos,Centro,185288,43548
2023-02-11,Electrodomesticos,Norte,190985,37721
2024-06-20,Tecnologia,Sur,227551,59838
2023-10-31,Tecnologia,Norte,145145,36392
2022-05-27,Vestuario,Norte,31544,12142
2023-07-07,Electrodomesticos,Norte,185666,36985
2022-10-09,Hogar,Norte,44252,14082
2023-10-21,Tecnologia,Norte,143407,40624
2023-10-16,Tecnologia,Norte,204461,66617
2023-01-18,Vestuario,Sur,55041,20823
2023-11-27,Hogar,Norte,143031,36810
2022-01-16,Vestuario,Norte,59682,21250
2022-10-01,Vestuario,Sur,58070,18282
2022-07-15,Deportes,Sur,75133,24334
2023-07-02,Deportes,Sur,97765,29544
2022-12-04,Tecnologia,Norte,200502,49045
2022-11-12,Tecnologia,Norte,306833,77509
2023-07-15,Tecnologia,Norte,224002,61161
2023-01-03,Hogar,Centro,128209,40094
2022-02-24,Tecnologia,Centro,237417,60525
2024-03-24,Hogar,Centro,89498,25716
2022-03-31,Vestuario,Centro,65925,20543
2024-03-06,Hogar,Centro,70349,17911
2024-10-09,Electrodomesticos,Sur,106179,22379
2024-01-06,Tecnologia,Norte,234954,60133
2024-02-07,Electrodomesticos,Centro,151618,28460
2022-06-07,Deportes,Norte,71259,20489
2022-11-12,Tecnologia,Centro,98370,20900
2024-09-08,Tecnologia,Centro,219259,53109
2024-04-11,Vestuario,Sur,52380,17223
2022-02-05,Tecnologia,Centro,195080,47793
2023-07-13,Electrodomesticos,Sur,191045,34273
2023-01-28,Hogar,Sur,126596,34308
2022-08-20,Vestuario,Centro,41339,15704
2022-07-26,Electrodomesticos,Norte,127505,21194
2023-07-15,Deportes,Norte,65897,24690
2023-06-05,Deportes,Centro,95348,40034
2022-03-08,Vestuario,Sur,37572,11826
2022-05-14,Electrodomesticos,Norte,189709,41302
2022-08-22,Tecnologia,Centro,214883,57174
2023-09-13,Hogar,Sur,117649,41235
2024-07-10,Vestuario,Centro,55182,22924
2022-12-23,Vestuario,Sur,87090,30702
2022-11-25,Tecnologia,Sur,223300,64707
2024-01-01,Vestuario,Sur,23459,9201
2023-01-27,Hogar,Centro,120375,31229
2023-12-14,Deportes,Sur,83750,27972
2022-05-08,Hogar,Norte,114650,35866
2022-04-25,Hogar,Centro,95408,28839
2024-01-07,Electrodomesticos,Norte,226896,37940
2024-05-06,Tecnologia,Sur,221510,61841
2022-05-31,Electrodomesticos,Norte,126897,31482
2022-01-13,Hogar,Sur,56226,16872
2023-01-12,Electrodomesticos,Norte,92837,15907
2024-07-28,Vestuario,Sur,29737,11676
2024-07-11,Vestuario,Sur,31846,13572
2024-06-14,Deportes,Centro,54389,17317
2022-04-10,Electrodomesticos,Centro,213008,37480
2022-04-09,Electrodomesticos,Norte,222796,45021
2023-10-29,Vestuario,Centro,52177,13437
2022-10-02,Vestuario,Norte,42295,14873
2022-09-29,Electrodomesticos,Centro,194888,37306
2023-05-23,Hogar,Sur,100218,32733
2023-02-21,Electrodomesticos,Sur,97423,20288
2023-06-27,Electrodomesticos,Sur,139809,24286
2022-06-19,Hogar,Norte,55813,19731
2022-11-01,Hogar,Sur,122209,39081
2024-06-03,Hogar,Norte,105337,32472
2022-01-09,Deportes,Norte,111180,36933
2022-10-31,Electrodomesticos,Norte,123090,23277
2022-02-08,Hogar,Centro,136409,39803
2023-07-04,Electrodomesticos,Centro,180109,30262
2023-07-25,Deportes,Norte,88390,27787
2022-08-28,Vestuario,Centro,27097,10942
2023-12-20,Electrodomesticos,Centro,199758,37234
2024-06-22,Hogar,Centro,121955,39119
2024-11-22,Deportes,Centro,90245,30678
2024-04-02,Hogar,Centro,106783,34836
2022-03-01,Electrodomesticos,Sur,167250,36450
2023-09-18,Tecnologia,Norte,218520,45870
2022-04-08,Vestuario,Norte,48997,19371
2022-10-09,Vestuario,Norte,34314,14435
2023-12-07,Tecnologia,Norte,231383,57259
2023-01-24,Tecnologia,Norte,206004,58256
2022-02-25,Hogar,Norte,159759,41272
2023-06-01,Vestuario,Centro,61303,24569
2022-07-18,Electrodomesticos,Norte,149342,26704
2023-03-16,Deportes,Centro,53293,18398
2024-08-27,Deportes,Sur,107963,39643
2023-11-12,Hogar,Sur,141239,41220
2022-03-12,Deportes,Norte,42994,17550
2024-06-04,Vestuario,Norte,50646,20666
2024-05-30,Electrodomesticos,Sur,148716,34120
2023-06-18,Electrodomesticos,Sur,181185,34533
2023-11-09,Electrodomesticos,Norte,224645,44227
2023-10-16,Vestuario,Norte,70073,27215
2024-01-20,Hogar,Centro,109571,35400
2023-07-13,Electrodomesticos,Centro,189758,32848
2022-01-06,Vestuario,Sur,39768,13867
2023-09-11,Electrodomesticos,Norte,132540,33253
2024-09-16,Tecnologia,Sur,192747,48906
2023-08-27,Vestuario,Norte,49508,17041
2023-09-29,Tecnologia,Centro,199720,50741
2024-01-28,Hogar,Sur,134337,38529
2024-11-20,Vestuario,Centro,57136,19985
2023-10-02,Tecnologia,Norte,173149,43016
2023-03-15,Vestuario,Centro,73844,32415
2023-06-22,Hogar,Norte,103944,24745
2024-08-15,Tecnologia,Norte,137949,34551
2024-08-07,Hogar,Norte,134733,35295
2022-05-16,Deportes,Norte,98986,33453
2022-07-21,Vestuario,Norte,49841,20693
2023-03-08,Hogar,Centro,110615,30544
2024-06-13,Deportes,Centro,71524,21468
2024-07-05,Vestuario,Norte,60521,18818
2023-11-29,Tecnologia,Sur,368498,82805
2022-06-27,Deportes,Sur,104383,29498
2023-11-25,Vestuario,Centro,57955,17660
2023-04-18,Tecnologia,Norte,163401,40781
2022-09-17,Hogar,Norte,124355,34385
2024-11-27,Hogar,Norte,138124,42831
2022-09-18,Electrodomesticos,Sur,190981,42058
2022-10-23,Vestuario,Centro,40283,16177
2024-11-26,Electrodomesticos,Centro,226734,51492
2022-04-25,Deportes,Sur,113708,33981
2022-11-03,Tecnologia,Norte,140946,34657
2024-03-20,Hogar,Sur,37016,12854
2022-05-25,Deportes,Sur,54950,20392
2024-01-19,Tecnologia,Sur,161213,36958
2024-07-08,Tecnologia,Centro,226210,51250
2024-04-01,Hogar,Sur,104849,29288
2022-07-01,Electrodomesticos,Centro,29554,5532
2023-06-25,Tecnologia,Centro,141561,36414
2022-05-10,Deportes,Sur,69252,17553
2024-04-07,Hogar,Centro,53228,14884
2022-01-20,Electrodomesticos,Sur,166316,36632
2023-05-17,Hogar,Centro,154370,44134
2022-09-09,Vestuario,Sur,52945,20067
2022-11-08,Electrodomesticos,Norte,193361,38756
2023-02-16,Tecnologia,Centro,322853,102825
2022-06-26,Tecnologia,Norte,123113,32295
2024-02-19,Deportes,Centro,71966,21221
2023-05-09,Vestuario,Norte,42718,17306
2023-04-07,Electrodomesticos,Norte,261288,47245
2024-07-10,Hogar,Sur,81849,25825
2022-01-06,Deportes,Norte,69737,22871
2023-07-11,Hogar,Norte,136949,51035
2024-08-28,Electrodomesticos,Sur,68869,14292
2024-11-28,Electrodomesticos,Norte,136823,25641
2023-03-23,Electrodomesticos,Norte,181385,41947
2022-10-04,Vestuario,Norte,31154,12530
2024-08-07,Hogar,Centro,145603,43167
2024-08-31,Tecnologia,Centro,308080,67402
2024-02-29,Deportes,Norte,72709,20462
2024-10-29,Hogar,Sur,46739,13420
2024-04-11,Hogar,Sur,128062,34873
2022-02-12,Electrodomesticos,Centro,100017,15426
2022-04-21,Hogar,Norte,91669,29027
2022-04-17,Vestuario,Sur,51501,17559
2024-02-02,Electrodomesticos,Norte,164414,23625
2024-08-02,Deportes,Norte,79548,31889
2022-11-23,Deportes,Centro,67299,23940
2023-10-18,Electrodomesticos,Centro,252779,54926
2023-03-15,Deportes,Centro,38505,9920
2022-08-17,Electrodomesticos,Centro,176643,31116
2024-11-26,Electrodomesticos,Norte,160068,36134
2023-10-08,Vestuario,Centro,47624,21771
2024-06-10,Electrodomesticos,Norte,135889,28405
2023-01-26,Hogar,Sur,112220,23354
2024-07-21,Tecnologia,Sur,276213,53948
2023-10-27,Electrodomesticos,Norte,258577,65144
2022-08-04,Tecnologia,Norte,155155,34099
2024-02-15,Electrodomesticos,Centro,197862,48845
2023-07-25,Tecnologia,Norte,129865,38322
2022-07-22,Deportes,Norte,42563,12873
2024-04-26,Tecnologia,Sur,149944,42072
2022-03-04,Electrodomesticos,Norte,201565,43443
2024-05-02,Tecnologia,Centro,132259,30188
2022-10-28,Hogar,Norte,81432,26585
2024-08-27,Tecnologia,Norte,193843,49792
2023-11-30,Deportes,Norte,114357,32668
2023-09-22,Vestuario,Norte,58572,23409
2022-08-09,Electrodomesticos,Norte,158315,28182
2024-06-18,Tecnologia,Sur,193597,48909
2024-01-12,Hogar,Norte,75904,26603
2024-01-21,Vestuario,Norte,35805,12721
2023-05-27,Hogar,Centro,67228,20821
2023-08-07,Hogar,Norte,122095,34055
2022-10-31,Vestuario,Sur,51912,19558
2022-10-30,Vestuario,Norte,62822,24746
2022-06-18,Hogar,Centro,114787,33253
2023-09-21,Tecnologia,Sur,231841,58342
2022-12-13,Hogar,Sur,129879,43561
2024-02-18,Vestuario,Norte,42972,17172
2024-03-24,Hogar,Norte,119074,33717
2023-07-03,Deportes,Sur,85847,30851
2024-09-22,Tecnologia,Centro,213480,48257
2022-08-19,Hogar,Norte,129246,40987
2022-07-23,Deportes,Sur,82793,29466
2022-04-01,Tecnologia,Centro,234487,60543
2022-07-08,Tecnologia,Norte,178887,38350
2022-10-14,Vestuario,Norte,42717,12723
2022-10-04,Electrodomesticos,Centro,285159,60837
2023-05-03,Electrodomesticos,Sur,160827,33996
2024-02-26,Tecnologia,Centro,201596,40776
2023-04-03,Vestuario,Sur,24302,7209
2024-12-19,Vestuario,Sur,44960,18778
2024-02-17,Vestuario,Norte,50183,20789
2023-08-17,Vestuario,Centro,65039,21541
2024-09-28,Deportes,Centro,53315,17450
2023-04-14,Vestuario,Norte,62669,20104
2024-09-15,Hogar,Centro,76475,24746
2024-08-19,Vestuario,Centro,59019,23558
2022-07-01,Tecnologia,Centro,228211,65951
2022-12-17,Vestuario,Centro,65961,22747
2023-06-28,Hogar,Centro,106799,34563
2023-06-26,Hogar,Norte,127168,40043
2022-07-22,Vestuario,Centro,40203,15951
2022-12-09,Vestuario,Norte,73105,25685
2022-07-16,Deportes,Sur,99909,28397
2024-08-16,Tecnologia,Sur,220799,49806
2024-03-20,Electrodomesticos,Norte,169225,34994
2023-01-24,Vestuario,Norte,47585,17275
2024-06-25,Tecnologia,Centro,182901,43867
2024-07-15,Hogar,Sur,93268,27354
2022-11-14,Tecnologia,Sur,204001,53618
2023-12-31,Vestuario,Centro,58487,22698
2023-07-17,Tecnologia,Sur,234691,51271
2023-06-15,Tecnologia,Sur,315692,73076
2024-06-24,Vestuario,Norte,55862,18014
2023-01-08,Tecnologia,Sur,266383,71743
2024-01-16,Deportes,Sur,33988,10646
2022-05-16,Deportes,Centro,70251,23049
2022-04-08,Vestuario,Centro,55790,18241
2024-04-01,Electrodomesticos,Norte,161614,25715
2024-10-16,Deportes,Centro,74855,29923
2024-06-01,Vestuario,Centro,38157,13208
2022-03-30,Deportes,Centro,80010,21847
2022-02-28,Vestuario,Sur,43868,16115
2024-04-16,Hogar,Sur,106200,36051
2023-06-16,Hogar,Centro,166752,49759
2022-06-07,Deportes,Norte,20917,4892
2023-03-15,Deportes,Sur,102123,26505
2022-03-16,Hogar,Norte,139075,44231
2022-09-15,Hogar,Norte,180233,42487
2022-07-26,Tecnologia,Sur,155323,39957
2023-10-01,Deportes,Centro,83020,23288
2023-10-15,Electrodomesticos,Norte,184490,27177
2023-11-04,Tecnologia,Norte,152021,41459
2024-10-15,Electrodomesticos,Centro,217354,37553
2022-11-15,Deportes,Sur,65027,23957
2024-01-23,Electrodomesticos,Norte,52604,9659
2024-07-07,Vestuario,Sur,41561,16330
2024-11-20,Hogar,Sur,139346,38323
2023-11-05,Vestuario,Norte,74897,28880
2024-12-14,Deportes,Sur,91427,30328
2022-02-06,Electrodomesticos,Sur,213848,52615
2022-01-20,Deportes,Sur,48931,14811
2024-06-19,Tecnologia,Norte,152235,35372
2023-09-14,Hogar,Norte,130636,38069
2023-12-06,Deportes,Centro,84491,31855
2023-01-27,Electrodomesticos,Sur,176632,31331
2024-04-09,Tecnologia,Centro,263640,71507
2024-06-20,Deportes,Norte,81321,21964
2024-01-19,Electrodomesticos,Centro,45412,8371
2024-12-14,Deportes,Norte,59688,24429
2023-12-02,Hogar,Sur,159183,43264
2023-07-26,Tecnologia,Centro,294537,69299
2024-12-04,Vestuario,Norte,69239,25787
2022-12-11,Electrodomesticos,Norte,165367,37311
2022-08-15,Electrodomesticos,Norte,246990,57259
2023-03-23,Hogar,Centro,112047,29497
2022-02-14,Hogar,Norte,138250,33828
2024-06-21,Vestuario,Norte,18555,6421
2024-07-03,Hogar,Norte,159501,52208
2022-06-26,Deportes,Norte,74330,26625
2022-04-04,Electrodomesticos,Centro,196407,37021
2022-03-05,Tecnologia,Norte,183128,44842
2024-12-03,Tecnologia,Centro,220444,52470
2022-07-05,Electrodomesticos,Norte,71385,15471
2024-05-05,Electrodomesticos,Sur,236869,47900
2024-05-02,Deportes,Sur,104679,38309
2022-10-03,Hogar,Norte,60700,21334
2022-11-26,Tecnologia,Norte,153023,36027
2022-04-23,Electrodomesticos,Centro,187663,32876
2023-12-12,Electrodomesticos,Norte,144925,23763
2022-04-15,Deportes,Norte,67053,23173
2024-09-23,Vestuario,Centro,57339,19795
2023-02-02,Vestuario,Norte,24759,10570
2023-11-03,Electrodomesticos,Centro,150531,28452
2022-06-16,Hogar,Centro,175752,63420
2022-08-06,Deportes,Centro,76963,23915
2023-12-07,Vestuario,Norte,75600,20546
2024-08-23,Vestuario,Centro,54602,20532
2024-02-03,Electrodomesticos,Centro,178237,33907
2024-06-01,Deportes,Sur,21648,6734
2024-06-01,Tecnologia,Sur,224409,59779
2024-01-30,Tecnologia,Sur,189042,47581
2023-08-19,Hogar,Norte,77910,25401
2024-01-24,Hogar,Norte,89623,28653
2024-04-17,Vestuario,Norte,70578,29875
2023-08-08,Deportes,Norte,65016,21110
2022-10-07,Tecnologia,Sur,252025,53750
2024-09-29,Vestuario,Sur,57034,24111
2022-06-06,Hogar,Norte,180169,51938
2022-05-25,Hogar,Norte,80547,22833
2022-03-02,Vestuario,Norte,97380,30300
2024-06-05,Vestuario,Centro,40091,17371
2022-10-19,Vestuario,Norte,56500,23598
2022-09-09,Electrodomesticos,Sur,228495,41849
2022-08-07,Vestuario,Norte,90010,30273
2023-03-22,Hogar,Norte,131822,43796
2023-02-10,Vestuario,Sur,63030,25825
2023-01-31,Electrodomesticos,Norte,238649,47094
2023-10-09,Hogar,Centro,142386,48647
2022-04-29,Deportes,Norte,77222,12780
2023-05-13,Deportes,Norte,41638,13026
2022-03-28,Deportes,Norte,90437,26569
2023-01-22,Electrodomesticos,Sur,245785,44930
2024-06-07,Vestuario,Norte,83171,30283
2024-05-18,Hogar,Centro,178331,61895
2024-01-23,Tecnologia,Sur,229729,61163
2022-11-28,Deportes,Norte,57793,15285
2024-02-11,Hogar,Sur,66393,19020
2024-04-23,Electrodomesticos,Sur,200674,35503
2023-07-24,Tecnologia,Centro,93535,17948
2024-12-24,Electrodomesticos,Centro,255358,54942
2022-04-15,Tecnologia,Norte,200319,50153
2024-09-25,Electrodomesticos,Norte,187811,41129
2024-01-07,Tecnologia,Centro,99511,27719
2023-09-10,Electrodomesticos,Centro,225218,46705
2022-10-28,Deportes,Norte,103599,35622
2024-12-09,Deportes,Centro,87442,30417
2024-06-25,Hogar,Sur,136498,44458
2023-03-28,Hogar,Norte,65485,17593
2024-03-24,Vestuario,Sur,41605,16184
2022-07-29,Vestuario,Centro,61492,22091
2022-08-08,Tecnologia,Norte,288144,89989
2023-09-13,Hogar,Centro,122692,33846
2024-12-05,Deportes,Sur,56313,17649
2022-01-28,Tecnologia,Norte,199013,50119
2022-08-15,Hogar,Centro,139302,42644
2024-02-29,Tecnologia,Sur,264279,63722
2023-01-18,Tecnologia,Norte,164237,49200
2024-02-15,Vestuario,Centro,36992,17239
2023-12-16,Hogar,Sur,71561,22966
2023-10-31,Hogar,Norte,101433,32152
2022-06-17,Deportes,Centro,81129,28858
2024-05-27,Hogar,Norte,81041,21785
2024-05-12,Tecnologia,Sur,269837,61652
2023-03-25,Vestuario,Sur,51106,17883
2024-09-07,Deportes,Sur,98834,25354
2024-10-01,Hogar,Norte,145361,41840
2023-12-25,Tecnologia,Centro,312134,70281
2022-01-29,Deportes,Centro,89179,30662
2024-07-20,Vestuario,Norte,72862,26375
2022-09-16,Electrodomesticos,Sur,165959,33373
2023-12-31,Tecnologia,Centro,112470,27703
2022-02-18,Vestuario,Sur,68296,24988
2022-06-03,Hogar,Centro,140747,36823
2023-12-31,Deportes,Sur,73462,22845
2022-07-11,Tecnologia,Norte,127319,39133
2023-03-23,Electrodomesticos,Centro,146452,25727
2023-10-20,Tecnologia,Sur,108516,27963
2024-10-07,Tecnologia,Sur,181502,41020
2022-06-07,Vestuario,Norte,70153,22585
2023-02-03,Electrodomesticos,Norte,230854,49666
2024-01-05,Tecnologia,Centro,245718,53136
2023-11-26,Vestuario,Norte,65499,23320
2022-07-03,Tecnologia,Centro,180413,48158
2024-04-19,Hogar,Norte,94032,30745
2023-03-23,Vestuario,Norte,35213,13586
2023-02-01,Hogar,Norte,64706,17409
2023-08-19,Hogar,Sur,120391,38444
2023-09-25,Vestuario,Centro,74051,22152
2023-01-22,Electrodomesticos,Sur,178805,33562
2024-03-31,Hogar,Centro,131613,50398
2024-02-26,Tecnologia,Centro,248169,57533
2024-05-31,Tecnologia,Norte,160454,37033
2024-02-01,Tecnologia,Norte,187417,47938
2023-01-31,Vestuario,Sur,56345,23571
2024-02-12,Electrodomesticos,Centro,90992,20429
2022-10-06,Electrodomesticos,Centro,139577,28041
2023-08-19,Deportes,Centro,71899,18778
2022-05-28,Hogar,Sur,77503,21974
2022-03-14,Deportes,Centro,29019,11443
2024-03-23,Hogar,Norte,147033,51100
2023-10-24,Tecnologia,Norte,145970,35608
2024-09-26,Hogar,Sur,160754,53639
2023-06-05,Deportes,Norte,45501,14883
2024-12-24,Tecnologia,Sur,141291,36304
2024-02-22,Electrodomesticos,Norte,238998,46039
2022-04-21,Tecnologia,Sur,350662,84557
2024-07-19,Electrodomesticos,Norte,152027,28601
2024-07-05,Deportes,Sur,104357,28899
2023-10-02,Hogar,Sur,67894,16496
2022-10-10,Tecnologia,Centro,221544,45601
2024-03-01,Tecnologia,Sur,112463,25442
2023-09-06,Deportes,Centro,70172,16923
2023-12-14,Hogar,Norte,80717,18797
2023-07-19,Tecnologia,Norte,244766,53651
2024-08-26,Vestuario,Sur,49347,16637
2024-07-11,Hogar,Sur,81015,21754
2023-11-19,Deportes,Centro,79272,25221
2024-04-27,Tecnologia,Norte,264366,68460
2022-12-13,Electrodomesticos,Norte,154969,39779
2023-04-06,Tecnologia,Sur,122555,23922
2022-04-20,Hogar,Sur,89522,31973
2024-04-02,Vestuario,Sur,47302,18925
2022-05-08,Tecnologia,Norte,245616,69309
2024-09-11,Deportes,Norte,90655,31188
2023-01-25,Vestuario,Centro,52776,21759
2024-01-16,Tecnologia,Centro,222966,44285
2022-05-19,Hogar,Sur,52025,13886
2023-09-14,Electrodomesticos,Norte,238065,48155
2024-09-22,Tecnologia,Norte,247544,51905
2023-10-24,Vestuario,Centro,67720,26123
2022-08-24,Tecnologia,Centro,143536,29756
2022-06-13,Tecnologia,Sur,250449,59031
2024-05-04,Hogar,Sur,152322,46231
2022-11-13,Vestuario,Norte,43430,15927
2024-05-14,Vestuario,Centro,104017,33764
2024-04-30,Deportes,Centro,60872,22037
2023-02-18,Vestuario,Norte,45075,19219
2023-07-29,Vestuario,Centro,62274,17924
2022-11-16,Electrodomesticos,Centro,198501,31148
2024-05-07,Deportes,Centro,92558,31576
2022-10-07,Deportes,Centro,70892,25378
2024-09-30,Tecnologia,Centro,232553,63595
2023-02-16,Electrodomesticos,Centro,216229,48570
2023-06-26,Tecnologia,Centro,207930,48220
2022-10-30,Vestuario,Centro,50325,15718
2022-12-20,Hogar,Sur,147607,43859
2023-07-06,Electrodomesticos,Centro,176363,36613
2023-11-10,Hogar,Norte,151283,37253
2022-05-19,Electrodomesticos,Centro,159930,39271
2022-09-22,Deportes,Centro,47151,15116
2022-03-04,Hogar,Norte,94344,33852
2023-11-05,Vestuario,Norte,50679,23144
2023-11-12,Hogar,Centro,70849,22289
2024-11-01,Tecnologia,Sur,262411,56171
2022-01-23,Electrodomesticos,Centro,234854,36226
2023-11-28,Tecnologia,Centro,193651,52848
2023-02-09,Vestuario,Sur,40977,12963
2024-02-21,Deportes,Norte,15000,3614
2024-01-20,Electrodomesticos,Centro,233986,41962
2024-05-17,Vestuario,Centro,25597,10469
2024-07-07,Vestuario,Centro,60781,22977
2024-06-16,Hogar,Sur,78979,26366
2022-02-04,Tecnologia,Norte,212404,42798
2024-01-25,Electrodomesticos,Centro,121106,23796
2022-06-27,Electrodomesticos,Centro,192276,40594
2024-12-21,Hogar,Sur,95390,22465
2023-05-10,Vestuario,Norte,66305,20741
2022-10-29,Hogar,Norte,107446,34550
2022-08-23,Vestuario,Centro,48373,19363
2023-12-08,Vestuario,Norte,87428,36146
2022-03-12,Deportes,Norte,77108,22650
2022-10-20,Vestuario,Centro,30235,11782
2022-01-16,Tecnologia,Norte,177611,40528
2022-08-21,Deportes,Centro,28441,10864
2022-01-02,Deportes,Norte,68820,19880
2022-03-21,Electrodomesticos,Norte,265440,45696
2024-04-25,Deportes,Centro,15677,5197
2024-10-05,Tecnologia,Centro,189292,47868
2024-02-08,Deportes,Norte,71976,29419
2023-03-29,Vestuario,Norte,38413,11680
2023-03-19,Deportes,Norte,98732,31735
2023-08-05,Hogar,Sur,103043,27704
2024-08-16,Hogar,Centro,92781,32936
2023-05-19,Hogar,Centro,77502,23486
2024-09-07,Hogar,Centro,87103,23122
2024-12-07,Deportes,Sur,28344,7250
2023-03-19,Tecnologia,Centro,139054,37073
2024-12-23,Tecnologia,Sur,210159,52850
2024-04-06,Electrodomesticos,Centro,236006,46657
2022-07-30,Deportes,Centro,94832,27114
2023-08-02,Hogar,Norte,60212,18518
2022-11-28,Electrodomesticos,Sur,169318,33758
2022-08-18,Electrodomesticos,Norte,319148,66610
2023-12-28,Hogar,Centro,129939,28302
2024-08-28,Vestuario,Centro,73115,25086
2024-09-04,Vestuario,Sur,33276,8807
2023-02-06,Electrodomesticos,Sur,142466,28685
2022-03-01,Electrodomesticos,Centro,230517,41468
2022-11-26,Tecnologia,Sur,189505,54415
2022-07-08,Electrodomesticos,Sur,201995,39228
2023-12-06,Tecnologia,Norte,239932,53826
2022-10-21,Vestuario,Sur,41819,13892
2023-11-20,Electrodomesticos,Norte,218354,41316
2022-11-27,Tecnologia,Centro,199464,50692
2024-09-11,Electrodomesticos,Norte,205448,43466
2022-05-14,Deportes,Centro,89543,30386
2023-10-26,Hogar,Sur,112392,27797
2024-10-21,Tecnologia,Norte,209802,56282
2023-06-13,Vestuario,Sur,64899,17404
2022-05-24,Tecnologia,Centro,153553,33630
2023-07-09,Electrodomesticos,Norte,252237,47093
2023-03-25,Hogar,Norte,168231,50475
2023-02-01,Vestuario,Norte,54852,22458
2024-08-12,Hogar,Norte,138214,34483
2024-12-06,Electrodomesticos,Centro,144526,29357
2024-06-17,Hogar,Norte,129218,39231
2024-06-16,Electrodomesticos,Sur,251894,54905
2024-09-06,Vestuario,Norte,51317,23580
2022-03-25,Tecnologia,Centro,211381,47009
2024-12-21,Deportes,Centro,40907,14488
2023-12-26,Tecnologia,Norte,265035,59653
2022-12-05,Tecnologia,Norte,243897,64064
2024-09-17,Deportes,Norte,72941,22454
2022-05-24,Vestuario,Norte,73530,27883
2024-12-03,Electrodomesticos,Sur,192378,40464
2023-02-28,Hogar,Centro,79363,22768
2023-05-02,Vestuario,Norte,41362,14093
2022-10-27,Hogar,Norte,134875,36763
2023-04-07,Tecnologia,Sur,162606,37919
2024-01-17,Vestuario,Norte,51746,20735
2024-10-31,Hogar,Norte,138186,45557
2023-09-03,Hogar,Norte,96375,28185
2023-12-07,Deportes,Centro,72071,20897
2024-08-26,Deportes,Sur,75857,26045
2023-03-15,Deportes,Centro,77244,22865
2023-12-25,Vestuario,Centro,38225,16530
2023-08-28,Tecnologia,Norte,173412,41177
2022-12-14,Tecnologia,Sur,284877,77989
2022-04-20,Tecnologia,Centro,114991,24432
2023-07-05,Vestuario,Norte,48367,20482
2023-10-21,Hogar,Sur,89809,30576
2024-07-06,Deportes,Sur,87985,32493
2022-07-17,Deportes,Norte,55215,16795
2023-10-10,Tecnologia,Sur,198281,48233
2024-07-09,Deportes,Centro,15000,5732
2022-11-18,Deportes,Norte,69451,24472
2023-09-27,Hogar,Sur,133079,49989
2024-03-26,Electrodomesticos,Norte,117175,21012
2023-11-12,Tecnologia,Norte,131078,31136
2024-08-28,Deportes,Sur,110131,32977
2022-12-20,Tecnologia,Sur,188343,45789
2023-04-30,Deportes,Sur,67780,21821
2024-12-23,Tecnologia,Norte,190169,52201
2024-05-07,Hogar,Centro,83892,26749
2023-02-19,Vestuario,Sur,67474,23713
2023-02-17,Vestuario,Norte,58615,27561
2022-09-02,Hogar,Sur,102641,30073
2022-10-21,Hogar,Centro,28612,8926
2022-04-17,Hogar,Norte,110539,37422
2024-09-13,Deportes,Sur,80239,26168
2023-07-07,Deportes,Sur,59152,20071
2023-08-20,Vestuario,Norte,93330,35134
2022-02-08,Deportes,Norte,56152,16150
2024-05-17,Hogar,Centro,78341,20642
2024-02-16,Vestuario,Norte,66173,25588
2022-01-06,Tecnologia,Centro,250999,62519
2022-07-02,Electrodomesticos,Sur,188061,37834
2024-09-04,Hogar,Centro,114158,34919
2023-09-05,Vestuario,Norte,44661,18604
2024-09-15,Electrodomesticos,Norte,315972,55686
2024-12-23,Tecnologia,Sur,233461,63439
2022-11-19,Deportes,Norte,64337,19857
2023-01-11,Tecnologia,Norte,215510,59854
2023-05-26,Tecnologia,Centro,148528,37605
2022-11-08,Deportes,Norte,74044,22467
2023-07-14,Tecnologia,Norte,265305,76725
2023-10-27,Tecnologia,Sur,183035,47485
2023-07-30,Deportes,Sur,50989,17971
2024-04-14,Electrodomesticos,Norte,143859,25473
2024-08-03,Hogar,Sur,131478,35946
2024-03-04,Hogar,Norte,124232,42158
2022-02-25,Electrodomesticos,Centro,189354,37877
2023-06-19,Tecnologia,Sur,143839,35148
2023-03-31,Electrodomesticos,Sur,333939,78779
2023-10-16,Electrodomesticos,Centro,132633,26896
2024-05-11,Electrodomesticos,Norte,192745,34359
2022-11-07,Electrodomesticos,Centro,231946,41118
2024-01-16,Deportes,Sur,55145,20064
2024-10-20,Electrodomesticos,Norte,248390,38150
2023-08-08,Tecnologia,Centro,234932,55224
2022-09-17,Deportes,Norte,107627,31459
2022-01-19,Electrodomesticos,Centro,203731,35539
2023-11-08,Hogar,Sur,188162,58312
2022-09-19,Tecnologia,Sur,225198,57334
2022-11-18,Hogar,Sur,71174,22776
2023-09-14,Tecnologia,Norte,160149,40142
2024-11-26,Vestuario,Norte,63456,28103
2022-07-27,Vestuario,Norte,40710,14088
2023-11-08,Tecnologia,Centro,133526,34111
2023-01-01,Deportes,Sur,60186,18417
2024-05-25,Vestuario,Sur,46391,16426
2024-10-09,Hogar,Centro,69753,20840
2024-03-04,Vestuario,Sur,58639,23840
2022-07-30,Vestuario,Sur,62572,26159
2022-05-30,Vestuario,Centro,31289,12496
2022-10-29,Vestuario,Norte,55623,21573
2022-04-16,Tecnologia,Norte,234089,63738
2023-05-16,Tecnologia,Norte,188177,46497
2023-12-12,Vestuario,Sur,73638,29214
2022-12-18,Electrodomesticos,Centro,262205,42155
2022-12-28,Electrodomesticos,Sur,214314,38564
2022-07-14,Electrodomesticos,Sur,174481,26598
2022-07-18,Tecnologia,Norte,217704,42934
2022-12-09,Tecnologia,Norte,239953,50898
2022-08-21,Hogar,Sur,59853,17197
2024-07-09,Vestuario,Sur,51332,19937
2023-09-08,Hogar,Norte,207969,61933
2024-03-28,Tecnologia,Sur,285107,83833
2023-05-25,Electrodomesticos,Sur,222642,46496
2022-07-06,Hogar,Sur,97199,27055
2024-06-13,Electrodomesticos,Sur,294030,56374
2024-06-02,Electrodomesticos,Sur,120652,22819
2024-12-28,Vestuario,Centro,63220,27447
2022-11-19,Deportes,Centro,74407,22576
2024-10-17,Tecnologia,Norte,218015,48933
2022-09-20,Tecnologia,Centro,286121,70890
2023-05-24,Electrodomesticos,Norte,213668,49873
2023-01-15,Hogar,Sur,107652,38231
2023-03-13,Electrodomesticos,Norte,159575,28814
2022-08-12,Hogar,Centro,76040,21783
2023-08-14,Hogar,Centro,152407,40519
2024-10-09,Tecnologia,Sur,135881,31309
2023-07-19,Deportes,Sur,71273,23678
2024-12-15,Vestuario,Sur,63282,19156
2022-06-28,Electrodomesticos,Sur,220833,46312
2024-11-17,Vestuario,Sur,53514,20822
2022-06-13,Vestuario,Norte,51162,23103
2024-08-20,Deportes,Sur,31527,8385
2024-08-22,Tecnologia,Centro,122727,27703
2022-11-16,Hogar,Sur,99682,26496
2022-09-29,Tecnologia,Norte,304778,77645
2024-06-23,Vestuario,Norte,46524,17288
2023-05-03,Hogar,Sur,107313,34753
2023-09-19,Vestuario,Norte,28540,11112
2022-10-18,Tecnologia,Norte,138376,34244
2024-01-21,Hogar,Sur,104169,26274
2022-04-28,Vestuario,Sur,58615,19633
2024-02-29,Hogar,Sur,117517,41116
2022-11-19,Tecnologia,Centro,115671,25085
2022-02-02,Vestuario,Sur,67026,20868
2023-09-29,Deportes,Centro,99211,31707
2022-04-29,Vestuario,Norte,38645,13477
2022-05-15,Tecnologia,Norte,186680,52615
2022-06-22,Electrodomesticos,Centro,191405,38894
2024-03-18,Electrodomesticos,Norte,155813,25116
2023-03-27,Electrodomesticos,Sur,293159,48735
2024-05-13,Vestuario,Centro,57915,22614
2022-04-02,Deportes,Norte,94052,31774
2022-01-24,Deportes,Norte,70020,26928
2022-08-25,Deportes,Sur,75981,24832
2023-12-21,Electrodomesticos,Sur,225760,44421
2024-08-29,Vestuario,Centro,62023,24063
2023-04-11,Electrodomesticos,Centro,162470,22484
2022-03-09,Tecnologia,Norte,179909,53574
2023-11-04,Electrodomesticos,Centro,198981,39808
2023-07-29,Tecnologia,Norte,164088,43899
2022-06-01,Tecnologia,Centro,184449,44897
2024-08-30,Vestuario,Centro,47779,19156
2022-08-07,Tecnologia,Centro,167372,36648
2024-05-17,Vestuario,Norte,33678,14430
2023-02-21,Electrodomesticos,Norte,210400,44805
2023-04-13,Deportes,Centro,71657,20942
2022-12-29,Electrodomesticos,Centro,177427,35017
2023-05-06,Deportes,Norte,40381,13323
2024-05-15,Deportes,Sur,62643,18427
2024-10-09,Tecnologia,Centro,216085,64439
2024-01-06,Deportes,Sur,52018,19612
2023-03-03,Hogar,Norte,112417,31873
2023-02-05,Electrodomesticos,Centro,184231,36211
2022-10-17,Vestuario,Sur,29737,10514
2023-01-12,Tecnologia,Centro,158907,37652
2022-02-11,Electrodomesticos,Centro,251238,52417
2022-10-06,Deportes,Sur,124464,41010
2022-03-19,Vestuario,Centro,45286,17820
2024-01-30,Vestuario,Norte,35387,14737
2023-08-15,Deportes,Sur,100442,28598
2024-02-04,Hogar,Sur,89423,25643
2024-05-13,Electrodomesticos,Sur,272536,61719
2022-11-20,Hogar,Norte,127384,51595
2023-06-27,Hogar,Sur,87917,29922
2022-12-11,Electrodomesticos,Centro,168982,39076
2022-06-21,Vestuario,Norte,31972,12303
2024-01-12,Tecnologia,Norte,229821,67304
2023-04-01,Hogar,Centro,86440,32472
2024-05-07,Hogar,Sur,112994,35471
2023-08-20,Hogar,Norte,93353,32079
2022-07-24,Deportes,Centro,77880,24164
2023-09-03,Hogar,Norte,158697,48015
2024-12-25,Electrodomesticos,Centro,202280,49573
2024-08-01,Electrodomesticos,Centro,79976,19673
2022-07-16,Electrodomesticos,Norte,187168,38172
2023-02-10,Hogar,Centro,142882,39599
2022-06-10,Hogar,Sur,127011,39871
2022-07-26,Vestuario,Norte,83927,36344
2022-11-12,Tecnologia,Centro,242387,58237
2024-01-31,Electrodomesticos,Norte,259764,50738
2023-07-12,Tecnologia,Centro,150462,32092
2022-02-28,Vestuario,Norte,52542,22191
2022-12-07,Hogar,Sur,146978,46255
2022-10-24,Tecnologia,Centro,181223,53270
2024-11-23,Vestuario,Centro,42771,16892
2023-06-09,Vestuario,Sur,61622,21324
2023-04-08,Vestuario,Sur,25177,8815
2023-05-20,Electrodomesticos,Sur,243827,50897
2023-11-20,Tecnologia,Centro,228296,57076
2024-06-25,Vestuario,Centro,76960,27240
2022-07-22,Tecnologia,Centro,168219,38726
2022-08-10,Electrodomesticos,Norte,117920,26083
2024-12-10,Electrodomesticos,Norte,216812,46801
2023-04-13,Vestuario,Centro,58930,23051
2023-07-11,Vestuario,Sur,25288,9293
2023-08-28,Deportes,Centro,89837,25352
2022-11-04,Vestuario,Norte,93256,39722
2022-08-13,Electrodomesticos,Sur,248346,52032
2024-09-22,Electrodomesticos,Centro,162269,31705
2024-06-30,Electrodomesticos,Sur,151578,29347
2022-11-14,Deportes,Sur,62650,19191
2024-09-14,Deportes,Centro,75783,29694
2022-01-15,Deportes,Sur,57324,21468
2022-04-14,Hogar,Centro,153848,43812
2023-05-11,Tecnologia,Sur,243863,69922
2023-02-23,Tecnologia,Sur,251185,50909
2023-12-01,Vestuario,Sur,64499,22678
2023-08-22,Electrodomesticos,Sur,145307,30856
2022-04-10,Tecnologia,Sur,127481,25820
2023-02-01,Electrodomesticos,Centro,161914,29475
2024-07-29,Electrodomesticos,Norte,134103,24245
2022-05-09,Tecnologia,Norte,222497,40262
2023-04-23,Hogar,Centro,83186,20094
2024-03-30,Vestuario,Sur,44547,18483
2024-11-10,Tecnologia,Sur,243210,69470
2023-07-16,Electrodomesticos,Norte,239190,48359
2022-02-20,Vestuario,Sur,32989,13475
2023-03-01,Deportes,Norte,70476,22318
2022-05-25,Electrodomesticos,Centro,236983,39452
2024-07-25,Vestuario,Sur,44739,16500
2022-04-07,Vestuario,Centro,85471,28309
2023-05-09,Tecnologia,Centro,200662,45226
2024-03-11,Vestuario,Sur,82815,32890
2024-07-31,Electrodomesticos,Centro,197651,35112
2024-01-04,Deportes,Sur,82384,25264
2022-07-13,Vestuario,Sur,50469,16284
2022-05-23,Deportes,Sur,44032,16805
2023-12-13,Electrodomesticos,Sur,108109,19090
2022-08-02,Vestuario,Centro,41529,16400
2024-06-18,Hogar,Centro,149033,42324
2024-09-09,Tecnologia,Centro,207740,67648
2024-07-22,Vestuario,Norte,57551,24868
2023-11-17,Electrodomesticos,Sur,212533,46074
2022-05-19,Vestuario,Norte,56147,20440
2024-04-17,Tecnologia,Sur,168952,35613
2023-06-01,Hogar,Sur,112479,33582
2022-06-29,Electrodomesticos,Sur,180919,29597
2022-11-21,Vestuario,Norte,48012,20941
2022-08-05,Electrodomesticos,Centro,137303,26042
2023-12-28,Electrodomesticos,Norte,134596,21990
2024-12-09,Hogar,Norte,88820,27433
2024-12-21,Tecnologia,Centro,272723,51411
2024-01-13,Hogar,Centro,114557,36512
2022-01-23,Electrodomesticos,Norte,187334,44452
2022-06-14,Tecnologia,Norte,303643,75762
2022-12-29,Deportes,Norte,82455,23120
2024-10-02,Deportes,Centro,78816,26776
2024-02-27,Tecnologia,Norte,139976,34403
2023-07-01,Deportes,Centro,89013,34370
2023-07-20,Electrodomesticos,Norte,296291,65228
2023-03-31,Electrodomesticos,Sur,246578,51827
2024-05-29,Vestuario,Norte,39491,15824
2024-05-09,Electrodomesticos,Sur,207054,41106
2023-12-23,Hogar,Centro,95496,27335
2022-01-03,Electrodomesticos,Sur,219159,44778
2024-09-30,Hogar,Norte,160812,40259
2022-11-19,Deportes,Norte,106024,34167
2022-12-16,Vestuario,Centro,54909,22085
2024-02-09,Hogar,Centro,131366,39186
2023-11-01,Electrodomesticos,Sur,166439,34381
2022-02-06,Tecnologia,Centro,145141,46220
2022-04-20,Vestuario,Sur,31354,12607
2023-07-10,Deportes,Sur,76385,27033
2023-02-16,Electrodomesticos,Sur,242942,51504
2022-01-16,Hogar,Sur,110944,33334
2024-11-22,Hogar,Norte,79837,27219
2024-01-03,Hogar,Centro,21589,6101
2024-03-07,Electrodomesticos,Centro,114029,24437
2024-08-30,Hogar,Sur,75126,21874
2023-03-24,Tecnologia,Sur,287060,71071
2022-07-24,Vestuario,Norte,68469,24268
2024-06-29,Tecnologia,Sur,270409,65736
2022-11-23,Deportes,Norte,73876,19789
2022-09-06,Vestuario,Centro,24791,8428
2023-12-02,Tecnologia,Norte,234674,62844
2023-06-03,Deportes,Sur,73261,20853
2022-12-31,Electrodomesticos,Centro,63861,12980
2023-06-07,Tecnologia,Centro,269854,57642
2024-08-28,Tecnologia,Sur,182499,45918
2024-05-02,Vestuario,Norte,20923,8606
2022-06-10,Electrodomesticos,Centro,190260,33187
2022-05-25,Hogar,Sur,99706,24771
2024-06-16,Deportes,Norte,50970,16796
2022-11-14,Vestuario,Centro,51792,20208
2024-09-25,Tecnologia,Norte,127089,29771
2022-01-11,Vestuario,Centro,68107,30571
2024-12-23,Vestuario,Centro,47985,16743
2023-08-21,Vestuario,Sur,51571,22563
2023-07-18,Vestuario,Norte,52145,20338
2024-03-23,Vestuario,Norte,69226,29333
2023-03-03,Vestuario,Norte,59867,22282
2023-03-28,Hogar,Sur,91145,31413
2023-04-20,Hogar,Sur,99428,28428
2024-12-24,Deportes,Centro,79984,24891
2023-05-06,Electrodomesticos,Norte,262773,39549
2022-01-29,Electrodomesticos,Norte,207934,35901
2023-02-25,Tecnologia,Norte,238398,69006
2023-09-20,Deportes,Centro,66181,18240
2022-02-05,Hogar,Centro,91991,28731
2023-10-19,Vestuario,Sur,56620,18776
2023-06-21,Deportes,Sur,27581,9711
2022-06-08,Hogar,Norte,111723,32721
2022-03-09,Deportes,Sur,40074,13955
2023-10-25,Hogar,Centro,115779,34824
2022-12-05,Electrodomesticos,Sur,226187,46405
2023-08-08,Tecnologia,Norte,119707,28210
2023-11-15,Tecnologia,Norte,255160,75403
2022-12-21,Hogar,Centro,131755,40337
2022-08-25,Hogar,Norte,120217,34709
2022-07-31,Vestuario,Centro,54993,23330
2022-01-25,Hogar,Norte,101031,31001
2023-01-01,Tecnologia,Centro,146167,33776
2024-03-12,Tecnologia,Centro,160269,36031
2022-01-03,Electrodomesticos,Centro,108206,23008
2022-08-23,Electrodomesticos,Sur,273087,64061
2023-01-15,Deportes,Sur,87782,29467
2022-07-27,Deportes,Sur,57631,20092
2023-07-10,Vestuario,Norte,48317,20797
2022-01-19,Tecnologia,Centro,213048,48593
2024-08-21,Tecnologia,Norte,175169,40523
2023-04-09,Tecnologia,Norte,111268,28379
2023-04-20,Hogar,Centro,65948,19280
2022-10-14,Vestuario,Sur,30707,13047
2022-07-03,Tecnologia,Centro,149994,27532
2024-01-02,Electrodomesticos,Norte,122026,22141
2022-10-05,Deportes,Centro,77022,24758
2022-01-29,Electrodomesticos,Norte,157452,28437
2024-11-24,Vestuario,Norte,22587,8484
2023-09-09,Deportes,Sur,79926,22772
2023-05-09,Electrodomesticos,Centro,140059,25945
2022-11-02,Hogar,Centro,137720,37408
2023-06-23,Electrodomesticos,Sur,190652,37693
2023-11-02,Electrodomesticos,Centro,161665,33446
2022-04-27,Vestuario,Norte,48070,18309
2023-11-17,Electrodomesticos,Sur,220392,47227
2022-02-26,Electrodomesticos,Norte,265999,55881
2023-06-11,Electrodomesticos,Centro,162905,33294
2023-04-06,Deportes,Sur,63423,17024
2024-04-29,Tecnologia,Centro,193006,40026
2023-04-28,Vestuario,Centro,69940,22273
2023-05-05,Deportes,Norte,89937,31225
2024-11-13,Hogar,Sur,153450,44732
2022-04-23,Deportes,Norte,103422,28607
2024-01-23,Vestuario,Sur,43870,13556
2022-05-21,Vestuario,Sur,46532,15984
2023-08-12,Tecnologia,Centro,355442,88690
2023-03-15,Hogar,Centro,139383,42732
2023-11-16,Tecnologia,Sur,187131,52467
2022-04-06,Hogar,Norte,79375,28053
2024-06-04,Hogar,Sur,67804,24482
2022-04-05,Vestuario,Centro,58308,20893
2022-06-14,Deportes,Centro,70730,19554
2024-11-05,Vestuario,Centro,84180,34496
2022-11-02,Hogar,Sur,125344,40462
2023-05-28,Vestuario,Norte,43499,20250
2024-01-18,Vestuario,Sur,47313,16979
2023-03-15,Tecnologia,Centro,261188,56495
2022-09-30,Deportes,Norte,99853,35011
2024-09-30,Vestuario,Sur,36040,12602
2024-05-20,Deportes,Sur,46323,12533
2023-11-18,Deportes,Centro,104112,35974
2023-12-18,Deportes,Norte,65427,24430
2024-10-09,Tecnologia,Sur,229709,57883
2024-09-09,Vestuario,Sur,38434,14936
2022-05-08,Hogar,Sur,53451,16655
2024-05-18,Tecnologia,Norte,153435,41045
2023-10-17,Tecnologia,Centro,226979,66191
2024-07-16,Deportes,Norte,76135,22274
2022-10-19,Hogar,Norte,84963,31344
2023-08-23,Vestuario,Norte,53960,20121
2024-07-26,Hogar,Sur,87745,23899
2022-03-14,Vestuario,Sur,70898,22792
2022-08-17,Vestuario,Norte,64209,25072
2024-12-01,Tecnologia,Norte,275339,78130
2024-09-12,Hogar,Centro,75745,23058
2023-11-19,Tecnologia,Sur,196502,49677
2022-08-06,Deportes,Norte,56505,15844
2024-02-12,Hogar,Norte,157803,45992
2024-03-13,Tecnologia,Centro,163321,35616
2022-06-12,Tecnologia,Norte,288617,77177
2023-06-15,Deportes,Sur,68900,23921
2022-06-20,Hogar,Norte,158092,45130
2022-03-19,Hogar,Centro,126814,33994
2024-07-13,Tecnologia,Sur,168297,36410
2022-12-24,Vestuario,Norte,34085,12760
2022-03-22,Tecnologia,Sur,246446,62036
2024-02-10,Vestuario,Centro,55456,23751
2022-05-01,Deportes,Sur,73660,23963
2022-10-05,Hogar,Norte,81159,27433
2022-10-12,Electrodomesticos,Sur,219553,43829
2024-12-23,Electrodomesticos,Sur,177487,37069
2022-04-01,Tecnologia,Norte,284009,73515
2024-10-05,Hogar,Norte,101138,30082
2022-01-09,Vestuario,Sur,41286,16029
2023-03-14,Tecnologia,Sur,203168,52052
2024-12-16,Hogar,Centro,129414,46084
2022-10-17,Electrodomesticos,Sur,136964,27464
2022-09-24,Electrodomesticos,Norte,154803,25381
2024-02-15,Vestuario,Sur,58609,23697
2024-08-10,Tecnologia,Centro,155600,40535
2024-02-28,Deportes,Norte,89811,24295
2024-03-12,Deportes,Sur,142929,47602
2023-02-20,Deportes,Norte,54698,18529
2022-05-06,Electrodomesticos,Sur,202618,45295
2022-10-19,Deportes,Centro,90398,24759
2023-01-29,Tecnologia,Centro,232879,53066
2023-03-27,Hogar,Sur,101615,33420
2023-10-02,Deportes,Centro,75825,25739
2023-03-24,Electrodomesticos,Norte,168790,30946
2024-05-04,Deportes,Norte,62950,22044
2024-09-06,Vestuario,Centro,50180,19034
2023-05-04,Hogar,Sur,116923,33014
2023-06-01,Tecnologia,Norte,245013,36077
2023-06-07,Hogar,Centro,72092,21536
2024-01-23,Vestuario,Sur,62210,23242
2022-02-02,Hogar,Centro,87504,29406
2024-10-21,Deportes,Norte,68179,16709
2022-09-07,Electrodomesticos,Sur,214736,44390
2024-07-25,Deportes,Centro,84631,30119
2022-08-08,Deportes,Sur,90957,30196
2023-07-16,Tecnologia,Norte,133918,35468
2023-01-01,Electrodomesticos,Norte,144771,24245
2023-03-16,Tecnologia,Norte,93817,22187
2024-07-28,Vestuario,Centro,45365,16752
2024-02-26,Deportes,Sur,15000,4030
2023-10-28,Deportes,Sur,73495,21659
2024-10-17,Deportes,Centro,65582,20815
2022-03-12,Hogar,Sur,109803,30007
2023-02-24,Hogar,Sur,94389,28231
2022-08-26,Electrodomesticos,Centro,144464,28372
2024-11-27,Deportes,Centro,62725,23614
2024-02-06,Hogar,Norte,116245,35261
2022-04-11,Hogar,Centro,58341,16640
2022-01-08,Tecnologia,Centro,85495,19675
2022-02-06,Hogar,Centro,172718,54109
2024-06-06,Vestuario,Sur,60860,20511
2023-01-02,Deportes,Sur,46930,16741
2024-02-08,Electrodomesticos,Norte,183195,34215
2022-09-06,Hogar,Sur,91337,25051
2022-04-27,Tecnologia,Sur,294630,65663
2024-09-03,Electrodomesticos,Norte,269560,54820
2024-03-15,Deportes,Centro,81162,23992
2023-06-25,Tecnologia,Norte,252021,68380
2023-08-01,Tecnologia,Centro,213235,53113
2022-06-26,Deportes,Centro,62003,17144
2024-07-19,Tecnologia,Sur,118134,31693
2023-03-18,Tecnologia,Centro,236230,57174
2023-10-05,Deportes,Norte,98331,25646
2023-02-19,Tecnologia,Centro,143184,35934
2024-09-19,Tecnologia,Centro,151039,36804
2024-12-22,Tecnologia,Norte,194681,49331
2024-10-03,Electrodomesticos,Norte,184641,33701
2023-01-28,Hogar,Sur,89235,33404
2024-03-15,Hogar,Sur,94007,35406
2024-09-27,Hogar,Norte,106169,33962
2024-02-01,Electrodomesticos,Sur,200434,37459
2023-08-27,Electrodomesticos,Centro,197045,40782
2024-07-30,Electrodomesticos,Centro,187649,36518
2023-06-25,Deportes,Centro,40757,10702
2022-07-29,Electrodomesticos,Centro,76278,17098
2023-06-14,Deportes,Norte,75787,25687
2022-10-30,Hogar,Sur,112587,35082
2024-05-12,Hogar,Sur,101517,31345
2022-04-22,Vestuario,Centro,33422,13341
2024-05-24,Electrodomesticos,Centro,170710,35220
2022-09-17,Hogar,Sur,159245,51741
2023-08-31,Hogar,Centro,154511,47772
2024-12-15,Hogar,Norte,77782,23039
2023-05-17,Vestuario,Sur,51493,15401
2024-04-21,Vestuario,Centro,31786,12767
2022-04-27,Electrodomesticos,Sur,196215,37087
2024-03-30,Hogar,Centro,100382,29201
2024-02-06,Tecnologia,Sur,175381,47928
2023-10-24,Electrodomesticos,Centro,281125,60074
2022-04-10,Vestuario,Sur,73470,24205
2024-05-21,Tecnologia,Norte,155733,41561
2022-07-11,Hogar,Norte,88708,31387
2022-09-17,Vestuario,Sur,75080,31739
2023-05-02,Vestuario,Sur,69739,28269
2022-10-07,Electrodomesticos,Centro,59858,12103
2023-05-31,Hogar,Sur,110840,35148
2023-09-16,Hogar,Centro,104701,34534
2024-09-22,Deportes,Centro,115659,42312
2024-09-14,Tecnologia,Centro,252975,59415
2024-05-31,Electrodomesticos,Norte,122835,27200
2024-03-05,Electrodomesticos,Centro,190886,39417
2022-04-14,Deportes,Norte,49471,19972
2024-08-02,Vestuario,Sur,76271,31316
2024-01-27,Vestuario,Centro,69477,30184
2023-05-11,Deportes,Centro,106401,35099
2023-04-13,Deportes,Centro,67799,22936
2024-01-19,Vestuario,Sur,40380,17235
2023-04-09,Vestuario,Sur,60983,28282
2024-02-04,Deportes,Centro,65323,20146
2024-07-19,Vestuario,Sur,74839,18641
2022-03-02,Electrodomesticos,Centro,215089,31691
2022-11-18,Electrodomesticos,Norte,134941,26928
2022-09-17,Tecnologia,Centro,167550,32839
2022-11-17,Vestuario,Centro,76752,31835
2024-06-06,Deportes,Norte,65582,22301
2022-08-21,Electrodomesticos,Centro,266843,53711
2023-11-25,Electrodomesticos,Centro,210424,44867
2024-12-30,Tecnologia,Sur,197051,54635
2023-05-20,Hogar,Sur,111251,31491
2024-10-27,Deportes,Centro,78248,25915
2023-07-01,Electrodomesticos,Sur,226754,45042
2023-04-04,Tecnologia,Sur,193863,63539
2022-04-14,Hogar,Sur,63736,18552
2023-03-04,Electrodomesticos,Centro,195476,41330
2022-11-10,Tecnologia,Sur,223993,55506
2023-08-01,Electrodomesticos,Sur,175509,34728
2024-10-07,Deportes,Sur,76806,28309
2023-11-15,Tecnologia,Centro,202926,48558
2024-02-13,Deportes,Sur,60293,19701
2024-12-06,Deportes,Sur,69930,27949
2023-10-04,Vestuario,Norte,24306,8405
2024-06-03,Deportes,Norte,97701,27209
2023-12-31,Vestuario,Sur,22081,8921
2023-09-04,Deportes,Norte,70485,21541
2022-05-05,Tecnologia,Centro,144666,36710
2023-02-04,Vestuario,Centro,65042,28636
2023-04-08,Tecnologia,Sur,257067,62505
2022-08-13,Tecnologia,Centro,270374,75950
2023-08-25,Hogar,Sur,144853,43805
2022-05-01,Electrodomesticos,Sur,191070,35821
2022-03-07,Tecnologia,Norte,312527,78925
2023-07-05,Tecnologia,Sur,135158,36939
2024-10-30,Vestuario,Centro,62207,22174
2022-03-11,Deportes,Sur,61114,19112
2022-12-11,Vestuario,Norte,43763,12923
2022-05-15,Electrodomesticos,Norte,155588,27930
2023-03-08,Tecnologia,Norte,254184,71117
2022-05-08,Deportes,Centro,57151,20023
2022-04-25,Vestuario,Norte,39516,14746
2023-07-26,Tecnologia,Norte,150239,39209
2024-10-01,Hogar,Centro,133491,32802
2023-05-23,Vestuario,Norte,46060,18028
2022-09-23,Hogar,Norte,95973,32309
2022-10-15,Vestuario,Norte,29781,11143
2024-02-20,Tecnologia,Sur,230627,51313
2024-10-13,Tecnologia,Norte,192496,47546
2022-09-18,Electrodomesticos,Norte,129942,26247
2023-08-01,Tecnologia,Norte,144045,32686
2022-02-08,Deportes,Norte,15305,5267
2022-09-27,Electrodomesticos,Sur,160524,25648
2024-07-02,Tecnologia,Norte,125315,28608
2023-08-05,Hogar,Sur,131515,39741
2023-03-04,Vestuario,Centro,63645,19506
2024-11-06,Electrodomesticos,Centro,142402,30972
2022-10-30,Vestuario,Norte,21583,7810
2024-09-09,Deportes,Sur,68870,20452
2022-10-02,Hogar,Norte,83679,22831
2023-03-07,Hogar,Centro,84748,21789
2023-05-03,Electrodomesticos,Norte,205883,36891
2022-07-11,Electrodomesticos,Sur,168111,39822
2023-04-18,Tecnologia,Centro,321822,112813
2023-11-06,Electrodomesticos,Sur,158375,32861
2024-10-07,Hogar,Centro,124130,35381
2022-08-06,Vestuario,Centro,49936,20717
2023-09-18,Electrodomesticos,Centro,190282,47394
2022-05-03,Vestuario,Sur,58119,23285
2022-09-14,Hogar,Sur,105371,31354
2023-01-16,Deportes,Centro,101575,31303
2024-11-24,Vestuario,Sur,85060,31528
2022-01-08,Electrodomesticos,Norte,171615,37182
2022-10-06,Deportes,Sur,69587,24141
2023-01-29,Electrodomesticos,Norte,174750,32446
2024-04-28,Vestuario,Norte,72865,33041
2024-12-01,Electrodomesticos,Sur,166788,39049
2023-08-08,Hogar,Norte,121315,36719
2022-07-13,Deportes,Centro,115231,35432
2022-08-14,Hogar,Centro,122178,33607
2023-11-04,Vestuario,Centro,49680,19684
2023-02-13,Tecnologia,Sur,202895,62348
2024-06-22,Hogar,Norte,145190,40502
2023-02-17,Electrodomesticos,Centro,209380,42542
2024-03-29,Electrodomesticos,Sur,137579,28116
2022-03-12,Deportes,Centro,80166,22539
2024-04-20,Deportes,Sur,110830,40583
2023-09-29,Hogar,Sur,86790,22733
2023-06-26,Vestuario,Norte,45595,20641
2022-02-20,Vestuario,Norte,59758,21633
2022-03-07,Hogar,Sur,114521,30069
2023-05-03,Vestuario,Centro,49969,24726
2024-04-24,Deportes,Centro,48556,19648
2023-08-17,Tecnologia,Norte,221435,50465
2023-07-26,Hogar,Sur,44527,10527
2023-08-24,Tecnologia,Centro,168479,43263
2022-05-30,Tecnologia,Sur,230671,58322
2022-11-16,Hogar,Centro,134391,37736
2023-12-28,Hogar,Centro,99182,31228
2022-10-02,Tecnologia,Centro,142263,42942
2022-02-11,Deportes,Centro,80271,27095
2023-01-24,Deportes,Centro,71791,25024
2023-11-07,Vestuario,Sur,30074,9061
2024-05-24,Deportes,Centro,75435,26370
2023-11-05,Electrodomesticos,Centro,174138,28824
2024-06-14,Electrodomesticos,Sur,155048,31085
2023-04-13,Tecnologia,Centro,220165,60477
2023-04-30,Deportes,Sur,109655,39168
2023-12-13,Tecnologia,Sur,216163,64724
2023-05-09,Hogar,Norte,125669,38839
2024-03-11,Vestuario,Norte,61417,16555
2024-03-02,Electrodomesticos,Norte,209533,55710
2023-04-27,Deportes,Sur,63892,19640
2023-10-30,Tecnologia,Norte,154074,36156
2022-09-07,Hogar,Norte,79108,30190
2022-04-01,Hogar,Norte,103197,30765
2024-02-24,Vestuario,Norte,42436,15069
2024-01-04,Vestuario,Centro,70294,21982
2023-09-05,Hogar,Sur,99496,29450
2024-03-21,Electrodomesticos,Centro,295545,54990
2024-11-16,Tecnologia,Norte,259659,60196
2024-11-22,Tecnologia,Sur,201696,48285
2022-08-05,Electrodomesticos,Sur,187923,34118
2024-12-23,Vestuario,Sur,57634,20008
2023-01-19,Electrodomesticos,Centro,281749,49262
2024-10-21,Vestuario,Norte,43842,19585
2022-05-03,Vestuario,Centro,41848,14049
2022-11-19,Hogar,Centro,91837,28862
2024-12-21,Hogar,Centro,103310,31932
2022-10-23,Deportes,Sur,70207,20031
2022-06-27,Vestuario,Centro,32579,12656
2024-07-14,Deportes,Centro,95501,25714
2024-03-19,Electrodomesticos,Centro,181981,37475
2023-12-20,Vestuario,Sur,73515,24974
2023-10-10,Electrodomesticos,Norte,224512,46555
2023-09-16,Hogar,Centro,46044,13972
2024-09-02,Electrodomesticos,Centro,232507,45510
2024-09-23,Deportes,Sur,103882,33709
2023-02-13,Deportes,Norte,87784,34194
2023-04-18,Hogar,Centro,118448,38257
2024-08-24,Electrodomesticos,Centro,224767,45144
2022-12-02,Deportes,Centro,73822,24696
2022-01-13,Tecnologia,Centro,181561,46681
2023-09-04,Electrodomesticos,Centro,212522,39275
2022-06-25,Tecnologia,Centro,217934,63123
2022-01-26,Deportes,Centro,89741,28860
2022-09-27,Deportes,Sur,89629,28791
2023-06-04,Electrodomesticos,Norte,254691,57482
2023-11-04,Tecnologia,Sur,232859,53534
2023-08-28,Electrodomesticos,Centro,203042,38958
2022-12-17,Vestuario,Norte,55716,23003
2024-03-01,Vestuario,Norte,78196,26325
2022-09-09,Tecnologia,Centro,247452,40483
2022-08-23,Vestuario,Sur,74483,23939
2023-05-11,Hogar,Norte,99193,28112
2022-03-31,Vestuario,Norte,79742,37007
2022-11-06,Tecnologia,Norte,214444,62674
2024-04-29,Vestuario,Centro,35975,10088
2024-03-25,Deportes,Sur,97173,30301
2022-03-22,Vestuario,Sur,53306,22529
2023-12-19,Vestuario,Sur,49025,18422
2024-02-19,Hogar,Norte,182878,54872
2022-11-08,Tecnologia,Sur,135602,34915
2023-01-07,Electrodomesticos,Sur,178299,31178
2023-06-02,Vestuario,Sur,57081,21971
2022-10-30,Vestuario,Sur,97608,41238
2023-04-27,Vestuario,Norte,32961,12375
2022-11-22,Vestuario,Norte,57872,21094
2023-05-30,Deportes,Sur,84592,27545
2024-06-11,Deportes,Centro,67193,22470
2022-06-07,Deportes,Norte,85843,25050
2024-03-29,Deportes,Centro,74960,23563
2024-05-02,Electrodomesticos,Norte,123069,22085
2024-09-04,Deportes,Norte,56894,17720
2022-02-12,Vestuario,Sur,56139,24342
2022-01-22,Tecnologia,Sur,113865,25493
2024-06-30,Electrodomesticos,Norte,192668,34067
2023-01-21,Tecnologia,Centro,303983,78234
2022-02-05,Electrodomesticos,Norte,180422,35537
2022-01-25,Electrodomesticos,Centro,154629,29980
2024-03-08,Tecnologia,Centro,148515,37338
2022-01-27,Vestuario,Centro,53259,18578
2023-06-12,Tecnologia,Norte,196883,55225
2024-02-02,Vestuario,Sur,59200,26668
2024-10-14,Hogar,Sur,102908,31912
2023-08-13,Electrodomesticos,Sur,205940,37948
2023-09-07,Electrodomesticos,Norte,173279,33483
2023-11-18,Electrodomesticos,Norte,153271,37515
2022-06-07,Deportes,Norte,118056,39637
2022-05-21,Deportes,Centro,71060,24594
2022-12-06,Electrodomesticos,Sur,136592,19671
2023-05-01,Hogar,Centro,139975,43553
2023-08-06,Tecnologia,Centro,149274,45625
2022-03-23,Tecnologia,Norte,208318,44958
2024-04-11,Vestuario,Sur,59270,19873
2023-07-14,Deportes,Norte,72809,24255
2022-03-01,Deportes,Norte,55905,17417
2024-05-08,Tecnologia,Norte,239284,62307
2024-04-30,Hogar,Norte,114659,33469
2024-03-30,Electrodomesticos,Norte,322506,59255
2022-10-13,Deportes,Sur,98970,32817
2024-01-29,Electrodomesticos,Centro,215391,35401
2023-08-24,Deportes,Centro,74018,21526
2022-06-19,Vestuario,Norte,39822,13797
2023-11-02,Deportes,Centro,45000,13392
2023-07-16,Deportes,Centro,116340,35724
2023-03-10,Vestuario,Centro,65681,31288
2022-06-20,Hogar,Norte,73571,22608
2023-04-28,Vestuario,Centro,64892,24990
2024-06-10,Vestuario,Sur,68520,26879
2024-06-22,Deportes,Sur,56767,19266
2023-02-08,Electrodomesticos,Sur,135817,23104
2024-11-18,Tecnologia,Centro,148484,35934
2022-06-25,Electrodomesticos,Norte,228985,43055
2024-06-10,Vestuario,Norte,57191,20522
2024-12-07,Vestuario,Norte,47723,18350
2024-05-02,Tecnologia,Centro,135543,35623
2023-10-10,Hogar,Norte,106830,30136
2023-01-24,Deportes,Sur,96807,32456
2023-01-03,Deportes,Norte,21027,7378
2024-02-03,Tecnologia,Norte,176482,47911
2023-11-08,Vestuario,Centro,79336,29416
2023-11-07,Tecnologia,Centro,124169,34847
2022-05-20,Vestuario,Sur,51064,20858
2023-04-19,Deportes,Sur,67648,19247
2022-07-19,Tecnologia,Sur,227322,58280
2022-09-01,Deportes,Centro,78818,22037
2022-12-19,Hogar,Centro,106510,30241
2024-03-04,Hogar,Sur,83774,25474
2023-01-31,Vestuario,Sur,24229,9232
2022-03-20,Vestuario,Sur,34421,10774
2023-07-26,Deportes,Sur,97586,29041
2024-12-26,Electrodomesticos,Norte,181510,38964
2023-05-14,Deportes,Norte,66670,20394
2024-07-18,Deportes,Centro,90698,30429
2022-03-03,Electrodomesticos,Norte,161439,33311
2023-01-22,Vestuario,Centro,27029,9351
2024-10-17,Vestuario,Centro,79671,26914
2023-01-28,Tecnologia,Sur,152543,34247
2022-12-05,Vestuario,Sur,46701,16445
2023-06-16,Electrodomesticos,Sur,182697,37249
2023-08-02,Electrodomesticos,Sur,177029,38241
2024-05-13,Tecnologia,Centro,298512,81290
2024-07-13,Vestuario,Norte,40580,13344
2022-12-29,Hogar,Centro,85033,26971
2023-09-22,Hogar,Norte,115474,30814
2023-05-21,Electrodomesticos,Sur,214405,52355
2022-08-15,Vestuario,Centro,38121,15512
2023-03-20,Electrodomesticos,Norte,96898,17410
2023-06-30,Vestuario,Norte,48735,19109
2024-07-28,Vestuario,Norte,61541,26547
2023-04-05,Hogar,Norte,135026,43385
2024-05-10,Tecnologia,Centro,184913,47647
2022-01-13,Hogar,Sur,84786,26770
2024-08-23,Tecnologia,Norte,245830,69356
2024-03-15,Vestuario,Sur,58584,18004
2023-08-28,Hogar,Centro,133850,43864
2023-04-17,Tecnologia,Centro,274257,75698
2024-03-06,Tecnologia,Norte,145411,37213
2024-05-09,Vestuario,Centro,51881,23793
2023-11-07,Vestuario,Sur,54196,22056
2024-03-24,Tecnologia,Centro,140580,37669
2024-01-19,Deportes,Norte,94718,29826
2022-07-22,Electrodomesticos,Centro,213926,44825
2024-02-19,Vestuario,Centro,15000,5263
2024-01-01,Vestuario,Sur,61622,23841
2023-05-24,Deportes,Sur,90129,26731
2023-06-03,Electrodomesticos,Norte,117430,25892
2022-06-23,Electrodomesticos,Norte,223174,36158
2024-08-22,Deportes,Sur,53745,20208
2023-11-07,Hogar,Sur,139811,44590
2024-05-26,Hogar,Sur,59291,18054
2022-02-04,Deportes,Sur,114161,38376
2024-12-03,Deportes,Sur,91426,33248
2023-10-07,Tecnologia,Norte,190736,48309
2022-02-17,Tecnologia,Norte,119271,30759
2023-07-19,Deportes,Sur,96886,32214
2024-10-02,Hogar,Norte,168441,51600
2023-03-14,Deportes,Sur,83609,23435
2023-05-02,Tecnologia,Norte,90861,19340
2023-06-30,Hogar,Norte,108611,32961
2024-08-25,Deportes,Sur,122062,39029
2023-08-27,Deportes,Norte,62159,16196
2024-07-06,Electrodomesticos,Sur,122561,26524
2022-09-18,Tecnologia,Centro,196891,52109
2024-01-19,Vestuario,Centro,68723,28137
2024-05-11,Hogar,Norte,111603,33753
2023-05-09,Vestuario,Sur,48311,19007
2023-09-30,Deportes,Sur,59778,19328
2023-01-04,Deportes,Sur,102754,31172
2024-08-28,Tecnologia,Centro,210368,56685
2022-07-31,Deportes,Centro,79503,24456
2023-04-08,Vestuario,Sur,87563,29026
2022-08-03,Electrodomesticos,Sur,107436,21409
2024-10-13,Vestuario,Norte,52506,18040
2022-02-10,Tecnologia,Centro,255839,65822
2024-02-24,Hogar,Norte,73306,22000
2023-12-23,Deportes,Sur,67613,24269
2022-09-30,Vestuario,Sur,69637,31075
2022-03-22,Vestuario,Sur,34019,12802
2024-11-22,Hogar,Centro,146689,41135
2024-07-01,Hogar,Sur,163879,56062
2022-01-10,Deportes,Centro,45648,13490
2024-02-23,Electrodomesticos,Sur,180986,26627
2023-02-19,Deportes,Centro,72912,23259
2024-11-03,Vestuario,Centro,62949,19974
2024-02-23,Deportes,Centro,38973,9835
2022-07-06,Tecnologia,Norte,199352,52978
2024-12-25,Deportes,Centro,61383,15730
2024-02-27,Hogar,Norte,145901,36376
2023-10-06,Hogar,Norte,83556,30940
2024-08-05,Electrodomesticos,Sur,176292,34049
2022-09-16,Vestuario,Centro,46346,18629
2022-05-14,Hogar,Sur,106151,31814
2022-08-12,Vestuario,Sur,88467,29671
2023-10-25,Electrodomesticos,Centro,214149,41166
2022-02-10,Electrodomesticos,Norte,196317,35102
2022-02-01,Vestuario,Norte,54796,18526
2023-08-28,Electrodomesticos,Sur,207040,52894
2022-12-14,Vestuario,Sur,71552,26066
2024-11-20,Electrodomesticos,Centro,142617,27388
2022-01-19,Electrodomesticos,Norte,168123,32755
2023-11-10,Vestuario,Sur,60689,25903
2022-12-13,Hogar,Sur,107648,31509
2022-07-25,Tecnologia,Centro,290670,62688
2022-11-11,Deportes,Sur,45894,15004
2022-03-30,Electrodomesticos,Sur,97925,22348
2023-03-26,Electrodomesticos,Centro,328935,68080
2022-11-13,Hogar,Centro,69219,17998
2024-03-01,Tecnologia,Norte,60211,14492
2023-08-24,Vestuario,Sur,64088,16925
2022-05-16,Electrodomesticos,Sur,239023,59371
2024-06-04,Deportes,Norte,58708,18592
2024-09-27,Tecnologia,Sur,135788,29789
2023-05-02,Electrodomesticos,Sur,304764,58418
2023-10-20,Vestuario,Norte,59179,21169
2024-03-25,Hogar,Centro,106409,28743
2022-10-29,Deportes,Norte,70214,23391
2022-12-22,Electrodomesticos,Sur,259963,58894
2024-09-04,Tecnologia,Centro,150641,40717
2023-11-22,Electrodomesticos,Sur,145489,26454
2023-06-17,Electrodomesticos,Centro,253829,56571
2023-09-08,Electrodomesticos,Norte,56861,11206
2024-11-27,Vestuario,Sur,80187,30558
2022-05-10,Electrodomesticos,Centro,197983,40812
2023-03-30,Vestuario,Centro,63397,22289
2023-02-18,Tecnologia,Sur,267033,76401
2023-09-05,Electrodomesticos,Sur,108571,22438
2022-07-28,Vestuario,Sur,57369,19579
2023-07-21,Deportes,Centro,64657,21824
2023-12-27,Tecnologia,Centro,196509,53112
2024-03-01,Deportes,Centro,69337,22250
2023-06-26,Tecnologia,Centro,221730,56151
2022-12-06,Deportes,Centro,94895,29601
2024-07-02,Electrodomesticos,Sur,190409,36539
2022-02-17,Deportes,Centro,63688,21097
2023-12-08,Deportes,Norte,42895,12844
2022-11-12,Electrodomesticos,Norte,121317,27761
2022-12-13,Electrodomesticos,Sur,104495,17421
2024-02-01,Tecnologia,Norte,88446,21366
2023-06-23,Electrodomesticos,Norte,222321,55569
2023-06-29,Vestuario,Centro,15000,6776
2023-04-02,Hogar,Sur,140564,52594
2023-06-09,Tecnologia,Sur,207936,53289
2023-08-16,Vestuario,Norte,52800,23341
2024-08-02,Vestuario,Centro,31094,11572
2023-05-19,Tecnologia,Norte,182021,44534
2022-03-03,Hogar,Norte,122087,39522
2024-03-01,Vestuario,Sur,44873,20001
2023-10-30,Vestuario,Centro,64952,24763
2023-09-29,Hogar,Sur,95341,18708
2023-01-16,Tecnologia,Sur,255184,64226
2022-10-29,Vestuario,Centro,39628,15768
2023-04-07,Tecnologia,Centro,251713,60157
2024-03-15,Electrodomesticos,Centro,120634,22804
2023-01-01,Electrodomesticos,Norte,76181,15340
2024-03-11,Hogar,Centro,207105,76179
2023-04-27,Vestuario,Centro,46108,16182
2022-03-06,Hogar,Norte,145732,42784
2024-08-01,Hogar,Sur,99824,30214
2022-11-17,Electrodomesticos,Centro,20346,4732
2022-01-30,Vestuario,Centro,30418,12636
2023-09-06,Hogar,Norte,124075,40157
2024-02-29,Electrodomesticos,Norte,285598,54394
2023-09-29,Electrodomesticos,Sur,263588,53139
2024-12-25,Electrodomesticos,Norte,78086,16825
2022-09-27,Deportes,Sur,24463,8014
2023-02-24,Electrodomesticos,Norte,94844,12904
2024-09-08,Hogar,Sur,80579,25287
2022-06-19,Deportes,Norte,95966,34487
2024-11-24,Deportes,Centro,68124,24217
2024-06-29,Deportes,Centro,95979,23668
2022-02-09,Deportes,Centro,41037,12992
2023-11-09,Electrodomesticos,Sur,291905,73496
2023-04-25,Vestuario,Norte,79848,31215
2023-04-30,Deportes,Sur,128163,32747
2023-07-17,Vestuario,Sur,65963,23998
2024-11-19,Tecnologia,Norte,183565,42067
2023-07-24,Hogar,Norte,82422,26293
2022-10-25,Tecnologia,Centro,181254,40067
2023-02-19,Vestuario,Centro,48192,19905
2022-07-16,Electrodomesticos,Sur,200610,43645
2022-12-23,Vestuario,Norte,57671,23813
2023-01-28,Deportes,Centro,26793,5791
2024-11-26,Vestuario,Centro,48935,19827
2022-07-13,Electrodomesticos,Centro,187535,37768
2023-02-12,Electrodomesticos,Norte,256210,53683
2023-03-25,Electrodomesticos,Centro,162325,31543
2024-05-21,Hogar,Norte,118099,27369
2022-12-25,Hogar,Norte,128831,40403
2023-04-19,Deportes,Centro,64111,23784
2023-08-30,Deportes,Norte,68058,22709
2022-08-10,Electrodomesticos,Centro,184662,32169
2024-07-23,Electrodomesticos,Sur,262070,70399
2022-10-01,Vestuario,Centro,29778,12088
2022-10-20,Hogar,Sur,103292,34802
2024-08-27,Deportes,Sur,52633,18085
2022-01-13,Tecnologia,Centro,220171,52949
2022-09-29,Hogar,Norte,105530,34332
2022-11-16,Deportes,Norte,64680,20531
2024-05-04,Hogar,Norte,54814,16759
2022-09-26,Tecnologia,Centro,254060,67622
2024-07-22,Vestuario,Centro,43290,18203
2022-02-21,Hogar,Centro,74786,24610
2024-07-30,Deportes,Centro,70621,22492
2024-09-16,Hogar,Centro,130696,45413
2022-05-03,Vestuario,Centro,53956,19081
2022-11-02,Vestuario,Centro,67601,23692
2023-07-13,Tecnologia,Norte,233075,53900
2023-03-30,Hogar,Norte,83547,23978
2024-08-16,Hogar,Sur,91074,24297
2022-05-17,Tecnologia,Sur,258563,62820
2022-08-06,Vestuario,Norte,59901,24815
2024-03-18,Deportes,Sur,71906,24762
2024-11-21,Hogar,Centro,150203,39732
2024-05-06,Tecnologia,Centro,210780,56882
2022-12-10,Vestuario,Centro,44831,17415
2022-03-15,Hogar,Sur,53984,16334
2022-11-29,Hogar,Norte,118506,36574
2022-05-03,Tecnologia,Sur,246651,61371
2024-05-12,Tecnologia,Centro,193564,43221
2023-10-09,Deportes,Sur,64718,19761
2023-02-13,Electrodomesticos,Centro,198334,40426
2024-04-02,Deportes,Sur,72575,26886
2022-11-27,Deportes,Centro,113107,40880
2022-09-29,Hogar,Norte,141736,44221
2024-01-09,Vestuario,Centro,70036,31424
2023-01-14,Electrodomesticos,Sur,97813,16646
2022-12-25,Vestuario,Sur,52967,21028
2023-09-18,Vestuario,Centro,53463,22654
2022-03-24,Deportes,Norte,64741,22557
2022-11-28,Hogar,Sur,142032,43583
2022-04-05,Hogar,Sur,124307,35728
2022-05-23,Vestuario,Norte,38816,13311
2022-05-23,Vestuario,Centro,94055,32541
2023-11-13,Vestuario,Norte,73403,25262
2024-03-01,Tecnologia,Norte,140860,26552
2022-11-02,Hogar,Centro,118389,34101
2022-05-21,Hogar,Norte,97395,22426
2024-01-27,Deportes,Centro,66325,20012
2024-03-12,Hogar,Sur,92958,31264
2022-11-27,Electrodomesticos,Centro,206277,40987
2024-01-23,Hogar,Sur,60119,16632
2022-08-14,Hogar,Norte,120894,32049
2023-03-02,Tecnologia,Norte,206482,37464
2022-11-30,Deportes,Centro,119757,33604
2022-02-09,Tecnologia,Sur,169039,27766
2022-11-05,Deportes,Sur,70783,20417
2024-05-02,Tecnologia,Norte,138706,39873
2024-09-02,Vestuario,Sur,68550,25615
2024-07-11,Deportes,Norte,54470,15830
2024-02-09,Tecnologia,Norte,234241,57503
2024-04-17,Vestuario,Sur,87147,23387
2022-01-20,Vestuario,Centro,74660,27410
2024-05-04,Electrodomesticos,Norte,174728,42892
2023-11-07,Electrodomesticos,Norte,173099,35473
2024-09-16,Deportes,Norte,72345,23983
2023-08-20,Vestuario,Sur,51350,22476
2023-02-15,Hogar,Centro,127614,43284
2023-05-16,Electrodomesticos,Norte,199538,31170
2022-02-07,Hogar,Sur,130019,33044
2024-07-04,Tecnologia,Norte,96455,25802
2022-12-22,Vestuario,Sur,89730,35392
2023-05-28,Hogar,Norte,62637,20727
2022-07-24,Electrodomesticos,Norte,200116,40762
2024-05-19,Tecnologia,Norte,128822,34366
2023-04-13,Vestuario,Sur,19464,8558
2022-11-19,Hogar,Centro,93018,31551
2024-04-15,Tecnologia,Sur,356940,77958
2022-11-03,Vestuario,Centro,72070,33098
2022-01-28,Tecnologia,Sur,23235,5712
2023-03-16,Hogar,Norte,123932,38939
2023-07-03,Vestuario,Centro,15000,6187
2022-03-02,Hogar,Norte,122505,34945
2022-11-22,Electrodomesticos,Norte,262473,44183
2024-03-12,Deportes,Sur,81442,27361
2022-04-28,Hogar,Norte,60131,18031
2023-07-08,Hogar,Centro,87664,21126
2023-11-04,Tecnologia,Centro,161874,42157
2023-03-11,Electrodomesticos,Centro,195801,37897
2024-05-12,Hogar,Centro,116873,39168
2024-07-22,Tecnologia,Centro,170469,41462
2023-10-06,Vestuario,Norte,60909,26166
2024-11-14,Deportes,Centro,28675,7857
2022-04-21,Deportes,Centro,85495,28953
2023-04-01,Electrodomesticos,Centro,166313,26061
2023-06-12,Vestuario,Norte,29999,11169
2023-12-19,Tecnologia,Norte,170137,53217
2023-07-23,Vestuario,Norte,51309,18481
2022-06-24,Vestuario,Sur,52592,20900
2023-09-24,Deportes,Sur,103378,29359
2024-05-23,Vestuario,Centro,52390,18718
2023-07-21,Deportes,Centro,70011,21637
2024-11-29,Deportes,Norte,66050,17407
2023-12-22,Hogar,Centro,141752,43193
2022-07-19,Electrodomesticos,Sur,120530,22089
2024-05-01,Tecnologia,Norte,132412,32980
2022-02-27,Electrodomesticos,Norte,221905,45273
2023-04-23,Electrodomesticos,Centro,145217,32125
2024-06-17,Vestuario,Sur,60315,27014
2024-01-04,Hogar,Norte,132314,27521
2024-05-20,Hogar,Norte,177077,50378
2024-12-09,Electrodomesticos,Centro,106935,19075
2023-05-31,Hogar,Centro,81052,24554
2023-01-04,Tecnologia,Sur,226571,39932
2024-11-01,Deportes,Sur,112240,31820
2024-06-01,Vestuario,Sur,73640,22533
2024-06-17,Electrodomesticos,Sur,87145,16462
2022-02-16,Tecnologia,Centro,238911,52800
2024-01-22,Deportes,Sur,83121,22215
2023-06-15,Vestuario,Norte,38625,13238
2024-11-15,Deportes,Sur,51110,15920
2024-01-24,Hogar,Norte,155204,38706
2023-01-12,Tecnologia,Sur,118162,31304
2023-10-02,Tecnologia,Sur,270114,71587
2024-04-21,Deportes,Centro,93242,28016
2024-08-23,Vestuario,Sur,58093,19693
2022-04-09,Hogar,Norte,120409,40166
2023-10-09,Vestuario,Centro,50039,16296
2024-04-29,Deportes,Centro,80081,24885
2023-05-01,Tecnologia,Sur,130235,34794
2022-04-09,Electrodomesticos,Centro,193758,41808
2024-03-17,Vestuario,Centro,55666,23149
2024-07-15,Vestuario,Norte,42799,15259
2024-09-09,Vestuario,Norte,49850,19735
2023-03-11,Hogar,Sur,86144,26449
2024-02-26,Electrodomesticos,Centro,152847,27271
2024-06-02,Vestuario,Norte,72958,23659
2024-01-26,Electrodomesticos,Centro,163200,31602
2023-12-24,Tecnologia,Norte,214548,50922
2022-07-27,Electrodomesticos,Centro,133138,21764
2022-08-26,Electrodomesticos,Centro,74205,13754
2022-06-16,Tecnologia,Norte,202162,51953
2023-09-14,Tecnologia,Sur,163307,44587
2023-04-12,Electrodomesticos,Norte,189084,37189
2024-09-24,Deportes,Norte,99143,35015
2023-04-03,Vestuario,Sur,56861,24313
2024-06-11,Deportes,Norte,72702,19451
2023-02-03,Electrodomesticos,Sur,173342,31252
2024-05-14,Electrodomesticos,Norte,287053,58988
2023-01-22,Tecnologia,Sur,180383,42029
2024-06-10,Vestuario,Centro,24948,9635
2024-07-09,Vestuario,Sur,90516,32191
2023-11-19,Hogar,Sur,75001,23352
2023-02-14,Vestuario,Sur,64294,24571
2024-05-25,Tecnologia,Norte,141356,34808
2022-10-06,Electrodomesticos,Sur,155035,25571
2024-01-24,Tecnologia,Norte,259135,66101
2023-11-02,Tecnologia,Centro,150336,40516
2022-12-27,Electrodomesticos,Sur,89608,16562
2024-11-14,Deportes,Sur,70457,19514
2024-04-22,Electrodomesticos,Sur,75573,17047
2023-01-30,Tecnologia,Sur,250850,64975
2022-02-18,Deportes,Centro,98522,29379
2023-10-30,Vestuario,Centro,64407,23453
2022-06-08,Deportes,Sur,66011,22359
2022-06-07,Tecnologia,Centro,146115,47580
2024-04-20,Electrodomesticos,Sur,193476,44536
2023-05-31,Hogar,Norte,97600,26401
2024-03-22,Hogar,Sur,135397,50464
2023-07-18,Deportes,Centro,99357,34361
2024-11-16,Hogar,Norte,112508,34454
2023-12-14,Electrodomesticos,Sur,191231,44175
2023-07-20,Vestuario,Norte,41215,14706
2024-01-30,Electrodomesticos,Sur,200593,43474
2023-08-08,Tecnologia,Centro,171966,45991
2023-09-10,Hogar,Centro,111814,36714
2022-05-08,Electrodomesticos,Norte,163597,31732
2023-09-09,Deportes,Centro,83390,22397
2024-12-11,Hogar,Norte,119449,35215
2024-11-15,Tecnologia,Norte,168733,39852
2024-09-12,Hogar,Sur,85286,22826
2023-04-16,Deportes,Sur,89894,34440
2022-01-11,Electrodomesticos,Sur,160127,30883
2024-08-14,Electrodomesticos,Sur,167426,35442
2024-07-31,Electrodomesticos,Norte,241682,57749
2023-03-05,Electrodomesticos,Norte,141519,24603
2023-01-30,Hogar,Sur,153927,45243
2023-11-22,Deportes,Centro,41455,13130
2023-06-23,Electrodomesticos,Sur,255363,49836
2023-10-04,Electrodomesticos,Centro,104576,16452
2023-03-04,Electrodomesticos,Norte,195611,32656
2023-04-22,Hogar,Norte,116501,33685
2022-04-16,Hogar,Norte,135067,40636
2022-02-07,Electrodomesticos,Norte,127163,26649
2023-06-16,Vestuario,Sur,31634,9150
2024-05-09,Deportes,Centro,87931,28182
2023-12-15,Deportes,Centro,67007,22473
2024-01-26,Deportes,Sur,123362,37374
2023-03-14,Hogar,Centro,128367,45359
2022-01-11,Deportes,Norte,94286,29674
2022-06-19,Electrodomesticos,Centro,95063,20698
2024-09-21,Electrodomesticos,Centro,217860,42645
2022-06-19,Deportes,Sur,58400,17775
2023-08-21,Electrodomesticos,Centro,242690,49250
2023-11-27,Deportes,Norte,65779,22490
2023-09-06,Deportes,Centro,87706,28241
2022-03-04,Electrodomesticos,Norte,218565,43742
2022-02-18,Vestuario,Centro,45394,18560
2023-04-03,Electrodomesticos,Norte,239432,45816
2024-03-25,Hogar,Sur,130378,41336
2024-05-10,Vestuario,Norte,61378,21250
2022-10-10,Vestuario,Norte,69723,26508
2023-12-06,Hogar,Norte,81171,21476
2023-09-27,Deportes,Norte,68235,19969
2024-09-28,Electrodomesticos,Norte,130786,25172
2023-09-02,Electrodomesticos,Centro,143807,27090
2023-07-06,Hogar,Centro,90772,24415
2022-04-18,Tecnologia,Centro,238272,51538
2024-11-20,Electrodomesticos,Centro,167176,34064
2022-07-29,Deportes,Centro,83671,32286
2024-12-21,Vestuario,Centro,60216,23225
2022-03-29,Vestuario,Centro,82986,39315
2024-07-31,Vestuario,Sur,36331,12477
2023-12-10,Deportes,Norte,115136,33654
2023-10-25,Hogar,Sur,116822,35815
2022-02-28,Deportes,Centro,78674,27461
2022-05-21,Deportes,Sur,49695,14359
2024-01-15,Hogar,Centro,113855,39784
2024-10-15,Hogar,Norte,104476,26535
2023-11-14,Deportes,Norte,84610,28605
2024-07-23,Hogar,Sur,107893,37026
2022-09-15,Deportes,Centro,96239,33067
2022-11-08,Deportes,Norte,48992,15489
2023-11-11,Hogar,Sur,168712,53153
2022-09-14,Vestuario,Sur,41332,14307
2022-09-13,Hogar,Norte,157683,48077
2022-12-08,Hogar,Sur,125344,39543
2024-11-22,Electrodomesticos,Centro,116378,19549
2022-07-16,Deportes,Norte,66182,23231
2024-08-18,Electrodomesticos,Norte,229219,35963
2023-12-15,Deportes,Sur,111847,41550
2022-12-03,Tecnologia,Centro,195570,55482
2022-01-22,Electrodomesticos,Centro,117565,20710
2022-05-15,Tecnologia,Sur,248085,67241
2024-03-27,Deportes,Centro,43773,14775
2022-10-08,Vestuario,Sur,39562,10738
2023-06-17,Hogar,Norte,117150,31599
2023-05-06,Vestuario,Centro,50351,18742
2022-07-06,Hogar,Norte,130204,48528
2022-07-26,Electrodomesticos,Centro,98277,20455
2022-01-26,Tecnologia,Sur,249264,51520
2023-04-19,Tecnologia,Sur,115361,29931
2022-03-19,Tecnologia,Norte,234824,61736
2022-02-02,Vestuario,Norte,50324,17638
2022-05-08,Vestuario,Sur,83077,27407
2022-10-19,Hogar,Norte,68268,17315
2022-05-13,Electrodomesticos,Norte,96591,20212
2023-04-16,Electrodomesticos,Norte,157041,35873
2024-09-21,Vestuario,Sur,54212,20614
2023-05-24,Electrodomesticos,Norte,189187,31640
2024-04-15,Deportes,Centro,64626,23484
2023-08-25,Hogar,Norte,117465,36533
2024-04-06,Deportes,Norte,46091,14940
2024-01-02,Hogar,Norte,154260,43718
2023-03-27,Hogar,Norte,86413,23549
2024-03-25,Vestuario,Centro,69447,26214
2024-03-15,Tecnologia,Sur,204668,46995
2023-03-21,Tecnologia,Sur,166842,48625
2023-06-03,Hogar,Norte,117429,33212
2022-10-13,Vestuario,Centro,67911,23460
2023-01-20,Hogar,Centro,188320,64627
2024-02-08,Vestuario,Norte,70751,27421
2023-05-09,Electrodomesticos,Centro,158328,34240
2024-12-07,Vestuario,Norte,104186,37899
2022-01-09,Electrodomesticos,Norte,173440,41513
2022-11-26,Tecnologia,Norte,261976,69045
2022-04-10,Hogar,Norte,122389,29445
2022-08-31,Hogar,Sur,145951,54730
2022-10-24,Electrodomesticos,Norte,209278,34688
2022-11-05,Vestuario,Norte,32949,13978
2022-10-10,Hogar,Norte,104554,34996
2023-11-09,Vestuario,Norte,40639,15501
2022-05-18,Deportes,Centro,65891,21050
2024-06-06,Electrodomesticos,Sur,178166,27641
2022-06-17,Tecnologia,Norte,292766,62368
2022-06-08,Electrodomesticos,Centro,187898,37979
2023-06-25,Electrodomesticos,Centro,76839,13216
2022-01-17,Electrodomesticos,Sur,187106,36899
2023-07-01,Deportes,Norte,75116,28223
2024-07-27,Vestuario,Centro,27469,9219
2024-08-13,Hogar,Centro,141106,37310
2022-01-24,Hogar,Norte,110750,33941
2022-04-27,Hogar,Sur,134644,41486
2022-10-09,Electrodomesticos,Sur,145303,18825
2024-07-31,Deportes,Sur,49806,17363
2024-08-04,Vestuario,Sur,49646,18029
2024-07-05,Tecnologia,Centro,77116,20511
2023-09-27,Deportes,Centro,42324,14411
2023-03-18,Hogar,Centro,133030,36983
2024-01-14,Deportes,Norte,59896,17807
2023-03-13,Deportes,Sur,64449,16599
2022-08-20,Hogar,Centro,196124,53694
2024-02-13,Deportes,Sur,87301,30894
2022-06-02,Vestuario,Norte,49169,18159
2022-09-10,Electrodomesticos,Centro,170638,26138
2024-06-15,Deportes,Norte,66020,24232
2024-06-11,Hogar,Centro,109798,40979
2022-07-03,Vestuario,Centro,61846,24084
2024-01-11,Hogar,Sur,101420,32419
2023-12-09,Vestuario,Norte,48741,17612
2023-03-20,Electrodomesticos,Centro,195280,32826
2023-08-12,Deportes,Sur,49644,16167
2022-10-26,Hogar,Norte,89366,24726
2022-06-28,Deportes,Sur,73056,23759
2023-04-21,Electrodomesticos,Sur,227294,58555
2022-12-08,Electrodomesticos,Norte,293788,60519
2024-10-07,Tecnologia,Sur,189566,47443
2023-12-21,Deportes,Norte,76080,25563
2024-06-04,Vestuario,Norte,41892,17980
2022-12-28,Vestuario,Centro,64013,25278
2022-11-22,Hogar,Centro,128081,35849
2023-04-02,Electrodomesticos,Sur,123026,26282
2022-06-18,Hogar,Sur,198582,57547
2023-06-11,Tecnologia,Sur,214394,57682
2024-12-16,Electrodomesticos,Norte,122525,25185
2024-10-10,Deportes,Sur,55291,20492
2023-12-06,Electrodomesticos,Sur,239614,40475
2023-05-18,Tecnologia,Centro,68896,21222
2024-03-19,Tecnologia,Sur,203737,41803
2022-07-07,Deportes,Norte,72648,22886
2024-12-27,Hogar,Sur,97815,33118
2023-03-24,Vestuario,Centro,56865,25797
2022-11-10,Tecnologia,Sur,85431,19715
2024-09-11,Electrodomesticos,Centro,248771,51761
2022-09-20,Tecnologia,Centro,137717,34412
2023-08-18,Vestuario,Norte,48644,19691
2023-09-13,Hogar,Norte,106355,33826
2024-08-06,Electrodomesticos,Sur,212527,39520
2024-08-05,Electrodomesticos,Sur,287459,74162
2022-05-22,Hogar,Centro,143439,47355
2023-06-11,Electrodomesticos,Sur,197601,42136
2024-10-18,Tecnologia,Sur,246936,71119
2023-10-12,Tecnologia,Sur,178251,38269
2022-04-28,Tecnologia,Norte,220166,38054
2024-05-21,Electrodomesticos,Norte,228208,44524
2022-04-17,Electrodomesticos,Norte,146130,23273
2024-08-22,Vestuario,Sur,46339,15488
2023-04-25,Tecnologia,Centro,201208,61197
2022-11-25,Deportes,Sur,68201,12802
2023-03-07,Vestuario,Sur,53590,22560
2023-07-02,Vestuario,Sur,85791,33826
2024-11-03,Hogar,Norte,113713,33662
2022-09-07,Deportes,Centro,87850,31715
2024-07-25,Deportes,Sur,71996,22610
2022-01-26,Hogar,Norte,156839,51715
2023-01-15,Electrodomesticos,Norte,208517,46169
2024-05-19,Tecnologia,Centro,151748,35089
2024-07-17,Hogar,Norte,122421,34618
2022-08-26,Electrodomesticos,Norte,184003,43158
2023-03-25,Tecnologia,Norte,204071,50280
2022-12-27,Tecnologia,Sur,188241,51873
2022-01-27,Electrodomesticos,Sur,160035,25350
2022-04-27,Vestuario,Centro,59295,21945
2022-08-01,Deportes,Norte,100205,36123
2024-01-16,Deportes,Norte,105824,31171
2022-11-21,Vestuario,Norte,51635,22218
2024-09-19,Hogar,Centro,150755,45667
2024-04-11,Vestuario,Norte,45305,19380
2023-07-13,Vestuario,Norte,68408,28386
2024-05-13,Hogar,Sur,67694,20048
2023-08-18,Hogar,Centro,129851,39740
2023-05-28,Vestuario,Sur,76035,28930
2024-10-17,Hogar,Sur,52053,15423
2024-03-01,Vestuario,Centro,29131,10604
2023-12-23,Tecnologia,Norte,248642,78892
2023-02-05,Hogar,Sur,122115,34599
2023-11-03,Tecnologia,Centro,243098,59227
2022-05-19,Hogar,Sur,44353,10306
2024-02-22,Deportes,Sur,102989,29132
2023-08-21,Electrodomesticos,Norte,220209,39177
2023-04-03,Vestuario,Centro,44592,16462
2022-02-18,Vestuario,Centro,65708,30139
2024-06-15,Vestuario,Centro,35066,11411
2023-05-31,Tecnologia,Centro,184155,46851
2023-08-12,Tecnologia,Centro,202035,55871
2024-11-01,Deportes,Norte,35922,9789
2022-02-15,Hogar,Norte,79484,28129
2024-02-24,Vestuario,Centro,53291,17558
2024-04-19,Deportes,Sur,45532,12838
2023-11-09,Hogar,Sur,114023,36124
2024-10-16,Deportes,Sur,56753,18974
2023-04-23,Hogar,Sur,184016,54917
2022-05-11,Electrodomesticos,Sur,223518,47616
2023-04-22,Deportes,Sur,95647,26332
2023-08-09,Electrodomesticos,Sur,212926,49828
2023-01-24,Electrodomesticos,Centro,316149,62841
2023-04-08,Deportes,Sur,52802,14586
2024-10-23,Electrodomesticos,Sur,161854,28480
2023-04-18,Electrodomesticos,Norte,213303,45955
2024-09-02,Hogar,Sur,111146,33978
2024-07-19,Hogar,Centro,132437,37957
2023-12-10,Hogar,Sur,128839,42113
2024-11-24,Deportes,Norte,100578,25653
2022-11-02,Tecnologia,Sur,330060,77822
2024-04-08,Electrodomesticos,Centro,190608,39739
2023-09-22,Deportes,Norte,92571,23674
2022-11-06,Tecnologia,Norte,214568,53173
2024-05-20,Hogar,Sur,99098,30652
2022-01-07,Tecnologia,Norte,182770,53557
2022-10-21,Vestuario,Norte,68555,25870
2022-11-07,Vestuario,Sur,59729,23143
2022-05-28,Vestuario,Norte,58293,23220
2024-07-30,Vestuario,Norte,67361,26034
2022-08-02,Tecnologia,Centro,148925,34424
2022-03-28,Electrodomesticos,Norte,158715,35122
2022-03-09,Hogar,Norte,105598,32568
2024-05-04,Deportes,Norte,79521,26031
2022-08-30,Tecnologia,Norte,198674,47916
2023-02-18,Electrodomesticos,Centro,139749,23580
2024-12-16,Deportes,Centro,72096,23507
2023-04-23,Vestuario,Centro,35440,11435
2023-08-17,Electrodomesticos,Sur,202960,39754
2023-04-13,Electrodomesticos,Centro,321483,68272
2023-08-30,Hogar,Sur,93221,24368
2023-10-09,Hogar,Norte,89373,20937
2024-07-20,Deportes,Sur,125671,44149
2023-09-16,Vestuario,Centro,42884,18289
2024-07-01,Electrodomesticos,Sur,179629,36913
2024-01-07,Vestuario,Norte,37914,13948
2022-03-31,Tecnologia,Sur,148973,43921
2023-07-08,Electrodomesticos,Sur,175264,33980
2022-08-25,Electrodomesticos,Sur,123806,26558
2023-07-24,Tecnologia,Norte,211056,46343
2022-02-14,Electrodomesticos,Sur,213662,38831
2024-08-31,Hogar,Centro,59160,18452
2022-09-19,Deportes,Centro,77801,22441
2022-09-24,Electrodomesticos,Centro,246568,46636
2023-10-21,Electrodomesticos,Centro,194711,47628
2022-11-05,Tecnologia,Sur,65680,15815
2024-08-16,Deportes,Norte,68150,22291
2024-05-11,Vestuario,Centro,64391,27490
2022-10-19,Deportes,Norte,104787,27449
2023-08-29,Deportes,Sur,99473,29213
2023-12-25,Electrodomesticos,Centro,158314,40440
2022-03-08,Hogar,Norte,111147,33916
2022-09-29,Tecnologia,Centro,232464,73072
2023-05-09,Electrodomesticos,Sur,222451,53515
2024-04-01,Deportes,Norte,93523,31279
2022-03-27,Vestuario,Centro,34184,14079
2024-02-11,Electrodomesticos,Centro,106702,24652
2023-08-01,Vestuario,Centro,41906,15750
2023-09-30,Deportes,Centro,79487,22339
2022-05-22,Deportes,Norte,41664,14645
2023-02-18,Vestuario,Norte,75115,29645
2023-08-27,Hogar,Norte,50724,14149
2023-11-14,Hogar,Norte,94105,34952
2023-03-04,Hogar,Norte,141196,42004
2024-12-17,Hogar,Norte,106767,29966
2023-08-20,Deportes,Sur,102827,37176
2024-10-22,Hogar,Centro,121083,34869
2022-10-08,Hogar,Norte,61317,17864
2023-11-08,Hogar,Centro,94579,20211
2024-09-27,Vestuario,Norte,50446,18307
2024-06-02,Deportes,Sur,98861,32451
2024-12-16,Electrodomesticos,Norte,214887,44018
2022-04-06,Deportes,Centro,70693,25923
2024-11-30,Tecnologia,Centro,159882,40084
2023-05-11,Deportes,Centro,70486,20136
2023-03-22,Tecnologia,Norte,160571,45731
2023-11-27,Tecnologia,Norte,182069,40321
2022-07-06,Vestuario,Centro,59942,22426
2022-07-02,Vestuario,Centro,75214,28538
2023-01-24,Hogar,Sur,66655,20125
2023-04-09,Deportes,Norte,97226,31752
2023-01-12,Deportes,Sur,42398,15120
2022-05-22,Vestuario,Sur,54711,20544
2023-12-22,Hogar,Sur,163528,49895
2023-09-08,Vestuario,Norte,69249,26791
2022-10-19,Tecnologia,Sur,140243,36071
2024-03-22,Hogar,Centro,120725,44695
2022-05-26,Deportes,Sur,85475,31631
2023-07-10,Deportes,Centro,34140,10153
2023-06-21,Vestuario,Centro,61702,19586
2022-04-17,Hogar,Centro,184971,59910
2022-10-23,Vestuario,Sur,40061,15863
2022-02-04,Tecnologia,Norte,158470,33848
2024-10-18,Hogar,Centro,107035,29717
2022-01-21,Vestuario,Norte,66048,26198
2023-07-11,Electrodomesticos,Centro,207818,42749
2023-03-29,Deportes,Centro,63233,17315
2022-06-29,Electrodomesticos,Sur,257968,51126
2024-07-25,Hogar,Centro,99125,39009
2023-12-16,Electrodomesticos,Sur,186161,43226
2024-07-11,Hogar,Centro,131008,31294
2024-03-15,Hogar,Norte,82596,23631
2022-06-24,Electrodomesticos,Sur,227469,41281
2023-07-22,Deportes,Sur,98799,32067
2023-01-02,Tecnologia,Sur,249193,65108
2023-09-14,Deportes,Centro,109794,37828
2024-09-24,Tecnologia,Sur,317503,67943
2024-08-29,Hogar,Norte,153581,41636
2024-02-16,Hogar,Norte,84240,25705
2022-10-11,Vestuario,Norte,57954,25641
2024-08-11,Hogar,Norte,53729,13767
2022-03-03,Vestuario,Centro,26269,9586
2022-12-19,Electrodomesticos,Sur,221743,37607
2024-06-06,Vestuario,Sur,63286,24143
2022-03-26,Vestuario,Centro,28108,10244
2024-10-27,Hogar,Centro,55188,13447
2024-07-15,Vestuario,Centro,47116,18658
2024-10-12,Hogar,Norte,107789,33756
2024-02-25,Tecnologia,Sur,136213,40278
2023-08-28,Vestuario,Centro,68723,22522
2024-01-19,Tecnologia,Centro,182443,46871
2023-06-29,Deportes,Centro,120370,37843
2024-12-07,Deportes,Centro,60294,20181
2024-12-14,Electrodomesticos,Norte,154528,33568
2022-08-23,Hogar,Sur,124128,38601
2024-06-25,Vestuario,Centro,65307,23832
2024-09-13,Deportes,Centro,54681,18828
2024-07-20,Hogar,Centro,100186,25879
2023-08-09,Vestuario,Norte,90510,31726
2024-03-04,Deportes,Norte,69881,21189
2022-11-04,Electrodomesticos,Centro,188285,34162
2022-04-08,Tecnologia,Norte,104222,30591
2024-04-01,Tecnologia,Sur,211597,56302
2022-03-02,Deportes,Norte,113813,43931
2022-10-27,Tecnologia,Centro,237511,45979
2024-09-09,Vestuario,Centro,48804,21385
2022-02-11,Vestuario,Norte,27307,12665
2024-11-24,Hogar,Norte,103463,27465
2022-02-03,Electrodomesticos,Centro,166749,32999
2023-10-19,Deportes,Sur,95800,29384
2024-11-07,Tecnologia,Sur,251603,53775
2022-09-20,Electrodomesticos,Centro,274986,42503
2023-03-04,Electrodomesticos,Sur,168179,29551
2022-05-09,Tecnologia,Centro,220656,63238
2022-11-06,Tecnologia,Sur,112775,31902
2024-04-24,Tecnologia,Sur,113938,36204
2023-03-12,Vestuario,Sur,49680,19519
2022-02-12,Electrodomesticos,Centro,134324,24438
2023-06-22,Hogar,Centro,128240,31407
2023-12-25,Vestuario,Sur,45974,15831
2022-09-22,Tecnologia,Sur,213380,62498
2022-04-04,Hogar,Norte,131558,37083
2024-02-26,Electrodomesticos,Centro,212425,40389
2022-08-06,Deportes,Sur,48352,15198
2023-07-24,Deportes,Sur,69378,19072
2023-06-23,Electrodomesticos,Sur,78507,15172
2023-09-03,Tecnologia,Sur,209965,48456
2023-06-24,Hogar,Norte,114574,36450
2022-11-29,Hogar,Centro,130050,36534
2023-01-27,Vestuario,Norte,78843,26435
2022-09-29,Vestuario,Norte,58738,25191
2022-11-22,Vestuario,Norte,100066,40234
2024-07-07,Vestuario,Norte,51312,20306
2023-12-02,Vestuario,Sur,33581,11116
2024-10-02,Deportes,Centro,84087,25224
2024-04-22,Electrodomesticos,Norte,131907,23941
2023-10-20,Vestuario,Centro,67956,30560
2022-11-27,Hogar,Norte,115453,36027
2023-05-29,Deportes,Centro,96773,29833
2023-02-13,Hogar,Centro,115774,29389
2023-02-11,Vestuario,Norte,57497,19334
2024-11-22,Hogar,Sur,127923,34428
2023-10-21,Hogar,Sur,35608,9480
2022-10-12,Tecnologia,Sur,136387,32122
2022-10-11,Electrodomesticos,Centro,181555,41386
2023-03-24,Deportes,Centro,107379,32934
2024-04-17,Vestuario,Sur,46172,21701
2022-12-20,Tecnologia,Centro,209127,56763
2024-05-13,Electrodomesticos,Centro,160119,35143
2022-02-09,Vestuario,Centro,61492,19382
2022-06-23,Electrodomesticos,Norte,281354,47741
2024-11-30,Hogar,Norte,125518,40022
2022-07-16,Vestuario,Centro,61755,20576
2024-10-15,Tecnologia,Centro,297311,72000
2022-03-04,Vestuario,Sur,69820,33477
2022-11-22,Electrodomesticos,Norte,150062,26050
2022-08-21,Hogar,Norte,92724,21411
2024-04-28,Tecnologia,Sur,158172,39413
2023-05-01,Electrodomesticos,Sur,206256,46202
2024-04-18,Electrodomesticos,Sur,96274,19734
2022-05-07,Electrodomesticos,Sur,179033,36371
2023-07-30,Tecnologia,Norte,167220,52510
2024-04-06,Tecnologia,Sur,210542,62855
2023-08-06,Electrodomesticos,Norte,205671,40737
2023-09-13,Deportes,Centro,74019,21166
2024-02-11,Tecnologia,Norte,172934,50842
2023-01-24,Tecnologia,Centro,276272,65756
2023-02-27,Deportes,Norte,66211,18395
2023-03-14,Vestuario,Norte,44402,19149
2024-09-26,Tecnologia,Centro,194184,43115
2023-11-18,Vestuario,Sur,48430,17434
2024-02-23,Tecnologia,Centro,200192,57336
2023-08-03,Deportes,Sur,57588,16588
2024-11-23,Vestuario,Centro,76930,34914
2022-01-24,Deportes,Centro,67597,20193
2022-01-07,Tecnologia,Sur,246968,52625
2023-10-31,Vestuario,Centro,38298,15682
2022-04-17,Tecnologia,Norte,339234,84471
2023-04-21,Electrodomesticos,Norte,124251,23542
2023-04-14,Vestuario,Centro,52094,21296
2022-05-18,Electrodomesticos,Sur,213432,45268
2023-07-30,Hogar,Norte,146305,30172
2024-11-01,Vestuario,Sur,64770,22436
2022-08-19,Deportes,Norte,68648,23811
2023-05-31,Deportes,Norte,70488,22660
2024-11-21,Hogar,Centro,109307,35061
2023-06-06,Hogar,Norte,72743,21291
2024-05-28,Hogar,Sur,146442,35821
2023-04-23,Electrodomesticos,Centro,244134,51012
2023-03-04,Tecnologia,Sur,197656,48657
2024-05-26,Tecnologia,Norte,129424,28214
2022-08-12,Hogar,Norte,140616,36046
2023-06-20,Vestuario,Sur,70766,25903
2022-09-08,Vestuario,Sur,47605,19705
2024-07-06,Deportes,Centro,59709,20119
2022-08-12,Tecnologia,Norte,179702,39183
2024-02-03,Deportes,Centro,103448,38318
2023-08-28,Vestuario,Norte,61139,21153
2023-09-08,Hogar,Centro,131470,37652
2023-10-24,Vestuario,Sur,22714,8654
2022-07-14,Vestuario,Norte,71786,20668
2023-07-29,Deportes,Norte,43457,12614
2023-01-28,Electrodomesticos,Centro,187344,41677
2023-10-18,Hogar,Centro,131446,39087
2022-04-11,Deportes,Norte,85788,26155
2022-07-05,Vestuario,Centro,67624,23323
2024-11-28,Vestuario,Sur,78158,31076
2022-12-08,Hogar,Sur,145312,41703
2023-08-02,Vestuario,Norte,51434,21238
2024-10-06,Vestuario,Sur,47489,18758
2024-09-10,Tecnologia,Sur,130026,33249
2024-05-04,Hogar,Centro,127542,40763
2022-03-11,Deportes,Sur,108790,40155
2022-04-13,Electrodomesticos,Centro,155018,25236
2023-11-28,Tecnologia,Norte,290391,79762
2022-02-22,Vestuario,Sur,38894,18764
2022-07-30,Electrodomesticos,Norte,234113,51580
2023-02-03,Vestuario,Centro,39669,15783
2024-03-10,Vestuario,Sur,46086,18672
2024-06-30,Deportes,Norte,63931,23284
2022-04-11,Electrodomesticos,Sur,117845,21763
2023-07-01,Tecnologia,Norte,204426,58093
2022-05-07,Vestuario,Sur,69209,30926
2022-08-03,Deportes,Sur,73312,22669
2024-04-25,Electrodomesticos,Sur,162690,32910
2022-07-18,Tecnologia,Norte,208453,52851
2023-08-13,Vestuario,Centro,69074,26085
2022-02-17,Hogar,Sur,123201,36138
2023-07-29,Hogar,Norte,124642,41038
2023-01-26,Hogar,Norte,64418,12624
2023-12-31,Electrodomesticos,Norte,199090,43941
2024-04-07,Vestuario,Sur,54456,17200
2024-12-23,Deportes,Centro,54879,16289
2024-08-31,Hogar,Centro,127571,35019
2023-09-18,Vestuario,Norte,52952,18470
2024-02-17,Hogar,Sur,39001,13590
2022-03-29,Electrodomesticos,Centro,140123,25160
2024-11-12,Deportes,Norte,120343,36614
2023-01-29,Electrodomesticos,Norte,133104,27973
2024-08-20,Hogar,Norte,116491,36724
2024-11-19,Tecnologia,Centro,210964,53231
2023-08-23,Tecnologia,Sur,300604,62682
2024-03-16,Hogar,Norte,68143,14843
2024-10-15,Tecnologia,Centro,155151,41915
2022-03-29,Electrodomesticos,Centro,234460,44770
2024-10-17,Hogar,Norte,129126,37721
2024-09-14,Tecnologia,Centro,250147,56891
2023-01-25,Deportes,Norte,59762,19560
2022-04-09,Vestuario,Centro,36794,15382
2022-03-01,Electrodomesticos,Sur,275254,50293
2024-11-06,Tecnologia,Centro,44404,10842
2024-06-22,Hogar,Centro,68042,17653
2022-05-08,Hogar,Norte,106841,26356
2024-07-07,Deportes,Centro,44422,13997
2023-12-25,Hogar,Centro,91261,25755
2024-11-21,Hogar,Sur,108364,33896
2023-11-15,Vestuario,Norte,37724,14510
2024-06-21,Tecnologia,Norte,284541,56523
2024-04-19,Electrodomesticos,Norte,261064,40151
2024-04-17,Hogar,Sur,142762,37687
2022-07-15,Hogar,Sur,126647,36562
2022-06-24,Vestuario,Norte,73276,24336
2023-02-16,Electrodomesticos,Sur,191894,44565
2024-12-17,Hogar,Sur,161517,43561
2024-02-06,Vestuario,Centro,28944,11047
2023-12-10,Hogar,Sur,103413,30462
2022-12-07,Deportes,Sur,84360,22027
2022-09-10,Vestuario,Sur,56060,20218
2022-12-23,Tecnologia,Norte,284979,64630
2023-04-30,Hogar,Sur,63116,17205
2024-06-23,Tecnologia,Sur,176637,41215
2023-09-04,Vestuario,Centro,46906,18575
2022-02-27,Hogar,Sur,99227,34064
2022-04-27,Tecnologia,Sur,140770,39139
2023-05-05,Vestuario,Sur,75814,28559
2023-11-21,Electrodomesticos,Norte,220913,41768
2023-03-11,Hogar,Centro,121947,33474
2023-11-07,Tecnologia,Centro,192954,49466
2024-04-25,Deportes,Norte,65363,19234
2022-10-13,Deportes,Norte,60952,19892
2024-01-22,Tecnologia,Norte,226789,61303
2024-05-06,Vestuario,Sur,35435,13329
2023-01-11,Vestuario,Centro,46907,16184
2024-04-12,Deportes,Centro,69572,17130
2022-08-25,Hogar,Sur,93517,28420
2022-10-04,Hogar,Centro,173561,52884
2024-11-18,Tecnologia,Centro,309829,71054
2022-02-12,Vestuario,Centro,55175,19241
2022-04-24,Hogar,Centro,79826,21285
2024-08-04,Hogar,Norte,124731,37380
2023-06-10,Vestuario,Centro,53212,24109
2023-02-27,Electrodomesticos,Centro,219173,52687
2023-02-11,Tecnologia,Norte,222406,58954
2022-04-06,Deportes,Norte,78280,24934
2024-07-24,Vestuario,Centro,48318,15688
2023-11-23,Deportes,Centro,123030,43796
2023-04-16,Electrodomesticos,Sur,267044,55066
2024-07-06,Electrodomesticos,Centro,317107,59005
2024-12-03,Hogar,Norte,100215,31093
2024-05-20,Vestuario,Sur,32243,12570
2022-11-17,Vestuario,Centro,91208,34955
2023-07-27,Deportes,Centro,85319,30368
2022-11-22,Vestuario,Norte,40474,17786
2023-11-24,Vestuario,Norte,58877,27083
2022-10-23,Vestuario,Centro,70377,26029
2023-07-06,Deportes,Sur,100968,31834
2024-07-23,Vestuario,Centro,58634,23158
2023-01-23,Hogar,Sur,105115,34047
2023-10-23,Hogar,Sur,72262,19285
2023-06-03,Hogar,Centro,122570,33601
2023-10-19,Tecnologia,Norte,355545,86446
2022-01-05,Vestuario,Sur,43223,15791
2023-09-26,Deportes,Centro,112194,35268
2022-10-08,Tecnologia,Sur,149341,40346
2022-11-10,Vestuario,Centro,60572,19526
2023-02-13,Tecnologia,Centro,340935,103901
2023-06-04,Electrodomesticos,Sur,174245,40231
2022-11-06,Vestuario,Sur,46439,18800
2023-08-14,Electrodomesticos,Sur,33135,7072
2024-08-01,Deportes,Norte,68762,22376
2023-07-31,Deportes,Sur,93074,28701
2024-05-25,Vestuario,Norte,51473,19916
2023-04-21,Vestuario,Sur,21197,7360
2022-09-18,Electrodomesticos,Norte,268601,50400
2024-06-26,Electrodomesticos,Centro,207474,45873
2023-07-16,Hogar,Centro,72502,19982
2022-05-07,Tecnologia,Norte,89977,26000
2022-10-13,Hogar,Centro,51234,18665
2024-11-27,Hogar,Sur,132520,37614
2024-01-25,Electrodomesticos,Centro,172144,30540
2022-03-11,Hogar,Norte,95539,26340
2023-02-11,Hogar,Norte,55974,15788
2022-07-04,Tecnologia,Centro,281715,76217
2024-06-05,Deportes,Sur,82933,30158
2023-05-26,Tecnologia,Norte,109944,24037
2023-02-28,Tecnologia,Norte,250645,56026
2024-09-12,Vestuario,Norte,30617,13235
2022-12-08,Tecnologia,Norte,275757,81727
2023-09-07,Tecnologia,Norte,188829,42011
2022-03-30,Electrodomesticos,Norte,219249,47161
2024-05-28,Electrodomesticos,Centro,226129,40708
2023-08-27,Deportes,Norte,110585,43527
2024-04-04,Electrodomesticos,Norte,111544,21042
2024-05-27,Vestuario,Centro,62486,26159
2024-05-06,Hogar,Norte,50861,15730
2024-01-26,Deportes,Sur,67454,20985
2022-01-14,Electrodomesticos,Centro,136622,28023
2024-03-29,Hogar,Centro,155875,37463
2024-02-06,Tecnologia,Norte,255852,64604
2022-04-18,Deportes,Norte,42072,9438
2024-11-12,Hogar,Centro,118433,38707
2024-02-07,Deportes,Centro,115668,35890
2022-04-25,Deportes,Norte,47483,16675
2024-09-13,Electrodomesticos,Norte,234804,43463
2022-09-06,Hogar,Sur,108738,33536
2022-03-02,Electrodomesticos,Norte,146221,29320
2022-11-28,Electrodomesticos,Norte,162688,32667
2024-12-14,Deportes,Sur,96408,28090
2023-11-15,Tecnologia,Norte,272747,62735
2023-04-28,Deportes,Sur,100710,28364
2022-10-20,Electrodomesticos,Norte,129123,22049
2024-08-29,Deportes,Sur,98949,33103
2024-09-27,Electrodomesticos,Sur,181419,38190
2023-01-15,Hogar,Centro,88538,27289
2024-07-17,Tecnologia,Sur,221279,50750
2022-01-18,Hogar,Norte,101425,34489
2024-11-25,Deportes,Centro,92455,33315
2024-11-12,Electrodomesticos,Norte,195302,34746
2022-11-18,Deportes,Norte,63939,17933
2024-03-18,Hogar,Sur,146483,45496
2024-07-25,Hogar,Centro,137997,35862
2023-10-10,Vestuario,Norte,33067,11210
2023-03-11,Tecnologia,Norte,280819,68154
2024-05-17,Deportes,Centro,51953,13514
2022-12-13,Electrodomesticos,Sur,261236,46918
2023-01-28,Vestuario,Centro,31369,11270
2024-11-29,Electrodomesticos,Norte,256241,52462
2024-07-03,Vestuario,Norte,40573,17308
2023-07-29,Deportes,Sur,57036,16974
2024-09-05,Deportes,Sur,64494,14982
2022-07-31,Vestuario,Norte,45125,14238
2022-06-13,Electrodomesticos,Sur,185265,42356
2024-12-24,Vestuario,Norte,20087,8247
2023-12-24,Vestuario,Centro,88960,29695
2022-03-27,Tecnologia,Norte,262587,58926
2023-05-23,Tecnologia,Centro,207395,51459
2024-11-08,Hogar,Centro,126715,44060
2024-07-19,Hogar,Norte,100204,33782
2022-10-15,Deportes,Centro,124062,34985
2024-12-08,Vestuario,Sur,68242,21018
2023-04-21,Tecnologia,Norte,108711,24574
2022-01-12,Electrodomesticos,Sur,161048,37650
2024-02-01,Vestuario,Centro,56295,19651
2023-07-19,Tecnologia,Norte,92044,25040
2022-05-14,Vestuario,Norte,77873,27772
2022-07-28,Deportes,Norte,102693,30774
2022-09-12,Hogar,Centro,142991,45115
2022-04-01,Deportes,Norte,90484,21046
2024-01-12,Tecnologia,Norte,255495,58235
2023-01-28,Tecnologia,Centro,128758,35744
2024-04-29,Tecnologia,Sur,213326,42595
2024-05-08,Electrodomesticos,Centro,209357,53569
2024-11-03,Vestuario,Sur,74172,26979
2024-08-19,Deportes,Norte,61597,18457
2023-07-29,Tecnologia,Norte,111600,24727
2024-03-14,Vestuario,Centro,67330,22358
2024-09-27,Vestuario,Sur,53384,18042
2022-02-04,Electrodomesticos,Sur,168719,45610
2022-10-25,Hogar,Norte,99836,28326
2024-03-13,Deportes,Centro,57247,18285
2024-07-04,Vestuario,Norte,75031,26567
2022-02-03,Tecnologia,Centro,162555,46449
2024-07-11,Deportes,Centro,66537,23025
2023-11-22,Hogar,Norte,138791,37236
2022-09-10,Deportes,Norte,91589,30168
2023-08-26,Deportes,Sur,60200,16436
2024-11-12,Deportes,Centro,52588,15521
2022-05-23,Electrodomesticos,Centro,177550,41945
2022-12-23,Electrodomesticos,Sur,120072,26734
2022-04-16,Deportes,Norte,103472,31676
2023-12-02,Vestuario,Centro,52331,22923
2024-05-17,Hogar,Sur,168096,51177
2023-08-10,Hogar,Centro,116032,42904
2022-01-22,Tecnologia,Norte,164923,43842
2024-10-19,Tecnologia,Norte,154279,46854
2023-08-02,Tecnologia,Norte,231986,56762
2024-09-15,Electrodomesticos,Centro,186629,30068
2023-10-16,Vestuario,Norte,65234,26121
2023-05-07,Deportes,Norte,84813,26499
2022-03-05,Electrodomesticos,Centro,227778,47848
2023-05-12,Hogar,Sur,137689,40008
2023-04-13,Vestuario,Sur,19616,7418
2023-11-27,Deportes,Norte,45269,12643
2024-10-19,Electrodomesticos,Norte,146143,24715
2023-02-17,Tecnologia,Norte,155258,34223
2022-03-14,Deportes,Sur,85490,25211
2022-02-10,Electrodomesticos,Centro,142998,27723
2023-01-14,Deportes,Norte,107545,40091
2024-11-13,Hogar,Sur,103157,30196
2022-05-03,Hogar,Sur,117576,39296
2023-12-23,Tecnologia,Centro,178519,36930
2022-06-06,Electrodomesticos,Sur,152315,26772
2022-02-21,Vestuario,Norte,76298,29270
2024-11-27,Electrodomesticos,Sur,119098,22024
2024-04-05,Electrodomesticos,Sur,228414,45612
2024-01-18,Tecnologia,Centro,238810,66324
2024-10-01,Tecnologia,Sur,298717,69489
2022-07-08,Deportes,Centro,56767,21728
2023-03-01,Deportes,Sur,76417,26835
2023-12-02,Vestuario,Centro,95789,37713
2022-03-12,Electrodomesticos,Centro,184731,45052
2022-04-15,Electrodomesticos,Norte,156224,30938
2024-04-30,Tecnologia,Norte,248110,60871
2023-07-13,Tecnologia,Centro,235089,56177
2023-12-01,Tecnologia,Centro,210016,55174
2022-08-19,Tecnologia,Norte,127120,27513
2023-11-29,Tecnologia,Norte,60802,17687
2022-12-08,Tecnologia,Centro,190734,45611
2024-07-21,Deportes,Norte,116208,33122
2024-10-22,Vestuario,Sur,15000,5469
2023-11-21,Electrodomesticos,Norte,128532,29532
2022-02-26,Electrodomesticos,Sur,179433,37840
2022-12-27,Vestuario,Norte,57430,24480
2024-08-11,Vestuario,Norte,52234,20535
2022-05-04,Hogar,Norte,77267,23123
2022-02-23,Vestuario,Sur,33604,12291
2023-04-02,Tecnologia,Norte,164299,33158
2023-02-02,Vestuario,Sur,51063,19562
2024-04-02,Electrodomesticos,Sur,211023,41156
2024-10-18,Hogar,Centro,84904,21898
2023-03-25,Vestuario,Centro,42529,17990
2024-10-06,Electrodomesticos,Centro,272397,59780
2024-05-31,Tecnologia,Norte,108312,29929
2023-05-14,Tecnologia,Sur,217268,43794
2022-07-15,Deportes,Sur,107465,40733
2024-08-15,Tecnologia,Sur,193389,51056
2023-05-07,Deportes,Sur,77559,27306
2023-10-19,Tecnologia,Sur,142760,33291
2022-11-14,Electrodomesticos,Norte,107725,22105
2024-03-19,Vestuario,Centro,57428,20627
2022-06-06,Hogar,Norte,154451,42222
2023-03-29,Tecnologia,Centro,137859,34193
2024-06-23,Tecnologia,Norte,283888,65683
2023-01-25,Deportes,Sur,42954,11689
2023-03-18,Electrodomesticos,Sur,84030,17554
2023-07-22,Deportes,Centro,63300,21462
2023-05-12,Vestuario,Sur,60223,19003
2022-12-30,Vestuario,Norte,45690,20264
2022-08-03,Electrodomesticos,Sur,220189,45152
2023-01-02,Deportes,Sur,108464,39318
2023-07-30,Electrodomesticos,Centro,204469,41040
2023-06-30,Electrodomesticos,Centro,276842,67018
2024-01-28,Vestuario,Sur,44513,17967
2024-08-27,Deportes,Centro,75259,22129
2024-10-05,Electrodomesticos,Sur,119238,25021
2023-03-23,Vestuario,Norte,66665,22552
2024-10-08,Electrodomesticos,Sur,195232,35200
2023-07-16,Electrodomesticos,Centro,182329,41149
2023-01-13,Tecnologia,Sur,230537,66696
2022-07-04,Electrodomesticos,Sur,162277,28108
2024-03-13,Deportes,Centro,72000,15572
2023-10-05,Vestuario,Norte,84830,34999
2024-09-16,Deportes,Sur,58174,17086
2024-04-01,Deportes,Norte,70627,19599
2022-12-04,Vestuario,Centro,49943,20336
2022-02-11,Tecnologia,Sur,122093,34641
2024-09-17,Tecnologia,Centro,228734,65906
2023-07-08,Hogar,Sur,107971,25212
2023-09-15,Vestuario,Centro,66832,25374
2022-12-10,Vestuario,Sur,57401,20528
2023-10-30,Tecnologia,Centro,252917,64425
2024-12-14,Hogar,Centro,103411,40209
2024-05-05,Hogar,Sur,84880,25262
2022-05-27,Vestuario,Centro,55384,24143
2023-06-12,Tecnologia,Sur,267263,69446
2024-11-11,Hogar,Norte,103042,34360
2023-12-06,Deportes,Centro,96853,34477
2022-05-16,Deportes,Sur,115452,44729
2022-10-04,Deportes,Sur,87811,27679
2024-05-16,Hogar,Norte,142426,45983
2022-04-09,Hogar,Sur,73345,19701
2024-03-17,Electrodomesticos,Norte,203963,37167
2022-08-05,Vestuario,Centro,46671,16507
2024-06-19,Deportes,Centro,80478,25140
2022-05-26,Hogar,Centro,71854,20208
2023-08-03,Electrodomesticos,Sur,232554,49449
2024-05-20,Vestuario,Centro,72007,27678
2022-07-28,Deportes,Norte,97255,42114
2024-03-16,Electrodomesticos,Centro,88281,21421
2022-01-19,Vestuario,Norte,53422,17186
2023-11-27,Hogar,Centro,62213,18576
2024-04-17,Deportes,Sur,70903,24111
2022-11-10,Tecnologia,Sur,205863,31284
2023-02-08,Vestuario,Centro,68365,26001
2022-01-20,Vestuario,Centro,72746,29834
2023-05-24,Electrodomesticos,Norte,235402,48794
2024-02-24,Electrodomesticos,Sur,211750,44765
2024-10-12,Hogar,Norte,138208,38997
2022-10-01,Hogar,Centro,121399,33397
2024-12-11,Electrodomesticos,Norte,204772,47902
2023-05-26,Electrodomesticos,Sur,185508,35724
2024-12-15,Deportes,Centro,80353,26182
2022-08-16,Deportes,Centro,79945,25642
2022-08-06,Tecnologia,Norte,347646,95901
2022-03-09,Tecnologia,Norte,230660,64733
2023-10-28,Hogar,Centro,94672,26760
2024-04-12,Tecnologia,Norte,102849,24216
2024-03-17,Tecnologia,Centro,243300,68679
2024-10-16,Hogar,Norte,126387,36710
2022-12-22,Tecnologia,Norte,244310,68535
2024-10-10,Tecnologia,Sur,135903,38295
2023-11-09,Electrodomesticos,Norte,173823,39380
2024-05-31,Hogar,Sur,155758,50747
2024-03-31,Deportes,Sur,43007,14310
2023-07-20,Deportes,Sur,113953,34638
2023-04-28,Hogar,Sur,96469,30374
2023-12-10,Tecnologia,Norte,189178,43179
2024-10-18,Vestuario,Norte,73113,29044
2022-08-28,Electrodomesticos,Sur,248711,47007
2022-01-23,Vestuario,Norte,45707,15393
2024-04-02,Vestuario,Centro,53245,18593
2024-05-19,Vestuario,Centro,53506,22514
2023-05-04,Tecnologia,Sur,201803,47879
2022-11-17,Hogar,Norte,177225,60536
2024-05-02,Hogar,Centro,93677,30672
2023-08-07,Deportes,Centro,85509,24202
2024-02-18,Hogar,Sur,178869,51857
2024-10-06,Deportes,Sur,94879,21357
2023-04-30,Electrodomesticos,Norte,163330,34223
2023-12-19,Electrodomesticos,Sur,121796,28035
2022-08-19,Hogar,Centro,88488,28348
2022-09-25,Tecnologia,Centro,156093,45655
2022-05-16,Vestuario,Norte,69167,27749
2022-11-17,Tecnologia,Centro,111819,36038
2024-11-25,Hogar,Sur,102330,29036
2024-11-30,Hogar,Norte,98934,28520
2023-10-03,Deportes,Sur,65364,21528
2023-02-05,Deportes,Norte,54402,19026
2022-08-10,Electrodomesticos,Centro,341630,61379
2024-04-07,Hogar,Centro,75908,22934
2024-09-18,Deportes,Sur,59895,20838
2024-08-01,Hogar,Sur,152193,40369
2022-09-30,Hogar,Centro,92063,19105
2023-07-10,Tecnologia,Sur,172616,46419
2024-11-17,Vestuario,Sur,62645,23861
2023-11-13,Deportes,Centro,36377,9330
2022-06-23,Deportes,Centro,87649,25648
2023-06-18,Hogar,Norte,46325,15283
2023-01-19,Deportes,Sur,57411,15070
2023-11-29,Electrodomesticos,Norte,132661,29971
2022-04-12,Electrodomesticos,Sur,112280,20873
2023-09-13,Tecnologia,Norte,207192,49968
2024-10-25,Electrodomesticos,Norte,169321,36028
2022-01-28,Hogar,Centro,118120,38712
2022-09-13,Vestuario,Sur,41865,17061
2022-01-28,Vestuario,Norte,80727,27733
2023-08-11,Hogar,Norte,151893,44967
2022-02-21,Electrodomesticos,Norte,291525,55554
2024-07-30,Vestuario,Sur,58909,22795
2023-06-15,Vestuario,Norte,74596,34242
2024-05-14,Vestuario,Sur,40762,18604
2024-08-29,Hogar,Centro,153145,44656
2024-04-09,Vestuario,Centro,82293,27042
2023-09-20,Tecnologia,Sur,201830,51801
2024-04-04,Electrodomesticos,Centro,156583,34047
2023-02-19,Hogar,Norte,117813,33571
2022-01-18,Tecnologia,Centro,316234,78906
2024-07-25,Hogar,Norte,111675,33685
2023-05-24,Deportes,Centro,70648,24396
2022-03-18,Electrodomesticos,Sur,137614,25251
2022-08-04,Electrodomesticos,Norte,162599,32020
2022-07-31,Vestuario,Centro,41567,14598
2023-06-08,Tecnologia,Sur,197932,59142
2022-11-21,Vestuario,Norte,80794,34332
2024-11-22,Hogar,Sur,153824,38899
2024-07-29,Vestuario,Norte,73685,33714
2023-08-02,Deportes,Norte,46906,15109
2022-01-06,Tecnologia,Norte,283718,68703
2022-07-24,Hogar,Norte,134349,42719
2024-06-14,Electrodomesticos,Sur,190425,37331
2022-05-13,Vestuario,Sur,41848,17838
2023-02-05,Hogar,Centro,75958,24525
2022-02-04,Hogar,Sur,105525,35658
2024-09-17,Vestuario,Centro,67889,25723
2023-10-23,Vestuario,Norte,65826,22960
2022-06-03,Tecnologia,Norte,203252,54247
2023-02-06,Hogar,Norte,84251,26870
2023-05-22,Electrodomesticos,Norte,224189,51861
2023-06-19,Tecnologia,Norte,251547,62383
2023-12-12,Tecnologia,Centro,176771,45362
2023-06-04,Tecnologia,Norte,212234,60589
2023-09-12,Tecnologia,Sur,197373,40685
2024-01-09,Electrodomesticos,Norte,212800,45477
2024-11-03,Tecnologia,Sur,270006,77679
2022-04-29,Deportes,Norte,91897,28941
2022-04-04,Deportes,Sur,85770,24972
2022-06-29,Tecnologia,Centro,160440,38663
2022-05-20,Tecnologia,Norte,175457,41470
2023-01-17,Vestuario,Norte,63467,27403
2024-04-22,Vestuario,Centro,39921,15887
2023-06-24,Deportes,Centro,66056,19393
2024-04-25,Electrodomesticos,Centro,145408,28156
2024-10-22,Hogar,Centro,83117,24512
2022-10-31,Tecnologia,Sur,214218,58649
2022-11-10,Deportes,Norte,110639,31115
2024-01-01,Vestuario,Sur,48920,17110
2023-08-10,Tecnologia,Sur,134055,37364
2023-12-18,Hogar,Sur,132860,49134
2022-11-26,Hogar,Sur,109662,27628
2024-01-26,Electrodomesticos,Norte,157583,31542
2024-07-25,Deportes,Sur,58627,17361
2023-08-20,Electrodomesticos,Norte,155364,29801
2022-08-18,Electrodomesticos,Norte,106330,22042
2022-02-12,Hogar,Norte,85874,21989
2023-05-25,Electrodomesticos,Norte,184189,36047
2022-10-06,Tecnologia,Centro,194339,49736
2023-08-28,Electrodomesticos,Centro,144908,26648
2024-11-04,Deportes,Centro,103857,32403
2023-05-07,Electrodomesticos,Sur,199395,40568
2024-09-03,Hogar,Norte,136860,47004
2023-11-09,Deportes,Sur,82126,22051
2024-12-02,Tecnologia,Sur,156189,45696
2023-10-19,Electrodomesticos,Sur,315434,58705
2024-02-27,Electrodomesticos,Sur,149637,24557
2024-05-30,Vestuario,Norte,29184,10155
2023-12-27,Vestuario,Norte,59213,23976
2023-05-07,Vestuario,Centro,77670,26284
2022-06-01,Tecnologia,Sur,233500,57940
2022-06-21,Tecnologia,Sur,272645,66213
2022-12-02,Electrodomesticos,Sur,179292,33186
2023-03-07,Vestuario,Sur,58754,16810
2024-09-01,Hogar,Norte,172245,55014
2024-08-07,Electrodomesticos,Sur,217048,42924
2022-05-10,Electrodomesticos,Sur,133522,27596
2022-01-01,Deportes,Norte,64707,21856
2023-05-08,Hogar,Centro,85817,26986
2022-08-17,Hogar,Centro,136820,40748
2023-01-22,Electrodomesticos,Centro,144688,26196
2022-07-30,Hogar,Centro,172167,54831
2023-02-02,Tecnologia,Centro,194245,44448
2024-01-07,Electrodomesticos,Centro,255667,47989
2024-06-10,Electrodomesticos,Centro,52591,9043
2023-08-25,Electrodomesticos,Sur,254154,43276
2023-03-29,Deportes,Centro,55139,17461
2024-07-10,Deportes,Norte,88809,29456
2023-11-26,Deportes,Sur,89351,28805
2022-01-10,Tecnologia,Norte,291403,78186
2022-04-18,Electrodomesticos,Norte,130136,26989
2023-06-16,Hogar,Norte,135709,41767
2024-10-23,Electrodomesticos,Centro,127470,24322
2024-05-03,Hogar,Centro,145948,43170
2023-03-07,Tecnologia,Norte,154209,44618
2024-06-27,Deportes,Sur,69132,20932
2022-07-05,Tecnologia,Centro,230860,64910
2024-11-11,Hogar,Norte,61587,20387
2022-07-20,Electrodomesticos,Sur,141302,28829
2023-11-26,Vestuario,Sur,46386,14271
2023-11-16,Tecnologia,Sur,172820,43571
2023-02-22,Hogar,Centro,106413,35301
2022-06-10,Electrodomesticos,Centro,214672,46099
2022-03-29,Hogar,Centro,87936,31005
2024-09-09,Vestuario,Centro,55254,21572
2023-11-24,Deportes,Centro,75677,27308
2023-07-10,Deportes,Norte,109928,28556
2023-01-16,Tecnologia,Sur,106176,30778
2023-10-19,Vestuario,Sur,45095,18495
2022-05-29,Deportes,Norte,96912,26690
2023-11-12,Deportes,Norte,71028,24595
2022-04-09,Deportes,Centro,94139,31724
2024-05-08,Deportes,Centro,98290,32014
2023-10-11,Hogar,Centro,76774,24383
2022-03-08,Tecnologia,Sur,237299,56347
2022-05-21,Vestuario,Sur,45583,22365
2022-06-09,Vestuario,Centro,41450,16343
2024-12-17,Tecnologia,Sur,207112,49495
2022-08-23,Hogar,Sur,133180,40336
2024-05-02,Tecnologia,Centro,301765,82284
2023-12-22,Tecnologia,Norte,214018,57965
2023-07-31,Electrodomesticos,Norte,183732,45636
2023-09-21,Deportes,Centro,81389,24396
2024-08-05,Electrodomesticos,Centro,224016,50226
2022-01-26,Hogar,Centro,80238,20768
2023-06-02,Deportes,Sur,106936,38960
2023-11-05,Vestuario,Norte,68252,30341
2024-02-23,Electrodomesticos,Sur,142156,29104
2024-04-10,Deportes,Norte,63078,20051
2023-02-19,Tecnologia,Norte,169087,34668
2022-12-29,Tecnologia,Norte,162197,51379
2024-04-01,Hogar,Centro,96477,30780
2022-07-19,Tecnologia,Centro,157460,33005
2023-01-14,Electrodomesticos,Sur,140996,27988
2022-09-27,Vestuario,Centro,45615,16775
2022-08-19,Electrodomesticos,Sur,206160,52000
2022-01-18,Deportes,Sur,28604,9333
2022-05-12,Vestuario,Centro,45741,19464
2024-05-02,Electrodomesticos,Centro,183505,36307
2024-09-24,Electrodomesticos,Centro,194080,42916
2024-04-14,Hogar,Centro,87249,29540
2023-07-21,Deportes,Centro,87912,26616
2023-06-15,Hogar,Sur,71995,21268
2024-01-06,Hogar,Norte,60663,18219
2022-11-08,Vestuario,Norte,35454,10216
2022-01-03,Hogar,Norte,143478,39115
2022-06-14,Hogar,Centro,166333,50564
2024-12-04,Electrodomesticos,Sur,151680,31255
2022-01-03,Vestuario,Norte,35291,13554
2022-07-05,Vestuario,Norte,30139,12893
2024-10-12,Hogar,Norte,138716,38975
2022-08-09,Hogar,Norte,149348,48090
2022-01-16,Tecnologia,Norte,89826,22263
2024-02-16,Vestuario,Norte,45669,17585
2023-03-10,Deportes,Sur,83594,31271
2024-08-29,Vestuario,Norte,42343,16694
2022-01-30,Deportes,Centro,72314,21309
2024-10-27,Electrodomesticos,Sur,226814,46748
2024-07-02,Tecnologia,Sur,262736,67461
2022-08-18,Vestuario,Norte,70551,23568
2024-08-09,Electrodomesticos,Sur,151023,30994
2022-06-24,Tecnologia,Norte,146034,37204
2024-10-17,Hogar,Centro,106844,30751
2022-02-28,Hogar,Centro,192869,65076
2024-11-21,Tecnologia,Norte,221300,56598
2022-09-30,Tecnologia,Centro,238022,62152
2022-05-13,Tecnologia,Sur,186167,37437
2022-03-07,Tecnologia,Centro,134081,27599
2022-04-29,Vestuario,Centro,60120,24810
2022-03-24,Hogar,Centro,117678,31448
2023-07-20,Electrodomesticos,Norte,212897,43895
2022-11-18,Tecnologia,Centro,143752,31034
2023-12-10,Hogar,Centro,122718,37174
2023-12-29,Hogar,Sur,88902,29487
2024-12-07,Hogar,Norte,146880,47179
2022-08-22,Tecnologia,Norte,331093,86316
2022-02-26,Deportes,Centro,86203,23059
2024-08-20,Deportes,Norte,26759,7655
2022-11-01,Tecnologia,Sur,177341,55864
2024-06-21,Hogar,Sur,111214,31909
2022-04-02,Hogar,Centro,98883,25744
2022-09-09,Tecnologia,Centro,189389,53920
2024-05-31,Electrodomesticos,Norte,148113,26592
2024-08-10,Hogar,Sur,82788,26225
2024-08-16,Hogar,Sur,64847,15901
2024-05-08,Vestuario,Centro,69385,27857
2024-04-30,Tecnologia,Centro,200482,60515
2022-04-23,Hogar,Centro,94130,28536
2024-10-27,Deportes,Centro,111053,37262
2024-07-22,Vestuario,Centro,68884,25120
2022-06-08,Tecnologia,Sur,221211,51103
2023-01-01,Electrodomesticos,Centro,188075,36513
2022-01-19,Vestuario,Norte,49014,18151
2022-05-26,Tecnologia,Centro,168802,43013
2022-12-06,Hogar,Centro,107285,37980
2023-08-16,Deportes,Centro,105445,40513
2024-07-03,Deportes,Sur,151112,55385
2023-11-16,Vestuario,Norte,21406,7001
2024-04-03,Hogar,Centro,28356,9061
2022-03-27,Vestuario,Centro,87021,28644
2022-02-25,Hogar,Sur,134705,41399
2022-05-15,Hogar,Centro,74819,26059
2023-09-12,Tecnologia,Sur,175072,41988
2024-06-27,Deportes,Centro,44228,10657
2022-06-26,Tecnologia,Sur,306683,80118
2024-12-10,Vestuario,Sur,72852,29800
2024-10-05,Tecnologia,Sur,172685,46304
2022-07-25,Deportes,Centro,48667,12907
2022-06-07,Tecnologia,Norte,322849,83600
2022-07-22,Tecnologia,Sur,104251,23656
2024-06-07,Vestuario,Centro,84203,28365
2022-12-03,Vestuario,Norte,27594,9194
2024-08-07,Hogar,Sur,169534,54810
2022-07-01,Vestuario,Sur,74664,24413
2022-12-01,Hogar,Norte,163819,47348
2022-12-14,Tecnologia,Norte,221512,61220
2024-01-21,Deportes,Norte,98826,26495
2022-12-15,Vestuario,Centro,38386,15575
2023-01-06,Tecnologia,Norte,321904,89872
2023-05-28,Vestuario,Centro,42755,20691
2022-01-16,Electrodomesticos,Sur,240339,53663
2023-12-21,Electrodomesticos,Centro,201450,40119
2024-08-20,Deportes,Sur,116270,37590
2023-12-03,Tecnologia,Norte,253099,57446
2023-06-18,Deportes,Norte,90873,28034
2024-01-23,Tecnologia,Norte,201723,47759
2023-09-08,Deportes,Sur,98851,30756
2022-04-25,Electrodomesticos,Centro,165421,32688
2024-01-13,Deportes,Centro,91708,26660
2022-04-15,Tecnologia,Sur,163293,43572
2022-11-04,Tecnologia,Norte,156947,40757
2022-12-14,Electrodomesticos,Centro,228586,42082
2024-04-05,Vestuario,Norte,37634,14847
2024-02-22,Hogar,Norte,91688,23542
2022-11-15,Electrodomesticos,Sur,266833,52735
2022-05-14,Hogar,Sur,157230,43535
2024-02-23,Vestuario,Norte,62680,26485
2022-02-19,Deportes,Norte,96294,26741
2022-07-25,Vestuario,Centro,69306,25761
2024-04-20,Vestuario,Norte,39796,17754
2023-09-04,Hogar,Centro,95702,22845
2023-04-20,Electrodomesticos,Sur,234687,57844
2022-03-07,Deportes,Sur,80917,28788
2023-02-21,Tecnologia,Centro,167512,38240
2023-05-09,Hogar,Centro,98430,26985
2024-10-15,Deportes,Sur,84676,26585
2022-01-07,Deportes,Sur,86002,28297
2022-03-28,Hogar,Centro,142029,46517
2023-07-22,Hogar,Norte,112798,32406
2024-02-08,Tecnologia,Sur,256044,55817
2022-01-19,Hogar,Norte,121642,38049
2022-04-08,Deportes,Sur,121434,41433
2024-03-09,Electrodomesticos,Norte,180623,41592
2024-02-08,Vestuario,Norte,32044,15391
2024-11-15,Hogar,Sur,68031,21869
2022-04-20,Hogar,Norte,106854,31571
2022-04-23,Tecnologia,Norte,201268,49007
2023-07-25,Electrodomesticos,Sur,92680,20859
2023-01-11,Tecnologia,Norte,144583,32207
2023-04-09,Hogar,Sur,55360,17464
2023-10-01,Deportes,Sur,78905,24866
2023-02-01,Hogar,Centro,202446,64424
2023-01-20,Hogar,Centro,100534,23223
2024-05-27,Electrodomesticos,Sur,283023,61007
2023-07-02,Hogar,Norte,123771,42806
2024-03-10,Electrodomesticos,Sur,112754,21222
2022-08-27,Vestuario,Norte,92879,42895
2023-08-22,Tecnologia,Sur,176849,44217
2022-10-01,Hogar,Centro,61706,17569
2023-03-27,Tecnologia,Norte,239556,70311
2024-07-31,Electrodomesticos,Norte,254810,48081
2023-09-23,Vestuario,Centro,53350,19497
2022-09-18,Deportes,Norte,37781,9289
2023-05-30,Deportes,Sur,43854,13231
2022-08-22,Hogar,Sur,90607,24552
2022-10-02,Hogar,Sur,137146,46014
2023-12-22,Vestuario,Centro,42356,17934
2023-09-29,Deportes,Sur,57632,20896
2023-12-26,Electrodomesticos,Centro,221629,44892
2024-04-07,Hogar,Centro,50361,15503
2022-10-20,Electrodomesticos,Norte,184040,36125
2023-05-31,Vestuario,Sur,24086,9042
2022-11-11,Deportes,Norte,91159,26583
2023-12-09,Electrodomesticos,Norte,174564,34942
2023-02-20,Tecnologia,Sur,179183,39492
2022-03-27,Vestuario,Sur,57164,20928
2022-01-05,Deportes,Centro,72166,26428
2023-01-09,Tecnologia,Centro,280981,63478
2023-05-12,Tecnologia,Centro,130673,39876
2023-10-14,Vestuario,Norte,49791,19386
2024-12-01,Vestuario,Sur,62015,17726
2022-10-12,Tecnologia,Norte,95115,25632
2023-11-04,Vestuario,Centro,66634,22402
2023-04-22,Vestuario,Sur,69058,26430
2024-10-08,Vestuario,Centro,35891,12816
2023-08-14,Vestuario,Norte,67385,27899
2022-06-13,Vestuario,Sur,84720,34526
2024-08-29,Vestuario,Centro,52642,19157
2024-01-24,Deportes,Norte,82922,24375
2022-03-17,Deportes,Centro,109900,36337
2023-01-07,Vestuario,Sur,27387,9283
2024-09-16,Vestuario,Sur,42249,15655
2024-04-19,Electrodomesticos,Sur,255189,42883
2024-04-25,Electrodomesticos,Centro,200946,36892
2024-02-28,Deportes,Centro,53850,15500
2024-01-07,Vestuario,Sur,54531,20480
2024-11-27,Electrodomesticos,Centro,206464,45203
2022-11-25,Deportes,Norte,88374,28884
2023-02-12,Vestuario,Sur,58815,20533
2022-03-25,Tecnologia,Norte,224119,50404
2022-10-20,Vestuario,Sur,54395,23792
2023-10-20,Electrodomesticos,Centro,231555,57991
2023-11-10,Hogar,Norte,66008,20156
2024-09-14,Tecnologia,Norte,265148,60441
2022-11-08,Deportes,Sur,99001,35306
2023-03-08,Deportes,Centro,48231,18498
2023-07-10,Hogar,Centro,62043,18175
2024-11-02,Vestuario,Centro,63296,31567
2024-02-24,Deportes,Sur,49901,12795
2024-01-02,Tecnologia,Norte,179448,48068
2024-09-17,Deportes,Centro,58831,17239
2024-12-21,Electrodomesticos,Norte,161582,29621
2024-02-09,Vestuario,Sur,67578,27629
2023-04-06,Electrodomesticos,Norte,125857,25148
2024-06-20,Tecnologia,Sur,181609,38588
2024-12-16,Tecnologia,Sur,219196,62639
2023-09-01,Tecnologia,Centro,241445,48473
2022-10-14,Vestuario,Sur,47866,18601
2024-07-03,Deportes,Centro,94837,30227
2023-10-18,Vestuario,Sur,68789,25607
2022-10-22,Hogar,Sur,137430,40723
2022-07-16,Vestuario,Norte,52550,21587
2023-09-02,Electrodomesticos,Sur,241423,55717
2023-01-20,Tecnologia,Centro,203185,48562
2023-08-20,Deportes,Centro,111909,36199
2024-12-06,Electrodomesticos,Centro,251930,50444
2022-08-13,Deportes,Centro,68206,20946
2022-07-19,Hogar,Centro,106908,32222
2022-06-28,Tecnologia,Sur,261171,70269
2022-07-02,Deportes,Centro,82783,25745
2024-03-21,Hogar,Sur,128280,38290
2023-12-25,Tecnologia,Sur,172060,42768
2022-05-14,Electrodomesticos,Centro,154672,24322
2024-04-30,Hogar,Sur,90841,25870
2023-09-02,Vestuario,Sur,30934,13466
2022-04-23,Deportes,Centro,80583,26750
2023-04-04,Deportes,Sur,80649,32983
2022-05-08,Tecnologia,Sur,241856,67905
2023-11-04,Tecnologia,Centro,259925,77484
2024-05-27,Deportes,Norte,84119,26518
2022-08-16,Electrodomesticos,Norte,127824,25276
2023-01-09,Hogar,Sur,140548,37838
2023-10-15,Hogar,Centro,61994,17435
2023-08-04,Tecnologia,Norte,241994,64721
2023-10-16,Hogar,Norte,117564,39764
2024-05-20,Tecnologia,Centro,165286,43744
2024-04-04,Tecnologia,Centro,248719,65966
2023-09-14,Hogar,Sur,125680,34703
2023-08-28,Hogar,Norte,101813,27221
2023-07-11,Hogar,Centro,124493,35378
2023-02-19,Vestuario,Centro,35031,11879
2023-08-10,Electrodomesticos,Norte,161295,33489
2024-09-09,Deportes,Norte,85319,26884
2023-01-30,Deportes,Norte,53210,16208
2024-05-02,Vestuario,Sur,71285,18418
2023-03-10,Tecnologia,Sur,223537,40499
2022-03-26,Vestuario,Sur,44946,16555
2022-11-04,Electrodomesticos,Sur,183843,34528
2023-08-20,Tecnologia,Centro,285548,78501
2022-08-07,Hogar,Norte,172431,55477
2023-04-15,Deportes,Centro,73246,20496
2023-11-18,Deportes,Norte,21681,5838
2023-08-28,Vestuario,Centro,54942,22448
2022-09-05,Tecnologia,Norte,184882,51764
2023-11-26,Tecnologia,Centro,143849,44237
2023-12-11,Vestuario,Sur,54810,18218
2024-10-04,Tecnologia,Sur,219229,50123
2024-08-19,Hogar,Centro,73565,20004
2022-01-30,Vestuario,Norte,15000,5980
2023-07-16,Electrodomesticos,Sur,205702,37654
2022-10-18,Tecnologia,Centro,219375,52655
2022-04-14,Tecnologia,Sur,148131,47632
2022-03-28,Electrodomesticos,Centro,319573,76000
2023-12-04,Tecnologia,Norte,235530,58450
2023-02-26,Deportes,Centro,107123,41381
2023-08-23,Hogar,Centro,129493,39734
2024-08-24,Vestuario,Centro,33493,13713
2024-11-10,Deportes,Sur,60659,24875
2023-02-19,Vestuario,Norte,53692,26029
2022-10-16,Vestuario,Centro,58271,19831
2024-09-05,Hogar,Centro,68919,24594
2024-04-26,Tecnologia,Centro,268172,68137
2023-08-30,Deportes,Sur,40567,12659
2022-07-06,Vestuario,Norte,68626,26370
2022-03-29,Hogar,Norte,116642,38346
2023-06-27,Vestuario,Norte,46999,15760
2022-11-07,Hogar,Centro,128266,41451
2024-03-27,Vestuario,Sur,78817,28235
2022-08-19,Tecnologia,Sur,141844,40891
2023-06-09,Vestuario,Norte,67608,20849
2024-09-06,Hogar,Norte,87569,27047
2022-01-22,Deportes,Norte,45561,10785
2023-05-20,Electrodomesticos,Norte,242351,43404
2024-10-03,Vestuario,Sur,56469,16381
2022-06-11,Vestuario,Norte,41035,14204
2023-01-26,Tecnologia,Sur,126912,31033
2024-10-15,Electrodomesticos,Sur,172761,34914
2023-01-08,Tecnologia,Sur,170171,46356
2023-11-24,Tecnologia,Centro,172430,39687
2024-04-13,Vestuario,Sur,15000,6018
2023-07-11,Deportes,Centro,58399,18301
2022-09-27,Vestuario,Centro,26841,11737
2023-08-01,Vestuario,Sur,66612,30702
2023-09-05,Deportes,Sur,85281,23409
2024-02-22,Vestuario,Centro,51361,20558
2023-07-19,Vestuario,Centro,59311,21770
2022-09-12,Electrodomesticos,Centro,238593,41575
2023-04-03,Deportes,Centro,78615,26089
2024-08-25,Deportes,Norte,63897,22681
2022-08-14,Deportes,Sur,79573,25623
2024-06-16,Vestuario,Sur,63611,20773
2023-09-07,Electrodomesticos,Centro,146800,31461
2023-02-24,Electrodomesticos,Centro,204766,50414
2024-09-04,Electrodomesticos,Sur,150518,34581
2022-09-19,Hogar,Norte,137927,37002
2024-03-07,Vestuario,Norte,58815,27341
2023-10-16,Vestuario,Centro,65461,27708
2024-04-11,Deportes,Centro,98668,38247
2024-05-19,Vestuario,Sur,74244,28908
2024-11-30,Tecnologia,Norte,213146,62882
2024-10-09,Vestuario,Centro,67566,27587
2024-02-12,Vestuario,Norte,58451,20523
2022-11-17,Deportes,Sur,66376,20110
2024-08-08,Vestuario,Centro,57059,19923
2024-04-10,Tecnologia,Centro,179563,45025
2024-06-19,Deportes,Sur,50783,14724
2024-02-25,Tecnologia,Sur,246515,47110
2022-05-23,Electrodomesticos,Norte,141966,31680
2022-08-31,Tecnologia,Centro,110191,28160
2024-03-10,Vestuario,Norte,48118,15523
2023-06-13,Deportes,Centro,75282,24048
2023-05-09,Electrodomesticos,Centro,104797,20620
2023-01-20,Tecnologia,Centro,237617,45174
2022-02-21,Electrodomesticos,Norte,258667,44194
2022-05-09,Vestuario,Norte,47809,17787
2024-01-10,Hogar,Centro,115666,28282
2023-04-30,Tecnologia,Sur,140291,39382
2022-09-19,Deportes,Centro,53257,17385
2023-06-09,Deportes,Sur,69982,19685
2024-11-07,Tecnologia,Norte,158739,46443
2022-08-30,Electrodomesticos,Centro,124923,27742
2022-04-16,Electrodomesticos,Norte,276967,61923
2024-03-19,Electrodomesticos,Norte,179954,40489
2024-08-27,Deportes,Sur,67527,22498
2022-07-27,Electrodomesticos,Norte,202434,38426
2022-02-12,Tecnologia,Norte,232513,53248
2024-04-19,Deportes,Norte,85732,27052
2022-06-13,Hogar,Centro,110120,38280
2022-12-15,Hogar,Centro,154893,47078
2023-07-07,Tecnologia,Centro,305741,79554
2022-09-10,Vestuario,Norte,46321,14933
2022-02-14,Hogar,Sur,104967,35295
2022-12-25,Electrodomesticos,Norte,215269,45628
2024-05-14,Tecnologia,Centro,56238,17707
2024-01-10,Electrodomesticos,Centro,174954,30339
2023-03-08,Hogar,Sur,208802,58936
2022-01-07,Electrodomesticos,Norte,327713,63945
2023-07-09,Hogar,Sur,97033,26401
2022-08-07,Hogar,Centro,57331,15644
2023-04-04,Electrodomesticos,Centro,235332,51783
2023-07-01,Hogar,Centro,116162,31530
2023-08-06,Electrodomesticos,Centro,184928,39499
2024-10-29,Electrodomesticos,Sur,153848,31084
2022-11-12,Tecnologia,Norte,262985,81259
2022-06-18,Vestuario,Norte,63672,22501
2022-03-26,Deportes,Norte,60913,21387
2022-06-09,Electrodomesticos,Centro,229340,41638
2024-05-06,Tecnologia,Norte,161543,34099
2022-06-20,Tecnologia,Norte,120994,25666
2023-07-26,Hogar,Centro,126644,35660
2023-05-03,Vestuario,Centro,59883,18515
2024-06-10,Hogar,Norte,127649,33135
2023-10-15,Electrodomesticos,Norte,203515,37094
2022-05-07,Deportes,Centro,64342,20624
2023-09-26,Hogar,Centro,98982,22340
2022-02-15,Electrodomesticos,Centro,228199,55782
2023-10-26,Hogar,Norte,107699,28431
2023-10-15,Hogar,Norte,111570,33875
2024-02-26,Vestuario,Sur,74492,23736
2022-03-17,Deportes,Sur,93177,31281
2022-04-08,Deportes,Centro,48853,17933
2024-07-06,Deportes,Norte,53068,18308
2023-03-05,Deportes,Norte,109219,33244
2023-08-06,Vestuario,Centro,41783,16429
2022-04-04,Electrodomesticos,Norte,15000,2488
2022-10-01,Electrodomesticos,Sur,138875,30056
2023-10-10,Hogar,Centro,156386,40214
2024-11-25,Vestuario,Centro,51655,23332
2024-06-12,Electrodomesticos,Sur,189740,33211
2024-12-03,Hogar,Norte,137633,46164
2023-08-02,Hogar,Norte,148790,52282
2022-01-10,Hogar,Norte,112003,39953
2024-07-13,Electrodomesticos,Sur,213139,47001
2023-01-10,Deportes,Centro,54872,15518
2023-09-15,Deportes,Centro,65189,19376
2023-08-30,Tecnologia,Norte,224308,61818
2022-10-18,Tecnologia,Centro,180011,38196
2024-08-12,Hogar,Sur,117307,43854
2023-12-11,Hogar,Centro,140523,41880
2024-10-04,Vestuario,Norte,68395,27195
2024-02-04,Electrodomesticos,Sur,170086,28204
2022-03-23,Tecnologia,Sur,156876,46820
2024-12-10,Electrodomesticos,Sur,223091,39338
2023-04-20,Deportes,Sur,78805,27890
2023-02-18,Hogar,Sur,116997,40765
2024-08-06,Electrodomesticos,Centro,78075,13246
2022-03-17,Deportes,Sur,59887,15035
2022-04-08,Deportes,Norte,46039,14473
2022-02-27,Electrodomesticos,Sur,220591,39935
2024-02-26,Deportes,Sur,29260,10029
2024-07-29,Vestuario,Norte,65244,31097
2023-01-29,Vestuario,Sur,44683,17052
2022-10-31,Tecnologia,Norte,252586,76487
2023-04-19,Tecnologia,Centro,206359,52543
2023-01-05,Tecnologia,Sur,78147,15740
2024-10-11,Hogar,Sur,76739,22815
2022-06-16,Vestuario,Centro,36631,14580
2024-05-30,Electrodomesticos,Centro,134503,28333
2023-04-27,Electrodomesticos,Norte,158012,36050
2022-04-06,Vestuario,Norte,60863,24375
2022-01-05,Tecnologia,Centro,235745,58762
2024-08-12,Vestuario,Sur,86122,34108
2024-03-14,Tecnologia,Norte,160101,37179
2023-12-21,Deportes,Norte,117409,37970
2022-12-07,Tecnologia,Norte,162444,40813
2023-02-21,Hogar,Norte,60167,17520
2023-08-25,Vestuario,Sur,59297,21148
2022-09-11,Vestuario,Centro,95052,41627
2022-04-25,Vestuario,Norte,56766,21195
2023-04-16,Tecnologia,Sur,292121,76777
2024-07-19,Tecnologia,Sur,172837,36686
2024-08-12,Tecnologia,Sur,114539,29056
2022-01-23,Deportes,Norte,99789,36958
2023-11-05,Electrodomesticos,Norte,180219,37118
2023-06-09,Tecnologia,Centro,141822,31962
2022-02-20,Vestuario,Norte,52077,22460
2023-03-24,Tecnologia,Norte,114166,29590
2023-07-01,Hogar,Centro,119421,30226
2023-08-05,Tecnologia,Norte,158779,36572
2024-01-27,Deportes,Sur,64749,26467
2023-10-23,Electrodomesticos,Norte,93730,15947
2023-02-04,Vestuario,Norte,46781,18245
2022-10-29,Deportes,Norte,132686,46030
2024-04-23,Electrodomesticos,Norte,195789,33478
2022-07-19,Vestuario,Norte,41242,15163
2023-12-19,Electrodomesticos,Sur,207915,41903
2023-04-16,Hogar,Sur,84502,27057
2024-10-17,Electrodomesticos,Norte,227427,46192
2023-07-18,Vestuario,Norte,71095,25943
2022-03-06,Vestuario,Sur,58033,20982
2023-03-01,Deportes,Sur,69238,21957
2024-08-12,Electrodomesticos,Norte,128221,26150
2022-12-08,Electrodomesticos,Sur,161176,30815
2024-03-21,Hogar,Centro,149260,37786
2022-02-23,Tecnologia,Sur,225154,46828
2022-08-10,Tecnologia,Centro,97890,22155
2022-09-23,Hogar,Norte,123954,30238
2024-11-26,Tecnologia,Sur,177709,35774
2023-06-11,Deportes,Centro,81743,24296
2023-08-14,Tecnologia,Norte,166098,34563
2023-01-01,Vestuario,Norte,60969,26231
2024-05-09,Vestuario,Sur,61261,22300
2024-01-17,Hogar,Sur,69023,19383
2022-06-04,Electrodomesticos,Norte,213628,38941
2023-12-04,Hogar,Centro,113450,36868
2024-06-26,Tecnologia,Norte,262774,57652
2024-08-16,Tecnologia,Sur,126966,33562
2023-10-03,Hogar,Sur,121617,33007
2023-09-24,Hogar,Norte,41605,12962
2023-07-27,Tecnologia,Norte,178456,37424
2022-02-20,Electrodomesticos,Centro,270966,50432
2024-02-09,Electrodomesticos,Centro,72957,15903
2023-02-07,Deportes,Centro,63951,18651
2024-04-08,Tecnologia,Norte,231360,72972
2024-05-23,Tecnologia,Sur,293097,68506
2023-11-28,Electrodomesticos,Norte,238406,46197
2024-01-29,Tecnologia,Centro,144627,37699
2023-07-21,Hogar,Norte,185355,48081
2024-11-04,Electrodomesticos,Centro,245767,57567
2023-02-27,Tecnologia,Norte,119643,31617
2024-05-05,Electrodomesticos,Centro,129865,24982
2023-05-04,Tecnologia,Norte,142700,39182
2024-05-18,Deportes,Centro,54301,16254
2024-09-12,Electrodomesticos,Centro,205226,38880
2023-03-05,Tecnologia,Norte,61179,14941
2022-05-14,Tecnologia,Sur,161398,41434
2022-07-26,Vestuario,Norte,85885,33827
2023-03-22,Tecnologia,Centro,267790,76504
2024-09-16,Tecnologia,Centro,302399,75168
2022-11-27,Vestuario,Sur,47701,19905
2022-03-30,Vestuario,Norte,62983,21003
2022-07-09,Deportes,Centro,33947,8036
2024-08-08,Tecnologia,Centro,238015,66857
2024-07-09,Tecnologia,Norte,303886,77839
2023-08-30,Hogar,Sur,116961,29781
2023-05-19,Hogar,Centro,92515,26903
2024-08-08,Tecnologia,Norte,272791,72235
2023-02-19,Vestuario,Centro,61292,27726
2022-08-30,Tecnologia,Sur,221835,60545
2024-05-15,Tecnologia,Norte,127640,28925
2024-04-17,Vestuario,Norte,53777,24449
2022-12-23,Vestuario,Centro,99827,38337
2022-05-27,Hogar,Norte,144790,50769
2022-03-24,Vestuario,Centro,61685,19099
2023-12-21,Hogar,Norte,76586,25471
2024-01-21,Vestuario,Norte,52252,20383
2022-01-31,Electrodomesticos,Centro,260436,53113
2024-12-25,Deportes,Centro,51649,17291
2023-09-15,Hogar,Sur,119716,45566
2023-10-18,Tecnologia,Sur,272470,69311
2022-06-13,Tecnologia,Norte,207524,56880
2024-05-29,Electrodomesticos,Norte,76895,17759
2022-07-03,Deportes,Centro,79483,27443
2023-09-29,Tecnologia,Norte,263883,65197
2024-10-10,Hogar,Centro,102685,26365
2022-05-18,Tecnologia,Sur,206882,54595
2023-04-22,Electrodomesticos,Sur,138677,30731
2024-11-16,Tecnologia,Sur,244409,56533
2023-04-03,Vestuario,Centro,54669,21958
2022-02-09,Vestuario,Centro,40801,14097
2023-11-23,Hogar,Centro,117088,41260
2022-01-17,Deportes,Norte,68717,20474
2023-05-25,Electrodomesticos,Norte,222531,43050
2023-07-29,Tecnologia,Sur,137462,29023
2024-04-23,Electrodomesticos,Norte,194175,35945
2022-05-11,Electrodomesticos,Centro,253582,55397
2023-10-03,Tecnologia,Norte,202533,59265
2023-08-19,Vestuario,Sur,68269,19940
2023-05-17,Hogar,Centro,106348,29054
2022-02-10,Deportes,Norte,63034,18147
2022-03-18,Hogar,Norte,130050,34527
2024-03-19,Deportes,Norte,75333,23796
2024-04-27,Electrodomesticos,Centro,137508,24872
2023-05-14,Hogar,Centro,93945,25680
2023-01-12,Vestuario,Centro,33627,12589
2024-05-02,Vestuario,Norte,76718,28507
2024-08-08,Electrodomesticos,Norte,228456,44115
2024-06-27,Deportes,Sur,75217,27598
2023-05-03,Vestuario,Centro,42514,16163
2024-08-25,Deportes,Centro,53177,16326
2024-06-11,Electrodomesticos,Sur,112739,24060
2022-09-06,Tecnologia,Centro,236020,63466
2022-05-04,Deportes,Centro,91273,34072
2022-11-12,Deportes,Centro,66516,21292
2023-10-08,Deportes,Norte,53495,18597
2024-12-09,Deportes,Norte,69302,25195
2024-02-27,Tecnologia,Norte,93736,24682
2023-08-01,Hogar,Norte,147214,43689
2023-04-10,Vestuario,Norte,30766,11588
2024-05-11,Vestuario,Centro,43438,17428
2022-07-14,Tecnologia,Norte,139720,29112
2022-10-01,Tecnologia,Norte,136475,40893
2022-06-20,Tecnologia,Norte,216030,55464
2023-12-05,Tecnologia,Centro,231482,59832
2023-01-28,Vestuario,Centro,84699,32378
2023-03-10,Vestuario,Norte,70039,27190
2024-03-12,Tecnologia,Norte,270032,73510
2024-01-07,Electrodomesticos,Norte,216563,46583
2024-09-02,Vestuario,Sur,55980,24276
2023-12-31,Hogar,Centro,109666,30973
2023-02-13,Deportes,Norte,75059,19146
2024-05-14,Deportes,Norte,74393,24226
2022-01-01,Electrodomesticos,Centro,281486,52817
2023-11-14,Vestuario,Norte,72781,27812
2023-01-14,Electrodomesticos,Sur,122781,23920
2022-05-08,Vestuario,Sur,71416,28469
2022-12-01,Tecnologia,Centro,231677,57353
2022-05-21,Deportes,Norte,54625,15595
2022-01-03,Hogar,Centro,89339,30271
2024-02-11,Deportes,Norte,51590,15154
2024-09-09,Electrodomesticos,Centro,241164,42818
2023-03-22,Tecnologia,Centro,170383,39925
2023-03-07,Deportes,Norte,60237,21831
2024-03-26,Electrodomesticos,Centro,181787,34570
2022-08-19,Tecnologia,Sur,134644,38521
2022-07-18,Vestuario,Sur,56304,21184
2024-03-31,Electrodomesticos,Norte,265724,42284
2023-12-05,Deportes,Sur,64906,21362
2023-10-07,Deportes,Norte,96368,27878
2022-07-19,Electrodomesticos,Centro,165367,30852
2024-02-01,Electrodomesticos,Centro,71960,14791
2022-10-18,Hogar,Norte,155743,51735
2022-09-14,Tecnologia,Norte,303302,82457
2022-09-18,Hogar,Sur,101984,32139
2022-02-05,Tecnologia,Centro,328898,66676
2023-04-24,Vestuario,Sur,66865,24653
2022-08-21,Tecnologia,Centro,347775,94655
2024-01-02,Electrodomesticos,Sur,103134,24560
2023-03-08,Hogar,Norte,129478,48558
2024-04-19,Electrodomesticos,Norte,224633,41731
2022-06-27,Hogar,Sur,101288,27351
2023-07-10,Vestuario,Norte,46133,18085
2024-06-05,Tecnologia,Centro,228369,65611
2024-07-07,Deportes,Norte,69446,24347
2022-05-07,Deportes,Centro,82107,27659
2024-02-15,Hogar,Norte,100777,29219
2024-08-17,Electrodomesticos,Norte,129575,28267
2022-05-05,Deportes,Sur,71064,22759
2023-08-17,Electrodomesticos,Norte,156560,34841
2024-01-26,Electrodomesticos,Norte,52630,11165
2023-11-03,Vestuario,Norte,63660,22160
2022-07-15,Tecnologia,Centro,172583,44279
2023-01-17,Electrodomesticos,Norte,231834,43284
2023-07-04,Hogar,Norte,115089,41901
2023-04-14,Tecnologia,Sur,181247,37968
2024-02-14,Hogar,Centro,60988,18061
2022-06-02,Vestuario,Centro,67246,26625
2023-12-08,Hogar,Sur,116647,31691
2023-03-26,Hogar,Norte,133898,42536
2023-03-20,Hogar,Sur,153468,40365
2022-11-12,Hogar,Sur,160718,37546
2023-01-17,Hogar,Centro,147645,53714
2023-07-20,Electrodomesticos,Norte,148829,28104
2024-12-05,Hogar,Centro,76370,20830
2023-05-04,Hogar,Centro,120129,29453
2023-08-31,Vestuario,Sur,56217,18466
2023-10-28,Tecnologia,Centro,143345,41515
2024-08-18,Tecnologia,Sur,236336,54279
2024-08-15,Deportes,Sur,94725,33277
2024-12-06,Tecnologia,Norte,186768,45972
2022-12-21,Deportes,Sur,107496,36116
2024-06-23,Electrodomesticos,Sur,136499,26374
2023-08-10,Deportes,Norte,47731,13746
2023-11-12,Vestuario,Sur,61372,19690
2022-12-03,Electrodomesticos,Norte,233148,46509
2024-08-31,Electrodomesticos,Centro,166813,33801
2024-10-19,Hogar,Centro,131241,48169
2024-07-16,Deportes,Sur,75480,16456
2024-03-28,Hogar,Centro,143612,42352
2022-05-19,Tecnologia,Sur,257632,53997
2023-05-26,Tecnologia,Norte,178778,44533
2022-12-12,Vestuario,Centro,73737,28274
2024-10-29,Tecnologia,Centro,170827,39875
2023-05-10,Tecnologia,Norte,222506,60250
2023-01-31,Hogar,Sur,105344,35503
2023-03-05,Hogar,Centro,83976,27433
2022-04-14,Hogar,Centro,118260,39176
2022-11-02,Hogar,Norte,127244,43549
2023-02-16,Tecnologia,Norte,177652,34124
2023-12-01,Electrodomesticos,Norte,151708,28018
2024-02-05,Hogar,Centro,139020,38535
2024-03-05,Deportes,Norte,81697,21906
2024-06-25,Tecnologia,Norte,207370,55467
2022-12-29,Vestuario,Norte,56559,21561
2024-11-06,Hogar,Sur,100121,29675
2023-02-25,Tecnologia,Centro,200155,46850
2024-05-23,Deportes,Norte,74605,23648
2022-08-05,Vestuario,Norte,67271,26659
2023-03-05,Vestuario,Sur,50565,15519
2023-08-15,Deportes,Norte,58818,20110
2023-04-18,Electrodomesticos,Centro,214631,44844
2022-05-16,Tecnologia,Norte,227038,51149
2024-11-07,Tecnologia,Sur,232558,73405
2022-08-20,Hogar,Sur,125270,40956
2023-03-30,Electrodomesticos,Norte,195425,41828
2023-04-26,Vestuario,Centro,51688,19655
2022-06-23,Vestuario,Sur,70055,22024
2024-07-06,Deportes,Norte,22019,6258
2023-05-25,Deportes,Sur,122354,40222
2022-02-14,Vestuario,Norte,75870,24792
2024-12-01,Electrodomesticos,Norte,78452,18197
2024-09-21,Tecnologia,Sur,176539,40904
2024-06-25,Hogar,Centro,110163,32236
2024-02-22,Electrodomesticos,Norte,248264,55375
2024-10-27,Hogar,Centro,160188,47810
2023-08-26,Tecnologia,Centro,280263,67351
2023-04-26,Electrodomesticos,Sur,171369,37145
2024-04-29,Tecnologia,Norte,353648,97969
2023-02-20,Electrodomesticos,Norte,278452,62717
2023-02-09,Hogar,Centro,152506,51681
2023-10-28,Deportes,Sur,90599,28444
2024-05-09,Electrodomesticos,Centro,288232,53272
2024-09-05,Electrodomesticos,Norte,122138,25845
2023-11-22,Tecnologia,Centro,239293,53768
2023-06-12,Electrodomesticos,Centro,177111,30681
2022-03-11,Electrodomesticos,Sur,175929,39717
2022-08-26,Vestuario,Centro,43954,17017
2022-06-02,Vestuario,Norte,46119,19701
2023-03-09,Vestuario,Norte,37112,15055
2023-12-23,Tecnologia,Centro,197539,56214
2022-03-07,Hogar,Norte,95582,28018
2024-12-19,Hogar,Centro,95128,25996
2024-05-12,Vestuario,Centro,82972,34686
2024-08-21,Deportes,Centro,102640,33187
2022-09-02,Tecnologia,Sur,233614,67192
2023-12-06,Vestuario,Centro,60261,24187
2023-07-24,Vestuario,Centro,59662,23285
2024-09-08,Electrodomesticos,Centro,170009,37040
2024-12-24,Tecnologia,Sur,201908,43636
2022-07-27,Hogar,Sur,136655,42121
2024-03-18,Vestuario,Sur,23763,9858
2022-12-23,Vestuario,Sur,38721,13902
2023-12-16,Deportes,Centro,49198,14179
2024-11-26,Hogar,Centro,149274,51270
2022-09-24,Hogar,Centro,95226,26464
2024-12-25,Tecnologia,Norte,289856,53681
2023-05-04,Electrodomesticos,Centro,261604,46721
2022-12-22,Tecnologia,Norte,203610,52380
2024-12-24,Hogar,Sur,114127,29441
2024-07-05,Deportes,Sur,101949,34849
2023-12-14,Deportes,Sur,53657,20722
2024-06-25,Hogar,Norte,95574,33677
2022-10-17,Tecnologia,Norte,120666,26379
2024-04-12,Hogar,Sur,107797,25502
2023-01-10,Vestuario,Centro,50699,25205
2023-04-29,Vestuario,Centro,87784,35038
2024-11-05,Electrodomesticos,Norte,228649,46551
2023-09-14,Electrodomesticos,Centro,238692,52873
2023-01-27,Hogar,Norte,126588,44078
2022-10-25,Tecnologia,Sur,259805,57847
2022-10-03,Electrodomesticos,Norte,327822,68183
2022-07-20,Electrodomesticos,Norte,215232,51792
2023-06-07,Deportes,Norte,81223,24646
2022-07-18,Vestuario,Norte,32916,13097
2023-02-06,Hogar,Norte,101496,31924
2022-02-20,Tecnologia,Centro,180983,42516
2024-03-18,Electrodomesticos,Norte,148459,31740
2022-10-21,Electrodomesticos,Sur,115375,21907
2023-02-06,Vestuario,Sur,38481,13214
2022-09-28,Tecnologia,Sur,217694,54478
2023-04-19,Tecnologia,Sur,132813,27536
2024-03-06,Vestuario,Norte,43624,16846
2024-04-28,Tecnologia,Norte,150187,39838
2024-12-27,Deportes,Centro,54424,20176
2023-04-16,Electrodomesticos,Centro,130878,23812
2022-10-25,Vestuario,Centro,58190,20412
2022-04-09,Electrodomesticos,Centro,224162,42684
2023-03-17,Deportes,Norte,29463,9320
2023-10-02,Hogar,Centro,113682,28868
2024-04-13,Tecnologia,Norte,228883,43053
2022-10-18,Hogar,Norte,95849,29640
2024-07-18,Tecnologia,Norte,251134,59308
2023-04-04,Deportes,Norte,77095,23908
2024-05-31,Tecnologia,Norte,263507,73113
2023-02-16,Electrodomesticos,Sur,168090,30172
2024-12-18,Deportes,Norte,69628,19881
2022-10-14,Vestuario,Norte,51239,16578
2022-11-20,Tecnologia,Norte,189616,50443
2023-07-10,Deportes,Norte,99499,36310
2022-01-23,Tecnologia,Sur,123075,32997
2024-07-11,Vestuario,Norte,44116,15158
2024-01-26,Vestuario,Sur,33940,11713
2024-12-12,Deportes,Centro,51537,18516
2024-11-30,Vestuario,Sur,55622,26078
2024-08-27,Electrodomesticos,Centro,265236,53263
2023-02-22,Tecnologia,Centro,145235,29884
2022-05-13,Vestuario,Centro,66474,28827
2022-12-25,Hogar,Sur,79410,25058
2022-06-23,Deportes,Sur,65385,21173
2023-10-14,Electrodomesticos,Sur,179502,34310
2022-03-22,Deportes,Centro,93549,32870
2022-04-26,Tecnologia,Centro,184482,43617
2023-12-28,Electrodomesticos,Centro,152469,28873
2023-08-08,Deportes,Norte,104075,30312
2022-03-09,Hogar,Sur,72764,21290
2022-09-01,Deportes,Norte,62801,17984
2022-09-02,Tecnologia,Centro,177908,53399
2023-08-30,Vestuario,Centro,56208,22234
2024-09-17,Deportes,Sur,70960,17028
2022-06-12,Vestuario,Sur,42823,12684
2024-01-10,Hogar,Centro,80943,27640
2024-12-10,Deportes,Centro,64361,23571
2024-01-02,Tecnologia,Sur,220964,43045
2022-07-18,Tecnologia,Centro,212806,62581
2022-05-25,Deportes,Norte,89561,33379
2023-02-25,Electrodomesticos,Norte,205715,32286
2024-09-17,Tecnologia,Norte,219089,42776
2023-06-18,Hogar,Sur,109812,36909
2024-01-15,Deportes,Norte,65842,19292
2023-01-28,Deportes,Norte,117996,38462
2024-05-22,Tecnologia,Norte,199321,44026
2022-01-27,Deportes,Sur,63128,16347
2022-08-09,Electrodomesticos,Norte,207181,40872
2024-06-26,Hogar,Sur,156153,39186
2024-03-13,Electrodomesticos,Sur,202657,38138
2024-11-19,Deportes,Norte,92380,34320
2022-07-21,Electrodomesticos,Norte,222084,44743
2022-09-19,Vestuario,Norte,49577,18466
2024-06-28,Deportes,Norte,85335,26986
2023-09-02,Deportes,Sur,132738,35714
2022-01-31,Electrodomesticos,Norte,177205,27595
2022-05-26,Hogar,Centro,106392,30412
2024-10-11,Deportes,Sur,96132,32634
2022-02-27,Vestuario,Sur,53012,21850
2023-07-16,Tecnologia,Sur,151171,37514
2022-09-13,Electrodomesticos,Sur,207180,38415
2023-07-02,Hogar,Centro,119453,35063
2024-02-08,Hogar,Norte,182678,52088
2024-03-17,Vestuario,Sur,62032,21682
2022-03-30,Hogar,Sur,122286,36662
2022-05-04,Hogar,Norte,116048,36348
2022-12-31,Electrodomesticos,Sur,131106,28805
2024-04-21,Deportes,Norte,59113,21008
2023-05-24,Electrodomesticos,Sur,59483,10545
2022-10-24,Deportes,Norte,57980,16822
2022-12-20,Electrodomesticos,Centro,169689,33026
2024-09-15,Deportes,Centro,79305,30366
2022-03-04,Electrodomesticos,Centro,167507,33499
2022-12-29,Tecnologia,Centro,266985,65313
2024-09-21,Vestuario,Centro,38424,15426
2024-09-23,Vestuario,Centro,81196,29203
2022-06-19,Vestuario,Sur,50904,16743
2024-04-27,Electrodomesticos,Sur,150713,24815
2022-11-16,Tecnologia,Norte,200434,58568
2023-12-06,Deportes,Norte,101344,29828
2024-05-31,Electrodomesticos,Centro,223126,39223
2023-04-09,Vestuario,Norte,60425,22561
2024-10-07,Vestuario,Norte,43874,14538
2023-12-28,Deportes,Sur,104787,32524
2022-04-05,Tecnologia,Norte,150515,37316
2024-10-02,Vestuario,Norte,60608,26224
2023-06-27,Hogar,Centro,58318,18680
2024-05-31,Electrodomesticos,Centro,161760,32019
2024-11-24,Electrodomesticos,Norte,111671,25305
2024-06-15,Tecnologia,Centro,139945,30881
2024-07-08,Electrodomesticos,Norte,200145,43578
2024-12-11,Tecnologia,Norte,237880,71103
2023-03-21,Deportes,Centro,83886,22195
2023-06-30,Vestuario,Centro,48835,18300
2022-08-10,Hogar,Norte,109860,30046
2022-05-17,Hogar,Norte,72556,15788
2022-05-03,Tecnologia,Norte,201180,52709
2024-03-17,Deportes,Centro,71365,21497
2023-02-13,Hogar,Norte,43198,12011
2022-10-06,Deportes,Norte,74414,23074
2022-08-03,Hogar,Norte,17060,5410
2024-06-22,Vestuario,Centro,57666,19706
2023-12-06,Deportes,Sur,79710,26861
2023-12-27,Hogar,Sur,34387,9864
2023-01-17,Tecnologia,Sur,192366,45369
2022-01-03,Electrodomesticos,Norte,180262,37646
2024-05-20,Hogar,Centro,105723,30389
2023-06-26,Electrodomesticos,Sur,210043,42609
2023-08-13,Vestuario,Norte,70025,33805
2023-01-20,Deportes,Sur,66656,17093
2024-10-22,Deportes,Sur,80595,25256
2023-10-20,Tecnologia,Sur,177569,37335
2024-07-21,Tecnologia,Norte,212896,52038
2023-08-20,Tecnologia,Sur,225451,48604
2024-01-11,Vestuario,Centro,48766,19882
2022-04-24,Vestuario,Norte,28266,11336
2024-11-18,Deportes,Norte,57370,16115
2022-07-12,Deportes,Centro,66011,21577
2024-04-27,Vestuario,Centro,15105,6461
2022-09-07,Vestuario,Sur,53990,21869
2024-04-25,Electrodomesticos,Norte,131710,25720
2024-05-26,Deportes,Centro,83147,27518
2022-05-11,Tecnologia,Sur,325288,77106
2024-08-22,Hogar,Centro,146758,48063
2023-01-04,Deportes,Sur,82106,33384
2024-10-19,Hogar,Sur,129591,42463
2022-01-11,Hogar,Norte,104929,28445
2022-08-09,Vestuario,Norte,48081,19946
2023-12-16,Hogar,Sur,149631,43920
2024-12-25,Electrodomesticos,Centro,256728,47453
2024-10-15,Vestuario,Centro,36141,12266
2022-07-09,Tecnologia,Centro,156504,41887
2023-05-20,Hogar,Centro,102725,35863
2024-05-31,Electrodomesticos,Norte,157063,31812
2023-01-12,Vestuario,Centro,78676,37324
2023-04-19,Hogar,Sur,159577,56927
2022-10-16,Electrodomesticos,Centro,164807,34989
2023-08-21,Deportes,Sur,56089,21128
2023-01-09,Tecnologia,Norte,144711,30567
2022-11-05,Electrodomesticos,Norte,182195,35435
2023-02-09,Electrodomesticos,Norte,172420,29865
2024-01-23,Tecnologia,Centro,213162,59928
2022-10-02,Vestuario,Centro,64085,19108
2024-03-22,Hogar,Sur,99218,37121
2022-09-02,Tecnologia,Sur,207699,54448
2024-01-08,Tecnologia,Norte,71549,15785
2023-06-19,Tecnologia,Centro,252831,50385
2022-04-15,Tecnologia,Norte,198962,45774
2022-01-22,Vestuario,Sur,34179,12740
2023-03-25,Deportes,Centro,34329,10100
2023-10-14,Tecnologia,Centro,223936,52169
2022-07-03,Electrodomesticos,Sur,228095,46665
2023-05-09,Hogar,Norte,171294,44807
2024-11-24,Vestuario,Sur,89917,35983
2022-05-22,Tecnologia,Centro,158860,43610
2022-10-17,Electrodomesticos,Centro,300309,67289
2024-07-24,Tecnologia,Norte,261794,65295
2024-09-01,Deportes,Norte,99185,30516
2024-11-18,Vestuario,Sur,53429,20915
2023-10-21,Hogar,Norte,123528,38518
2022-08-11,Hogar,Norte,75354,22579
2023-11-25,Vestuario,Centro,43581,17259
2022-06-14,Vestuario,Centro,63547,27223
2024-10-11,Hogar,Norte,162948,50025
2024-08-07,Vestuario,Norte,76967,34464
2024-10-09,Deportes,Centro,116085,35025
2022-02-22,Deportes,Centro,77023,21637
2023-04-15,Vestuario,Norte,86699,32416
2023-06-07,Hogar,Centro,161823,52256
2023-02-18,Deportes,Norte,91072,26140
2022-03-18,Electrodomesticos,Norte,204358,34689
2023-11-28,Vestuario,Norte,42184,16663
2023-03-10,Vestuario,Norte,68824,23700
2023-09-30,Hogar,Norte,165896,49949
2023-09-27,Electrodomesticos,Norte,65365,14112
2022-02-07,Vestuario,Centro,54065,23260
2022-02-20,Tecnologia,Sur,88423,18091
2024-01-16,Vestuario,Norte,76131,27464
2023-09-02,Vestuario,Sur,34148,13334
2022-02-20,Tecnologia,Centro,206292,48994
2023-06-25,Hogar,Centro,83876,20866
2024-06-05,Vestuario,Sur,65164,27859
2024-04-27,Electrodomesticos,Centro,174308,32873
2024-06-08,Vestuario,Sur,57469,23083
2023-08-27,Electrodomesticos,Norte,93585,18952
2023-01-14,Vestuario,Centro,60773,24704
2024-09-09,Tecnologia,Norte,258391,64095
2024-10-09,Deportes,Norte,80090,22356
2022-05-21,Deportes,Sur,93519,36416
2023-05-28,Electrodomesticos,Norte,114541,23901
2023-01-27,Vestuario,Centro,77623,36603
2022-05-12,Deportes,Norte,67849,23938
2022-06-22,Vestuario,Norte,77946,31265
2022-03-06,Deportes,Sur,64245,20090
2024-01-07,Deportes,Norte,59871,25417
2023-09-20,Electrodomesticos,Norte,173733,28390
2022-11-02,Vestuario,Sur,61110,23375
2024-02-20,Deportes,Centro,49377,14911
2023-01-11,Deportes,Centro,93319,32981
2023-03-23,Vestuario,Norte,75591,33193
2022-07-26,Electrodomesticos,Sur,231031,50087
2022-02-12,Electrodomesticos,Centro,166064,37509
2022-01-15,Tecnologia,Centro,277919,57550
2023-04-25,Electrodomesticos,Norte,98536,15848
2024-09-25,Electrodomesticos,Sur,118261,26660
2023-03-06,Vestuario,Centro,48228,20624
2022-09-08,Vestuario,Sur,51477,20319
2023-03-13,Hogar,Sur,117373,34250
2022-04-06,Deportes,Sur,107698,37331
2022-07-24,Vestuario,Sur,62700,26182
2022-08-28,Hogar,Norte,120357,36773
2024-01-17,Tecnologia,Norte,226590,65790
2022-05-29,Deportes,Norte,62946,17863
2022-02-20,Electrodomesticos,Norte,250327,53778
2022-09-06,Hogar,Norte,109508,27360
2023-08-21,Tecnologia,Norte,144449,38268
2022-04-20,Vestuario,Sur,69454,30581
2023-08-27,Deportes,Norte,81259,24712
2022-01-04,Electrodomesticos,Norte,122317,23136
2022-09-08,Hogar,Centro,101290,29518
2022-01-03,Deportes,Sur,79433,24105
2022-06-29,Hogar,Sur,131798,43051
2024-09-13,Vestuario,Norte,69462,28063
2024-12-27,Electrodomesticos,Norte,242290,50910
2024-05-26,Tecnologia,Sur,187541,49049
2023-09-09,Vestuario,Sur,38007,13220
2022-04-10,Tecnologia,Sur,206714,41695
2024-02-02,Electrodomesticos,Norte,106859,19323
2022-06-28,Deportes,Sur,66793,20259
2022-12-02,Electrodomesticos,Sur,254262,47083
2022-06-29,Deportes,Sur,35164,11169
2024-07-04,Vestuario,Norte,46406,17137
2024-11-13,Vestuario,Sur,54549,19037
2023-03-16,Electrodomesticos,Centro,117255,22994
2024-04-09,Vestuario,Centro,51203,20689
2022-03-13,Tecnologia,Norte,182701,55715
2023-02-02,Vestuario,Sur,42481,15912
2024-09-01,Electrodomesticos,Norte,123891,22063
2022-10-10,Tecnologia,Centro,88192,21077
2024-05-29,Electrodomesticos,Sur,15000,3287
2023-06-24,Vestuario,Norte,56378,21598
2024-01-11,Deportes,Norte,93927,33729
2023-03-03,Tecnologia,Norte,298405,82812
2023-05-03,Vestuario,Norte,36439,12560
2022-04-14,Vestuario,Sur,100660,32538
2022-12-21,Hogar,Centro,114405,39483
2023-04-10,Vestuario,Centro,70547,28603
2022-12-09,Deportes,Sur,79348,27036
2024-06-06,Electrodomesticos,Centro,153198,30787
2024-08-26,Electrodomesticos,Sur,168138,33801
2024-11-09,Vestuario,Centro,57613,20906
2022-01-02,Tecnologia,Centro,250365,57683
2022-08-18,Deportes,Norte,77005,26126
2022-04-02,Tecnologia,Centro,179022,51197
2023-12-29,Vestuario,Norte,68733,22186
2022-01-16,Hogar,Norte,109378,34059
2024-03-09,Deportes,Centro,54370,17845
2024-12-13,Hogar,Sur,132281,36873
2024-05-11,Deportes,Centro,66032,19698
2022-02-28,Tecnologia,Sur,273370,53421
2022-04-27,Vestuario,Centro,61009,28527
2023-06-03,Tecnologia,Sur,242211,58614
2024-03-01,Deportes,Norte,54590,15662
2024-02-16,Hogar,Norte,79350,24555
2024-02-16,Tecnologia,Sur,255207,68476
2024-02-02,Tecnologia,Norte,215897,44682
2022-02-02,Hogar,Norte,105986,31648
2024-10-25,Electrodomesticos,Centro,214182,40183
2024-05-27,Electrodomesticos,Norte,205107,44327
2024-07-18,Hogar,Sur,81183,25463
2022-08-01,Tecnologia,Sur,198049,48664
2024-04-07,Tecnologia,Sur,171226,28190
2024-06-30,Electrodomesticos,Sur,158833,31648
2022-02-02,Electrodomesticos,Sur,246548,51233
2024-10-23,Tecnologia,Centro,184685,40187
2024-08-11,Vestuario,Norte,44301,17473
2022-05-20,Electrodomesticos,Centro,199594,43941
2024-05-04,Tecnologia,Norte,272248,65376
2022-02-06,Electrodomesticos,Sur,152588,31193
2024-09-09,Vestuario,Norte,44439,16714
2022-09-05,Deportes,Norte,60531,20599
2023-07-18,Deportes,Norte,98197,33243
2024-04-11,Tecnologia,Norte,185411,46972
2022-11-10,Electrodomesticos,Norte,187182,43610
2023-02-23,Deportes,Norte,124964,40360
2023-04-16,Electrodomesticos,Sur,87446,18348
2023-06-20,Vestuario,Centro,66489,21705
2024-07-17,Vestuario,Sur,50564,16462
2023-06-04,Tecnologia,Sur,226437,72233
2023-10-28,Electrodomesticos,Sur,128325,28301
2024-02-05,Tecnologia,Centro,137737,34497
2023-05-22,Tecnologia,Sur,179535,45113
2022-03-13,Electrodomesticos,Norte,172635,36213
2024-04-12,Vestuario,Sur,67227,23091
2024-12-01,Tecnologia,Sur,189488,56736
2024-08-31,Deportes,Sur,82657,24039
2024-06-16,Hogar,Sur,138395,41194
2024-12-21,Electrodomesticos,Sur,234002,30544
2024-03-06,Hogar,Centro,89480,28015
2024-05-13,Tecnologia,Centro,237726,58027
2024-03-16,Hogar,Sur,111612,35551
2024-11-27,Deportes,Norte,72020,23415
2023-09-27,Vestuario,Norte,39648,15443
2024-11-08,Vestuario,Norte,26747,11759
2023-11-14,Vestuario,Norte,66378,25434
2024-03-18,Electrodomesticos,Norte,189804,35372
2024-09-16,Electrodomesticos,Centro,207988,39175
2024-09-21,Tecnologia,Norte,126144,26609
2024-06-10,Tecnologia,Sur,168445,48781
2022-04-03,Deportes,Centro,39942,12201
2022-04-07,Deportes,Centro,71253,21556
2023-03-03,Electrodomesticos,Norte,148936,34581
2023-10-22,Electrodomesticos,Sur,115675,21547
2022-07-03,Tecnologia,Norte,285418,59696
2024-11-09,Deportes,Centro,50062,12476
2024-09-05,Hogar,Sur,97484,28589
2023-01-13,Tecnologia,Sur,217329,61729
2023-02-09,Vestuario,Centro,51551,23645
2024-11-02,Hogar,Sur,113301,26866
2022-05-26,Tecnologia,Norte,215736,60547
2023-07-14,Electrodomesticos,Sur,139702,26955
2023-06-12,Tecnologia,Norte,295943,77565
2024-06-17,Hogar,Norte,123955,32958
2023-10-24,Tecnologia,Sur,197639,54961
2023-07-11,Electrodomesticos,Sur,196912,42661
2023-01-16,Deportes,Centro,69654,20101
2024-02-27,Deportes,Centro,83106,27893
2023-08-24,Hogar,Centro,97487,30831
2022-01-07,Electrodomesticos,Centro,172927,34755
2024-11-22,Vestuario,Centro,57684,24949
2024-09-30,Vestuario,Sur,88304,36291
2023-07-11,Electrodomesticos,Norte,170745,31768
2023-04-08,Hogar,Centro,137996,40632
2023-09-07,Deportes,Centro,81619,21689
2022-09-30,Deportes,Sur,86633,25588
2022-10-01,Hogar,Norte,131227,43596
2024-11-29,Deportes,Sur,78257,25623
2023-09-07,Tecnologia,Norte,205729,40330
2024-10-22,Vestuario,Norte,30600,12697
2022-09-09,Electrodomesticos,Norte,149385,31926
2023-12-16,Vestuario,Centro,47491,13272
2023-08-02,Vestuario,Sur,67732,23041
2024-10-20,Deportes,Centro,82341,33163
2024-08-17,Vestuario,Norte,49895,19250
2024-05-24,Tecnologia,Norte,185306,53224
2022-03-18,Tecnologia,Norte,219097,50384
2024-11-23,Vestuario,Norte,33603,11946
2023-01-22,Tecnologia,Norte,152250,34592
2022-07-16,Deportes,Sur,38495,13954
2022-02-12,Tecnologia,Centro,238811,45623
2022-03-06,Vestuario,Norte,15000,5103
2023-02-23,Tecnologia,Centro,164037,42448
2023-03-10,Hogar,Centro,99454,31214
2024-07-29,Electrodomesticos,Centro,152184,33211
2024-02-15,Tecnologia,Centro,168655,41918
2022-08-25,Deportes,Sur,92176,26805
2022-07-01,Vestuario,Sur,37247,15527
2023-10-03,Tecnologia,Centro,152066,44266
2023-11-08,Electrodomesticos,Centro,354715,77018
2024-01-08,Vestuario,Norte,57709,20881
2023-05-29,Vestuario,Centro,68018,24246
2024-07-31,Hogar,Norte,122065,33181
2024-04-01,Deportes,Centro,57483,20388
2024-04-06,Deportes,Norte,48945,18927
2022-07-27,Deportes,Centro,60715,22163
2023-07-15,Deportes,Centro,86096,31506
2023-01-28,Hogar,Sur,86511,26907
2024-07-08,Vestuario,Sur,66321,22062
2023-01-31,Deportes,Norte,72028,17028
2022-11-03,Vestuario,Norte,79604,34494
2022-12-09,Tecnologia,Centro,245609,64469
2024-07-27,Vestuario,Sur,27984,9375
2024-09-08,Electrodomesticos,Centro,260160,47235
2022-12-19,Electrodomesticos,Centro,206743,41187
2023-10-31,Vestuario,Norte,40168,16485
2024-10-29,Electrodomesticos,Sur,188704,37519
2024-11-11,Electrodomesticos,Norte,311715,68686
2022-11-06,Hogar,Norte,57453,18632
2024-03-22,Deportes,Centro,67419,23185
2023-10-07,Electrodomesticos,Norte,237885,46074
2022-05-09,Deportes,Centro,68187,20324
2022-09-11,Electrodomesticos,Norte,75568,15624
2022-08-13,Tecnologia,Norte,222553,42830
2022-05-31,Vestuario,Sur,61546,18547
2022-09-09,Tecnologia,Sur,187507,38766
2024-06-16,Tecnologia,Sur,207488,48453
2024-05-04,Hogar,Sur,79528,27061
2024-06-29,Hogar,Sur,23325,6510
2024-11-12,Electrodomesticos,Sur,164296,31799
2022-03-11,Tecnologia,Sur,149568,36032
2024-01-17,Hogar,Centro,86955,27178
2022-02-16,Electrodomesticos,Norte,275169,48984
2023-11-06,Electrodomesticos,Norte,237350,36080
2024-04-15,Deportes,Centro,66984,22843
2022-01-01,Tecnologia,Sur,275095,76918
2024-05-25,Tecnologia,Norte,236907,66892
2022-10-02,Electrodomesticos,Centro,232232,43619
2023-08-29,Electrodomesticos,Sur,211258,50115
2024-06-14,Tecnologia,Centro,110442,30593
2023-07-05,Deportes,Sur,91752,31341
2022-05-17,Hogar,Sur,102852,24576
2023-10-11,Deportes,Centro,70964,19721
2024-09-25,Hogar,Sur,68642,23221
2024-10-22,Vestuario,Sur,68033,25811
2024-01-04,Electrodomesticos,Norte,190830,37601
2022-03-28,Deportes,Sur,94793,34113
2024-11-06,Vestuario,Sur,66924,27392
2022-08-03,Deportes,Centro,58010,16263
2022-04-28,Electrodomesticos,Sur,94344,16540
2024-11-16,Tecnologia,Centro,217477,54520
2024-04-26,Tecnologia,Sur,175559,49672
2023-01-28,Deportes,Centro,78924,23318
2022-04-27,Hogar,Norte,127033,35998
2022-02-12,Deportes,Centro,129490,43898
2023-05-31,Vestuario,Sur,59498,21533
2022-07-10,Hogar,Norte,99339,30023
2024-03-01,Deportes,Centro,99400,34431
2024-12-30,Tecnologia,Norte,223681,46719
2024-12-06,Electrodomesticos,Sur,236970,48969
2023-08-29,Tecnologia,Sur,279069,60720
2024-01-15,Vestuario,Norte,65306,26471
2022-11-19,Vestuario,Centro,34826,13112
2024-02-04,Deportes,Norte,87994,32953
2024-05-19,Deportes,Centro,96876,23411
2022-11-25,Vestuario,Sur,52079,18890
2023-06-06,Hogar,Centro,136822,42895
2023-10-13,Deportes,Centro,100861,35400
2023-09-10,Hogar,Centro,168305,41123
2022-09-21,Electrodomesticos,Sur,144256,24728
2023-10-04,Tecnologia,Sur,158418,42467
2022-01-06,Vestuario,Sur,70344,27999
2022-12-29,Electrodomesticos,Norte,259307,71195
2022-07-16,Electrodomesticos,Sur,169090,42577
2024-11-30,Tecnologia,Sur,55552,13936
2022-01-06,Electrodomesticos,Sur,123195,24300
2023-02-16,Vestuario,Sur,69429,31714
2022-11-12,Electrodomesticos,Sur,268984,56483
2023-02-04,Tecnologia,Norte,223096,58712
2022-08-07,Tecnologia,Norte,312605,88036
2022-03-11,Tecnologia,Sur,157996,51884
2024-02-17,Electrodomesticos,Norte,245244,49272
2022-02-01,Deportes,Sur,56538,16216
2024-12-01,Deportes,Norte,76143,26170
2023-11-17,Deportes,Sur,97861,28267
2022-12-20,Hogar,Sur,52536,17224
2023-01-23,Deportes,Sur,67746,23807
2024-11-09,Tecnologia,Centro,228624,55386
2024-12-15,Vestuario,Norte,69762,28174
2022-03-30,Tecnologia,Norte,204863,47330
2024-08-27,Hogar,Centro,138536,36138
2024-09-07,Hogar,Centro,132938,31566
2024-11-16,Vestuario,Norte,58729,22740
2022-06-10,Hogar,Sur,140015,35599
2023-08-27,Vestuario,Sur,58585,22516
2024-04-25,Electrodomesticos,Norte,175084,32281
2024-11-23,Deportes,Sur,80373,24443
2023-04-13,Hogar,Sur,160424,41778
2023-04-23,Vestuario,Centro,56376,19598
2024-03-28,Tecnologia,Norte,252539,59262
2024-02-18,Hogar,Centro,121371,35744
2024-02-29,Electrodomesticos,Norte,243658,57487
2024-06-17,Vestuario,Norte,65713,22234
2022-03-11,Deportes,Centro,59258,17309
2022-10-26,Vestuario,Sur,72508,24894
2023-09-07,Vestuario,Centro,42253,17019
2024-07-20,Tecnologia,Norte,191072,45320
2023-09-04,Electrodomesticos,Centro,166056,38031
2024-07-28,Deportes,Centro,105875,34889
2023-10-26,Electrodomesticos,Centro,164692,29557
2022-12-19,Electrodomesticos,Sur,136035,30797
2024-01-29,Hogar,Norte,122760,34824
2022-04-01,Deportes,Norte,109806,30665
2024-03-24,Tecnologia,Norte,133165,36037
2024-09-11,Vestuario,Sur,54807,21783
2023-01-17,Vestuario,Centro,78015,27384
2024-07-12,Hogar,Centro,59188,18742
2023-07-05,Hogar,Centro,141118,44980
2024-12-08,Vestuario,Sur,53668,20527
2023-08-08,Hogar,Sur,60139,21640
2024-06-16,Tecnologia,Norte,208806,54132
2022-04-26,Tecnologia,Norte,305586,85807
2024-11-07,Vestuario,Norte,70704,27734
2022-10-02,Electrodomesticos,Norte,184248,32275
