id_compra,cliente,fecha_compra,categoria,producto,unidades,ventas,beneficio
1,1,2022-06-03,Hogar,Hervidor,2,155094,35333
3,1,2022-06-26,Hogar,Organizador,1,155408,46472
6,1,2022-07-16,Vestuario,Buzo,1,46820,18924
4,1,2022-07-28,Deportes,Botella,1,88474,24196
5,1,2022-09-10,Hogar,Cafetera,2,207954,54249
2,1,2023-03-16,Electrodomesticos,Horno,3,425289,88062
7,2,2023-12-26,Vestuario,Buzo,1,38636,12088
14,2,2024-02-21,Vestuario,Buzo,1,44609,11001
13,2,2024-03-26,Vestuario,Camisa,3,108809,32336
15,2,2024-05-07,Vestuario,Camisa,1,27544,11674
8,2,2024-05-14,Hogar,Mesa,1,124313,31611
9,2,2024-05-31,Tecnologia,Mouse,4,876967,155533
10,2,2024-06-18,Vestuario,Vestido,2,58962,22155
11,2,2024-08-13,Deportes,Casco,1,58718,16992
12,2,2024-08-30,Deportes,Short,2,74219,26445
16,3,2023-10-01,Tecnologia,Smartwatch,2,386966,96203
20,3,2023-10-04,Hogar,Cafetera,1,112626,31377
17,3,2023-10-24,Tecnologia,Smartphone,2,706173,148372
19,3,2023-11-21,Deportes,Guantes,2,49000,11330
21,3,2024-04-14,Deportes,Poleron,2,172271,50811
18,3,2024-04-15,Tecnologia,Notebook,1,244604,54754
22,3,2024-06-20,Hogar,Mesa,1,82247,27412
23,4,2024-11-26,Hogar,Mesa,2,272906,69149
25,4,2024-12-21,Deportes,Casco,1,97960,28226
27,4,2024-12-21,Vestuario,Zapatillas,1,44215,15810
28,4,2024-12-21,Deportes,Raqueta,1,60747,17102
30,4,2024-12-22,Tecnologia,Router,4,308000,54568
29,4,2024-12-23,Deportes,Colchoneta,4,416241,129895
26,4,2024-12-27,Hogar,Alfombra,2,244368,61005
31,4,2024-12-27,Electrodomesticos,Aspiradora,3,509524,87627
24,4,2024-12-29,Vestuario,Calcetines,1,36760,12232
33,4,2024-12-30,Tecnologia,Impresora,3,625778,118634
34,4,2024-12-30,Electrodomesticos,Plancha,4,662804,113855
35,4,2024-12-30,Electrodomesticos,Aspiradora,1,235989,38939
32,4,2024-12-31,Electrodomesticos,Microondas,2,411019,67825
36,5,2023-07-28,Vestuario,Polera,3,113766,38195
40,5,2023-08-14,Tecnologia,Teclado,2,289912,61137
42,5,2023-08-23,Tecnologia,Router,1,148987,32285
47,5,2023-08-24,Deportes,Pesas,1,93480,30600
44,5,2023-09-06,Vestuario,Buzo,3,101663,33443
38,5,2023-09-19,Hogar,Mesa,4,126000,30584
46,5,2023-09-28,Tecnologia,Audifonos,3,416449,79997
41,5,2023-10-27,Vestuario,Zapatillas,3,90791,35451
45,5,2023-12-16,Vestuario,Buzo,1,28083,9341
37,5,2023-12-20,Electrodomesticos,Cocina,1,177725,28664
43,5,2024-04-08,Hogar,Cortinas,1,65188,18819
39,5,2024-05-24,Electrodomesticos,Horno,1,125422,21265
48,5,2024-09-11,Vestuario,Buzo,1,39221,12273
49,6,2024-11-08,Deportes,Guantes,1,72245,17585
52,6,2024-11-25,Vestuario,Chaqueta,2,92038,27034
54,6,2024-11-28,Hogar,Termo,1,56834,16015
58,6,2024-12-07,Tecnologia,Mouse,1,245352,50090
53,6,2024-12-08,Vestuario,Chaqueta,4,97443,29129
51,6,2024-12-22,Hogar,Organizador,2,99408,30537
56,6,2024-12-22,Hogar,Hervidor,6,821714,213718
55,6,2024-12-24,Tecnologia,Audifonos,2,362007,72325
50,6,2024-12-26,Deportes,Casco,1,109922,31786
57,6,2024-12-28,Electrodomesticos,Cocina,2,540422,82568
59,6,2024-12-28,Tecnologia,Notebook,1,157535,34753
60,7,2023-10-02,Hogar,Sofa,2,66352,17284
62,7,2023-10-07,Deportes,Colchoneta,1,54806,18174
65,7,2024-01-14,Hogar,Termo,1,140117,46126
63,7,2024-07-13,Tecnologia,Smartwatch,1,286751,50641
64,7,2024-08-15,Electrodomesticos,Refrigerador,4,566775,80788
66,7,2024-09-03,Tecnologia,Notebook,1,321948,70368
61,7,2024-11-18,Hogar,Silla,1,72652,17181
67,8,2023-02-20,Tecnologia,Notebook,1,250682,50714
74,8,2023-02-24,Hogar,Silla,5,783280,243081
70,8,2023-03-04,Electrodomesticos,Plancha,1,114747,17696
71,8,2023-05-24,Hogar,Silla,2,296669,58976
68,8,2023-06-14,Deportes,Raqueta,2,92058,28275
69,8,2023-06-28,Tecnologia,Mouse,2,451477,93187
72,8,2023-07-21,Hogar,Lampara,2,172552,57197
73,8,2023-08-02,Tecnologia,Mouse,2,457916,100143
75,9,2023-06-20,Hogar,Cafetera,1,63329,16269
79,9,2023-07-13,Electrodomesticos,Aspiradora,6,1137728,233978
76,9,2023-07-22,Electrodomesticos,Refrigerador,1,354863,61938
80,9,2023-07-30,Vestuario,Polera,2,61631,20245
78,9,2023-10-27,Deportes,Botella,2,143771,41197
77,9,2024-12-24,Electrodomesticos,Licuadora,2,385079,64282
81,10,2024-08-21,Vestuario,Calcetines,1,15365,5716
88,10,2024-08-24,Tecnologia,Teclado,2,299437,70529
84,10,2024-10-02,Tecnologia,Notebook,1,193176,46549
85,10,2024-10-04,Deportes,Guantes,4,313931,92300
87,10,2024-10-28,Hogar,Termo,1,45690,14479
83,10,2024-11-07,Electrodomesticos,Licuadora,1,239667,41036
86,10,2024-12-23,Deportes,Poleron,1,34726,10764
82,10,2024-12-31,Vestuario,Vestido,2,148953,53229
89,11,2023-01-11,Hogar,Organizador,3,376801,105465
93,11,2023-01-24,Tecnologia,Audifonos,1,228755,42281
91,11,2023-01-28,Electrodomesticos,Licuadora,1,156619,26985
94,11,2023-02-22,Electrodomesticos,Lavadora,1,147412,29020
92,11,2023-04-26,Tecnologia,Monitor,2,599791,108432
90,11,2023-05-06,Hogar,Cafetera,2,94078,22074
95,12,2023-03-15,Electrodomesticos,Licuadora,3,252263,44638
101,12,2023-03-25,Deportes,Poleron,1,99351,26133
98,12,2023-04-10,Tecnologia,Mouse,1,229584,46432
96,12,2023-05-04,Electrodomesticos,Secadora,1,215152,34261
106,12,2023-06-02,Hogar,Hervidor,1,143376,39320
102,12,2023-06-20,Vestuario,Camisa,1,38480,15360
99,12,2023-06-25,Deportes,Balon,1,88220,29084
97,12,2023-07-14,Vestuario,Calcetines,2,85300,23402
100,12,2023-07-14,Vestuario,Polera,1,68073,21875
105,12,2023-10-06,Electrodomesticos,Microondas,2,543741,100011
104,12,2023-10-28,Vestuario,Zapatillas,5,252873,94960
103,12,2023-12-09,Tecnologia,Teclado,1,170943,36360
107,13,2023-08-09,Deportes,Pesas,3,191142,54913
110,13,2023-08-17,Tecnologia,Smartwatch,3,638292,99106
114,13,2023-09-28,Vestuario,Zapatillas,1,25794,8873
113,13,2023-10-17,Vestuario,Calcetines,1,15232,5154
109,13,2023-11-10,Hogar,Cortinas,3,225347,48997
111,13,2023-12-20,Tecnologia,Impresora,1,297965,54593
115,13,2024-03-10,Tecnologia,Mouse,5,1313676,248927
112,13,2024-06-28,Electrodomesticos,Licuadora,1,85131,12140
108,13,2024-06-30,Deportes,Casco,2,130403,37089
116,14,2024-09-26,Hogar,Lampara,1,104765,33696
119,14,2024-10-03,Deportes,Guantes,4,169404,49072
123,14,2024-10-06,Deportes,Bicicleta,1,94892,29127
121,14,2024-10-30,Electrodomesticos,Lavadora,1,63000,12387
124,14,2024-12-21,Electrodomesticos,Lavadora,1,183823,34113
122,14,2024-12-24,Tecnologia,Impresora,2,505161,88755
125,14,2024-12-24,Hogar,Alfombra,1,92130,24572
118,14,2024-12-25,Electrodomesticos,Refrigerador,1,114191,19371
120,14,2024-12-29,Electrodomesticos,Cocina,1,350709,47838
117,14,2024-12-31,Hogar,Hervidor,2,254548,68020
126,15,2024-01-28,Hogar,Hervidor,2,85145,28277
128,15,2024-02-12,Tecnologia,Monitor,4,752836,198212
137,15,2024-04-05,Hogar,Sofa,1,111269,25129
132,15,2024-04-28,Hogar,Cafetera,1,88304,30406
139,15,2024-05-08,Deportes,Casco,2,144093,47369
141,15,2024-06-15,Deportes,Pesas,1,96224,25654
138,15,2024-06-24,Vestuario,Vestido,3,174439,46654
136,15,2024-07-20,Tecnologia,Impresora,1,207858,45727
131,15,2024-08-03,Vestuario,Camisa,1,27525,11131
129,15,2024-08-07,Vestuario,Chaqueta,2,81867,28797
134,15,2024-08-12,Electrodomesticos,Lavadora,1,258672,44467
130,15,2024-09-29,Vestuario,Jeans,2,86929,27972
140,15,2024-10-01,Electrodomesticos,Aspiradora,1,140887,23643
127,15,2024-12-18,Tecnologia,Tablet,1,147451,23151
133,15,2024-12-21,Deportes,Short,1,85912,22012
135,15,2024-12-26,Tecnologia,Audifonos,1,294001,61607
142,16,2023-05-30,Hogar,Cafetera,5,499935,152428
145,16,2023-06-20,Vestuario,Gorro,1,21388,7208
144,16,2023-08-01,Electrodomesticos,Microondas,1,196661,35791
143,16,2023-08-06,Electrodomesticos,Cocina,3,320360,66480
146,16,2023-08-06,Deportes,Bicicleta,2,85736,24489
147,17,2024-06-08,Hogar,Silla,1,115058,36926
153,17,2024-06-08,Hogar,Mesa,1,83457,23357
148,17,2024-06-21,Hogar,Lampara,2,166087,49932
152,17,2024-06-23,Electrodomesticos,Microondas,3,430960,91748
151,17,2024-08-17,Vestuario,Calcetines,2,39139,15567
150,17,2024-09-18,Tecnologia,Tablet,2,378761,64205
149,17,2024-10-15,Vestuario,Chaqueta,1,33548,8475
154,17,2024-12-21,Vestuario,Chaqueta,2,80454,28008
155,17,2024-12-25,Deportes,Balon,1,32282,7647
156,18,2024-07-06,Deportes,Raqueta,2,164935,38675
159,18,2024-07-10,Deportes,Guantes,2,140699,37470
158,18,2024-07-19,Electrodomesticos,Cocina,2,366525,58643
161,18,2024-09-16,Electrodomesticos,Refrigerador,2,388838,67297
160,18,2024-09-27,Tecnologia,Monitor,2,154000,33308
157,18,2024-12-29,Deportes,Guantes,5,269218,78315
162,18,2024-12-29,Electrodomesticos,Lavadora,1,312479,49694
163,19,2022-02-06,Deportes,Raqueta,3,264937,61784
169,19,2022-02-24,Deportes,Raqueta,1,84059,30242
167,19,2022-02-26,Tecnologia,Monitor,1,220811,40814
170,19,2022-02-26,Vestuario,Gorro,1,34662,10710
172,19,2022-02-28,Tecnologia,Smartphone,2,527230,100161
166,19,2022-03-05,Hogar,Silla,1,129487,37931
164,19,2022-03-30,Electrodomesticos,Plancha,1,85898,17311
171,19,2022-04-04,Electrodomesticos,Cocina,1,118159,19825
173,19,2022-04-30,Tecnologia,Notebook,1,330803,65291
168,19,2022-06-25,Vestuario,Pantalon,1,24120,6384
174,19,2022-10-28,Electrodomesticos,Microondas,1,266816,37739
165,19,2023-01-27,Vestuario,Vestido,3,71063,25910
175,20,2023-12-27,Deportes,Pesas,4,306425,87425
181,20,2024-02-11,Deportes,Pesas,3,157828,50489
178,20,2024-02-20,Deportes,Bicicleta,2,167738,57694
185,20,2024-02-22,Vestuario,Gorro,1,46102,15679
179,20,2024-03-08,Deportes,Pesas,1,83880,28541
177,20,2024-03-22,Electrodomesticos,Microondas,3,695571,87642
184,20,2024-04-08,Hogar,Cafetera,4,413776,116771
186,20,2024-04-12,Deportes,Botella,4,118122,39992
180,20,2024-04-14,Hogar,Lampara,1,117321,37213
183,20,2024-06-11,Hogar,Organizador,3,201376,59904
187,20,2024-06-19,Hogar,Lampara,1,135944,36324
182,20,2024-08-05,Deportes,Guantes,1,67805,22474
176,20,2024-11-11,Tecnologia,Monitor,1,241050,44075
188,21,2023-08-08,Tecnologia,Teclado,1,299581,61142
192,21,2023-08-16,Vestuario,Chaqueta,3,45216,12492
194,21,2023-09-01,Tecnologia,Smartphone,2,677446,158527
193,21,2023-10-26,Electrodomesticos,Cocina,1,327784,64341
189,21,2023-12-27,Deportes,Pesas,1,91167,21318
190,21,2024-01-28,Electrodomesticos,Microondas,1,129974,23301
195,21,2024-05-22,Hogar,Sofa,2,135100,45456
196,21,2024-12-10,Electrodomesticos,Cocina,1,168959,28351
191,21,2024-12-30,Electrodomesticos,Purificador,4,686613,95710
197,22,2023-07-10,Vestuario,Gorro,1,55382,19202
202,22,2023-07-20,Vestuario,Polera,2,46963,15757
212,22,2023-07-29,Electrodomesticos,Refrigerador,1,104192,19795
203,22,2023-08-02,Hogar,Termo,3,193600,44386
209,22,2023-08-08,Deportes,Botella,1,59859,12570
204,22,2023-08-15,Tecnologia,Audifonos,1,146048,24259
205,22,2023-08-15,Electrodomesticos,Horno,3,713570,128354
201,22,2023-09-01,Hogar,Organizador,1,94718,20107
207,22,2023-09-13,Tecnologia,Notebook,3,802008,170617
199,22,2023-09-19,Tecnologia,Smartwatch,1,246967,51156
198,22,2023-09-27,Hogar,Hervidor,2,139940,36604
211,22,2023-10-07,Vestuario,Buzo,4,61556,23140
213,22,2023-10-14,Hogar,Hervidor,2,272607,77654
214,22,2023-10-31,Tecnologia,Monitor,1,282612,63169
208,22,2024-02-10,Tecnologia,Monitor,1,293632,68282
200,22,2024-04-03,Deportes,Casco,1,120324,34187
210,22,2024-04-28,Electrodomesticos,Licuadora,3,538133,81625
206,22,2024-07-12,Deportes,Raqueta,4,314264,91743
215,23,2023-03-22,Vestuario,Jeans,2,27546,9730
217,23,2023-03-28,Hogar,Cafetera,3,94500,23356
220,23,2023-04-03,Vestuario,Gorro,1,29956,10147
222,23,2023-06-28,Hogar,Lampara,2,173273,52969
218,23,2023-08-01,Hogar,Termo,1,93335,26948
216,23,2023-08-27,Deportes,Balon,3,114027,35931
221,23,2023-10-02,Vestuario,Pantalon,2,33649,10565
219,23,2023-10-14,Electrodomesticos,Licuadora,2,215208,32931
223,24,2022-12-13,Hogar,Silla,2,214703,62668
226,24,2022-12-26,Electrodomesticos,Microondas,1,322357,61219
235,24,2022-12-26,Tecnologia,Monitor,2,224988,37472
224,24,2023-01-02,Vestuario,Jeans,2,88792,36785
233,24,2023-01-03,Vestuario,Vestido,1,28352,9203
228,24,2023-01-09,Vestuario,Pantalon,2,62634,23513
231,24,2023-01-10,Vestuario,Polera,1,25404,8516
234,24,2023-01-28,Vestuario,Jeans,4,203894,73214
227,24,2023-01-29,Hogar,Sofa,2,151036,42535
232,24,2023-02-07,Deportes,Colchoneta,1,83932,24740
229,24,2023-03-23,Vestuario,Gorro,3,83387,32734
230,24,2023-04-20,Vestuario,Calcetines,1,60600,21184
225,24,2023-05-09,Hogar,Lampara,1,110444,29437
236,25,2023-11-27,Hogar,Mesa,2,301927,80729
246,25,2023-12-20,Vestuario,Vestido,3,54673,14426
238,25,2024-01-13,Hogar,Silla,1,35694,11743
242,25,2024-01-22,Electrodomesticos,Lavadora,3,584775,105440
243,25,2024-01-28,Deportes,Casco,1,42609,11874
244,25,2024-01-30,Vestuario,Polera,4,330574,104814
247,25,2024-02-01,Vestuario,Polera,1,14295,5558
239,25,2024-02-14,Deportes,Raqueta,1,31428,9630
241,25,2024-04-18,Hogar,Cafetera,5,685769,176272
237,25,2024-08-18,Deportes,Botella,2,203087,61920
245,25,2024-09-16,Deportes,Short,3,218808,52860
240,25,2024-09-29,Hogar,Alfombra,1,96516,26774
248,26,2022-11-16,Electrodomesticos,Microondas,1,219271,36022
252,26,2022-12-18,Hogar,Termo,3,389340,96018
250,26,2023-02-17,Deportes,Casco,4,298994,94252
251,26,2023-04-23,Vestuario,Jeans,1,59671,21088
249,26,2023-06-28,Vestuario,Chaqueta,2,28680,9925
253,27,2023-05-25,Electrodomesticos,Purificador,1,212438,33502
254,27,2023-06-20,Vestuario,Camisa,2,99691,38211
257,27,2023-07-01,Tecnologia,Smartphone,1,229318,48656
258,27,2023-09-21,Tecnologia,Router,1,176671,39869
256,27,2023-10-21,Deportes,Colchoneta,1,55583,15900
262,27,2023-11-14,Vestuario,Jeans,1,30660,9734
260,27,2023-12-20,Deportes,Balon,1,39700,8980
261,27,2024-01-01,Tecnologia,Smartphone,3,794781,174557
259,27,2024-01-15,Deportes,Casco,2,204051,44187
255,27,2024-02-04,Electrodomesticos,Licuadora,1,156740,27435
263,28,2023-02-05,Vestuario,Calcetines,1,71074,22902
272,28,2023-02-09,Electrodomesticos,Horno,1,116883,25842
270,28,2023-02-18,Electrodomesticos,Cocina,2,393937,73891
265,28,2023-02-19,Hogar,Cafetera,1,31500,8939
271,28,2023-03-09,Electrodomesticos,Licuadora,1,119445,19423
266,28,2023-03-14,Deportes,Poleron,2,71189,24156
269,28,2023-03-20,Hogar,Silla,1,83835,26698
273,28,2023-03-26,Hogar,Termo,1,69035,22363
264,28,2023-06-16,Vestuario,Pantalon,2,110085,39258
268,28,2023-06-16,Hogar,Cortinas,1,150424,41643
267,28,2023-08-07,Deportes,Casco,1,53714,15809
274,29,2023-10-09,Tecnologia,Notebook,2,704390,144734
276,29,2023-11-27,Deportes,Casco,3,189591,50710
281,29,2023-12-05,Tecnologia,Impresora,2,327474,53794
280,29,2023-12-15,Deportes,Bicicleta,2,112282,27280
277,29,2024-01-20,Electrodomesticos,Plancha,3,349696,73325
279,29,2024-03-10,Vestuario,Polera,2,95941,38118
283,29,2024-04-01,Hogar,Alfombra,1,94249,25831
284,29,2024-04-03,Electrodomesticos,Cocina,3,454300,77104
278,29,2024-04-07,Tecnologia,Impresora,1,207829,46038
275,29,2024-07-12,Electrodomesticos,Microondas,1,191373,27683
282,29,2024-07-22,Electrodomesticos,Cocina,4,681547,120484
285,30,2023-02-27,Electrodomesticos,Secadora,3,633639,100901
288,30,2023-03-09,Tecnologia,Smartphone,3,705005,129844
295,30,2023-03-15,Tecnologia,Tablet,1,228466,41471
291,30,2023-03-21,Tecnologia,Notebook,2,514508,97903
287,30,2023-04-09,Tecnologia,Router,2,382189,60583
292,30,2023-05-03,Vestuario,Pantalon,1,34247,14582
290,30,2023-06-09,Vestuario,Vestido,1,41680,14810
293,30,2023-06-23,Hogar,Cafetera,1,74079,21975
294,30,2023-09-04,Vestuario,Gorro,2,49601,14903
289,30,2023-09-14,Vestuario,Jeans,1,34911,14183
286,30,2024-12-27,Vestuario,Calcetines,1,46006,13281
296,31,2023-02-12,Hogar,Alfombra,3,162071,49713
299,31,2023-02-27,Vestuario,Vestido,2,33484,12993
300,31,2023-03-02,Tecnologia,Impresora,2,456454,94450
297,31,2023-05-29,Hogar,Silla,3,248697,61386
302,31,2023-06-12,Tecnologia,Router,1,205387,37237
298,31,2023-07-01,Tecnologia,Audifonos,1,233125,42717
301,31,2024-01-17,Tecnologia,Audifonos,2,154000,27061
303,32,2023-07-19,Electrodomesticos,Lavadora,1,172309,37824
306,32,2023-07-19,Tecnologia,Monitor,1,201555,34538
308,32,2023-08-06,Tecnologia,Smartphone,3,699673,172328
309,32,2023-09-02,Deportes,Botella,4,370501,106052
304,32,2023-09-27,Electrodomesticos,Microondas,3,575735,97111
305,32,2023-11-14,Hogar,Organizador,1,135871,39111
307,32,2024-06-17,Hogar,Silla,2,178375,51974
310,33,2023-09-05,Vestuario,Jeans,1,70667,23417
316,33,2023-09-19,Vestuario,Pantalon,1,55678,18652
314,33,2023-09-22,Vestuario,Zapatillas,3,63754,20555
312,33,2023-10-06,Tecnologia,Smartwatch,4,1222901,270269
311,33,2023-10-07,Deportes,Short,4,337083,123872
315,33,2023-10-21,Vestuario,Jeans,4,145977,48118
320,33,2023-11-04,Deportes,Poleron,4,411895,122807
318,33,2023-11-10,Hogar,Hervidor,1,112887,33975
313,33,2023-11-18,Tecnologia,Impresora,2,447652,87296
321,33,2023-12-10,Tecnologia,Audifonos,1,227996,49725
319,33,2023-12-31,Deportes,Balon,1,105865,30236
317,33,2024-10-28,Tecnologia,Router,1,255737,56858
322,34,2024-10-11,Deportes,Poleron,3,306153,100935
323,34,2024-10-14,Vestuario,Calcetines,6,122469,42640
328,34,2024-12-04,Deportes,Poleron,1,80648,21294
325,34,2024-12-17,Tecnologia,Teclado,2,154000,28277
329,34,2024-12-22,Vestuario,Polera,2,113480,38112
324,34,2024-12-25,Vestuario,Chaqueta,1,13306,4000
326,34,2024-12-25,Vestuario,Gorro,3,104223,33199
327,34,2024-12-27,Tecnologia,Impresora,1,198497,32585
330,35,2023-11-29,Tecnologia,Audifonos,1,145526,24162
334,35,2023-11-30,Deportes,Casco,1,53808,18967
336,35,2023-12-26,Vestuario,Polera,2,139228,51118
338,35,2023-12-28,Hogar,Alfombra,4,470867,112358
337,35,2024-01-30,Tecnologia,Impresora,1,246026,54166
333,35,2024-02-16,Tecnologia,Mouse,3,724181,115169
335,35,2024-03-04,Electrodomesticos,Secadora,1,203299,44952
339,35,2024-03-19,Deportes,Pesas,1,94870,27681
331,35,2024-03-23,Vestuario,Polera,1,39001,11783
332,35,2024-05-15,Electrodomesticos,Plancha,1,165655,28252
340,36,2023-11-23,Hogar,Silla,1,133216,27984
346,36,2023-11-29,Tecnologia,Mouse,1,324647,67741
343,36,2023-12-05,Tecnologia,Tablet,2,750282,152990
344,36,2023-12-07,Vestuario,Jeans,2,85771,25103
345,36,2023-12-30,Electrodomesticos,Secadora,2,445337,62081
348,36,2024-02-13,Tecnologia,Audifonos,1,347396,78059
341,36,2024-02-17,Hogar,Termo,3,94891,31066
342,36,2024-03-04,Tecnologia,Monitor,3,809093,176621
347,36,2024-04-01,Vestuario,Chaqueta,1,26498,10588
349,36,2024-05-31,Deportes,Bicicleta,3,236209,79985
350,37,2022-05-14,Tecnologia,Notebook,1,150032,28836
353,37,2022-05-18,Electrodomesticos,Refrigerador,4,497216,105245
360,37,2022-06-10,Tecnologia,Monitor,2,371337,77372
356,37,2022-07-11,Electrodomesticos,Aspiradora,2,201420,41218
355,37,2022-07-18,Vestuario,Zapatillas,2,49436,14761
357,37,2022-07-19,Hogar,Alfombra,1,52221,17372
362,37,2022-08-26,Electrodomesticos,Horno,1,263930,52475
358,37,2022-09-09,Electrodomesticos,Microondas,3,477156,88352
361,37,2022-09-15,Hogar,Termo,1,53532,13847
359,37,2022-09-20,Tecnologia,Mouse,2,571554,107889
352,37,2023-02-18,Electrodomesticos,Refrigerador,1,146312,25019
351,37,2023-05-29,Deportes,Botella,2,95559,29277
354,37,2023-12-27,Tecnologia,Router,1,123984,27192
363,38,2023-01-03,Deportes,Balon,3,73500,20649
367,38,2023-02-26,Vestuario,Jeans,2,81629,30448
366,38,2023-03-19,Tecnologia,Smartwatch,3,859170,139074
364,38,2023-05-11,Tecnologia,Mouse,1,259466,61789
368,38,2023-05-19,Vestuario,Gorro,1,86636,38427
365,38,2023-09-27,Electrodomesticos,Lavadora,1,178335,29218
369,39,2024-04-02,Tecnologia,Impresora,1,179322,41459
374,39,2024-04-03,Electrodomesticos,Secadora,4,769629,110295
382,39,2024-04-06,Vestuario,Pantalon,1,59853,20313
371,39,2024-04-15,Deportes,Casco,1,56370,17752
381,39,2024-04-20,Deportes,Colchoneta,1,67285,20622
378,39,2024-04-30,Deportes,Raqueta,2,180861,58215
373,39,2024-05-07,Tecnologia,Teclado,1,225237,38813
372,39,2024-06-11,Hogar,Cafetera,1,83544,24031
379,39,2024-07-15,Electrodomesticos,Licuadora,1,243342,38954
375,39,2024-07-24,Deportes,Bicicleta,2,125926,35006
380,39,2024-12-22,Vestuario,Polera,1,65163,17940
370,39,2024-12-24,Vestuario,Polera,1,39854,14207
376,39,2024-12-29,Tecnologia,Tablet,6,1695836,340164
377,39,2024-12-29,Electrodomesticos,Aspiradora,3,605668,113557
383,40,2023-01-11,Deportes,Pesas,1,38892,12595
387,40,2023-01-27,Hogar,Mesa,2,63000,16955
388,40,2023-02-16,Hogar,Hervidor,3,241686,51630
390,40,2023-03-06,Tecnologia,Smartphone,1,214263,41438
391,40,2023-05-18,Hogar,Lampara,1,104573,28717
384,40,2023-06-19,Deportes,Bicicleta,4,203568,60804
386,40,2023-06-27,Deportes,Botella,2,143095,46353
389,40,2023-07-01,Tecnologia,Audifonos,1,130772,30056
385,40,2023-12-16,Vestuario,Polera,1,72557,24571
392,41,2023-09-12,Electrodomesticos,Secadora,2,210035,42879
395,41,2023-10-11,Hogar,Silla,3,291531,77345
398,41,2023-10-16,Tecnologia,Router,1,302498,66104
393,41,2023-10-23,Deportes,Poleron,5,579284,201800
401,41,2023-12-02,Vestuario,Gorro,1,27017,7798
394,41,2024-02-16,Hogar,Mesa,2,146755,40828
397,41,2024-02-21,Deportes,Poleron,1,115481,44992
399,41,2024-03-26,Tecnologia,Smartphone,2,486439,101837
396,41,2024-04-06,Hogar,Cortinas,2,207724,59787
400,41,2024-10-09,Electrodomesticos,Microondas,1,207947,36871
402,42,2022-09-06,Deportes,Casco,1,67163,18710
406,42,2022-10-21,Tecnologia,Mouse,1,223490,37523
405,42,2022-10-24,Electrodomesticos,Refrigerador,3,1003442,188579
410,42,2022-11-21,Electrodomesticos,Licuadora,2,333565,60197
403,42,2022-12-07,Deportes,Short,1,67893,20128
409,42,2023-04-12,Hogar,Hervidor,1,51943,15029
407,42,2023-04-14,Electrodomesticos,Horno,1,205065,37519
404,42,2023-05-10,Electrodomesticos,Microondas,3,781167,125734
408,42,2023-07-08,Deportes,Guantes,1,68087,19909
411,42,2023-07-14,Tecnologia,Smartphone,1,314892,60422
412,43,2023-10-07,Deportes,Bicicleta,1,38389,14768
414,43,2023-10-24,Vestuario,Camisa,2,104376,33444
416,43,2023-11-18,Hogar,Organizador,1,124247,28781
417,43,2024-02-17,Vestuario,Camisa,1,53297,15602
419,43,2024-03-12,Hogar,Alfombra,2,193445,62434
418,43,2024-03-23,Electrodomesticos,Plancha,4,1026576,167976
413,43,2024-04-19,Tecnologia,Monitor,2,716975,142483
415,43,2024-05-28,Electrodomesticos,Microondas,4,504240,91441
420,43,2024-08-28,Electrodomesticos,Purificador,2,379181,82432
421,44,2023-12-22,Electrodomesticos,Purificador,1,188241,30448
425,44,2023-12-28,Electrodomesticos,Microondas,1,93553,13678
424,44,2023-12-29,Vestuario,Gorro,1,39463,13634
423,44,2024-03-06,Electrodomesticos,Aspiradora,2,265132,52373
422,44,2024-03-19,Deportes,Balon,2,135975,43322
426,45,2022-12-10,Hogar,Lampara,3,285028,68942
431,45,2022-12-18,Hogar,Organizador,2,214397,55202
427,45,2023-01-28,Electrodomesticos,Refrigerador,1,102272,20738
429,45,2023-03-09,Vestuario,Zapatillas,1,32575,10213
430,45,2023-07-07,Electrodomesticos,Aspiradora,1,197039,41312
428,45,2023-07-09,Electrodomesticos,Licuadora,1,170533,23725
432,46,2023-01-29,Hogar,Silla,3,469356,137661
444,46,2023-01-30,Deportes,Short,1,89922,18884
441,46,2023-02-07,Electrodomesticos,Horno,1,210434,45101
436,46,2023-03-02,Hogar,Silla,1,81125,20563
434,46,2023-03-09,Deportes,Colchoneta,1,56308,18688
440,46,2023-03-20,Electrodomesticos,Plancha,5,713050,111155
433,46,2023-04-18,Vestuario,Jeans,2,126298,36854
442,46,2023-05-03,Electrodomesticos,Refrigerador,1,237788,43944
437,46,2023-05-23,Vestuario,Vestido,1,23572,8870
435,46,2023-07-05,Tecnologia,Monitor,3,825982,219032
438,46,2023-07-30,Electrodomesticos,Horno,2,223547,35036
439,46,2023-10-23,Vestuario,Calcetines,1,27363,10134
443,46,2024-01-14,Vestuario,Chaqueta,1,72260,24739
445,47,2024-06-18,Tecnologia,Router,1,77000,13930
451,47,2024-06-19,Tecnologia,Tablet,2,637983,123080
453,47,2024-07-07,Hogar,Hervidor,1,94761,30232
454,47,2024-07-13,Deportes,Guantes,2,60452,20247
450,47,2024-07-17,Vestuario,Pantalon,1,36986,10732
446,47,2024-07-31,Hogar,Hervidor,1,65537,20952
447,47,2024-08-07,Tecnologia,Notebook,1,276864,48529
449,47,2024-08-09,Tecnologia,Audifonos,2,581290,144503
448,47,2024-09-10,Hogar,Lampara,5,281631,84200
455,47,2024-10-19,Tecnologia,Smartwatch,4,430077,108722
452,47,2024-12-21,Vestuario,Vestido,1,38767,12811
456,48,2022-09-13,Hogar,Hervidor,3,267506,80775
460,48,2022-10-08,Electrodomesticos,Plancha,1,291310,67450
457,48,2022-11-09,Electrodomesticos,Lavadora,1,230132,40899
459,48,2022-11-22,Hogar,Hervidor,2,183884,46667
461,48,2023-02-25,Electrodomesticos,Aspiradora,2,468688,89993
458,48,2023-05-08,Vestuario,Zapatillas,1,63855,19912
462,49,2023-02-11,Vestuario,Polera,3,130810,55748
472,49,2023-02-27,Deportes,Guantes,1,44022,16551
466,49,2023-03-07,Deportes,Balon,2,94548,34974
473,49,2023-03-15,Electrodomesticos,Microondas,3,329314,57483
469,49,2023-04-06,Electrodomesticos,Cocina,3,635046,114664
464,49,2023-04-11,Hogar,Cafetera,3,278356,72316
467,49,2023-04-16,Deportes,Raqueta,2,180023,62523
465,49,2023-05-17,Deportes,Raqueta,1,63525,20233
463,49,2023-05-20,Electrodomesticos,Lavadora,1,136738,26011
468,49,2023-06-12,Tecnologia,Smartphone,1,181208,34683
470,49,2023-07-14,Vestuario,Gorro,3,90535,32222
471,49,2023-07-24,Tecnologia,Notebook,1,113230,24280
474,49,2023-12-29,Hogar,Sofa,1,31500,8799
475,50,2023-01-06,Tecnologia,Smartphone,1,145355,28477
482,50,2023-01-12,Electrodomesticos,Secadora,1,63000,9912
479,50,2023-03-05,Deportes,Colchoneta,1,62676,19410
477,50,2023-03-08,Hogar,Cortinas,2,138914,39154
476,50,2023-03-14,Electrodomesticos,Refrigerador,3,532774,94595
481,50,2023-04-29,Electrodomesticos,Plancha,2,442308,80877
480,50,2023-08-23,Vestuario,Jeans,2,25362,8593
478,50,2023-11-09,Vestuario,Chaqueta,1,59644,18366
483,51,2024-09-15,Electrodomesticos,Cocina,1,117407,24401
485,51,2024-09-15,Hogar,Silla,2,288534,76084
490,51,2024-10-06,Hogar,Alfombra,1,111897,25428
488,51,2024-11-15,Vestuario,Camisa,1,17716,6150
486,51,2024-12-24,Hogar,Cafetera,1,60033,14164
492,51,2024-12-24,Tecnologia,Router,3,469979,84333
491,51,2024-12-28,Deportes,Short,2,218993,62299
484,51,2024-12-29,Tecnologia,Router,1,324083,55530
487,51,2024-12-29,Hogar,Hervidor,1,49383,12224
489,51,2024-12-29,Tecnologia,Smartwatch,2,400074,76425
493,52,2022-10-05,Tecnologia,Monitor,4,909870,180438
494,52,2022-12-15,Vestuario,Buzo,5,107047,38171
496,52,2023-03-24,Electrodomesticos,Cocina,3,448829,92049
495,52,2023-06-15,Tecnologia,Smartphone,1,129571,24938
497,53,2023-10-13,Deportes,Balon,1,85561,24608
500,53,2023-10-23,Vestuario,Jeans,3,73489,30611
498,53,2023-11-08,Electrodomesticos,Purificador,2,426158,86008
502,53,2023-12-04,Deportes,Colchoneta,3,220829,62186
505,53,2023-12-11,Electrodomesticos,Horno,1,76405,14568
507,53,2023-12-11,Vestuario,Buzo,3,118589,36110
503,53,2023-12-16,Electrodomesticos,Horno,2,226860,39113
508,53,2024-01-04,Vestuario,Zapatillas,2,74435,28070
506,53,2024-02-06,Deportes,Balon,1,61212,19800
501,53,2024-02-28,Electrodomesticos,Refrigerador,1,128018,21875
499,53,2024-04-01,Tecnologia,Tablet,1,198078,35482
504,53,2024-12-05,Hogar,Sofa,2,175288,39023
509,54,2023-03-02,Deportes,Botella,4,342790,97670
515,54,2023-03-05,Deportes,Raqueta,1,82956,24792
511,54,2023-03-25,Electrodomesticos,Aspiradora,2,376712,73092
513,54,2023-04-04,Hogar,Cafetera,2,188658,44775
514,54,2023-04-28,Vestuario,Jeans,2,93012,31816
512,54,2023-06-22,Vestuario,Polera,1,70806,21267
510,54,2024-12-19,Hogar,Silla,4,437127,126064
516,55,2023-03-09,Electrodomesticos,Secadora,1,63000,10048
518,55,2023-04-07,Deportes,Casco,3,300196,86303
519,55,2023-04-10,Hogar,Cafetera,1,74239,20652
520,55,2023-04-10,Tecnologia,Monitor,1,264262,59025
524,55,2023-07-06,Tecnologia,Tablet,1,308452,50204
521,55,2023-07-15,Vestuario,Camisa,1,34692,11105
517,55,2024-04-22,Deportes,Pesas,2,112805,30697
523,55,2024-09-06,Electrodomesticos,Refrigerador,1,320881,48673
522,55,2024-11-28,Electrodomesticos,Purificador,1,245891,48877
525,56,2023-10-06,Electrodomesticos,Plancha,1,149771,31426
529,56,2023-10-07,Tecnologia,Audifonos,1,160584,27837
530,56,2023-10-08,Hogar,Cafetera,1,105540,35440
533,56,2023-11-03,Electrodomesticos,Purificador,2,483050,93361
532,56,2023-11-13,Tecnologia,Teclado,4,456875,101109
535,56,2023-11-27,Deportes,Casco,3,212277,62879
527,56,2023-12-04,Vestuario,Vestido,1,27617,6376
534,56,2024-01-12,Deportes,Pesas,2,50557,16208
531,56,2024-02-29,Deportes,Raqueta,1,52445,15731
536,56,2024-05-26,Vestuario,Buzo,1,19506,7339
526,56,2024-06-18,Tecnologia,Audifonos,2,451901,90320
528,56,2024-11-21,Electrodomesticos,Secadora,3,646055,96496
537,57,2024-03-16,Tecnologia,Tablet,1,139600,27766
549,57,2024-03-26,Electrodomesticos,Licuadora,2,522624,117585
542,57,2024-04-11,Hogar,Lampara,1,105453,35734
544,57,2024-04-21,Deportes,Balon,1,64942,20977
538,57,2024-05-07,Deportes,Raqueta,2,176990,53172
545,57,2024-06-02,Vestuario,Jeans,1,76984,23607
540,57,2024-06-08,Deportes,Botella,2,220910,71553
548,57,2024-06-08,Tecnologia,Mouse,2,443276,99890
547,57,2024-06-20,Deportes,Botella,1,54776,13104
543,57,2024-06-26,Hogar,Organizador,1,91400,27178
546,57,2024-07-09,Electrodomesticos,Licuadora,2,241651,44729
541,57,2024-07-26,Electrodomesticos,Lavadora,3,491129,99630
539,57,2024-11-20,Hogar,Mesa,3,150427,38560
550,58,2023-05-06,Tecnologia,Impresora,1,263253,49705
551,58,2023-05-11,Vestuario,Chaqueta,1,15816,7136
552,58,2023-05-20,Deportes,Pesas,2,69743,25626
557,58,2023-06-27,Vestuario,Pantalon,3,55036,20453
556,58,2023-07-01,Electrodomesticos,Microondas,3,791315,161725
555,58,2023-07-02,Deportes,Pesas,1,106274,32714
553,58,2023-07-18,Deportes,Raqueta,1,74032,19957
554,58,2024-01-15,Electrodomesticos,Secadora,1,226850,42215
558,59,2023-04-03,Hogar,Silla,2,275491,87552
562,59,2023-04-04,Electrodomesticos,Horno,2,361067,73695
563,59,2023-04-09,Hogar,Cortinas,1,66720,19563
570,59,2023-04-24,Tecnologia,Mouse,3,410184,71531
564,59,2023-05-07,Vestuario,Calcetines,3,201175,79885
559,59,2023-05-19,Deportes,Casco,2,134884,38535
569,59,2023-06-23,Electrodomesticos,Plancha,1,173045,27589
561,59,2023-09-07,Deportes,Pesas,1,52280,11085
568,59,2023-09-18,Deportes,Pesas,1,52618,13935
565,59,2023-09-20,Hogar,Silla,1,115698,30527
567,59,2023-11-15,Tecnologia,Impresora,4,1005008,192710
566,59,2023-12-21,Electrodomesticos,Cocina,1,63000,9100
560,59,2023-12-24,Deportes,Short,2,91369,26113
571,60,2023-08-28,Tecnologia,Smartwatch,3,661679,138361
573,60,2023-09-04,Vestuario,Vestido,2,112553,41510
574,60,2023-09-10,Vestuario,Camisa,2,124657,42154
576,60,2023-09-19,Tecnologia,Smartwatch,2,364237,72813
572,60,2023-09-23,Hogar,Termo,1,62929,19251
575,60,2023-10-23,Hogar,Sofa,1,73862,19070
577,60,2024-04-03,Hogar,Alfombra,4,569629,146673
578,61,2022-01-22,Electrodomesticos,Plancha,2,194832,29412
588,61,2022-02-18,Tecnologia,Monitor,1,129780,25289
581,61,2022-03-07,Vestuario,Pantalon,1,76259,23332
582,61,2022-03-09,Vestuario,Vestido,3,130205,43601
580,61,2022-03-12,Tecnologia,Smartphone,1,276381,49132
587,61,2022-03-21,Electrodomesticos,Aspiradora,1,163598,28503
579,61,2022-03-27,Hogar,Sofa,1,119619,28910
586,61,2022-06-21,Vestuario,Polera,1,52486,18249
583,61,2022-08-17,Tecnologia,Monitor,1,77000,11962
584,61,2022-11-11,Deportes,Pesas,1,51435,15836
585,61,2023-01-05,Hogar,Lampara,3,398719,115055
589,62,2024-01-06,Tecnologia,Smartphone,1,191180,45342
593,62,2024-01-06,Deportes,Short,1,52653,14101
595,62,2024-03-14,Electrodomesticos,Refrigerador,2,312450,39369
597,62,2024-03-16,Deportes,Guantes,2,188519,54104
591,62,2024-03-23,Vestuario,Buzo,3,106211,38501
592,62,2024-06-10,Vestuario,Calcetines,1,30968,8267
596,62,2024-06-13,Vestuario,Jeans,1,68551,21090
594,62,2024-07-14,Deportes,Botella,1,100749,33044
590,62,2024-09-30,Hogar,Silla,2,182851,42403
598,63,2024-09-20,Deportes,Balon,1,33740,10422
600,63,2024-10-18,Deportes,Bicicleta,4,225430,63311
599,63,2024-10-23,Electrodomesticos,Aspiradora,2,370622,58167
604,63,2024-11-07,Electrodomesticos,Horno,1,232837,30684
601,63,2024-12-01,Tecnologia,Teclado,1,356189,68280
602,63,2024-12-22,Electrodomesticos,Secadora,3,602925,96606
603,63,2024-12-22,Deportes,Bicicleta,2,66287,21550
605,64,2024-07-20,Electrodomesticos,Horno,1,255295,41050
612,64,2024-07-30,Vestuario,Gorro,1,68865,24530
614,64,2024-07-31,Vestuario,Buzo,1,35673,8825
606,64,2024-08-05,Vestuario,Buzo,1,19329,5414
608,64,2024-08-13,Electrodomesticos,Aspiradora,1,200562,40359
607,64,2024-08-30,Tecnologia,Router,1,298328,64897
610,64,2024-09-03,Hogar,Termo,2,245742,72516
609,64,2024-10-03,Electrodomesticos,Lavadora,1,223566,43562
611,64,2024-12-18,Vestuario,Gorro,1,21862,6443
613,64,2024-12-27,Electrodomesticos,Secadora,1,138258,27232
615,65,2023-05-26,Deportes,Balon,1,78799,25484
622,65,2023-06-15,Vestuario,Gorro,1,36039,11550
624,65,2023-06-16,Vestuario,Polera,1,53913,16817
621,65,2023-06-20,Tecnologia,Router,2,355654,68880
618,65,2023-07-09,Hogar,Sofa,1,107508,28980
619,65,2023-11-18,Deportes,Bicicleta,1,81039,25387
620,65,2024-01-22,Vestuario,Buzo,1,41435,11966
625,65,2024-01-29,Electrodomesticos,Aspiradora,2,126000,19443
617,65,2024-04-01,Vestuario,Chaqueta,2,30551,9162
616,65,2024-04-06,Deportes,Balon,3,154832,43785
623,65,2024-11-24,Hogar,Mesa,1,124707,29011
626,66,2023-10-01,Tecnologia,Monitor,1,252586,51279
631,66,2023-10-04,Electrodomesticos,Lavadora,2,325007,52684
627,66,2023-10-24,Deportes,Short,1,92831,29705
634,66,2023-10-26,Deportes,Pesas,2,49000,17279
633,66,2023-10-30,Tecnologia,Router,1,77000,19111
629,66,2023-11-07,Hogar,Organizador,1,91579,19687
637,66,2023-11-29,Vestuario,Zapatillas,1,34405,10336
635,66,2024-01-02,Tecnologia,Mouse,1,102251,20557
636,66,2024-02-10,Vestuario,Vestido,2,153570,58347
628,66,2024-06-15,Tecnologia,Smartphone,1,120309,24845
632,66,2024-11-07,Electrodomesticos,Aspiradora,1,165451,24851
630,66,2024-12-30,Hogar,Hervidor,1,106604,23799
638,67,2024-02-21,Hogar,Termo,3,142816,44039
644,67,2024-02-27,Hogar,Sofa,1,99875,24443
641,67,2024-02-29,Tecnologia,Smartphone,1,264360,53713
646,67,2024-03-09,Vestuario,Buzo,1,61248,20109
639,67,2024-04-03,Tecnologia,Monitor,1,237920,49512
640,67,2024-04-28,Hogar,Alfombra,1,84580,24559
643,67,2024-05-10,Hogar,Alfombra,1,73531,19580
642,67,2024-05-24,Tecnologia,Monitor,1,131493,23850
645,67,2024-12-30,Hogar,Hervidor,1,109165,29149
647,68,2022-06-25,Electrodomesticos,Plancha,2,226017,29910
655,68,2022-06-25,Electrodomesticos,Licuadora,1,302494,49425
658,68,2022-06-26,Hogar,Cortinas,1,79801,23770
656,68,2022-07-20,Vestuario,Zapatillas,1,43734,16311
653,68,2022-08-01,Deportes,Botella,3,201670,59099
652,68,2022-08-20,Tecnologia,Impresora,2,453730,92822
657,68,2022-08-21,Tecnologia,Audifonos,4,706671,124552
649,68,2022-09-04,Deportes,Balon,3,141604,35191
648,68,2022-10-19,Hogar,Hervidor,1,104306,29723
654,68,2022-10-28,Tecnologia,Mouse,1,143178,27546
651,68,2022-11-15,Hogar,Cafetera,1,92841,22584
650,68,2022-12-28,Hogar,Hervidor,2,225074,59400
659,69,2024-05-03,Vestuario,Gorro,2,79070,25370
663,69,2024-05-12,Vestuario,Buzo,2,47142,21221
661,69,2024-05-16,Hogar,Alfombra,3,438836,116438
669,69,2024-05-22,Hogar,Sofa,4,480442,114113
666,69,2024-05-31,Tecnologia,Smartwatch,3,694825,157333
665,69,2024-06-21,Vestuario,Vestido,1,48857,17504
668,69,2024-07-13,Tecnologia,Notebook,2,614367,112384
670,69,2024-08-20,Electrodomesticos,Refrigerador,1,204441,35789
662,69,2024-09-25,Tecnologia,Tablet,4,326730,69177
664,69,2024-09-25,Hogar,Sofa,2,137276,36672
660,69,2024-10-03,Hogar,Cortinas,2,165684,34156
667,69,2024-12-30,Hogar,Sofa,5,304044,69452
671,70,2023-06-19,Electrodomesticos,Secadora,1,165045,31131
673,70,2023-06-24,Tecnologia,Tablet,1,142981,29386
674,70,2023-06-26,Hogar,Mesa,1,31500,10151
677,70,2023-07-19,Vestuario,Gorro,1,37472,12528
672,70,2023-07-21,Deportes,Raqueta,1,95725,25826
678,70,2023-08-01,Hogar,Silla,2,138915,37346
676,70,2023-08-06,Electrodomesticos,Aspiradora,2,383306,81306
675,70,2023-10-18,Vestuario,Camisa,2,69411,25594
679,70,2024-03-23,Hogar,Termo,2,188370,58894
680,71,2022-07-28,Vestuario,Calcetines,2,54945,22236
686,71,2022-08-08,Vestuario,Vestido,3,159692,59062
683,71,2022-08-25,Vestuario,Pantalon,2,147907,57898
681,71,2022-09-13,Electrodomesticos,Cocina,1,360000,58005
685,71,2022-09-30,Deportes,Guantes,1,59752,20545
682,71,2022-12-06,Deportes,Colchoneta,1,60042,18291
684,71,2023-04-28,Deportes,Poleron,2,189493,45711
687,72,2022-07-25,Electrodomesticos,Microondas,2,281191,51235
692,72,2022-09-04,Hogar,Mesa,2,137793,40847
691,72,2022-09-09,Vestuario,Calcetines,1,39433,15506
694,72,2022-09-21,Vestuario,Jeans,2,53972,18507
693,72,2022-11-12,Tecnologia,Audifonos,1,344497,53091
689,72,2023-02-19,Vestuario,Camisa,1,90484,33448
688,72,2023-04-24,Deportes,Balon,2,97509,33253
690,72,2023-10-29,Hogar,Hervidor,2,125003,35433
695,73,2022-12-10,Electrodomesticos,Purificador,1,233178,29415
698,73,2023-01-01,Tecnologia,Mouse,1,159960,31799
696,73,2023-01-20,Tecnologia,Audifonos,1,343370,63968
697,73,2023-02-25,Deportes,Casco,3,98418,29559
699,74,2024-01-16,Tecnologia,Teclado,3,347876,63661
707,74,2024-01-25,Deportes,Casco,1,102531,30901
701,74,2024-02-07,Hogar,Termo,1,139009,41556
706,74,2024-04-10,Hogar,Hervidor,2,117509,30736
700,74,2024-04-15,Hogar,Termo,2,131546,43900
703,74,2024-05-02,Vestuario,Camisa,1,16272,3987
708,74,2024-05-06,Vestuario,Chaqueta,1,57015,21990
709,74,2024-07-27,Hogar,Mesa,1,64429,19486
702,74,2024-08-11,Hogar,Hervidor,2,250464,69562
705,74,2024-10-23,Hogar,Silla,3,167960,40983
704,74,2024-11-08,Deportes,Casco,3,130036,34264
710,75,2023-02-16,Deportes,Guantes,2,114777,33006
716,75,2023-02-16,Vestuario,Vestido,1,20255,7308
711,75,2023-03-01,Hogar,Cortinas,1,83878,21529
720,75,2023-03-31,Hogar,Termo,4,445734,108642
715,75,2023-04-09,Electrodomesticos,Horno,2,341471,55244
714,75,2023-04-14,Deportes,Bicicleta,1,65516,18630
718,75,2023-04-23,Vestuario,Zapatillas,1,54367,16507
721,75,2023-04-26,Hogar,Cafetera,1,136027,40751
712,75,2023-08-23,Hogar,Cortinas,1,93818,30578
717,75,2023-08-31,Deportes,Bicicleta,1,24500,6170
713,75,2023-09-11,Tecnologia,Monitor,2,344578,66323
719,75,2024-04-22,Electrodomesticos,Licuadora,1,141187,23634
722,76,2024-04-06,Hogar,Organizador,1,129785,34878
726,76,2024-04-20,Vestuario,Calcetines,3,115323,40990
723,76,2024-04-21,Deportes,Raqueta,3,357090,88625
725,76,2024-05-16,Tecnologia,Notebook,2,589159,111296
728,76,2024-09-09,Tecnologia,Tablet,1,284255,57114
727,76,2024-12-29,Hogar,Mesa,2,63000,14450
724,76,2024-12-31,Tecnologia,Audifonos,1,233122,46550
729,77,2023-08-19,Deportes,Casco,1,101041,31933
733,77,2023-08-21,Hogar,Termo,1,133946,31148
732,77,2023-09-04,Hogar,Alfombra,3,365066,81610
734,77,2023-09-09,Electrodomesticos,Microondas,1,153317,33055
735,77,2023-09-12,Vestuario,Vestido,2,101058,38174
737,77,2023-09-16,Vestuario,Polera,2,106350,33425
741,77,2023-09-16,Deportes,Pesas,1,65644,25528
736,77,2023-09-21,Hogar,Alfombra,1,78302,23174
743,77,2023-09-26,Tecnologia,Smartwatch,1,231742,45818
730,77,2023-11-04,Hogar,Cafetera,2,170116,49194
739,77,2023-11-04,Deportes,Colchoneta,1,91492,26539
742,77,2023-11-09,Electrodomesticos,Refrigerador,3,713701,106576
744,77,2023-12-17,Vestuario,Chaqueta,2,106880,32258
731,77,2023-12-22,Vestuario,Gorro,4,394126,125343
740,77,2024-01-07,Electrodomesticos,Cocina,2,482452,86394
738,77,2024-02-01,Hogar,Alfombra,1,57575,18635
745,78,2024-05-05,Hogar,Sofa,1,47384,14440
754,78,2024-05-11,Vestuario,Polera,1,14580,4989
750,78,2024-05-30,Tecnologia,Teclado,1,178128,43991
749,78,2024-06-16,Deportes,Poleron,1,92216,31263
747,78,2024-06-23,Vestuario,Pantalon,2,45709,15755
751,78,2024-07-16,Electrodomesticos,Microondas,1,178794,37498
752,78,2024-07-27,Tecnologia,Tablet,1,187904,34934
746,78,2024-07-30,Electrodomesticos,Plancha,1,111251,18335
755,78,2024-08-03,Tecnologia,Smartwatch,1,235338,48136
748,78,2024-09-14,Deportes,Balon,1,33691,11372
753,78,2024-11-29,Tecnologia,Smartphone,1,338653,67823
756,79,2023-09-30,Electrodomesticos,Licuadora,1,160572,23288
757,79,2024-01-21,Deportes,Pesas,1,91380,30274
759,79,2024-04-23,Deportes,Pesas,1,78528,24400
758,79,2024-08-05,Tecnologia,Audifonos,2,411144,86573
763,80,2024-12-21,Tecnologia,Tablet,4,698040,128773
764,80,2024-12-22,Hogar,Cortinas,3,200079,55580
760,80,2024-12-23,Hogar,Lampara,3,128061,36397
765,80,2024-12-24,Hogar,Mesa,3,197162,53518
761,80,2024-12-29,Hogar,Alfombra,1,43868,13264
762,80,2024-12-29,Vestuario,Calcetines,3,178464,58802
767,80,2024-12-29,Deportes,Bicicleta,2,69440,19165
766,80,2024-12-31,Deportes,Colchoneta,3,173125,48173
768,81,2023-10-20,Electrodomesticos,Microondas,4,254476,40628
779,81,2023-12-07,Tecnologia,Notebook,1,184885,39217
776,81,2023-12-13,Electrodomesticos,Cocina,1,240353,40110
778,81,2023-12-25,Deportes,Poleron,1,65230,17605
770,81,2024-01-10,Deportes,Bicicleta,3,160699,51336
771,81,2024-01-15,Vestuario,Buzo,2,37147,14022
772,81,2024-03-13,Vestuario,Camisa,2,92539,31409
774,81,2024-03-22,Deportes,Colchoneta,2,77319,25469
769,81,2024-05-07,Electrodomesticos,Purificador,2,424203,68684
775,81,2024-06-01,Electrodomesticos,Refrigerador,2,308347,52246
780,81,2024-06-01,Hogar,Alfombra,1,97280,27181
773,81,2024-07-06,Deportes,Short,1,57904,19743
777,81,2024-09-26,Vestuario,Jeans,3,164949,47520
781,82,2022-06-11,Tecnologia,Audifonos,1,202613,43984
783,82,2022-07-02,Hogar,Sofa,1,174587,56351
788,82,2022-07-02,Tecnologia,Mouse,1,152149,32583
785,82,2022-07-10,Vestuario,Jeans,1,56848,20548
782,82,2022-09-19,Tecnologia,Monitor,1,240674,46404
787,82,2022-10-21,Tecnologia,Audifonos,2,171917,37080
784,82,2023-02-12,Electrodomesticos,Horno,3,808307,149788
789,82,2023-06-14,Tecnologia,Smartphone,2,535371,120967
786,82,2023-11-18,Vestuario,Buzo,3,112705,32969
790,82,2023-11-20,Electrodomesticos,Purificador,1,197678,31268
791,83,2023-05-12,Hogar,Cafetera,1,83477,22487
796,83,2023-05-23,Electrodomesticos,Microondas,1,250227,46392
794,83,2023-06-01,Deportes,Poleron,1,72047,22211
792,83,2023-06-02,Vestuario,Zapatillas,1,27893,11169
795,83,2023-06-08,Tecnologia,Smartwatch,1,173148,36040
793,83,2024-01-14,Vestuario,Chaqueta,1,13895,5226
797,84,2023-02-06,Electrodomesticos,Licuadora,4,1166716,235007
798,84,2023-02-06,Vestuario,Calcetines,2,130768,51802
800,84,2023-03-02,Deportes,Short,1,57419,17468
801,84,2023-03-20,Electrodomesticos,Lavadora,1,81791,12902
799,84,2023-08-18,Vestuario,Polera,2,143982,47496
802,85,2024-02-05,Vestuario,Camisa,1,6792,2291
806,85,2024-03-05,Electrodomesticos,Purificador,1,210297,40276
803,85,2024-03-24,Hogar,Cortinas,3,201908,65813
808,85,2024-03-30,Vestuario,Calcetines,3,94214,33972
805,85,2024-05-02,Tecnologia,Monitor,2,658227,147368
804,85,2024-05-04,Electrodomesticos,Refrigerador,1,114183,15293
807,85,2024-05-15,Vestuario,Camisa,2,55705,18544
809,85,2024-05-28,Hogar,Sofa,4,471014,124296
810,86,2024-03-28,Vestuario,Buzo,2,66133,20843
813,86,2024-05-22,Tecnologia,Impresora,1,324446,67719
814,86,2024-05-22,Hogar,Lampara,3,242499,71100
812,86,2024-06-01,Vestuario,Camisa,2,71580,18804
817,86,2024-06-11,Electrodomesticos,Secadora,1,192952,31773
811,86,2024-08-19,Deportes,Colchoneta,1,80646,23723
815,86,2024-10-14,Deportes,Raqueta,1,62472,18854
816,86,2024-12-28,Electrodomesticos,Refrigerador,1,227248,29162
818,87,2024-10-07,Deportes,Raqueta,1,61795,14640
822,87,2024-10-17,Hogar,Termo,2,282195,89500
828,87,2024-10-27,Electrodomesticos,Plancha,2,374558,58893
826,87,2024-12-11,Electrodomesticos,Cocina,1,140050,19060
819,87,2024-12-23,Vestuario,Calcetines,1,29941,10668
825,87,2024-12-23,Electrodomesticos,Purificador,2,359948,58664
820,87,2024-12-25,Tecnologia,Notebook,2,237961,38416
821,87,2024-12-25,Vestuario,Chaqueta,1,21281,7880
827,87,2024-12-28,Tecnologia,Mouse,6,476242,94768
823,87,2024-12-29,Tecnologia,Impresora,1,233343,37243
824,87,2024-12-29,Vestuario,Vestido,1,69450,23646
829,88,2023-03-16,Hogar,Cafetera,1,104630,30263
833,88,2023-04-13,Vestuario,Chaqueta,3,131496,44854
838,88,2023-04-16,Tecnologia,Router,4,785176,140035
832,88,2023-04-18,Tecnologia,Router,1,77000,18938
835,88,2023-05-05,Deportes,Short,2,169562,47287
839,88,2023-05-26,Hogar,Cortinas,3,310202,76548
837,88,2023-06-02,Deportes,Short,2,237650,57461
834,88,2023-08-08,Deportes,Short,1,63561,20525
830,88,2023-10-06,Tecnologia,Teclado,2,289647,58731
836,88,2024-02-12,Hogar,Organizador,1,67997,18061
831,88,2024-04-02,Deportes,Bicicleta,1,72730,25038
840,89,2023-09-14,Vestuario,Vestido,3,178167,64667
845,89,2023-10-01,Hogar,Cortinas,3,287373,84587
847,89,2023-10-17,Deportes,Short,3,184895,46358
844,89,2023-10-24,Tecnologia,Audifonos,2,686213,167458
843,89,2023-10-31,Deportes,Pesas,1,28658,8719
846,89,2023-11-01,Electrodomesticos,Refrigerador,1,270270,47056
849,89,2023-11-06,Vestuario,Polera,1,26312,8275
842,89,2023-12-06,Hogar,Termo,2,213209,63757
850,89,2024-01-16,Electrodomesticos,Aspiradora,2,441927,75180
841,89,2024-05-02,Deportes,Bicicleta,1,88607,30605
848,89,2024-05-13,Deportes,Colchoneta,2,66420,21676
851,90,2023-11-10,Vestuario,Polera,1,21728,7180
853,90,2023-11-15,Deportes,Botella,2,160571,46506
852,90,2023-11-24,Hogar,Cafetera,1,34782,8440
857,90,2023-11-25,Deportes,Bicicleta,2,108465,28798
858,90,2023-12-16,Deportes,Balon,3,196995,45881
859,90,2024-02-14,Tecnologia,Smartwatch,1,431916,89930
854,90,2024-02-18,Electrodomesticos,Lavadora,3,658220,117354
856,90,2024-02-26,Hogar,Alfombra,1,122726,30783
855,90,2024-03-06,Tecnologia,Tablet,1,118355,25267
860,91,2023-05-09,Vestuario,Camisa,3,111888,29887
864,91,2023-05-15,Tecnologia,Teclado,3,265705,53042
866,91,2023-05-21,Vestuario,Zapatillas,1,23345,8773
863,91,2023-06-21,Deportes,Short,1,90538,26185
865,91,2023-06-26,Deportes,Botella,1,77443,22120
868,91,2023-08-13,Vestuario,Gorro,1,42717,12700
862,91,2023-08-23,Vestuario,Vestido,1,49285,16863
867,91,2023-11-17,Vestuario,Jeans,3,96764,31804
861,91,2024-10-10,Tecnologia,Audifonos,3,947068,206058
869,92,2023-02-22,Tecnologia,Tablet,3,700059,127429
876,92,2023-03-05,Deportes,Short,2,184813,72748
873,92,2023-03-23,Deportes,Botella,2,127641,31920
874,92,2023-05-28,Vestuario,Camisa,1,72085,29944
872,92,2023-07-22,Vestuario,Polera,1,30545,14315
875,92,2023-09-23,Vestuario,Polera,1,46481,15561
870,92,2023-10-16,Hogar,Silla,1,31500,8090
871,92,2024-12-25,Electrodomesticos,Plancha,3,498995,74673
877,93,2022-08-28,Electrodomesticos,Cocina,1,170494,30029
878,93,2022-09-24,Hogar,Silla,2,90945,21308
881,93,2022-10-24,Vestuario,Jeans,1,47646,19287
879,93,2022-11-02,Tecnologia,Audifonos,1,179664,29115
884,93,2022-11-05,Vestuario,Chaqueta,1,74450,24374
880,93,2022-11-19,Hogar,Lampara,1,77762,16829
885,93,2022-12-01,Tecnologia,Smartwatch,2,457345,69471
886,93,2022-12-11,Vestuario,Buzo,4,332464,108587
882,93,2023-01-03,Electrodomesticos,Refrigerador,1,157487,31681
883,93,2023-04-16,Vestuario,Vestido,1,22155,7067
887,94,2023-06-16,Electrodomesticos,Plancha,3,702090,125030
888,94,2023-08-06,Vestuario,Zapatillas,1,17479,6355
891,94,2023-09-16,Hogar,Silla,2,146483,40177
890,94,2023-11-01,Deportes,Botella,1,88270,19674
889,94,2024-01-24,Vestuario,Jeans,1,26075,8994
892,95,2023-02-15,Tecnologia,Audifonos,1,158078,29921
893,95,2023-02-17,Tecnologia,Smartphone,4,354428,79949
895,95,2023-02-25,Tecnologia,Smartphone,1,170170,33790
897,95,2023-03-19,Vestuario,Calcetines,3,95849,32445
894,95,2023-05-19,Hogar,Silla,3,329358,100340
896,95,2023-11-08,Deportes,Poleron,2,116077,36689
898,96,2024-08-26,Vestuario,Chaqueta,1,39573,15908
904,96,2024-09-17,Deportes,Pesas,1,105419,29797
906,96,2024-10-11,Hogar,Alfombra,3,270598,88586
903,96,2024-10-12,Electrodomesticos,Plancha,3,589618,111599
901,96,2024-11-06,Electrodomesticos,Microondas,1,180863,25889
905,96,2024-11-24,Vestuario,Calcetines,3,90809,29566
900,96,2024-12-23,Deportes,Botella,1,60612,15382
899,96,2024-12-27,Hogar,Lampara,1,31500,8702
902,96,2024-12-29,Deportes,Raqueta,2,132592,30519
907,97,2023-08-11,Electrodomesticos,Lavadora,1,238352,41698
909,97,2023-08-12,Hogar,Termo,1,50061,13348
910,97,2023-10-12,Tecnologia,Monitor,3,634102,120464
908,97,2023-12-19,Electrodomesticos,Lavadora,1,258104,35124
911,97,2024-11-29,Deportes,Botella,5,520627,124913
912,98,2023-05-12,Deportes,Pesas,1,84197,23500
915,98,2023-05-29,Electrodomesticos,Secadora,3,579381,103763
914,98,2023-06-03,Electrodomesticos,Refrigerador,1,144561,28130
917,98,2023-07-24,Tecnologia,Monitor,2,358021,78369
913,98,2023-07-25,Tecnologia,Router,2,560375,116703
919,98,2023-11-22,Electrodomesticos,Lavadora,1,129662,22294
920,98,2023-12-25,Vestuario,Polera,2,44858,12618
916,98,2024-01-27,Electrodomesticos,Refrigerador,2,357373,60485
918,98,2024-03-01,Electrodomesticos,Licuadora,2,397031,69781
921,98,2024-12-29,Electrodomesticos,Microondas,2,391109,66670
922,99,2023-05-13,Hogar,Cortinas,2,210569,62570
930,99,2023-05-20,Tecnologia,Mouse,2,456191,97601
927,99,2023-05-23,Vestuario,Camisa,2,81033,29019
925,99,2023-05-27,Electrodomesticos,Plancha,3,739385,132690
924,99,2023-06-04,Electrodomesticos,Cocina,1,144188,28749
923,99,2023-06-16,Hogar,Mesa,1,76341,24689
931,99,2023-06-20,Deportes,Colchoneta,2,92620,24535
926,99,2023-09-04,Hogar,Mesa,3,303686,80520
928,99,2023-09-14,Tecnologia,Router,3,340927,71418
929,99,2023-09-21,Tecnologia,Mouse,3,632210,114830
932,100,2024-12-11,Vestuario,Jeans,1,31533,9673
939,100,2024-12-17,Hogar,Alfombra,3,269510,78003
937,100,2024-12-21,Deportes,Bicicleta,2,112445,32197
938,100,2024-12-23,Electrodomesticos,Secadora,3,514781,81998
934,100,2024-12-25,Hogar,Cafetera,2,271590,61749
935,100,2024-12-25,Electrodomesticos,Licuadora,2,303720,49328
936,100,2024-12-26,Electrodomesticos,Lavadora,1,208934,31815
933,100,2024-12-29,Deportes,Guantes,3,223666,66326
940,101,2022-06-22,Tecnologia,Tablet,1,169159,33125
944,101,2022-07-11,Hogar,Silla,2,204277,65587
949,101,2022-07-18,Tecnologia,Router,1,202930,39971
948,101,2022-07-27,Tecnologia,Audifonos,1,205902,40267
951,101,2022-08-17,Electrodomesticos,Aspiradora,1,199689,43303
946,101,2022-09-17,Vestuario,Jeans,1,54395,16750
941,101,2022-10-13,Deportes,Colchoneta,4,145671,53162
947,101,2022-10-31,Tecnologia,Audifonos,1,205495,34844
950,101,2022-11-07,Electrodomesticos,Horno,2,421861,75115
943,101,2022-12-27,Tecnologia,Router,2,576379,106133
945,101,2023-05-01,Deportes,Raqueta,1,54464,18362
942,101,2023-06-14,Vestuario,Vestido,1,43035,10552
952,102,2024-07-08,Electrodomesticos,Plancha,1,203251,41530
962,102,2024-07-25,Deportes,Casco,1,70213,18597
953,102,2024-08-08,Tecnologia,Router,1,258176,51254
956,102,2024-08-20,Hogar,Hervidor,2,104150,24916
955,102,2024-09-03,Tecnologia,Impresora,2,409887,80913
960,102,2024-10-31,Hogar,Cafetera,4,293875,81130
958,102,2024-11-03,Electrodomesticos,Cocina,3,528320,84005
959,102,2024-12-01,Vestuario,Camisa,1,65469,23272
957,102,2024-12-13,Hogar,Hervidor,1,121213,31324
961,102,2024-12-17,Tecnologia,Audifonos,3,652952,137329
954,102,2024-12-26,Vestuario,Vestido,1,31084,10246
963,103,2024-04-20,Vestuario,Polera,2,47025,13747
975,103,2024-04-21,Hogar,Sofa,1,56652,16888
968,103,2024-05-08,Electrodomesticos,Microondas,1,177566,33041
966,103,2024-05-11,Hogar,Mesa,1,62041,19061
964,103,2024-05-13,Hogar,Hervidor,1,46981,15381
967,103,2024-06-04,Deportes,Pesas,1,100095,37558
965,103,2024-07-02,Deportes,Pesas,1,63054,20531
969,103,2024-07-22,Electrodomesticos,Refrigerador,1,100687,18090
973,103,2024-09-05,Hogar,Lampara,3,122028,31381
974,103,2024-09-10,Tecnologia,Smartphone,3,931864,164875
971,103,2024-09-21,Deportes,Balon,2,125839,36918
972,103,2024-12-05,Electrodomesticos,Purificador,1,194711,30058
970,103,2024-12-28,Vestuario,Pantalon,1,19183,6167
976,104,2023-11-11,Deportes,Poleron,3,109425,30741
978,104,2023-11-26,Electrodomesticos,Microondas,1,197729,36046
984,104,2023-12-28,Vestuario,Chaqueta,4,142721,34984
979,104,2024-01-02,Tecnologia,Notebook,1,145913,31170
977,104,2024-01-14,Tecnologia,Smartwatch,2,338072,64347
983,104,2024-04-17,Deportes,Poleron,1,71897,24057
980,104,2024-04-29,Deportes,Guantes,2,144028,45482
981,104,2024-05-14,Deportes,Casco,1,93642,30042
982,104,2024-10-24,Hogar,Cortinas,1,58667,15602
985,105,2024-10-21,Vestuario,Vestido,1,71319,23735
987,105,2024-12-16,Tecnologia,Monitor,3,845090,131661
990,105,2024-12-28,Deportes,Pesas,1,81770,21957
991,105,2024-12-30,Electrodomesticos,Refrigerador,1,176121,30584
986,105,2024-12-31,Tecnologia,Smartphone,2,498052,96544
988,105,2024-12-31,Tecnologia,Mouse,1,233168,42161
989,105,2024-12-31,Deportes,Pesas,3,261443,57547
992,106,2022-10-21,Electrodomesticos,Purificador,1,84386,14409
997,106,2022-11-16,Vestuario,Camisa,1,33946,10603
994,106,2022-11-20,Tecnologia,Smartphone,3,648971,128555
998,106,2022-12-03,Hogar,Hervidor,1,74240,15982
993,106,2022-12-08,Deportes,Colchoneta,1,105302,22995
1004,106,2022-12-09,Deportes,Guantes,3,174575,36394
995,106,2022-12-14,Hogar,Cafetera,1,88516,27721
1001,106,2023-01-01,Vestuario,Zapatillas,1,27763,9275
1003,106,2023-02-14,Vestuario,Zapatillas,1,49180,12049
996,106,2023-04-13,Electrodomesticos,Cocina,1,153064,31235
999,106,2023-04-15,Tecnologia,Audifonos,1,324486,72752
1000,106,2023-06-02,Vestuario,Zapatillas,3,123925,50563
1002,106,2023-07-06,Tecnologia,Monitor,2,661564,151032
1005,107,2024-03-29,Electrodomesticos,Secadora,1,177538,36798
1008,107,2024-04-02,Deportes,Short,2,151078,43314
1012,107,2024-05-04,Vestuario,Zapatillas,1,45788,16876
1007,107,2024-05-05,Electrodomesticos,Secadora,4,1113471,204083
1006,107,2024-06-02,Electrodomesticos,Microondas,1,109340,19267
1010,107,2024-07-12,Tecnologia,Notebook,1,280300,66329
1009,107,2024-07-19,Tecnologia,Mouse,3,652229,123742
1011,107,2024-08-21,Tecnologia,Tablet,2,154000,28103
1013,107,2024-10-10,Electrodomesticos,Lavadora,2,488175,97991
1014,108,2023-11-22,Vestuario,Gorro,1,51770,14812
1021,108,2023-12-10,Deportes,Guantes,1,85617,27251
1016,108,2024-02-11,Tecnologia,Router,2,481419,89772
1019,108,2024-03-16,Electrodomesticos,Refrigerador,1,107402,22080
1015,108,2024-04-09,Tecnologia,Impresora,3,592262,122255
1020,108,2024-04-13,Electrodomesticos,Microondas,2,236792,40002
1018,108,2024-06-10,Hogar,Cafetera,3,220951,62727
1017,108,2024-09-21,Hogar,Mesa,2,119804,36562
1022,109,2023-01-03,Hogar,Organizador,3,282086,66633
1024,109,2023-01-13,Electrodomesticos,Secadora,1,225499,44082
1025,109,2023-03-03,Deportes,Short,1,77501,24441
1026,109,2023-04-24,Electrodomesticos,Microondas,1,104315,15766
1023,109,2023-04-28,Vestuario,Jeans,3,69250,22561
1027,109,2023-07-11,Electrodomesticos,Aspiradora,1,91539,13844
1028,110,2024-09-04,Deportes,Raqueta,1,53122,16224
1034,110,2024-09-18,Tecnologia,Smartphone,2,240114,47654
1029,110,2024-09-23,Deportes,Bicicleta,1,51467,16874
1035,110,2024-09-23,Deportes,Botella,4,240377,60506
1030,110,2024-10-10,Tecnologia,Tablet,1,204492,36603
1033,110,2024-10-30,Hogar,Organizador,1,92390,24903
1031,110,2024-11-23,Tecnologia,Smartwatch,3,563704,117645
1032,110,2024-12-04,Deportes,Bicicleta,4,286875,78679
1036,111,2024-04-09,Vestuario,Calcetines,2,86616,31813
1044,111,2024-05-07,Vestuario,Vestido,3,106595,37977
1045,111,2024-05-20,Deportes,Short,1,66625,20734
1047,111,2024-05-26,Electrodomesticos,Aspiradora,1,213958,41994
1039,111,2024-06-18,Vestuario,Calcetines,1,27705,9640
1048,111,2024-06-28,Vestuario,Calcetines,1,35110,13673
1046,111,2024-07-01,Vestuario,Calcetines,2,145526,49747
1049,111,2024-07-23,Hogar,Cortinas,2,199158,46758
1043,111,2024-07-27,Deportes,Raqueta,1,59745,16640
1040,111,2024-08-06,Tecnologia,Audifonos,1,77000,15982
1038,111,2024-08-27,Hogar,Alfombra,2,180817,46355
1041,111,2024-09-26,Hogar,Sofa,1,60526,17417
1037,111,2024-11-19,Electrodomesticos,Plancha,2,419521,77098
1042,111,2024-12-25,Electrodomesticos,Lavadora,2,284663,53022
1050,112,2023-09-01,Tecnologia,Teclado,3,709894,177244
1053,112,2023-10-07,Deportes,Raqueta,3,235334,82865
1052,112,2023-10-13,Tecnologia,Mouse,1,292790,61971
1051,112,2023-11-28,Deportes,Colchoneta,2,141464,43135
1054,112,2024-04-27,Deportes,Raqueta,2,246563,73678
1055,113,2023-05-06,Hogar,Lampara,1,61872,16568
1062,113,2023-05-07,Electrodomesticos,Plancha,3,775007,144283
1056,113,2023-05-10,Electrodomesticos,Licuadora,3,335694,73359
1058,113,2023-06-20,Tecnologia,Router,3,629835,131988
1063,113,2023-06-23,Electrodomesticos,Refrigerador,1,155187,27386
1059,113,2023-06-28,Tecnologia,Tablet,2,159349,34454
1060,113,2023-10-15,Hogar,Hervidor,4,400275,122673
1057,113,2023-11-19,Deportes,Balon,3,238870,76283
1061,113,2024-03-10,Vestuario,Calcetines,3,103388,32163
1064,114,2023-10-30,Vestuario,Vestido,1,20069,6699
1067,114,2023-11-02,Tecnologia,Router,1,299523,40445
1066,114,2023-11-06,Deportes,Pesas,1,60549,18232
1070,114,2023-11-25,Electrodomesticos,Refrigerador,1,122957,22186
1069,114,2023-12-07,Deportes,Short,1,63861,20769
1068,114,2023-12-30,Deportes,Raqueta,1,57559,13164
1065,114,2024-10-16,Electrodomesticos,Licuadora,1,202780,35687
1071,115,2024-02-25,Deportes,Poleron,1,24500,6641
1073,115,2024-03-02,Hogar,Sofa,2,293787,64908
1077,115,2024-03-23,Deportes,Poleron,2,167313,52535
1072,115,2024-04-20,Tecnologia,Audifonos,1,242911,39161
1075,115,2024-06-18,Electrodomesticos,Refrigerador,1,63000,12128
1078,115,2024-07-10,Electrodomesticos,Purificador,2,366053,78365
1076,115,2024-08-24,Vestuario,Calcetines,3,38218,13987
1079,115,2024-10-15,Vestuario,Vestido,2,91852,26632
1074,115,2024-12-10,Tecnologia,Impresora,1,229792,39598
1080,116,2022-02-14,Deportes,Poleron,1,50225,15608
1090,116,2022-03-01,Electrodomesticos,Purificador,4,664339,129500
1091,116,2022-03-03,Deportes,Guantes,3,133704,40106
1085,116,2022-03-06,Electrodomesticos,Licuadora,2,524652,90908
1087,116,2022-04-06,Tecnologia,Monitor,1,232561,48136
1084,116,2022-04-28,Hogar,Hervidor,5,500011,139526
1082,116,2022-05-04,Hogar,Termo,2,156046,45519
1086,116,2022-05-11,Tecnologia,Impresora,1,316365,53261
1083,116,2022-06-13,Vestuario,Camisa,1,37676,14538
1081,116,2022-06-30,Vestuario,Polera,1,71980,24232
1088,116,2022-07-30,Tecnologia,Smartwatch,5,1368454,210045
1089,116,2022-12-07,Tecnologia,Router,1,115186,27868
1092,117,2023-10-04,Hogar,Sofa,1,87847,26578
1102,117,2023-10-16,Hogar,Cafetera,1,103832,28421
1095,117,2023-10-17,Tecnologia,Impresora,1,225057,38762
1100,117,2023-10-19,Hogar,Lampara,1,96744,28059
1093,117,2023-11-17,Tecnologia,Teclado,1,154640,26226
1096,117,2023-11-20,Hogar,Cortinas,1,65210,21683
1101,117,2023-11-30,Hogar,Silla,3,419229,128872
1097,117,2023-12-22,Electrodomesticos,Cocina,1,249765,34277
1094,117,2024-02-14,Deportes,Botella,1,91561,30909
1098,117,2024-04-12,Deportes,Raqueta,2,207778,66124
1099,117,2024-04-19,Deportes,Pesas,2,180918,56330
1103,117,2024-05-29,Deportes,Casco,3,253558,83328
1104,117,2024-12-30,Hogar,Organizador,3,94500,21503
1105,118,2023-10-03,Vestuario,Calcetines,2,40780,16480
1111,118,2023-10-24,Tecnologia,Router,2,182587,38333
1106,118,2023-11-09,Electrodomesticos,Secadora,1,196244,35784
1107,118,2023-11-27,Vestuario,Camisa,1,15803,6260
1109,118,2024-02-13,Vestuario,Calcetines,1,47142,18152
1108,118,2024-02-14,Deportes,Balon,3,280067,67691
1112,118,2024-07-30,Tecnologia,Router,1,121974,29704
1110,118,2024-12-28,Vestuario,Polera,1,56852,16628
1113,119,2022-06-26,Hogar,Organizador,3,105773,31623
1116,119,2022-08-31,Hogar,Cortinas,1,95790,25464
1118,119,2022-11-07,Tecnologia,Smartphone,1,131298,25640
1115,119,2022-11-23,Deportes,Guantes,1,89507,25374
1117,119,2023-01-06,Vestuario,Polera,2,87634,33642
1119,119,2023-01-21,Electrodomesticos,Lavadora,2,274098,46838
1114,119,2023-02-20,Tecnologia,Notebook,2,503034,101647
1120,120,2023-07-25,Electrodomesticos,Plancha,4,515802,89905
1123,120,2023-09-04,Deportes,Guantes,1,72137,20543
1122,120,2023-09-08,Electrodomesticos,Aspiradora,2,424945,82977
1126,120,2023-09-12,Vestuario,Gorro,1,63710,22604
1121,120,2023-09-26,Hogar,Termo,1,134535,32796
1128,120,2023-09-27,Vestuario,Polera,1,53778,18996
1125,120,2023-10-12,Tecnologia,Mouse,1,202305,38468
1124,120,2023-11-20,Electrodomesticos,Aspiradora,3,420541,73007
1129,120,2023-12-05,Tecnologia,Mouse,1,79300,14804
1127,120,2024-03-16,Tecnologia,Tablet,3,664441,126752
1130,121,2022-07-24,Deportes,Raqueta,1,50599,15964
1140,121,2022-07-27,Tecnologia,Teclado,1,204910,39604
1138,121,2022-08-03,Hogar,Hervidor,6,627367,157942
1139,121,2022-08-09,Deportes,Casco,3,177385,47513
1134,121,2022-09-04,Hogar,Lampara,1,127496,33928
1135,121,2022-09-06,Electrodomesticos,Purificador,2,254389,43982
1136,121,2022-09-26,Vestuario,Jeans,1,48891,12779
1132,121,2022-10-03,Vestuario,Buzo,1,38008,15286
1137,121,2022-10-17,Tecnologia,Teclado,3,848480,175777
1133,121,2022-12-16,Hogar,Lampara,2,143421,36535
1131,121,2023-04-12,Vestuario,Chaqueta,2,144211,55397
1141,122,2024-06-06,Hogar,Cortinas,2,151686,46988
1142,122,2024-06-07,Hogar,Sofa,1,122544,30942
1147,122,2024-06-30,Electrodomesticos,Cocina,1,191535,34710
1144,122,2024-07-02,Vestuario,Jeans,1,58946,24284
1143,122,2024-07-25,Electrodomesticos,Horno,1,231997,44124
1146,122,2024-09-22,Deportes,Short,1,36689,8775
1145,122,2024-12-25,Vestuario,Polera,1,65853,26480
1148,123,2023-01-02,Tecnologia,Impresora,1,196742,38489
1151,123,2023-01-28,Tecnologia,Audifonos,1,303580,59735
1152,123,2023-02-17,Electrodomesticos,Aspiradora,2,372956,67926
1153,123,2023-03-21,Deportes,Poleron,1,28998,8947
1150,123,2023-03-26,Electrodomesticos,Microondas,2,330198,65047
1149,123,2023-06-18,Vestuario,Buzo,1,51250,21567
1154,124,2022-08-22,Hogar,Sofa,2,143890,34696
1156,124,2022-09-13,Electrodomesticos,Plancha,3,561931,105359
1158,124,2022-09-16,Vestuario,Camisa,1,32103,10272
1159,124,2022-09-30,Vestuario,Pantalon,2,35146,12943
1157,124,2023-03-15,Tecnologia,Notebook,1,283338,59068
1155,124,2023-03-18,Deportes,Raqueta,2,100718,28156
1160,125,2022-07-10,Deportes,Bicicleta,1,64135,18258
1161,125,2022-07-15,Electrodomesticos,Secadora,3,762663,142733
1166,125,2022-09-13,Deportes,Pesas,1,60249,17800
1163,125,2022-10-01,Vestuario,Gorro,2,64136,20854
1164,125,2022-11-03,Electrodomesticos,Aspiradora,6,1303019,205716
1162,125,2022-11-16,Hogar,Cafetera,2,63000,15999
1167,125,2022-12-24,Tecnologia,Impresora,1,308325,57475
1165,125,2023-03-15,Tecnologia,Mouse,2,433747,86236
1168,126,2024-05-15,Tecnologia,Router,1,196532,41272
1170,126,2024-05-19,Electrodomesticos,Cocina,3,670526,110340
1176,126,2024-06-01,Electrodomesticos,Aspiradora,2,693569,123983
1175,126,2024-06-29,Vestuario,Zapatillas,1,20494,7181
1174,126,2024-07-07,Deportes,Guantes,3,349932,83121
1172,126,2024-07-16,Hogar,Organizador,1,84667,21786
1171,126,2024-08-03,Vestuario,Buzo,1,94551,34482
1173,126,2024-10-15,Electrodomesticos,Secadora,2,419922,71393
1169,126,2024-11-20,Tecnologia,Monitor,1,277893,57301
1177,127,2023-04-19,Vestuario,Buzo,1,36802,11349
1187,127,2023-04-30,Electrodomesticos,Microondas,4,734538,151773
1181,127,2023-05-01,Electrodomesticos,Aspiradora,3,430417,82532
1182,127,2023-05-01,Tecnologia,Impresora,2,385766,85294
1183,127,2023-05-12,Deportes,Guantes,3,73500,23776
1190,127,2023-06-08,Hogar,Hervidor,3,248164,56677
1189,127,2023-06-12,Deportes,Poleron,2,82954,26944
1188,127,2023-06-22,Deportes,Short,1,66270,20073
1191,127,2023-07-21,Deportes,Colchoneta,2,106591,38208
1178,127,2023-09-20,Electrodomesticos,Horno,2,327108,64128
1185,127,2024-02-05,Vestuario,Gorro,3,112170,33762
1180,127,2024-02-08,Hogar,Mesa,4,530685,142431
1186,127,2024-03-16,Electrodomesticos,Microondas,1,229456,35437
1184,127,2024-04-29,Vestuario,Pantalon,1,44896,18773
1179,127,2024-10-18,Vestuario,Polera,1,27834,9105
1192,128,2022-05-21,Tecnologia,Impresora,1,156849,33446
1200,128,2022-05-21,Tecnologia,Notebook,1,77000,16244
1201,128,2022-05-30,Vestuario,Pantalon,1,50835,15961
1202,128,2022-06-10,Hogar,Silla,3,289953,84196
1194,128,2022-06-15,Hogar,Mesa,2,283790,62923
1205,128,2022-06-15,Electrodomesticos,Plancha,2,299031,49708
1204,128,2022-06-16,Hogar,Cortinas,1,117509,24299
1193,128,2022-07-04,Deportes,Pesas,1,72484,24093
1198,128,2022-07-06,Tecnologia,Tablet,1,131435,25029
1195,128,2022-07-10,Tecnologia,Audifonos,4,721391,181993
1199,128,2022-08-12,Hogar,Cafetera,2,132359,35556
1203,128,2022-08-18,Tecnologia,Tablet,2,545509,123052
1196,128,2022-09-07,Deportes,Raqueta,2,111099,30315
1197,128,2022-09-29,Vestuario,Camisa,1,37089,11882
1206,129,2023-02-25,Hogar,Lampara,2,109685,34574
1211,129,2023-03-07,Vestuario,Camisa,1,33870,13059
1212,129,2023-03-25,Electrodomesticos,Horno,1,185074,35250
1214,129,2023-04-11,Tecnologia,Monitor,2,203297,35489
1207,129,2023-04-18,Tecnologia,Audifonos,2,868272,149031
1208,129,2023-06-03,Vestuario,Camisa,1,31105,11671
1210,129,2023-06-15,Deportes,Botella,2,79902,26554
1209,129,2023-06-16,Deportes,Balon,3,96602,20286
1215,129,2023-07-22,Vestuario,Pantalon,1,26227,9115
1213,129,2023-07-27,Tecnologia,Smartphone,3,576475,130147
1216,130,2022-08-26,Hogar,Lampara,2,94640,29618
1217,130,2022-09-05,Hogar,Mesa,4,359676,95852
1226,130,2022-09-17,Deportes,Raqueta,2,72586,18592
1218,130,2022-11-02,Deportes,Casco,2,173835,51389
1220,130,2022-11-04,Hogar,Lampara,1,90732,29717
1221,130,2022-11-10,Electrodomesticos,Lavadora,1,136009,21246
1223,130,2022-11-22,Electrodomesticos,Plancha,1,122070,20313
1219,130,2023-02-14,Vestuario,Camisa,1,79113,27600
1222,130,2023-02-25,Hogar,Lampara,2,140342,37319
1224,130,2023-03-25,Electrodomesticos,Secadora,1,226633,37928
1225,130,2023-09-03,Vestuario,Calcetines,3,87786,32652
1227,131,2023-08-15,Vestuario,Chaqueta,3,130212,39096
1228,131,2023-08-20,Deportes,Botella,2,117900,26856
1230,131,2023-09-03,Vestuario,Pantalon,1,41295,14889
1234,131,2023-09-08,Tecnologia,Impresora,1,235710,45284
1229,131,2023-09-12,Vestuario,Calcetines,1,52089,17225
1237,131,2023-10-21,Vestuario,Chaqueta,1,108334,41221
1233,131,2023-10-27,Vestuario,Camisa,6,157317,51873
1235,131,2023-11-09,Hogar,Organizador,1,145006,35970
1231,131,2023-11-24,Tecnologia,Monitor,1,213669,35581
1236,131,2023-12-23,Electrodomesticos,Aspiradora,1,208588,41798
1238,131,2024-01-23,Hogar,Organizador,2,145360,36288
1232,131,2024-12-23,Deportes,Botella,2,184032,50063
1239,132,2023-05-30,Hogar,Sofa,1,43930,13878
1242,132,2023-07-24,Hogar,Termo,1,156513,42197
1240,132,2023-07-29,Tecnologia,Router,1,315781,61085
1244,132,2023-08-08,Hogar,Mesa,1,36844,11316
1245,132,2023-08-09,Vestuario,Calcetines,1,28476,12811
1243,132,2023-09-27,Hogar,Hervidor,2,133613,36844
1241,132,2023-10-01,Vestuario,Vestido,5,281539,93480
1246,132,2023-10-25,Electrodomesticos,Horno,5,465022,80481
1247,133,2023-04-05,Electrodomesticos,Microondas,1,207034,35469
1253,133,2023-04-11,Vestuario,Calcetines,3,150758,57313
1248,133,2023-06-02,Tecnologia,Monitor,1,130874,27671
1252,133,2023-08-05,Hogar,Sofa,2,208330,57585
1249,133,2023-08-10,Vestuario,Chaqueta,2,85079,27920
1250,133,2023-09-22,Deportes,Guantes,1,57695,14385
1251,133,2023-10-13,Vestuario,Zapatillas,1,26106,7596
1254,134,2023-10-07,Hogar,Hervidor,2,151186,45677
1255,134,2023-10-10,Tecnologia,Impresora,3,883251,196978
1266,134,2023-10-19,Deportes,Guantes,1,61612,18796
1256,134,2023-10-31,Tecnologia,Teclado,1,162339,23826
1258,134,2023-11-02,Electrodomesticos,Aspiradora,2,452847,74516
1265,134,2023-12-22,Hogar,Mesa,1,100117,25999
1260,134,2023-12-31,Tecnologia,Monitor,1,254888,45158
1264,134,2024-01-02,Vestuario,Vestido,1,39804,11504
1259,134,2024-01-13,Hogar,Termo,1,73716,23425
1257,134,2024-02-04,Vestuario,Buzo,4,113692,39367
1263,134,2024-04-05,Tecnologia,Monitor,2,386093,87753
1262,134,2024-05-21,Electrodomesticos,Secadora,4,295267,40580
1261,134,2024-07-17,Hogar,Sofa,2,206853,63724
1267,135,2023-12-09,Vestuario,Camisa,2,80146,28806
1273,135,2023-12-16,Tecnologia,Audifonos,3,557833,107542
1272,135,2024-01-06,Vestuario,Vestido,2,45551,12155
1268,135,2024-01-29,Tecnologia,Tablet,2,435133,78699
1271,135,2024-03-01,Hogar,Sofa,2,118862,34796
1270,135,2024-03-06,Vestuario,Polera,2,84942,33839
1274,135,2024-06-10,Tecnologia,Smartphone,1,266969,48450
1269,135,2024-08-07,Tecnologia,Notebook,3,547754,105667
1275,136,2023-02-15,Electrodomesticos,Microondas,1,124158,24599
1281,136,2023-02-20,Electrodomesticos,Aspiradora,2,411416,87035
1279,136,2023-02-28,Electrodomesticos,Microondas,2,209069,37451
1277,136,2023-03-10,Vestuario,Calcetines,1,60121,23188
1283,136,2023-03-26,Deportes,Short,1,127007,40544
1278,136,2023-05-21,Electrodomesticos,Horno,2,405205,66169
1282,136,2023-08-03,Tecnologia,Router,3,611852,118814
1280,136,2023-09-26,Tecnologia,Notebook,2,503489,92510
1276,136,2023-10-09,Hogar,Silla,1,133762,42299
1284,137,2023-06-28,Electrodomesticos,Cocina,1,217514,35133
1291,137,2023-06-29,Hogar,Cafetera,2,190700,55486
1286,137,2023-07-07,Electrodomesticos,Microondas,1,110261,17301
1288,137,2023-07-23,Deportes,Pesas,2,109125,31854
1287,137,2023-08-22,Hogar,Silla,1,122468,35649
1295,137,2023-08-26,Deportes,Bicicleta,2,122268,39631
1294,137,2023-11-18,Electrodomesticos,Secadora,1,237751,36920
1289,137,2023-12-15,Electrodomesticos,Horno,1,156532,21648
1290,137,2024-01-07,Deportes,Pesas,1,79746,25113
1292,137,2024-02-29,Deportes,Short,1,49241,17113
1285,137,2024-04-25,Tecnologia,Monitor,3,924261,210494
1293,137,2024-09-17,Hogar,Mesa,2,233341,73858
1296,138,2023-08-21,Electrodomesticos,Licuadora,3,498019,93887
1298,138,2023-08-22,Hogar,Hervidor,3,282712,62088
1301,138,2023-08-29,Tecnologia,Notebook,2,378754,71336
1304,138,2023-08-31,Tecnologia,Mouse,4,1220080,259685
1299,138,2023-10-07,Electrodomesticos,Cocina,1,102480,15543
1302,138,2023-12-03,Vestuario,Polera,1,37212,14888
1300,138,2024-01-23,Tecnologia,Impresora,3,525470,115165
1297,138,2024-03-03,Electrodomesticos,Secadora,2,458825,93122
1303,138,2024-06-11,Electrodomesticos,Plancha,3,618833,124140
1305,139,2023-03-07,Deportes,Colchoneta,4,267139,86149
1309,139,2023-03-12,Deportes,Short,1,52878,16039
1306,139,2023-06-02,Deportes,Pesas,1,74632,22875
1310,139,2023-07-20,Tecnologia,Smartphone,1,330524,75620
1307,139,2023-07-24,Hogar,Termo,1,103696,23378
1311,139,2023-08-21,Vestuario,Pantalon,1,18993,6790
1308,139,2023-12-28,Vestuario,Chaqueta,2,39557,12702
1312,140,2023-03-03,Deportes,Raqueta,2,176784,55570
1313,140,2023-04-15,Electrodomesticos,Horno,3,251144,43304
1318,140,2023-04-18,Deportes,Raqueta,2,157152,50511
1317,140,2023-08-02,Hogar,Hervidor,1,67450,22093
1315,140,2023-08-11,Electrodomesticos,Purificador,1,118821,18160
1314,140,2023-12-11,Electrodomesticos,Secadora,2,287396,47382
1316,140,2023-12-28,Electrodomesticos,Plancha,1,140736,25729
1319,141,2022-08-16,Hogar,Mesa,1,100724,22715
1327,141,2022-08-23,Hogar,Alfombra,2,215163,61242
1322,141,2022-08-25,Vestuario,Zapatillas,2,124816,36640
1320,141,2022-09-04,Hogar,Termo,1,53758,15118
1326,141,2022-09-05,Electrodomesticos,Licuadora,1,229414,35534
1325,141,2022-09-09,Vestuario,Calcetines,2,51151,17402
1324,141,2022-09-22,Tecnologia,Smartphone,1,85674,16788
1329,141,2022-11-12,Electrodomesticos,Secadora,3,596303,82501
1330,141,2022-11-28,Tecnologia,Audifonos,2,181610,36951
1328,141,2022-12-01,Vestuario,Buzo,1,16756,4499
1321,141,2023-02-01,Tecnologia,Tablet,1,219174,37414
1323,141,2023-05-01,Deportes,Colchoneta,4,125423,34429
1331,142,2023-08-27,Tecnologia,Mouse,3,992271,256002
1332,142,2023-08-28,Hogar,Termo,1,35982,9338
1335,142,2023-10-05,Vestuario,Zapatillas,1,56138,16645
1337,142,2023-10-23,Vestuario,Buzo,3,90053,24952
1334,142,2023-10-27,Hogar,Silla,1,135450,26548
1338,142,2024-01-24,Tecnologia,Teclado,1,159240,41344
1336,142,2024-02-23,Electrodomesticos,Refrigerador,1,123244,22255
1339,142,2024-05-01,Deportes,Bicicleta,1,56631,14484
1333,142,2024-09-05,Vestuario,Gorro,1,31068,11867
1340,143,2023-09-29,Hogar,Hervidor,1,52998,17835
1344,143,2023-10-06,Tecnologia,Tablet,1,128337,22807
1342,143,2023-10-26,Tecnologia,Teclado,1,249734,54632
1343,143,2023-12-11,Deportes,Short,5,361997,104154
1346,143,2023-12-16,Hogar,Organizador,2,173761,49634
1341,143,2023-12-17,Hogar,Alfombra,1,81238,19251
1345,143,2024-07-11,Deportes,Casco,2,206660,78026
1347,144,2022-11-27,Deportes,Casco,4,344350,95278
1349,144,2023-02-28,Hogar,Cortinas,2,94447,27253
1348,144,2023-04-19,Tecnologia,Tablet,1,202423,46515
1351,144,2023-04-25,Tecnologia,Mouse,1,213865,51195
1350,144,2023-07-02,Deportes,Guantes,2,161042,56073
1352,145,2023-11-15,Vestuario,Chaqueta,2,48674,13787
1356,145,2023-12-19,Vestuario,Jeans,1,40415,15607
1353,145,2024-02-28,Electrodomesticos,Purificador,3,208195,34945
1354,145,2024-04-09,Deportes,Balon,1,72342,18344
1355,145,2024-09-26,Tecnologia,Audifonos,1,253545,56374
1357,146,2023-10-31,Vestuario,Calcetines,1,40721,16124
1363,146,2023-11-09,Hogar,Termo,3,183304,47058
1358,146,2023-11-11,Deportes,Short,2,173018,51978
1361,146,2023-12-16,Tecnologia,Impresora,2,253834,47076
1359,146,2024-01-20,Vestuario,Chaqueta,3,261801,71361
1360,146,2024-02-23,Vestuario,Jeans,1,80571,30665
1362,146,2024-04-17,Tecnologia,Router,1,277099,61342
1364,147,2023-08-24,Electrodomesticos,Secadora,3,476565,79199
1368,147,2023-10-06,Tecnologia,Smartwatch,1,292254,60964
1366,147,2023-11-25,Hogar,Cafetera,1,93850,20945
1365,147,2024-01-25,Tecnologia,Smartwatch,1,129460,29400
1369,147,2024-04-10,Electrodomesticos,Microondas,2,200376,30668
1367,147,2024-05-15,Deportes,Poleron,3,176530,50331
1370,148,2023-07-05,Deportes,Balon,2,157530,43335
1373,148,2023-07-07,Tecnologia,Impresora,3,802882,150551
1376,148,2023-09-02,Vestuario,Pantalon,1,40745,14385
1378,148,2023-09-06,Vestuario,Jeans,3,88395,27536
1371,148,2023-10-11,Deportes,Pesas,1,92976,25806
1379,148,2023-10-22,Vestuario,Pantalon,2,54486,17504
1375,148,2024-01-21,Vestuario,Jeans,2,42407,15603
1374,148,2024-01-25,Electrodomesticos,Secadora,1,121638,22487
1380,148,2024-02-17,Tecnologia,Teclado,1,77000,17375
1372,148,2024-05-14,Vestuario,Calcetines,1,30429,9844
1377,148,2024-08-25,Vestuario,Gorro,2,58395,18221
1381,149,2022-07-10,Tecnologia,Tablet,2,521964,76999
1384,149,2022-07-24,Vestuario,Zapatillas,1,36527,14552
1383,149,2022-07-26,Deportes,Short,1,34472,11467
1386,149,2022-09-01,Tecnologia,Smartwatch,3,744328,181768
1385,149,2022-09-24,Hogar,Cafetera,1,64031,20859
1382,149,2023-01-08,Deportes,Bicicleta,1,32723,9605
1387,150,2022-10-14,Vestuario,Jeans,3,198737,61834
1393,150,2022-10-22,Tecnologia,Smartwatch,2,161499,31514
1389,150,2022-12-16,Hogar,Silla,4,498877,105756
1394,150,2023-01-08,Deportes,Short,3,239657,88809
1391,150,2023-01-12,Tecnologia,Smartwatch,1,247379,60473
1392,150,2023-01-16,Hogar,Lampara,1,155781,48041
1388,150,2023-03-06,Tecnologia,Mouse,1,169209,29712
1390,150,2023-03-17,Deportes,Pesas,1,77380,21400
1395,151,2023-12-02,Electrodomesticos,Secadora,1,227299,28455
1400,151,2023-12-13,Electrodomesticos,Microondas,3,412968,66603
1402,151,2023-12-15,Tecnologia,Monitor,1,290161,50563
1401,151,2024-01-01,Hogar,Organizador,2,174787,51780
1398,151,2024-01-28,Tecnologia,Audifonos,1,251265,50815
1399,151,2024-02-02,Hogar,Sofa,2,221210,66605
1396,151,2024-02-07,Vestuario,Pantalon,2,103674,44904
1403,151,2024-07-09,Hogar,Termo,2,263230,69928
1397,151,2024-12-26,Hogar,Cafetera,1,82067,21652
1404,152,2023-10-23,Deportes,Bicicleta,2,93569,30320
1410,152,2023-10-27,Vestuario,Zapatillas,1,51172,21576
1408,152,2023-11-24,Vestuario,Gorro,2,26688,8546
1411,152,2023-12-05,Deportes,Bicicleta,1,57984,16440
1409,152,2024-01-16,Hogar,Sofa,6,335912,98572
1406,152,2024-04-13,Electrodomesticos,Refrigerador,2,514035,116327
1405,152,2024-05-08,Deportes,Balon,1,73713,22686
1407,152,2024-05-13,Tecnologia,Monitor,2,261127,36558
1412,152,2024-11-29,Tecnologia,Mouse,2,269448,42898
1413,153,2023-01-11,Electrodomesticos,Aspiradora,2,325645,59317
1422,153,2023-01-18,Vestuario,Jeans,1,22648,7306
1414,153,2023-02-11,Hogar,Cafetera,4,342377,109285
1417,153,2023-03-09,Electrodomesticos,Purificador,2,475260,87592
1420,153,2023-03-22,Deportes,Botella,4,206201,53761
1423,153,2023-04-03,Electrodomesticos,Cocina,2,415947,75545
1424,153,2023-04-07,Hogar,Organizador,4,348321,98727
1415,153,2023-04-20,Tecnologia,Tablet,1,173858,40854
1418,153,2023-07-06,Hogar,Silla,1,116949,28096
1421,153,2023-08-08,Deportes,Pesas,1,75920,22649
1419,153,2023-08-23,Hogar,Cafetera,3,95200,27825
1425,153,2023-10-31,Vestuario,Jeans,1,26130,10031
1416,153,2024-05-10,Hogar,Cafetera,3,246375,59249
1426,154,2023-11-09,Tecnologia,Audifonos,3,389365,66949
1439,154,2023-11-20,Hogar,Silla,1,102834,28904
1433,154,2023-11-28,Vestuario,Chaqueta,2,61740,21214
1438,154,2023-12-08,Tecnologia,Tablet,2,604256,115338
1430,154,2023-12-21,Deportes,Pesas,1,53508,13781
1427,154,2024-01-17,Vestuario,Zapatillas,2,144646,47170
1429,154,2024-03-15,Hogar,Cafetera,4,298023,77825
1431,154,2024-04-18,Hogar,Sofa,1,131286,37844
1428,154,2024-04-22,Tecnologia,Audifonos,1,88904,14814
1434,154,2024-05-06,Deportes,Bicicleta,1,65700,21744
1437,154,2024-05-20,Deportes,Botella,1,63269,18926
1435,154,2024-08-09,Tecnologia,Monitor,1,316422,70734
1436,154,2024-08-21,Hogar,Hervidor,1,87870,28262
1432,154,2024-08-29,Deportes,Balon,1,115095,33786
1440,155,2023-08-15,Deportes,Poleron,2,224779,66598
1444,155,2023-10-31,Electrodomesticos,Plancha,1,187237,40371
1447,155,2023-11-08,Deportes,Casco,1,105684,29065
1441,155,2023-11-14,Electrodomesticos,Lavadora,1,105922,17381
1442,155,2023-12-15,Hogar,Lampara,1,92953,24117
1445,155,2024-02-04,Vestuario,Gorro,2,68219,26599
1443,155,2024-02-11,Hogar,Alfombra,1,90705,29595
1446,155,2024-05-12,Electrodomesticos,Lavadora,5,315000,53464
1448,156,2024-03-15,Tecnologia,Teclado,1,138113,22669
1451,156,2024-04-16,Deportes,Colchoneta,1,101268,36435
1449,156,2024-05-23,Deportes,Colchoneta,1,89401,26874
1450,156,2024-09-04,Vestuario,Pantalon,1,22394,8585
1452,157,2022-10-05,Deportes,Guantes,4,195316,63209
1457,157,2022-10-19,Tecnologia,Mouse,2,690316,136399
1459,157,2022-10-26,Electrodomesticos,Purificador,1,161037,25164
1453,157,2022-11-09,Electrodomesticos,Purificador,4,919351,139095
1458,157,2022-11-09,Hogar,Silla,1,77772,19959
1461,157,2022-11-12,Electrodomesticos,Secadora,3,671590,113233
1464,157,2022-11-15,Tecnologia,Router,1,334004,52972
1456,157,2022-11-16,Vestuario,Calcetines,1,43435,14509
1460,157,2023-01-05,Electrodomesticos,Licuadora,2,389210,70736
1455,157,2023-01-09,Tecnologia,Router,2,654879,121312
1462,157,2023-01-18,Tecnologia,Audifonos,1,301554,80864
1463,157,2023-02-17,Tecnologia,Tablet,1,162891,31629
1454,157,2023-08-22,Vestuario,Pantalon,1,18828,5615
1465,158,2023-05-29,Electrodomesticos,Refrigerador,1,229900,39423
1473,158,2023-06-24,Vestuario,Zapatillas,3,174279,49424
1471,158,2023-08-01,Electrodomesticos,Secadora,3,259060,46422
1472,158,2023-08-07,Hogar,Organizador,1,107781,30209
1469,158,2023-08-18,Hogar,Termo,2,122139,32646
1470,158,2023-08-22,Electrodomesticos,Licuadora,2,126000,17663
1476,158,2023-08-30,Vestuario,Vestido,2,45493,11663
1475,158,2023-09-29,Tecnologia,Smartphone,1,197902,45562
1478,158,2023-10-04,Hogar,Hervidor,1,99820,30037
1474,158,2023-10-10,Tecnologia,Mouse,1,260204,55761
1477,158,2023-11-17,Deportes,Guantes,2,191385,48830
1466,158,2023-12-13,Electrodomesticos,Microondas,1,281142,45282
1468,158,2024-05-15,Vestuario,Calcetines,1,34008,10571
1467,158,2024-07-28,Tecnologia,Mouse,1,222071,47163
1479,159,2024-11-10,Deportes,Botella,3,214330,53945
1483,159,2024-11-11,Electrodomesticos,Plancha,1,223855,43486
1484,159,2024-11-22,Vestuario,Camisa,2,79297,19876
1482,159,2024-11-27,Vestuario,Chaqueta,1,83831,25442
1481,159,2024-12-27,Vestuario,Pantalon,1,75033,18993
1480,159,2024-12-29,Vestuario,Vestido,1,28338,10500
1485,160,2022-03-31,Tecnologia,Smartwatch,3,391491,76371
1488,160,2022-03-31,Hogar,Organizador,1,36036,10707
1493,160,2022-04-12,Hogar,Cortinas,1,136590,40104
1490,160,2022-04-23,Tecnologia,Monitor,1,246702,55233
1496,160,2022-04-24,Tecnologia,Monitor,1,341640,77746
1486,160,2022-04-28,Electrodomesticos,Purificador,1,118184,23954
1495,160,2022-05-17,Vestuario,Pantalon,1,50443,19070
1492,160,2022-05-18,Electrodomesticos,Horno,1,63000,12174
1489,160,2022-05-24,Hogar,Cafetera,1,61312,13478
1487,160,2022-07-19,Vestuario,Camisa,3,104517,31929
1491,160,2022-07-26,Electrodomesticos,Cocina,1,163098,26606
1494,160,2022-08-08,Hogar,Organizador,4,223586,63094
1497,161,2023-09-11,Hogar,Organizador,2,160619,38560
1506,161,2023-10-09,Vestuario,Zapatillas,2,31457,10776
1501,161,2023-10-22,Vestuario,Buzo,2,59717,19221
1498,161,2023-11-29,Tecnologia,Notebook,1,98356,15806
1500,161,2023-12-05,Deportes,Botella,1,71639,20397
1504,161,2024-01-18,Vestuario,Zapatillas,1,86634,23994
1507,161,2024-05-12,Electrodomesticos,Microondas,1,169886,25380
1505,161,2024-05-26,Electrodomesticos,Plancha,2,443450,91618
1499,161,2024-06-07,Deportes,Balon,1,34862,8855
1508,161,2024-08-30,Vestuario,Calcetines,2,62923,21194
1503,161,2024-12-25,Hogar,Termo,2,117152,28542
1502,161,2024-12-30,Tecnologia,Router,1,151675,25344
1509,162,2023-11-20,Vestuario,Polera,1,12391,3530
1511,162,2023-12-15,Vestuario,Zapatillas,1,53275,18714
1513,162,2023-12-24,Electrodomesticos,Lavadora,2,557670,94910
1516,162,2023-12-25,Deportes,Guantes,1,95083,20572
1519,162,2024-01-18,Vestuario,Polera,1,31365,9512
1517,162,2024-01-19,Tecnologia,Impresora,1,304620,77166
1512,162,2024-01-30,Electrodomesticos,Cocina,1,179942,38810
1518,162,2024-02-28,Hogar,Cafetera,3,391607,110660
1514,162,2024-03-26,Vestuario,Jeans,3,66463,24395
1515,162,2024-05-15,Hogar,Mesa,2,125128,40628
1510,162,2024-07-18,Vestuario,Calcetines,3,167079,60591
1520,163,2023-11-28,Vestuario,Chaqueta,5,264632,82711
1524,163,2023-12-02,Vestuario,Polera,3,183853,60160
1526,163,2024-02-01,Tecnologia,Tablet,1,212167,37730
1522,163,2024-04-08,Tecnologia,Smartwatch,1,77000,16684
1523,163,2024-04-20,Deportes,Colchoneta,2,82402,26212
1527,163,2024-07-29,Vestuario,Pantalon,2,48929,18895
1521,163,2024-08-09,Deportes,Colchoneta,4,328535,88437
1528,163,2024-11-16,Vestuario,Camisa,1,21310,8062
1525,163,2024-12-26,Deportes,Guantes,1,70727,21975
1529,164,2022-10-28,Vestuario,Buzo,1,52190,16794
1535,164,2022-11-25,Vestuario,Zapatillas,1,27985,6903
1536,164,2022-12-02,Deportes,Short,2,154311,41175
1534,164,2023-01-12,Vestuario,Camisa,1,49249,17296
1533,164,2023-02-07,Vestuario,Vestido,3,46033,15217
1532,164,2023-08-19,Hogar,Organizador,1,98954,29148
1531,164,2023-10-14,Vestuario,Zapatillas,2,37733,15939
1530,164,2023-10-19,Deportes,Bicicleta,3,238273,72653
1537,164,2024-11-09,Vestuario,Jeans,1,14549,4622
1538,165,2023-10-21,Vestuario,Jeans,3,228196,87236
1542,165,2023-10-23,Tecnologia,Mouse,2,695158,133916
1548,165,2023-11-28,Vestuario,Gorro,1,51981,19762
1544,165,2023-12-08,Tecnologia,Teclado,1,132795,25052
1545,165,2023-12-13,Tecnologia,Monitor,2,432491,87344
1546,165,2023-12-13,Tecnologia,Audifonos,3,231000,47521
1539,165,2023-12-29,Tecnologia,Smartphone,1,88152,17724
1547,165,2024-02-12,Vestuario,Camisa,2,26007,9069
1540,165,2024-02-14,Hogar,Lampara,3,207235,56390
1543,165,2024-02-21,Hogar,Organizador,1,54364,14756
1541,165,2024-05-08,Electrodomesticos,Plancha,1,246574,46291
1549,166,2023-01-10,Tecnologia,Teclado,1,341760,71441
1555,166,2023-01-19,Vestuario,Vestido,1,40221,13472
1553,166,2023-01-31,Vestuario,Camisa,3,139800,57398
1551,166,2023-04-16,Vestuario,Pantalon,1,69824,21810
1552,166,2023-05-01,Hogar,Organizador,4,622446,174761
1550,166,2023-05-11,Electrodomesticos,Secadora,1,173735,24918
1554,166,2024-04-09,Tecnologia,Impresora,2,466955,118741
1556,167,2023-10-10,Hogar,Sofa,2,163427,40398
1560,167,2023-10-12,Tecnologia,Tablet,3,945498,202947
1561,167,2023-10-12,Electrodomesticos,Purificador,3,372007,68294
1564,167,2023-11-10,Hogar,Sofa,1,113807,25192
1557,167,2023-12-02,Electrodomesticos,Microondas,1,73746,12974
1558,167,2023-12-07,Deportes,Guantes,2,118037,26665
1562,167,2023-12-23,Vestuario,Buzo,1,52112,18296
1559,167,2024-01-13,Vestuario,Polera,2,205921,74111
1563,167,2024-02-02,Tecnologia,Smartphone,1,281584,53650
1565,167,2024-06-17,Electrodomesticos,Aspiradora,1,106661,22615
1566,168,2023-01-09,Tecnologia,Impresora,2,664085,136399
1570,168,2023-01-11,Hogar,Termo,1,84921,23114
1567,168,2023-01-27,Electrodomesticos,Aspiradora,1,232392,42734
1569,168,2023-03-12,Tecnologia,Notebook,4,898732,169585
1571,168,2023-03-15,Vestuario,Calcetines,3,176861,56629
1573,168,2023-06-05,Hogar,Lampara,4,439711,140461
1568,168,2023-06-16,Hogar,Silla,2,196507,55955
1572,168,2023-11-29,Electrodomesticos,Secadora,2,490274,79605
1574,169,2022-02-27,Deportes,Casco,3,227635,60495
1576,169,2022-03-07,Tecnologia,Mouse,1,262563,53001
1580,169,2022-03-09,Tecnologia,Monitor,2,189322,33160
1578,169,2022-03-19,Hogar,Hervidor,1,84066,25083
1579,169,2022-04-13,Electrodomesticos,Secadora,1,194051,33629
1577,169,2022-06-28,Hogar,Alfombra,1,104908,28873
1575,169,2022-09-04,Hogar,Termo,1,73424,19247
1581,170,2023-09-24,Deportes,Bicicleta,2,99051,37773
1585,170,2023-10-12,Hogar,Sofa,3,258193,78084
1583,170,2023-12-03,Electrodomesticos,Lavadora,2,370835,61099
1586,170,2023-12-04,Deportes,Raqueta,2,150991,31627
1582,170,2024-02-04,Vestuario,Chaqueta,1,39178,13063
1584,170,2024-03-27,Electrodomesticos,Microondas,1,96212,17708
1587,171,2023-07-28,Deportes,Balon,1,77142,20603
1590,171,2023-08-22,Deportes,Balon,2,176775,54416
1592,171,2023-10-18,Deportes,Poleron,4,249511,92415
1588,171,2023-11-09,Vestuario,Pantalon,2,56717,17457
1591,171,2023-11-26,Hogar,Sofa,1,114225,25882
1593,171,2024-01-18,Hogar,Organizador,1,64605,22301
1589,171,2024-01-24,Vestuario,Jeans,2,30797,10285
1594,172,2023-09-14,Vestuario,Buzo,2,27734,8692
1595,172,2023-09-22,Tecnologia,Audifonos,1,224942,52495
1596,172,2023-09-23,Electrodomesticos,Aspiradora,1,115245,19783
1597,172,2024-02-29,Deportes,Short,1,71247,22037
1598,173,2023-03-30,Electrodomesticos,Plancha,1,197133,32990
1604,173,2023-03-30,Deportes,Poleron,1,125158,44166
1602,173,2023-04-02,Vestuario,Vestido,2,131117,36885
1599,173,2023-05-13,Vestuario,Vestido,5,69169,23361
1600,173,2023-06-02,Deportes,Botella,2,130593,39352
1607,173,2023-07-04,Deportes,Botella,2,89551,24412
1605,173,2023-07-28,Deportes,Bicicleta,1,72649,22522
1603,173,2023-08-27,Deportes,Colchoneta,2,95469,27968
1606,173,2023-10-02,Vestuario,Calcetines,4,104130,42864
1601,173,2023-10-22,Vestuario,Gorro,1,50425,17000
1608,174,2023-10-02,Hogar,Cafetera,2,95462,25968
1609,174,2023-10-05,Tecnologia,Monitor,1,228617,48976
1614,174,2023-10-21,Tecnologia,Impresora,3,959592,197392
1616,174,2023-11-01,Deportes,Colchoneta,2,121574,38669
1612,174,2024-01-31,Tecnologia,Router,1,264139,66594
1610,174,2024-02-23,Tecnologia,Tablet,1,214129,39509
1618,174,2024-03-27,Hogar,Hervidor,1,93946,25880
1615,174,2024-05-11,Tecnologia,Monitor,2,217555,35852
1611,174,2024-05-19,Electrodomesticos,Plancha,1,260787,41221
1617,174,2024-08-18,Electrodomesticos,Aspiradora,1,165510,27146
1613,174,2024-12-19,Hogar,Mesa,1,68971,18408
1619,175,2022-11-18,Vestuario,Zapatillas,4,187400,58254
1625,175,2022-11-29,Hogar,Termo,1,92615,22851
1624,175,2022-12-08,Hogar,Mesa,6,496981,127397
1621,175,2022-12-12,Deportes,Colchoneta,1,56392,14323
1627,175,2022-12-21,Vestuario,Vestido,2,27781,7633
1626,175,2023-01-08,Hogar,Cortinas,4,496789,158693
1623,175,2023-04-11,Deportes,Short,1,59520,21703
1620,175,2023-04-28,Deportes,Colchoneta,1,98758,27632
1622,175,2023-06-29,Deportes,Short,1,25941,9930
1628,175,2023-09-04,Vestuario,Gorro,1,82130,28332
1629,176,2022-05-01,Tecnologia,Monitor,1,135003,25588
1635,176,2022-05-18,Hogar,Cortinas,1,97029,29734
1633,176,2022-08-17,Hogar,Cortinas,1,66404,15297
1630,176,2022-10-23,Tecnologia,Tablet,1,247203,50159
1634,176,2022-11-09,Vestuario,Polera,3,156346,38275
1631,176,2022-12-11,Deportes,Short,3,113583,30791
1632,176,2022-12-22,Electrodomesticos,Lavadora,2,170306,31430
1636,177,2024-09-27,Tecnologia,Monitor,1,338072,68788
1642,177,2024-09-28,Deportes,Short,1,53010,17968
1637,177,2024-09-29,Vestuario,Polera,1,62079,22426
1638,177,2024-10-02,Vestuario,Vestido,2,66671,22326
1643,177,2024-10-03,Electrodomesticos,Refrigerador,1,149425,25564
1644,177,2024-10-18,Electrodomesticos,Secadora,2,223291,46966
1640,177,2024-12-22,Hogar,Sofa,4,305341,71701
1641,177,2024-12-25,Vestuario,Calcetines,2,91470,35810
1645,177,2024-12-25,Tecnologia,Notebook,1,188066,32761
1639,177,2024-12-31,Tecnologia,Impresora,1,291062,54097
1646,177,2024-12-31,Hogar,Silla,1,69628,15588
1647,178,2022-06-03,Vestuario,Zapatillas,4,146168,59144
1648,178,2022-06-03,Tecnologia,Monitor,1,366582,75221
1649,178,2022-06-13,Vestuario,Pantalon,3,85999,28054
1650,178,2022-07-19,Hogar,Mesa,5,324287,72586
1654,178,2022-08-14,Vestuario,Zapatillas,1,33719,12562
1653,178,2022-09-24,Vestuario,Chaqueta,1,20878,7223
1652,178,2022-12-06,Tecnologia,Monitor,1,239551,49815
1651,178,2022-12-25,Tecnologia,Smartphone,1,334839,58510
1655,179,2022-08-26,Tecnologia,Mouse,1,77000,13082
1657,179,2022-09-05,Tecnologia,Audifonos,5,1239148,233707
1658,179,2022-09-20,Hogar,Termo,3,255128,59087
1662,179,2022-09-23,Hogar,Alfombra,2,310032,88241
1661,179,2022-11-09,Electrodomesticos,Cocina,2,371607,62208
1660,179,2022-11-23,Vestuario,Calcetines,1,26102,10030
1656,179,2022-12-19,Vestuario,Vestido,1,16266,6042
1663,179,2022-12-28,Tecnologia,Audifonos,3,755645,166372
1664,179,2023-01-10,Electrodomesticos,Refrigerador,1,174301,36383
1659,179,2024-02-21,Hogar,Alfombra,3,261302,69320
1665,180,2023-04-17,Vestuario,Buzo,1,70802,25209
1668,180,2023-04-17,Vestuario,Gorro,1,52654,18982
1669,180,2023-04-17,Tecnologia,Audifonos,3,724349,166268
1674,180,2023-05-13,Tecnologia,Smartwatch,1,204353,35010
1670,180,2023-05-26,Electrodomesticos,Refrigerador,1,134793,21215
1667,180,2023-05-29,Tecnologia,Monitor,2,719503,124959
1673,180,2023-07-10,Hogar,Cafetera,2,114893,35112
1671,180,2023-07-11,Deportes,Short,1,86740,28776
1666,180,2023-09-05,Tecnologia,Audifonos,1,223848,44889
1672,180,2023-11-01,Deportes,Pesas,1,94410,31307
1675,181,2023-06-24,Electrodomesticos,Licuadora,1,63705,11614
1676,181,2023-07-04,Deportes,Balon,1,33847,11483
1679,181,2023-08-18,Hogar,Hervidor,1,126619,35393
1680,181,2023-10-16,Vestuario,Polera,2,53481,18884
1681,181,2023-10-23,Tecnologia,Router,1,234245,42218
1682,181,2023-11-28,Electrodomesticos,Refrigerador,1,100876,14519
1677,181,2024-01-17,Deportes,Poleron,2,86833,21160
1678,181,2024-09-24,Deportes,Raqueta,1,99584,30915
1683,182,2023-06-08,Tecnologia,Mouse,1,77000,17179
1690,182,2023-06-25,Tecnologia,Tablet,1,237935,41918
1692,182,2023-07-11,Hogar,Termo,4,369554,101280
1694,182,2023-08-13,Tecnologia,Impresora,6,1039292,226617
1688,182,2023-08-19,Hogar,Cortinas,1,60637,15917
1689,182,2023-08-23,Deportes,Short,4,240542,69820
1686,182,2023-09-05,Vestuario,Vestido,1,19234,6039
1693,182,2023-09-13,Tecnologia,Impresora,2,583916,113100
1691,182,2023-10-07,Hogar,Hervidor,2,254167,66377
1685,182,2023-10-24,Deportes,Balon,3,247774,70027
1684,182,2024-02-04,Deportes,Guantes,1,98431,24282
1687,182,2024-02-29,Electrodomesticos,Horno,4,771350,133079
1695,183,2022-08-29,Deportes,Poleron,2,139243,36658
1702,183,2022-09-12,Tecnologia,Teclado,2,355527,60519
1696,183,2022-09-26,Hogar,Termo,1,44110,10239
1701,183,2022-11-11,Vestuario,Calcetines,2,107387,31487
1699,183,2023-02-05,Vestuario,Chaqueta,2,92295,31384
1697,183,2023-02-22,Electrodomesticos,Cocina,4,916870,151017
1703,183,2023-03-26,Tecnologia,Monitor,2,430793,83759
1698,183,2023-04-09,Electrodomesticos,Microondas,1,288442,51637
1704,183,2023-08-17,Vestuario,Jeans,1,45163,19342
1700,183,2024-03-27,Tecnologia,Monitor,4,572851,121144
1705,184,2022-01-14,Vestuario,Buzo,1,15917,5099
1709,184,2022-02-19,Electrodomesticos,Microondas,1,252041,46327
1711,184,2022-03-18,Deportes,Casco,2,56576,17315
1710,184,2022-05-05,Vestuario,Pantalon,3,171119,54616
1706,184,2022-05-17,Vestuario,Polera,1,49221,18375
1713,184,2022-05-25,Tecnologia,Smartwatch,1,288966,53521
1714,184,2022-11-08,Electrodomesticos,Secadora,1,113524,20044
1707,184,2022-12-30,Hogar,Hervidor,2,170521,44021
1712,184,2023-01-10,Tecnologia,Mouse,1,334887,65419
1708,184,2023-06-01,Deportes,Bicicleta,1,108474,34589
1715,185,2023-10-05,Hogar,Organizador,1,69654,20545
1720,185,2023-10-06,Deportes,Casco,1,53372,18371
1717,185,2023-10-16,Hogar,Mesa,1,105268,35548
1722,185,2023-12-11,Deportes,Poleron,2,221800,64242
1719,185,2024-01-01,Deportes,Short,1,86602,20007
1723,185,2024-01-24,Deportes,Pesas,3,261330,88160
1718,185,2024-05-31,Deportes,Balon,1,36300,8645
1716,185,2024-06-13,Electrodomesticos,Cocina,1,204736,41121
1721,185,2024-06-14,Electrodomesticos,Horno,1,169931,32216
1724,186,2024-04-18,Deportes,Colchoneta,2,164568,48286
1728,186,2024-06-02,Deportes,Botella,1,110412,34144
1727,186,2024-06-05,Vestuario,Chaqueta,2,100510,35820
1725,186,2024-06-25,Vestuario,Vestido,3,103781,30332
1726,186,2024-07-05,Electrodomesticos,Purificador,2,363584,63466
1729,187,2022-01-28,Deportes,Colchoneta,2,161183,37546
1738,187,2022-02-09,Tecnologia,Teclado,1,329985,57014
1732,187,2022-02-12,Hogar,Hervidor,1,154968,40606
1734,187,2022-03-14,Tecnologia,Impresora,2,452008,69665
1736,187,2022-03-27,Deportes,Botella,2,164463,53092
1735,187,2022-03-31,Tecnologia,Smartwatch,1,128450,22801
1733,187,2022-04-20,Electrodomesticos,Secadora,1,118458,23007
1739,187,2022-06-10,Electrodomesticos,Lavadora,1,123167,24401
1737,187,2022-06-28,Deportes,Pesas,1,56997,17890
1730,187,2022-07-01,Tecnologia,Router,2,154000,28355
1731,187,2022-08-06,Vestuario,Vestido,2,102726,34730
1740,188,2022-06-28,Deportes,Poleron,1,63311,18544
1742,188,2022-07-14,Tecnologia,Monitor,1,173771,32538
1747,188,2022-07-15,Deportes,Guantes,2,146709,41462
1746,188,2022-07-26,Deportes,Short,1,128567,30202
1745,188,2022-09-10,Deportes,Poleron,3,268357,64531
1743,188,2022-10-19,Hogar,Organizador,2,199543,54611
1741,188,2022-11-04,Electrodomesticos,Cocina,1,76349,13509
1744,188,2022-11-06,Hogar,Sofa,1,42277,12059
1750,188,2022-12-23,Vestuario,Calcetines,2,112526,39220
1749,188,2023-01-18,Tecnologia,Monitor,1,255143,42076
1748,188,2023-06-21,Electrodomesticos,Secadora,3,640342,113751
1751,189,2023-09-17,Deportes,Guantes,1,75337,19376
1757,189,2023-09-21,Deportes,Pesas,2,217208,79260
1753,189,2023-09-24,Tecnologia,Smartwatch,3,872347,218533
1755,189,2023-09-26,Tecnologia,Router,4,1087409,183988
1758,189,2023-10-15,Electrodomesticos,Secadora,1,161080,25346
1761,189,2023-11-18,Electrodomesticos,Cocina,2,274916,47476
1754,189,2023-12-01,Vestuario,Jeans,2,44584,12235
1760,189,2023-12-23,Deportes,Bicicleta,2,74753,20790
1752,189,2023-12-24,Vestuario,Buzo,3,78847,22565
1759,189,2024-08-24,Deportes,Guantes,2,110513,31445
1756,189,2024-09-17,Deportes,Balon,4,220200,59017
1762,190,2023-05-22,Electrodomesticos,Purificador,1,117560,19058
1763,190,2023-05-25,Deportes,Guantes,1,60929,17223
1764,190,2023-06-06,Deportes,Casco,2,49000,14095
1767,190,2023-07-23,Vestuario,Polera,1,15634,4104
1765,190,2023-08-18,Hogar,Cafetera,1,100549,26077
1771,190,2023-09-02,Hogar,Cafetera,3,94500,29001
1774,190,2023-09-21,Vestuario,Chaqueta,3,150314,65423
1766,190,2023-09-29,Deportes,Casco,1,60841,21239
1768,190,2023-10-03,Electrodomesticos,Refrigerador,2,385134,49211
1773,190,2023-11-20,Hogar,Termo,2,288845,72561
1769,190,2023-12-10,Vestuario,Chaqueta,1,17913,5239
1772,190,2024-01-24,Deportes,Casco,2,110397,31603
1770,190,2024-06-02,Deportes,Casco,1,58603,16330
1775,191,2022-08-25,Electrodomesticos,Purificador,1,261013,44749
1780,191,2022-08-28,Tecnologia,Router,1,115662,20830
1777,191,2022-10-11,Vestuario,Buzo,2,109746,39049
1778,191,2022-10-26,Vestuario,Gorro,1,37249,13625
1779,191,2022-11-07,Electrodomesticos,Aspiradora,3,625311,109471
1776,191,2023-04-19,Tecnologia,Smartwatch,1,341003,64241
1781,192,2023-05-31,Vestuario,Vestido,5,257277,91345
1785,192,2023-08-13,Hogar,Lampara,4,179722,60188
1783,192,2023-08-27,Deportes,Guantes,1,75263,25942
1787,192,2023-11-12,Hogar,Organizador,2,218299,47153
1782,192,2023-12-12,Electrodomesticos,Horno,1,166947,29498
1786,192,2024-01-12,Hogar,Termo,1,101872,25851
1784,192,2024-05-13,Tecnologia,Smartwatch,1,166265,29962
1788,193,2024-02-23,Hogar,Termo,1,95935,22700
1791,193,2024-03-09,Deportes,Short,1,86012,26154
1794,193,2024-04-07,Electrodomesticos,Horno,2,280633,62850
1790,193,2024-04-10,Vestuario,Buzo,2,63600,15582
1793,193,2024-04-30,Hogar,Mesa,1,85010,27381
1798,193,2024-05-02,Vestuario,Gorro,2,24172,8094
1796,193,2024-05-24,Tecnologia,Tablet,2,474906,104809
1795,193,2024-06-19,Deportes,Balon,3,116620,43885
1799,193,2024-06-21,Vestuario,Polera,1,44225,13447
1792,193,2024-07-20,Deportes,Guantes,1,93962,27488
1789,193,2024-08-20,Hogar,Hervidor,4,235942,60817
1797,193,2024-11-04,Hogar,Cortinas,2,63000,15970
1800,194,2022-08-23,Deportes,Raqueta,1,24500,6411
1802,194,2022-08-24,Tecnologia,Audifonos,1,241592,40536
1810,194,2022-08-24,Tecnologia,Notebook,2,221845,51295
1801,194,2022-09-04,Hogar,Termo,4,195916,53377
1809,194,2022-10-11,Tecnologia,Monitor,2,745122,155330
1808,194,2022-10-17,Vestuario,Gorro,1,31417,12352
1807,194,2022-11-16,Vestuario,Polera,1,52492,19092
1805,194,2022-12-19,Hogar,Organizador,1,67979,19670
1812,194,2022-12-27,Vestuario,Jeans,5,208688,66787
1811,194,2023-01-09,Tecnologia,Smartphone,1,344984,67453
1806,194,2023-01-30,Tecnologia,Router,2,380106,89997
1813,194,2023-03-15,Deportes,Colchoneta,1,41186,12700
1803,194,2023-06-04,Hogar,Silla,4,366464,86869
1804,194,2023-09-11,Tecnologia,Teclado,3,375716,82007
1814,195,2023-04-17,Tecnologia,Smartwatch,2,555276,116950
1825,195,2023-04-17,Tecnologia,Mouse,1,239435,50686
1819,195,2023-04-27,Electrodomesticos,Cocina,2,395435,70587
1824,195,2023-05-09,Tecnologia,Smartwatch,2,623570,132764
1818,195,2023-05-21,Electrodomesticos,Secadora,3,365898,70254
1821,195,2023-06-19,Electrodomesticos,Horno,2,298454,72524
1816,195,2023-06-22,Electrodomesticos,Secadora,2,384669,58597
1820,195,2023-06-29,Tecnologia,Tablet,1,416836,87770
1822,195,2023-08-13,Deportes,Raqueta,1,65381,19316
1823,195,2023-08-30,Tecnologia,Impresora,3,842867,199160
1815,195,2023-09-09,Tecnologia,Smartwatch,1,342726,71187
1817,195,2023-11-29,Hogar,Termo,2,187219,48717
1826,196,2023-08-15,Electrodomesticos,Licuadora,4,892031,112396
1832,196,2023-08-24,Vestuario,Gorro,1,36018,13345
1828,196,2023-09-17,Electrodomesticos,Microondas,2,433780,90155
1827,196,2023-09-20,Vestuario,Calcetines,1,21852,8950
1830,196,2023-10-27,Hogar,Organizador,2,100122,32856
1831,196,2024-01-10,Hogar,Mesa,2,230732,54393
1829,196,2024-05-08,Hogar,Mesa,1,55538,14424
1833,197,2023-12-09,Vestuario,Pantalon,2,76223,29400
1834,197,2023-12-10,Hogar,Cafetera,1,105123,26709
1836,197,2023-12-12,Vestuario,Polera,1,46085,16589
1837,197,2023-12-12,Vestuario,Chaqueta,1,9394,3238
1835,197,2024-04-16,Deportes,Colchoneta,2,112904,33023
1838,197,2024-05-11,Electrodomesticos,Purificador,3,410472,58966
1839,198,2023-01-13,Electrodomesticos,Microondas,3,547026,105788
1845,198,2023-01-23,Electrodomesticos,Purificador,1,281932,51464
1843,198,2023-02-02,Deportes,Botella,1,117923,36954
1844,198,2023-02-04,Hogar,Hervidor,1,100497,31154
1840,198,2023-04-30,Vestuario,Polera,1,26265,8769
1841,198,2023-05-29,Electrodomesticos,Refrigerador,1,147764,31819
1842,198,2024-01-06,Vestuario,Chaqueta,1,36860,9943
1846,199,2023-10-23,Electrodomesticos,Lavadora,1,103082,19744
1848,199,2023-10-27,Hogar,Lampara,1,85045,26295
1849,199,2024-01-31,Vestuario,Zapatillas,1,14807,5001
1847,199,2024-03-18,Electrodomesticos,Aspiradora,1,246645,40790
1850,199,2024-03-18,Hogar,Hervidor,1,76546,23799
1851,200,2022-02-13,Vestuario,Jeans,3,93256,32281
1854,200,2022-02-13,Deportes,Poleron,1,37023,11862
1853,200,2022-02-14,Tecnologia,Notebook,5,1235008,245964
1859,200,2022-02-19,Tecnologia,Tablet,1,258225,56848
1855,200,2022-02-26,Tecnologia,Audifonos,3,1048359,195357
1856,200,2022-02-26,Tecnologia,Teclado,3,781441,163944
1852,200,2022-03-14,Electrodomesticos,Lavadora,1,265668,43404
1857,200,2022-04-02,Deportes,Balon,1,88675,25216
1858,200,2022-04-19,Vestuario,Zapatillas,1,40683,13132
1860,200,2022-06-08,Vestuario,Pantalon,2,67282,23338
1861,201,2022-11-22,Hogar,Termo,1,77563,24413
1865,201,2023-01-04,Electrodomesticos,Licuadora,2,472245,89885
1864,201,2023-01-07,Electrodomesticos,Purificador,2,307995,54632
1866,201,2023-01-17,Vestuario,Pantalon,3,117286,38860
1867,201,2023-01-23,Deportes,Casco,1,87174,22463
1862,201,2023-01-24,Electrodomesticos,Secadora,3,544350,99727
1868,201,2023-04-13,Deportes,Balon,2,137011,45023
1863,201,2023-05-10,Vestuario,Buzo,1,16878,5340
1869,202,2022-09-18,Deportes,Guantes,1,83435,22264
1873,202,2022-10-12,Vestuario,Calcetines,1,27975,10748
1870,202,2022-12-21,Vestuario,Zapatillas,2,53343,20769
1875,202,2022-12-28,Vestuario,Buzo,1,19121,5173
1874,202,2023-02-09,Tecnologia,Smartphone,1,176367,34116
1872,202,2023-03-01,Electrodomesticos,Licuadora,2,246673,39427
1871,202,2023-03-03,Electrodomesticos,Horno,1,196736,34373
1876,203,2022-03-04,Vestuario,Vestido,2,52173,17528
1880,203,2022-03-19,Tecnologia,Impresora,1,169279,35932
1886,203,2022-03-27,Deportes,Casco,1,30605,8857
1879,203,2022-04-11,Hogar,Lampara,2,155327,40436
1888,203,2022-04-14,Electrodomesticos,Plancha,3,384767,70637
1877,203,2022-04-16,Tecnologia,Monitor,1,260890,47254
1881,203,2022-04-26,Electrodomesticos,Microondas,1,214942,41150
1883,203,2022-05-04,Tecnologia,Smartwatch,2,501390,103680
1878,203,2022-05-20,Electrodomesticos,Microondas,1,187307,33548
1887,203,2022-06-05,Hogar,Organizador,1,96649,29814
1885,203,2022-06-06,Electrodomesticos,Refrigerador,1,137208,23294
1884,203,2022-06-27,Electrodomesticos,Lavadora,3,363598,66782
1882,203,2023-09-18,Vestuario,Camisa,1,41528,14019
1889,204,2022-01-17,Deportes,Colchoneta,3,274990,76053
1894,204,2022-01-25,Hogar,Termo,2,161111,49542
1895,204,2022-02-15,Hogar,Cortinas,2,356988,103697
1891,204,2022-03-26,Hogar,Silla,1,97140,22173
1892,204,2022-04-03,Hogar,Cortinas,2,271456,88123
1893,204,2022-04-06,Vestuario,Calcetines,2,62253,19262
1890,204,2022-08-25,Deportes,Bicicleta,1,133398,34338
1896,205,2024-06-09,Electrodomesticos,Licuadora,2,440421,89654
1901,205,2024-06-13,Hogar,Silla,2,128103,30205
1902,205,2024-06-21,Deportes,Pesas,2,108274,34667
1898,205,2024-07-11,Deportes,Casco,1,88627,28167
1897,205,2024-07-24,Electrodomesticos,Cocina,1,114852,20172
1903,205,2024-09-07,Electrodomesticos,Aspiradora,2,203261,39572
1899,205,2024-11-10,Hogar,Lampara,1,55658,15486
1900,205,2024-12-24,Electrodomesticos,Secadora,1,161725,27874
1904,205,2024-12-27,Tecnologia,Monitor,1,141695,24148
1905,206,2023-01-26,Deportes,Casco,3,213423,69581
1913,206,2023-02-01,Tecnologia,Monitor,1,299351,58084
1911,206,2023-02-06,Tecnologia,Mouse,1,332976,54095
1909,206,2023-02-27,Hogar,Hervidor,4,418169,127771
1914,206,2023-03-04,Deportes,Colchoneta,1,84545,30091
1907,206,2023-03-23,Tecnologia,Audifonos,3,974715,227203
1908,206,2023-04-08,Deportes,Poleron,1,56311,20668
1906,206,2023-04-10,Tecnologia,Mouse,1,298202,62875
1910,206,2023-04-11,Tecnologia,Smartwatch,1,77000,10915
1912,206,2023-04-18,Vestuario,Buzo,2,71429,21783
1915,207,2024-08-08,Vestuario,Calcetines,1,19973,7360
1919,207,2024-08-15,Electrodomesticos,Horno,2,343538,64355
1918,207,2024-08-21,Tecnologia,Smartphone,1,170435,31846
1927,207,2024-08-24,Electrodomesticos,Horno,2,228377,36337
1922,207,2024-10-01,Deportes,Bicicleta,1,59638,14991
1916,207,2024-10-23,Hogar,Hervidor,2,104665,27676
1917,207,2024-11-12,Electrodomesticos,Purificador,2,372975,61441
1921,207,2024-11-18,Tecnologia,Smartwatch,2,546830,91230
1925,207,2024-11-21,Vestuario,Chaqueta,5,165206,51862
1924,207,2024-12-16,Electrodomesticos,Refrigerador,1,87941,16891
1926,207,2024-12-26,Vestuario,Polera,1,33727,10001
1923,207,2024-12-30,Hogar,Alfombra,4,328834,103594
1920,207,2024-12-31,Deportes,Poleron,4,411575,109497
1928,208,2023-04-16,Deportes,Casco,1,65048,20488
1936,208,2023-05-20,Tecnologia,Audifonos,3,389969,97293
1937,208,2023-07-04,Hogar,Lampara,2,207715,51494
1935,208,2023-07-14,Tecnologia,Impresora,5,2047606,450521
1930,208,2023-07-21,Tecnologia,Monitor,1,217154,47801
1929,208,2023-08-07,Hogar,Hervidor,1,44849,10757
1931,208,2023-08-08,Tecnologia,Mouse,1,197472,31705
1932,208,2023-08-30,Electrodomesticos,Microondas,3,614042,108533
1933,208,2023-09-17,Tecnologia,Audifonos,1,243997,51218
1934,208,2023-10-05,Deportes,Balon,1,50485,15828
1938,209,2022-07-26,Vestuario,Polera,5,147232,56941
1947,209,2022-07-26,Vestuario,Polera,1,48842,17678
1946,209,2022-08-22,Tecnologia,Router,2,582894,136970
1939,209,2022-09-24,Vestuario,Chaqueta,3,39689,14147
1943,209,2022-10-07,Hogar,Lampara,1,140043,48167
1940,209,2022-11-17,Electrodomesticos,Secadora,1,284810,38230
1945,209,2022-12-05,Hogar,Silla,1,114807,26052
1944,209,2022-12-19,Electrodomesticos,Cocina,1,240152,42856
1941,209,2023-02-01,Deportes,Botella,1,71571,19955
1942,209,2023-10-07,Tecnologia,Smartphone,1,81897,13626
1948,210,2023-01-03,Vestuario,Buzo,2,84644,31151
1950,210,2023-01-11,Electrodomesticos,Microondas,3,482737,84900
1951,210,2023-01-22,Deportes,Guantes,1,85642,32036
1957,210,2023-02-20,Electrodomesticos,Horno,1,108361,18791
1953,210,2023-02-25,Electrodomesticos,Lavadora,4,783541,133592
1956,210,2023-03-19,Vestuario,Camisa,2,46058,15338
1959,210,2023-04-15,Tecnologia,Router,2,154000,27597
1954,210,2023-04-26,Deportes,Short,1,51212,11912
1949,210,2023-05-20,Deportes,Bicicleta,3,312606,94059
1952,210,2023-07-23,Tecnologia,Tablet,1,214786,37194
1955,210,2023-10-17,Tecnologia,Audifonos,2,304395,59429
1958,210,2024-12-23,Vestuario,Pantalon,1,22060,6824
1960,211,2023-12-26,Vestuario,Vestido,1,37079,11893
1965,211,2024-01-01,Vestuario,Pantalon,1,33032,12555
1961,211,2024-02-11,Electrodomesticos,Horno,2,494155,117183
1964,211,2024-05-06,Vestuario,Camisa,1,38501,14822
1963,211,2024-07-24,Tecnologia,Teclado,2,269952,60870
1962,211,2024-12-29,Deportes,Pesas,1,76696,18418
1966,212,2023-01-22,Electrodomesticos,Microondas,1,177013,31787
1974,212,2023-02-09,Tecnologia,Notebook,1,315837,70059
1971,212,2023-03-07,Electrodomesticos,Lavadora,1,157522,25389
1968,212,2023-04-03,Tecnologia,Impresora,2,474884,107986
1967,212,2023-04-20,Vestuario,Camisa,4,132392,52573
1969,212,2023-05-16,Deportes,Guantes,2,56221,19545
1975,212,2023-05-23,Vestuario,Pantalon,1,54025,17516
1972,212,2023-07-30,Deportes,Poleron,2,49000,14706
1976,212,2023-09-02,Hogar,Sofa,1,83032,24650
1970,212,2023-09-03,Tecnologia,Mouse,2,220715,45134
1973,212,2023-12-16,Hogar,Sofa,2,154132,42250
1977,213,2024-09-30,Tecnologia,Teclado,3,531522,113695
1979,213,2024-10-13,Hogar,Termo,1,82755,22813
1980,213,2024-11-28,Tecnologia,Tablet,2,468393,94421
1982,213,2024-12-19,Tecnologia,Smartwatch,2,387610,78584
1978,213,2024-12-21,Tecnologia,Monitor,2,154000,29174
1981,213,2024-12-22,Vestuario,Vestido,1,27236,8603
1983,214,2023-06-19,Vestuario,Chaqueta,3,248637,92246
1988,214,2023-07-17,Hogar,Sofa,6,633698,181530
1989,214,2023-08-03,Hogar,Alfombra,2,190808,49439
1992,214,2023-08-27,Vestuario,Gorro,3,129084,42902
1986,214,2023-09-26,Hogar,Sofa,2,172795,52601
1991,214,2023-10-30,Tecnologia,Smartwatch,3,600439,97803
1987,214,2023-12-30,Vestuario,Vestido,2,110269,29640
1985,214,2024-02-02,Tecnologia,Notebook,2,470861,98426
1984,214,2024-03-22,Deportes,Pesas,1,31320,10009
1990,214,2024-05-10,Deportes,Raqueta,1,37917,12843
1993,215,2024-06-28,Vestuario,Pantalon,1,56988,19021
2003,215,2024-07-01,Electrodomesticos,Plancha,4,681966,109444
1999,215,2024-07-05,Tecnologia,Smartwatch,1,274943,51127
2005,215,2024-08-21,Hogar,Mesa,1,137464,30406
1996,215,2024-08-24,Hogar,Termo,2,194150,42875
1994,215,2024-09-01,Electrodomesticos,Cocina,2,403848,65353
2002,215,2024-10-08,Vestuario,Chaqueta,4,118572,38884
1997,215,2024-11-07,Deportes,Pesas,2,244225,58654
2000,215,2024-11-18,Tecnologia,Audifonos,2,512506,84630
1995,215,2024-11-20,Hogar,Silla,2,106696,27762
2001,215,2024-12-01,Electrodomesticos,Refrigerador,1,139029,19153
1998,215,2024-12-19,Deportes,Guantes,1,58217,16901
2004,215,2024-12-24,Vestuario,Buzo,1,19368,6637
2006,216,2023-02-22,Deportes,Short,1,44333,12117
2012,216,2023-02-22,Tecnologia,Audifonos,2,288484,62655
2007,216,2023-02-27,Electrodomesticos,Microondas,1,83718,17021
2013,216,2023-02-28,Electrodomesticos,Purificador,4,584815,101424
2015,216,2023-03-13,Hogar,Lampara,3,143845,37103
2014,216,2023-04-11,Hogar,Organizador,1,61543,17455
2010,216,2023-05-19,Electrodomesticos,Microondas,2,203060,41578
2019,216,2023-05-22,Hogar,Cafetera,3,381368,141745
2017,216,2023-05-28,Hogar,Alfombra,1,89949,22688
2018,216,2023-05-31,Electrodomesticos,Horno,1,97479,17812
2009,216,2023-06-08,Hogar,Termo,4,339321,113144
2011,216,2023-07-10,Deportes,Raqueta,3,146759,44546
2016,216,2023-12-27,Electrodomesticos,Plancha,2,352675,59014
2008,216,2023-12-30,Deportes,Balon,2,137924,48688
2020,217,2024-08-16,Electrodomesticos,Lavadora,4,1210725,229757
2024,217,2024-08-17,Hogar,Hervidor,2,120809,40143
2028,217,2024-08-26,Tecnologia,Teclado,2,393767,87884
2022,217,2024-09-02,Deportes,Guantes,1,88432,28432
2025,217,2024-09-02,Tecnologia,Smartphone,1,270803,55959
2023,217,2024-09-03,Hogar,Cortinas,2,97365,27417
2021,217,2024-09-07,Tecnologia,Smartwatch,3,425328,77816
2027,217,2024-10-03,Vestuario,Zapatillas,2,28186,9899
2029,217,2024-12-22,Vestuario,Zapatillas,1,49768,15857
2026,217,2024-12-26,Vestuario,Polera,1,34721,10852
2030,218,2024-06-01,Tecnologia,Notebook,3,487327,87430
2043,218,2024-06-01,Vestuario,Pantalon,2,90665,29432
2038,218,2024-06-02,Electrodomesticos,Refrigerador,1,63000,12652
2039,218,2024-06-12,Electrodomesticos,Cocina,2,129128,22648
2033,218,2024-06-27,Tecnologia,Impresora,4,974637,206231
2031,218,2024-06-30,Hogar,Hervidor,1,88051,27203
2034,218,2024-07-02,Electrodomesticos,Licuadora,1,193522,30281
2042,218,2024-07-12,Tecnologia,Teclado,2,527456,126215
2037,218,2024-07-20,Tecnologia,Mouse,1,149767,24588
2041,218,2024-08-05,Tecnologia,Audifonos,1,141687,27009
2044,218,2024-09-18,Hogar,Hervidor,1,94779,24756
2035,218,2024-10-19,Hogar,Hervidor,1,68271,17834
2036,218,2024-12-05,Hogar,Alfombra,1,128835,31351
2032,218,2024-12-21,Deportes,Poleron,1,57358,12274
2040,218,2024-12-23,Hogar,Hervidor,1,54318,14601
2045,219,2022-09-17,Electrodomesticos,Microondas,3,716089,123308
2047,219,2022-09-17,Vestuario,Zapatillas,1,36925,14423
2049,219,2022-10-03,Tecnologia,Impresora,2,345199,71599
2046,219,2022-11-14,Tecnologia,Smartphone,1,297845,60883
2048,219,2022-11-24,Tecnologia,Monitor,1,222454,49792
2050,220,2023-09-02,Electrodomesticos,Aspiradora,2,372346,60402
2054,220,2023-09-16,Hogar,Organizador,1,121146,40467
2053,220,2023-10-15,Hogar,Termo,1,76656,19754
2051,220,2023-10-28,Hogar,Sofa,1,150740,48226
2052,220,2024-02-14,Vestuario,Chaqueta,1,73928,25214
2055,221,2023-03-14,Deportes,Bicicleta,1,43542,13943
2061,221,2023-03-14,Hogar,Cafetera,1,81669,20583
2062,221,2023-03-31,Electrodomesticos,Lavadora,2,477731,65681
2058,221,2023-04-06,Tecnologia,Smartphone,2,446222,102236
2057,221,2023-04-19,Electrodomesticos,Microondas,2,581619,98216
2056,221,2023-05-15,Vestuario,Calcetines,1,19005,5829
2059,221,2023-06-01,Deportes,Short,2,108437,37507
2060,221,2023-08-23,Vestuario,Buzo,1,31545,9656
2063,222,2022-12-09,Deportes,Botella,1,80695,19361
2068,222,2022-12-13,Vestuario,Polera,1,43409,10546
2065,222,2022-12-15,Vestuario,Calcetines,2,111771,41160
2067,222,2023-02-13,Electrodomesticos,Lavadora,1,95641,15792
2066,222,2023-03-19,Tecnologia,Mouse,5,654375,107637
2064,222,2023-05-09,Hogar,Hervidor,4,226276,78921
2069,223,2022-09-19,Deportes,Casco,2,120990,39369
2072,223,2022-11-06,Electrodomesticos,Licuadora,4,923251,159895
2074,223,2022-12-01,Electrodomesticos,Aspiradora,2,419181,50529
2070,223,2023-06-08,Tecnologia,Impresora,1,295837,50170
2071,223,2023-08-09,Deportes,Balon,3,92783,24889
2073,223,2023-08-21,Tecnologia,Smartwatch,3,421274,98281
2075,224,2023-05-30,Hogar,Lampara,1,114577,34685
2077,224,2023-08-07,Deportes,Casco,1,69698,21941
2076,224,2023-09-19,Deportes,Casco,1,50144,15889
2078,224,2024-01-01,Tecnologia,Mouse,4,798273,176463
2079,224,2024-03-06,Hogar,Sofa,1,110557,35140
2080,225,2023-12-12,Hogar,Cortinas,1,68915,16560
2084,225,2023-12-12,Deportes,Botella,3,310728,85000
2087,225,2023-12-29,Tecnologia,Smartwatch,1,274230,54235
2085,225,2024-01-14,Vestuario,Camisa,1,27147,9120
2088,225,2024-01-18,Vestuario,Zapatillas,1,44819,16203
2083,225,2024-03-26,Vestuario,Jeans,3,76707,28800
2082,225,2024-04-24,Vestuario,Gorro,2,57195,19808
2086,225,2024-07-09,Tecnologia,Impresora,1,246301,50875
2081,225,2024-09-11,Hogar,Cafetera,3,107647,25270
2089,226,2023-09-04,Tecnologia,Smartwatch,1,329682,68923
2092,226,2023-09-14,Vestuario,Camisa,1,69270,23789
2095,226,2023-09-14,Deportes,Raqueta,1,53097,16425
2097,226,2023-10-05,Tecnologia,Monitor,2,475104,112121
2098,226,2023-10-11,Hogar,Mesa,1,83949,26581
2090,226,2023-10-13,Hogar,Mesa,1,70187,20983
2100,226,2023-10-19,Deportes,Bicicleta,1,68436,24955
2094,226,2023-10-20,Tecnologia,Smartphone,1,254049,51841
2099,226,2023-11-03,Hogar,Cafetera,1,106361,27765
2101,226,2023-12-10,Vestuario,Pantalon,1,41129,12029
2091,226,2024-03-21,Deportes,Pesas,2,178483,61021
2096,226,2024-05-05,Electrodomesticos,Microondas,1,177401,30211
2093,226,2024-06-03,Hogar,Mesa,3,238479,61375
2102,227,2023-07-27,Deportes,Short,1,73804,16443
2104,227,2023-08-20,Vestuario,Camisa,2,98295,29403
2111,227,2023-08-22,Hogar,Alfombra,3,350202,97552
2110,227,2023-09-04,Hogar,Mesa,4,363162,71192
2109,227,2023-09-06,Vestuario,Calcetines,2,86679,28811
2106,227,2023-09-08,Vestuario,Vestido,2,86528,26223
2108,227,2023-09-22,Vestuario,Vestido,1,58905,19205
2105,227,2023-11-21,Vestuario,Chaqueta,1,39469,15441
2103,227,2023-12-21,Tecnologia,Tablet,3,695690,152974
2107,227,2024-07-06,Electrodomesticos,Microondas,1,206926,29553
2112,228,2022-03-01,Hogar,Lampara,1,115052,29113
2113,228,2022-03-07,Hogar,Mesa,1,58908,16604
2115,228,2022-03-20,Electrodomesticos,Cocina,2,281852,50985
2124,228,2022-03-24,Vestuario,Polera,1,20020,7531
2118,228,2022-03-26,Electrodomesticos,Plancha,1,217734,38160
2117,228,2022-04-06,Deportes,Poleron,3,244249,66473
2116,228,2022-05-19,Vestuario,Calcetines,2,50328,17935
2119,228,2022-06-01,Vestuario,Calcetines,1,56560,18602
2122,228,2022-08-16,Vestuario,Jeans,2,54670,16346
2120,228,2022-09-04,Electrodomesticos,Aspiradora,1,157735,37327
2123,228,2022-11-05,Vestuario,Calcetines,1,28115,9329
2121,228,2023-03-20,Deportes,Guantes,1,113652,34328
2114,228,2023-05-20,Vestuario,Pantalon,2,122139,40596
2125,229,2024-01-16,Deportes,Botella,1,74000,24828
2130,229,2024-01-19,Vestuario,Calcetines,2,61319,23102
2127,229,2024-03-09,Electrodomesticos,Microondas,1,231708,36067
2129,229,2024-04-22,Tecnologia,Mouse,2,315836,62835
2131,229,2024-07-18,Electrodomesticos,Horno,1,182056,29664
2126,229,2024-07-24,Vestuario,Camisa,2,108467,40109
2128,229,2024-11-19,Tecnologia,Smartwatch,1,85854,13691
2132,230,2024-02-23,Electrodomesticos,Cocina,1,194986,37541
2141,230,2024-03-31,Deportes,Balon,2,113268,36667
2133,230,2024-04-08,Electrodomesticos,Licuadora,3,627663,91664
2140,230,2024-05-03,Deportes,Pesas,1,46907,14725
2136,230,2024-05-18,Electrodomesticos,Lavadora,1,273201,55689
2134,230,2024-06-07,Hogar,Organizador,1,119681,26030
2137,230,2024-07-06,Vestuario,Vestido,3,42528,16259
2139,230,2024-07-28,Electrodomesticos,Lavadora,1,63000,12356
2135,230,2024-11-04,Tecnologia,Router,2,324530,50766
2138,230,2024-12-28,Tecnologia,Impresora,3,772781,138176
2142,231,2023-09-17,Tecnologia,Notebook,3,665340,128697
2145,231,2023-10-17,Deportes,Short,1,61433,20538
2144,231,2023-11-18,Vestuario,Zapatillas,2,60488,16802
2143,231,2024-04-12,Vestuario,Jeans,1,32069,14681
2146,231,2024-12-21,Deportes,Botella,1,96666,22633
2147,232,2022-06-26,Tecnologia,Monitor,2,446928,98391
2150,232,2022-07-30,Electrodomesticos,Refrigerador,2,126000,23404
2148,232,2022-10-17,Vestuario,Polera,1,34920,10518
2149,232,2022-11-17,Vestuario,Calcetines,1,67538,22698
2151,232,2023-02-10,Electrodomesticos,Microondas,3,455330,77773
2152,233,2023-08-31,Hogar,Termo,1,80591,23876
2153,233,2023-09-16,Deportes,Botella,3,308983,102475
2159,233,2023-10-16,Deportes,Botella,1,44140,15368
2156,233,2023-10-18,Deportes,Bicicleta,3,176491,54493
2160,233,2023-11-02,Tecnologia,Mouse,1,200181,28362
2157,233,2023-11-14,Deportes,Casco,2,91255,24848
2154,233,2024-01-19,Electrodomesticos,Lavadora,3,379506,72199
2161,233,2024-01-27,Hogar,Silla,1,60498,17346
2158,233,2024-03-20,Electrodomesticos,Refrigerador,1,197537,36005
2155,233,2024-03-26,Hogar,Lampara,1,75814,22357
2162,234,2024-03-11,Vestuario,Camisa,1,17732,4825
2165,234,2024-04-08,Hogar,Hervidor,5,265438,79428
2168,234,2024-04-08,Vestuario,Zapatillas,1,25263,8996
2167,234,2024-05-09,Vestuario,Zapatillas,2,57091,17539
2166,234,2024-05-13,Tecnologia,Teclado,3,354945,67093
2170,234,2024-06-18,Tecnologia,Notebook,1,341922,71628
2169,234,2024-08-16,Hogar,Sofa,1,75309,18418
2163,234,2024-09-05,Electrodomesticos,Plancha,1,139261,22985
2164,234,2024-12-24,Electrodomesticos,Secadora,2,363759,54240
2171,235,2024-02-25,Vestuario,Pantalon,1,41168,12034
2172,235,2024-02-29,Electrodomesticos,Purificador,4,580827,107696
2181,235,2024-03-04,Deportes,Pesas,2,120996,35401
2182,235,2024-03-07,Deportes,Guantes,2,105410,26940
2179,235,2024-03-08,Tecnologia,Mouse,7,1902344,342729
2175,235,2024-03-14,Vestuario,Pantalon,2,44593,14977
2176,235,2024-03-25,Deportes,Poleron,2,112893,33317
2185,235,2024-03-25,Electrodomesticos,Microondas,2,410557,81543
2189,235,2024-03-25,Electrodomesticos,Secadora,1,136647,19263
2187,235,2024-05-02,Deportes,Botella,1,110939,31872
2186,235,2024-05-28,Hogar,Cafetera,1,78153,17558
2183,235,2024-06-05,Electrodomesticos,Plancha,4,727946,125805
2174,235,2024-06-24,Electrodomesticos,Purificador,3,702057,127017
2173,235,2024-06-30,Tecnologia,Tablet,1,196464,39099
2184,235,2024-07-01,Hogar,Hervidor,1,88598,31027
2177,235,2024-08-13,Electrodomesticos,Cocina,2,210749,43257
2178,235,2024-08-28,Electrodomesticos,Licuadora,4,777807,141112
2188,235,2024-10-25,Vestuario,Zapatillas,1,25616,9478
2180,235,2024-12-25,Hogar,Cortinas,2,63000,16850
2190,236,2022-07-09,Vestuario,Zapatillas,1,56691,19681
2194,236,2022-07-13,Hogar,Cafetera,3,268087,73170
2199,236,2022-08-05,Vestuario,Buzo,2,19726,6293
2196,236,2022-08-06,Hogar,Silla,3,346843,91141
2197,236,2022-08-15,Tecnologia,Smartwatch,1,264595,53832
2191,236,2022-09-02,Tecnologia,Smartphone,3,779289,116831
2192,236,2022-09-06,Tecnologia,Tablet,1,296313,69630
2198,236,2022-10-22,Deportes,Raqueta,2,167646,46296
2193,236,2022-10-31,Tecnologia,Router,2,154000,29821
2195,236,2023-01-28,Deportes,Bicicleta,3,221155,56116
2200,237,2024-09-10,Vestuario,Buzo,3,143971,47185
2208,237,2024-09-15,Tecnologia,Mouse,2,364315,86103
2210,237,2024-10-11,Electrodomesticos,Aspiradora,1,220888,36542
2205,237,2024-10-16,Electrodomesticos,Purificador,1,202516,36713
2212,237,2024-10-16,Tecnologia,Impresora,2,503494,112000
2202,237,2024-10-19,Vestuario,Chaqueta,1,22987,8183
2207,237,2024-11-08,Hogar,Sofa,2,254314,69973
2206,237,2024-12-25,Deportes,Bicicleta,3,257242,63504
2209,237,2024-12-25,Electrodomesticos,Lavadora,2,343499,65741
2201,237,2024-12-27,Tecnologia,Audifonos,1,344478,52122
2211,237,2024-12-29,Hogar,Cortinas,1,31500,9001
2203,237,2024-12-30,Electrodomesticos,Licuadora,3,350241,56447
2204,237,2024-12-31,Hogar,Alfombra,2,169782,38272
2213,238,2023-01-03,Electrodomesticos,Lavadora,1,235433,42347
2216,238,2023-01-03,Vestuario,Chaqueta,4,80377,24285
2218,238,2023-01-06,Vestuario,Chaqueta,1,61734,24591
2215,238,2023-01-16,Deportes,Balon,2,190343,63202
2217,238,2023-03-08,Tecnologia,Audifonos,1,283913,53610
2214,238,2023-03-15,Vestuario,Vestido,1,50908,20330
2221,238,2023-04-02,Electrodomesticos,Secadora,1,178933,29040
2220,238,2023-06-19,Deportes,Short,1,76569,19296
2219,238,2023-07-29,Vestuario,Gorro,3,93374,37424
2222,239,2022-09-13,Electrodomesticos,Aspiradora,2,437141,73350
2231,239,2022-10-04,Deportes,Guantes,3,394140,135359
2230,239,2022-12-05,Hogar,Alfombra,1,92139,19594
2228,239,2022-12-20,Vestuario,Gorro,1,39315,11106
2226,239,2023-01-26,Tecnologia,Audifonos,4,918465,205748
2225,239,2023-02-19,Vestuario,Calcetines,2,57673,24446
2224,239,2023-03-17,Hogar,Alfombra,2,145064,34981
2227,239,2023-03-25,Tecnologia,Impresora,2,154000,30258
2223,239,2023-07-04,Vestuario,Zapatillas,3,133277,50825
2229,239,2024-01-17,Vestuario,Polera,2,45523,17307
2232,240,2023-02-01,Electrodomesticos,Plancha,1,98592,18376
2240,240,2023-02-07,Vestuario,Calcetines,1,27044,8325
2241,240,2023-02-10,Tecnologia,Audifonos,2,357399,87121
2239,240,2023-02-19,Electrodomesticos,Microondas,2,126000,25029
2238,240,2023-03-11,Electrodomesticos,Refrigerador,1,231711,43825
2236,240,2023-03-14,Vestuario,Camisa,1,54758,22550
2244,240,2023-03-23,Deportes,Balon,3,239544,68767
2235,240,2023-03-28,Vestuario,Calcetines,1,33652,10217
2242,240,2023-04-04,Vestuario,Jeans,7,137816,49616
2234,240,2023-04-06,Vestuario,Gorro,4,342881,142128
2246,240,2023-05-12,Electrodomesticos,Plancha,2,277973,55685
2233,240,2023-05-25,Hogar,Organizador,1,31500,8503
2245,240,2023-10-03,Electrodomesticos,Aspiradora,2,394603,66026
2237,240,2023-12-15,Tecnologia,Impresora,1,265705,44490
2243,240,2024-05-11,Deportes,Colchoneta,1,67984,17690
2247,241,2022-09-19,Deportes,Balon,3,367387,112911
2248,241,2022-10-16,Tecnologia,Monitor,1,141320,29912
2249,241,2023-01-08,Tecnologia,Smartphone,3,231000,47889
2250,241,2023-06-01,Deportes,Pesas,3,115089,34655
2251,242,2023-11-15,Electrodomesticos,Licuadora,1,179512,39654
2252,242,2024-02-15,Electrodomesticos,Microondas,1,128052,27118
2255,242,2024-02-25,Hogar,Hervidor,1,58857,13722
2254,242,2024-05-15,Deportes,Balon,1,57006,20090
2253,242,2024-05-30,Vestuario,Camisa,1,59546,22850
2256,243,2022-09-10,Deportes,Pesas,1,100464,31813
2260,243,2022-09-15,Deportes,Balon,3,184913,58771
2257,243,2022-09-17,Tecnologia,Impresora,3,970905,235837
2261,243,2022-10-15,Deportes,Colchoneta,1,123716,34357
2258,243,2022-10-27,Hogar,Silla,3,229277,70283
2259,243,2022-10-31,Electrodomesticos,Lavadora,3,593553,124554
2262,244,2023-04-19,Vestuario,Gorro,1,60890,20302
2267,244,2023-04-29,Tecnologia,Teclado,1,77000,14714
2268,244,2023-05-19,Tecnologia,Notebook,1,272940,50570
2269,244,2023-05-24,Tecnologia,Router,1,296883,56791
2263,244,2023-07-25,Tecnologia,Notebook,2,455034,105943
2265,244,2023-08-14,Hogar,Hervidor,2,263044,85643
2264,244,2024-01-13,Vestuario,Vestido,5,110499,36956
2266,244,2024-01-21,Deportes,Raqueta,1,44463,10610
2270,245,2023-09-28,Hogar,Mesa,1,68908,24325
2274,245,2023-10-06,Hogar,Sofa,1,114075,32938
2272,245,2023-11-02,Deportes,Casco,3,264329,86273
2282,245,2023-11-07,Electrodomesticos,Microondas,1,183468,26651
2273,245,2023-12-10,Electrodomesticos,Refrigerador,1,148109,28785
2279,245,2024-01-09,Vestuario,Camisa,2,43143,16632
2275,245,2024-01-22,Vestuario,Polera,2,84351,31421
2280,245,2024-01-24,Deportes,Guantes,1,90788,31620
2281,245,2024-02-27,Tecnologia,Notebook,2,827479,171283
2276,245,2024-03-04,Hogar,Alfombra,2,146438,40212
2277,245,2024-03-20,Tecnologia,Smartphone,2,486955,92721
2278,245,2024-03-23,Hogar,Cortinas,2,151995,40389
2271,245,2024-07-07,Hogar,Organizador,1,112074,37935
2283,246,2024-03-11,Deportes,Raqueta,1,43768,10468
2290,246,2024-03-18,Electrodomesticos,Cocina,1,118857,20637
2292,246,2024-03-19,Tecnologia,Impresora,3,484982,86607
2286,246,2024-04-25,Vestuario,Calcetines,1,77705,23278
2294,246,2024-05-04,Vestuario,Jeans,1,47503,17066
2285,246,2024-05-20,Hogar,Organizador,1,100042,27564
2287,246,2024-06-05,Vestuario,Camisa,2,106568,40410
2291,246,2024-08-09,Vestuario,Camisa,1,45211,11422
2295,246,2024-08-12,Electrodomesticos,Cocina,3,449499,93497
2289,246,2024-08-14,Hogar,Cortinas,2,181632,54270
2288,246,2024-11-13,Hogar,Lampara,2,243345,62175
2284,246,2024-12-22,Deportes,Balon,1,72112,20772
2293,246,2024-12-23,Electrodomesticos,Cocina,2,394552,77790
2296,247,2023-12-18,Electrodomesticos,Plancha,1,90552,14477
2301,247,2023-12-27,Deportes,Pesas,1,52254,13716
2299,247,2024-02-23,Electrodomesticos,Cocina,2,438342,77967
2297,247,2024-03-28,Deportes,Poleron,2,131230,50432
2302,247,2024-03-31,Vestuario,Chaqueta,4,148408,48570
2300,247,2024-07-26,Vestuario,Polera,3,151119,46804
2298,247,2024-11-16,Electrodomesticos,Microondas,3,651521,98750
2303,248,2023-08-06,Deportes,Colchoneta,2,94571,30299
2309,248,2023-08-10,Tecnologia,Router,2,322635,69174
2306,248,2023-08-14,Hogar,Alfombra,1,66046,20501
2308,248,2023-10-19,Deportes,Pesas,3,111914,28914
2307,248,2023-11-23,Hogar,Sofa,3,131514,38637
2305,248,2024-05-16,Vestuario,Calcetines,4,111420,37404
2304,248,2024-05-20,Deportes,Bicicleta,1,69301,19749
2310,249,2024-04-17,Hogar,Mesa,3,330873,83431
2314,249,2024-05-01,Tecnologia,Tablet,2,474953,88529
2313,249,2024-05-13,Vestuario,Jeans,1,26384,10375
2311,249,2024-05-16,Hogar,Lampara,1,77264,18187
2312,249,2024-07-13,Deportes,Botella,2,129977,42695
2315,250,2023-11-05,Deportes,Colchoneta,1,71479,18989
2317,250,2023-12-03,Hogar,Cortinas,3,94500,23449
2322,250,2024-02-15,Vestuario,Vestido,4,93305,31796
2316,250,2024-02-20,Vestuario,Camisa,4,207101,66999
2321,250,2024-03-27,Hogar,Silla,2,164203,40873
2319,250,2024-04-10,Tecnologia,Notebook,1,159233,34722
2320,250,2024-05-16,Deportes,Balon,3,160115,44279
2318,250,2024-09-15,Hogar,Sofa,1,79552,20958
2323,250,2024-12-24,Hogar,Termo,1,54431,11286
2324,251,2023-12-25,Tecnologia,Smartphone,2,409336,68837
2327,251,2024-01-06,Vestuario,Vestido,1,24200,7553
2328,251,2024-02-09,Vestuario,Calcetines,2,36208,13013
2326,251,2024-05-02,Vestuario,Calcetines,1,40665,14846
2329,251,2024-08-23,Tecnologia,Audifonos,1,213367,40135
2325,251,2024-09-10,Hogar,Hervidor,2,63000,14549
2330,251,2024-12-23,Vestuario,Camisa,1,48040,14170
2331,252,2023-05-02,Deportes,Short,3,367527,88927
2335,252,2023-05-02,Hogar,Mesa,1,132558,40295
2338,252,2023-05-05,Tecnologia,Monitor,1,266869,49373
2332,252,2023-05-19,Hogar,Hervidor,1,133451,42688
2334,252,2023-05-20,Vestuario,Buzo,1,20608,8421
2341,252,2023-06-18,Electrodomesticos,Aspiradora,2,434477,67746
2339,252,2023-06-19,Vestuario,Pantalon,3,85502,27861
2333,252,2023-06-25,Hogar,Alfombra,3,327635,92513
2340,252,2023-07-16,Vestuario,Pantalon,3,78637,28317
2336,252,2023-07-21,Tecnologia,Smartwatch,3,735005,119683
2337,252,2023-08-15,Vestuario,Vestido,2,102067,40671
2342,253,2023-01-24,Tecnologia,Router,2,208835,49938
2345,253,2023-02-04,Deportes,Short,1,33699,9399
2346,253,2023-03-14,Hogar,Lampara,1,135051,26470
2349,253,2023-04-17,Vestuario,Pantalon,4,85153,30680
2343,253,2023-04-21,Tecnologia,Notebook,1,255018,62249
2344,253,2023-04-21,Vestuario,Calcetines,3,136574,44421
2350,253,2023-04-26,Hogar,Alfombra,1,121023,30706
2348,253,2023-08-25,Deportes,Pesas,1,43902,15372
2347,253,2024-07-09,Vestuario,Vestido,1,86226,31037
2351,254,2023-03-01,Electrodomesticos,Licuadora,2,320860,69343
2360,254,2023-03-01,Hogar,Lampara,1,93881,26553
2357,254,2023-04-13,Vestuario,Gorro,1,49107,14616
2359,254,2023-04-17,Electrodomesticos,Licuadora,3,508875,75928
2352,254,2023-04-20,Hogar,Hervidor,1,74074,16100
2356,254,2023-05-19,Tecnologia,Audifonos,1,224745,44210
2355,254,2023-06-09,Deportes,Bicicleta,1,116933,34048
2354,254,2023-08-12,Electrodomesticos,Aspiradora,3,396323,63138
2358,254,2023-09-13,Electrodomesticos,Lavadora,1,228696,43635
2353,254,2024-03-07,Hogar,Cafetera,2,89120,29459
2361,255,2023-01-27,Deportes,Pesas,1,78684,24715
2362,255,2023-01-31,Hogar,Organizador,5,370483,79561
2367,255,2023-02-13,Deportes,Botella,4,296056,79906
2368,255,2023-02-26,Tecnologia,Mouse,3,979772,206712
2365,255,2023-03-17,Vestuario,Chaqueta,1,21486,6159
2364,255,2023-03-23,Deportes,Casco,1,82474,18807
2369,255,2023-06-23,Deportes,Raqueta,1,64686,16691
2366,255,2023-09-27,Electrodomesticos,Horno,2,490058,79805
2363,255,2023-11-14,Deportes,Raqueta,3,350642,105534
2370,256,2022-09-20,Vestuario,Polera,2,29434,8523
2376,256,2022-09-30,Tecnologia,Tablet,2,201031,41140
2375,256,2022-10-01,Vestuario,Chaqueta,1,21047,6306
2371,256,2022-10-06,Electrodomesticos,Plancha,1,275771,54546
2372,256,2022-10-22,Vestuario,Polera,2,140068,54258
2374,256,2022-10-25,Vestuario,Calcetines,3,95286,40881
2373,256,2023-04-22,Electrodomesticos,Secadora,1,207851,37779
2377,257,2023-08-22,Deportes,Pesas,1,89631,22034
2379,257,2023-08-30,Hogar,Cafetera,1,78130,22098
2381,257,2023-11-02,Electrodomesticos,Purificador,2,413294,50559
2378,257,2024-03-02,Hogar,Silla,1,155670,39580
2380,257,2024-07-08,Vestuario,Gorro,1,39553,12459
2382,258,2023-01-13,Tecnologia,Smartphone,1,142513,20127
2385,258,2023-01-22,Vestuario,Polera,2,63836,19073
2388,258,2023-03-04,Deportes,Balon,2,161036,37250
2384,258,2023-05-08,Hogar,Silla,3,217276,65329
2387,258,2023-08-18,Electrodomesticos,Refrigerador,1,262877,46933
2386,258,2023-08-23,Hogar,Cortinas,3,193075,58131
2383,258,2023-10-22,Vestuario,Jeans,1,57637,16402
2389,259,2023-12-20,Deportes,Raqueta,1,41930,13753
2390,259,2024-02-14,Hogar,Lampara,2,244098,65831
2392,259,2024-05-13,Tecnologia,Monitor,3,453244,71661
2391,259,2024-06-15,Tecnologia,Smartwatch,1,219756,48955
2393,260,2024-03-13,Vestuario,Polera,3,105346,30943
2398,260,2024-04-08,Tecnologia,Smartwatch,1,258315,49890
2394,260,2024-05-31,Tecnologia,Audifonos,1,101833,24614
2397,260,2024-06-05,Deportes,Short,1,82296,22966
2395,260,2024-09-24,Vestuario,Calcetines,4,61565,21713
2396,260,2024-12-23,Electrodomesticos,Aspiradora,3,870370,140041
2399,261,2023-01-24,Hogar,Alfombra,1,93487,27545
2405,261,2023-02-07,Vestuario,Jeans,2,194063,62345
2402,261,2023-03-26,Hogar,Sofa,1,116316,41542
2403,261,2023-05-07,Deportes,Botella,1,52815,14771
2400,261,2023-05-17,Deportes,Casco,3,252139,76215
2401,261,2024-02-04,Tecnologia,Impresora,1,296884,65880
2404,261,2024-04-09,Electrodomesticos,Refrigerador,4,624299,136242
2406,262,2024-06-29,Hogar,Cafetera,2,138152,28443
2408,262,2024-07-01,Deportes,Pesas,2,227512,50960
2409,262,2024-07-03,Hogar,Alfombra,4,177617,43318
2410,262,2024-07-05,Tecnologia,Mouse,1,179421,26245
2407,262,2024-07-17,Hogar,Lampara,1,111323,26090
2411,262,2024-08-05,Deportes,Bicicleta,3,139706,44158
2412,263,2023-09-30,Vestuario,Polera,1,20493,7301
2413,263,2023-10-24,Deportes,Bicicleta,1,59386,13219
2420,263,2023-10-25,Deportes,Bicicleta,4,278870,76988
2416,263,2023-11-03,Tecnologia,Teclado,5,961641,178875
2419,263,2023-12-13,Deportes,Short,2,110378,29209
2415,263,2023-12-30,Hogar,Mesa,1,121808,34463
2414,263,2024-01-14,Vestuario,Buzo,2,93467,32912
2418,263,2024-02-29,Hogar,Organizador,2,232124,61014
2417,263,2024-03-13,Hogar,Silla,3,369825,103943
2421,264,2023-04-07,Vestuario,Vestido,1,44978,16574
2423,264,2023-04-28,Hogar,Organizador,1,31500,9854
2422,264,2023-06-05,Vestuario,Chaqueta,2,87422,38440
2424,264,2023-10-10,Deportes,Short,1,103004,38373
2425,264,2024-01-06,Hogar,Silla,2,206256,57638
2426,265,2024-06-02,Vestuario,Gorro,3,127722,53887
2427,265,2024-06-10,Vestuario,Gorro,1,23293,10856
2431,265,2024-06-25,Vestuario,Polera,3,152625,50818
2428,265,2024-08-14,Deportes,Short,2,178814,54317
2432,265,2024-08-22,Tecnologia,Mouse,1,239354,57721
2429,265,2024-08-31,Tecnologia,Tablet,3,563451,120456
2430,265,2024-11-27,Deportes,Guantes,1,79291,25289
2433,266,2024-06-22,Hogar,Lampara,2,189438,44603
2434,266,2024-07-01,Deportes,Raqueta,3,73500,21374
2437,266,2024-07-01,Tecnologia,Impresora,1,274930,53860
2435,266,2024-07-16,Vestuario,Calcetines,1,54880,18342
2440,266,2024-07-25,Deportes,Balon,2,230400,72139
2438,266,2024-08-11,Electrodomesticos,Plancha,2,431071,71731
2441,266,2024-08-17,Vestuario,Jeans,5,233335,86234
2443,266,2024-09-06,Deportes,Casco,2,153984,43473
2439,266,2024-09-10,Tecnologia,Tablet,2,620389,128089
2442,266,2024-11-14,Electrodomesticos,Microondas,2,126000,19102
2436,266,2024-11-16,Tecnologia,Monitor,2,659115,126686
2444,267,2022-01-24,Tecnologia,Smartwatch,2,517781,126761
2445,267,2022-01-25,Hogar,Cafetera,2,340045,86918
2447,267,2022-02-11,Vestuario,Pantalon,2,98663,37015
2446,267,2022-02-23,Tecnologia,Monitor,2,445458,99611
2448,267,2023-01-30,Electrodomesticos,Aspiradora,2,328323,58720
2449,268,2024-05-06,Vestuario,Zapatillas,1,15342,5897
2450,268,2024-05-08,Hogar,Mesa,1,121948,33753
2452,268,2024-05-14,Deportes,Pesas,1,80493,26376
2451,268,2024-05-17,Electrodomesticos,Purificador,2,199807,37565
2457,268,2024-05-20,Electrodomesticos,Aspiradora,4,781430,123979
2453,268,2024-06-02,Electrodomesticos,Plancha,2,175030,34194
2455,268,2024-07-06,Deportes,Poleron,4,239575,81980
2456,268,2024-07-29,Deportes,Bicicleta,1,100483,31262
2454,268,2024-09-06,Electrodomesticos,Microondas,2,131369,24483
2458,268,2024-12-26,Tecnologia,Smartwatch,1,228687,44625
2459,269,2022-11-10,Hogar,Alfombra,1,108423,27611
2464,269,2022-11-10,Electrodomesticos,Lavadora,4,486730,81098
2472,269,2022-11-14,Electrodomesticos,Lavadora,1,133583,24845
2469,269,2023-01-08,Electrodomesticos,Lavadora,2,330222,50861
2462,269,2023-02-07,Vestuario,Polera,1,66108,28990
2471,269,2023-02-08,Vestuario,Calcetines,1,40984,12246
2465,269,2023-03-04,Vestuario,Polera,2,41705,14825
2467,269,2023-05-16,Hogar,Lampara,1,84604,23115
2473,269,2023-05-28,Tecnologia,Mouse,1,287664,58036
2466,269,2023-06-02,Deportes,Balon,1,122126,39580
2461,269,2023-06-23,Hogar,Alfombra,1,71196,20750
2460,269,2023-06-24,Vestuario,Gorro,1,67839,23679
2470,269,2023-07-20,Electrodomesticos,Refrigerador,2,350718,59271
2463,269,2023-08-24,Tecnologia,Monitor,4,1029447,230544
2468,269,2024-01-24,Hogar,Silla,1,72967,23459
2474,270,2024-01-16,Deportes,Pesas,1,135874,35848
2484,270,2024-01-28,Hogar,Lampara,3,341110,110919
2475,270,2024-02-16,Deportes,Short,2,121763,38356
2482,270,2024-03-01,Hogar,Cortinas,1,69053,20224
2479,270,2024-03-06,Tecnologia,Mouse,1,133266,26180
2483,270,2024-03-13,Vestuario,Gorro,1,21497,8192
2481,270,2024-03-24,Vestuario,Calcetines,3,271290,105213
2476,270,2024-04-04,Hogar,Termo,3,318651,103938
2477,270,2024-07-31,Hogar,Termo,1,100719,31314
2478,270,2024-09-04,Vestuario,Zapatillas,3,124002,37040
2480,270,2024-12-27,Vestuario,Jeans,1,31872,10908
2485,271,2023-03-16,Tecnologia,Notebook,1,276792,62134
2486,271,2023-04-02,Tecnologia,Smartphone,1,359184,77366
2495,271,2023-04-04,Electrodomesticos,Purificador,1,171262,29505
2490,271,2023-05-12,Deportes,Balon,1,63429,15228
2497,271,2023-05-17,Electrodomesticos,Lavadora,3,368990,68730
2488,271,2023-05-20,Hogar,Termo,4,292034,81237
2491,271,2023-05-21,Tecnologia,Tablet,3,729902,148389
2493,271,2023-05-27,Deportes,Bicicleta,1,87719,28858
2496,271,2023-05-27,Tecnologia,Notebook,1,188551,30443
2492,271,2023-09-29,Hogar,Silla,5,605255,184941
2494,271,2024-04-30,Electrodomesticos,Lavadora,1,150592,27650
2487,271,2024-05-04,Hogar,Sofa,2,107574,31500
2489,271,2024-06-10,Hogar,Mesa,1,150555,40034
2498,272,2024-03-27,Vestuario,Zapatillas,1,63612,20954
2499,272,2024-04-05,Tecnologia,Smartphone,1,158873,32508
2506,272,2024-04-07,Deportes,Balon,3,128354,43171
2503,272,2024-05-22,Deportes,Botella,1,93760,32549
2509,272,2024-05-26,Vestuario,Jeans,1,13955,4336
2502,272,2024-06-10,Vestuario,Jeans,2,43104,16467
2505,272,2024-06-23,Electrodomesticos,Purificador,1,233222,45179
2507,272,2024-06-25,Hogar,Cortinas,4,126000,33274
2504,272,2024-07-06,Electrodomesticos,Horno,1,175470,27010
2500,272,2024-07-19,Vestuario,Vestido,3,105993,37462
2501,272,2024-08-19,Tecnologia,Teclado,1,251133,46492
2508,272,2024-12-26,Electrodomesticos,Purificador,1,129775,15886
2510,273,2022-01-15,Hogar,Lampara,1,75255,21777
2515,273,2022-01-24,Hogar,Mesa,1,89563,31151
2514,273,2022-01-29,Deportes,Balon,1,72809,24190
2512,273,2022-02-17,Vestuario,Buzo,1,45741,18662
2513,273,2022-06-28,Hogar,Silla,4,300141,62639
2511,273,2022-08-31,Electrodomesticos,Horno,3,693516,130734
2516,274,2023-09-03,Deportes,Botella,1,24500,9100
2518,274,2023-09-15,Deportes,Balon,1,73683,21028
2527,274,2023-09-22,Deportes,Bicicleta,1,32100,8969
2531,274,2023-09-25,Deportes,Botella,1,34439,8571
2517,274,2023-10-03,Hogar,Alfombra,1,116292,27654
2528,274,2023-10-20,Vestuario,Chaqueta,1,51832,19013
2524,274,2023-10-27,Hogar,Cortinas,2,106529,29221
2521,274,2023-12-09,Hogar,Mesa,3,259954,67436
2522,274,2023-12-14,Tecnologia,Notebook,1,366594,73140
2525,274,2024-02-07,Deportes,Colchoneta,4,274224,86271
2532,274,2024-02-12,Vestuario,Jeans,1,32419,9554
2529,274,2024-02-27,Deportes,Raqueta,2,170621,56733
2530,274,2024-07-28,Deportes,Bicicleta,1,28449,9688
2523,274,2024-09-11,Electrodomesticos,Cocina,1,114513,25920
2526,274,2024-09-21,Vestuario,Buzo,1,42368,13874
2520,274,2024-11-08,Electrodomesticos,Cocina,2,351347,60017
2519,274,2024-12-23,Vestuario,Camisa,3,46464,13768
2533,275,2023-04-27,Tecnologia,Notebook,1,77000,15721
2535,275,2023-05-10,Hogar,Lampara,2,323041,82496
2536,275,2023-05-18,Vestuario,Vestido,2,43666,14321
2537,275,2023-05-21,Hogar,Lampara,1,92388,28364
2539,275,2023-06-15,Electrodomesticos,Lavadora,2,445545,76027
2534,275,2023-12-29,Electrodomesticos,Plancha,2,404062,71441
2538,275,2024-04-02,Vestuario,Buzo,2,67706,24732
2540,276,2023-02-12,Electrodomesticos,Purificador,1,127446,19129
2545,276,2023-03-24,Hogar,Termo,2,98976,25992
2543,276,2023-04-08,Electrodomesticos,Refrigerador,2,247992,40590
2541,276,2023-04-22,Tecnologia,Teclado,1,250018,51214
2542,276,2023-05-08,Electrodomesticos,Microondas,1,242139,38596
2544,276,2023-10-23,Electrodomesticos,Licuadora,1,298895,48006
2546,277,2023-04-04,Hogar,Silla,2,155482,50918
2553,277,2023-04-16,Hogar,Sofa,4,380974,104634
2548,277,2023-04-23,Vestuario,Camisa,3,117436,34625
2552,277,2023-04-23,Hogar,Sofa,1,139315,39540
2549,277,2023-05-29,Hogar,Cortinas,1,101220,28449
2551,277,2023-10-15,Vestuario,Camisa,4,252437,94428
2556,277,2023-11-05,Tecnologia,Teclado,1,295350,55606
2555,277,2023-12-14,Vestuario,Buzo,1,27358,7589
2550,277,2024-01-17,Deportes,Pesas,1,41470,12091
2547,277,2024-08-20,Vestuario,Pantalon,2,51056,19668
2554,277,2024-11-06,Vestuario,Calcetines,1,27622,7990
2557,278,2023-11-17,Vestuario,Zapatillas,2,133257,46226
2560,278,2023-12-21,Vestuario,Zapatillas,1,28441,8829
2558,278,2024-01-14,Hogar,Sofa,3,477747,137148
2564,278,2024-03-12,Vestuario,Polera,2,58977,23292
2561,278,2024-04-19,Hogar,Termo,3,333953,104960
2563,278,2024-05-08,Deportes,Bicicleta,1,104817,32020
2562,278,2024-06-30,Tecnologia,Smartphone,3,918615,181902
2559,278,2024-12-23,Hogar,Alfombra,1,56428,15304
2565,279,2024-01-19,Hogar,Hervidor,3,168637,44961
2567,279,2024-03-02,Deportes,Guantes,4,229827,60101
2568,279,2024-03-17,Deportes,Short,4,144817,41994
2569,279,2024-05-15,Hogar,Alfombra,4,581575,142275
2566,279,2024-08-10,Vestuario,Polera,3,261844,89092
2570,279,2024-12-21,Electrodomesticos,Lavadora,2,339884,57740
2571,280,2023-06-18,Hogar,Silla,1,121728,31084
2573,280,2023-06-20,Vestuario,Gorro,1,13729,4838
2578,280,2023-07-29,Hogar,Hervidor,2,236824,66379
2572,280,2023-08-11,Tecnologia,Smartphone,1,179914,31858
2576,280,2023-08-16,Vestuario,Camisa,3,59890,16857
2577,280,2023-10-08,Hogar,Alfombra,2,63000,15034
2575,280,2023-11-02,Electrodomesticos,Microondas,1,265395,47000
2574,280,2024-01-27,Deportes,Raqueta,2,161923,48265
2579,281,2022-05-03,Tecnologia,Teclado,2,252536,51394
2583,281,2022-05-13,Deportes,Casco,2,149251,58394
2589,281,2022-05-21,Hogar,Cortinas,2,118446,36712
2580,281,2022-05-25,Deportes,Casco,1,77421,19293
2581,281,2022-06-08,Tecnologia,Smartphone,2,660544,137462
2586,281,2022-06-08,Electrodomesticos,Horno,3,397266,71102
2588,281,2022-06-29,Deportes,Bicicleta,7,648568,179942
2585,281,2022-07-08,Deportes,Bicicleta,3,169319,41474
2591,281,2022-07-23,Hogar,Cortinas,3,94500,22639
2592,281,2022-08-27,Tecnologia,Smartwatch,1,278676,56258
2582,281,2022-09-11,Tecnologia,Audifonos,1,188770,35454
2587,281,2022-09-27,Hogar,Cortinas,1,137630,47529
2590,281,2022-11-23,Deportes,Bicicleta,1,83575,20267
2584,281,2023-03-04,Vestuario,Jeans,1,28730,12205
2593,282,2023-09-24,Vestuario,Polera,2,72721,29111
2597,282,2023-10-09,Hogar,Sofa,1,67658,19549
2594,282,2023-10-30,Deportes,Pesas,3,221315,77067
2596,282,2023-12-05,Hogar,Silla,1,97652,25416
2595,282,2024-01-18,Hogar,Lampara,2,211221,62841
2598,283,2023-01-10,Vestuario,Pantalon,2,49768,18927
2604,283,2023-01-21,Vestuario,Chaqueta,1,17943,7307
2605,283,2023-02-07,Deportes,Bicicleta,5,499916,164802
2603,283,2023-03-01,Deportes,Short,3,88842,27145
2602,283,2023-03-21,Deportes,Poleron,1,87574,21177
2601,283,2023-05-06,Deportes,Casco,1,49570,15624
2599,283,2023-06-04,Electrodomesticos,Secadora,2,373232,80216
2600,283,2023-07-02,Hogar,Cortinas,4,362827,84754
2606,284,2022-06-26,Tecnologia,Notebook,4,1035318,195860
2611,284,2022-06-28,Vestuario,Camisa,1,63892,20867
2610,284,2022-11-15,Tecnologia,Router,3,825051,141233
2612,284,2022-11-21,Vestuario,Buzo,1,57547,14183
2613,284,2022-12-01,Tecnologia,Teclado,2,400911,76610
2609,284,2022-12-29,Vestuario,Zapatillas,2,53892,17488
2607,284,2023-01-27,Vestuario,Jeans,1,27561,9836
2608,284,2023-01-27,Deportes,Pesas,4,272485,68497
2614,285,2023-08-03,Vestuario,Buzo,1,23472,8523
2621,285,2023-08-12,Deportes,Raqueta,2,139071,33079
2619,285,2023-09-05,Tecnologia,Monitor,2,386515,68070
2616,285,2023-09-10,Vestuario,Gorro,1,10062,3762
2618,285,2023-09-11,Electrodomesticos,Horno,1,84139,17502
2615,285,2023-09-26,Hogar,Hervidor,2,205230,64042
2617,285,2024-01-03,Deportes,Botella,5,506399,106344
2620,285,2024-01-29,Deportes,Guantes,2,113032,32779
2622,285,2024-06-18,Vestuario,Camisa,1,103023,30624
2623,286,2022-06-26,Hogar,Organizador,1,128615,34283
2629,286,2022-07-02,Electrodomesticos,Refrigerador,1,108955,20381
2627,286,2022-07-04,Hogar,Alfombra,3,313991,72829
2628,286,2022-07-04,Tecnologia,Router,3,413377,87182
2626,286,2022-07-19,Vestuario,Pantalon,1,93797,30725
2630,286,2022-10-02,Tecnologia,Tablet,4,786549,136057
2624,286,2023-03-02,Vestuario,Calcetines,3,219632,76705
2625,286,2023-03-22,Vestuario,Camisa,3,77716,31242
2631,286,2024-03-19,Tecnologia,Impresora,2,535019,91063
2632,287,2024-12-14,Hogar,Cafetera,1,59031,15423
2636,287,2024-12-23,Electrodomesticos,Licuadora,3,545191,81797
2641,287,2024-12-24,Deportes,Poleron,1,88075,27407
2634,287,2024-12-26,Vestuario,Chaqueta,3,145199,50105
2635,287,2024-12-26,Deportes,Raqueta,2,238175,63500
2633,287,2024-12-27,Vestuario,Jeans,3,172060,45980
2639,287,2024-12-27,Deportes,Poleron,1,36538,10804
2640,287,2024-12-27,Tecnologia,Router,2,398073,71066
2643,287,2024-12-27,Tecnologia,Tablet,1,196799,30351
2637,287,2024-12-28,Electrodomesticos,Aspiradora,1,240912,43475
2642,287,2024-12-29,Vestuario,Gorro,1,23181,7639
2638,287,2024-12-30,Deportes,Botella,2,199674,48377
2644,288,2024-03-21,Hogar,Hervidor,1,89333,25945
2651,288,2024-03-31,Hogar,Termo,2,226740,72605
2650,288,2024-04-13,Tecnologia,Smartwatch,1,218207,49788
2647,288,2024-04-16,Deportes,Bicicleta,2,128748,50200
2646,288,2024-06-13,Electrodomesticos,Purificador,2,291149,52261
2649,288,2024-08-07,Electrodomesticos,Refrigerador,1,215854,46520
2645,288,2024-09-05,Vestuario,Jeans,4,97946,36811
2652,288,2024-12-06,Tecnologia,Impresora,2,203165,36378
2648,288,2024-12-26,Vestuario,Calcetines,1,15702,4930
2653,289,2023-05-23,Hogar,Hervidor,1,120823,37638
2655,289,2023-06-23,Electrodomesticos,Licuadora,1,238134,42068
2654,289,2023-07-18,Vestuario,Chaqueta,1,58523,23322
2657,289,2023-09-28,Electrodomesticos,Plancha,1,264464,49747
2658,289,2023-09-28,Vestuario,Vestido,2,76325,22813
2659,289,2023-10-03,Tecnologia,Mouse,1,149258,24950
2656,289,2024-03-27,Vestuario,Buzo,1,34712,13752
2660,290,2022-04-17,Electrodomesticos,Licuadora,2,477404,79875
2662,290,2022-05-03,Deportes,Colchoneta,2,109273,37966
2669,290,2022-05-14,Vestuario,Buzo,1,29880,12476
2661,290,2022-05-24,Tecnologia,Impresora,1,351743,76858
2668,290,2022-05-25,Deportes,Bicicleta,2,189390,72257
2670,290,2022-06-13,Electrodomesticos,Licuadora,2,412708,80809
2667,290,2022-06-27,Tecnologia,Notebook,3,481254,90157
2664,290,2022-07-17,Vestuario,Camisa,1,27208,10560
2665,290,2022-09-01,Deportes,Short,1,61738,16654
2666,290,2022-09-05,Tecnologia,Teclado,1,192732,29960
2671,290,2022-11-20,Hogar,Mesa,1,99629,26034
2663,290,2023-05-29,Vestuario,Vestido,5,154580,47369
2672,291,2023-04-11,Electrodomesticos,Cocina,1,123660,23672
2677,291,2023-04-22,Vestuario,Chaqueta,1,32013,12230
2674,291,2023-05-29,Hogar,Sofa,1,84947,30392
2679,291,2023-05-30,Electrodomesticos,Purificador,3,915940,200087
2676,291,2023-06-09,Hogar,Cortinas,2,63000,21076
2675,291,2023-08-29,Electrodomesticos,Aspiradora,1,240877,40083
2678,291,2023-09-13,Hogar,Cafetera,1,116799,28269
2681,291,2023-09-21,Vestuario,Vestido,2,63029,24653
2680,291,2023-11-12,Electrodomesticos,Plancha,4,723910,141565
2682,291,2024-07-05,Hogar,Lampara,1,136117,35120
2673,291,2024-10-15,Deportes,Botella,4,277213,78105
2683,292,2024-04-29,Tecnologia,Notebook,1,145696,36260
2692,292,2024-05-03,Vestuario,Chaqueta,1,23229,8589
2687,292,2024-05-27,Deportes,Raqueta,1,69911,23983
2685,292,2024-06-12,Vestuario,Buzo,4,224855,65252
2690,292,2024-06-18,Hogar,Sofa,1,103758,28355
2684,292,2024-07-09,Electrodomesticos,Aspiradora,2,481995,74065
2689,292,2024-07-11,Electrodomesticos,Cocina,1,280631,50585
2686,292,2024-11-21,Tecnologia,Teclado,1,173167,36676
2691,292,2024-12-01,Deportes,Bicicleta,1,99174,25166
2688,292,2024-12-31,Deportes,Short,1,88732,22567
2693,293,2022-10-03,Electrodomesticos,Cocina,4,1089398,227078
2702,293,2022-10-03,Hogar,Organizador,2,181115,44804
2700,293,2022-10-12,Electrodomesticos,Cocina,2,472523,82150
2695,293,2022-10-21,Electrodomesticos,Lavadora,5,1016226,209387
2699,293,2022-10-23,Vestuario,Zapatillas,1,55530,19232
2694,293,2022-10-28,Hogar,Hervidor,1,143477,45800
2697,293,2023-01-22,Deportes,Colchoneta,1,74280,25603
2701,293,2023-01-27,Tecnologia,Notebook,4,878086,183064
2698,293,2023-03-01,Deportes,Short,1,94640,26372
2696,293,2023-08-10,Tecnologia,Impresora,2,414808,90421
2703,294,2022-11-28,Deportes,Botella,2,157742,44628
2707,294,2022-12-04,Hogar,Hervidor,2,84800,23957
2708,294,2022-12-30,Tecnologia,Audifonos,2,553233,111032
2705,294,2023-01-03,Deportes,Poleron,1,49512,13707
2704,294,2023-04-19,Deportes,Pesas,1,37738,11909
2706,294,2024-02-18,Vestuario,Jeans,3,41612,16950
2709,295,2023-01-11,Electrodomesticos,Aspiradora,3,862551,167148
2712,295,2023-02-20,Deportes,Bicicleta,1,42417,16388
2711,295,2023-03-24,Deportes,Raqueta,2,166965,47113
2710,295,2024-05-23,Deportes,Short,1,94603,21908
2713,296,2024-04-30,Hogar,Sofa,3,223742,60978
2715,296,2024-05-01,Vestuario,Calcetines,5,64898,20119
2723,296,2024-05-14,Electrodomesticos,Refrigerador,4,252000,46452
2719,296,2024-05-19,Tecnologia,Smartphone,3,986238,196378
2718,296,2024-05-21,Vestuario,Polera,1,13992,5328
2720,296,2024-06-14,Hogar,Silla,1,73940,21219
2714,296,2024-06-24,Vestuario,Polera,1,38253,14301
2722,296,2024-10-14,Vestuario,Jeans,1,40279,13650
2716,296,2024-12-15,Electrodomesticos,Secadora,1,158294,27718
2717,296,2024-12-27,Electrodomesticos,Licuadora,1,140020,20505
2721,296,2024-12-29,Electrodomesticos,Microondas,1,176893,21913
2724,297,2023-09-23,Vestuario,Buzo,3,138244,53974
2731,297,2023-10-02,Hogar,Alfombra,2,95356,24568
2734,297,2023-10-21,Deportes,Raqueta,1,82536,25163
2730,297,2023-11-11,Hogar,Alfombra,1,61097,16743
2735,297,2023-11-20,Electrodomesticos,Plancha,1,144931,24790
2729,297,2023-11-24,Deportes,Bicicleta,1,90998,24175
2733,297,2023-12-29,Hogar,Silla,3,470216,102303
2732,297,2024-01-27,Deportes,Balon,1,39708,9999
2725,297,2024-02-15,Vestuario,Calcetines,1,100671,35096
2726,297,2024-03-01,Tecnologia,Teclado,2,457151,88775
2728,297,2024-03-23,Hogar,Sofa,1,121747,28805
2727,297,2024-11-28,Tecnologia,Audifonos,1,164257,30337
2736,298,2023-05-26,Electrodomesticos,Purificador,2,450262,58791
2743,298,2023-06-04,Vestuario,Chaqueta,1,92454,28419
2740,298,2023-07-11,Hogar,Mesa,3,393137,105717
2738,298,2023-07-18,Vestuario,Gorro,1,61549,19531
2739,298,2023-07-22,Tecnologia,Monitor,1,261477,43639
2744,298,2023-07-22,Hogar,Lampara,1,78589,21852
2742,298,2023-08-20,Hogar,Silla,1,75240,17949
2745,298,2023-09-09,Electrodomesticos,Secadora,2,223226,41965
2737,298,2023-11-18,Vestuario,Camisa,2,104539,33411
2741,298,2023-12-12,Hogar,Sofa,2,221929,61121
2746,299,2024-04-20,Vestuario,Polera,1,23604,9035
2754,299,2024-06-05,Hogar,Cafetera,1,96237,24999
2748,299,2024-06-11,Vestuario,Jeans,1,81961,26217
2752,299,2024-06-11,Hogar,Organizador,1,115587,29319
2747,299,2024-06-16,Tecnologia,Smartphone,3,497891,104788
2751,299,2024-07-17,Hogar,Silla,1,59406,18420
2750,299,2024-11-10,Tecnologia,Router,2,319088,53772
2749,299,2024-12-24,Deportes,Short,2,127906,36615
2753,299,2024-12-28,Hogar,Sofa,1,71991,21276
2755,300,2022-03-07,Vestuario,Chaqueta,2,94855,30853
2757,300,2022-04-05,Deportes,Botella,1,109403,37642
2766,300,2022-04-10,Tecnologia,Tablet,1,258771,58834
2759,300,2022-04-30,Hogar,Silla,3,340759,104481
2765,300,2022-05-11,Deportes,Raqueta,1,102471,28965
2758,300,2022-05-26,Deportes,Colchoneta,1,120967,31825
2756,300,2022-06-01,Electrodomesticos,Secadora,1,219437,43878
2760,300,2022-06-05,Tecnologia,Smartphone,1,187429,37750
2763,300,2022-06-20,Electrodomesticos,Microondas,1,84916,16890
2761,300,2022-07-24,Electrodomesticos,Plancha,3,674235,127138
2762,300,2022-11-27,Electrodomesticos,Purificador,2,481537,69220
2764,300,2023-03-04,Electrodomesticos,Plancha,1,78778,13888
2767,301,2024-09-07,Hogar,Mesa,2,140614,38086
2771,301,2024-09-12,Electrodomesticos,Cocina,1,235645,37073
2769,301,2024-10-05,Tecnologia,Impresora,1,118142,25979
2772,301,2024-10-07,Hogar,Cafetera,1,65408,12820
2770,301,2024-12-03,Electrodomesticos,Horno,2,333610,58319
2768,301,2024-12-19,Hogar,Termo,2,169792,48819
2774,301,2024-12-20,Hogar,Organizador,1,118796,32436
2773,301,2024-12-28,Hogar,Silla,1,119687,32750
2775,302,2024-06-29,Hogar,Cafetera,2,185952,51042
2779,302,2024-07-04,Deportes,Raqueta,1,42238,13503
2780,302,2024-07-04,Electrodomesticos,Plancha,3,528963,91402
2778,302,2024-07-25,Electrodomesticos,Secadora,3,592996,105148
2781,302,2024-12-24,Hogar,Mesa,1,63275,15392
2776,302,2024-12-28,Hogar,Sofa,1,117365,29441
2777,302,2024-12-28,Tecnologia,Smartwatch,1,330688,50939
2782,303,2024-11-09,Tecnologia,Router,2,576464,112113
2787,303,2024-11-16,Electrodomesticos,Horno,2,421448,76830
2792,303,2024-11-22,Electrodomesticos,Horno,1,202969,41101
2785,303,2024-12-03,Hogar,Hervidor,4,179742,48194
2791,303,2024-12-25,Tecnologia,Teclado,1,355385,62957
2788,303,2024-12-26,Deportes,Casco,1,24500,6765
2783,303,2024-12-27,Hogar,Cafetera,2,164451,46727
2784,303,2024-12-28,Electrodomesticos,Horno,1,200528,38516
2786,303,2024-12-30,Vestuario,Zapatillas,5,326999,96244
2789,303,2024-12-30,Vestuario,Gorro,2,149375,38863
2790,303,2024-12-30,Tecnologia,Smartwatch,2,315658,56198
2793,304,2023-10-01,Electrodomesticos,Aspiradora,4,444603,87519
2798,304,2023-10-16,Hogar,Silla,2,220182,54253
2799,304,2023-11-26,Hogar,Mesa,3,94500,24592
2797,304,2023-12-09,Electrodomesticos,Licuadora,1,262488,46611
2801,304,2024-01-27,Vestuario,Gorro,1,25317,8048
2800,304,2024-02-11,Vestuario,Chaqueta,3,177760,63044
2794,304,2024-02-24,Tecnologia,Teclado,1,192000,38461
2796,304,2024-06-02,Deportes,Balon,2,150944,45096
2795,304,2024-06-23,Tecnologia,Smartwatch,1,140735,26703
2802,304,2024-11-27,Hogar,Alfombra,1,46883,11103
2803,305,2022-12-05,Tecnologia,Teclado,1,305352,57150
2809,305,2022-12-21,Deportes,Casco,4,408107,118292
2810,305,2023-01-17,Tecnologia,Audifonos,1,77000,11281
2807,305,2023-01-27,Electrodomesticos,Microondas,2,399996,66110
2806,305,2023-02-04,Tecnologia,Smartwatch,1,107227,18089
2804,305,2023-02-05,Deportes,Poleron,1,73580,25642
2805,305,2023-02-19,Hogar,Sofa,1,70180,18410
2808,305,2023-03-23,Hogar,Mesa,1,93974,25667
2811,306,2023-08-01,Electrodomesticos,Aspiradora,2,587876,106952
2813,306,2023-08-04,Hogar,Lampara,1,131350,38349
2815,306,2023-09-11,Tecnologia,Smartwatch,1,216149,39668
2817,306,2023-09-11,Vestuario,Calcetines,1,56782,21052
2820,306,2023-09-11,Hogar,Alfombra,2,296608,89503
2814,306,2023-11-25,Electrodomesticos,Cocina,1,98452,14489
2821,306,2023-12-08,Vestuario,Buzo,1,45046,15159
2819,306,2024-03-05,Deportes,Casco,3,213737,70835
2818,306,2024-03-10,Hogar,Mesa,2,182345,47386
2816,306,2024-03-25,Hogar,Termo,3,419307,107502
2812,306,2024-06-10,Electrodomesticos,Lavadora,4,252000,42964
2822,307,2023-04-06,Electrodomesticos,Purificador,1,137259,20634
2832,307,2023-04-10,Electrodomesticos,Refrigerador,3,428972,79240
2825,307,2023-04-23,Vestuario,Gorro,1,37715,13206
2830,307,2023-04-23,Hogar,Termo,2,125142,36268
2823,307,2023-04-28,Tecnologia,Router,2,393271,74534
2826,307,2023-05-22,Hogar,Lampara,1,108559,28908
2831,307,2023-06-12,Vestuario,Vestido,3,98100,36764
2828,307,2023-06-17,Tecnologia,Tablet,1,217620,34508
2829,307,2023-06-20,Tecnologia,Smartphone,1,172255,31249
2824,307,2023-07-10,Tecnologia,Notebook,1,209376,46927
2833,307,2023-07-16,Deportes,Botella,1,58049,18130
2827,307,2023-10-14,Deportes,Bicicleta,3,232313,61907
2834,308,2023-10-23,Tecnologia,Monitor,3,381740,77297
2844,308,2023-10-30,Deportes,Casco,1,87917,31267
2835,308,2023-11-03,Electrodomesticos,Refrigerador,1,304053,51507
2840,308,2023-11-10,Hogar,Mesa,1,68631,17177
2838,308,2023-11-13,Electrodomesticos,Lavadora,1,106241,18179
2842,308,2024-02-27,Deportes,Colchoneta,2,167484,52799
2841,308,2024-04-19,Tecnologia,Mouse,1,252903,39866
2837,308,2024-04-30,Electrodomesticos,Purificador,1,155395,25876
2836,308,2024-09-11,Tecnologia,Audifonos,2,636771,110376
2843,308,2024-09-12,Tecnologia,Smartwatch,1,253420,52294
2839,308,2024-12-25,Electrodomesticos,Plancha,1,185035,22332
2845,309,2023-12-28,Vestuario,Camisa,1,28482,10376
2851,309,2024-01-06,Electrodomesticos,Aspiradora,1,237535,44328
2850,309,2024-01-08,Tecnologia,Impresora,3,792086,138205
2847,309,2024-01-20,Tecnologia,Teclado,2,280341,48321
2854,309,2024-01-22,Vestuario,Camisa,3,150374,58434
2848,309,2024-02-28,Electrodomesticos,Secadora,3,241472,40045
2852,309,2024-03-26,Electrodomesticos,Cocina,1,124600,22586
2849,309,2024-04-09,Tecnologia,Notebook,1,151531,32976
2853,309,2024-08-15,Tecnologia,Audifonos,1,146619,28768
2846,309,2024-12-28,Deportes,Short,2,170456,50149
2855,310,2024-08-22,Tecnologia,Smartwatch,2,505397,119188
2858,310,2024-09-16,Hogar,Termo,1,53946,14473
2860,310,2024-09-23,Tecnologia,Monitor,1,200458,43415
2859,310,2024-10-13,Tecnologia,Router,1,266482,45284
2861,310,2024-11-27,Electrodomesticos,Aspiradora,3,450723,66889
2857,310,2024-11-28,Electrodomesticos,Plancha,1,134030,20133
2856,310,2024-12-27,Vestuario,Gorro,1,9783,2723
2862,311,2023-06-17,Electrodomesticos,Horno,2,638393,130646
2865,311,2023-08-02,Tecnologia,Teclado,1,346562,68402
2863,311,2023-08-22,Hogar,Silla,1,71878,18858
2864,311,2023-09-11,Tecnologia,Smartwatch,1,256841,43275
2867,311,2023-11-11,Vestuario,Gorro,1,49514,14739
2866,311,2024-02-24,Hogar,Mesa,3,176463,38737
2868,312,2023-08-15,Tecnologia,Impresora,1,281942,51105
2872,312,2023-11-05,Hogar,Sofa,2,178834,42943
2873,312,2023-12-14,Electrodomesticos,Plancha,2,394176,59088
2870,312,2023-12-29,Tecnologia,Monitor,2,608841,105116
2869,312,2024-04-26,Hogar,Mesa,3,236852,66317
2871,312,2024-05-20,Vestuario,Vestido,1,25326,8863
2874,313,2022-04-04,Electrodomesticos,Horno,1,170131,25017
2881,313,2022-04-11,Hogar,Sofa,1,55211,18010
2879,313,2022-05-29,Vestuario,Chaqueta,1,51241,17875
2877,313,2022-06-30,Electrodomesticos,Refrigerador,4,617091,116555
2880,313,2022-07-11,Hogar,Lampara,1,137302,42428
2876,313,2022-07-28,Deportes,Casco,1,45509,11116
2878,313,2022-11-15,Electrodomesticos,Licuadora,6,643943,108374
2875,313,2022-11-22,Deportes,Guantes,1,91284,24338
2882,314,2022-01-12,Tecnologia,Notebook,2,349146,64309
2888,314,2022-02-09,Deportes,Colchoneta,1,58569,20606
2886,314,2022-03-02,Deportes,Colchoneta,1,60089,17104
2885,314,2022-03-31,Tecnologia,Tablet,1,230119,45499
2884,314,2022-04-26,Tecnologia,Smartwatch,3,1197357,248456
2887,314,2022-04-29,Tecnologia,Notebook,3,1077702,208044
2883,314,2022-11-18,Deportes,Balon,1,50406,13199
2889,315,2023-11-22,Vestuario,Vestido,2,69006,19733
2891,315,2024-01-17,Vestuario,Pantalon,1,14513,5270
2894,315,2024-02-11,Electrodomesticos,Purificador,2,149929,25045
2892,315,2024-02-26,Vestuario,Chaqueta,2,49244,16989
2896,315,2024-03-07,Hogar,Alfombra,3,252737,71781
2895,315,2024-03-17,Electrodomesticos,Purificador,1,250463,36520
2893,315,2024-04-02,Deportes,Botella,1,49027,15552
2890,315,2024-07-17,Deportes,Bicicleta,3,194949,60165
2897,316,2024-09-13,Tecnologia,Tablet,1,121468,29002
2901,316,2024-09-27,Electrodomesticos,Secadora,1,170294,33574
2899,316,2024-10-25,Vestuario,Jeans,1,55144,19364
2898,316,2024-12-04,Hogar,Hervidor,1,102413,25180
2900,316,2024-12-24,Deportes,Colchoneta,1,78165,21944
2902,317,2023-11-15,Electrodomesticos,Microondas,2,511355,80607
2903,317,2023-11-15,Vestuario,Camisa,1,43427,12087
2906,317,2023-11-24,Tecnologia,Mouse,3,911497,182584
2907,317,2023-12-10,Vestuario,Polera,1,38023,14803
2904,317,2024-03-10,Deportes,Botella,1,62313,18447
2905,317,2024-03-20,Electrodomesticos,Licuadora,1,209262,37893
2908,318,2023-07-10,Tecnologia,Router,4,848430,166405
2911,318,2023-07-18,Vestuario,Pantalon,3,249126,72460
2914,318,2023-07-20,Deportes,Bicicleta,1,74245,23959
2923,318,2023-07-20,Vestuario,Zapatillas,2,152216,45440
2917,318,2023-07-30,Hogar,Hervidor,2,204085,45745
2918,318,2023-08-19,Hogar,Cortinas,1,77347,23921
2921,318,2023-08-23,Deportes,Casco,3,231314,70050
2919,318,2023-09-12,Tecnologia,Router,2,288055,53294
2912,318,2023-10-02,Tecnologia,Smartphone,2,382071,72696
2913,318,2023-10-02,Tecnologia,Mouse,3,465378,87951
2915,318,2023-10-13,Tecnologia,Smartwatch,2,416402,95464
2910,318,2023-10-21,Electrodomesticos,Aspiradora,2,380966,63225
2920,318,2023-10-21,Vestuario,Chaqueta,1,64464,18836
2909,318,2023-11-16,Hogar,Hervidor,2,223496,58232
2922,318,2024-05-17,Electrodomesticos,Refrigerador,5,1231458,235620
2916,318,2024-07-22,Tecnologia,Smartwatch,1,77000,15143
2924,319,2022-05-30,Electrodomesticos,Cocina,3,286921,51813
2931,319,2022-05-30,Deportes,Botella,3,299738,99011
2930,319,2022-06-09,Hogar,Lampara,1,81273,25001
2925,319,2022-06-17,Deportes,Guantes,1,89830,28512
2927,319,2022-08-11,Vestuario,Calcetines,3,85387,27173
2928,319,2022-09-04,Hogar,Termo,4,412378,129725
2929,319,2022-10-07,Vestuario,Gorro,1,17786,5586
2933,319,2022-10-13,Vestuario,Vestido,2,54385,19319
2932,319,2022-11-18,Vestuario,Zapatillas,1,73186,25084
2926,319,2023-01-14,Hogar,Mesa,2,139262,44289
2934,319,2023-10-15,Tecnologia,Router,1,307949,72395
2935,320,2023-02-13,Hogar,Alfombra,1,73231,15559
2939,320,2023-02-28,Hogar,Termo,2,114860,28967
2937,320,2023-03-14,Tecnologia,Smartphone,1,77000,18077
2940,320,2023-04-06,Tecnologia,Teclado,1,271284,50321
2941,320,2023-05-22,Electrodomesticos,Plancha,2,248568,45851
2936,320,2023-07-23,Hogar,Mesa,2,160411,51721
2938,320,2023-09-26,Deportes,Casco,1,93082,31297
2942,321,2023-09-23,Deportes,Guantes,1,50776,16490
2945,321,2023-10-07,Deportes,Pesas,1,77309,26947
2948,321,2023-10-10,Hogar,Hervidor,1,108555,24354
2946,321,2023-12-22,Vestuario,Pantalon,1,37775,9308
2947,321,2024-01-13,Tecnologia,Router,2,297272,58519
2943,321,2024-02-23,Tecnologia,Audifonos,1,211994,42293
2949,321,2024-04-26,Deportes,Short,1,90595,25563
2950,321,2024-07-13,Vestuario,Buzo,1,23357,8408
2944,321,2024-08-03,Deportes,Casco,1,69359,20018
2951,321,2024-10-13,Electrodomesticos,Horno,1,75628,13630
2952,322,2022-01-20,Tecnologia,Impresora,1,146366,26370
2958,322,2022-01-22,Tecnologia,Mouse,1,270795,46046
2961,322,2022-01-28,Hogar,Cafetera,2,146651,48727
2960,322,2022-02-10,Hogar,Lampara,1,84635,26774
2959,322,2022-03-24,Hogar,Sofa,2,258033,69367
2962,322,2022-04-22,Vestuario,Chaqueta,1,21234,6312
2955,322,2022-05-12,Deportes,Balon,1,57159,17341
2956,322,2022-05-23,Hogar,Termo,4,408417,125894
2954,322,2022-06-01,Tecnologia,Tablet,1,185623,37289
2953,322,2022-06-19,Deportes,Colchoneta,2,153132,43148
2963,322,2022-08-28,Electrodomesticos,Refrigerador,2,390536,65193
2957,322,2023-01-16,Deportes,Guantes,1,66326,19470
2964,323,2023-05-09,Tecnologia,Smartphone,2,469251,97695
2966,323,2023-07-14,Electrodomesticos,Microondas,1,209653,35504
2968,323,2023-07-31,Hogar,Hervidor,3,145792,48143
2967,323,2023-09-28,Tecnologia,Router,1,229617,49561
2965,323,2023-10-06,Deportes,Botella,1,54281,14980
2969,323,2023-10-12,Deportes,Pesas,1,59886,15239
2970,323,2024-02-24,Electrodomesticos,Microondas,1,211659,44311
2971,324,2024-01-08,Vestuario,Gorro,1,24772,7997
2973,324,2024-02-01,Electrodomesticos,Licuadora,3,436925,64821
2972,324,2024-03-26,Vestuario,Vestido,3,87204,29510
2974,324,2024-04-01,Tecnologia,Smartphone,1,123022,29480
2976,324,2024-10-12,Deportes,Short,1,48137,14264
2977,324,2024-11-24,Deportes,Pesas,1,40018,11382
2975,324,2024-12-23,Tecnologia,Tablet,1,101028,16582
2978,325,2024-07-18,Deportes,Pesas,2,88770,24171
2986,325,2024-07-30,Hogar,Silla,2,224667,57907
2987,325,2024-08-07,Electrodomesticos,Horno,1,259029,53759
2982,325,2024-08-15,Hogar,Termo,4,512120,132481
2985,325,2024-08-21,Deportes,Short,3,186029,54198
2980,325,2024-08-23,Deportes,Casco,2,209775,70603
2979,325,2024-09-04,Electrodomesticos,Licuadora,2,367269,61167
2983,325,2024-09-20,Vestuario,Jeans,4,46016,16183
2981,325,2024-09-23,Deportes,Colchoneta,1,99499,24853
2984,325,2024-12-17,Hogar,Silla,1,97527,30622
2988,326,2023-06-08,Hogar,Cortinas,1,103117,31797
2994,326,2023-06-10,Hogar,Hervidor,1,53654,15916
2989,326,2023-07-04,Vestuario,Zapatillas,1,36782,12353
2991,326,2023-07-06,Deportes,Bicicleta,3,225396,60308
2990,326,2023-07-10,Electrodomesticos,Licuadora,2,156799,28391
3000,326,2023-07-30,Tecnologia,Impresora,3,365548,65970
2997,326,2023-08-16,Hogar,Alfombra,3,231719,68411
2998,326,2023-10-06,Vestuario,Buzo,2,106880,35902
2995,326,2023-11-01,Tecnologia,Mouse,1,205372,32233
2999,326,2023-12-25,Tecnologia,Smartwatch,3,529975,106980
2992,326,2024-01-09,Electrodomesticos,Lavadora,1,276893,50192
2993,326,2024-01-17,Tecnologia,Mouse,2,470402,95622
2996,326,2024-07-07,Hogar,Alfombra,1,88494,22854
3001,327,2023-06-08,Deportes,Pesas,2,134952,42330
3002,327,2023-06-30,Deportes,Colchoneta,3,281695,79260
3008,327,2023-08-29,Hogar,Cortinas,1,106720,26325
3007,327,2023-08-31,Vestuario,Buzo,1,24993,9556
3004,327,2023-09-22,Deportes,Balon,1,70549,22141
3003,327,2023-11-04,Tecnologia,Tablet,1,139571,28677
3006,327,2024-02-28,Deportes,Short,1,56168,20311
3005,327,2024-04-10,Electrodomesticos,Secadora,4,252000,47445
3009,328,2022-08-27,Tecnologia,Mouse,1,232504,54728
3014,328,2022-09-03,Vestuario,Camisa,1,82185,22789
3015,328,2022-09-09,Electrodomesticos,Horno,1,211434,42190
3010,328,2022-09-28,Hogar,Cafetera,1,32975,8863
3011,328,2022-10-03,Deportes,Bicicleta,3,276335,100201
3012,328,2023-01-12,Tecnologia,Notebook,1,119329,20942
3013,328,2023-08-07,Hogar,Alfombra,2,183187,50759
3016,329,2023-08-16,Tecnologia,Impresora,2,310268,71765
3017,329,2023-08-23,Electrodomesticos,Cocina,1,101518,17101
3019,329,2023-09-07,Electrodomesticos,Microondas,1,233197,48894
3023,329,2023-10-17,Vestuario,Pantalon,1,29169,11304
3020,329,2023-10-28,Hogar,Mesa,1,94742,26903
3022,329,2024-01-12,Tecnologia,Audifonos,4,645630,133097
3018,329,2024-02-02,Vestuario,Pantalon,3,184097,57388
3021,329,2024-02-25,Electrodomesticos,Lavadora,1,286310,54395
3024,330,2024-02-04,Hogar,Mesa,1,97956,28514
3031,330,2024-02-24,Electrodomesticos,Licuadora,1,63000,11622
3032,330,2024-03-06,Electrodomesticos,Aspiradora,2,373553,73775
3029,330,2024-03-09,Vestuario,Buzo,4,120011,46032
3025,330,2024-03-18,Electrodomesticos,Horno,1,152599,26431
3030,330,2024-03-30,Tecnologia,Notebook,1,247496,52614
3026,330,2024-04-25,Tecnologia,Router,1,274714,53893
3027,330,2024-08-14,Deportes,Short,1,74528,22551
3028,330,2024-11-05,Electrodomesticos,Aspiradora,5,330427,53824
3033,331,2023-12-22,Deportes,Pesas,1,59644,18076
3037,331,2024-01-03,Tecnologia,Notebook,4,903970,146326
3040,331,2024-01-07,Vestuario,Pantalon,3,150908,48054
3039,331,2024-01-31,Vestuario,Gorro,1,52133,16474
3041,331,2024-02-26,Hogar,Termo,1,70369,19809
3043,331,2024-04-12,Vestuario,Chaqueta,1,26084,7226
3038,331,2024-04-24,Tecnologia,Tablet,3,887468,163884
3034,331,2024-05-04,Tecnologia,Monitor,1,170761,28103
3042,331,2024-05-04,Vestuario,Jeans,1,29996,9380
3036,331,2024-05-15,Hogar,Sofa,1,135908,39056
3035,331,2024-07-05,Tecnologia,Smartwatch,1,195582,38940
3044,332,2023-05-20,Deportes,Poleron,3,207859,66557
3049,332,2023-05-20,Deportes,Botella,1,24500,8592
3047,332,2023-08-06,Tecnologia,Router,2,596212,116137
3046,332,2023-08-30,Deportes,Poleron,2,191045,50194
3048,332,2023-09-11,Hogar,Silla,3,126488,43919
3050,332,2023-09-25,Tecnologia,Audifonos,1,248956,41308
3045,332,2023-12-27,Electrodomesticos,Aspiradora,1,84400,13981
3051,333,2023-09-14,Electrodomesticos,Lavadora,1,188864,38130
3056,333,2023-10-06,Electrodomesticos,Secadora,1,203029,38017
3053,333,2023-10-16,Deportes,Balon,5,327088,93543
3052,333,2023-11-24,Vestuario,Buzo,1,42514,14352
3054,333,2024-03-24,Hogar,Mesa,1,101353,31632
3057,333,2024-04-09,Deportes,Poleron,1,79245,25371
3055,333,2024-11-16,Deportes,Balon,2,126970,33030
3058,334,2023-06-03,Hogar,Hervidor,2,182996,45693
3064,334,2023-06-10,Tecnologia,Mouse,2,550359,98320
3059,334,2023-06-19,Tecnologia,Notebook,1,249738,48695
3063,334,2023-07-09,Electrodomesticos,Lavadora,1,218816,35302
3062,334,2023-07-12,Vestuario,Chaqueta,4,241178,89976
3067,334,2023-07-12,Tecnologia,Notebook,1,77000,15881
3068,334,2023-08-14,Deportes,Pesas,4,469432,132215
3065,334,2023-09-28,Deportes,Raqueta,3,246504,92244
3066,334,2023-11-17,Vestuario,Calcetines,4,252943,73073
3060,334,2024-01-16,Tecnologia,Smartwatch,2,399309,78106
3061,334,2024-03-27,Hogar,Cortinas,3,226670,76236
3069,335,2024-11-02,Tecnologia,Tablet,1,246009,48965
3073,335,2024-11-03,Vestuario,Calcetines,3,104127,31223
3080,335,2024-11-18,Vestuario,Jeans,1,26839,8881
3075,335,2024-12-03,Tecnologia,Tablet,1,205202,44902
3077,335,2024-12-21,Deportes,Pesas,2,49000,13346
3070,335,2024-12-23,Electrodomesticos,Licuadora,2,373765,52958
3072,335,2024-12-23,Tecnologia,Smartphone,1,227281,49022
3079,335,2024-12-23,Electrodomesticos,Refrigerador,1,226756,31089
3074,335,2024-12-25,Deportes,Balon,2,134289,35761
3076,335,2024-12-27,Hogar,Cafetera,4,426780,126189
3078,335,2024-12-28,Hogar,Alfombra,2,256811,68560
3071,335,2024-12-29,Electrodomesticos,Aspiradora,3,445412,67882
3081,336,2024-11-28,Hogar,Sofa,1,131565,29400
3091,336,2024-12-07,Electrodomesticos,Secadora,1,286568,39312
3082,336,2024-12-09,Electrodomesticos,Horno,2,155793,25162
3088,336,2024-12-10,Electrodomesticos,Secadora,1,125315,22215
3085,336,2024-12-20,Electrodomesticos,Licuadora,2,438868,62439
3092,336,2024-12-24,Tecnologia,Mouse,1,335111,72979
3086,336,2024-12-25,Tecnologia,Teclado,1,77000,12801
3089,336,2024-12-27,Hogar,Sofa,2,162905,43129
3087,336,2024-12-29,Electrodomesticos,Purificador,1,207733,32656
3084,336,2024-12-30,Tecnologia,Audifonos,1,128350,18695
3090,336,2024-12-30,Vestuario,Polera,2,115408,37171
3083,336,2024-12-31,Hogar,Cafetera,1,131610,30854
3093,337,2024-03-30,Electrodomesticos,Purificador,1,252174,44282
3094,337,2024-04-11,Hogar,Alfombra,1,88878,25310
3096,337,2024-04-23,Hogar,Mesa,3,303668,89623
3097,337,2024-05-03,Electrodomesticos,Refrigerador,1,188751,31693
3102,337,2024-05-22,Hogar,Organizador,5,594402,158098
3095,337,2024-05-24,Vestuario,Pantalon,3,73519,22019
3099,337,2024-05-31,Tecnologia,Smartphone,3,780087,166461
3101,337,2024-06-02,Vestuario,Zapatillas,1,33240,12466
3098,337,2024-07-18,Electrodomesticos,Horno,1,163086,32501
3100,337,2024-09-21,Hogar,Organizador,1,52312,14638
3103,338,2023-04-28,Vestuario,Gorro,4,178320,61813
3111,338,2023-04-29,Vestuario,Buzo,2,183208,68956
3104,338,2023-05-15,Electrodomesticos,Horno,1,149978,26472
3114,338,2023-05-24,Hogar,Sofa,1,130673,36046
3108,338,2023-06-01,Deportes,Botella,4,165951,45583
3113,338,2023-06-24,Tecnologia,Impresora,1,163159,36282
3110,338,2023-06-30,Electrodomesticos,Plancha,4,928300,163032
3112,338,2023-07-14,Hogar,Cafetera,3,283090,64215
3105,338,2023-07-15,Deportes,Casco,1,36513,10929
3109,338,2023-11-22,Vestuario,Jeans,1,64636,24018
3106,338,2024-06-23,Tecnologia,Notebook,1,173798,32851
3107,338,2024-12-23,Vestuario,Gorro,2,63805,24428
3115,339,2024-11-25,Hogar,Silla,1,107516,31243
3119,339,2024-12-09,Deportes,Poleron,3,197189,49154
3117,339,2024-12-23,Hogar,Lampara,1,112189,26662
3120,339,2024-12-23,Tecnologia,Tablet,1,157087,27312
3116,339,2024-12-24,Vestuario,Pantalon,4,165514,51678
3121,339,2024-12-24,Tecnologia,Smartwatch,2,455590,82132
3122,339,2024-12-25,Vestuario,Polera,2,23387,7461
3123,339,2024-12-27,Electrodomesticos,Cocina,1,189326,26860
3124,339,2024-12-28,Tecnologia,Teclado,1,208438,39649
3118,339,2024-12-29,Hogar,Cafetera,1,121454,32508
3125,340,2023-03-19,Hogar,Mesa,1,147289,38702
3128,340,2023-04-01,Vestuario,Buzo,2,44158,14429
3127,340,2023-05-02,Deportes,Raqueta,2,232210,93722
3130,340,2023-05-07,Tecnologia,Audifonos,1,94281,17306
3126,340,2023-05-24,Hogar,Organizador,4,167723,46818
3129,340,2023-06-02,Vestuario,Gorro,4,183844,64847
3134,340,2023-07-09,Deportes,Short,1,64863,20875
3131,340,2023-12-04,Vestuario,Zapatillas,3,36263,12547
3133,340,2023-12-28,Tecnologia,Audifonos,1,144299,27132
3132,340,2024-05-30,Tecnologia,Smartwatch,2,475819,96512
3135,341,2023-08-31,Tecnologia,Tablet,3,692919,137111
3139,341,2023-09-15,Tecnologia,Monitor,1,321593,57302
3138,341,2023-10-05,Hogar,Sofa,2,215985,56740
3136,341,2023-10-20,Tecnologia,Router,1,263580,54783
3140,341,2024-05-10,Electrodomesticos,Licuadora,2,126000,22207
3137,341,2024-08-21,Deportes,Colchoneta,1,85097,27659
3141,342,2022-04-14,Electrodomesticos,Microondas,2,497658,81145
3147,342,2022-05-03,Electrodomesticos,Purificador,1,215339,40925
3146,342,2022-05-09,Deportes,Balon,1,90872,25667
3148,342,2022-05-13,Hogar,Alfombra,2,208001,64276
3143,342,2022-06-18,Deportes,Bicicleta,1,67980,21878
3144,342,2022-07-04,Tecnologia,Teclado,5,1199772,236599
3145,342,2022-07-08,Vestuario,Pantalon,2,85510,21913
3142,342,2022-10-02,Electrodomesticos,Horno,1,172006,34729
3149,343,2023-06-10,Hogar,Mesa,3,240769,72264
3155,343,2023-06-16,Electrodomesticos,Licuadora,1,64661,11122
3152,343,2023-07-08,Tecnologia,Monitor,1,282238,46499
3154,343,2023-07-23,Deportes,Short,1,66217,18384
3153,343,2023-09-24,Hogar,Termo,1,92192,24958
3151,343,2023-10-14,Tecnologia,Tablet,3,842366,123075
3150,343,2024-02-06,Vestuario,Camisa,3,32568,12588
3156,344,2024-09-26,Tecnologia,Mouse,2,737597,160405
3163,344,2024-09-27,Vestuario,Polera,1,40920,12644
3157,344,2024-11-05,Deportes,Poleron,1,70315,19635
3167,344,2024-12-16,Vestuario,Zapatillas,1,50421,17701
3162,344,2024-12-17,Deportes,Balon,3,201481,62410
3159,344,2024-12-21,Deportes,Balon,1,75283,21369
3161,344,2024-12-21,Vestuario,Jeans,2,53033,15613
3164,344,2024-12-22,Tecnologia,Notebook,2,494720,83315
3165,344,2024-12-22,Vestuario,Polera,3,78448,21260
3166,344,2024-12-24,Deportes,Bicicleta,4,306485,78655
3158,344,2024-12-28,Vestuario,Chaqueta,1,43682,12677
3160,344,2024-12-29,Vestuario,Buzo,3,88932,28141
3168,345,2023-03-07,Tecnologia,Teclado,3,955656,160335
3177,345,2023-03-08,Tecnologia,Notebook,2,191171,44773
3170,345,2023-04-08,Hogar,Alfombra,1,124777,39538
3169,345,2023-04-15,Vestuario,Vestido,3,163115,65241
3175,345,2023-05-16,Tecnologia,Smartphone,2,733636,137756
3174,345,2023-05-24,Electrodomesticos,Secadora,1,217477,29650
3176,345,2023-09-01,Vestuario,Zapatillas,1,56129,23819
3173,345,2023-11-04,Tecnologia,Tablet,1,337093,60385
3171,345,2023-12-09,Tecnologia,Router,2,306246,63583
3172,345,2024-04-20,Electrodomesticos,Secadora,3,263677,41674
3178,346,2024-06-13,Tecnologia,Tablet,3,833139,170019
3184,346,2024-06-13,Tecnologia,Notebook,1,292216,64258
3183,346,2024-06-29,Vestuario,Chaqueta,3,186612,66905
3186,346,2024-07-10,Vestuario,Gorro,1,61448,23032
3188,346,2024-07-20,Tecnologia,Tablet,3,902960,206747
3181,346,2024-08-02,Hogar,Sofa,2,163114,39727
3179,346,2024-08-04,Hogar,Cafetera,1,49421,12865
3182,346,2024-08-18,Tecnologia,Teclado,3,343826,64940
3185,346,2024-09-20,Vestuario,Chaqueta,1,22542,6711
3180,346,2024-11-08,Vestuario,Pantalon,1,22363,7537
3187,346,2024-12-29,Tecnologia,Tablet,1,96039,16452
3189,347,2023-01-14,Deportes,Poleron,1,63297,19260
3192,347,2023-01-16,Hogar,Cafetera,2,140118,38610
3191,347,2023-02-27,Vestuario,Polera,1,43081,17055
3194,347,2023-03-17,Hogar,Sofa,2,272840,64255
3193,347,2023-03-18,Electrodomesticos,Microondas,1,136538,17204
3190,347,2023-05-22,Hogar,Alfombra,1,82149,25529
3195,348,2023-05-14,Tecnologia,Router,3,448709,82214
3202,348,2023-05-14,Vestuario,Polera,1,30828,10784
3205,348,2023-06-01,Hogar,Cafetera,2,144790,42170
3207,348,2023-06-26,Deportes,Botella,3,341429,105672
3196,348,2023-06-29,Vestuario,Calcetines,2,58049,21368
3208,348,2023-08-03,Deportes,Bicicleta,1,73731,21536
3206,348,2023-08-09,Tecnologia,Impresora,1,169447,28060
3198,348,2023-08-16,Electrodomesticos,Purificador,2,507667,100230
3199,348,2023-09-07,Tecnologia,Audifonos,1,273341,48066
3201,348,2023-09-07,Vestuario,Calcetines,2,81844,22894
3200,348,2023-11-22,Vestuario,Jeans,2,114991,34111
3197,348,2023-12-17,Electrodomesticos,Licuadora,2,384576,61068
3204,348,2024-04-25,Electrodomesticos,Cocina,1,82826,12896
3203,348,2024-12-22,Vestuario,Vestido,1,15341,5424
3209,349,2022-05-25,Vestuario,Chaqueta,2,126877,39373
3211,349,2022-06-09,Electrodomesticos,Licuadora,4,579040,96913
3212,349,2022-06-16,Deportes,Botella,3,420000,124484
3213,349,2023-02-03,Hogar,Alfombra,1,31500,9882
3210,349,2023-02-11,Vestuario,Jeans,3,188732,71880
3214,350,2022-11-28,Hogar,Termo,4,226385,53816
3216,350,2023-01-14,Vestuario,Gorro,1,41178,13738
3218,350,2023-02-22,Electrodomesticos,Microondas,1,217250,41462
3217,350,2023-03-15,Tecnologia,Monitor,1,215938,45471
3215,350,2023-05-10,Vestuario,Jeans,2,128573,48839
3219,350,2023-05-29,Electrodomesticos,Licuadora,2,235846,34345
3220,351,2022-09-09,Tecnologia,Impresora,5,1117024,239997
3225,351,2022-09-11,Tecnologia,Audifonos,2,411564,84620
3229,351,2022-11-11,Hogar,Mesa,3,373523,93828
3221,351,2022-12-21,Hogar,Alfombra,1,115266,23955
3231,351,2023-01-20,Tecnologia,Router,2,468449,82975
3230,351,2023-03-20,Hogar,Lampara,1,88442,25560
3222,351,2023-05-08,Hogar,Hervidor,2,163124,47466
3227,351,2023-05-09,Hogar,Cortinas,1,88905,25214
3228,351,2023-06-17,Deportes,Balon,1,74485,19551
3226,351,2023-09-26,Deportes,Guantes,1,59112,18875
3223,351,2023-11-27,Vestuario,Camisa,1,65020,22340
3224,351,2024-02-12,Deportes,Raqueta,1,37673,8822
3232,352,2024-05-04,Tecnologia,Mouse,2,503425,90216
3233,352,2024-05-05,Deportes,Guantes,1,68392,19762
3238,352,2024-06-19,Hogar,Organizador,1,46433,16242
3237,352,2024-06-23,Electrodomesticos,Cocina,1,275678,36725
3236,352,2024-07-02,Deportes,Bicicleta,3,122894,39219
3235,352,2024-07-10,Electrodomesticos,Aspiradora,2,200242,36701
3239,352,2024-10-13,Hogar,Lampara,2,154382,46548
3234,352,2024-12-02,Hogar,Mesa,3,356159,84866
3240,353,2023-06-10,Tecnologia,Audifonos,3,874620,167596
3244,353,2023-06-19,Vestuario,Vestido,1,29120,12538
3247,353,2023-06-30,Tecnologia,Tablet,1,282090,61993
3245,353,2023-07-07,Hogar,Termo,2,126714,27092
3241,353,2023-08-11,Electrodomesticos,Microondas,3,525646,104651
3242,353,2023-09-11,Hogar,Lampara,1,95014,24535
3246,353,2024-04-28,Deportes,Balon,1,75584,22482
3243,353,2024-05-02,Hogar,Lampara,1,45342,11114
3248,354,2024-09-03,Tecnologia,Impresora,1,244009,51806
3252,354,2024-09-09,Deportes,Colchoneta,1,74018,22355
3257,354,2024-09-18,Hogar,Cafetera,1,60609,16742
3258,354,2024-10-01,Hogar,Cortinas,2,170334,48776
3255,354,2024-10-29,Vestuario,Calcetines,1,27728,10349
3253,354,2024-11-09,Vestuario,Polera,2,164671,59924
3251,354,2024-11-15,Hogar,Organizador,1,68104,17846
3256,354,2024-11-26,Vestuario,Camisa,3,72117,25344
3249,354,2024-12-21,Vestuario,Polera,4,108649,36083
3254,354,2024-12-30,Hogar,Alfombra,3,180056,58173
3250,354,2024-12-31,Electrodomesticos,Refrigerador,1,227312,37180
3259,355,2023-05-20,Deportes,Guantes,1,72330,21241
3260,355,2023-05-24,Deportes,Raqueta,1,78309,26609
3262,355,2023-09-27,Tecnologia,Router,5,1256497,201889
3261,355,2023-12-10,Vestuario,Polera,2,130874,38077
3263,356,2023-01-20,Tecnologia,Smartphone,1,335227,58554
3269,356,2023-02-09,Deportes,Short,2,119539,32771
3268,356,2023-02-15,Electrodomesticos,Licuadora,1,92323,15976
3266,356,2023-03-09,Deportes,Colchoneta,1,64547,17824
3267,356,2023-05-04,Electrodomesticos,Secadora,2,480797,99049
3264,356,2023-05-16,Electrodomesticos,Purificador,3,272393,51250
3265,356,2023-10-11,Tecnologia,Impresora,3,655196,142134
3270,357,2023-05-02,Deportes,Guantes,2,92880,35107
3279,357,2023-05-17,Hogar,Alfombra,3,253815,79899
3274,357,2023-06-14,Vestuario,Zapatillas,4,163259,74248
3272,357,2023-06-29,Deportes,Casco,1,92912,27677
3273,357,2023-07-11,Tecnologia,Monitor,2,330210,60236
3280,357,2023-08-04,Tecnologia,Tablet,2,359063,73966
3271,357,2023-09-14,Deportes,Pesas,2,151257,56926
3278,357,2023-09-24,Hogar,Cafetera,2,180052,52718
3281,357,2023-10-06,Hogar,Hervidor,2,121482,33802
3277,357,2023-11-28,Electrodomesticos,Purificador,1,147476,25452
3275,357,2024-06-07,Vestuario,Buzo,1,16965,5488
3276,357,2024-09-10,Deportes,Casco,1,44086,12031
3282,358,2024-09-22,Electrodomesticos,Plancha,1,176440,26607
3287,358,2024-10-13,Hogar,Cafetera,1,76544,23891
3283,358,2024-12-21,Electrodomesticos,Lavadora,1,147242,25467
3285,358,2024-12-21,Vestuario,Calcetines,1,24257,8201
3286,358,2024-12-22,Deportes,Balon,1,88218,23859
3284,358,2024-12-28,Deportes,Casco,1,74924,20087
3288,359,2023-11-24,Electrodomesticos,Secadora,1,228346,39811
3289,359,2023-12-16,Deportes,Colchoneta,1,88554,25208
3291,359,2024-01-10,Electrodomesticos,Plancha,1,186549,28948
3290,359,2024-04-09,Hogar,Cafetera,2,160953,46822
3292,360,2024-05-18,Electrodomesticos,Refrigerador,2,323345,56037
3293,360,2024-05-19,Vestuario,Zapatillas,1,57534,20481
3294,360,2024-08-15,Deportes,Casco,1,77918,26064
3295,360,2024-12-29,Vestuario,Vestido,2,117924,32622
3296,361,2023-04-15,Deportes,Botella,2,172803,47436
3300,361,2023-04-24,Electrodomesticos,Horno,1,122014,27775
3301,361,2023-05-27,Vestuario,Chaqueta,1,65711,25939
3297,361,2023-06-06,Electrodomesticos,Cocina,1,263016,39664
3303,361,2023-06-06,Electrodomesticos,Microondas,2,512355,105419
3299,361,2023-06-24,Electrodomesticos,Horno,2,201594,33610
3298,361,2023-07-25,Tecnologia,Monitor,1,242736,52075
3302,361,2023-10-22,Electrodomesticos,Secadora,4,611174,105403
3304,362,2022-04-04,Hogar,Lampara,1,86671,18803
3310,362,2022-04-06,Deportes,Colchoneta,1,72119,25360
3311,362,2022-06-16,Electrodomesticos,Lavadora,2,510283,93196
3305,362,2022-07-03,Vestuario,Jeans,3,56570,20884
3308,362,2022-07-07,Tecnologia,Monitor,1,219896,50772
3307,362,2022-07-10,Tecnologia,Impresora,1,199817,38244
3306,362,2023-03-03,Vestuario,Vestido,1,49824,18700
3309,362,2023-07-29,Deportes,Raqueta,3,199619,71390
3312,363,2022-11-22,Tecnologia,Tablet,2,347996,64110
3316,363,2022-12-06,Hogar,Alfombra,4,331582,82240
3314,363,2022-12-09,Hogar,Silla,1,112715,30742
3320,363,2022-12-14,Vestuario,Camisa,2,114135,37282
3318,363,2022-12-19,Vestuario,Chaqueta,1,15877,4531
3315,363,2022-12-25,Hogar,Termo,4,309678,84054
3313,363,2022-12-28,Hogar,Lampara,1,66159,18560
3322,363,2023-01-25,Electrodomesticos,Secadora,2,291285,57405
3324,363,2023-01-25,Electrodomesticos,Secadora,1,93930,17710
3317,363,2023-02-16,Tecnologia,Teclado,1,310390,64890
3323,363,2023-04-04,Tecnologia,Notebook,2,154000,35862
3319,363,2023-07-18,Tecnologia,Tablet,3,1026060,187350
3321,363,2023-11-15,Tecnologia,Smartwatch,1,295947,56562
3325,364,2024-09-12,Tecnologia,Mouse,2,438873,88412
3327,364,2024-09-14,Vestuario,Vestido,4,55550,18199
3331,364,2024-09-19,Deportes,Short,1,56316,19135
3328,364,2024-10-04,Hogar,Termo,1,85619,19775
3330,364,2024-10-18,Electrodomesticos,Refrigerador,1,275716,62746
3329,364,2024-12-22,Electrodomesticos,Refrigerador,1,202454,24999
3326,364,2024-12-26,Hogar,Silla,2,192493,50387
3332,365,2023-07-13,Deportes,Botella,1,87228,25949
3334,365,2023-08-10,Electrodomesticos,Purificador,4,918215,178296
3336,365,2023-08-13,Vestuario,Vestido,2,83156,27979
3337,365,2023-09-05,Hogar,Sofa,4,259196,69477
3335,365,2023-09-12,Hogar,Organizador,1,88803,21915
3338,365,2023-09-18,Hogar,Hervidor,1,91892,28108
3333,365,2023-09-21,Tecnologia,Teclado,1,107717,22048
3339,366,2023-01-14,Deportes,Bicicleta,3,150463,41623
3341,366,2023-01-20,Deportes,Bicicleta,1,90399,24534
3343,366,2023-01-20,Electrodomesticos,Horno,2,311405,61389
3349,366,2023-01-29,Deportes,Raqueta,1,88575,28870
3347,366,2023-02-04,Electrodomesticos,Plancha,1,299457,55970
3352,366,2023-02-13,Electrodomesticos,Refrigerador,2,468407,92901
3350,366,2023-02-14,Hogar,Silla,2,114506,32630
3345,366,2023-02-17,Vestuario,Zapatillas,1,43382,13264
3355,366,2023-02-17,Deportes,Raqueta,1,42904,12919
3344,366,2023-02-28,Electrodomesticos,Secadora,1,114211,22672
3353,366,2023-02-28,Deportes,Guantes,1,81738,23727
3346,366,2023-04-09,Hogar,Alfombra,1,110803,31311
3351,366,2023-04-12,Vestuario,Polera,1,13164,4420
3340,366,2023-06-05,Electrodomesticos,Lavadora,1,162544,33965
3354,366,2023-09-11,Vestuario,Zapatillas,4,69487,24358
3342,366,2023-12-01,Tecnologia,Router,1,347647,68204
3348,366,2024-04-13,Vestuario,Calcetines,1,24760,9070
3356,367,2023-04-20,Tecnologia,Notebook,1,258570,56259
3365,367,2023-04-21,Electrodomesticos,Refrigerador,1,199364,38671
3367,367,2023-04-24,Electrodomesticos,Cocina,1,219467,35881
3359,367,2023-06-19,Tecnologia,Smartphone,1,317820,72998
3364,367,2023-06-24,Tecnologia,Audifonos,1,174728,38462
3366,367,2023-07-07,Hogar,Hervidor,1,68487,17034
3360,367,2023-08-08,Hogar,Sofa,3,245593,60882
3358,367,2023-09-12,Electrodomesticos,Refrigerador,1,269768,39165
3357,367,2023-10-22,Vestuario,Zapatillas,4,235432,81743
3362,367,2023-12-22,Hogar,Termo,1,98256,24623
3368,367,2024-01-31,Vestuario,Vestido,1,36712,12648
3361,367,2024-05-10,Tecnologia,Tablet,3,486947,102424
3363,367,2024-05-14,Hogar,Cafetera,3,309822,88229
3369,368,2024-11-18,Electrodomesticos,Horno,1,126132,23114
3371,368,2024-11-22,Deportes,Casco,1,55504,16848
3374,368,2024-11-24,Deportes,Colchoneta,3,292031,77042
3373,368,2024-12-10,Hogar,Termo,1,130005,38353
3370,368,2024-12-23,Vestuario,Zapatillas,2,50728,16151
3375,368,2024-12-25,Deportes,Casco,1,79440,22840
3372,368,2024-12-27,Hogar,Termo,1,77892,23366
3376,369,2023-08-06,Vestuario,Chaqueta,2,48372,16240
3380,369,2023-08-17,Vestuario,Pantalon,5,405541,172169
3379,369,2023-08-30,Deportes,Short,4,233955,76269
3378,369,2023-09-09,Hogar,Lampara,1,74949,25210
3381,369,2023-11-05,Deportes,Short,3,195604,42830
3377,369,2024-03-27,Deportes,Balon,1,60841,18079
3382,370,2022-12-25,Hogar,Lampara,2,133002,32386
3386,370,2023-01-21,Electrodomesticos,Horno,1,181484,38115
3394,370,2023-02-20,Tecnologia,Mouse,2,389973,103017
3384,370,2023-03-01,Vestuario,Calcetines,1,57083,18652
3388,370,2023-03-01,Electrodomesticos,Horno,2,126000,23249
3390,370,2023-03-02,Hogar,Silla,1,62378,18823
3389,370,2023-03-20,Hogar,Hervidor,1,51823,16190
3391,370,2023-04-07,Electrodomesticos,Plancha,3,419252,74056
3392,370,2023-04-11,Deportes,Pesas,2,76158,21240
3385,370,2023-04-18,Tecnologia,Teclado,1,300752,71910
3387,370,2023-04-22,Tecnologia,Impresora,2,623894,115858
3383,370,2023-05-26,Hogar,Lampara,3,369030,89441
3393,370,2023-08-04,Hogar,Lampara,1,110405,36784
3395,371,2023-01-15,Deportes,Poleron,2,150776,49211
3396,371,2023-03-25,Deportes,Guantes,2,49000,14578
3397,371,2023-03-26,Electrodomesticos,Microondas,2,437774,81106
3398,371,2023-06-04,Tecnologia,Teclado,1,366215,76187
3399,372,2022-01-14,Tecnologia,Router,1,181644,39341
3403,372,2022-02-27,Tecnologia,Router,2,880000,193634
3401,372,2022-03-15,Hogar,Mesa,1,118249,38077
3406,372,2022-04-11,Tecnologia,Router,2,551587,110862
3400,372,2022-06-02,Electrodomesticos,Lavadora,6,506765,99502
3405,372,2022-06-28,Hogar,Silla,1,98205,24630
3402,372,2022-08-08,Deportes,Guantes,1,44170,13017
3408,372,2022-09-30,Tecnologia,Mouse,4,1044275,203942
3407,372,2022-11-24,Tecnologia,Router,1,240844,39358
3404,372,2023-02-10,Deportes,Poleron,2,111177,30662
3409,373,2022-05-13,Electrodomesticos,Plancha,1,96573,15909
3412,373,2022-05-22,Electrodomesticos,Lavadora,1,274780,44410
3414,373,2022-05-24,Hogar,Organizador,2,187228,55634
3418,373,2022-05-24,Tecnologia,Monitor,1,328884,53437
3419,373,2022-05-27,Electrodomesticos,Microondas,1,194413,29089
3411,373,2022-06-06,Hogar,Organizador,1,118689,28896
3415,373,2022-07-21,Electrodomesticos,Purificador,1,272372,56258
3416,373,2022-09-02,Deportes,Casco,1,59055,16714
3413,373,2022-09-09,Electrodomesticos,Lavadora,4,954514,137292
3420,373,2022-09-09,Tecnologia,Notebook,4,1323094,312306
3417,373,2022-11-15,Electrodomesticos,Microondas,2,294000,54617
3410,373,2023-01-11,Tecnologia,Monitor,1,312033,55260
3421,374,2023-11-06,Hogar,Hervidor,3,211238,64613
3422,374,2023-11-17,Tecnologia,Smartwatch,1,173549,31989
3424,374,2023-11-19,Electrodomesticos,Lavadora,1,200370,39068
3423,374,2024-01-26,Electrodomesticos,Horno,1,131446,18090
3426,374,2024-03-16,Vestuario,Pantalon,2,52954,16311
3425,374,2024-03-28,Vestuario,Jeans,3,200959,70304
3427,375,2024-06-10,Vestuario,Chaqueta,1,23432,9943
3439,375,2024-06-21,Vestuario,Polera,1,62454,24424
3434,375,2024-06-24,Tecnologia,Teclado,1,181872,38664
3438,375,2024-06-24,Deportes,Balon,3,248501,67898
3430,375,2024-06-26,Tecnologia,Monitor,1,200528,32415
3428,375,2024-07-18,Hogar,Sofa,1,35646,8866
3431,375,2024-07-18,Tecnologia,Audifonos,2,316723,69493
3437,375,2024-07-28,Vestuario,Jeans,3,174148,64447
3436,375,2024-08-11,Hogar,Hervidor,1,36077,7462
3432,375,2024-09-03,Vestuario,Calcetines,1,85122,32557
3435,375,2024-10-08,Hogar,Lampara,1,78397,20138
3433,375,2024-10-19,Deportes,Pesas,3,283818,78803
3429,375,2024-12-26,Deportes,Raqueta,2,190046,50066
3440,376,2023-03-24,Electrodomesticos,Purificador,2,515506,89824
3442,376,2023-03-30,Vestuario,Zapatillas,1,29800,10814
3448,376,2023-04-20,Electrodomesticos,Plancha,2,387312,56330
3441,376,2023-05-01,Electrodomesticos,Plancha,1,63000,11333
3445,376,2023-05-10,Vestuario,Chaqueta,1,54449,21007
3447,376,2023-07-11,Deportes,Botella,1,77324,20526
3444,376,2023-07-21,Tecnologia,Smartwatch,2,407015,90688
3443,376,2023-08-21,Deportes,Poleron,2,137319,46813
3446,376,2023-09-11,Deportes,Bicicleta,3,157543,37288
3449,377,2023-03-29,Hogar,Hervidor,1,58329,14702
3450,377,2023-06-03,Vestuario,Jeans,2,76597,18766
3452,377,2023-10-11,Tecnologia,Tablet,5,1180245,221009
3451,377,2024-09-12,Deportes,Pesas,2,85775,24161
3453,378,2024-02-28,Deportes,Bicicleta,2,109349,31516
3454,378,2024-04-23,Vestuario,Pantalon,1,26116,10458
3455,378,2024-04-26,Vestuario,Camisa,1,30745,10358
3457,378,2024-05-01,Tecnologia,Smartwatch,3,705774,155387
3459,378,2024-06-14,Hogar,Alfombra,1,123998,33945
3458,378,2024-07-18,Deportes,Raqueta,4,267835,83101
3456,378,2024-07-23,Vestuario,Gorro,1,51727,16051
3460,378,2024-11-15,Tecnologia,Impresora,5,926832,188513
3461,378,2024-12-23,Vestuario,Pantalon,4,162990,47447
3462,379,2022-02-12,Electrodomesticos,Lavadora,1,188992,34072
3467,379,2022-02-12,Hogar,Hervidor,1,116725,30840
3465,379,2022-02-18,Deportes,Raqueta,2,175400,52288
3475,379,2022-02-18,Hogar,Alfombra,2,181568,38893
3470,379,2022-04-07,Tecnologia,Smartwatch,3,1134007,291536
3463,379,2022-04-16,Deportes,Short,1,40129,13345
3472,379,2022-04-29,Electrodomesticos,Microondas,3,749593,132385
3469,379,2022-05-03,Deportes,Pesas,1,65721,20911
3471,379,2022-06-03,Hogar,Hervidor,5,519382,134672
3474,379,2022-07-22,Electrodomesticos,Refrigerador,2,294318,46213
3473,379,2022-09-30,Hogar,Hervidor,1,125402,34913
3464,379,2022-10-30,Electrodomesticos,Secadora,3,297889,59318
3476,379,2023-01-07,Deportes,Balon,3,144386,46764
3466,379,2024-01-24,Tecnologia,Monitor,2,257008,42535
3468,379,2024-02-20,Vestuario,Calcetines,4,58820,21056
3477,380,2024-03-18,Vestuario,Zapatillas,3,70596,25396
3478,380,2024-06-04,Electrodomesticos,Refrigerador,2,467768,95599
3479,380,2024-06-12,Vestuario,Polera,1,28784,11721
3481,380,2024-09-19,Hogar,Sofa,2,119115,38344
3480,380,2024-12-23,Hogar,Organizador,3,148355,36618
3482,381,2023-06-16,Electrodomesticos,Cocina,1,265709,51957
3485,381,2023-06-25,Deportes,Short,1,60470,16814
3484,381,2023-06-28,Electrodomesticos,Lavadora,2,225805,28451
3488,381,2023-07-06,Deportes,Casco,2,138548,39362
3483,381,2023-07-08,Hogar,Hervidor,2,133057,29042
3486,381,2023-09-30,Hogar,Silla,2,225018,51994
3489,381,2023-12-27,Deportes,Short,1,90393,31869
3487,381,2024-01-06,Electrodomesticos,Licuadora,3,452089,84890
3490,382,2022-05-08,Electrodomesticos,Licuadora,4,703997,115001
3493,382,2022-08-21,Tecnologia,Mouse,1,318166,71663
3494,382,2022-08-30,Vestuario,Vestido,2,102576,37878
3492,382,2022-09-22,Electrodomesticos,Horno,1,192778,29854
3491,382,2023-02-11,Tecnologia,Smartphone,1,212811,46676
3495,382,2023-03-20,Electrodomesticos,Cocina,2,615865,118963
3496,383,2023-04-18,Tecnologia,Mouse,2,461273,107882
3498,383,2023-05-01,Tecnologia,Notebook,1,273964,57003
3501,383,2023-05-23,Tecnologia,Mouse,5,1146586,260367
3497,383,2023-06-12,Electrodomesticos,Refrigerador,1,186350,32544
3500,383,2024-01-06,Tecnologia,Impresora,1,325171,60802
3502,383,2024-06-04,Deportes,Guantes,2,183032,57014
3499,383,2024-11-04,Deportes,Botella,1,97881,23263
3503,384,2023-11-11,Deportes,Pesas,2,198226,54494
3506,384,2023-11-22,Tecnologia,Smartphone,2,655806,125107
3511,384,2023-12-11,Tecnologia,Monitor,1,323531,63528
3507,384,2023-12-12,Vestuario,Chaqueta,3,158686,39714
3504,384,2023-12-18,Electrodomesticos,Plancha,4,314535,55043
3505,384,2024-01-03,Deportes,Guantes,1,62438,19963
3508,384,2024-01-12,Tecnologia,Mouse,1,255862,39228
3514,384,2024-01-14,Hogar,Alfombra,3,223337,69120
3512,384,2024-03-22,Vestuario,Jeans,1,36648,11353
3509,384,2024-07-31,Deportes,Colchoneta,1,38986,9258
3513,384,2024-11-21,Hogar,Alfombra,1,105286,30460
3510,384,2024-11-22,Tecnologia,Monitor,1,202534,42137
3515,385,2024-05-22,Tecnologia,Notebook,1,222153,40123
3520,385,2024-05-25,Hogar,Hervidor,1,83651,23343
3517,385,2024-06-26,Tecnologia,Smartphone,1,248234,51387
3522,385,2024-06-27,Tecnologia,Tablet,3,531399,121014
3519,385,2024-08-06,Vestuario,Calcetines,1,26006,7052
3523,385,2024-08-19,Vestuario,Vestido,1,25365,10250
3516,385,2024-08-31,Hogar,Termo,1,105893,34146
3518,385,2024-10-04,Hogar,Cortinas,1,126674,33697
3521,385,2024-12-12,Hogar,Cortinas,4,266175,64875
3524,385,2024-12-23,Electrodomesticos,Horno,2,353707,56504
3525,386,2023-07-10,Hogar,Cortinas,2,86508,19960
3531,386,2023-07-14,Vestuario,Polera,3,160454,48579
3529,386,2023-08-06,Deportes,Balon,1,89881,28709
3530,386,2023-08-22,Tecnologia,Router,2,349086,72608
3535,386,2023-09-03,Tecnologia,Router,1,209271,39148
3526,386,2023-10-06,Hogar,Silla,1,100548,29577
3528,386,2023-10-10,Electrodomesticos,Secadora,2,339010,72077
3532,386,2023-10-11,Electrodomesticos,Aspiradora,1,108361,16744
3534,386,2023-11-29,Tecnologia,Notebook,1,77000,9918
3533,386,2024-01-13,Tecnologia,Tablet,1,307077,57918
3527,386,2024-05-28,Vestuario,Pantalon,2,125346,52608
3536,387,2023-03-12,Hogar,Hervidor,1,117816,32553
3540,387,2023-03-23,Electrodomesticos,Plancha,1,153847,32765
3543,387,2023-03-27,Hogar,Silla,2,235058,73261
3539,387,2023-05-04,Deportes,Botella,2,155472,36730
3542,387,2023-05-17,Tecnologia,Audifonos,1,275623,56795
3538,387,2023-07-30,Deportes,Guantes,3,286443,74785
3537,387,2023-08-21,Deportes,Colchoneta,3,159100,52627
3544,387,2023-10-10,Tecnologia,Tablet,4,630435,154983
3541,387,2024-08-10,Deportes,Poleron,1,69637,20565
3545,388,2023-12-30,Deportes,Short,2,76452,24139
3549,388,2024-01-18,Tecnologia,Impresora,1,156258,30820
3546,388,2024-01-24,Tecnologia,Audifonos,3,884756,163379
3552,388,2024-02-20,Tecnologia,Teclado,3,806695,143068
3551,388,2024-02-28,Electrodomesticos,Lavadora,2,319336,59900
3550,388,2024-03-21,Electrodomesticos,Lavadora,2,379242,61443
3547,388,2024-04-29,Deportes,Casco,1,51819,13995
3548,388,2024-12-23,Vestuario,Jeans,3,134742,43137
3553,388,2024-12-25,Vestuario,Buzo,1,45141,12080
3554,389,2023-01-23,Hogar,Lampara,4,266574,72373
3564,389,2023-01-24,Vestuario,Buzo,1,35571,10527
3563,389,2023-03-04,Vestuario,Jeans,3,91810,26614
3555,389,2023-03-27,Hogar,Mesa,1,114263,33311
3562,389,2023-04-12,Electrodomesticos,Plancha,2,402037,62324
3561,389,2023-04-13,Vestuario,Buzo,1,36346,14463
3559,389,2023-05-13,Electrodomesticos,Cocina,1,239008,44227
3560,389,2023-05-27,Electrodomesticos,Secadora,2,471000,86109
3557,389,2023-07-17,Electrodomesticos,Cocina,1,229062,29435
3556,389,2023-07-19,Tecnologia,Smartphone,1,224532,40631
3558,389,2024-03-05,Vestuario,Calcetines,1,41692,15055
3565,390,2023-08-10,Electrodomesticos,Lavadora,1,200508,43787
3569,390,2023-08-23,Vestuario,Chaqueta,1,43534,17044
3567,390,2023-09-15,Electrodomesticos,Secadora,5,692011,120468
3570,390,2024-02-02,Tecnologia,Impresora,1,143041,32312
3571,390,2024-02-22,Tecnologia,Teclado,2,158913,30583
3568,390,2024-03-11,Hogar,Mesa,2,218607,59184
3566,390,2024-05-06,Tecnologia,Router,1,179939,37251
3572,390,2024-09-14,Hogar,Termo,2,169556,34825
3573,391,2024-02-07,Deportes,Colchoneta,2,153750,58057
3577,391,2024-02-20,Deportes,Casco,1,83430,23502
3581,391,2024-03-10,Hogar,Alfombra,3,342526,98635
3583,391,2024-03-19,Vestuario,Pantalon,1,43700,16099
3585,391,2024-03-28,Electrodomesticos,Horno,1,97254,21271
3576,391,2024-05-02,Electrodomesticos,Licuadora,2,148990,21734
3584,391,2024-05-03,Tecnologia,Tablet,2,425863,93735
3578,391,2024-05-23,Vestuario,Zapatillas,4,182361,62316
3580,391,2024-05-23,Hogar,Organizador,1,39571,10071
3587,391,2024-05-26,Tecnologia,Mouse,1,238962,51378
3579,391,2024-05-28,Vestuario,Vestido,3,75870,30985
3574,391,2024-06-13,Tecnologia,Mouse,2,382574,78712
3582,391,2024-10-08,Tecnologia,Mouse,1,144514,26331
3575,391,2024-12-24,Deportes,Balon,1,51049,14223
3586,391,2024-12-31,Hogar,Lampara,2,128487,28480
3588,392,2022-05-08,Vestuario,Zapatillas,1,37471,13307
3591,392,2022-05-10,Hogar,Organizador,3,284039,102885
3592,392,2022-07-09,Tecnologia,Mouse,3,636850,137789
3589,392,2022-07-14,Vestuario,Jeans,1,42414,13017
3593,392,2022-12-08,Deportes,Botella,2,149298,50398
3590,392,2023-03-22,Tecnologia,Router,3,495668,128977
3594,393,2024-04-10,Vestuario,Jeans,3,120745,39895
3597,393,2024-05-20,Vestuario,Gorro,1,29220,8391
3595,393,2024-06-28,Vestuario,Buzo,1,27558,9993
3596,393,2024-08-01,Deportes,Botella,3,265380,75323
3598,394,2022-02-18,Vestuario,Vestido,1,8751,2542
3602,394,2022-03-22,Electrodomesticos,Secadora,2,126000,24030
3608,394,2022-04-01,Electrodomesticos,Refrigerador,1,149702,25265
3604,394,2022-04-08,Electrodomesticos,Horno,1,172942,25015
3600,394,2022-04-19,Deportes,Poleron,1,73164,22185
3607,394,2022-05-07,Deportes,Raqueta,2,97229,27100
3605,394,2022-06-27,Hogar,Mesa,1,124871,35172
3601,394,2022-10-29,Electrodomesticos,Purificador,1,137980,24141
3606,394,2022-11-16,Deportes,Bicicleta,2,207302,55398
3603,394,2022-12-11,Hogar,Organizador,1,67864,19210
3599,394,2023-07-13,Tecnologia,Mouse,4,782119,130679
3609,395,2024-08-30,Vestuario,Vestido,1,58465,20401
3613,395,2024-08-30,Vestuario,Camisa,3,86309,28760
3611,395,2024-09-17,Tecnologia,Teclado,3,659241,132645
3610,395,2024-09-21,Hogar,Alfombra,2,214317,68759
3618,395,2024-10-14,Hogar,Sofa,3,257663,50513
3619,395,2024-10-17,Electrodomesticos,Purificador,2,155856,29354
3621,395,2024-12-01,Tecnologia,Teclado,5,868534,153966
3617,395,2024-12-22,Electrodomesticos,Licuadora,1,191662,33616
3615,395,2024-12-26,Tecnologia,Monitor,2,483806,92758
3616,395,2024-12-28,Tecnologia,Notebook,1,329141,64398
3614,395,2024-12-29,Vestuario,Chaqueta,1,62417,19755
3620,395,2024-12-30,Electrodomesticos,Lavadora,1,231602,45027
3612,395,2024-12-31,Electrodomesticos,Secadora,5,1041315,151749
3622,396,2022-03-12,Tecnologia,Smartwatch,3,721187,139419
3629,396,2022-03-13,Deportes,Balon,1,77983,23650
3630,396,2022-04-26,Vestuario,Camisa,2,112199,44404
3623,396,2022-06-13,Electrodomesticos,Microondas,1,127774,20229
3626,396,2022-06-23,Vestuario,Pantalon,2,40803,12335
3624,396,2022-07-01,Vestuario,Pantalon,2,77544,28323
3628,396,2022-08-05,Deportes,Poleron,1,98997,30599
3627,396,2022-10-05,Deportes,Balon,1,70732,16775
3625,396,2023-03-27,Tecnologia,Smartwatch,1,196052,47820
3631,397,2024-07-29,Hogar,Termo,1,159708,42482
3637,397,2024-07-31,Deportes,Raqueta,1,103915,31987
3632,397,2024-08-09,Deportes,Raqueta,1,55240,15468
3633,397,2024-08-10,Vestuario,Zapatillas,2,65211,24013
3639,397,2024-08-17,Vestuario,Chaqueta,3,53900,15708
3635,397,2024-08-25,Deportes,Botella,1,111960,34623
3638,397,2024-09-23,Tecnologia,Router,4,392646,70355
3636,397,2024-10-29,Electrodomesticos,Horno,6,432979,91786
3634,397,2024-12-27,Deportes,Pesas,2,145176,39581
3640,398,2022-10-03,Vestuario,Gorro,3,43122,16063
3641,398,2022-11-01,Hogar,Lampara,2,360000,104164
3644,398,2022-11-01,Deportes,Casco,3,185944,47942
3642,398,2022-11-15,Electrodomesticos,Licuadora,2,416574,63092
3643,398,2023-05-08,Hogar,Silla,1,100071,22871
3645,399,2023-12-01,Electrodomesticos,Microondas,2,352493,54779
3646,399,2023-12-01,Tecnologia,Impresora,1,248771,44055
3648,399,2024-02-21,Electrodomesticos,Licuadora,2,240123,45709
3651,399,2024-03-16,Deportes,Bicicleta,1,43313,13618
3649,399,2024-05-02,Electrodomesticos,Cocina,1,63000,12476
3650,399,2024-08-18,Tecnologia,Smartwatch,1,230909,43614
3647,399,2024-10-13,Tecnologia,Monitor,2,409482,83288
3652,400,2024-12-11,Deportes,Casco,1,70100,18517
3659,400,2024-12-17,Vestuario,Polera,5,65957,17552
3665,400,2024-12-21,Hogar,Hervidor,1,86374,22093
3654,400,2024-12-22,Deportes,Colchoneta,1,82004,24524
3662,400,2024-12-23,Deportes,Pesas,1,53240,14768
3653,400,2024-12-24,Electrodomesticos,Refrigerador,2,407781,65484
3656,400,2024-12-24,Tecnologia,Smartwatch,2,589541,111495
3660,400,2024-12-25,Tecnologia,Mouse,3,654158,118529
3661,400,2024-12-28,Deportes,Short,2,100725,27995
3664,400,2024-12-28,Deportes,Botella,1,73540,24184
3658,400,2024-12-29,Tecnologia,Mouse,2,201559,43158
3655,400,2024-12-30,Tecnologia,Smartphone,2,542547,90031
3663,400,2024-12-30,Electrodomesticos,Refrigerador,1,298378,58978
3657,400,2024-12-31,Electrodomesticos,Secadora,5,1165882,159879
3666,401,2024-02-19,Hogar,Termo,1,87300,24539
3673,401,2024-02-29,Vestuario,Pantalon,2,112998,33184
3668,401,2024-04-07,Tecnologia,Tablet,2,465821,108651
3675,401,2024-04-08,Deportes,Botella,3,288325,100282
3667,401,2024-04-24,Hogar,Lampara,2,222069,72636
3671,401,2024-06-18,Electrodomesticos,Horno,4,645141,138297
3669,401,2024-06-22,Hogar,Organizador,1,110423,31383
3676,401,2024-06-27,Deportes,Botella,1,73863,22012
3672,401,2024-09-23,Vestuario,Pantalon,1,39824,12099
3677,401,2024-10-04,Deportes,Raqueta,1,53883,15114
3670,401,2024-12-12,Tecnologia,Monitor,2,361811,61086
3674,401,2024-12-30,Hogar,Alfombra,1,31500,8500
3678,402,2023-08-03,Deportes,Raqueta,1,67408,21380
3687,402,2023-08-19,Vestuario,Chaqueta,1,44653,17400
3681,402,2023-08-27,Tecnologia,Impresora,1,204019,45379
3685,402,2023-08-28,Deportes,Short,3,241172,72326
3682,402,2023-08-29,Electrodomesticos,Secadora,1,216741,40728
3691,402,2023-09-10,Electrodomesticos,Refrigerador,2,517882,109794
3692,402,2023-09-19,Electrodomesticos,Aspiradora,1,208343,48579
3686,402,2023-10-06,Deportes,Guantes,2,85715,25931
3688,402,2023-10-07,Electrodomesticos,Aspiradora,1,101300,16861
3683,402,2023-10-27,Hogar,Termo,1,121130,39953
3689,402,2024-01-25,Deportes,Pesas,1,65370,20048
3680,402,2024-02-14,Hogar,Organizador,1,143892,34353
3684,402,2024-03-29,Vestuario,Polera,4,294648,110501
3690,402,2024-04-01,Tecnologia,Tablet,2,570816,126333
3679,402,2024-05-29,Hogar,Cortinas,1,31641,6414
3693,403,2022-08-27,Hogar,Organizador,2,119903,38043
3694,403,2022-09-02,Hogar,Silla,1,42538,10159
3698,403,2022-09-05,Deportes,Colchoneta,1,50792,17652
3696,403,2022-10-13,Tecnologia,Router,4,1180165,239196
3695,403,2022-10-17,Tecnologia,Monitor,4,923307,206379
3701,403,2022-11-25,Electrodomesticos,Plancha,3,272691,42215
3699,403,2023-01-13,Tecnologia,Audifonos,2,280748,51662
3700,403,2023-11-06,Hogar,Hervidor,1,146542,40795
3697,403,2024-09-04,Vestuario,Zapatillas,1,69625,22379
3702,404,2022-02-27,Vestuario,Polera,2,45430,15752
3703,404,2022-03-13,Tecnologia,Mouse,1,178521,35003
3708,404,2022-03-19,Electrodomesticos,Refrigerador,1,144630,29262
3707,404,2022-03-21,Hogar,Cafetera,1,132083,37526
3706,404,2022-05-12,Hogar,Alfombra,1,66401,22480
3705,404,2022-07-03,Vestuario,Camisa,1,21990,6846
3704,404,2022-11-05,Hogar,Alfombra,2,107400,26663
3709,405,2023-05-03,Vestuario,Pantalon,2,167990,52624
3713,405,2023-05-05,Electrodomesticos,Lavadora,2,291318,51259
3712,405,2023-05-20,Deportes,Pesas,1,46968,16259
3711,405,2023-12-20,Deportes,Botella,1,85362,24641
3710,405,2024-12-28,Tecnologia,Audifonos,1,238252,43378
3714,406,2023-12-08,Electrodomesticos,Horno,1,134546,25253
3715,406,2023-12-14,Deportes,Raqueta,1,37080,9753
3716,406,2024-02-20,Hogar,Cortinas,1,59586,15643
3717,406,2024-05-21,Deportes,Bicicleta,2,212694,50985
3718,406,2024-06-09,Vestuario,Pantalon,2,160889,45700
3719,406,2024-12-26,Tecnologia,Mouse,2,351535,56232
3720,407,2023-01-01,Vestuario,Polera,2,52517,20253
3721,407,2023-01-03,Vestuario,Pantalon,2,44350,15525
3730,407,2023-01-14,Tecnologia,Impresora,2,315199,71355
3732,407,2023-02-08,Hogar,Organizador,1,96047,21296
3729,407,2023-02-15,Vestuario,Camisa,1,42908,15271
3723,407,2023-03-23,Electrodomesticos,Horno,2,474881,93215
3731,407,2023-04-12,Deportes,Short,1,34581,12286
3722,407,2023-04-20,Electrodomesticos,Refrigerador,2,356541,51758
3725,407,2023-05-03,Tecnologia,Tablet,1,123774,21732
3724,407,2023-05-09,Electrodomesticos,Aspiradora,1,127002,18091
3728,407,2023-06-23,Vestuario,Buzo,2,137855,46183
3726,407,2023-07-16,Tecnologia,Audifonos,1,156511,28935
3727,407,2023-11-14,Hogar,Cortinas,1,112513,26152
3733,408,2023-03-31,Vestuario,Polera,2,42546,13010
3737,408,2023-04-08,Vestuario,Jeans,3,69095,19321
3738,408,2023-04-26,Hogar,Termo,1,127282,37984
3742,408,2023-05-01,Hogar,Lampara,1,142192,36862
3736,408,2023-05-16,Hogar,Alfombra,1,69629,16271
3735,408,2023-05-24,Deportes,Pesas,2,187762,53212
3739,408,2023-06-23,Deportes,Colchoneta,1,89271,28804
3740,408,2023-09-18,Electrodomesticos,Purificador,3,616079,97295
3734,408,2024-06-10,Hogar,Cortinas,4,363935,97571
3741,408,2024-11-11,Deportes,Poleron,2,117646,28131
3743,409,2024-03-22,Tecnologia,Monitor,1,240158,54171
3744,409,2024-04-16,Vestuario,Polera,2,55877,20594
3748,409,2024-04-22,Tecnologia,Smartphone,1,359072,65566
3746,409,2024-06-03,Deportes,Botella,1,49396,13829
3747,409,2024-08-05,Hogar,Lampara,4,272852,69394
3745,409,2024-12-31,Deportes,Pesas,1,115073,28705
3749,410,2023-04-24,Hogar,Termo,1,64769,17005
3750,410,2023-06-17,Deportes,Pesas,2,147078,49421
3753,410,2023-07-04,Vestuario,Pantalon,7,228597,79587
3754,410,2023-08-16,Hogar,Hervidor,1,94829,23065
3752,410,2023-10-23,Vestuario,Polera,2,79998,27436
3751,410,2024-02-03,Deportes,Short,4,224698,62404
3755,411,2023-10-17,Electrodomesticos,Cocina,4,939807,193004
3759,411,2023-10-20,Vestuario,Buzo,3,70551,21899
3757,411,2023-10-27,Tecnologia,Tablet,2,614708,96048
3756,411,2023-11-29,Tecnologia,Notebook,3,661171,159921
3761,411,2023-12-02,Deportes,Poleron,2,141205,36239
3762,411,2023-12-25,Hogar,Organizador,2,156550,39174
3760,411,2024-04-28,Hogar,Cafetera,4,317368,74188
3758,411,2024-06-24,Deportes,Balon,1,102983,37777
3763,412,2024-11-10,Vestuario,Gorro,2,40030,12888
3767,412,2024-11-30,Tecnologia,Tablet,1,290028,53729
3766,412,2024-12-13,Tecnologia,Teclado,1,170073,30238
3769,412,2024-12-22,Electrodomesticos,Purificador,1,93793,17081
3764,412,2024-12-26,Deportes,Balon,5,487848,135124
3765,412,2024-12-29,Vestuario,Vestido,9,440441,191460
3768,412,2024-12-31,Electrodomesticos,Cocina,1,192091,28774
3770,413,2023-02-09,Vestuario,Zapatillas,2,104167,37496
3777,413,2023-02-16,Electrodomesticos,Lavadora,1,250282,46835
3771,413,2023-02-28,Hogar,Termo,3,389852,91308
3774,413,2023-03-05,Tecnologia,Smartphone,3,424226,96150
3776,413,2023-03-06,Tecnologia,Mouse,1,170635,38963
3772,413,2023-04-18,Deportes,Pesas,1,89585,33840
3775,413,2023-05-03,Deportes,Colchoneta,2,182571,44308
3773,413,2023-07-09,Vestuario,Gorro,2,91171,35790
3778,414,2022-09-03,Tecnologia,Smartphone,1,327351,77477
3779,414,2022-10-08,Tecnologia,Router,1,270631,47782
3782,414,2022-11-12,Deportes,Pesas,2,72048,15337
3784,414,2022-12-07,Hogar,Hervidor,1,40161,11231
3780,414,2023-01-20,Electrodomesticos,Horno,1,196550,36594
3781,414,2023-05-09,Vestuario,Polera,1,30245,12540
3783,414,2023-05-23,Electrodomesticos,Purificador,1,190880,33298
3785,415,2022-01-11,Electrodomesticos,Aspiradora,1,217188,36104
3789,415,2022-01-14,Tecnologia,Smartphone,1,100667,21331
3787,415,2022-01-31,Tecnologia,Audifonos,1,132876,27556
3791,415,2022-02-20,Electrodomesticos,Plancha,2,533085,111061
3786,415,2022-02-25,Deportes,Guantes,1,84445,29846
3788,415,2022-06-10,Hogar,Cafetera,1,63604,13258
3792,415,2022-07-01,Deportes,Short,1,90939,27727
3790,415,2023-03-03,Vestuario,Camisa,1,44640,19890
3793,416,2023-07-17,Deportes,Short,2,168815,47875
3797,416,2023-07-18,Electrodomesticos,Lavadora,2,335039,63529
3799,416,2023-07-22,Hogar,Silla,5,353979,115058
3798,416,2023-07-23,Vestuario,Polera,1,48623,15411
3800,416,2023-07-31,Deportes,Guantes,2,150663,51335
3796,416,2023-08-23,Hogar,Silla,1,80659,23330
3801,416,2023-10-28,Hogar,Termo,2,220705,58993
3794,416,2024-03-25,Electrodomesticos,Horno,1,148348,24162
3795,416,2024-12-29,Deportes,Balon,2,75918,22713
3802,417,2024-09-12,Electrodomesticos,Licuadora,4,252000,41839
3805,417,2024-10-20,Hogar,Organizador,1,76093,20682
3804,417,2024-10-22,Electrodomesticos,Microondas,1,105805,18759
3809,417,2024-10-26,Electrodomesticos,Cocina,1,222977,31813
3806,417,2024-12-24,Hogar,Silla,1,95912,23782
3808,417,2024-12-25,Deportes,Balon,1,32836,8737
3807,417,2024-12-27,Electrodomesticos,Lavadora,1,221378,32598
3803,417,2024-12-28,Hogar,Lampara,3,367808,83324
3810,418,2023-06-17,Hogar,Organizador,2,116453,41413
3814,418,2023-06-23,Electrodomesticos,Lavadora,2,410331,82495
3818,418,2023-07-01,Hogar,Silla,5,702794,219468
3813,418,2023-07-10,Deportes,Colchoneta,2,141740,46387
3815,418,2023-08-02,Tecnologia,Impresora,1,245918,41665
3821,418,2023-08-05,Deportes,Casco,2,143112,44635
3819,418,2023-08-13,Electrodomesticos,Licuadora,1,231443,48136
3816,418,2023-08-30,Vestuario,Polera,2,103457,36934
3811,418,2023-11-01,Hogar,Alfombra,3,293761,76630
3812,418,2024-01-24,Hogar,Lampara,1,122884,34127
3822,418,2024-03-23,Vestuario,Chaqueta,1,12390,3843
3820,418,2024-09-02,Tecnologia,Monitor,1,144741,25555
3817,418,2024-12-16,Deportes,Balon,4,455585,122241
3823,419,2023-10-01,Hogar,Alfombra,2,130762,31487
3824,419,2023-10-08,Electrodomesticos,Refrigerador,2,385120,80661
3831,419,2023-12-07,Hogar,Hervidor,4,416009,96446
3827,419,2023-12-20,Deportes,Guantes,1,72827,17225
3825,419,2023-12-24,Tecnologia,Mouse,6,1265227,226894
3830,419,2024-02-25,Tecnologia,Monitor,3,695210,145375
3829,419,2024-02-26,Hogar,Mesa,1,135867,44226
3826,419,2024-03-23,Hogar,Organizador,6,622331,191430
3828,419,2024-05-14,Tecnologia,Tablet,1,271479,56951
3832,420,2022-10-26,Electrodomesticos,Secadora,1,165295,33115
3836,420,2022-11-09,Deportes,Short,1,72077,16347
3834,420,2022-12-04,Electrodomesticos,Horno,1,63000,9790
3833,420,2023-03-21,Deportes,Raqueta,3,96001,31820
3837,420,2023-04-26,Electrodomesticos,Lavadora,3,1080000,208429
3835,420,2023-08-28,Vestuario,Pantalon,1,14878,4832
3838,421,2023-12-23,Tecnologia,Audifonos,1,261053,54898
3845,421,2024-01-07,Hogar,Lampara,1,74184,17094
3846,421,2024-01-08,Vestuario,Camisa,2,76364,25124
3839,421,2024-02-10,Tecnologia,Impresora,1,117592,23048
3842,421,2024-02-16,Deportes,Colchoneta,1,62712,16878
3844,421,2024-02-18,Hogar,Lampara,2,184838,54166
3843,421,2024-02-20,Electrodomesticos,Cocina,4,485029,102506
3841,421,2024-02-22,Tecnologia,Mouse,4,308000,64589
3840,421,2024-07-02,Vestuario,Chaqueta,3,179949,69585
3847,422,2023-08-06,Electrodomesticos,Purificador,1,281600,59065
3855,422,2023-08-11,Vestuario,Zapatillas,4,213038,89155
3848,422,2023-08-30,Deportes,Bicicleta,1,90519,25393
3851,422,2023-08-31,Electrodomesticos,Purificador,6,1309868,248418
3853,422,2023-09-01,Deportes,Pesas,1,65759,14721
3849,422,2023-09-08,Hogar,Alfombra,2,147870,46473
3854,422,2023-09-21,Deportes,Raqueta,4,147460,50626
3850,422,2023-10-31,Deportes,Short,1,52302,19116
3856,422,2023-11-04,Tecnologia,Notebook,2,154000,30293
3852,422,2024-10-22,Electrodomesticos,Horno,4,1098632,207202
3857,423,2023-05-16,Hogar,Cortinas,1,115869,35402
3863,423,2023-06-07,Tecnologia,Smartphone,1,322986,70204
3861,423,2023-06-15,Deportes,Casco,1,107191,34250
3865,423,2023-06-21,Hogar,Termo,3,243856,57085
3858,423,2023-06-26,Hogar,Mesa,2,221819,74184
3864,423,2023-07-07,Electrodomesticos,Secadora,2,332782,52494
3860,423,2023-07-11,Vestuario,Gorro,3,55127,20820
3859,423,2023-09-26,Deportes,Short,1,129452,38404
3862,423,2023-10-27,Tecnologia,Monitor,1,187494,40347
3866,424,2024-11-12,Tecnologia,Smartwatch,3,514680,85228
3878,424,2024-11-16,Vestuario,Gorro,1,39159,11262
3874,424,2024-11-18,Electrodomesticos,Lavadora,1,268653,31142
3877,424,2024-11-18,Hogar,Hervidor,1,50909,15129
3875,424,2024-11-26,Deportes,Guantes,1,52383,12976
3869,424,2024-12-07,Vestuario,Chaqueta,1,12322,3820
3876,424,2024-12-22,Electrodomesticos,Licuadora,1,63000,9903
3868,424,2024-12-23,Vestuario,Zapatillas,4,127552,42427
3870,424,2024-12-24,Vestuario,Jeans,1,55678,21241
3871,424,2024-12-24,Tecnologia,Mouse,1,269359,42127
3867,424,2024-12-25,Hogar,Mesa,2,162121,43683
3872,424,2024-12-27,Hogar,Lampara,3,196015,51183
3873,424,2024-12-27,Electrodomesticos,Purificador,3,352813,59552
3879,425,2022-05-21,Deportes,Raqueta,1,52809,15510
3891,425,2022-06-04,Hogar,Hervidor,2,145239,45651
3880,425,2022-06-22,Deportes,Poleron,1,76244,26206
3883,425,2022-06-26,Deportes,Colchoneta,2,166666,40937
3892,425,2022-07-06,Vestuario,Pantalon,1,31479,12042
3885,425,2022-07-16,Vestuario,Chaqueta,1,43326,14511
3884,425,2022-08-06,Vestuario,Jeans,4,181969,62550
3889,425,2022-09-02,Hogar,Cortinas,3,247813,72602
3888,425,2022-09-08,Deportes,Casco,3,139107,45530
3886,425,2022-09-14,Vestuario,Vestido,2,33939,14362
3890,425,2022-09-19,Vestuario,Gorro,1,41278,14511
3893,425,2022-11-07,Vestuario,Camisa,3,228160,72883
3882,425,2022-11-22,Tecnologia,Mouse,2,633286,113674
3887,425,2022-12-08,Vestuario,Vestido,2,148184,43895
3881,425,2023-02-24,Electrodomesticos,Refrigerador,6,802494,139657
3894,426,2023-02-28,Electrodomesticos,Horno,2,405180,86150
3895,426,2023-03-12,Deportes,Pesas,6,453259,128524
3896,426,2023-04-04,Tecnologia,Notebook,3,790587,157170
3897,426,2023-05-12,Hogar,Mesa,3,190965,64528
3898,427,2024-10-31,Tecnologia,Impresora,1,142528,28232
3908,427,2024-11-13,Tecnologia,Audifonos,2,540330,97818
3903,427,2024-11-29,Vestuario,Pantalon,3,107764,42735
3904,427,2024-12-12,Electrodomesticos,Refrigerador,5,1242006,209046
3902,427,2024-12-17,Hogar,Organizador,2,211360,49636
3900,427,2024-12-21,Deportes,Bicicleta,2,110030,28375
3899,427,2024-12-22,Deportes,Poleron,1,111998,25418
3906,427,2024-12-22,Hogar,Cortinas,2,159061,46250
3907,427,2024-12-22,Electrodomesticos,Purificador,3,456926,65970
3905,427,2024-12-26,Tecnologia,Tablet,1,294611,51452
3901,427,2024-12-27,Tecnologia,Tablet,1,234495,44101
3909,428,2023-06-30,Hogar,Termo,1,39181,12263
3918,428,2023-06-30,Electrodomesticos,Lavadora,2,343815,61974
3911,428,2023-07-13,Tecnologia,Impresora,1,202774,38603
3920,428,2023-07-21,Hogar,Silla,1,61203,15678
3922,428,2023-07-31,Vestuario,Camisa,3,187415,66893
3915,428,2023-08-13,Deportes,Botella,2,185816,63999
3916,428,2023-09-19,Hogar,Alfombra,1,113826,29270
3917,428,2023-09-30,Tecnologia,Monitor,3,827487,163911
3921,428,2023-10-11,Hogar,Hervidor,1,110707,29275
3912,428,2023-10-19,Hogar,Termo,1,100228,31073
3919,428,2023-11-05,Electrodomesticos,Refrigerador,1,261927,48371
3913,428,2023-11-20,Tecnologia,Mouse,1,224461,35814
3910,428,2023-12-20,Deportes,Guantes,3,213895,54978
3914,428,2024-02-17,Tecnologia,Impresora,1,77000,14453
3923,429,2023-07-01,Electrodomesticos,Secadora,2,590670,111519
3924,429,2023-08-20,Deportes,Poleron,1,67732,21641
3925,429,2023-09-20,Hogar,Cortinas,1,119831,33701
3926,429,2023-10-16,Hogar,Sofa,3,148732,30304
3927,430,2023-01-18,Tecnologia,Impresora,3,738814,151182
3932,430,2023-02-07,Tecnologia,Notebook,1,180254,40401
3933,430,2023-03-18,Deportes,Poleron,1,64212,19229
3930,430,2023-04-12,Deportes,Botella,2,216860,63411
3928,430,2023-04-21,Deportes,Pesas,2,49000,12327
3929,430,2023-06-02,Vestuario,Zapatillas,2,61952,21946
3931,430,2023-06-29,Deportes,Botella,4,122446,38856
3934,431,2023-10-12,Deportes,Short,3,177145,44704
3936,431,2023-10-20,Electrodomesticos,Microondas,4,816407,156126
3938,431,2023-10-27,Hogar,Sofa,3,228592,62064
3940,431,2023-11-08,Deportes,Guantes,3,159475,45885
3939,431,2024-02-18,Deportes,Botella,3,198806,54805
3937,431,2024-05-01,Vestuario,Camisa,1,65616,23025
3935,431,2024-09-24,Hogar,Mesa,2,265468,80018
3941,432,2023-07-23,Hogar,Hervidor,3,255140,71695
3944,432,2023-08-09,Electrodomesticos,Refrigerador,1,146929,29882
3945,432,2023-08-22,Hogar,Organizador,1,128594,38032
3942,432,2023-08-30,Vestuario,Pantalon,1,77834,28719
3948,432,2023-09-01,Hogar,Cortinas,2,221038,55780
3947,432,2024-01-01,Vestuario,Gorro,1,24994,8645
3946,432,2024-02-08,Vestuario,Zapatillas,2,81575,27122
3943,432,2024-10-15,Vestuario,Polera,3,111327,43422
3949,433,2024-11-05,Vestuario,Pantalon,3,114513,36042
3953,433,2024-12-07,Vestuario,Chaqueta,1,32459,10535
3955,433,2024-12-08,Tecnologia,Router,1,196560,36494
3957,433,2024-12-21,Electrodomesticos,Horno,1,182440,34911
3958,433,2024-12-22,Hogar,Cafetera,1,70902,21499
3961,433,2024-12-22,Electrodomesticos,Refrigerador,1,253868,54804
3956,433,2024-12-24,Electrodomesticos,Licuadora,1,237061,27480
3952,433,2024-12-26,Electrodomesticos,Lavadora,1,269752,38371
3960,433,2024-12-26,Vestuario,Camisa,1,42636,12340
3950,433,2024-12-29,Hogar,Alfombra,2,134851,34420
3959,433,2024-12-29,Tecnologia,Impresora,2,677927,139498
3951,433,2024-12-30,Deportes,Bicicleta,1,71438,16669
3954,433,2024-12-31,Hogar,Cortinas,3,459855,109032
3962,434,2023-08-16,Deportes,Colchoneta,3,238941,77678
3965,434,2023-08-28,Deportes,Guantes,1,72306,20154
3966,434,2023-09-08,Hogar,Cortinas,1,70163,21675
3968,434,2023-11-11,Tecnologia,Monitor,1,259888,38261
3964,434,2023-12-02,Tecnologia,Audifonos,4,308000,69534
3967,434,2023-12-05,Vestuario,Zapatillas,1,24518,8218
3963,434,2023-12-12,Electrodomesticos,Purificador,6,1098137,175904
3969,435,2022-05-15,Tecnologia,Monitor,2,220433,38191
3975,435,2022-05-30,Tecnologia,Monitor,2,478324,107714
3974,435,2022-06-24,Electrodomesticos,Cocina,1,189817,30463
3978,435,2022-07-12,Vestuario,Jeans,1,15187,4842
3970,435,2022-07-25,Deportes,Poleron,1,49884,12725
3973,435,2022-08-11,Hogar,Hervidor,2,252973,70134
3972,435,2022-09-20,Hogar,Silla,1,70281,20843
3979,435,2022-09-22,Electrodomesticos,Licuadora,3,676032,127625
3971,435,2022-10-04,Hogar,Cafetera,3,368660,105096
3976,435,2022-12-17,Deportes,Poleron,1,76521,20492
3977,435,2023-03-26,Deportes,Poleron,4,407964,119613
3980,436,2023-07-01,Hogar,Alfombra,3,254377,71116
3991,436,2023-07-22,Electrodomesticos,Plancha,1,251052,54318
3984,436,2023-08-14,Electrodomesticos,Aspiradora,2,298464,57633
3987,436,2023-09-15,Deportes,Colchoneta,1,26056,7127
3985,436,2023-10-02,Tecnologia,Teclado,2,456117,108593
3990,436,2023-10-11,Tecnologia,Mouse,1,322545,54898
3983,436,2023-11-10,Vestuario,Zapatillas,1,38466,10284
3982,436,2023-11-14,Electrodomesticos,Cocina,4,252000,38880
3988,436,2024-01-28,Deportes,Pesas,1,77443,24107
3986,436,2024-03-01,Tecnologia,Mouse,1,237549,55272
3989,436,2024-04-15,Electrodomesticos,Microondas,2,179298,38681
3981,436,2024-04-26,Hogar,Cafetera,1,117584,34074
3992,437,2023-03-24,Electrodomesticos,Microondas,3,529026,98340
3999,437,2023-03-24,Hogar,Silla,1,80958,25151
4000,437,2023-03-26,Vestuario,Vestido,1,42683,12270
3993,437,2023-04-02,Deportes,Poleron,3,224132,74065
3998,437,2023-04-12,Hogar,Cortinas,1,73384,17804
3996,437,2023-04-21,Hogar,Cafetera,3,405147,100720
3995,437,2023-04-26,Hogar,Termo,1,91001,27827
3994,437,2023-05-16,Electrodomesticos,Plancha,1,142664,24865
4001,437,2023-09-14,Hogar,Silla,1,96019,32049
3997,437,2023-12-27,Electrodomesticos,Cocina,2,444381,62687
4002,438,2023-03-30,Hogar,Alfombra,1,55858,16642
4005,438,2023-06-05,Tecnologia,Tablet,2,583225,122811
4007,438,2023-06-21,Deportes,Colchoneta,4,227587,82119
4003,438,2023-06-23,Vestuario,Zapatillas,1,17927,7036
4006,438,2023-08-05,Deportes,Botella,1,49065,15300
4004,438,2023-11-04,Hogar,Mesa,1,76912,18959
4009,438,2024-01-24,Deportes,Guantes,2,161915,43434
4008,438,2024-04-02,Hogar,Hervidor,1,85248,21501
4010,439,2023-04-07,Deportes,Casco,1,60122,18387
4012,439,2023-04-17,Vestuario,Vestido,1,43120,14118
4013,439,2023-06-18,Deportes,Casco,3,258917,69265
4011,439,2023-07-06,Hogar,Mesa,1,120356,37995
4015,439,2023-11-17,Hogar,Termo,3,398450,110606
4016,439,2024-04-29,Deportes,Balon,3,292311,83319
4014,439,2024-08-18,Deportes,Guantes,2,134164,42583
4017,440,2022-08-09,Tecnologia,Teclado,2,400959,92097
4019,440,2022-08-13,Hogar,Cafetera,2,214018,52518
4021,440,2022-11-11,Hogar,Hervidor,2,181314,48680
4018,440,2023-04-19,Vestuario,Jeans,2,34487,12103
4020,440,2023-05-14,Hogar,Sofa,1,82087,23300
4022,441,2022-09-30,Hogar,Termo,1,116477,40147
4027,441,2022-10-06,Tecnologia,Monitor,2,639761,149109
4029,441,2022-11-04,Vestuario,Pantalon,1,58088,20009
4024,441,2022-12-01,Tecnologia,Smartwatch,1,213541,46683
4030,441,2022-12-12,Electrodomesticos,Cocina,1,88095,15610
4025,441,2022-12-13,Electrodomesticos,Purificador,2,548551,94217
4028,441,2022-12-18,Vestuario,Calcetines,1,26197,8544
4023,441,2023-01-22,Electrodomesticos,Plancha,1,115298,19049
4031,441,2023-05-25,Vestuario,Gorro,4,144186,44367
4026,441,2024-10-14,Deportes,Colchoneta,1,58550,14171
4032,442,2023-06-02,Deportes,Pesas,2,162204,58351
4033,442,2023-07-02,Deportes,Colchoneta,1,69204,23983
4036,442,2023-08-07,Hogar,Mesa,1,89474,29284
4035,442,2023-12-08,Hogar,Lampara,2,124404,37111
4037,442,2024-05-18,Vestuario,Buzo,1,35544,13183
4034,442,2024-12-24,Tecnologia,Mouse,1,177564,30482
4038,443,2023-05-28,Hogar,Mesa,3,411324,96475
4047,443,2023-05-30,Vestuario,Vestido,1,11165,2992
4048,443,2023-06-04,Vestuario,Vestido,1,28080,7890
4039,443,2023-07-22,Tecnologia,Impresora,2,508586,98469
4044,443,2023-07-27,Deportes,Guantes,3,231412,66520
4046,443,2023-09-07,Hogar,Organizador,3,235970,66783
4043,443,2023-10-20,Deportes,Bicicleta,1,44754,12980
4041,443,2024-01-09,Deportes,Colchoneta,1,29632,8483
4045,443,2024-01-14,Electrodomesticos,Licuadora,1,141950,24242
4040,443,2024-02-14,Hogar,Termo,2,159849,38402
4042,443,2024-05-12,Hogar,Mesa,1,72221,20375
4049,444,2023-07-11,Deportes,Casco,1,131653,42586
4051,444,2023-07-23,Deportes,Botella,2,106723,30285
4054,444,2023-10-30,Vestuario,Buzo,1,29427,10217
4052,444,2023-11-03,Tecnologia,Audifonos,4,340448,63830
4055,444,2023-11-29,Vestuario,Gorro,3,122023,40977
4053,444,2024-01-03,Tecnologia,Audifonos,4,1433376,309311
4050,444,2024-02-01,Electrodomesticos,Plancha,3,326386,59998
4056,445,2022-05-19,Vestuario,Chaqueta,3,219100,83412
4058,445,2022-07-10,Hogar,Cortinas,3,196197,46774
4059,445,2022-07-29,Deportes,Botella,1,46765,14238
4061,445,2022-07-29,Tecnologia,Tablet,2,549642,123967
4060,445,2022-09-20,Tecnologia,Audifonos,3,634855,128296
4057,445,2023-02-05,Hogar,Lampara,2,195267,57020
4062,446,2023-07-27,Hogar,Cafetera,1,96303,25051
4063,446,2023-08-01,Electrodomesticos,Refrigerador,3,496635,83377
4064,446,2023-08-21,Deportes,Pesas,1,109165,34404
4065,446,2023-11-05,Electrodomesticos,Plancha,1,121659,22543
4067,446,2024-02-16,Vestuario,Jeans,2,82510,31470
4066,446,2024-06-08,Deportes,Raqueta,2,168378,48000
4068,446,2024-06-26,Tecnologia,Monitor,2,506059,99095
4069,447,2024-04-27,Hogar,Alfombra,1,70465,19930
4070,447,2024-05-23,Vestuario,Vestido,1,105332,31274
4077,447,2024-07-06,Vestuario,Zapatillas,3,64551,23449
4073,447,2024-07-17,Deportes,Poleron,1,24500,6848
4078,447,2024-09-27,Deportes,Guantes,4,332035,128390
4076,447,2024-09-29,Electrodomesticos,Purificador,1,73599,10023
4072,447,2024-10-12,Electrodomesticos,Cocina,1,63000,14129
4074,447,2024-10-28,Hogar,Cortinas,1,124564,36396
4075,447,2024-10-28,Vestuario,Buzo,2,56625,18939
4071,447,2024-12-22,Tecnologia,Mouse,1,169239,34886
4083,448,2024-12-21,Hogar,Sofa,2,301024,80084
4084,448,2024-12-21,Vestuario,Vestido,1,53343,17059
4079,448,2024-12-24,Hogar,Organizador,2,170338,44889
4080,448,2024-12-25,Deportes,Bicicleta,1,84585,28168
4081,448,2024-12-25,Deportes,Balon,3,290105,89153
4085,448,2024-12-29,Vestuario,Camisa,1,53682,21060
4082,448,2024-12-31,Vestuario,Vestido,1,25950,8480
4086,448,2024-12-31,Electrodomesticos,Horno,2,215713,34213
4087,449,2023-06-14,Hogar,Silla,2,167128,49210
4089,449,2023-06-18,Vestuario,Zapatillas,1,50852,20455
4096,449,2023-06-22,Tecnologia,Mouse,2,457628,90563
4092,449,2023-07-02,Vestuario,Chaqueta,1,63811,25290
4091,449,2023-08-08,Deportes,Poleron,2,143509,41993
4090,449,2023-08-24,Tecnologia,Mouse,1,106950,21632
4095,449,2023-08-28,Hogar,Cafetera,1,111429,33758
4093,449,2023-09-09,Vestuario,Vestido,2,80455,30685
4094,449,2023-11-04,Deportes,Poleron,1,80583,21522
4088,449,2024-09-14,Electrodomesticos,Licuadora,3,675088,118506
4097,450,2024-12-09,Deportes,Raqueta,4,446065,119398
4102,450,2024-12-13,Electrodomesticos,Aspiradora,3,448789,83611
4104,450,2024-12-21,Deportes,Balon,1,129110,35409
4105,450,2024-12-23,Electrodomesticos,Cocina,1,165026,28131
4099,450,2024-12-24,Tecnologia,Monitor,3,257212,51462
4098,450,2024-12-25,Tecnologia,Router,3,696119,140029
4100,450,2024-12-25,Electrodomesticos,Cocina,2,353245,57262
4107,450,2024-12-27,Hogar,Lampara,1,94313,21364
4101,450,2024-12-28,Electrodomesticos,Microondas,3,353326,61009
4106,450,2024-12-29,Electrodomesticos,Lavadora,1,109105,19720
4103,450,2024-12-30,Tecnologia,Audifonos,3,610392,115466
4108,451,2022-03-01,Vestuario,Calcetines,1,13815,4289
4114,451,2022-03-11,Vestuario,Polera,1,31900,13597
4109,451,2022-03-21,Hogar,Alfombra,1,114035,28928
4111,451,2022-04-20,Electrodomesticos,Plancha,1,134334,25139
4112,451,2022-05-09,Vestuario,Chaqueta,2,27326,11432
4113,451,2022-07-05,Deportes,Balon,3,186965,42299
4110,451,2022-10-02,Hogar,Organizador,1,115836,40665
4116,451,2022-11-06,Vestuario,Jeans,1,38541,12794
4115,451,2022-11-16,Deportes,Short,2,149624,43797
4117,452,2024-08-27,Electrodomesticos,Refrigerador,2,260404,38619
4123,452,2024-09-07,Electrodomesticos,Refrigerador,1,192436,33266
4120,452,2024-09-21,Vestuario,Vestido,1,41441,17079
4121,452,2024-09-21,Electrodomesticos,Horno,1,63000,12310
4119,452,2024-10-21,Electrodomesticos,Purificador,3,821528,172880
4118,452,2024-12-06,Vestuario,Camisa,2,64782,21880
4122,452,2024-12-24,Tecnologia,Teclado,3,854659,186655
4124,452,2024-12-31,Vestuario,Polera,4,206099,58170
4125,453,2023-12-03,Electrodomesticos,Plancha,1,299521,46716
4129,453,2023-12-11,Vestuario,Jeans,1,25452,7476
4128,453,2024-01-30,Vestuario,Vestido,1,49500,14321
4126,453,2024-03-22,Electrodomesticos,Cocina,3,710790,117297
4130,453,2024-04-18,Deportes,Short,1,49500,15698
4127,453,2024-10-23,Hogar,Cortinas,1,87519,21895
4131,454,2023-01-26,Hogar,Lampara,3,282004,74301
4143,454,2023-02-02,Deportes,Botella,1,71990,18227
4135,454,2023-02-21,Tecnologia,Mouse,1,188824,32781
4132,454,2023-02-26,Tecnologia,Router,3,513182,96559
4137,454,2023-03-19,Hogar,Hervidor,1,82250,25515
4133,454,2023-03-24,Electrodomesticos,Cocina,2,309498,62784
4136,454,2023-03-26,Hogar,Lampara,1,61846,19461
4138,454,2023-05-27,Tecnologia,Teclado,2,206283,50782
4141,454,2023-06-16,Hogar,Cortinas,1,151331,48875
4139,454,2023-07-23,Electrodomesticos,Refrigerador,2,425858,79904
4140,454,2023-10-05,Deportes,Guantes,1,74077,17692
4142,454,2023-10-12,Deportes,Raqueta,1,53151,13706
4134,454,2023-12-05,Electrodomesticos,Horno,1,257946,43632
4144,455,2023-02-05,Tecnologia,Smartphone,1,147141,30908
4147,455,2023-02-12,Electrodomesticos,Purificador,3,812506,152411
4152,455,2023-02-12,Tecnologia,Smartwatch,3,763948,172009
4150,455,2023-03-09,Tecnologia,Impresora,1,173202,37729
4145,455,2023-06-24,Electrodomesticos,Aspiradora,1,208686,39911
4153,455,2023-07-09,Deportes,Guantes,3,150822,46194
4146,455,2023-08-11,Deportes,Botella,1,24766,6411
4148,455,2023-09-27,Deportes,Colchoneta,1,112208,38048
4149,455,2023-09-30,Vestuario,Chaqueta,5,259088,80249
4151,455,2023-09-30,Tecnologia,Smartphone,5,1106493,239345
4154,456,2023-06-19,Hogar,Termo,3,274313,85027
4157,456,2023-07-08,Vestuario,Camisa,3,196928,68537
4156,456,2023-07-09,Deportes,Botella,1,54167,17137
4155,456,2023-07-11,Deportes,Short,2,124846,31891
4159,456,2023-09-16,Deportes,Botella,3,202373,72491
4160,456,2023-10-11,Hogar,Cortinas,1,94143,27389
4158,456,2023-11-10,Vestuario,Gorro,1,16776,5625
4161,457,2023-06-01,Deportes,Raqueta,1,70139,17964
4166,457,2023-06-11,Tecnologia,Audifonos,3,764250,148044
4172,457,2023-06-11,Deportes,Casco,1,57487,17745
4171,457,2023-06-22,Deportes,Bicicleta,1,27111,7624
4168,457,2023-07-02,Tecnologia,Monitor,1,235787,48774
4170,457,2023-07-06,Electrodomesticos,Secadora,1,229029,43923
4173,457,2023-07-11,Hogar,Cafetera,3,151056,44520
4164,457,2023-07-16,Electrodomesticos,Aspiradora,2,429158,71400
4162,457,2023-07-25,Hogar,Organizador,1,125673,27800
4169,457,2023-08-09,Tecnologia,Smartphone,2,312517,77593
4165,457,2023-08-18,Vestuario,Zapatillas,1,10495,2963
4163,457,2023-12-23,Vestuario,Calcetines,2,191989,68028
4167,457,2024-03-31,Deportes,Bicicleta,2,124298,39405
4174,458,2023-06-25,Vestuario,Chaqueta,1,27937,10771
4180,458,2023-08-01,Hogar,Sofa,2,126104,41035
4175,458,2023-08-22,Vestuario,Vestido,2,47637,17935
4178,458,2023-08-22,Tecnologia,Tablet,1,210929,40146
4181,458,2023-09-06,Electrodomesticos,Secadora,4,719650,153631
4179,458,2023-09-12,Tecnologia,Audifonos,1,390903,76432
4176,458,2023-11-05,Electrodomesticos,Lavadora,3,424550,76219
4177,458,2023-12-06,Deportes,Botella,2,144723,46426
4182,459,2023-01-29,Vestuario,Calcetines,1,45074,16265
4183,459,2023-02-24,Tecnologia,Router,3,893362,142507
4188,459,2023-03-14,Hogar,Cortinas,2,167840,46043
4190,459,2023-03-24,Electrodomesticos,Purificador,5,860949,154138
4185,459,2023-04-13,Electrodomesticos,Lavadora,2,489685,80872
4189,459,2023-05-26,Deportes,Pesas,4,206324,55832
4191,459,2023-06-05,Hogar,Alfombra,2,183915,60944
4184,459,2023-06-29,Hogar,Lampara,1,77993,20012
4187,459,2023-08-08,Electrodomesticos,Refrigerador,1,111132,16439
4186,459,2024-08-20,Hogar,Hervidor,1,94576,24357
4192,460,2022-02-01,Hogar,Mesa,3,160446,46672
4199,460,2022-02-10,Electrodomesticos,Refrigerador,1,227413,40254
4196,460,2022-02-26,Deportes,Colchoneta,2,160028,51099
4198,460,2022-03-20,Hogar,Mesa,2,63000,17943
4197,460,2022-03-25,Electrodomesticos,Microondas,2,243954,45998
4195,460,2022-03-28,Tecnologia,Smartphone,4,878872,131059
4194,460,2022-04-09,Vestuario,Gorro,1,13639,5206
4193,460,2022-06-25,Vestuario,Camisa,2,111674,31672
4200,461,2023-09-23,Electrodomesticos,Aspiradora,1,218959,37194
4201,461,2023-09-29,Deportes,Pesas,2,178832,45753
4204,461,2023-10-10,Electrodomesticos,Plancha,1,63000,11089
4205,461,2023-10-14,Electrodomesticos,Purificador,1,202842,42453
4206,461,2023-11-15,Tecnologia,Mouse,2,236523,37981
4203,461,2024-01-31,Vestuario,Camisa,1,38440,16440
4202,461,2024-03-21,Deportes,Guantes,2,207672,64311
4208,461,2024-06-22,Deportes,Guantes,1,74911,22954
4207,461,2024-08-11,Deportes,Pesas,1,74480,21173
4209,462,2022-11-26,Deportes,Bicicleta,1,55550,17730
4212,462,2022-12-23,Deportes,Casco,1,87781,25903
4211,462,2023-04-29,Vestuario,Calcetines,1,27480,10067
4210,462,2023-11-11,Hogar,Cafetera,2,211383,54119
4213,463,2022-01-05,Electrodomesticos,Microondas,1,237561,41082
4220,463,2022-01-13,Electrodomesticos,Aspiradora,1,168326,23508
4222,463,2022-01-17,Deportes,Colchoneta,1,50195,11821
4221,463,2022-02-06,Deportes,Raqueta,1,24848,7397
4214,463,2022-02-16,Electrodomesticos,Horno,1,256647,44183
4215,463,2022-02-17,Vestuario,Vestido,2,152306,58833
4223,463,2022-03-27,Tecnologia,Notebook,3,649951,122066
4224,463,2022-04-20,Electrodomesticos,Plancha,2,366065,71304
4218,463,2022-05-01,Hogar,Cortinas,2,150789,40877
4216,463,2022-05-12,Deportes,Casco,4,365872,87101
4219,463,2022-07-16,Hogar,Sofa,1,68304,18780
4217,463,2023-01-23,Hogar,Hervidor,1,94181,26311
4225,464,2023-06-28,Hogar,Alfombra,1,77837,19533
4237,464,2023-07-09,Electrodomesticos,Microondas,1,139533,26339
4234,464,2023-07-12,Deportes,Balon,2,142735,40096
4229,464,2023-07-23,Hogar,Hervidor,2,290330,85137
4226,464,2023-07-31,Deportes,Botella,3,86526,24847
4227,464,2023-07-31,Hogar,Termo,3,276098,72540
4236,464,2023-08-01,Vestuario,Polera,1,48011,15641
4230,464,2023-08-23,Tecnologia,Mouse,2,331768,82189
4235,464,2023-09-26,Tecnologia,Teclado,3,471932,94639
4232,464,2023-11-26,Electrodomesticos,Aspiradora,2,469590,89023
4233,464,2023-12-08,Deportes,Botella,3,229972,45958
4231,464,2024-04-11,Deportes,Short,2,140334,45735
4228,464,2024-09-01,Vestuario,Gorro,4,51418,19265
4238,465,2023-07-17,Tecnologia,Smartwatch,1,77000,16563
4239,465,2023-08-23,Deportes,Short,1,111140,34645
4246,465,2023-08-24,Deportes,Pesas,1,116839,36828
4248,465,2023-08-27,Electrodomesticos,Microondas,3,759738,138323
4241,465,2023-09-03,Deportes,Colchoneta,1,53704,16873
4249,465,2023-09-16,Tecnologia,Mouse,1,79507,14060
4250,465,2023-09-28,Vestuario,Polera,2,35174,14701
4242,465,2023-09-29,Deportes,Pesas,1,40518,12266
4240,465,2023-11-06,Hogar,Cafetera,1,109154,24981
4245,465,2023-12-19,Electrodomesticos,Lavadora,2,239092,40476
4244,465,2023-12-29,Electrodomesticos,Secadora,2,411930,58788
4247,465,2024-01-10,Tecnologia,Teclado,2,337875,63079
4243,465,2024-02-21,Vestuario,Pantalon,4,125834,43827
4251,466,2023-01-13,Hogar,Cortinas,1,99186,27761
4254,466,2023-02-05,Tecnologia,Router,3,753430,154284
4255,466,2023-03-28,Hogar,Hervidor,1,83727,21248
4257,466,2023-04-21,Electrodomesticos,Plancha,1,136951,20796
4260,466,2023-04-26,Deportes,Guantes,1,44024,14277
4258,466,2023-06-01,Hogar,Cortinas,2,248566,64042
4252,466,2023-07-05,Tecnologia,Monitor,1,216376,52469
4259,466,2023-08-03,Hogar,Alfombra,3,273299,83420
4256,466,2023-08-24,Tecnologia,Smartwatch,1,230860,34077
4253,466,2023-10-14,Hogar,Organizador,3,354298,79222
4261,467,2023-09-23,Tecnologia,Notebook,2,365238,67529
4268,467,2023-09-24,Electrodomesticos,Lavadora,4,727490,161122
4272,467,2023-10-07,Tecnologia,Tablet,1,277032,55017
4271,467,2023-10-21,Tecnologia,Router,1,234314,56451
4264,467,2023-12-23,Deportes,Pesas,2,160639,34592
4262,467,2024-01-07,Vestuario,Chaqueta,1,38883,12329
4273,467,2024-01-16,Vestuario,Calcetines,1,43150,16212
4263,467,2024-02-02,Vestuario,Camisa,3,89354,42220
4266,467,2024-02-19,Deportes,Colchoneta,2,145100,42910
4265,467,2024-02-24,Hogar,Alfombra,1,91321,28162
4270,467,2024-04-08,Tecnologia,Monitor,1,77000,15891
4269,467,2024-04-28,Tecnologia,Smartwatch,2,543276,102352
4267,467,2024-05-13,Vestuario,Polera,1,16440,5125
4274,468,2023-12-23,Deportes,Poleron,1,83640,24983
4276,468,2024-01-18,Deportes,Botella,1,51889,16621
4280,468,2024-03-08,Electrodomesticos,Lavadora,1,178682,30715
4275,468,2024-06-14,Vestuario,Buzo,1,28929,8440
4281,468,2024-06-18,Tecnologia,Tablet,2,267401,51547
4279,468,2024-06-27,Vestuario,Vestido,2,122509,37408
4278,468,2024-07-07,Hogar,Lampara,1,88067,23941
4277,468,2024-08-20,Tecnologia,Monitor,2,179330,38445
4282,469,2022-06-14,Deportes,Short,1,105161,27231
4288,469,2022-06-22,Electrodomesticos,Licuadora,1,132608,25019
4284,469,2022-07-14,Electrodomesticos,Aspiradora,3,803121,146752
4285,469,2022-07-16,Tecnologia,Audifonos,1,219995,32135
4286,469,2022-09-07,Hogar,Mesa,1,31500,9559
4287,469,2022-10-18,Vestuario,Jeans,3,53004,15543
4289,469,2022-11-28,Deportes,Balon,3,245042,63476
4283,469,2022-12-21,Electrodomesticos,Refrigerador,1,275992,39406
4290,470,2023-06-19,Vestuario,Zapatillas,4,228468,93061
4295,470,2023-07-18,Deportes,Balon,2,108964,28852
4293,470,2023-07-22,Tecnologia,Mouse,1,216399,45828
4296,470,2023-11-02,Hogar,Silla,2,227886,78306
4297,470,2023-11-04,Tecnologia,Notebook,2,497626,80240
4292,470,2023-11-27,Vestuario,Zapatillas,1,72895,25515
4294,470,2023-12-24,Tecnologia,Tablet,4,577886,115890
4291,470,2024-01-22,Vestuario,Zapatillas,2,53683,19143
4298,471,2023-12-24,Vestuario,Gorro,1,13306,4906
4300,471,2023-12-26,Hogar,Lampara,1,100666,26323
4308,471,2024-01-02,Electrodomesticos,Licuadora,2,353426,49998
4303,471,2024-02-04,Vestuario,Polera,4,174946,47205
4301,471,2024-02-07,Electrodomesticos,Refrigerador,1,99138,21621
4302,471,2024-02-23,Tecnologia,Audifonos,1,135040,23458
4299,471,2024-03-20,Tecnologia,Smartwatch,3,738756,144194
4304,471,2024-03-22,Deportes,Botella,1,80148,26314
4310,471,2024-03-29,Tecnologia,Impresora,2,315386,58042
4306,471,2024-05-08,Vestuario,Chaqueta,1,38347,13522
4309,471,2024-07-08,Electrodomesticos,Lavadora,3,429269,71350
4305,471,2024-09-20,Vestuario,Polera,1,33324,12026
4307,471,2024-12-28,Electrodomesticos,Licuadora,1,258676,42223
4311,472,2023-09-16,Vestuario,Pantalon,2,133482,44267
4319,472,2023-09-30,Deportes,Pesas,2,139554,37294
4314,472,2023-11-03,Deportes,Colchoneta,3,315101,88174
4315,472,2023-11-07,Vestuario,Jeans,4,132702,46362
4316,472,2023-11-10,Deportes,Colchoneta,2,194087,52044
4313,472,2023-11-11,Tecnologia,Smartphone,1,108712,19249
4320,472,2023-12-01,Vestuario,Zapatillas,1,91557,39800
4317,472,2024-02-20,Vestuario,Chaqueta,2,135972,45167
4312,472,2024-04-17,Tecnologia,Tablet,1,376802,82708
4318,472,2024-05-07,Tecnologia,Router,1,216592,51968
4321,473,2023-06-06,Deportes,Pesas,1,60196,21802
4322,473,2023-06-12,Tecnologia,Mouse,1,265328,62129
4324,473,2023-07-27,Tecnologia,Router,1,165211,29308
4325,473,2023-08-11,Deportes,Botella,1,75781,22116
4323,473,2023-09-28,Vestuario,Pantalon,3,53803,18574
4326,474,2023-06-08,Tecnologia,Monitor,1,131075,25068
4327,474,2023-06-10,Electrodomesticos,Aspiradora,1,133810,22063
4329,474,2023-07-24,Tecnologia,Router,1,156517,32655
4330,474,2023-08-07,Vestuario,Calcetines,3,239768,58743
4331,474,2023-11-10,Electrodomesticos,Lavadora,1,181719,34372
4333,474,2024-01-20,Electrodomesticos,Cocina,3,539532,81677
4332,474,2024-08-22,Vestuario,Polera,6,226461,71395
4328,474,2024-12-26,Electrodomesticos,Horno,2,402203,66069
4334,475,2023-09-17,Tecnologia,Teclado,1,177654,30863
4340,475,2023-09-18,Tecnologia,Audifonos,1,286538,64113
4339,475,2023-09-25,Tecnologia,Tablet,3,836678,129663
4338,475,2023-10-09,Vestuario,Buzo,2,60903,24588
4341,475,2023-10-14,Deportes,Botella,1,51765,14465
4337,475,2023-10-30,Electrodomesticos,Licuadora,1,63000,14640
4335,475,2023-11-03,Deportes,Bicicleta,3,296109,77767
4345,475,2023-11-16,Electrodomesticos,Plancha,1,334948,53309
4336,475,2023-11-20,Tecnologia,Mouse,2,438293,85444
4343,475,2024-03-02,Electrodomesticos,Lavadora,3,526439,111078
4342,475,2024-03-10,Vestuario,Pantalon,3,126892,48536
4344,475,2024-04-01,Vestuario,Pantalon,2,106351,32175
4346,476,2023-03-22,Tecnologia,Tablet,2,670635,134614
4352,476,2023-03-25,Electrodomesticos,Microondas,5,1055618,185244
4355,476,2023-04-02,Hogar,Hervidor,4,406386,96141
4350,476,2023-04-05,Vestuario,Jeans,3,75590,26070
4347,476,2023-04-08,Deportes,Balon,1,61704,17708
4359,476,2023-04-12,Vestuario,Camisa,1,59874,21018
4348,476,2023-04-30,Deportes,Balon,1,41073,13154
4353,476,2023-06-03,Deportes,Bicicleta,2,195193,58485
4351,476,2023-07-16,Deportes,Botella,1,104066,29465
4356,476,2023-08-02,Hogar,Cafetera,2,228473,59138
4358,476,2023-08-20,Tecnologia,Tablet,2,396096,69416
4354,476,2023-09-05,Deportes,Raqueta,1,24500,7854
4357,476,2023-09-17,Tecnologia,Notebook,1,167288,28586
4360,476,2023-09-27,Deportes,Balon,1,83371,30410
4349,476,2024-03-11,Tecnologia,Impresora,2,157385,34903
4361,477,2023-04-17,Vestuario,Camisa,1,31851,10873
4366,477,2023-05-05,Vestuario,Vestido,2,182729,74205
4362,477,2023-05-06,Tecnologia,Smartphone,3,721443,124739
4367,477,2023-05-09,Deportes,Colchoneta,1,54007,16316
4364,477,2023-05-21,Tecnologia,Notebook,4,1028520,229270
4370,477,2023-06-01,Electrodomesticos,Secadora,2,251460,47655
4369,477,2023-06-11,Electrodomesticos,Plancha,1,159230,29571
4368,477,2023-07-18,Deportes,Poleron,1,107850,32745
4365,477,2023-09-17,Vestuario,Vestido,1,41734,15159
4363,477,2024-08-09,Electrodomesticos,Refrigerador,1,161931,28325
4371,478,2024-02-09,Tecnologia,Router,1,405862,88665
4378,478,2024-02-28,Tecnologia,Monitor,3,568113,98979
4375,478,2024-03-21,Electrodomesticos,Aspiradora,2,376372,62185
4373,478,2024-04-11,Vestuario,Buzo,3,82371,30722
4379,478,2024-04-22,Tecnologia,Monitor,1,279847,48377
4372,478,2024-06-29,Tecnologia,Smartphone,1,302742,51876
4374,478,2024-12-22,Vestuario,Camisa,1,12307,3843
4377,478,2024-12-22,Deportes,Balon,1,118827,30809
4376,478,2024-12-31,Tecnologia,Monitor,2,535463,106743
4380,479,2023-02-21,Hogar,Organizador,1,79958,29496
4384,479,2023-02-21,Tecnologia,Tablet,1,164007,32697
4386,479,2023-02-25,Vestuario,Buzo,1,62082,27745
4381,479,2023-02-27,Vestuario,Calcetines,1,32590,12261
4390,479,2023-02-27,Hogar,Termo,3,238712,63319
4382,479,2023-04-08,Vestuario,Gorro,1,65394,16870
4389,479,2023-04-15,Hogar,Cafetera,1,74917,16242
4383,479,2023-06-17,Tecnologia,Smartphone,1,221677,48521
4388,479,2023-08-02,Deportes,Colchoneta,5,422756,143701
4385,479,2023-10-15,Vestuario,Buzo,2,35223,15533
4387,479,2024-04-27,Electrodomesticos,Lavadora,2,483169,92078
4391,480,2024-10-20,Hogar,Lampara,4,216838,65234
4401,480,2024-10-22,Electrodomesticos,Licuadora,1,120338,19856
4396,480,2024-11-04,Tecnologia,Teclado,4,1000113,230627
4398,480,2024-11-08,Electrodomesticos,Horno,1,118296,19882
4394,480,2024-11-18,Deportes,Bicicleta,1,123849,38888
4400,480,2024-11-27,Deportes,Pesas,1,108852,30057
4393,480,2024-12-07,Tecnologia,Mouse,2,470158,85653
4404,480,2024-12-17,Deportes,Botella,1,79670,24862
4392,480,2024-12-22,Hogar,Alfombra,3,190481,48332
4405,480,2024-12-23,Electrodomesticos,Licuadora,1,112641,20425
4397,480,2024-12-26,Hogar,Cafetera,1,76067,19534
4399,480,2024-12-26,Vestuario,Buzo,1,60189,18887
4403,480,2024-12-27,Deportes,Casco,1,38225,10693
4395,480,2024-12-29,Deportes,Casco,2,172282,46518
4402,480,2024-12-29,Hogar,Cafetera,1,79176,21612
4406,481,2022-08-23,Electrodomesticos,Secadora,2,375596,78216
4411,481,2022-08-30,Deportes,Raqueta,5,472961,132673
4407,481,2022-09-02,Tecnologia,Smartwatch,3,500591,88230
4412,481,2022-10-09,Hogar,Organizador,3,321612,84035
4408,481,2022-10-20,Electrodomesticos,Refrigerador,2,474453,73950
4409,481,2022-11-21,Deportes,Pesas,2,186285,46790
4410,481,2023-03-11,Deportes,Pesas,2,111949,26484
4413,482,2022-01-26,Deportes,Botella,2,129572,28912
4414,482,2022-02-21,Hogar,Hervidor,1,65578,17824
4417,482,2022-02-25,Deportes,Botella,2,99695,32571
4416,482,2022-03-01,Electrodomesticos,Secadora,2,588274,96389
4415,482,2022-06-13,Deportes,Colchoneta,1,54024,13706
4418,483,2023-04-21,Tecnologia,Teclado,3,578044,119090
4421,483,2023-05-18,Vestuario,Chaqueta,2,90220,25605
4425,483,2023-05-23,Hogar,Organizador,3,301043,94707
4427,483,2023-05-26,Hogar,Organizador,1,31500,7522
4420,483,2023-06-16,Electrodomesticos,Cocina,4,301242,55438
4419,483,2023-06-23,Hogar,Cafetera,3,277921,94304
4428,483,2023-07-25,Electrodomesticos,Plancha,3,664471,155486
4424,483,2023-11-09,Vestuario,Gorro,1,30034,9329
4423,483,2023-12-03,Hogar,Organizador,4,357894,91064
4422,483,2024-01-10,Deportes,Guantes,1,82070,24870
4426,483,2024-10-04,Hogar,Sofa,3,405714,108452
4429,484,2023-10-09,Vestuario,Buzo,1,69354,22560
4438,484,2023-10-09,Vestuario,Camisa,3,91719,30935
4432,484,2023-10-22,Deportes,Pesas,3,150924,37513
4440,484,2023-12-07,Deportes,Balon,1,47292,12223
4434,484,2023-12-23,Tecnologia,Teclado,1,380464,82978
4439,484,2024-01-04,Deportes,Balon,1,54222,16541
4437,484,2024-01-08,Hogar,Organizador,3,371092,104105
4435,484,2024-02-16,Deportes,Guantes,1,67948,22232
4430,484,2024-02-28,Tecnologia,Teclado,2,586567,130464
4431,484,2024-04-26,Deportes,Bicicleta,1,60736,12755
4436,484,2024-04-29,Tecnologia,Audifonos,1,277414,63120
4433,484,2024-06-18,Deportes,Colchoneta,2,156010,52436
4441,485,2023-09-24,Electrodomesticos,Cocina,1,113476,18312
4444,485,2023-11-06,Vestuario,Zapatillas,3,133173,37700
4443,485,2023-11-13,Tecnologia,Teclado,1,90084,21020
4442,485,2023-11-15,Vestuario,Vestido,2,32166,10370
4445,485,2024-01-22,Tecnologia,Teclado,4,1206420,220010
4446,486,2023-01-13,Electrodomesticos,Lavadora,1,186964,33951
4448,486,2023-01-22,Electrodomesticos,Lavadora,1,106291,19860
4449,486,2023-01-23,Vestuario,Buzo,2,68771,27647
4447,486,2023-02-09,Vestuario,Calcetines,1,57212,16290
4450,487,2022-03-11,Deportes,Guantes,2,256807,76095
4454,487,2022-04-10,Hogar,Cortinas,2,119254,32997
4452,487,2022-05-23,Vestuario,Gorro,1,17114,5907
4456,487,2022-07-06,Tecnologia,Mouse,1,77000,17158
4455,487,2022-07-23,Hogar,Organizador,1,107246,34318
4457,487,2023-01-10,Electrodomesticos,Secadora,1,171297,29944
4451,487,2023-04-24,Vestuario,Gorro,1,61902,22674
4453,487,2024-02-28,Tecnologia,Impresora,2,466930,102635
4458,488,2022-08-16,Electrodomesticos,Refrigerador,3,694367,128810
4464,488,2022-08-31,Hogar,Cafetera,1,97444,24408
4466,488,2022-08-31,Hogar,Lampara,1,123331,36106
4459,488,2022-12-06,Electrodomesticos,Aspiradora,1,173513,32613
4465,488,2023-01-26,Vestuario,Gorro,2,165680,59865
4462,488,2023-02-01,Deportes,Guantes,1,56176,13227
4468,488,2023-02-16,Tecnologia,Teclado,1,283872,64664
4463,488,2023-04-08,Tecnologia,Impresora,2,611414,123762
4460,488,2023-11-22,Electrodomesticos,Purificador,3,338086,69005
4467,488,2024-01-08,Electrodomesticos,Purificador,4,252000,40327
4461,488,2024-02-08,Hogar,Cortinas,1,106327,26379
4469,489,2023-07-07,Hogar,Hervidor,1,85358,24274
4471,489,2023-08-02,Tecnologia,Audifonos,2,451317,69668
4478,489,2023-08-04,Vestuario,Gorro,2,20250,6080
4480,489,2023-08-09,Vestuario,Pantalon,2,52999,19574
4472,489,2023-08-16,Hogar,Cafetera,2,75800,21147
4474,489,2023-08-16,Hogar,Alfombra,4,370258,88890
4473,489,2023-08-22,Tecnologia,Smartphone,2,270243,49466
4477,489,2023-09-17,Hogar,Cafetera,1,31500,9188
4470,489,2023-12-06,Vestuario,Vestido,3,77500,25373
4476,489,2023-12-17,Deportes,Guantes,1,127591,29222
4479,489,2024-04-23,Deportes,Botella,3,124661,41984
4475,489,2024-06-17,Electrodomesticos,Horno,1,112323,23151
4481,489,2024-06-19,Electrodomesticos,Purificador,1,107157,22729
4482,490,2023-10-30,Electrodomesticos,Refrigerador,4,957541,179261
4486,490,2023-11-08,Hogar,Termo,2,173395,38544
4485,490,2023-11-18,Vestuario,Vestido,1,29805,9878
4490,490,2023-11-19,Electrodomesticos,Refrigerador,2,300899,44453
4492,490,2023-12-13,Tecnologia,Smartphone,1,125032,25633
4489,490,2024-01-11,Hogar,Cafetera,5,507882,149435
4493,490,2024-02-16,Vestuario,Jeans,1,49211,18945
4487,490,2024-04-18,Hogar,Alfombra,7,600035,173348
4484,490,2024-05-05,Tecnologia,Tablet,1,253106,56569
4483,490,2024-08-18,Electrodomesticos,Licuadora,1,194351,29041
4494,490,2024-11-02,Hogar,Mesa,1,37840,9700
4488,490,2024-12-25,Tecnologia,Tablet,2,485644,90176
4491,490,2024-12-31,Vestuario,Zapatillas,1,24894,7606
4495,491,2023-06-13,Electrodomesticos,Licuadora,2,369080,54979
4503,491,2023-06-24,Deportes,Poleron,3,219344,64242
4497,491,2023-07-16,Hogar,Organizador,1,139404,36297
4501,491,2023-09-05,Electrodomesticos,Microondas,1,196307,32043
4496,491,2023-11-07,Vestuario,Polera,2,102876,26588
4500,491,2024-01-06,Hogar,Lampara,1,101933,25820
4502,491,2024-01-12,Hogar,Cafetera,1,85996,20418
4499,491,2024-04-18,Tecnologia,Monitor,1,166165,23263
4498,491,2024-05-19,Deportes,Guantes,3,226446,69272
4504,492,2023-12-23,Tecnologia,Monitor,1,258671,45755
4506,492,2024-01-02,Electrodomesticos,Refrigerador,3,733376,128275
4507,492,2024-01-28,Deportes,Short,3,249071,69527
4509,492,2024-02-15,Electrodomesticos,Aspiradora,1,263408,43746
4505,492,2024-02-24,Tecnologia,Router,1,310805,66554
4512,492,2024-03-12,Tecnologia,Mouse,2,508978,116570
4513,492,2024-03-25,Vestuario,Camisa,2,78138,29026
4511,492,2024-05-25,Tecnologia,Smartwatch,2,352398,80632
4508,492,2024-06-17,Deportes,Raqueta,1,71359,23803
4510,492,2024-06-18,Tecnologia,Notebook,1,338643,81317
4514,493,2023-10-17,Electrodomesticos,Purificador,1,245498,42499
4521,493,2023-11-08,Hogar,Termo,1,143982,41537
4522,493,2023-11-23,Hogar,Cafetera,1,40828,9665
4523,493,2023-11-27,Deportes,Pesas,2,115825,32251
4516,493,2024-01-10,Vestuario,Gorro,1,27431,9728
4517,493,2024-02-18,Electrodomesticos,Horno,4,389092,73769
4515,493,2024-04-05,Vestuario,Polera,3,66883,25237
4519,493,2024-04-16,Hogar,Cortinas,2,212112,49158
4518,493,2024-06-15,Hogar,Silla,2,207222,55364
4520,493,2024-09-02,Vestuario,Buzo,1,33830,11794
4524,494,2024-07-11,Hogar,Silla,1,171887,50741
4539,494,2024-07-16,Electrodomesticos,Secadora,2,247943,51638
4537,494,2024-07-21,Deportes,Pesas,2,238635,65618
4527,494,2024-08-02,Hogar,Cortinas,1,71222,23262
4533,494,2024-08-08,Deportes,Poleron,3,171703,62650
4528,494,2024-08-14,Deportes,Botella,1,55398,20418
4536,494,2024-08-16,Electrodomesticos,Aspiradora,1,149670,30498
4538,494,2024-08-16,Deportes,Pesas,2,155124,48912
4530,494,2024-09-09,Vestuario,Chaqueta,1,26684,11486
4531,494,2024-10-04,Tecnologia,Impresora,1,342219,60575
4526,494,2024-11-05,Deportes,Bicicleta,1,90618,30638
4540,494,2024-11-11,Tecnologia,Router,3,1004174,194621
4534,494,2024-12-22,Tecnologia,Audifonos,1,183713,36544
4535,494,2024-12-22,Vestuario,Gorro,3,153434,44521
4532,494,2024-12-24,Vestuario,Vestido,2,70792,26575
4529,494,2024-12-27,Electrodomesticos,Refrigerador,1,176099,27201
4525,494,2024-12-28,Electrodomesticos,Licuadora,3,400580,62312
4542,495,2024-12-21,Deportes,Poleron,1,49391,12856
4545,495,2024-12-24,Electrodomesticos,Lavadora,1,169277,29075
4543,495,2024-12-25,Tecnologia,Smartphone,1,214264,43226
4546,495,2024-12-28,Vestuario,Gorro,1,33802,9774
4541,495,2024-12-31,Hogar,Silla,2,353216,94656
4544,495,2024-12-31,Deportes,Colchoneta,1,106449,30159
4547,496,2024-06-10,Electrodomesticos,Plancha,1,68901,13499
4550,496,2024-07-05,Vestuario,Gorro,2,73418,28576
4553,496,2024-07-05,Deportes,Poleron,2,151093,44228
4549,496,2024-08-14,Deportes,Balon,2,160172,43180
4548,496,2024-09-01,Tecnologia,Notebook,1,208038,41393
4551,496,2024-10-17,Vestuario,Gorro,3,65081,26817
4552,496,2024-12-27,Deportes,Guantes,1,62025,16626
4554,497,2023-12-24,Hogar,Silla,1,87612,23767
4560,497,2023-12-27,Hogar,Silla,1,100098,25485
4558,497,2024-02-04,Tecnologia,Smartwatch,1,146730,30784
4559,497,2024-04-18,Tecnologia,Smartwatch,1,262075,56067
4556,497,2024-04-20,Tecnologia,Tablet,1,98221,21096
4561,497,2024-05-03,Hogar,Termo,4,276843,65845
4557,497,2024-06-25,Tecnologia,Teclado,2,349444,59179
4555,497,2024-12-30,Deportes,Raqueta,1,66092,22031
4562,498,2024-08-24,Electrodomesticos,Plancha,2,401496,70649
4568,498,2024-09-04,Tecnologia,Smartwatch,1,209541,41899
4565,498,2024-10-02,Vestuario,Pantalon,2,108194,41174
4570,498,2024-10-06,Vestuario,Buzo,1,9762,3178
4564,498,2024-10-27,Tecnologia,Impresora,1,377745,78093
4569,498,2024-11-27,Tecnologia,Monitor,1,313716,45251
4567,498,2024-12-08,Hogar,Termo,2,216016,59774
4566,498,2024-12-24,Electrodomesticos,Plancha,1,157260,23332
4563,498,2024-12-27,Electrodomesticos,Microondas,1,186482,37654
4571,499,2023-07-30,Deportes,Pesas,1,67222,19313
4576,499,2023-08-05,Deportes,Pesas,2,94531,27139
4572,499,2023-08-12,Deportes,Balon,2,160104,45483
4578,499,2023-08-31,Vestuario,Calcetines,4,188250,72326
4573,499,2023-09-09,Hogar,Cortinas,2,261806,82843
4580,499,2023-09-09,Tecnologia,Tablet,1,374674,82720
4577,499,2023-10-12,Tecnologia,Mouse,1,339692,90173
4575,499,2023-10-20,Electrodomesticos,Purificador,1,147016,30447
4574,499,2023-11-30,Hogar,Cafetera,1,97227,27391
4579,499,2024-03-28,Hogar,Hervidor,2,163237,53839
4581,500,2023-04-14,Electrodomesticos,Lavadora,7,535676,101540
4586,500,2023-04-19,Hogar,Silla,1,117057,37365
4587,500,2023-06-24,Tecnologia,Impresora,1,257290,54020
4588,500,2023-07-16,Deportes,Colchoneta,1,47000,17033
4583,500,2023-07-20,Electrodomesticos,Aspiradora,1,159686,33517
4582,500,2023-09-08,Deportes,Raqueta,1,55718,15428
4584,500,2023-10-17,Electrodomesticos,Licuadora,1,178688,39926
4590,500,2024-02-05,Vestuario,Jeans,1,45901,16166
4589,500,2024-02-23,Vestuario,Jeans,1,27165,9964
4585,500,2024-12-29,Tecnologia,Smartphone,6,1812545,352774
4591,501,2023-02-19,Tecnologia,Monitor,1,132548,24670
4593,501,2023-02-28,Electrodomesticos,Purificador,1,176191,27693
4595,501,2023-03-25,Electrodomesticos,Refrigerador,1,107782,20398
4592,501,2023-08-01,Electrodomesticos,Lavadora,1,160791,27327
4596,501,2023-08-09,Deportes,Casco,2,182444,55747
4594,501,2023-10-09,Electrodomesticos,Lavadora,4,564931,84468
4597,502,2023-05-13,Deportes,Poleron,1,80572,25193
4598,502,2023-05-21,Electrodomesticos,Secadora,1,171337,32542
4605,502,2023-06-30,Tecnologia,Impresora,2,487957,111246
4601,502,2023-07-08,Electrodomesticos,Purificador,2,400694,70724
4606,502,2023-07-08,Deportes,Colchoneta,2,146403,43175
4599,502,2023-07-21,Deportes,Short,1,60675,18140
4600,502,2023-07-31,Hogar,Silla,1,73378,21119
4602,502,2023-08-14,Electrodomesticos,Purificador,3,533788,102690
4604,502,2023-08-31,Hogar,Hervidor,3,368603,90403
4603,502,2024-01-05,Tecnologia,Teclado,1,193454,45514
4607,503,2023-03-26,Hogar,Organizador,4,465137,133424
4616,503,2023-03-29,Deportes,Balon,1,83451,28902
4615,503,2023-03-30,Hogar,Alfombra,1,111867,35246
4608,503,2023-03-31,Electrodomesticos,Secadora,1,113163,24303
4612,503,2023-05-09,Deportes,Colchoneta,1,69745,22160
4610,503,2023-05-16,Hogar,Cafetera,2,236602,65815
4613,503,2023-05-30,Hogar,Organizador,2,172153,48774
4618,503,2023-05-30,Vestuario,Zapatillas,1,25729,8126
4617,503,2023-06-13,Vestuario,Calcetines,4,114256,41774
4614,503,2023-06-23,Vestuario,Vestido,2,66055,21517
4611,503,2023-06-27,Vestuario,Camisa,1,24723,8083
4619,503,2023-07-15,Vestuario,Vestido,1,42096,17710
4609,503,2023-11-02,Tecnologia,Impresora,1,212053,37222
4620,504,2023-02-05,Hogar,Sofa,3,321943,97153
4624,504,2023-02-06,Hogar,Cafetera,2,122843,34758
4623,504,2023-02-12,Hogar,Mesa,1,72744,17297
4627,504,2023-04-10,Electrodomesticos,Plancha,3,351769,63017
4625,504,2023-04-24,Tecnologia,Smartwatch,1,217167,42174
4621,504,2023-05-12,Vestuario,Zapatillas,1,59534,23882
4622,504,2023-05-19,Electrodomesticos,Plancha,1,254375,36479
4626,504,2023-08-11,Vestuario,Jeans,2,130846,42636
4628,505,2023-11-11,Hogar,Silla,1,149036,40776
4633,505,2023-12-23,Tecnologia,Smartwatch,1,254604,56462
4632,505,2024-02-22,Tecnologia,Tablet,1,194411,44005
4630,505,2024-03-17,Electrodomesticos,Horno,1,201384,33529
4631,505,2024-06-18,Electrodomesticos,Refrigerador,4,621826,115396
4629,505,2024-12-23,Vestuario,Buzo,1,42037,11971
4634,506,2023-12-01,Tecnologia,Monitor,1,155616,32064
4641,506,2023-12-04,Vestuario,Polera,1,50840,15359
4636,506,2023-12-16,Hogar,Organizador,1,31500,7645
4642,506,2023-12-30,Deportes,Colchoneta,1,98658,28286
4637,506,2024-01-09,Vestuario,Buzo,4,64381,26804
4643,506,2024-01-16,Electrodomesticos,Microondas,1,231659,52661
4639,506,2024-01-26,Hogar,Alfombra,2,180027,47909
4638,506,2024-02-09,Tecnologia,Audifonos,1,248040,53276
4635,506,2024-02-28,Vestuario,Vestido,1,25008,7989
4640,506,2024-06-16,Electrodomesticos,Plancha,5,602983,94360
4644,507,2024-11-12,Tecnologia,Smartphone,1,238907,44220
4649,507,2024-11-13,Electrodomesticos,Aspiradora,3,565909,99165
4650,507,2024-12-03,Vestuario,Camisa,1,48727,18592
4645,507,2024-12-19,Vestuario,Gorro,2,81026,29262
4648,507,2024-12-22,Deportes,Poleron,1,63237,14871
4646,507,2024-12-28,Vestuario,Zapatillas,1,16641,4584
4647,507,2024-12-29,Tecnologia,Teclado,2,422821,81645
4652,507,2024-12-29,Electrodomesticos,Horno,2,476680,74242
4653,507,2024-12-29,Hogar,Termo,1,117872,21255
4651,507,2024-12-31,Tecnologia,Router,5,1216996,210889
4654,508,2024-06-17,Deportes,Colchoneta,1,56589,15761
4659,508,2024-07-09,Deportes,Short,1,52589,14930
4661,508,2024-07-18,Hogar,Termo,4,351197,127688
4660,508,2024-07-26,Deportes,Short,1,50467,15459
4662,508,2024-12-23,Deportes,Bicicleta,1,58203,20562
4655,508,2024-12-25,Tecnologia,Tablet,1,108424,20337
4657,508,2024-12-29,Vestuario,Gorro,3,126576,44520
4656,508,2024-12-30,Electrodomesticos,Purificador,1,255326,36584
4658,508,2024-12-30,Deportes,Guantes,3,131709,33416
4663,509,2023-02-10,Electrodomesticos,Cocina,3,662856,123904
4664,509,2023-02-20,Deportes,Botella,2,110837,33469
4669,509,2023-03-11,Deportes,Raqueta,2,129093,41814
4667,509,2023-03-19,Deportes,Poleron,2,90149,30448
4668,509,2023-04-29,Deportes,Pesas,2,197020,59771
4671,509,2023-05-12,Vestuario,Buzo,3,150736,56042
4666,509,2023-08-25,Electrodomesticos,Lavadora,1,247417,48446
4670,509,2023-09-04,Tecnologia,Mouse,5,926914,199466
4665,509,2023-09-23,Hogar,Mesa,1,42286,13529
4672,510,2023-11-28,Vestuario,Zapatillas,1,81508,30339
4677,510,2023-12-04,Hogar,Hervidor,2,144391,34003
4680,510,2023-12-06,Vestuario,Gorro,1,48028,12752
4674,510,2023-12-21,Electrodomesticos,Plancha,1,159976,23414
4673,510,2024-01-07,Vestuario,Pantalon,2,44818,12348
4675,510,2024-02-28,Vestuario,Vestido,1,28414,9357
4678,510,2024-03-01,Tecnologia,Audifonos,1,99921,21501
4676,510,2024-05-27,Hogar,Lampara,1,116367,31723
4679,510,2024-07-08,Deportes,Poleron,2,155974,45132
4681,511,2023-09-03,Vestuario,Vestido,1,71008,26881
4684,511,2023-11-21,Deportes,Pesas,2,165235,47354
4683,511,2024-02-19,Tecnologia,Teclado,1,106685,18901
4682,511,2024-06-30,Vestuario,Calcetines,2,67764,27041
4685,512,2023-01-10,Vestuario,Calcetines,2,65813,21175
4689,512,2023-01-14,Hogar,Lampara,1,180000,55314
4690,512,2023-02-25,Deportes,Raqueta,2,94604,31510
4694,512,2023-02-28,Tecnologia,Teclado,1,185070,36818
4693,512,2023-03-25,Deportes,Casco,3,307906,108922
4692,512,2023-03-26,Vestuario,Polera,3,185029,57766
4686,512,2023-05-05,Hogar,Sofa,1,59825,18791
4691,512,2023-09-03,Vestuario,Jeans,2,88044,29512
4695,512,2023-09-18,Vestuario,Jeans,3,143825,38687
4688,512,2023-11-16,Hogar,Silla,1,100060,20992
4687,512,2024-01-24,Electrodomesticos,Horno,2,549109,110072
4696,513,2023-12-06,Hogar,Organizador,3,164338,47393
4699,513,2024-01-01,Electrodomesticos,Horno,1,223787,38546
4700,513,2024-01-09,Deportes,Poleron,2,241350,71089
4703,513,2024-01-27,Vestuario,Calcetines,4,213782,94466
4701,513,2024-02-19,Tecnologia,Impresora,1,274961,58290
4702,513,2024-02-21,Electrodomesticos,Microondas,1,238882,44526
4698,513,2024-04-14,Electrodomesticos,Lavadora,2,270435,49412
4704,513,2024-04-14,Deportes,Pesas,4,252706,74965
4705,513,2024-11-15,Deportes,Bicicleta,2,144130,44619
4697,513,2024-12-28,Hogar,Silla,5,613818,156720
4706,514,2024-04-30,Vestuario,Vestido,3,197279,55163
4709,514,2024-05-14,Hogar,Mesa,3,203933,63189
4707,514,2024-05-23,Electrodomesticos,Purificador,2,347742,71153
4710,514,2024-08-17,Electrodomesticos,Secadora,1,63000,10371
4708,514,2024-12-04,Deportes,Raqueta,1,80295,25221
4711,515,2024-09-20,Electrodomesticos,Purificador,4,454153,74088
4713,515,2024-09-25,Hogar,Termo,1,57621,20942
4712,515,2024-09-29,Deportes,Casco,1,95113,24664
4715,515,2024-10-19,Vestuario,Gorro,1,28019,10427
4716,515,2024-12-21,Vestuario,Jeans,2,65372,22887
4714,515,2024-12-22,Vestuario,Calcetines,6,281936,106572
4717,515,2024-12-28,Deportes,Guantes,2,140726,38315
4719,515,2024-12-28,Vestuario,Buzo,3,72826,20579
4718,515,2024-12-29,Hogar,Organizador,3,306307,82447
4720,516,2023-01-15,Hogar,Lampara,2,114827,33770
4722,516,2023-01-28,Deportes,Guantes,1,79244,23620
4726,516,2023-02-08,Electrodomesticos,Aspiradora,4,688575,162174
4725,516,2023-03-03,Electrodomesticos,Purificador,1,227875,43832
4728,516,2023-03-04,Tecnologia,Smartwatch,4,1059470,174389
4721,516,2023-04-03,Hogar,Hervidor,3,322906,75783
4727,516,2023-04-22,Tecnologia,Notebook,2,530435,107717
4730,516,2023-06-14,Electrodomesticos,Plancha,1,229319,42604
4729,516,2023-06-16,Electrodomesticos,Cocina,3,474941,94097
4723,516,2023-09-11,Tecnologia,Teclado,3,810235,148865
4724,516,2023-10-10,Vestuario,Calcetines,1,25074,6938
4731,517,2022-02-26,Vestuario,Gorro,2,56329,19999
4733,517,2022-04-20,Tecnologia,Mouse,4,308000,53781
4734,517,2022-05-01,Tecnologia,Smartwatch,1,77000,12818
4732,517,2022-05-09,Vestuario,Camisa,1,34391,12467
4737,517,2022-05-20,Hogar,Hervidor,1,61668,20701
4735,517,2022-06-07,Electrodomesticos,Microondas,2,282865,52359
4736,517,2022-09-01,Hogar,Cafetera,4,320678,97410
4738,517,2022-09-11,Electrodomesticos,Microondas,3,579238,98188
4739,518,2023-07-22,Deportes,Short,1,27553,8072
4745,518,2023-08-04,Deportes,Bicicleta,1,53897,16511
4748,518,2023-10-19,Tecnologia,Teclado,5,652536,139586
4741,518,2023-10-23,Tecnologia,Mouse,3,400986,101717
4747,518,2023-11-11,Hogar,Lampara,2,173305,42098
4742,518,2023-11-20,Vestuario,Buzo,4,253123,88136
4746,518,2023-11-29,Vestuario,Gorro,2,46193,13154
4740,518,2023-12-28,Vestuario,Chaqueta,1,86211,25182
4744,518,2024-02-05,Deportes,Poleron,2,211696,63619
4743,518,2024-04-26,Hogar,Mesa,4,434928,114023
4749,519,2023-06-22,Electrodomesticos,Refrigerador,1,63000,12177
4750,519,2023-07-17,Electrodomesticos,Microondas,1,156581,26859
4751,519,2023-08-30,Vestuario,Gorro,1,23593,7760
4752,519,2024-02-15,Electrodomesticos,Licuadora,2,312811,63860
4753,520,2023-09-20,Tecnologia,Mouse,1,383038,62174
4756,520,2023-09-26,Tecnologia,Notebook,1,207998,38630
4761,520,2023-09-27,Hogar,Sofa,1,87408,25054
4759,520,2023-10-06,Hogar,Hervidor,2,63000,19894
4754,520,2023-11-25,Electrodomesticos,Lavadora,2,209658,39330
4760,520,2024-05-06,Vestuario,Gorro,1,76013,22156
4755,520,2024-07-26,Deportes,Balon,1,67742,20002
4757,520,2024-08-18,Tecnologia,Mouse,1,326699,60718
4758,520,2024-09-12,Tecnologia,Notebook,1,242875,46642
4762,521,2022-12-10,Hogar,Mesa,2,239270,64617
4764,521,2023-01-01,Deportes,Short,2,92895,27828
4769,521,2023-01-27,Tecnologia,Tablet,2,659428,137766
4765,521,2023-02-20,Tecnologia,Notebook,1,236949,40532
4763,521,2023-03-24,Hogar,Alfombra,3,242232,76047
4771,521,2023-04-03,Vestuario,Gorro,4,200658,73585
4768,521,2023-04-19,Tecnologia,Audifonos,2,272150,58988
4770,521,2023-05-20,Deportes,Colchoneta,1,60894,17814
4767,521,2023-07-22,Vestuario,Pantalon,1,35744,13422
4772,521,2023-09-23,Deportes,Colchoneta,3,198827,65789
4766,521,2024-03-08,Hogar,Sofa,2,196390,55539
4773,522,2022-12-26,Vestuario,Jeans,1,24231,8024
4776,522,2023-01-31,Electrodomesticos,Licuadora,2,384843,68700
4774,522,2023-03-12,Vestuario,Zapatillas,1,45347,16083
4775,522,2023-04-23,Electrodomesticos,Licuadora,2,290822,58951
4777,523,2023-02-18,Tecnologia,Monitor,1,165267,31465
4783,523,2023-02-23,Tecnologia,Smartphone,3,344403,80421
4779,523,2023-02-27,Deportes,Botella,1,48229,15507
4778,523,2023-03-25,Vestuario,Buzo,1,25958,7970
4785,523,2023-04-13,Electrodomesticos,Microondas,1,235795,43587
4782,523,2023-05-13,Hogar,Organizador,1,67309,21488
4780,523,2023-07-13,Deportes,Colchoneta,3,145572,38034
4781,523,2023-07-27,Vestuario,Pantalon,1,38250,13530
4784,523,2023-09-15,Electrodomesticos,Secadora,1,131085,21211
4786,523,2023-12-23,Vestuario,Zapatillas,3,82871,30109
4787,524,2024-07-21,Deportes,Bicicleta,4,381068,103951
4790,524,2024-07-24,Vestuario,Jeans,2,66134,25096
4789,524,2024-11-13,Electrodomesticos,Horno,1,164583,27133
4788,524,2024-12-26,Tecnologia,Notebook,2,569290,106779
4791,525,2023-02-23,Vestuario,Polera,2,71093,17576
4796,525,2023-03-01,Tecnologia,Teclado,4,653695,146714
4799,525,2023-03-31,Deportes,Bicicleta,1,38839,9020
4798,525,2023-04-29,Vestuario,Calcetines,1,35392,12133
4797,525,2023-07-14,Deportes,Poleron,3,120277,32890
4793,525,2023-07-24,Hogar,Silla,1,112181,33071
4794,525,2023-07-26,Hogar,Organizador,1,73808,18282
4795,525,2023-09-09,Electrodomesticos,Purificador,3,189000,31639
4792,525,2024-01-27,Deportes,Poleron,1,88750,21097
4800,526,2024-10-12,Tecnologia,Router,1,136600,22049
4801,526,2024-11-24,Vestuario,Zapatillas,4,101973,34560
4803,526,2024-11-28,Tecnologia,Teclado,2,515335,107349
4802,526,2024-12-29,Tecnologia,Smartphone,1,208288,34657
4804,527,2024-12-19,Deportes,Short,2,119728,38759
4806,527,2024-12-23,Hogar,Sofa,1,68501,17292
4810,527,2024-12-23,Tecnologia,Smartphone,1,301767,57462
4811,527,2024-12-25,Deportes,Colchoneta,1,91859,21935
4805,527,2024-12-26,Electrodomesticos,Refrigerador,3,635075,109221
4808,527,2024-12-27,Vestuario,Gorro,1,58249,19882
4807,527,2024-12-31,Deportes,Short,3,244183,65511
4809,527,2024-12-31,Hogar,Cortinas,1,85305,19819
4812,528,2023-08-19,Hogar,Sofa,1,62583,19838
4816,528,2023-10-01,Deportes,Short,1,71370,23121
4817,528,2023-10-13,Vestuario,Pantalon,1,38274,12751
4813,528,2023-10-30,Electrodomesticos,Lavadora,2,321740,55570
4815,528,2024-02-11,Vestuario,Chaqueta,1,31322,10305
4814,528,2024-02-17,Tecnologia,Audifonos,1,217733,49301
4818,529,2023-08-26,Vestuario,Gorro,2,30757,10771
4825,529,2023-09-22,Hogar,Cortinas,1,97468,25330
4820,529,2023-10-10,Vestuario,Pantalon,1,31216,13012
4819,529,2023-11-19,Vestuario,Camisa,1,115258,30478
4824,529,2023-11-30,Tecnologia,Tablet,1,256090,45746
4826,529,2023-12-08,Vestuario,Calcetines,3,171124,59424
4823,529,2023-12-29,Vestuario,Buzo,2,72373,25515
4821,529,2024-02-04,Electrodomesticos,Microondas,3,903378,163120
4822,529,2024-04-02,Hogar,Cafetera,2,179764,53083
4827,530,2023-02-26,Tecnologia,Teclado,1,298177,47158
4830,530,2023-03-08,Hogar,Termo,1,94972,26424
4832,530,2023-04-17,Vestuario,Buzo,1,37838,16814
4831,530,2023-05-11,Vestuario,Chaqueta,1,70461,23565
4828,530,2023-05-30,Deportes,Bicicleta,1,40574,13323
4829,530,2023-07-18,Tecnologia,Audifonos,1,233527,49525
4833,530,2024-09-21,Vestuario,Pantalon,1,37564,13319
4834,531,2024-03-11,Deportes,Poleron,1,90646,33302
4836,531,2024-03-30,Electrodomesticos,Refrigerador,7,764866,146781
4835,531,2024-04-03,Deportes,Balon,5,289356,98204
4839,531,2024-06-27,Electrodomesticos,Refrigerador,1,135471,27185
4838,531,2024-06-29,Electrodomesticos,Horno,4,634799,120070
4837,531,2024-09-21,Vestuario,Calcetines,2,105202,34034
4840,532,2022-07-08,Vestuario,Pantalon,2,47679,18548
4845,532,2022-07-22,Deportes,Casco,1,82486,24372
4846,532,2022-08-21,Deportes,Colchoneta,2,198616,61889
4843,532,2022-09-28,Vestuario,Vestido,2,121759,45729
4844,532,2022-10-12,Hogar,Silla,2,261670,78456
4847,532,2022-10-12,Tecnologia,Teclado,1,182753,39442
4841,532,2023-03-08,Electrodomesticos,Cocina,1,111476,20057
4842,532,2024-06-27,Hogar,Cortinas,1,108419,31238
4848,533,2022-04-24,Tecnologia,Monitor,2,382057,81118
4852,533,2022-06-18,Vestuario,Jeans,2,34488,9912
4850,533,2022-06-25,Electrodomesticos,Purificador,1,161987,28075
4853,533,2022-07-31,Deportes,Balon,4,376354,131100
4856,533,2022-08-16,Tecnologia,Monitor,1,162459,31685
4855,533,2022-09-01,Electrodomesticos,Cocina,2,303305,43537
4849,533,2022-10-08,Electrodomesticos,Refrigerador,1,187427,35727
4851,533,2022-11-29,Tecnologia,Smartwatch,1,77000,12805
4854,533,2023-10-13,Tecnologia,Smartwatch,1,264849,38742
4857,534,2022-04-04,Vestuario,Camisa,1,29252,11131
4863,534,2022-04-25,Vestuario,Pantalon,1,22655,8886
4862,534,2022-04-27,Tecnologia,Audifonos,1,247148,49311
4859,534,2022-05-05,Tecnologia,Impresora,1,307338,61679
4860,534,2022-06-05,Electrodomesticos,Licuadora,1,265878,43607
4858,534,2022-06-06,Vestuario,Chaqueta,1,53542,17144
4861,534,2022-06-18,Deportes,Poleron,1,73000,23153
4864,535,2022-07-01,Vestuario,Calcetines,2,62172,25072
4868,535,2022-07-30,Hogar,Cafetera,1,100450,27774
4872,535,2022-07-31,Tecnologia,Monitor,1,114034,19371
4871,535,2022-08-05,Tecnologia,Teclado,2,363805,67937
4870,535,2022-08-28,Electrodomesticos,Licuadora,1,123703,22338
4865,535,2022-09-16,Deportes,Casco,1,24500,6815
4866,535,2022-10-06,Tecnologia,Smartwatch,3,672174,124032
4867,535,2022-10-28,Vestuario,Buzo,1,22629,7795
4869,535,2023-07-22,Vestuario,Pantalon,3,50098,17346
4873,536,2023-07-02,Tecnologia,Smartwatch,3,851911,164729
4876,536,2023-09-24,Hogar,Hervidor,1,59161,15886
4874,536,2024-01-18,Vestuario,Jeans,4,78119,32774
4877,536,2024-02-24,Tecnologia,Monitor,1,244839,43667
4875,536,2024-03-19,Deportes,Bicicleta,2,130901,37220
4878,536,2024-04-11,Electrodomesticos,Refrigerador,1,179225,33363
4879,537,2022-05-29,Tecnologia,Impresora,1,213407,43476
4880,537,2022-07-09,Deportes,Botella,1,108427,27824
4883,537,2022-10-01,Vestuario,Polera,1,69503,24891
4881,537,2022-11-20,Hogar,Cortinas,3,267017,78028
4882,537,2023-09-13,Hogar,Silla,1,121122,30526
4886,538,2024-12-21,Tecnologia,Monitor,3,662932,134633
4889,538,2024-12-21,Tecnologia,Audifonos,2,508089,95077
4884,538,2024-12-22,Electrodomesticos,Lavadora,3,687670,98700
4890,538,2024-12-26,Vestuario,Chaqueta,1,22463,6889
4891,538,2024-12-26,Vestuario,Polera,1,18330,6707
4888,538,2024-12-28,Deportes,Short,1,99055,29390
4892,538,2024-12-28,Vestuario,Buzo,3,196354,70054
4885,538,2024-12-30,Tecnologia,Smartphone,2,381598,66902
4887,538,2024-12-31,Tecnologia,Audifonos,1,290071,62036
4893,539,2022-03-26,Tecnologia,Smartphone,3,550840,110766
4902,539,2022-04-19,Hogar,Hervidor,1,131313,31413
4897,539,2022-04-24,Tecnologia,Smartphone,2,558610,123323
4898,539,2022-04-25,Vestuario,Buzo,1,35025,12106
4901,539,2022-04-27,Deportes,Casco,2,139415,45973
4894,539,2022-05-08,Hogar,Lampara,1,81583,21825
4899,539,2022-05-09,Tecnologia,Tablet,1,87810,18626
4895,539,2022-05-16,Hogar,Alfombra,1,97690,25241
4903,539,2022-06-27,Electrodomesticos,Microondas,2,417484,71337
4900,539,2023-01-08,Vestuario,Buzo,4,294142,106768
4896,539,2023-01-14,Electrodomesticos,Plancha,5,937950,196753
4904,540,2023-11-18,Deportes,Casco,1,134816,36726
4907,540,2023-12-13,Electrodomesticos,Secadora,1,205790,36507
4913,540,2023-12-17,Electrodomesticos,Licuadora,2,455206,76658
4911,540,2023-12-19,Vestuario,Calcetines,1,20875,5132
4908,540,2023-12-23,Vestuario,Jeans,3,103271,32644
4915,540,2024-01-03,Vestuario,Pantalon,2,118526,39351
4906,540,2024-03-11,Hogar,Cafetera,1,114952,29867
4909,540,2024-03-13,Tecnologia,Tablet,3,540903,115766
4916,540,2024-04-23,Vestuario,Zapatillas,3,90748,37256
4905,540,2024-06-04,Vestuario,Vestido,1,27021,12482
4914,540,2024-07-03,Tecnologia,Smartwatch,4,747389,167917
4912,540,2024-07-16,Hogar,Alfombra,6,563476,154917
4910,540,2024-07-24,Deportes,Raqueta,1,66454,19025
4917,541,2023-01-25,Deportes,Colchoneta,1,47391,11950
4924,541,2023-03-12,Hogar,Cafetera,1,100377,27982
4918,541,2023-03-15,Hogar,Lampara,1,114238,30624
4925,541,2023-03-26,Hogar,Sofa,1,93002,23622
4921,541,2023-04-17,Hogar,Hervidor,2,278048,81665
4919,541,2023-04-27,Tecnologia,Router,2,615761,117363
4922,541,2023-06-09,Tecnologia,Monitor,1,333891,81156
4920,541,2023-09-13,Tecnologia,Notebook,3,758154,134922
4923,541,2024-01-25,Vestuario,Vestido,2,64481,22596
4926,542,2024-10-14,Electrodomesticos,Aspiradora,3,910343,168214
4927,542,2024-10-18,Tecnologia,Smartphone,3,586511,135054
4931,542,2024-10-23,Deportes,Colchoneta,2,203683,61234
4932,542,2024-11-02,Vestuario,Pantalon,1,36414,13128
4930,542,2024-12-04,Electrodomesticos,Horno,1,112783,17531
4933,542,2024-12-10,Vestuario,Vestido,4,204101,69778
4929,542,2024-12-16,Tecnologia,Impresora,3,618504,144256
4934,542,2024-12-17,Vestuario,Camisa,2,119919,38464
4928,542,2024-12-23,Tecnologia,Audifonos,1,326080,52976
4935,543,2024-07-26,Electrodomesticos,Secadora,1,63000,11695
4939,543,2024-08-22,Deportes,Poleron,1,68052,19648
4940,543,2024-08-24,Hogar,Cafetera,5,406841,117034
4938,543,2024-08-31,Deportes,Pesas,2,95955,30696
4941,543,2024-09-02,Vestuario,Gorro,1,36774,11292
4942,543,2024-09-20,Deportes,Guantes,1,24500,7263
4945,543,2024-09-28,Deportes,Bicicleta,2,189683,58906
4936,543,2024-10-08,Vestuario,Pantalon,1,65164,23310
4944,543,2024-10-14,Hogar,Lampara,2,93970,26401
4946,543,2024-12-21,Vestuario,Calcetines,1,30978,9083
4937,543,2024-12-22,Deportes,Poleron,4,225474,61881
4943,543,2024-12-28,Tecnologia,Tablet,2,437230,77644
4947,544,2024-05-13,Tecnologia,Smartphone,1,272079,66788
4955,544,2024-06-03,Electrodomesticos,Plancha,1,87793,18549
4948,544,2024-07-15,Vestuario,Camisa,3,114201,38950
4953,544,2024-07-19,Deportes,Guantes,2,109649,30291
4949,544,2024-07-26,Vestuario,Chaqueta,1,27818,9112
4952,544,2024-09-02,Deportes,Short,3,106226,31078
4951,544,2024-09-06,Electrodomesticos,Aspiradora,1,140839,24280
4954,544,2024-11-17,Hogar,Organizador,1,31500,8287
4950,544,2024-12-21,Vestuario,Pantalon,1,39378,14269
4956,545,2023-11-14,Vestuario,Pantalon,4,106570,26322
4960,545,2023-12-02,Electrodomesticos,Microondas,1,299522,54648
4959,545,2023-12-15,Hogar,Silla,2,63000,15597
4962,545,2024-01-09,Deportes,Guantes,2,49000,12495
4963,545,2024-01-10,Deportes,Guantes,2,107414,35494
4961,545,2024-01-13,Tecnologia,Smartwatch,1,222485,48945
4964,545,2024-02-03,Vestuario,Gorro,2,68645,24591
4958,545,2024-02-10,Vestuario,Pantalon,2,68127,23193
4957,545,2024-06-16,Vestuario,Camisa,1,34185,9794
4965,546,2023-09-25,Deportes,Guantes,1,73450,20775
4973,546,2023-09-26,Electrodomesticos,Plancha,3,592530,82818
4970,546,2023-10-04,Tecnologia,Notebook,1,117245,23377
4976,546,2023-10-04,Deportes,Balon,1,63733,18687
4967,546,2023-10-22,Vestuario,Gorro,1,12484,4442
4975,546,2023-11-21,Hogar,Sofa,1,107210,26130
4968,546,2024-01-09,Electrodomesticos,Licuadora,1,230160,52442
4974,546,2024-06-09,Tecnologia,Router,3,360815,62053
4966,546,2024-06-25,Tecnologia,Notebook,1,236094,47543
4969,546,2024-08-28,Electrodomesticos,Licuadora,1,211868,33316
4972,546,2024-10-03,Hogar,Mesa,1,71764,20098
4971,546,2024-12-27,Hogar,Alfombra,1,79721,21152
4977,547,2023-09-13,Vestuario,Buzo,1,28425,10428
4980,547,2023-11-03,Hogar,Termo,2,164387,47116
4983,547,2023-12-19,Deportes,Pesas,1,49497,10818
4978,547,2024-01-01,Vestuario,Gorro,1,29680,11128
4982,547,2024-01-17,Electrodomesticos,Purificador,3,210591,37305
4981,547,2024-01-25,Tecnologia,Monitor,1,174258,37179
4985,547,2024-05-30,Vestuario,Vestido,1,48178,20429
4984,547,2024-06-07,Hogar,Silla,3,213710,54662
4979,547,2024-12-31,Tecnologia,Teclado,1,166168,29599
4986,548,2023-06-10,Deportes,Raqueta,2,130958,40367
4989,548,2023-06-27,Vestuario,Polera,1,34357,11634
4996,548,2023-08-09,Hogar,Lampara,4,315115,88452
4987,548,2023-09-13,Deportes,Pesas,2,86374,25304
4991,548,2023-10-13,Deportes,Casco,1,87500,25682
4988,548,2023-10-25,Vestuario,Vestido,1,25216,9727
4994,548,2023-11-29,Hogar,Alfombra,1,99153,27352
4992,548,2024-01-31,Electrodomesticos,Lavadora,1,115312,22176
4995,548,2024-02-19,Tecnologia,Monitor,2,154000,31685
4993,548,2024-05-03,Electrodomesticos,Refrigerador,2,296857,51651
4990,548,2024-06-22,Electrodomesticos,Purificador,1,250090,45586
4997,549,2022-11-25,Hogar,Mesa,2,92560,25557
5001,549,2023-01-04,Hogar,Silla,1,101545,27386
5000,549,2023-01-18,Hogar,Silla,1,72856,21453
4998,549,2023-02-20,Vestuario,Zapatillas,2,87539,30126
5002,549,2023-03-09,Electrodomesticos,Licuadora,2,242652,43086
4999,549,2023-04-03,Vestuario,Pantalon,3,125347,45799
5003,550,2024-10-03,Tecnologia,Smartphone,3,922427,199286
5011,550,2024-10-05,Hogar,Cafetera,1,115810,33620
5016,550,2024-10-08,Hogar,Cortinas,1,123423,46654
5014,550,2024-10-15,Electrodomesticos,Lavadora,1,177674,33136
5006,550,2024-10-18,Hogar,Hervidor,4,401417,122501
5010,550,2024-10-26,Deportes,Bicicleta,5,394664,147376
5007,550,2024-11-01,Electrodomesticos,Aspiradora,1,239936,40369
5015,550,2024-11-15,Hogar,Silla,3,382797,95933
5004,550,2024-12-08,Deportes,Guantes,4,469520,98066
5013,550,2024-12-21,Vestuario,Polera,2,48781,16409
5009,550,2024-12-22,Hogar,Cafetera,1,76821,18711
5012,550,2024-12-22,Tecnologia,Audifonos,2,757696,105383
5008,550,2024-12-23,Hogar,Cafetera,1,92474,19388
5005,550,2024-12-28,Tecnologia,Teclado,2,620073,110728
5017,551,2024-03-16,Tecnologia,Audifonos,1,215324,35844
5018,552,2023-02-11,Deportes,Botella,1,88198,31460
5026,552,2023-03-02,Hogar,Organizador,2,233097,71336
5024,552,2023-03-11,Deportes,Pesas,2,79147,26890
5020,552,2023-04-23,Deportes,Balon,3,152719,46629
5023,552,2023-05-21,Vestuario,Calcetines,1,49016,13522
5030,552,2023-06-30,Hogar,Cortinas,2,116137,30389
5025,552,2023-07-18,Deportes,Poleron,2,152629,45886
5019,552,2023-07-23,Hogar,Cortinas,3,390597,113785
5021,552,2023-08-08,Tecnologia,Audifonos,1,309184,49615
5028,552,2023-08-14,Tecnologia,Smartwatch,3,624243,134991
5027,552,2023-09-09,Tecnologia,Monitor,1,223106,40072
5022,552,2023-09-13,Deportes,Guantes,1,76581,22097
5029,552,2024-04-21,Vestuario,Jeans,1,19935,5884
5031,553,2023-09-19,Electrodomesticos,Cocina,3,365810,54809
5039,553,2023-10-03,Tecnologia,Tablet,3,508871,96669
5037,553,2023-10-09,Tecnologia,Smartphone,1,84886,16439
5033,553,2023-11-09,Vestuario,Zapatillas,1,50911,18100
5034,553,2023-12-06,Hogar,Hervidor,1,125836,31775
5040,553,2024-01-02,Tecnologia,Smartphone,2,353263,69999
5038,553,2024-01-11,Electrodomesticos,Horno,3,372923,69738
5035,553,2024-03-18,Deportes,Bicicleta,1,25877,7592
5036,553,2024-04-29,Deportes,Bicicleta,4,348890,98697
5032,553,2024-05-03,Tecnologia,Smartwatch,1,248729,51854
5041,554,2024-02-02,Deportes,Bicicleta,2,147373,46338
5043,554,2024-02-15,Vestuario,Zapatillas,2,39634,15351
5044,554,2024-03-07,Hogar,Alfombra,1,87587,23765
5045,554,2024-09-10,Electrodomesticos,Horno,2,420576,62289
5042,554,2024-12-24,Deportes,Colchoneta,1,52862,15147
5046,555,2023-12-21,Electrodomesticos,Horno,3,765843,117412
5052,555,2023-12-23,Hogar,Sofa,4,329904,84843
5047,555,2024-02-01,Tecnologia,Notebook,2,374250,71319
5050,555,2024-02-18,Hogar,Mesa,3,187144,53042
5051,555,2024-03-09,Deportes,Short,2,133877,34485
5054,555,2024-03-11,Vestuario,Vestido,1,33424,11376
5053,555,2024-03-28,Tecnologia,Notebook,1,240363,45418
5049,555,2024-03-30,Tecnologia,Tablet,1,200813,31337
5048,555,2024-06-02,Tecnologia,Impresora,1,172920,28041
5055,556,2023-04-17,Vestuario,Vestido,1,35445,12918
5062,556,2023-04-18,Tecnologia,Notebook,1,270344,68616
5061,556,2023-05-04,Tecnologia,Monitor,1,221431,39787
5058,556,2023-05-07,Vestuario,Vestido,1,36751,13854
5056,556,2023-05-12,Tecnologia,Smartwatch,1,208085,32826
5059,556,2023-05-29,Tecnologia,Monitor,1,159181,29051
5060,556,2023-06-26,Electrodomesticos,Cocina,4,795543,128448
5057,556,2023-08-17,Electrodomesticos,Lavadora,1,132842,23905
5063,557,2023-07-17,Hogar,Lampara,5,441551,116268
5069,557,2023-07-18,Tecnologia,Audifonos,2,403007,71908
5072,557,2023-08-10,Vestuario,Zapatillas,1,33797,9813
5068,557,2023-08-23,Vestuario,Pantalon,2,129423,53944
5064,557,2023-09-02,Electrodomesticos,Licuadora,1,246635,38593
5067,557,2023-09-24,Electrodomesticos,Cocina,2,298615,39618
5065,557,2023-11-13,Electrodomesticos,Aspiradora,1,170772,32023
5071,557,2024-02-11,Deportes,Poleron,4,310319,91466
5066,557,2024-02-27,Tecnologia,Router,1,202873,42010
5070,557,2024-04-04,Deportes,Short,5,446631,124097
5073,558,2024-01-29,Hogar,Cafetera,1,118883,33514
5077,558,2024-02-09,Deportes,Botella,4,278637,92737
5080,558,2024-03-10,Hogar,Lampara,1,104074,23057
5074,558,2024-04-06,Hogar,Organizador,2,89019,22090
5083,558,2024-04-21,Tecnologia,Tablet,1,287176,60998
5082,558,2024-05-14,Tecnologia,Tablet,4,905440,160885
5078,558,2024-05-15,Vestuario,Vestido,2,76964,24775
5076,558,2024-05-27,Electrodomesticos,Horno,1,290911,49302
5079,558,2024-06-24,Tecnologia,Notebook,1,146589,34702
5075,558,2024-11-19,Tecnologia,Mouse,2,424259,72632
5081,558,2024-11-20,Electrodomesticos,Purificador,3,583437,108700
5084,559,2023-08-19,Electrodomesticos,Secadora,1,208282,37499
5086,559,2023-09-13,Deportes,Balon,1,91803,24957
5090,559,2023-11-08,Deportes,Botella,2,132090,40747
5088,559,2023-12-29,Deportes,Botella,1,69526,16449
5085,559,2024-01-24,Deportes,Balon,1,71199,21958
5087,559,2024-05-09,Electrodomesticos,Lavadora,1,211849,47970
5089,559,2024-07-30,Vestuario,Calcetines,2,77967,28795
5091,560,2023-04-02,Electrodomesticos,Refrigerador,3,514561,88396
5096,560,2023-04-02,Deportes,Colchoneta,1,53783,18104
5095,560,2023-04-27,Tecnologia,Impresora,2,471476,89191
5094,560,2023-05-13,Vestuario,Calcetines,2,77115,30063
5097,560,2023-05-30,Deportes,Pesas,1,24500,6257
5099,560,2023-06-05,Tecnologia,Audifonos,1,169635,24915
5100,560,2023-07-03,Hogar,Cafetera,5,440269,110885
5098,560,2023-09-02,Hogar,Sofa,1,93282,23999
5093,560,2023-09-03,Hogar,Sofa,2,222121,62052
5092,560,2023-12-06,Electrodomesticos,Plancha,4,913493,152276
5101,561,2023-12-15,Deportes,Casco,1,71887,20564
5104,561,2023-12-27,Vestuario,Zapatillas,1,67079,16756
5102,561,2024-02-17,Tecnologia,Teclado,1,112876,22585
5103,561,2024-05-09,Hogar,Cafetera,1,31500,8366
5105,562,2024-02-19,Deportes,Guantes,2,248700,79339
5112,562,2024-04-21,Vestuario,Camisa,1,44213,13382
5110,562,2024-04-29,Hogar,Cafetera,1,107986,28516
5108,562,2024-06-06,Tecnologia,Teclado,2,527805,82427
5106,562,2024-06-29,Deportes,Colchoneta,2,174484,53639
5113,562,2024-07-20,Vestuario,Gorro,1,44421,17794
5107,562,2024-09-02,Deportes,Colchoneta,2,177712,60093
5109,562,2024-12-24,Tecnologia,Notebook,1,176087,28937
5111,562,2024-12-27,Vestuario,Chaqueta,3,204216,69388
5114,563,2022-08-25,Electrodomesticos,Cocina,1,148018,26267
5123,563,2022-09-04,Electrodomesticos,Horno,1,220328,44650
5125,563,2022-09-05,Vestuario,Buzo,3,130973,38738
5121,563,2022-09-13,Vestuario,Camisa,1,31078,11547
5120,563,2022-09-21,Electrodomesticos,Microondas,3,629828,136632
5119,563,2022-10-11,Tecnologia,Mouse,3,514174,108965
5126,563,2022-10-23,Tecnologia,Router,1,268648,54647
5116,563,2022-11-03,Deportes,Botella,2,125755,37317
5129,563,2022-11-14,Hogar,Cafetera,1,63849,14388
5118,563,2022-11-22,Deportes,Botella,1,91307,24606
5124,563,2022-11-24,Deportes,Pesas,1,63233,16953
5117,563,2022-12-12,Electrodomesticos,Horno,1,213616,35430
5115,563,2023-01-30,Tecnologia,Smartwatch,2,405599,80245
5127,563,2023-02-04,Tecnologia,Smartwatch,1,140207,30785
5128,563,2023-02-12,Deportes,Casco,1,93820,33371
5122,563,2023-02-19,Electrodomesticos,Horno,1,232514,35416
5130,564,2024-11-06,Electrodomesticos,Licuadora,3,385240,63768
5132,564,2024-11-06,Electrodomesticos,Horno,4,1058940,172288
5135,564,2024-11-24,Vestuario,Gorro,1,13640,4509
5133,564,2024-12-24,Vestuario,Gorro,1,67777,22590
5136,564,2024-12-25,Tecnologia,Audifonos,1,164837,34218
5134,564,2024-12-27,Hogar,Silla,1,87171,21566
5131,564,2024-12-28,Deportes,Guantes,3,178839,58305
5137,565,2023-03-07,Hogar,Mesa,3,313213,87527
5139,565,2023-03-13,Electrodomesticos,Aspiradora,2,133003,26159
5138,565,2023-04-20,Deportes,Bicicleta,1,76111,23408
5141,565,2023-09-02,Hogar,Cafetera,3,276997,70818
5140,565,2023-10-09,Tecnologia,Smartphone,1,264392,37028
5142,566,2022-08-31,Vestuario,Calcetines,1,30161,12694
5148,566,2022-09-15,Hogar,Alfombra,2,127144,36446
5144,566,2022-09-20,Hogar,Alfombra,3,143416,45024
5147,566,2022-09-20,Tecnologia,Impresora,1,158093,37050
5143,566,2022-11-06,Tecnologia,Audifonos,1,187881,30737
5146,566,2022-12-30,Tecnologia,Audifonos,1,136132,23800
5149,566,2023-01-03,Tecnologia,Mouse,1,135877,30194
5145,566,2023-04-22,Tecnologia,Mouse,2,589846,109170
5150,567,2024-05-25,Hogar,Alfombra,1,66202,17040
5154,567,2024-05-29,Tecnologia,Tablet,2,223000,41104
5153,567,2024-07-11,Deportes,Bicicleta,1,58899,16157
5152,567,2024-07-25,Tecnologia,Impresora,2,523891,95458
5151,567,2024-07-27,Vestuario,Vestido,1,35139,11397
5155,567,2024-09-28,Deportes,Botella,4,151801,44603
5156,567,2024-10-31,Tecnologia,Router,2,286275,64441
5157,568,2024-08-04,Vestuario,Camisa,1,69450,24916
5159,568,2024-11-13,Vestuario,Camisa,1,38861,10256
5158,568,2024-12-22,Deportes,Raqueta,1,80236,26234
5161,568,2024-12-22,Hogar,Organizador,4,658892,155678
5160,568,2024-12-26,Electrodomesticos,Refrigerador,2,275710,47291
5162,569,2023-03-16,Hogar,Mesa,1,87974,20805
5167,569,2023-03-24,Vestuario,Camisa,1,38161,15791
5163,569,2023-04-28,Tecnologia,Smartwatch,4,1462427,348848
5166,569,2023-06-20,Hogar,Lampara,2,196348,43448
5164,569,2023-07-08,Tecnologia,Impresora,2,444221,95145
5165,569,2023-10-12,Tecnologia,Mouse,1,193277,37990
5168,570,2022-11-22,Deportes,Balon,1,56293,17024
5182,570,2022-12-03,Hogar,Termo,1,116357,24481
5171,570,2022-12-07,Hogar,Alfombra,2,147562,36405
5178,570,2022-12-13,Vestuario,Jeans,1,31533,9359
5184,570,2022-12-16,Vestuario,Buzo,1,84335,29725
5180,570,2023-01-03,Electrodomesticos,Horno,3,485948,86590
5183,570,2023-01-08,Electrodomesticos,Purificador,1,329424,60592
5174,570,2023-01-12,Vestuario,Vestido,1,56254,25597
5169,570,2023-01-27,Hogar,Hervidor,1,112375,29788
5179,570,2023-02-13,Vestuario,Jeans,1,24518,7054
5170,570,2023-02-25,Hogar,Cafetera,2,226788,65021
5175,570,2023-02-26,Vestuario,Gorro,1,39603,13895
5176,570,2023-03-13,Vestuario,Vestido,2,45427,17045
5173,570,2023-04-05,Tecnologia,Monitor,1,191586,28977
5185,570,2023-04-21,Hogar,Hervidor,1,55303,11878
5181,570,2023-04-26,Tecnologia,Notebook,1,254066,47142
5172,570,2023-05-27,Hogar,Mesa,1,40227,8960
5177,570,2023-10-21,Tecnologia,Monitor,3,1014596,238061
5186,571,2023-08-29,Electrodomesticos,Licuadora,1,118079,19425
5189,571,2023-09-15,Hogar,Lampara,1,66775,19685
5187,571,2023-10-16,Vestuario,Calcetines,1,53281,20468
5188,571,2024-10-13,Tecnologia,Impresora,1,292998,60227
5190,572,2023-08-12,Deportes,Casco,1,73042,19289
5192,572,2023-08-20,Vestuario,Buzo,2,50243,16898
5191,572,2023-08-23,Hogar,Mesa,3,166279,49634
5196,572,2023-08-23,Vestuario,Vestido,1,54981,14559
5197,572,2023-09-01,Hogar,Hervidor,3,256772,75862
5193,572,2023-09-05,Electrodomesticos,Cocina,1,189934,35595
5200,572,2023-09-14,Vestuario,Zapatillas,4,198258,58156
5201,572,2023-09-27,Vestuario,Polera,1,27894,9450
5198,572,2023-10-06,Vestuario,Gorro,1,63542,25594
5194,572,2023-11-05,Vestuario,Gorro,3,96619,37052
5199,572,2023-12-26,Electrodomesticos,Lavadora,1,225058,36267
5195,572,2024-01-06,Vestuario,Pantalon,2,56775,16229
5202,573,2022-11-18,Vestuario,Polera,1,90077,28295
5205,573,2022-12-17,Vestuario,Polera,1,13235,3930
5210,573,2022-12-31,Hogar,Cortinas,4,428712,122519
5209,573,2023-01-21,Electrodomesticos,Plancha,1,169712,31123
5203,573,2023-01-24,Hogar,Termo,3,242452,67616
5204,573,2023-03-02,Hogar,Sofa,2,239513,67132
5206,573,2023-06-20,Tecnologia,Mouse,1,144214,27554
5208,573,2023-07-13,Deportes,Bicicleta,2,117825,30608
5207,573,2024-11-03,Tecnologia,Smartphone,1,374662,75025
5211,574,2023-10-14,Hogar,Termo,1,136562,40379
5215,574,2023-11-17,Hogar,Termo,4,332148,99236
5213,574,2023-12-28,Tecnologia,Smartwatch,3,353987,75829
5216,574,2024-01-11,Vestuario,Camisa,2,76519,23608
5217,574,2024-03-05,Vestuario,Vestido,2,84458,28750
5212,574,2024-04-07,Deportes,Short,2,134387,44423
5214,574,2024-04-23,Tecnologia,Impresora,1,229783,53786
5218,575,2022-01-22,Tecnologia,Monitor,2,444376,104882
5221,575,2022-02-08,Tecnologia,Tablet,4,807113,163230
5228,575,2022-02-23,Hogar,Hervidor,2,174402,40578
5229,575,2022-02-26,Tecnologia,Smartwatch,2,567029,102905
5220,575,2022-02-27,Electrodomesticos,Microondas,1,360000,56769
5222,575,2022-03-14,Hogar,Alfombra,1,104255,32991
5223,575,2022-03-16,Vestuario,Chaqueta,3,86516,35150
5224,575,2022-03-31,Tecnologia,Router,1,179414,42483
5225,575,2022-05-26,Electrodomesticos,Horno,1,220373,46331
5219,575,2022-06-26,Deportes,Guantes,1,25123,7700
5226,575,2022-12-16,Hogar,Silla,1,79500,20973
5227,575,2023-07-06,Vestuario,Buzo,1,32887,11330
5230,576,2023-11-19,Electrodomesticos,Purificador,4,697706,91704
5240,576,2023-11-21,Deportes,Balon,1,29644,6508
5232,576,2023-12-07,Tecnologia,Smartwatch,2,561132,95315
5238,576,2023-12-18,Tecnologia,Notebook,1,279636,57620
5231,576,2024-01-04,Tecnologia,Notebook,1,77000,12794
5234,576,2024-01-08,Vestuario,Gorro,3,86558,23777
5235,576,2024-02-06,Tecnologia,Router,1,306472,66805
5236,576,2024-03-04,Electrodomesticos,Secadora,1,253841,61683
5239,576,2024-05-05,Vestuario,Vestido,2,43994,12084
5233,576,2024-08-30,Vestuario,Zapatillas,1,33395,9608
5237,576,2024-09-13,Vestuario,Buzo,2,71727,20379
5241,577,2022-05-15,Electrodomesticos,Licuadora,2,224458,35944
5243,577,2022-06-28,Tecnologia,Notebook,1,323205,69911
5245,577,2022-07-01,Vestuario,Chaqueta,2,110527,36959
5242,577,2022-07-19,Hogar,Silla,1,69948,18194
5244,577,2022-07-30,Vestuario,Jeans,3,76836,26565
5246,578,2023-08-13,Deportes,Colchoneta,3,236629,65922
5255,578,2023-08-31,Tecnologia,Teclado,1,119804,25592
5249,578,2023-09-10,Hogar,Organizador,4,282855,75082
5250,578,2023-09-14,Tecnologia,Notebook,1,318603,57753
5254,578,2023-10-28,Tecnologia,Smartwatch,1,123168,31306
5252,578,2023-11-17,Deportes,Short,1,47961,11633
5248,578,2023-12-03,Hogar,Mesa,1,68659,16196
5251,578,2024-02-28,Hogar,Cortinas,2,95962,26854
5247,578,2024-03-05,Deportes,Short,1,108517,37637
5256,578,2024-08-15,Electrodomesticos,Secadora,1,143168,28722
5253,578,2024-08-28,Deportes,Botella,1,79065,24936
5257,579,2024-11-29,Electrodomesticos,Horno,2,420360,60658
5266,579,2024-11-29,Tecnologia,Router,4,357422,59185
5260,579,2024-12-02,Vestuario,Zapatillas,1,26202,8569
5263,579,2024-12-12,Tecnologia,Smartwatch,3,746195,135687
5265,579,2024-12-22,Electrodomesticos,Secadora,1,84234,12591
5258,579,2024-12-25,Tecnologia,Monitor,1,179917,35019
5259,579,2024-12-25,Vestuario,Camisa,2,85143,31713
5264,579,2024-12-26,Deportes,Guantes,1,76355,19834
5261,579,2024-12-28,Electrodomesticos,Aspiradora,1,90066,17566
5262,579,2024-12-29,Tecnologia,Smartwatch,1,264483,52368
5267,580,2024-01-21,Electrodomesticos,Plancha,1,247777,41751
5268,580,2024-04-21,Vestuario,Gorro,3,244875,84242
5270,580,2024-06-26,Tecnologia,Teclado,1,231359,48953
5269,580,2024-08-02,Hogar,Lampara,1,139727,45831
5272,580,2024-09-25,Vestuario,Buzo,1,61674,20548
5271,580,2024-12-30,Deportes,Casco,1,45991,12770
5273,581,2023-11-04,Hogar,Silla,1,101301,24936
5277,581,2023-11-13,Tecnologia,Impresora,1,292797,54813
5279,581,2023-11-22,Electrodomesticos,Lavadora,2,431701,71446
5280,581,2023-11-25,Deportes,Casco,1,63241,17456
5278,581,2024-01-16,Deportes,Balon,1,102827,27909
5283,581,2024-01-20,Electrodomesticos,Cocina,1,63000,11880
5274,581,2024-02-16,Tecnologia,Notebook,1,147801,28819
5275,581,2024-03-18,Vestuario,Vestido,1,49483,16529
5284,581,2024-05-02,Electrodomesticos,Lavadora,3,543852,101245
5282,581,2024-06-17,Vestuario,Zapatillas,1,31649,9592
5281,581,2024-09-22,Deportes,Pesas,1,64388,18829
5276,581,2024-12-24,Electrodomesticos,Refrigerador,1,219297,32380
5285,582,2024-02-20,Vestuario,Buzo,2,22986,5732
5291,582,2024-03-30,Hogar,Mesa,2,288665,101298
5290,582,2024-04-12,Deportes,Poleron,2,173010,44779
5289,582,2024-05-06,Tecnologia,Smartwatch,2,300712,66081
5286,582,2024-10-28,Deportes,Guantes,1,51437,12593
5288,582,2024-12-21,Deportes,Guantes,2,73066,21175
5287,582,2024-12-30,Tecnologia,Teclado,2,303866,66410
5292,583,2023-07-27,Tecnologia,Impresora,2,291844,64658
5297,583,2023-08-01,Electrodomesticos,Aspiradora,2,338739,55165
5293,583,2023-08-23,Deportes,Balon,1,62998,21470
5300,583,2023-09-08,Hogar,Mesa,4,516979,157706
5299,583,2023-10-29,Hogar,Cortinas,1,144475,40307
5296,583,2024-02-04,Tecnologia,Tablet,2,772614,169525
5295,583,2024-03-01,Vestuario,Camisa,1,17396,4414
5298,583,2024-06-28,Electrodomesticos,Horno,2,383731,73145
5294,583,2024-12-22,Deportes,Short,1,45679,12977
5301,584,2024-03-24,Vestuario,Zapatillas,1,76942,20672
5306,584,2024-04-06,Hogar,Hervidor,3,328285,89778
5316,584,2024-04-09,Vestuario,Chaqueta,1,36840,12728
5307,584,2024-04-22,Electrodomesticos,Purificador,2,466747,105434
5317,584,2024-04-24,Deportes,Casco,1,66596,20421
5313,584,2024-05-03,Hogar,Sofa,3,293518,67940
5311,584,2024-05-06,Hogar,Mesa,2,249273,78566
5303,584,2024-05-07,Hogar,Silla,1,101956,26299
5309,584,2024-05-11,Hogar,Cortinas,3,374021,114832
5302,584,2024-05-27,Deportes,Colchoneta,2,241273,67578
5308,584,2024-06-14,Tecnologia,Impresora,1,292654,73823
5315,584,2024-06-28,Hogar,Termo,1,75414,25086
5314,584,2024-08-10,Hogar,Mesa,1,107300,34904
5304,584,2024-09-01,Hogar,Cafetera,3,247264,68953
5310,584,2024-11-21,Vestuario,Vestido,3,159417,48238
5305,584,2024-12-22,Tecnologia,Router,1,108733,20546
5312,584,2024-12-22,Electrodomesticos,Licuadora,1,244200,44514
5318,585,2024-07-16,Vestuario,Calcetines,1,34213,12271
5323,585,2024-07-19,Vestuario,Zapatillas,2,30619,10137
5322,585,2024-08-14,Hogar,Lampara,2,140386,49283
5324,585,2024-08-26,Hogar,Mesa,3,277021,76272
5320,585,2024-08-27,Hogar,Termo,1,102674,28145
5319,585,2024-10-24,Hogar,Termo,2,106700,21871
5321,585,2024-11-03,Hogar,Lampara,2,281489,69877
5325,585,2024-11-22,Hogar,Sofa,2,158631,37900
5326,586,2023-05-12,Electrodomesticos,Plancha,2,426640,68210
5327,586,2023-05-14,Hogar,Sofa,1,110271,29208
5331,586,2023-05-25,Deportes,Botella,1,90990,30753
5330,586,2023-06-16,Vestuario,Gorro,3,80535,28038
5329,586,2023-06-19,Vestuario,Calcetines,6,197204,58263
5333,586,2023-06-21,Vestuario,Gorro,1,50240,17820
5328,586,2023-06-30,Deportes,Casco,1,72655,22370
5332,586,2023-07-03,Hogar,Mesa,2,262868,87367
5334,587,2023-12-16,Deportes,Colchoneta,1,60472,16648
5340,587,2024-01-06,Tecnologia,Smartwatch,1,395406,84119
5339,587,2024-02-21,Vestuario,Calcetines,1,35877,13294
5337,587,2024-02-26,Electrodomesticos,Plancha,1,109957,19067
5335,587,2024-04-03,Hogar,Hervidor,3,293713,79582
5338,587,2024-05-05,Deportes,Poleron,2,85199,30525
5336,587,2024-05-18,Vestuario,Jeans,1,56799,17793
5341,587,2024-12-24,Hogar,Hervidor,1,68916,20774
5342,588,2023-11-16,Tecnologia,Smartphone,2,487187,107544
5345,588,2024-02-23,Vestuario,Pantalon,2,26680,10246
5348,588,2024-03-13,Vestuario,Zapatillas,2,77789,28403
5349,588,2024-03-21,Tecnologia,Mouse,3,941945,184115
5347,588,2024-03-27,Electrodomesticos,Lavadora,1,152669,29316
5343,588,2024-05-10,Hogar,Organizador,1,68450,20284
5344,588,2024-05-11,Tecnologia,Mouse,2,359630,55909
5346,588,2024-12-21,Tecnologia,Smartwatch,3,1124207,211059
5350,589,2022-08-14,Tecnologia,Smartwatch,1,156996,37121
5356,589,2022-08-23,Deportes,Poleron,2,184779,56255
5357,589,2022-09-08,Electrodomesticos,Lavadora,1,231608,42934
5351,589,2022-09-27,Deportes,Raqueta,2,104760,29258
5358,589,2022-10-06,Hogar,Mesa,5,157500,47948
5354,589,2022-10-15,Electrodomesticos,Lavadora,1,161121,33856
5359,589,2022-10-19,Tecnologia,Mouse,5,598482,117026
5352,589,2022-11-12,Deportes,Balon,1,30299,9484
5353,589,2022-12-05,Electrodomesticos,Refrigerador,2,507284,76173
5360,589,2022-12-10,Electrodomesticos,Refrigerador,1,253398,39588
5361,589,2023-04-01,Tecnologia,Audifonos,1,344985,72828
5355,589,2023-05-26,Vestuario,Calcetines,1,45974,19743
5362,590,2024-05-06,Tecnologia,Smartwatch,1,304568,66784
5366,590,2024-05-09,Tecnologia,Smartwatch,4,652884,119588
5370,590,2024-05-09,Electrodomesticos,Licuadora,3,552125,105051
5364,590,2024-05-19,Deportes,Poleron,1,40612,9243
5367,590,2024-06-14,Electrodomesticos,Purificador,1,261530,51355
5371,590,2024-06-18,Deportes,Short,3,148880,54542
5369,590,2024-07-05,Hogar,Silla,1,31500,10223
5368,590,2024-08-10,Electrodomesticos,Horno,3,518198,94889
5363,590,2024-08-31,Hogar,Lampara,1,116470,30746
5365,590,2024-12-22,Deportes,Casco,3,260573,74314
5372,591,2023-06-28,Vestuario,Pantalon,1,41315,16616
5373,591,2023-07-03,Hogar,Alfombra,1,40729,10504
5378,591,2023-07-22,Hogar,Sofa,1,148296,35893
5379,591,2023-08-24,Deportes,Casco,1,48481,11281
5383,591,2023-09-05,Vestuario,Gorro,1,28520,10562
5377,591,2023-09-16,Hogar,Hervidor,2,107328,26574
5375,591,2023-10-27,Vestuario,Jeans,1,51739,18025
5374,591,2023-12-02,Electrodomesticos,Plancha,3,436748,71401
5380,591,2023-12-12,Hogar,Cortinas,3,180218,54704
5382,591,2024-01-19,Electrodomesticos,Horno,2,152464,26449
5376,591,2024-05-22,Vestuario,Jeans,2,38321,12801
5381,591,2024-06-05,Tecnologia,Smartwatch,1,293466,57545
5384,592,2022-03-14,Vestuario,Jeans,1,56732,20262
5387,592,2022-03-27,Hogar,Cafetera,2,168509,44236
5386,592,2022-03-30,Vestuario,Zapatillas,2,77526,27511
5388,592,2022-03-31,Deportes,Short,2,138802,48592
5389,592,2022-04-18,Electrodomesticos,Purificador,1,248729,51922
5385,592,2022-04-24,Hogar,Sofa,1,31500,8316
5390,593,2024-10-02,Tecnologia,Router,1,288564,48850
5399,593,2024-10-09,Hogar,Mesa,1,86819,27197
5391,593,2024-10-16,Tecnologia,Smartphone,3,507714,106108
5396,593,2024-11-17,Hogar,Alfombra,2,236738,64631
5398,593,2024-12-09,Electrodomesticos,Aspiradora,1,203108,39328
5393,593,2024-12-13,Hogar,Sofa,1,139363,41132
5394,593,2024-12-21,Vestuario,Camisa,2,73902,21046
5392,593,2024-12-25,Electrodomesticos,Refrigerador,1,233898,42197
5397,593,2024-12-27,Tecnologia,Router,2,490300,77216
5395,593,2024-12-29,Tecnologia,Router,1,303776,53716
5400,594,2022-10-18,Hogar,Lampara,1,98800,27055
5401,594,2023-02-24,Deportes,Short,1,63810,19668
5402,594,2023-03-28,Deportes,Raqueta,1,93850,26663
5403,594,2023-04-14,Hogar,Termo,4,312084,89651
5404,594,2023-04-18,Tecnologia,Notebook,1,188370,34226
5406,594,2023-04-23,Tecnologia,Tablet,1,156898,37421
5405,594,2023-04-29,Hogar,Cafetera,5,657798,198757
5407,595,2022-09-01,Vestuario,Pantalon,1,50822,18524
5413,595,2022-09-01,Tecnologia,Smartwatch,4,1183958,258262
5412,595,2022-09-05,Deportes,Guantes,1,35893,11453
5409,595,2022-09-09,Deportes,Bicicleta,1,111690,34315
5410,595,2022-11-13,Electrodomesticos,Refrigerador,3,588750,107147
5411,595,2023-02-23,Hogar,Sofa,3,274208,59177
5414,595,2023-02-24,Deportes,Balon,1,59348,22747
5415,595,2023-05-21,Electrodomesticos,Licuadora,1,181000,27850
5408,595,2024-01-14,Hogar,Sofa,1,130336,43235
5416,596,2022-12-05,Deportes,Botella,3,108367,20937
5417,596,2022-12-06,Electrodomesticos,Plancha,1,171607,25085
5420,596,2023-01-20,Electrodomesticos,Secadora,1,187192,31937
5419,596,2023-01-24,Tecnologia,Router,1,168884,29060
5418,596,2023-03-04,Deportes,Short,1,121656,30090
5421,597,2023-02-25,Vestuario,Calcetines,1,25670,9066
5428,597,2023-02-26,Hogar,Alfombra,3,230151,60370
5430,597,2023-04-23,Hogar,Alfombra,1,75324,18685
5425,597,2023-04-24,Vestuario,Calcetines,3,143771,44834
5429,597,2023-05-20,Electrodomesticos,Refrigerador,1,138300,27639
5424,597,2023-05-25,Tecnologia,Smartphone,2,472408,84549
5422,597,2023-06-12,Vestuario,Buzo,2,76393,30980
5427,597,2023-06-14,Hogar,Silla,1,87207,26753
5426,597,2023-09-23,Electrodomesticos,Cocina,1,198170,36458
5423,597,2023-12-03,Electrodomesticos,Cocina,2,259463,45892
5431,598,2023-08-28,Tecnologia,Tablet,2,278533,47676
5436,598,2023-09-19,Deportes,Short,2,157344,46069
5441,598,2023-09-23,Deportes,Colchoneta,1,52401,16580
5434,598,2023-10-09,Vestuario,Gorro,1,49942,17539
5437,598,2023-10-15,Tecnologia,Smartwatch,2,444138,86253
5432,598,2023-11-25,Vestuario,Calcetines,1,42575,15103
5440,598,2023-12-03,Tecnologia,Notebook,1,268424,66677
5433,598,2024-01-26,Tecnologia,Monitor,1,133714,25834
5438,598,2024-03-04,Electrodomesticos,Plancha,1,141672,30213
5439,598,2024-03-20,Tecnologia,Mouse,1,306192,59771
5442,598,2024-04-23,Electrodomesticos,Lavadora,2,262582,58820
5435,598,2024-05-14,Vestuario,Gorro,3,80510,23948
5443,599,2022-11-14,Hogar,Sofa,2,127703,30821
5453,599,2022-11-23,Electrodomesticos,Refrigerador,1,225914,41624
5449,599,2022-11-29,Deportes,Poleron,1,65310,21186
5452,599,2023-01-13,Vestuario,Gorro,2,76272,29520
5444,599,2023-02-15,Tecnologia,Teclado,1,293522,46520
5450,599,2023-02-17,Electrodomesticos,Plancha,1,83674,16218
5447,599,2023-04-21,Deportes,Casco,1,115406,33673
5446,599,2023-04-25,Electrodomesticos,Secadora,2,126717,25629
5448,599,2023-05-10,Deportes,Colchoneta,3,136102,35821
5445,599,2023-06-02,Electrodomesticos,Purificador,7,1101000,158832
5451,599,2024-05-13,Hogar,Lampara,3,188811,51059
5454,600,2023-01-29,Deportes,Bicicleta,1,140000,38807
5459,600,2023-02-02,Tecnologia,Smartwatch,2,319422,60784
5456,600,2023-03-21,Hogar,Lampara,3,426996,126459
5458,600,2023-04-10,Tecnologia,Teclado,5,385000,83839
5455,600,2023-04-12,Tecnologia,Router,3,803757,156203
5457,600,2024-06-29,Vestuario,Vestido,4,125769,44841
5460,601,2024-10-22,Vestuario,Pantalon,2,85441,36618
5462,601,2024-10-30,Hogar,Alfombra,1,116078,40128
5463,601,2024-11-01,Hogar,Cafetera,2,248395,71765
5466,601,2024-11-10,Electrodomesticos,Purificador,2,310280,57486
5467,601,2024-12-06,Electrodomesticos,Horno,3,517194,96604
5464,601,2024-12-24,Tecnologia,Teclado,2,456765,94895
5465,601,2024-12-25,Electrodomesticos,Refrigerador,1,248637,44729
5461,601,2024-12-29,Vestuario,Buzo,2,23868,8099
5468,602,2023-12-02,Tecnologia,Teclado,2,181897,30805
5472,602,2023-12-04,Hogar,Hervidor,1,53939,15133
5474,602,2023-12-08,Deportes,Balon,3,115296,30406
5473,602,2023-12-12,Hogar,Mesa,3,303435,80969
5470,602,2023-12-25,Electrodomesticos,Purificador,1,184980,37353
5469,602,2023-12-27,Vestuario,Polera,1,61908,22150
5471,602,2024-09-19,Tecnologia,Tablet,1,244537,41182
5475,603,2023-09-23,Deportes,Short,3,239816,69214
5476,603,2023-10-11,Vestuario,Camisa,2,105994,35760
5477,603,2023-10-22,Hogar,Silla,1,80770,21601
5481,603,2023-11-25,Hogar,Silla,4,409267,97686
5478,603,2024-01-10,Hogar,Silla,1,124794,27412
5479,603,2024-02-07,Deportes,Bicicleta,1,47543,14211
5480,603,2024-05-06,Deportes,Bicicleta,1,85089,25688
5482,604,2023-06-11,Vestuario,Polera,1,23251,8986
5490,604,2023-06-11,Vestuario,Jeans,2,77294,23654
5487,604,2023-07-11,Electrodomesticos,Microondas,1,235646,38741
5491,604,2023-07-23,Deportes,Guantes,1,47729,13290
5484,604,2023-08-27,Vestuario,Polera,1,12297,4562
5494,604,2023-09-07,Hogar,Mesa,1,83105,20941
5489,604,2023-10-20,Vestuario,Pantalon,3,97528,37046
5492,604,2023-10-25,Deportes,Guantes,2,157961,52637
5486,604,2024-03-06,Deportes,Short,1,84232,23405
5485,604,2024-03-12,Vestuario,Calcetines,5,90218,30975
5493,604,2024-03-23,Vestuario,Camisa,1,18044,5949
5483,604,2024-04-19,Tecnologia,Monitor,1,224029,43632
5488,604,2024-12-30,Electrodomesticos,Secadora,1,119601,15397
5495,605,2024-06-28,Hogar,Alfombra,2,63000,21431
5505,605,2024-06-28,Hogar,Hervidor,1,125345,42657
5496,605,2024-07-20,Vestuario,Jeans,1,31427,10843
5497,605,2024-08-01,Deportes,Botella,1,92812,28498
5502,605,2024-09-03,Deportes,Casco,4,369740,117564
5504,605,2024-09-04,Deportes,Poleron,1,68591,18581
5503,605,2024-09-25,Deportes,Balon,1,74765,26908
5501,605,2024-10-08,Hogar,Alfombra,1,124458,32226
5500,605,2024-10-19,Tecnologia,Teclado,1,211783,46879
5499,605,2024-10-24,Vestuario,Buzo,1,29967,9497
5498,605,2024-12-24,Deportes,Raqueta,1,94824,22369
5506,606,2024-11-25,Deportes,Casco,1,32195,9504
5508,606,2024-12-20,Vestuario,Calcetines,1,50626,18568
5509,606,2024-12-21,Hogar,Organizador,1,43319,12582
5510,606,2024-12-21,Electrodomesticos,Horno,1,159560,21046
5507,606,2024-12-27,Hogar,Lampara,1,126673,27441
5511,607,2024-04-19,Electrodomesticos,Refrigerador,1,153739,30139
5513,607,2024-04-22,Tecnologia,Impresora,2,348906,82047
5520,607,2024-05-01,Vestuario,Vestido,1,13676,5586
5523,607,2024-05-05,Deportes,Bicicleta,1,70853,18660
5515,607,2024-05-10,Deportes,Pesas,4,254619,86625
5516,607,2024-05-15,Electrodomesticos,Purificador,1,172624,27609
5517,607,2024-05-21,Hogar,Sofa,1,99227,32238
5518,607,2024-06-20,Electrodomesticos,Secadora,2,564905,107664
5522,607,2024-09-22,Hogar,Cortinas,1,73948,21713
5519,607,2024-09-24,Electrodomesticos,Plancha,2,277221,46484
5521,607,2024-12-24,Vestuario,Jeans,1,47482,13199
5512,607,2024-12-28,Tecnologia,Teclado,2,288460,52805
5514,607,2024-12-29,Hogar,Alfombra,1,70114,17103
5524,608,2023-12-15,Electrodomesticos,Aspiradora,2,310968,52904
5527,608,2024-01-09,Electrodomesticos,Aspiradora,3,625619,124478
5530,608,2024-01-24,Tecnologia,Router,1,160083,34279
5526,608,2024-02-20,Hogar,Cafetera,1,47987,12407
5528,608,2024-03-26,Electrodomesticos,Lavadora,1,226874,42374
5529,608,2024-03-29,Tecnologia,Impresora,2,438599,65302
5525,608,2024-04-24,Electrodomesticos,Secadora,1,139479,25942
5531,609,2023-03-30,Tecnologia,Tablet,1,303871,61569
5541,609,2023-04-09,Deportes,Guantes,2,149298,44467
5539,609,2023-04-27,Hogar,Lampara,1,53319,14334
5537,609,2023-05-03,Vestuario,Gorro,1,30175,9972
5538,609,2023-05-09,Electrodomesticos,Aspiradora,1,226605,40745
5534,609,2023-05-15,Hogar,Mesa,2,252202,68968
5540,609,2023-07-24,Hogar,Hervidor,2,138216,34016
5536,609,2023-08-07,Electrodomesticos,Horno,1,121359,19043
5532,609,2023-08-14,Hogar,Hervidor,2,114948,30319
5533,609,2023-09-01,Tecnologia,Tablet,1,322623,59655
5535,609,2023-09-06,Vestuario,Polera,1,60056,22904
5542,609,2023-11-21,Deportes,Colchoneta,1,75661,17286
5543,610,2022-11-22,Vestuario,Camisa,1,35441,12108
5560,610,2022-11-26,Vestuario,Buzo,1,28433,10389
5556,610,2022-12-08,Deportes,Bicicleta,3,185803,42150
5559,610,2022-12-12,Vestuario,Camisa,1,25138,8133
5552,610,2022-12-18,Deportes,Bicicleta,2,186680,51826
5551,610,2023-01-01,Deportes,Guantes,3,73500,21458
5561,610,2023-01-03,Tecnologia,Teclado,2,194827,35724
5545,610,2023-01-06,Deportes,Casco,1,38253,11968
5550,610,2023-01-16,Tecnologia,Monitor,2,382843,67315
5553,610,2023-01-26,Vestuario,Camisa,3,88183,21605
5557,610,2023-02-10,Deportes,Casco,4,98000,28843
5544,610,2023-02-27,Deportes,Colchoneta,3,263613,84467
5554,610,2023-04-09,Electrodomesticos,Purificador,3,271345,53239
5558,610,2023-05-22,Deportes,Balon,4,350271,89536
5549,610,2023-06-01,Hogar,Lampara,1,97911,26316
5555,610,2023-07-12,Hogar,Hervidor,1,86905,23752
5547,610,2023-09-22,Tecnologia,Impresora,1,83961,16408
5548,610,2023-12-23,Hogar,Alfombra,3,346241,96065
5546,610,2024-06-04,Hogar,Organizador,1,110338,26530
5562,611,2023-07-04,Hogar,Silla,1,122057,34313
5565,611,2023-07-23,Vestuario,Camisa,3,124652,49824
5569,611,2023-09-11,Hogar,Mesa,2,256152,73498
5563,611,2023-10-24,Vestuario,Pantalon,1,66453,24625
5568,611,2023-12-12,Tecnologia,Notebook,1,290044,55918
5564,611,2023-12-16,Tecnologia,Smartphone,3,767072,153726
5566,611,2024-04-24,Electrodomesticos,Licuadora,2,294751,55344
5567,611,2024-12-21,Tecnologia,Impresora,2,671591,116942
5570,612,2023-11-28,Vestuario,Pantalon,1,41299,12724
5578,612,2023-12-02,Electrodomesticos,Refrigerador,4,636343,106975
5572,612,2023-12-29,Hogar,Lampara,1,77882,25359
5573,612,2023-12-30,Vestuario,Zapatillas,1,57493,18312
5581,612,2024-01-01,Deportes,Short,3,229438,76697
5577,612,2024-01-10,Electrodomesticos,Purificador,1,134769,19765
5576,612,2024-02-24,Vestuario,Calcetines,1,52062,17404
5571,612,2024-03-11,Vestuario,Jeans,3,57696,23702
5579,612,2024-03-12,Vestuario,Chaqueta,3,158613,50985
5574,612,2024-04-27,Vestuario,Pantalon,1,60106,21388
5580,612,2024-08-06,Vestuario,Jeans,2,76321,21976
5575,612,2024-11-24,Tecnologia,Router,2,223465,48037
5582,613,2024-07-10,Tecnologia,Tablet,1,299996,47720
5586,613,2024-08-01,Deportes,Balon,5,338840,118396
5584,613,2024-08-04,Hogar,Hervidor,2,267650,75881
5588,613,2024-08-12,Vestuario,Camisa,1,47120,16331
5589,613,2024-08-24,Deportes,Botella,1,69408,21477
5585,613,2024-09-03,Vestuario,Buzo,1,45589,12964
5587,613,2024-09-05,Electrodomesticos,Microondas,1,180300,42072
5583,613,2024-09-09,Vestuario,Jeans,2,95541,29032
5590,614,2023-04-10,Deportes,Poleron,1,58667,13951
5591,614,2023-04-14,Tecnologia,Smartwatch,1,247801,44417
5597,614,2023-05-27,Tecnologia,Audifonos,1,121310,21176
5592,614,2023-06-04,Electrodomesticos,Aspiradora,4,553815,101874
5599,614,2023-07-30,Tecnologia,Teclado,1,144402,22757
5598,614,2023-09-12,Tecnologia,Notebook,1,131279,25149
5594,614,2023-09-22,Hogar,Termo,2,204126,54439
5596,614,2023-09-29,Vestuario,Gorro,2,35383,15686
5595,614,2023-11-13,Vestuario,Camisa,1,44679,17642
5593,614,2024-12-23,Tecnologia,Monitor,1,181635,27976
5600,615,2024-11-01,Deportes,Raqueta,4,245163,76070
5603,615,2024-12-01,Hogar,Cortinas,2,128989,35469
5602,615,2024-12-02,Deportes,Colchoneta,1,73610,19246
5604,615,2024-12-22,Hogar,Alfombra,1,39175,8227
5606,615,2024-12-22,Electrodomesticos,Purificador,1,223152,37527
5605,615,2024-12-28,Tecnologia,Monitor,5,1132520,260749
5601,615,2024-12-29,Deportes,Short,2,198916,47936
5607,615,2024-12-30,Vestuario,Camisa,3,131497,49492
5608,616,2022-08-22,Electrodomesticos,Plancha,1,240797,31834
5610,616,2022-12-10,Deportes,Casco,1,61876,19176
5611,616,2023-01-01,Hogar,Lampara,1,62849,15729
5609,616,2023-01-15,Hogar,Silla,2,179652,38086
5612,616,2024-01-01,Vestuario,Calcetines,5,129022,37190
5613,617,2024-02-22,Electrodomesticos,Lavadora,3,659337,135958
5614,617,2024-03-11,Electrodomesticos,Refrigerador,4,639950,118060
5624,617,2024-03-12,Electrodomesticos,Plancha,1,182565,30537
5616,617,2024-04-04,Hogar,Silla,1,37775,9692
5615,617,2024-04-09,Tecnologia,Teclado,3,723601,118816
5619,617,2024-04-15,Deportes,Short,1,46254,14131
5618,617,2024-04-19,Vestuario,Pantalon,3,68863,28600
5617,617,2024-05-05,Electrodomesticos,Licuadora,1,253338,41682
5620,617,2024-06-09,Hogar,Sofa,2,226947,47313
5623,617,2024-09-10,Electrodomesticos,Lavadora,1,182087,35071
5621,617,2024-09-15,Hogar,Alfombra,3,254992,71297
5622,617,2024-12-24,Tecnologia,Teclado,2,632589,107111
5625,618,2023-05-01,Tecnologia,Mouse,2,328566,60690
5626,618,2023-05-10,Hogar,Organizador,1,45402,10719
5634,618,2023-06-26,Vestuario,Polera,1,37171,13398
5630,618,2023-07-14,Electrodomesticos,Refrigerador,1,232594,48705
5629,618,2023-07-23,Hogar,Sofa,2,254254,57384
5628,618,2023-07-28,Hogar,Hervidor,1,133822,33260
5633,618,2023-08-02,Vestuario,Vestido,1,15190,6228
5627,618,2023-08-07,Deportes,Botella,1,57960,19007
5632,618,2023-10-15,Tecnologia,Mouse,2,225267,45843
5631,618,2024-04-09,Deportes,Casco,1,95841,28311
5635,619,2023-07-31,Hogar,Hervidor,2,247363,73180
5642,619,2023-08-05,Tecnologia,Impresora,2,588973,121771
5646,619,2023-09-27,Electrodomesticos,Refrigerador,2,131666,24239
5640,619,2023-10-10,Vestuario,Vestido,2,126443,40840
5643,619,2023-11-14,Hogar,Sofa,4,556652,167283
5644,619,2023-11-17,Tecnologia,Impresora,2,234471,39522
5638,619,2023-11-21,Hogar,Cafetera,1,112595,25494
5645,619,2023-11-21,Hogar,Silla,3,386689,79595
5641,619,2023-12-10,Tecnologia,Smartwatch,1,350312,67687
5637,619,2024-01-02,Electrodomesticos,Refrigerador,3,575995,125994
5636,619,2024-02-18,Tecnologia,Notebook,1,194632,40068
5639,619,2024-03-19,Deportes,Balon,2,146446,48413
5647,620,2022-10-09,Deportes,Guantes,1,105115,29464
5652,620,2022-11-07,Tecnologia,Teclado,2,491985,89072
5655,620,2022-11-12,Deportes,Balon,3,91469,21501
5657,620,2022-12-08,Hogar,Silla,1,90150,22625
5654,620,2022-12-14,Deportes,Short,5,356699,87930
5648,620,2023-01-01,Hogar,Sofa,1,69913,17161
5651,620,2023-01-17,Vestuario,Polera,1,36721,12008
5649,620,2023-02-22,Hogar,Hervidor,1,84733,20481
5656,620,2023-04-12,Deportes,Raqueta,1,122298,39524
5653,620,2023-05-05,Deportes,Pesas,1,99089,32779
5650,620,2023-08-15,Tecnologia,Router,2,232925,49911
5658,621,2022-01-27,Deportes,Bicicleta,3,126974,35403
5666,621,2022-01-29,Hogar,Mesa,1,89832,24886
5665,621,2022-02-02,Electrodomesticos,Aspiradora,1,147934,22185
5664,621,2022-02-06,Electrodomesticos,Aspiradora,1,240489,38590
5660,621,2022-02-11,Electrodomesticos,Refrigerador,1,190785,33158
5661,621,2022-03-03,Tecnologia,Monitor,1,314326,58626
5659,621,2022-05-16,Tecnologia,Smartwatch,1,286426,70042
5662,621,2022-07-20,Hogar,Lampara,4,241537,70391
5663,621,2022-10-29,Tecnologia,Smartphone,1,144491,24320
5667,622,2024-09-19,Electrodomesticos,Licuadora,3,891535,160494
5669,622,2024-10-06,Electrodomesticos,Secadora,2,557900,103736
5670,622,2024-11-02,Electrodomesticos,Cocina,3,281181,50759
5671,622,2024-11-10,Vestuario,Jeans,1,38869,12591
5668,622,2024-12-28,Vestuario,Pantalon,1,52725,21348
5672,623,2022-03-30,Electrodomesticos,Lavadora,1,139479,26109
5673,623,2022-04-13,Tecnologia,Smartwatch,1,181620,31027
5680,623,2022-04-15,Electrodomesticos,Purificador,1,68575,14101
5674,623,2022-04-28,Electrodomesticos,Licuadora,1,157526,28608
5677,623,2022-04-29,Electrodomesticos,Purificador,3,377664,77540
5675,623,2022-05-05,Hogar,Termo,1,106170,37751
5681,623,2022-05-25,Electrodomesticos,Cocina,2,272362,53121
5676,623,2022-06-29,Hogar,Cortinas,2,180612,54101
5678,623,2022-07-23,Deportes,Botella,2,220766,78194
5679,623,2022-10-23,Electrodomesticos,Purificador,5,851090,169811
5682,624,2023-08-18,Vestuario,Pantalon,3,41253,14081
5685,624,2023-08-21,Deportes,Short,1,107719,31701
5686,624,2023-10-23,Electrodomesticos,Plancha,1,158132,29163
5683,624,2024-04-04,Deportes,Bicicleta,2,200148,60426
5687,624,2024-06-16,Vestuario,Zapatillas,1,27265,6769
5684,624,2024-07-28,Vestuario,Chaqueta,2,92582,34098
5688,625,2022-01-14,Electrodomesticos,Microondas,1,228979,42951
5692,625,2022-01-16,Tecnologia,Router,1,174180,36465
5690,625,2022-01-31,Tecnologia,Notebook,2,237281,49202
5691,625,2022-05-06,Vestuario,Calcetines,1,36843,11036
5689,625,2022-06-26,Vestuario,Pantalon,1,34909,12952
5693,626,2023-10-03,Tecnologia,Smartwatch,1,230590,32283
5694,626,2023-10-06,Deportes,Bicicleta,2,211814,67629
5697,626,2023-10-27,Hogar,Cortinas,4,496764,140700
5698,626,2023-11-10,Tecnologia,Notebook,1,339270,53947
5700,626,2024-01-31,Electrodomesticos,Microondas,2,339567,68580
5696,626,2024-02-22,Hogar,Silla,1,73655,20720
5699,626,2024-06-20,Hogar,Cortinas,1,91997,22174
5695,626,2024-06-27,Electrodomesticos,Plancha,2,403285,80894
5701,627,2023-08-13,Vestuario,Calcetines,1,45749,19004
5707,627,2023-09-06,Tecnologia,Impresora,2,404148,90749
5709,627,2023-09-12,Hogar,Alfombra,2,225433,62673
5710,627,2023-09-14,Tecnologia,Smartphone,1,289147,64937
5711,627,2023-09-15,Deportes,Poleron,1,77791,26312
5704,627,2023-10-23,Deportes,Casco,1,40254,12554
5702,627,2023-11-02,Vestuario,Buzo,1,92763,30196
5703,627,2023-12-08,Hogar,Hervidor,2,130328,33617
5705,627,2024-01-05,Deportes,Guantes,5,377875,144080
5706,627,2024-01-16,Tecnologia,Smartwatch,1,132396,27158
5708,627,2024-12-24,Tecnologia,Smartwatch,3,705058,106920
5712,628,2023-07-08,Deportes,Casco,1,40042,13204
5714,628,2023-07-16,Electrodomesticos,Refrigerador,1,200431,40109
5719,628,2023-07-26,Vestuario,Vestido,2,37627,13749
5718,628,2023-08-08,Tecnologia,Audifonos,1,178263,38003
5715,628,2023-08-10,Deportes,Short,3,162769,65798
5717,628,2023-09-08,Vestuario,Camisa,3,153026,49287
5716,628,2024-01-14,Vestuario,Jeans,2,92865,29334
5713,628,2024-05-02,Electrodomesticos,Secadora,1,307898,53527
5720,629,2023-02-04,Vestuario,Calcetines,3,122756,49521
5724,629,2023-03-02,Deportes,Poleron,1,68045,24365
5723,629,2023-03-04,Tecnologia,Audifonos,1,287718,57371
5729,629,2023-03-14,Hogar,Alfombra,2,360000,112632
5727,629,2023-03-27,Electrodomesticos,Lavadora,3,356535,58988
5725,629,2023-04-16,Electrodomesticos,Aspiradora,3,590487,105926
5721,629,2023-04-28,Electrodomesticos,Horno,3,702352,137190
5726,629,2023-05-21,Electrodomesticos,Plancha,1,176418,39509
5730,629,2023-06-15,Vestuario,Chaqueta,1,59349,18293
5728,629,2023-08-13,Electrodomesticos,Cocina,1,264856,59180
5722,629,2024-08-05,Hogar,Mesa,1,102766,27951
5731,630,2023-02-16,Electrodomesticos,Purificador,4,914472,133867
5734,630,2023-03-02,Deportes,Pesas,1,48161,17421
5737,630,2023-03-05,Electrodomesticos,Microondas,4,888977,164630
5733,630,2023-04-04,Tecnologia,Tablet,2,343980,82040
5735,630,2023-04-10,Electrodomesticos,Secadora,1,344230,66109
5738,630,2023-04-19,Electrodomesticos,Licuadora,1,189968,33723
5732,630,2023-09-29,Deportes,Poleron,1,42185,13590
5740,630,2023-10-20,Tecnologia,Impresora,1,159377,33598
5739,630,2023-10-30,Tecnologia,Smartwatch,3,587525,100745
5736,630,2024-01-08,Vestuario,Gorro,1,40837,13997
5741,631,2023-11-23,Hogar,Hervidor,4,138856,25186
5742,631,2024-03-31,Tecnologia,Tablet,1,209069,45821
5743,631,2024-04-10,Electrodomesticos,Refrigerador,1,148607,32419
5745,631,2024-07-28,Electrodomesticos,Purificador,1,72360,13935
5744,631,2024-12-21,Deportes,Casco,3,376108,110268
5746,632,2022-01-29,Vestuario,Chaqueta,2,63700,23270
5749,632,2022-01-29,Electrodomesticos,Secadora,2,317249,54459
5751,632,2022-02-20,Tecnologia,Smartwatch,3,538857,112662
5752,632,2022-03-06,Electrodomesticos,Microondas,4,1095632,188513
5747,632,2022-03-07,Electrodomesticos,Microondas,1,214512,44894
5750,632,2022-07-19,Electrodomesticos,Refrigerador,5,456019,80620
5748,632,2022-10-05,Tecnologia,Tablet,1,109733,19946
5753,633,2022-04-22,Electrodomesticos,Lavadora,1,203202,35674
5759,633,2022-05-31,Electrodomesticos,Horno,1,117972,20515
5754,633,2022-06-02,Deportes,Raqueta,2,172048,47374
5755,633,2022-09-02,Hogar,Lampara,2,81255,29971
5758,633,2022-09-12,Vestuario,Vestido,4,269470,107495
5756,633,2022-10-08,Hogar,Lampara,3,259327,77557
5757,633,2022-11-13,Vestuario,Jeans,1,71268,21051
5760,634,2023-04-25,Electrodomesticos,Horno,2,332242,55058
5771,634,2023-04-27,Hogar,Cafetera,3,245133,72706
5764,634,2023-04-29,Hogar,Cafetera,3,430499,96714
5762,634,2023-06-04,Tecnologia,Mouse,1,264130,52960
5766,634,2023-06-19,Deportes,Guantes,2,163202,51093
5772,634,2023-07-01,Tecnologia,Router,1,206774,35418
5770,634,2023-07-17,Vestuario,Vestido,2,33153,11809
5767,634,2023-08-23,Deportes,Bicicleta,3,312195,89720
5765,634,2023-09-29,Hogar,Lampara,1,140669,33877
5761,634,2023-10-13,Hogar,Lampara,1,56358,15645
5769,634,2023-11-24,Deportes,Raqueta,2,146404,44757
5763,634,2023-11-29,Electrodomesticos,Lavadora,3,765434,118336
5768,634,2024-01-17,Electrodomesticos,Lavadora,1,360000,76965
5773,635,2023-08-28,Tecnologia,Smartphone,2,720033,128651
5774,635,2023-09-02,Tecnologia,Router,1,157480,29336
5781,635,2023-09-05,Hogar,Cafetera,2,156564,36117
5777,635,2023-09-28,Vestuario,Calcetines,1,42681,13563
5784,635,2023-10-02,Deportes,Poleron,1,63208,22023
5776,635,2023-10-28,Deportes,Balon,2,135401,31893
5783,635,2023-11-29,Vestuario,Chaqueta,1,31752,8705
5780,635,2023-12-19,Tecnologia,Smartwatch,2,388253,85851
5779,635,2023-12-27,Tecnologia,Router,2,493355,84763
5782,635,2023-12-29,Vestuario,Buzo,4,214580,65977
5778,635,2024-06-04,Tecnologia,Teclado,4,1088975,203559
5775,635,2024-07-12,Hogar,Sofa,1,79410,17276
5785,636,2022-05-29,Electrodomesticos,Refrigerador,1,307713,57539
5790,636,2022-07-17,Deportes,Short,2,110567,31381
5788,636,2022-07-22,Tecnologia,Smartwatch,1,225744,42895
5786,636,2022-08-29,Electrodomesticos,Lavadora,5,976696,165778
5789,636,2022-09-09,Hogar,Termo,1,135810,41758
5791,636,2023-03-19,Electrodomesticos,Licuadora,3,509645,76612
5787,636,2023-05-14,Vestuario,Pantalon,1,54120,17860
5792,637,2024-10-07,Tecnologia,Teclado,4,757243,181527
5797,637,2024-10-20,Tecnologia,Audifonos,1,230717,35220
5793,637,2024-11-17,Hogar,Hervidor,1,99807,19873
5802,637,2024-11-19,Electrodomesticos,Secadora,1,187601,33281
5801,637,2024-11-22,Vestuario,Jeans,1,18967,5310
5799,637,2024-12-23,Vestuario,Vestido,1,21497,7432
5800,637,2024-12-23,Hogar,Cortinas,1,117603,34321
5795,637,2024-12-24,Vestuario,Camisa,1,89348,28768
5794,637,2024-12-25,Deportes,Bicicleta,1,69888,17995
5798,637,2024-12-29,Tecnologia,Mouse,2,707922,129845
5796,637,2024-12-30,Deportes,Colchoneta,1,31772,7686
5803,638,2022-09-10,Hogar,Hervidor,2,308949,79527
5808,638,2022-09-21,Vestuario,Chaqueta,1,32595,11813
5807,638,2022-09-24,Deportes,Raqueta,1,94626,23793
5809,638,2022-09-28,Electrodomesticos,Licuadora,1,63000,12810
5804,638,2022-10-17,Electrodomesticos,Lavadora,1,118610,23596
5806,638,2023-01-05,Electrodomesticos,Aspiradora,1,230545,38915
5810,638,2023-02-04,Tecnologia,Router,2,694375,144878
5805,638,2023-03-07,Deportes,Guantes,3,99878,25796
5811,639,2023-12-14,Hogar,Silla,2,147624,40993
5814,639,2023-12-20,Deportes,Short,1,40977,12915
5817,639,2024-01-07,Deportes,Guantes,1,66402,15470
5813,639,2024-01-26,Tecnologia,Teclado,2,877905,168304
5818,639,2024-02-16,Tecnologia,Notebook,1,299867,66609
5815,639,2024-04-07,Tecnologia,Teclado,4,861723,183165
5812,639,2024-04-24,Tecnologia,Monitor,1,309869,54464
5816,639,2024-08-01,Electrodomesticos,Licuadora,2,295538,43992
5819,640,2022-12-08,Tecnologia,Notebook,2,484509,80232
5830,640,2022-12-11,Electrodomesticos,Licuadora,1,174910,27266
5827,640,2023-01-02,Deportes,Short,1,85624,23952
5828,640,2023-01-25,Deportes,Casco,1,31989,9018
5826,640,2023-01-28,Deportes,Casco,1,100184,29270
5829,640,2023-03-10,Electrodomesticos,Cocina,2,560134,101329
5820,640,2023-03-28,Hogar,Organizador,1,140964,33152
5821,640,2023-05-19,Tecnologia,Mouse,2,484273,94932
5824,640,2023-05-19,Tecnologia,Tablet,4,1038425,245211
5823,640,2023-06-24,Electrodomesticos,Cocina,1,157923,32277
5822,640,2023-06-29,Electrodomesticos,Microondas,2,253657,54185
5825,640,2024-03-26,Electrodomesticos,Purificador,1,202409,40737
5831,641,2024-04-11,Tecnologia,Smartphone,3,1095842,198079
5833,641,2024-05-12,Tecnologia,Mouse,4,1041752,240201
5836,641,2024-06-24,Tecnologia,Smartphone,2,322781,59100
5834,641,2024-06-27,Electrodomesticos,Lavadora,1,207303,38481
5835,641,2024-08-19,Vestuario,Vestido,2,43087,16529
5832,641,2024-12-26,Tecnologia,Mouse,3,690708,110243
5837,641,2024-12-26,Electrodomesticos,Secadora,1,246758,40923
5838,642,2023-08-02,Tecnologia,Smartwatch,4,1181173,254011
5850,642,2023-08-22,Hogar,Cortinas,1,140576,42123
5847,642,2023-08-26,Tecnologia,Tablet,1,208350,34655
5849,642,2023-08-29,Tecnologia,Smartphone,3,710061,156282
5842,642,2023-09-01,Vestuario,Calcetines,2,51785,18174
5843,642,2023-10-19,Electrodomesticos,Lavadora,3,396505,86337
5839,642,2023-10-30,Electrodomesticos,Microondas,1,139959,25427
5848,642,2023-11-06,Hogar,Lampara,1,91708,22121
5844,642,2023-11-07,Hogar,Mesa,2,206479,53837
5845,642,2023-11-15,Hogar,Silla,1,47253,10405
5846,642,2023-12-29,Vestuario,Calcetines,1,33496,10320
5840,642,2024-01-28,Electrodomesticos,Refrigerador,2,369544,64729
5841,642,2024-05-13,Hogar,Termo,1,143945,42371
5851,643,2024-10-05,Vestuario,Jeans,2,76860,21819
5859,643,2024-10-19,Vestuario,Gorro,1,22919,8114
5854,643,2024-12-21,Deportes,Pesas,1,71857,18606
5858,643,2024-12-21,Tecnologia,Smartphone,1,205007,43545
5852,643,2024-12-22,Hogar,Termo,2,192481,44078
5857,643,2024-12-23,Deportes,Guantes,2,213655,57906
5856,643,2024-12-24,Tecnologia,Impresora,1,132163,23592
5855,643,2024-12-26,Electrodomesticos,Refrigerador,1,144447,26371
5853,643,2024-12-31,Deportes,Pesas,3,141647,40295
5860,644,2023-04-17,Hogar,Sofa,3,327997,90783
5866,644,2023-04-22,Tecnologia,Smartphone,1,276511,57294
5865,644,2023-05-01,Tecnologia,Notebook,1,126297,23743
5869,644,2023-05-02,Electrodomesticos,Refrigerador,1,140997,23097
5864,644,2023-06-25,Vestuario,Gorro,2,52251,17878
5868,644,2023-07-15,Deportes,Colchoneta,5,159488,53172
5862,644,2023-12-29,Deportes,Balon,2,98928,19602
5867,644,2024-01-11,Hogar,Termo,1,80081,23429
5861,644,2024-01-20,Hogar,Sofa,1,102738,32494
5863,644,2024-03-17,Hogar,Alfombra,2,179992,50203
5870,645,2024-04-16,Deportes,Pesas,4,336648,110786
5874,645,2024-04-17,Deportes,Balon,2,213651,68024
5879,645,2024-05-06,Tecnologia,Monitor,2,344229,67646
5880,645,2024-06-08,Electrodomesticos,Microondas,5,1084892,219197
5876,645,2024-06-10,Vestuario,Jeans,2,144095,55999
5875,645,2024-07-01,Tecnologia,Teclado,2,343083,60220
5877,645,2024-08-01,Vestuario,Polera,1,29015,9456
5873,645,2024-08-03,Hogar,Hervidor,1,115146,32596
5871,645,2024-08-20,Electrodomesticos,Plancha,1,254261,39461
5881,645,2024-10-30,Tecnologia,Smartphone,1,279917,51542
5872,645,2024-10-31,Electrodomesticos,Purificador,1,163811,20640
5878,645,2024-12-30,Hogar,Organizador,1,56532,13956
5882,646,2023-04-29,Hogar,Silla,1,84585,28800
5884,646,2023-04-30,Electrodomesticos,Licuadora,2,242732,58184
5885,646,2023-05-25,Electrodomesticos,Microondas,1,237316,37337
5886,646,2023-06-10,Vestuario,Buzo,2,69273,29599
5888,646,2023-06-17,Vestuario,Pantalon,1,45377,14708
5883,646,2023-07-19,Tecnologia,Impresora,2,154000,28120
5887,646,2023-08-30,Deportes,Balon,5,632805,202291
5892,646,2023-08-31,Deportes,Casco,3,173174,57405
5890,646,2023-09-27,Vestuario,Jeans,1,60220,22855
5893,646,2023-11-05,Vestuario,Zapatillas,2,126825,45551
5891,646,2024-01-13,Vestuario,Chaqueta,3,155193,51529
5894,646,2024-05-06,Hogar,Cafetera,2,239094,67629
5889,646,2024-07-30,Electrodomesticos,Licuadora,2,295589,53232
5895,647,2023-08-19,Electrodomesticos,Refrigerador,1,200294,38389
5896,647,2023-09-24,Electrodomesticos,Secadora,1,171143,27523
5900,647,2023-10-12,Deportes,Botella,2,120802,33048
5897,647,2023-10-24,Vestuario,Camisa,1,45858,17382
5898,647,2023-11-26,Deportes,Short,1,24500,7022
5901,647,2024-04-02,Deportes,Balon,1,84854,24896
5899,647,2024-04-17,Tecnologia,Tablet,1,127497,25120
5902,647,2024-06-12,Electrodomesticos,Licuadora,1,217752,33704
5903,648,2023-08-06,Deportes,Pesas,2,133192,38235
5908,648,2023-09-22,Hogar,Mesa,2,146501,40064
5906,648,2023-10-04,Hogar,Cortinas,1,79770,24904
5904,648,2023-12-28,Tecnologia,Mouse,1,179693,25411
5907,648,2024-01-04,Electrodomesticos,Aspiradora,4,859974,166015
5905,648,2024-09-21,Deportes,Short,3,317610,100411
5909,649,2023-01-29,Deportes,Short,2,146521,46395
5912,649,2023-02-10,Vestuario,Camisa,1,44134,15191
5914,649,2023-02-15,Hogar,Mesa,1,121274,31454
5919,649,2023-02-18,Electrodomesticos,Cocina,3,489200,71468
5917,649,2023-02-22,Vestuario,Camisa,1,43991,16116
5918,649,2023-02-27,Vestuario,Pantalon,1,40234,17759
5911,649,2023-03-10,Hogar,Mesa,2,109290,31020
5915,649,2023-05-12,Hogar,Hervidor,1,51268,16906
5910,649,2023-06-07,Hogar,Termo,1,113691,33610
5913,649,2023-12-24,Deportes,Bicicleta,1,62955,19489
5916,649,2024-04-08,Electrodomesticos,Purificador,3,590048,112712
5920,650,2024-05-30,Vestuario,Calcetines,3,37838,12137
5928,650,2024-06-27,Tecnologia,Impresora,1,210866,35540
5925,650,2024-06-28,Deportes,Guantes,1,64564,16458
5921,650,2024-07-20,Tecnologia,Router,1,309627,52648
5927,650,2024-08-05,Hogar,Cafetera,1,41278,11279
5924,650,2024-11-25,Electrodomesticos,Purificador,2,363516,73742
5929,650,2024-12-09,Electrodomesticos,Plancha,4,583761,90366
5923,650,2024-12-21,Deportes,Casco,1,83857,17377
5926,650,2024-12-29,Tecnologia,Impresora,1,218041,40868
5922,650,2024-12-31,Deportes,Balon,1,24500,6838
5930,651,2022-07-05,Tecnologia,Router,2,323457,53209
5933,651,2022-08-23,Vestuario,Jeans,1,64772,21434
5935,651,2022-08-24,Tecnologia,Monitor,1,219199,49871
5932,651,2022-09-07,Deportes,Botella,2,168386,43336
5931,651,2022-10-05,Deportes,Balon,1,69661,28213
5934,651,2023-04-07,Electrodomesticos,Plancha,3,516299,90853
5936,652,2022-04-03,Tecnologia,Notebook,4,613605,120169
5940,652,2022-05-13,Tecnologia,Tablet,1,213929,43863
5939,652,2022-06-05,Electrodomesticos,Lavadora,2,229995,47494
5937,652,2022-06-15,Vestuario,Polera,1,36796,15711
5938,652,2022-10-22,Hogar,Sofa,1,99556,23394
5941,653,2024-11-07,Deportes,Balon,1,33127,8017
5945,653,2024-12-21,Deportes,Botella,2,205933,53251
5942,653,2024-12-22,Tecnologia,Teclado,2,556186,128988
5944,653,2024-12-23,Hogar,Lampara,2,105818,34486
5946,653,2024-12-24,Vestuario,Calcetines,1,57758,20600
5948,653,2024-12-25,Hogar,Alfombra,2,118027,33444
5947,653,2024-12-29,Deportes,Guantes,1,86255,27206
5943,653,2024-12-31,Electrodomesticos,Lavadora,4,838179,168382
5949,654,2022-01-08,Deportes,Guantes,1,73401,22134
5958,654,2022-01-13,Hogar,Organizador,2,220668,59853
5953,654,2022-01-18,Deportes,Balon,1,95620,32736
5951,654,2022-02-24,Vestuario,Buzo,1,20118,6894
5955,654,2022-03-12,Hogar,Mesa,1,109394,26850
5956,654,2022-04-05,Deportes,Botella,1,42429,15442
5954,654,2022-05-27,Hogar,Termo,1,89008,30157
5952,654,2022-09-15,Deportes,Raqueta,1,48848,14424
5950,654,2022-10-22,Hogar,Cortinas,6,734267,151195
5957,654,2022-11-08,Tecnologia,Mouse,2,379334,66964
5959,655,2022-12-13,Hogar,Silla,1,118624,34424
5967,655,2023-01-07,Vestuario,Calcetines,1,42786,13764
5964,655,2023-02-14,Electrodomesticos,Cocina,5,431929,93283
5966,655,2023-03-01,Tecnologia,Router,2,239741,50524
5960,655,2023-03-04,Vestuario,Buzo,2,76254,25918
5963,655,2023-03-07,Deportes,Balon,1,64204,14773
5961,655,2023-03-20,Vestuario,Calcetines,1,95712,32762
5962,655,2023-06-21,Electrodomesticos,Aspiradora,3,715273,103281
5965,655,2023-08-13,Hogar,Hervidor,2,249204,66374
5968,656,2023-06-24,Deportes,Guantes,2,128549,36117
5974,656,2023-08-09,Hogar,Mesa,1,154735,39696
5972,656,2023-08-12,Deportes,Casco,2,96512,38305
5970,656,2023-08-29,Deportes,Botella,4,428974,129694
5969,656,2023-09-21,Vestuario,Camisa,1,10314,4387
5971,656,2023-10-09,Electrodomesticos,Purificador,2,327641,58634
5975,656,2023-11-05,Hogar,Organizador,2,144566,33539
5973,656,2023-11-11,Vestuario,Polera,4,153696,52722
5976,656,2024-01-22,Hogar,Sofa,4,307774,91381
5977,657,2023-03-15,Hogar,Cortinas,1,132777,36915
5978,657,2023-03-21,Deportes,Casco,1,108759,30903
5979,657,2023-04-09,Vestuario,Pantalon,1,39958,12451
5983,657,2023-04-13,Hogar,Alfombra,2,243336,78169
5987,657,2023-04-18,Tecnologia,Impresora,1,396533,82370
5980,657,2023-04-25,Electrodomesticos,Purificador,1,229316,38022
5984,657,2023-05-01,Tecnologia,Audifonos,1,202375,42708
5985,657,2023-05-21,Vestuario,Jeans,4,113925,40145
5981,657,2023-05-27,Hogar,Silla,2,94701,26607
5986,657,2023-06-17,Electrodomesticos,Purificador,2,257848,49227
5982,657,2023-07-25,Vestuario,Vestido,2,27381,8840
5988,657,2023-09-07,Vestuario,Polera,4,68002,23993
5989,657,2024-11-05,Tecnologia,Router,2,869439,147693
5990,658,2023-11-11,Vestuario,Gorro,2,98230,34422
5994,658,2023-11-14,Electrodomesticos,Plancha,1,194835,34374
5991,658,2023-11-22,Vestuario,Pantalon,1,10966,4759
5998,658,2023-12-13,Electrodomesticos,Lavadora,1,165150,26946
5997,658,2023-12-18,Deportes,Short,5,510792,116972
5996,658,2023-12-25,Electrodomesticos,Cocina,2,364521,60898
5999,658,2024-02-14,Vestuario,Vestido,1,46702,16354
5995,658,2024-02-23,Vestuario,Camisa,1,28856,9097
5993,658,2024-04-18,Electrodomesticos,Plancha,1,253930,42000
5992,658,2024-09-09,Deportes,Colchoneta,2,191503,71238
6000,659,2023-07-29,Deportes,Poleron,1,75717,25153
6006,659,2023-08-01,Deportes,Pesas,2,131240,36662
6001,659,2023-08-14,Deportes,Botella,4,208912,48943
6009,659,2023-09-09,Electrodomesticos,Aspiradora,1,186211,37426
6010,659,2023-09-16,Tecnologia,Teclado,2,559540,96998
6011,659,2023-09-20,Vestuario,Buzo,2,108388,34710
6004,659,2023-10-05,Vestuario,Jeans,1,41821,18077
6007,659,2023-10-08,Hogar,Hervidor,2,150240,35938
6003,659,2023-10-18,Deportes,Balon,1,24721,8964
6002,659,2023-10-23,Vestuario,Chaqueta,1,23517,8564
6005,659,2023-11-17,Electrodomesticos,Horno,2,357700,55779
6008,659,2024-01-30,Tecnologia,Router,4,1069220,265520
6012,660,2022-11-25,Electrodomesticos,Licuadora,2,376430,64314
6015,660,2022-12-02,Vestuario,Calcetines,4,56072,18739
6020,660,2022-12-03,Deportes,Bicicleta,1,81897,23029
6022,660,2022-12-04,Tecnologia,Smartwatch,5,1688782,363360
6018,660,2022-12-29,Electrodomesticos,Licuadora,4,447397,73347
6014,660,2023-01-17,Vestuario,Gorro,1,46852,14427
6021,660,2023-03-01,Deportes,Guantes,1,57517,17231
6017,660,2023-03-14,Tecnologia,Mouse,1,306838,60124
6013,660,2023-04-16,Vestuario,Polera,2,91733,35302
6016,660,2023-07-10,Electrodomesticos,Cocina,3,906058,219297
6019,660,2023-08-12,Electrodomesticos,Cocina,1,165506,28825
6024,660,2024-03-11,Electrodomesticos,Aspiradora,3,726804,135880
6023,660,2024-06-08,Electrodomesticos,Refrigerador,2,149356,28340
6025,661,2023-12-29,Vestuario,Camisa,2,43526,15526
6033,661,2024-02-10,Vestuario,Pantalon,2,85776,30044
6032,661,2024-02-19,Electrodomesticos,Purificador,1,131833,30187
6029,661,2024-03-14,Deportes,Botella,1,57956,19323
6027,661,2024-04-23,Deportes,Raqueta,1,87377,21590
6030,661,2024-05-03,Tecnologia,Teclado,3,709468,149884
6026,661,2024-12-12,Tecnologia,Router,5,984811,221513
6031,661,2024-12-22,Electrodomesticos,Lavadora,1,220467,34132
6028,661,2024-12-28,Deportes,Pesas,2,76807,26450
6034,662,2023-09-27,Deportes,Short,1,68966,18948
6045,662,2023-10-27,Hogar,Termo,3,412687,119318
6036,662,2023-12-09,Hogar,Silla,1,31500,9120
6039,662,2023-12-18,Tecnologia,Monitor,1,326716,60279
6043,662,2024-01-01,Electrodomesticos,Horno,1,163583,30956
6038,662,2024-02-13,Electrodomesticos,Cocina,1,164023,25442
6035,662,2024-04-13,Electrodomesticos,Licuadora,1,118196,22314
6041,662,2024-05-06,Tecnologia,Audifonos,4,1113358,177695
6040,662,2024-05-09,Deportes,Guantes,2,174855,53788
6042,662,2024-07-07,Vestuario,Chaqueta,1,69554,24540
6044,662,2024-07-19,Electrodomesticos,Refrigerador,1,204325,30229
6037,662,2024-09-15,Electrodomesticos,Lavadora,3,475007,91235
6046,663,2024-09-25,Deportes,Raqueta,1,94073,26597
6047,663,2024-11-12,Vestuario,Jeans,1,32885,10143
6049,663,2024-11-29,Tecnologia,Impresora,2,154000,30177
6050,663,2024-12-23,Tecnologia,Impresora,1,287560,54673
6048,663,2024-12-24,Electrodomesticos,Lavadora,1,227214,43734
6051,663,2024-12-31,Deportes,Balon,3,161327,39086
6052,664,2022-02-05,Hogar,Sofa,1,76818,16052
6057,664,2022-02-08,Hogar,Termo,1,40448,10033
6056,664,2022-03-08,Electrodomesticos,Lavadora,3,401692,67331
6055,664,2022-06-18,Deportes,Casco,1,81597,21786
6054,664,2022-10-03,Hogar,Sofa,1,114880,27789
6053,664,2023-02-02,Electrodomesticos,Licuadora,1,110747,19033
6058,665,2023-02-21,Deportes,Bicicleta,1,57606,17084
6073,665,2023-03-02,Deportes,Short,3,101898,31036
6060,665,2023-04-09,Deportes,Guantes,2,173197,37732
6062,665,2023-04-15,Vestuario,Zapatillas,1,48346,14867
6072,665,2023-04-15,Tecnologia,Tablet,2,334993,62546
6065,665,2023-04-27,Vestuario,Zapatillas,2,62944,18089
6070,665,2023-05-03,Tecnologia,Tablet,1,119770,26567
6069,665,2023-05-18,Vestuario,Chaqueta,1,47537,15538
6071,665,2023-06-06,Vestuario,Polera,2,89742,34725
6061,665,2023-06-21,Electrodomesticos,Lavadora,1,188662,40509
6063,665,2023-07-13,Deportes,Bicicleta,1,28905,7315
6066,665,2023-08-11,Tecnologia,Smartwatch,2,502563,96569
6059,665,2023-08-16,Deportes,Poleron,1,51464,12915
6064,665,2023-08-24,Hogar,Cortinas,1,116457,32907
6067,665,2023-09-07,Vestuario,Zapatillas,4,76576,25089
6068,665,2023-10-22,Electrodomesticos,Aspiradora,2,601114,123582
6074,666,2023-08-04,Vestuario,Calcetines,1,58071,15150
6077,666,2023-08-05,Deportes,Colchoneta,2,113491,36211
6075,666,2023-11-05,Vestuario,Jeans,1,36368,9966
6076,666,2024-01-04,Tecnologia,Smartphone,1,286028,67677
6078,667,2022-10-27,Vestuario,Calcetines,1,55133,18283
6079,667,2022-12-09,Hogar,Cortinas,1,111687,30138
6085,667,2022-12-15,Deportes,Poleron,2,147886,37355
6084,667,2022-12-23,Electrodomesticos,Refrigerador,3,470210,86892
6082,667,2023-01-22,Deportes,Botella,2,204966,47255
6083,667,2023-02-10,Electrodomesticos,Plancha,1,130034,19766
6081,667,2023-04-01,Hogar,Cortinas,1,101319,27823
6080,667,2023-04-14,Hogar,Termo,1,70518,16378
6086,668,2023-08-04,Deportes,Colchoneta,1,61213,17552
6087,668,2023-08-16,Electrodomesticos,Secadora,4,1124621,220262
6089,668,2023-09-23,Hogar,Lampara,1,81300,22994
6090,668,2023-10-06,Vestuario,Vestido,1,41059,14808
6092,668,2023-11-30,Vestuario,Pantalon,3,103718,35454
6088,668,2023-12-21,Vestuario,Gorro,2,112724,38551
6091,668,2024-01-22,Hogar,Sofa,3,209041,71224
6093,668,2024-06-24,Vestuario,Pantalon,1,29807,12034
6094,669,2022-10-06,Vestuario,Buzo,1,61802,21722
6097,669,2022-10-30,Deportes,Poleron,1,98389,27428
6096,669,2022-12-13,Vestuario,Zapatillas,2,82673,24911
6100,669,2022-12-22,Electrodomesticos,Microondas,1,175690,29255
6095,669,2023-02-24,Tecnologia,Tablet,2,381656,83328
6099,669,2023-03-31,Deportes,Poleron,1,72739,18227
6098,669,2023-04-10,Electrodomesticos,Purificador,1,210674,37043
6101,669,2023-07-05,Hogar,Silla,4,314879,64541
6102,670,2023-09-18,Tecnologia,Tablet,4,736572,136552
6104,670,2023-10-01,Deportes,Pesas,3,258268,81777
6106,670,2023-11-30,Deportes,Guantes,1,88901,31971
6105,670,2024-06-17,Hogar,Mesa,2,222795,67758
6103,670,2024-07-20,Vestuario,Vestido,4,132460,43255
6107,671,2023-12-24,Electrodomesticos,Lavadora,2,312206,54126
6108,671,2024-01-28,Deportes,Short,1,60823,18675
6109,671,2024-01-31,Tecnologia,Smartwatch,2,727572,142355
6114,671,2024-02-23,Electrodomesticos,Purificador,1,272265,46838
6116,671,2024-03-01,Deportes,Short,3,340511,85887
6111,671,2024-03-31,Electrodomesticos,Purificador,1,255520,42256
6119,671,2024-04-01,Hogar,Lampara,1,124747,43687
6120,671,2024-04-23,Hogar,Sofa,2,283151,74678
6110,671,2024-06-03,Hogar,Organizador,4,480284,133536
6117,671,2024-06-10,Vestuario,Buzo,1,13121,5078
6112,671,2024-07-02,Electrodomesticos,Purificador,4,817632,143458
6113,671,2024-07-18,Hogar,Mesa,1,90935,19583
6115,671,2024-07-30,Tecnologia,Router,2,658873,141347
6118,671,2024-12-21,Deportes,Botella,2,145014,45911
6121,672,2024-11-20,Electrodomesticos,Licuadora,5,1420070,246779
6130,672,2024-12-04,Tecnologia,Impresora,3,931933,148446
6126,672,2024-12-21,Deportes,Short,1,61845,15791
6128,672,2024-12-21,Electrodomesticos,Lavadora,2,367977,62663
6127,672,2024-12-23,Hogar,Sofa,2,162068,43910
6122,672,2024-12-26,Hogar,Organizador,3,335240,100755
6125,672,2024-12-26,Vestuario,Jeans,2,76159,27366
6129,672,2024-12-27,Tecnologia,Router,1,150095,28504
6123,672,2024-12-28,Tecnologia,Notebook,2,548856,107271
6124,672,2024-12-29,Electrodomesticos,Lavadora,4,973715,135150
6131,673,2022-04-27,Vestuario,Pantalon,3,96938,39324
6136,673,2022-05-21,Electrodomesticos,Purificador,3,798635,141549
6134,673,2022-06-02,Electrodomesticos,Microondas,4,503961,114887
6133,673,2022-06-22,Tecnologia,Smartwatch,1,77148,14486
6135,673,2022-07-27,Vestuario,Chaqueta,1,53526,18843
6137,673,2022-08-14,Electrodomesticos,Aspiradora,1,78830,16864
6132,673,2022-09-04,Tecnologia,Monitor,3,632363,123128
6138,674,2022-04-07,Deportes,Casco,2,184844,56159
6139,674,2022-04-27,Hogar,Termo,2,223132,54457
6140,674,2022-05-13,Vestuario,Camisa,2,86713,22882
6141,674,2022-05-15,Electrodomesticos,Plancha,4,1107552,198181
6142,674,2022-06-03,Tecnologia,Mouse,2,429566,61514
6143,674,2022-07-03,Electrodomesticos,Aspiradora,1,110049,18888
6144,674,2022-09-04,Vestuario,Pantalon,1,34988,13500
6145,675,2022-03-05,Electrodomesticos,Microondas,1,71923,12511
6152,675,2022-03-13,Tecnologia,Tablet,1,249483,53005
6151,675,2022-03-17,Hogar,Sofa,1,83053,21448
6149,675,2022-05-09,Tecnologia,Router,1,298535,45351
6146,675,2022-05-28,Vestuario,Chaqueta,1,23895,6655
6153,675,2022-06-08,Electrodomesticos,Horno,2,295692,45139
6150,675,2022-06-22,Vestuario,Zapatillas,1,34200,12058
6147,675,2022-09-29,Vestuario,Pantalon,3,71645,29285
6148,675,2022-11-08,Hogar,Silla,2,252229,59398
6154,676,2023-05-23,Hogar,Termo,1,34510,8959
6155,676,2023-06-08,Electrodomesticos,Horno,2,461261,90687
6158,676,2023-07-27,Vestuario,Pantalon,3,187726,64281
6159,676,2023-07-29,Electrodomesticos,Refrigerador,1,175650,37433
6160,676,2023-07-29,Hogar,Cafetera,1,131717,44665
6161,676,2023-11-17,Electrodomesticos,Microondas,1,261499,46879
6156,676,2023-12-13,Electrodomesticos,Licuadora,1,195561,32813
6157,676,2024-01-18,Vestuario,Zapatillas,1,60792,19193
6162,676,2024-03-16,Hogar,Cafetera,1,128623,32022
6163,677,2023-11-01,Vestuario,Jeans,1,44830,15243
6168,677,2023-11-08,Electrodomesticos,Lavadora,2,493447,79574
6166,677,2023-11-13,Vestuario,Camisa,1,67810,21541
6170,677,2023-11-14,Vestuario,Pantalon,2,104680,27869
6169,677,2023-12-11,Deportes,Botella,1,59039,13158
6173,677,2023-12-13,Electrodomesticos,Cocina,1,187804,29605
6172,677,2023-12-26,Tecnologia,Smartphone,2,588420,102804
6171,677,2024-03-15,Electrodomesticos,Horno,2,448107,80837
6167,677,2024-04-30,Deportes,Short,2,98553,36518
6165,677,2024-07-21,Deportes,Short,1,65329,20149
6164,677,2024-12-18,Deportes,Guantes,3,166612,39868
6174,678,2023-04-10,Electrodomesticos,Licuadora,1,144192,27647
6175,678,2023-04-21,Hogar,Cortinas,1,108773,30498
6179,678,2023-04-28,Tecnologia,Tablet,1,206292,46236
6177,678,2023-07-05,Hogar,Silla,1,125217,29875
6178,678,2023-08-15,Electrodomesticos,Horno,5,1110042,179233
6176,678,2023-08-21,Deportes,Pesas,1,54759,15465
6188,679,2024-12-21,Hogar,Termo,2,106072,32436
6180,679,2024-12-23,Vestuario,Polera,3,41828,12092
6181,679,2024-12-23,Deportes,Balon,1,74698,22815
6184,679,2024-12-23,Vestuario,Camisa,2,37277,12273
6185,679,2024-12-26,Hogar,Termo,2,196126,53311
6186,679,2024-12-26,Hogar,Lampara,2,150310,34592
6189,679,2024-12-26,Electrodomesticos,Refrigerador,2,474356,56551
6190,679,2024-12-26,Electrodomesticos,Refrigerador,2,524854,80036
6182,679,2024-12-28,Hogar,Cafetera,1,90079,26758
6183,679,2024-12-31,Electrodomesticos,Horno,2,155356,27153
6187,679,2024-12-31,Electrodomesticos,Horno,1,173096,25440
6191,680,2022-09-10,Deportes,Raqueta,1,81458,26105
6195,680,2022-09-11,Electrodomesticos,Horno,3,440209,74920
6198,680,2022-09-14,Vestuario,Pantalon,2,97440,38751
6192,680,2022-09-21,Hogar,Silla,6,215472,67953
6199,680,2022-10-08,Tecnologia,Router,1,138795,31569
6194,680,2022-12-03,Tecnologia,Notebook,2,259930,42706
6200,680,2022-12-05,Vestuario,Chaqueta,1,62922,20532
6196,680,2022-12-07,Tecnologia,Smartphone,1,88647,17670
6193,680,2022-12-25,Hogar,Cafetera,2,183499,45563
6197,680,2023-01-01,Vestuario,Buzo,1,28150,10129
6201,680,2023-03-19,Tecnologia,Impresora,1,152987,24506
6202,681,2024-10-29,Electrodomesticos,Horno,4,252000,42072
6206,681,2024-12-06,Electrodomesticos,Horno,2,368291,55004
6203,681,2024-12-22,Electrodomesticos,Aspiradora,2,268675,46462
6205,681,2024-12-27,Electrodomesticos,Secadora,1,191118,25843
6204,681,2024-12-30,Tecnologia,Monitor,2,491577,93676
6207,682,2023-08-23,Hogar,Lampara,3,355922,95828
6210,682,2023-08-26,Electrodomesticos,Microondas,1,246553,39527
6211,682,2023-09-11,Tecnologia,Teclado,1,95282,18906
6213,682,2023-10-09,Electrodomesticos,Refrigerador,2,307391,54158
6212,682,2023-11-15,Electrodomesticos,Cocina,1,185704,31350
6209,682,2023-11-22,Tecnologia,Monitor,2,357240,64127
6208,682,2024-05-08,Electrodomesticos,Cocina,2,393066,60816
6214,683,2024-08-23,Hogar,Organizador,2,238240,66708
6217,683,2024-08-29,Vestuario,Chaqueta,2,29383,9629
6221,683,2024-09-23,Tecnologia,Monitor,1,211182,54768
6220,683,2024-11-03,Vestuario,Buzo,4,65844,25801
6219,683,2024-11-15,Hogar,Termo,2,201824,50731
6215,683,2024-11-18,Tecnologia,Notebook,1,289511,53572
6216,683,2024-12-12,Electrodomesticos,Cocina,1,139937,27164
6218,683,2024-12-30,Vestuario,Chaqueta,1,52366,16771
6222,684,2023-07-18,Tecnologia,Teclado,2,272064,61233
6226,684,2023-07-23,Electrodomesticos,Secadora,1,161759,35150
6233,684,2023-07-25,Tecnologia,Audifonos,1,129990,24537
6230,684,2023-08-18,Deportes,Colchoneta,1,59460,21408
6232,684,2023-08-21,Deportes,Raqueta,1,53846,16311
6225,684,2023-09-10,Vestuario,Jeans,1,28672,9298
6229,684,2023-10-23,Vestuario,Pantalon,1,22520,6203
6231,684,2023-11-25,Deportes,Balon,1,33330,7308
6228,684,2023-12-11,Electrodomesticos,Aspiradora,1,98966,20812
6223,684,2024-01-03,Deportes,Poleron,2,136519,42799
6224,684,2024-01-23,Electrodomesticos,Aspiradora,1,188256,36433
6227,684,2024-12-04,Vestuario,Gorro,1,33693,10783
6234,685,2024-09-02,Electrodomesticos,Purificador,1,92870,18133
6237,685,2024-09-13,Deportes,Balon,1,56685,17794
6242,685,2024-09-27,Deportes,Balon,1,51251,14970
6235,685,2024-09-28,Electrodomesticos,Cocina,1,185986,37223
6238,685,2024-09-28,Hogar,Alfombra,3,274408,61120
6236,685,2024-10-17,Deportes,Raqueta,1,61160,17042
6241,685,2024-11-10,Electrodomesticos,Microondas,1,185400,30927
6239,685,2024-12-22,Vestuario,Zapatillas,3,124461,38137
6240,685,2024-12-31,Deportes,Raqueta,1,83488,21316
6243,686,2023-04-28,Tecnologia,Tablet,1,107314,19774
6249,686,2023-05-14,Electrodomesticos,Licuadora,1,159136,26752
6246,686,2023-06-07,Hogar,Organizador,3,381094,101165
6250,686,2023-07-30,Hogar,Alfombra,1,69982,20226
6245,686,2023-08-01,Hogar,Hervidor,1,90936,27282
6244,686,2023-08-28,Electrodomesticos,Horno,1,201191,42175
6251,686,2023-09-19,Hogar,Alfombra,1,78613,18146
6247,686,2023-10-14,Vestuario,Jeans,1,34766,12379
6248,686,2024-03-13,Vestuario,Polera,2,52639,17447
6252,687,2023-06-12,Electrodomesticos,Microondas,1,213999,33615
6257,687,2023-06-17,Hogar,Mesa,2,185116,57649
6259,687,2023-09-01,Electrodomesticos,Microondas,1,182055,37201
6260,687,2023-09-28,Electrodomesticos,Lavadora,5,1168946,252975
6255,687,2023-10-02,Deportes,Casco,1,93322,26619
6254,687,2023-10-13,Vestuario,Jeans,1,32939,11208
6258,687,2023-12-13,Hogar,Alfombra,1,82067,15309
6256,687,2024-05-04,Electrodomesticos,Refrigerador,1,268813,52812
6261,687,2024-05-19,Hogar,Sofa,1,95652,25248
6253,687,2024-07-11,Deportes,Short,1,102827,24584
6262,688,2023-03-30,Hogar,Sofa,2,85699,23518
6265,688,2023-04-09,Hogar,Organizador,1,77130,18647
6266,688,2023-05-11,Tecnologia,Notebook,3,700352,159709
6264,688,2023-05-24,Vestuario,Vestido,1,32494,8205
6267,688,2023-06-01,Electrodomesticos,Secadora,1,222473,34574
6268,688,2023-06-22,Tecnologia,Router,5,1078394,246736
6263,688,2023-07-07,Deportes,Colchoneta,1,84543,24674
6269,688,2023-07-07,Electrodomesticos,Licuadora,2,190196,34904
6270,688,2023-07-10,Electrodomesticos,Aspiradora,3,391995,65476
6271,689,2024-02-10,Vestuario,Gorro,1,43681,15349
6282,689,2024-03-09,Deportes,Poleron,2,131562,38865
6280,689,2024-03-16,Electrodomesticos,Refrigerador,2,332673,70132
6279,689,2024-03-19,Electrodomesticos,Refrigerador,4,550390,102721
6278,689,2024-04-01,Electrodomesticos,Licuadora,4,1093386,212764
6275,689,2024-04-19,Electrodomesticos,Licuadora,1,142696,18948
6274,689,2024-04-21,Vestuario,Calcetines,3,123070,39865
6272,689,2024-06-01,Electrodomesticos,Cocina,1,217130,43824
6273,689,2024-06-06,Hogar,Cortinas,2,221737,57134
6276,689,2024-09-27,Deportes,Bicicleta,1,83103,21614
6281,689,2024-12-21,Tecnologia,Smartphone,2,545555,93286
6277,689,2024-12-29,Electrodomesticos,Secadora,1,113187,17865
6283,690,2022-05-04,Hogar,Organizador,1,31500,7591
6289,690,2022-05-11,Hogar,Alfombra,5,398052,103447
6284,690,2022-05-17,Tecnologia,Audifonos,1,336023,70964
6288,690,2022-09-17,Vestuario,Gorro,1,19102,6260
6285,690,2022-09-26,Vestuario,Calcetines,1,45314,17969
6287,690,2022-10-30,Vestuario,Buzo,1,74173,25507
6286,690,2022-11-28,Deportes,Short,2,80511,24119
6290,691,2024-11-30,Tecnologia,Tablet,1,78791,14144
6293,691,2024-12-22,Electrodomesticos,Refrigerador,1,110452,16973
6299,691,2024-12-22,Hogar,Cafetera,2,199490,58637
6297,691,2024-12-23,Tecnologia,Teclado,1,220327,37202
6295,691,2024-12-26,Hogar,Mesa,2,150338,28776
6298,691,2024-12-26,Hogar,Cafetera,3,382114,111555
6296,691,2024-12-28,Tecnologia,Notebook,1,336375,63331
6291,691,2024-12-30,Tecnologia,Audifonos,5,727285,144173
6292,691,2024-12-30,Hogar,Organizador,2,152377,42111
6294,691,2024-12-31,Tecnologia,Notebook,3,690420,146368
6300,692,2023-09-21,Vestuario,Jeans,1,55506,22774
6305,692,2023-10-06,Vestuario,Vestido,4,137139,44071
6307,692,2023-10-10,Deportes,Raqueta,3,250941,71837
6304,692,2023-10-12,Deportes,Guantes,2,136439,34324
6306,692,2023-10-13,Electrodomesticos,Microondas,3,717924,139159
6308,692,2024-01-05,Electrodomesticos,Cocina,1,189760,32548
6302,692,2024-03-04,Deportes,Bicicleta,2,151176,49250
6301,692,2024-04-19,Hogar,Lampara,2,148780,51074
6303,692,2024-07-02,Tecnologia,Tablet,1,153583,33663
6309,693,2023-07-03,Hogar,Mesa,2,165361,48294
6318,693,2023-07-24,Deportes,Poleron,1,28273,7772
6316,693,2023-08-06,Hogar,Termo,3,236899,70559
6310,693,2023-10-08,Deportes,Raqueta,1,100045,30013
6312,693,2023-11-07,Electrodomesticos,Horno,1,203373,32071
6313,693,2023-11-24,Electrodomesticos,Purificador,1,258032,36953
6314,693,2023-12-08,Electrodomesticos,Microondas,4,837157,120937
6317,693,2024-02-24,Electrodomesticos,Purificador,4,644382,144026
6315,693,2024-03-23,Deportes,Poleron,1,24500,7797
6319,693,2024-04-03,Hogar,Cafetera,2,271813,88480
6311,693,2024-09-03,Tecnologia,Monitor,1,147403,31738
6320,694,2024-06-01,Deportes,Short,1,95866,24178
6324,694,2024-06-26,Hogar,Sofa,3,218999,71690
6325,694,2024-10-07,Tecnologia,Audifonos,4,894833,184242
6323,694,2024-10-26,Electrodomesticos,Refrigerador,1,162173,32798
6321,694,2024-12-05,Vestuario,Zapatillas,1,21863,6450
6322,694,2024-12-28,Vestuario,Chaqueta,1,52462,15327
6326,695,2023-01-03,Vestuario,Pantalon,2,90372,36638
6331,695,2023-01-28,Hogar,Lampara,3,202619,65964
6332,695,2023-02-09,Vestuario,Zapatillas,5,167614,53434
6336,695,2023-02-18,Vestuario,Chaqueta,1,95231,41013
6327,695,2023-02-20,Tecnologia,Router,2,345361,66953
6333,695,2023-02-24,Vestuario,Gorro,1,94459,28069
6329,695,2023-03-11,Hogar,Alfombra,3,205999,55580
6328,695,2023-03-27,Vestuario,Pantalon,3,91301,33534
6334,695,2023-06-13,Electrodomesticos,Refrigerador,1,142965,25636
6337,695,2023-06-21,Hogar,Alfombra,1,139853,49412
6335,695,2023-07-24,Hogar,Sofa,2,199279,55457
6338,695,2023-09-29,Electrodomesticos,Refrigerador,2,617565,122523
6330,695,2023-12-02,Vestuario,Pantalon,1,39139,12003
6339,696,2024-08-28,Tecnologia,Monitor,2,504972,108498
6345,696,2024-10-30,Hogar,Termo,3,248460,65743
6340,696,2024-12-21,Deportes,Short,1,123023,25907
6342,696,2024-12-23,Hogar,Organizador,1,106558,26401
6344,696,2024-12-26,Hogar,Organizador,2,86515,21694
6343,696,2024-12-28,Tecnologia,Smartphone,2,342724,47009
6341,696,2024-12-31,Hogar,Cafetera,1,105594,35045
6346,697,2023-06-27,Tecnologia,Teclado,1,133102,29691
6355,697,2023-07-05,Hogar,Organizador,3,390918,118762
6351,697,2023-07-24,Deportes,Colchoneta,1,112326,29670
6353,697,2023-07-24,Deportes,Poleron,3,248737,70379
6349,697,2023-07-31,Tecnologia,Mouse,3,451217,89451
6354,697,2023-09-03,Vestuario,Camisa,1,47593,17057
6350,697,2023-09-04,Hogar,Cortinas,1,101091,30829
6347,697,2023-09-09,Vestuario,Jeans,4,100246,34117
6352,697,2023-12-01,Tecnologia,Teclado,1,256367,47818
6356,697,2024-02-11,Deportes,Casco,2,206707,50915
6348,697,2024-11-17,Deportes,Casco,2,124848,30589
6357,698,2024-08-31,Deportes,Colchoneta,1,28902,9633
6358,698,2024-09-11,Deportes,Poleron,1,94731,28670
6359,698,2024-11-18,Vestuario,Vestido,3,90635,28387
6360,698,2024-12-29,Electrodomesticos,Purificador,1,243754,44983
6361,699,2022-11-23,Tecnologia,Smartphone,2,611921,102743
6362,699,2022-11-29,Tecnologia,Audifonos,2,513657,105256
6366,699,2023-01-31,Vestuario,Zapatillas,2,45197,14296
6364,699,2023-03-30,Hogar,Alfombra,1,68266,18564
6367,699,2023-04-07,Electrodomesticos,Purificador,1,106196,21990
6363,699,2023-07-30,Hogar,Silla,2,183565,50053
6369,699,2023-08-02,Vestuario,Jeans,1,40825,12725
6368,699,2023-10-30,Tecnologia,Smartwatch,3,627083,109559
6365,699,2024-10-25,Tecnologia,Notebook,1,77000,16666
6370,700,2023-01-29,Electrodomesticos,Refrigerador,2,155978,34282
6371,700,2023-02-10,Hogar,Sofa,1,89790,27457
6374,700,2023-03-13,Deportes,Bicicleta,1,84054,26815
6372,700,2023-04-02,Tecnologia,Monitor,1,77000,12248
6373,700,2023-07-29,Tecnologia,Impresora,1,166406,34935
6375,701,2023-07-24,Tecnologia,Router,1,146927,36694
6379,701,2023-08-06,Tecnologia,Mouse,2,509889,114407
6386,701,2023-09-21,Hogar,Sofa,1,88295,22380
6380,701,2023-10-09,Hogar,Alfombra,1,56726,13678
6377,701,2023-11-02,Vestuario,Jeans,4,341696,119975
6383,701,2023-11-11,Electrodomesticos,Secadora,1,63000,8577
6381,701,2023-11-14,Vestuario,Polera,3,86219,26491
6385,701,2023-12-06,Vestuario,Jeans,2,79253,26968
6382,701,2023-12-20,Hogar,Silla,2,305407,90282
6378,701,2024-01-02,Tecnologia,Smartphone,1,260558,50525
6387,701,2024-01-23,Deportes,Guantes,2,132980,33933
6376,701,2024-03-15,Deportes,Botella,3,180192,50771
6384,701,2024-12-05,Hogar,Silla,3,416049,113005
6388,702,2023-12-21,Hogar,Mesa,1,84678,18992
6395,702,2023-12-24,Vestuario,Buzo,3,134066,49445
6394,702,2024-01-06,Tecnologia,Router,3,506242,97458
6397,702,2024-02-09,Tecnologia,Monitor,2,241568,41252
6393,702,2024-02-18,Tecnologia,Router,3,837166,149978
6391,702,2024-05-15,Tecnologia,Monitor,2,403079,86325
6392,702,2024-07-13,Electrodomesticos,Lavadora,3,779961,133744
6390,702,2024-09-19,Electrodomesticos,Cocina,2,422243,97046
6389,702,2024-10-03,Hogar,Mesa,1,78700,18399
6396,702,2024-12-22,Hogar,Organizador,2,258822,71721
6398,703,2022-04-22,Electrodomesticos,Purificador,1,237727,45227
6401,703,2022-06-25,Hogar,Cortinas,3,345750,97148
6400,703,2022-07-02,Vestuario,Vestido,3,158223,52215
6399,703,2023-02-09,Hogar,Alfombra,1,91293,23631
6402,704,2022-01-18,Deportes,Balon,3,367966,111487
6406,704,2022-01-22,Tecnologia,Teclado,1,155985,33652
6405,704,2022-02-17,Deportes,Poleron,3,165488,43216
6403,704,2022-04-21,Vestuario,Camisa,2,42390,15518
6404,704,2022-06-24,Hogar,Cafetera,2,219001,65867
6407,705,2022-01-10,Hogar,Mesa,4,645650,170719
6408,705,2022-01-12,Vestuario,Zapatillas,1,56625,18031
6414,705,2022-01-15,Hogar,Silla,2,246682,71031
6411,705,2022-01-21,Electrodomesticos,Secadora,1,112950,20559
6416,705,2022-02-05,Vestuario,Zapatillas,2,125242,43690
6409,705,2022-03-09,Deportes,Balon,1,79169,22059
6412,705,2022-05-08,Deportes,Colchoneta,4,238125,77634
6415,705,2022-05-08,Deportes,Raqueta,3,215267,67311
6410,705,2022-05-20,Deportes,Colchoneta,1,44744,12456
6413,705,2022-06-05,Vestuario,Gorro,1,17161,6273
6417,705,2023-01-18,Electrodomesticos,Secadora,1,156745,25904
6418,706,2024-01-29,Vestuario,Gorro,1,76463,25887
6419,706,2024-03-10,Hogar,Hervidor,2,220999,70593
6423,706,2024-03-16,Tecnologia,Notebook,1,347986,50938
6420,706,2024-03-27,Deportes,Balon,1,30735,10234
6424,706,2024-04-03,Vestuario,Zapatillas,3,134464,44666
6421,706,2024-05-24,Electrodomesticos,Cocina,2,284807,57345
6422,706,2024-07-04,Electrodomesticos,Plancha,1,192817,34372
6425,706,2024-08-17,Tecnologia,Smartphone,3,907631,199895
6426,707,2023-11-17,Deportes,Poleron,1,86987,24732
6428,707,2024-01-08,Tecnologia,Teclado,2,358896,68322
6429,707,2024-02-10,Hogar,Sofa,3,335079,86963
6427,707,2024-03-16,Deportes,Poleron,1,72793,24372
6430,707,2024-03-28,Tecnologia,Audifonos,1,252172,48521
6431,708,2024-06-26,Tecnologia,Mouse,2,154000,33329
6439,708,2024-06-30,Hogar,Organizador,1,75942,17973
6440,708,2024-07-19,Hogar,Alfombra,1,115944,35210
6441,708,2024-07-20,Deportes,Poleron,2,103240,25026
6435,708,2024-08-01,Hogar,Hervidor,4,236612,77244
6436,708,2024-08-05,Vestuario,Calcetines,1,40445,11434
6434,708,2024-08-18,Electrodomesticos,Cocina,1,280053,52575
6442,708,2024-08-21,Vestuario,Vestido,2,23982,10367
6438,708,2024-09-08,Hogar,Silla,1,128133,30556
6433,708,2024-09-13,Tecnologia,Audifonos,1,271561,48267
6432,708,2024-12-24,Deportes,Raqueta,7,293090,100958
6437,708,2024-12-26,Vestuario,Buzo,1,11138,3307
6443,709,2024-10-14,Deportes,Botella,3,266080,95234
6454,709,2024-10-22,Electrodomesticos,Microondas,2,185105,31792
6458,709,2024-10-24,Deportes,Botella,2,156098,51899
6447,709,2024-10-26,Deportes,Pesas,1,81921,22044
6453,709,2024-11-01,Vestuario,Pantalon,1,35835,11353
6446,709,2024-11-06,Vestuario,Zapatillas,1,15580,5046
6452,709,2024-11-12,Deportes,Guantes,1,45350,9713
6450,709,2024-12-02,Tecnologia,Monitor,1,109610,20456
6451,709,2024-12-08,Tecnologia,Mouse,1,322530,63756
6444,709,2024-12-21,Vestuario,Vestido,1,36454,11511
6445,709,2024-12-23,Electrodomesticos,Lavadora,3,783143,124953
6449,709,2024-12-26,Hogar,Alfombra,1,113034,25503
6456,709,2024-12-27,Deportes,Balon,1,62533,15390
6455,709,2024-12-28,Vestuario,Gorro,2,97304,27452
6457,709,2024-12-29,Tecnologia,Notebook,1,271387,49176
6448,709,2024-12-30,Hogar,Alfombra,1,67041,19328
6459,710,2022-04-13,Hogar,Alfombra,2,127924,40907
6463,710,2022-06-13,Vestuario,Zapatillas,2,49713,20101
6460,710,2022-06-29,Electrodomesticos,Cocina,1,279331,58219
6464,710,2022-07-31,Electrodomesticos,Aspiradora,3,723729,136618
6461,710,2022-08-31,Deportes,Pesas,3,152199,53292
6462,710,2023-02-23,Hogar,Cortinas,1,103623,28516
6465,711,2024-11-30,Deportes,Guantes,1,59078,19085
6468,711,2024-12-10,Hogar,Organizador,1,112651,28800
6467,711,2024-12-14,Hogar,Silla,3,330825,93141
6472,711,2024-12-21,Hogar,Alfombra,1,62998,18920
6475,711,2024-12-21,Vestuario,Vestido,1,59935,18071
6466,711,2024-12-22,Deportes,Botella,2,191575,53220
6471,711,2024-12-23,Deportes,Raqueta,5,240790,55322
6473,711,2024-12-25,Vestuario,Zapatillas,2,123497,34843
6474,711,2024-12-27,Vestuario,Pantalon,1,14427,5233
6470,711,2024-12-29,Electrodomesticos,Cocina,1,203956,25894
6469,711,2024-12-30,Hogar,Termo,2,63000,17302
6476,712,2023-08-07,Vestuario,Polera,1,58528,15301
6481,712,2023-08-12,Tecnologia,Audifonos,1,182927,33838
6480,712,2023-08-21,Deportes,Short,1,52589,17366
6482,712,2023-09-01,Vestuario,Buzo,1,33079,10810
6479,712,2023-12-31,Electrodomesticos,Aspiradora,2,294024,45573
6477,712,2024-01-13,Deportes,Pesas,4,223828,72616
6478,712,2024-03-30,Tecnologia,Tablet,1,100688,18030
6483,713,2024-06-29,Deportes,Pesas,2,142739,40542
6489,713,2024-07-06,Deportes,Colchoneta,1,49232,12568
6486,713,2024-07-26,Tecnologia,Notebook,1,140189,33376
6484,713,2024-07-30,Electrodomesticos,Licuadora,1,167011,30323
6487,713,2024-08-07,Vestuario,Camisa,1,30762,9784
6490,713,2024-10-15,Deportes,Poleron,2,104224,28640
6491,713,2024-11-22,Electrodomesticos,Horno,2,546836,85217
6485,713,2024-12-24,Deportes,Botella,2,116158,35218
6488,713,2024-12-29,Tecnologia,Mouse,3,639299,116574
6492,714,2023-07-08,Deportes,Casco,1,29943,10632
6494,714,2023-09-09,Hogar,Cortinas,1,109040,35564
6495,714,2023-10-16,Vestuario,Calcetines,4,170039,51714
6493,714,2024-01-30,Hogar,Silla,1,112192,29279
6496,715,2024-04-02,Electrodomesticos,Plancha,6,1017950,189065
6499,715,2024-04-05,Tecnologia,Teclado,3,1179884,234556
6503,715,2024-06-05,Vestuario,Zapatillas,2,77142,28674
6498,715,2024-06-30,Vestuario,Zapatillas,2,88587,31523
6502,715,2024-08-10,Electrodomesticos,Refrigerador,5,599504,101185
6501,715,2024-10-03,Hogar,Termo,1,72013,19137
6497,715,2024-11-24,Deportes,Raqueta,1,63640,17094
6504,715,2024-12-26,Vestuario,Zapatillas,4,78943,26857
6500,715,2024-12-28,Deportes,Pesas,1,62561,18425
6505,716,2022-02-17,Deportes,Short,2,211288,58309
6510,716,2022-05-04,Vestuario,Zapatillas,1,36141,11302
6508,716,2022-05-08,Electrodomesticos,Purificador,3,489246,86402
6506,716,2022-05-23,Deportes,Casco,4,461291,177303
6507,716,2022-05-27,Electrodomesticos,Aspiradora,1,139913,30533
6509,716,2022-11-06,Tecnologia,Teclado,1,268402,52947
6511,717,2024-09-13,Hogar,Lampara,2,144331,46417
6514,717,2024-10-02,Electrodomesticos,Lavadora,3,962649,151643
6516,717,2024-10-04,Electrodomesticos,Cocina,4,801765,172331
6515,717,2024-10-19,Vestuario,Buzo,1,46075,17712
6513,717,2024-10-24,Vestuario,Chaqueta,2,168214,48480
6517,717,2024-12-14,Hogar,Termo,1,107582,26604
6512,717,2024-12-29,Tecnologia,Impresora,2,269530,55847
6518,718,2023-05-07,Deportes,Poleron,1,73673,21644
6525,718,2023-05-08,Hogar,Cafetera,3,333810,106547
6529,718,2023-05-19,Electrodomesticos,Microondas,2,255900,47943
6519,718,2023-06-01,Tecnologia,Teclado,2,563621,125345
6528,718,2023-06-16,Tecnologia,Smartphone,1,233185,50464
6527,718,2023-06-17,Deportes,Colchoneta,3,198717,53634
6520,718,2023-06-18,Hogar,Cortinas,2,119193,30718
6526,718,2023-06-20,Hogar,Organizador,2,267350,72916
6521,718,2023-07-27,Tecnologia,Router,1,192377,39628
6522,718,2023-09-23,Tecnologia,Monitor,2,494079,81075
6523,718,2023-10-03,Deportes,Pesas,1,43147,14873
6524,718,2024-01-13,Deportes,Guantes,1,68960,21661
6530,719,2023-11-25,Vestuario,Pantalon,2,144800,46975
6534,719,2023-11-25,Hogar,Organizador,4,545245,132864
6540,719,2023-12-24,Deportes,Balon,1,78609,17728
6531,719,2024-01-01,Hogar,Sofa,1,63509,19024
6532,719,2024-02-14,Electrodomesticos,Lavadora,1,213332,51840
6536,719,2024-02-20,Electrodomesticos,Horno,1,118335,22524
6539,719,2024-03-01,Tecnologia,Impresora,2,541787,102298
6535,719,2024-04-02,Deportes,Bicicleta,2,219249,66961
6538,719,2024-04-27,Tecnologia,Smartphone,1,168441,26208
6533,719,2024-07-01,Deportes,Casco,3,197002,63371
6541,719,2024-11-01,Electrodomesticos,Secadora,4,538310,99750
6537,719,2024-12-29,Tecnologia,Tablet,1,122125,22885
6542,720,2022-08-28,Electrodomesticos,Plancha,1,159044,25843
6547,720,2022-09-20,Deportes,Poleron,1,79597,27685
6545,720,2022-12-12,Tecnologia,Router,1,262109,60708
6546,720,2022-12-25,Hogar,Cafetera,2,179806,48752
6543,720,2023-05-03,Hogar,Termo,1,66285,18350
6544,720,2023-08-27,Deportes,Botella,1,70211,18586
6548,721,2023-08-02,Hogar,Termo,1,89715,29379
6554,721,2023-08-21,Tecnologia,Smartphone,2,484213,109496
6549,721,2023-08-28,Hogar,Termo,3,346964,83728
6553,721,2023-08-31,Electrodomesticos,Plancha,1,167774,35266
6559,721,2023-09-06,Vestuario,Zapatillas,2,41935,15034
6550,721,2023-10-01,Deportes,Botella,4,332754,114470
6558,721,2023-10-01,Tecnologia,Audifonos,1,280595,58361
6555,721,2023-10-29,Vestuario,Polera,1,15160,5716
6552,721,2023-11-18,Electrodomesticos,Lavadora,1,182018,26531
6557,721,2023-12-28,Hogar,Cafetera,3,285824,84025
6556,721,2024-06-08,Electrodomesticos,Microondas,2,327193,54274
6551,721,2024-12-30,Tecnologia,Monitor,4,1649315,364102
6560,722,2024-06-28,Electrodomesticos,Purificador,2,367410,68518
6569,722,2024-07-03,Tecnologia,Smartwatch,4,997668,178010
6561,722,2024-07-23,Vestuario,Gorro,1,47632,17754
6564,722,2024-08-17,Deportes,Pesas,3,286190,74184
6565,722,2024-09-09,Electrodomesticos,Secadora,1,125631,27044
6570,722,2024-09-18,Deportes,Botella,1,101279,32660
6571,722,2024-10-01,Tecnologia,Smartwatch,3,793314,143864
6568,722,2024-10-22,Tecnologia,Mouse,1,148663,32784
6563,722,2024-11-21,Tecnologia,Smartwatch,1,325885,68677
6567,722,2024-11-26,Hogar,Termo,2,286572,68735
6562,722,2024-12-31,Vestuario,Chaqueta,3,211759,72629
6566,722,2024-12-31,Hogar,Lampara,1,84880,19058
6572,723,2024-08-05,Vestuario,Polera,3,97638,33155
6575,723,2024-09-03,Deportes,Short,1,94158,23603
6573,723,2024-12-24,Tecnologia,Notebook,1,229512,40043
6574,723,2024-12-25,Deportes,Bicicleta,3,193388,46905
6577,723,2024-12-26,Vestuario,Zapatillas,1,28713,10118
6576,723,2024-12-31,Vestuario,Camisa,2,108433,29482
6578,724,2023-11-23,Electrodomesticos,Secadora,1,141370,27611
6581,724,2023-12-14,Deportes,Balon,3,230667,64805
6579,724,2023-12-24,Electrodomesticos,Microondas,1,187519,34579
6585,724,2024-01-01,Deportes,Botella,2,155620,39458
6582,724,2024-01-18,Electrodomesticos,Licuadora,1,224077,46892
6588,724,2024-02-01,Tecnologia,Monitor,1,250112,50318
6584,724,2024-02-21,Vestuario,Zapatillas,3,52416,17010
6586,724,2024-03-22,Electrodomesticos,Microondas,2,235598,36962
6580,724,2024-06-15,Vestuario,Zapatillas,1,65164,26366
6583,724,2024-08-19,Hogar,Termo,1,114843,31815
6589,724,2024-09-19,Deportes,Colchoneta,4,373335,91334
6587,724,2024-12-29,Deportes,Botella,2,96415,23404
6590,725,2023-05-28,Tecnologia,Smartwatch,1,195382,33205
6596,725,2023-06-14,Electrodomesticos,Lavadora,1,190369,33919
6595,725,2023-06-17,Deportes,Botella,2,107630,30723
6592,725,2023-07-08,Deportes,Casco,3,201166,54929
6593,725,2023-10-05,Tecnologia,Router,1,172233,38399
6591,725,2023-10-15,Electrodomesticos,Plancha,1,237580,48887
6594,725,2024-02-13,Deportes,Balon,1,67605,20812
6597,726,2023-03-03,Hogar,Hervidor,2,151476,46612
6606,726,2023-03-05,Tecnologia,Router,1,77000,13506
6607,726,2023-03-30,Tecnologia,Router,1,294412,60078
6599,726,2023-04-26,Hogar,Termo,1,107666,23717
6602,726,2023-04-28,Tecnologia,Teclado,1,217755,36307
6603,726,2023-05-11,Tecnologia,Notebook,1,259182,63554
6598,726,2023-05-28,Hogar,Alfombra,1,111855,26634
6600,726,2023-06-13,Deportes,Bicicleta,1,42446,10459
6608,726,2023-11-18,Electrodomesticos,Refrigerador,1,249477,35539
6604,726,2023-11-20,Electrodomesticos,Secadora,3,399199,56455
6601,726,2024-05-19,Vestuario,Camisa,1,58721,22946
6605,726,2024-09-12,Tecnologia,Smartwatch,2,738663,186298
6609,727,2022-10-25,Tecnologia,Tablet,2,762394,165622
6618,727,2022-11-12,Hogar,Lampara,2,237011,57177
6614,727,2022-11-14,Tecnologia,Mouse,1,98980,16323
6615,727,2022-12-03,Tecnologia,Impresora,2,408889,76113
6613,727,2023-01-29,Electrodomesticos,Microondas,1,250656,34691
6617,727,2023-03-18,Tecnologia,Teclado,1,108482,24309
6619,727,2023-04-01,Deportes,Balon,1,73440,18193
6612,727,2023-04-17,Tecnologia,Monitor,3,683691,131268
6610,727,2023-09-03,Vestuario,Polera,4,76268,30947
6611,727,2023-11-10,Deportes,Botella,2,154080,40560
6616,727,2023-11-22,Deportes,Casco,1,25290,6636
6620,728,2023-01-14,Vestuario,Vestido,2,94969,28409
6627,728,2023-01-24,Deportes,Bicicleta,1,67493,18972
6623,728,2023-02-09,Electrodomesticos,Lavadora,1,145051,27196
6626,728,2023-03-23,Deportes,Raqueta,1,102815,32536
6621,728,2023-04-04,Hogar,Hervidor,1,64533,18461
6625,728,2023-10-08,Deportes,Short,3,73500,22337
6622,728,2023-11-08,Deportes,Casco,4,98000,26360
6624,728,2024-04-28,Electrodomesticos,Aspiradora,3,380064,67944
6628,729,2022-10-29,Hogar,Organizador,4,404260,113844
6636,729,2022-11-03,Electrodomesticos,Purificador,2,617552,87440
6634,729,2022-11-04,Deportes,Colchoneta,2,177282,53195
6633,729,2022-11-16,Tecnologia,Monitor,1,194188,35208
6638,729,2022-11-18,Hogar,Lampara,5,445209,112121
6631,729,2023-01-03,Tecnologia,Impresora,3,984618,205143
6629,729,2023-01-30,Deportes,Balon,2,96363,28315
6637,729,2023-04-09,Hogar,Silla,1,59752,14745
6635,729,2023-05-02,Electrodomesticos,Plancha,1,63000,10524
6630,729,2023-06-27,Tecnologia,Impresora,2,549553,112803
6632,729,2023-10-14,Tecnologia,Notebook,2,387497,74815
6639,730,2023-09-18,Electrodomesticos,Licuadora,2,484368,75500
6644,730,2023-09-20,Deportes,Colchoneta,1,91394,33931
6641,730,2023-09-23,Hogar,Silla,5,476688,123101
6640,730,2023-09-30,Deportes,Raqueta,2,149055,50088
6648,730,2023-10-15,Hogar,Hervidor,2,88790,26851
6645,730,2023-11-10,Electrodomesticos,Microondas,1,189401,29709
6647,730,2023-12-03,Hogar,Lampara,1,47397,11742
6643,730,2023-12-16,Vestuario,Camisa,2,30228,8447
6650,730,2024-01-10,Hogar,Cortinas,1,99786,28403
6642,730,2024-03-17,Hogar,Cortinas,1,40165,11944
6646,730,2024-05-21,Deportes,Guantes,1,64478,18903
6649,730,2024-08-11,Tecnologia,Monitor,1,233868,37878
6651,730,2024-10-12,Deportes,Balon,2,91177,29522
6652,731,2024-08-24,Deportes,Colchoneta,3,248403,64529
6653,731,2024-09-09,Hogar,Cortinas,4,578259,158003
6654,731,2024-09-14,Deportes,Raqueta,3,258108,82414
6655,731,2024-12-26,Vestuario,Buzo,1,17886,5206
6656,732,2023-10-19,Electrodomesticos,Plancha,4,760403,123676
6661,732,2023-10-28,Tecnologia,Mouse,2,290832,63871
6657,732,2023-10-30,Tecnologia,Teclado,1,275109,59426
6662,732,2024-05-18,Tecnologia,Notebook,2,503739,99826
6659,732,2024-06-19,Vestuario,Jeans,1,26071,10426
6658,732,2024-06-28,Tecnologia,Smartwatch,1,440000,95032
6660,732,2024-12-30,Deportes,Casco,1,84561,25599
6663,733,2023-04-11,Vestuario,Chaqueta,2,99651,37563
6665,733,2023-05-17,Vestuario,Zapatillas,1,18058,6822
6664,733,2023-09-08,Deportes,Pesas,1,85464,29032
6666,733,2024-03-13,Electrodomesticos,Secadora,3,836175,140777
6667,734,2023-12-26,Hogar,Sofa,1,72164,19416
6671,734,2023-12-28,Hogar,Silla,5,586799,170491
6670,734,2024-01-25,Electrodomesticos,Purificador,4,880395,137632
6668,734,2024-01-29,Vestuario,Vestido,1,73357,26420
6669,734,2024-02-17,Hogar,Termo,2,169901,50666
6672,735,2023-06-19,Hogar,Cortinas,4,248838,70641
6673,735,2023-09-04,Hogar,Lampara,3,258208,77897
6674,735,2023-10-11,Vestuario,Jeans,1,45264,15256
6676,735,2023-11-13,Tecnologia,Teclado,2,547710,91902
6675,735,2024-03-08,Electrodomesticos,Lavadora,2,551785,111215
6677,736,2024-11-21,Deportes,Short,1,83497,22174
6682,736,2024-11-23,Vestuario,Calcetines,2,75658,22239
6678,736,2024-12-22,Electrodomesticos,Horno,1,101473,17334
6683,736,2024-12-23,Electrodomesticos,Microondas,4,389829,64899
6681,736,2024-12-24,Hogar,Hervidor,2,201440,54955
6679,736,2024-12-27,Electrodomesticos,Lavadora,1,123630,19189
6684,736,2024-12-27,Deportes,Short,2,147606,39357
6685,736,2024-12-30,Deportes,Balon,1,47529,12714
6680,736,2024-12-31,Deportes,Poleron,1,66782,18562
6686,737,2024-09-20,Electrodomesticos,Licuadora,1,229087,37347
6693,737,2024-10-01,Tecnologia,Mouse,1,349224,67037
6689,737,2024-10-25,Tecnologia,Smartwatch,1,213314,42300
6688,737,2024-12-13,Tecnologia,Impresora,1,294138,49669
6690,737,2024-12-17,Electrodomesticos,Horno,1,118524,18464
6691,737,2024-12-21,Tecnologia,Mouse,3,1135394,221536
6692,737,2024-12-21,Tecnologia,Impresora,1,198443,35013
6687,737,2024-12-31,Hogar,Cortinas,3,145239,27793
6694,738,2024-08-24,Electrodomesticos,Horno,2,208252,37180
6699,738,2024-09-22,Hogar,Cafetera,1,119731,36547
6698,738,2024-11-20,Hogar,Lampara,4,243903,67812
6696,738,2024-12-22,Electrodomesticos,Aspiradora,1,175520,33485
6695,738,2024-12-25,Tecnologia,Tablet,1,164101,34481
6700,738,2024-12-26,Electrodomesticos,Horno,3,551436,77584
6697,738,2024-12-28,Hogar,Organizador,3,334351,108774
6701,739,2022-08-08,Vestuario,Buzo,3,141138,51970
6702,739,2022-08-15,Hogar,Alfombra,2,226850,66458
6706,739,2022-08-29,Tecnologia,Smartphone,3,1039922,192676
6707,739,2022-09-03,Deportes,Bicicleta,1,81494,23131
6704,739,2022-09-07,Vestuario,Zapatillas,1,70359,23651
6703,739,2022-09-23,Hogar,Alfombra,1,91403,30193
6708,739,2022-10-06,Vestuario,Calcetines,1,9351,3371
6709,739,2022-12-04,Vestuario,Chaqueta,2,88173,25685
6705,739,2023-03-18,Tecnologia,Impresora,2,406135,97837
6710,740,2022-11-10,Deportes,Poleron,1,73138,19774
6711,740,2022-11-10,Electrodomesticos,Secadora,1,296287,54057
6716,740,2022-12-15,Tecnologia,Notebook,1,204063,38882
6713,740,2023-03-02,Hogar,Silla,1,50306,14057
6712,740,2023-05-09,Tecnologia,Notebook,1,263407,54078
6714,740,2023-07-01,Hogar,Termo,1,106314,31378
6715,740,2023-08-23,Hogar,Termo,2,217916,50204
6717,741,2022-07-27,Hogar,Hervidor,1,124963,34491
6722,741,2022-08-19,Hogar,Hervidor,1,124405,37781
6721,741,2022-11-05,Electrodomesticos,Refrigerador,2,316892,53831
6718,741,2022-11-15,Hogar,Mesa,1,42701,10585
6719,741,2022-12-08,Deportes,Botella,2,90946,26113
6720,741,2023-09-07,Vestuario,Jeans,1,79321,26279
6723,742,2024-05-15,Hogar,Cortinas,7,555498,163120
6728,742,2024-05-20,Vestuario,Buzo,1,45381,16040
6726,742,2024-05-26,Hogar,Mesa,1,97909,27560
6731,742,2024-06-04,Vestuario,Vestido,1,37236,12435
6734,742,2024-06-05,Hogar,Lampara,2,161566,40209
6735,742,2024-07-16,Tecnologia,Monitor,2,382706,77586
6729,742,2024-07-19,Hogar,Cortinas,1,62666,17697
6733,742,2024-10-06,Hogar,Lampara,3,164108,46072
6730,742,2024-10-21,Tecnologia,Teclado,1,113930,21603
6724,742,2024-10-25,Vestuario,Calcetines,1,58484,20167
6732,742,2024-10-28,Tecnologia,Router,1,203065,35283
6727,742,2024-11-24,Electrodomesticos,Purificador,1,191451,27509
6725,742,2024-12-21,Vestuario,Buzo,2,76093,20661
6736,743,2024-08-10,Tecnologia,Audifonos,1,242635,42139
6740,743,2024-09-11,Hogar,Cafetera,1,98875,27658
6744,743,2024-09-19,Deportes,Botella,1,121384,34696
6737,743,2024-10-17,Electrodomesticos,Horno,1,179980,30003
6741,743,2024-11-01,Tecnologia,Notebook,3,425395,91416
6742,743,2024-12-12,Electrodomesticos,Horno,2,237502,31670
6738,743,2024-12-27,Tecnologia,Mouse,2,154000,33248
6739,743,2024-12-29,Deportes,Guantes,2,125138,30592
6743,743,2024-12-29,Electrodomesticos,Microondas,2,434823,70840
6745,744,2022-01-23,Tecnologia,Tablet,3,575694,111010
6746,744,2022-01-27,Hogar,Hervidor,4,517508,121595
6749,744,2022-02-09,Electrodomesticos,Aspiradora,2,418710,71983
6748,744,2022-02-18,Vestuario,Gorro,1,26090,8893
6750,744,2022-02-20,Deportes,Raqueta,1,83973,27273
6751,744,2022-02-25,Vestuario,Calcetines,1,51188,12541
6747,744,2022-03-19,Electrodomesticos,Aspiradora,1,199354,27100
6752,744,2022-08-29,Vestuario,Pantalon,1,61530,21496
6753,745,2023-06-08,Electrodomesticos,Cocina,1,63000,10690
6765,745,2023-06-11,Deportes,Short,2,51708,13913
6754,745,2023-06-14,Hogar,Lampara,3,237470,59870
6763,745,2023-07-09,Deportes,Balon,1,69760,22717
6764,745,2023-07-16,Vestuario,Jeans,2,98749,33907
6762,745,2023-08-31,Deportes,Balon,1,108391,31397
6759,745,2023-09-01,Electrodomesticos,Aspiradora,1,179669,29829
6758,745,2023-10-06,Vestuario,Polera,1,23740,8922
6755,745,2023-11-25,Hogar,Alfombra,1,69954,18160
6756,745,2023-11-28,Vestuario,Zapatillas,1,48680,15064
6761,745,2023-12-05,Deportes,Botella,1,44909,9193
6757,745,2024-02-15,Tecnologia,Teclado,3,847296,150106
6760,745,2024-04-04,Electrodomesticos,Lavadora,1,239270,48246
6766,746,2024-11-15,Tecnologia,Mouse,1,258350,53834
6769,746,2024-11-19,Tecnologia,Monitor,1,220751,46975
6773,746,2024-12-11,Vestuario,Gorro,1,41940,13894
6777,746,2024-12-23,Deportes,Short,1,58663,17735
6775,746,2024-12-24,Hogar,Mesa,1,80619,21060
6774,746,2024-12-25,Electrodomesticos,Cocina,2,433994,97024
6772,746,2024-12-26,Tecnologia,Teclado,2,453800,91098
6767,746,2024-12-27,Electrodomesticos,Purificador,1,226571,31497
6771,746,2024-12-27,Electrodomesticos,Microondas,1,173024,25585
6776,746,2024-12-27,Deportes,Short,2,157684,43856
6770,746,2024-12-28,Tecnologia,Smartwatch,1,250832,48514
6768,746,2024-12-30,Deportes,Guantes,1,24500,5937
6778,747,2023-10-27,Electrodomesticos,Licuadora,7,1569143,257970
6780,747,2023-11-08,Hogar,Termo,3,283185,62209
6784,747,2023-12-30,Vestuario,Gorro,1,34351,11092
6782,747,2024-02-01,Deportes,Casco,1,38056,9170
6783,747,2024-03-19,Tecnologia,Teclado,2,470065,90249
6781,747,2024-03-20,Vestuario,Calcetines,1,69320,25199
6779,747,2024-04-04,Electrodomesticos,Aspiradora,2,218340,32445
6785,748,2022-05-15,Vestuario,Chaqueta,1,27236,10651
6788,748,2022-06-04,Vestuario,Polera,2,60994,22235
6789,748,2022-07-04,Deportes,Bicicleta,2,144836,49298
6787,748,2022-12-02,Hogar,Lampara,3,279143,75806
6786,748,2023-02-27,Vestuario,Camisa,1,54563,19613
6790,749,2022-05-30,Hogar,Organizador,1,132362,43880
6791,749,2022-06-15,Electrodomesticos,Cocina,1,217974,39584
6795,749,2022-07-17,Tecnologia,Router,3,656228,117491
6793,749,2022-08-16,Electrodomesticos,Horno,2,295859,64400
6792,749,2022-09-22,Hogar,Termo,1,78776,23348
6794,749,2023-01-04,Electrodomesticos,Secadora,3,980217,184131
6796,750,2023-10-26,Deportes,Balon,2,151834,52006
6799,750,2023-11-03,Tecnologia,Tablet,1,257666,52156
6804,750,2023-11-08,Electrodomesticos,Lavadora,1,211658,41197
6805,750,2023-11-10,Vestuario,Pantalon,1,10046,2710
6802,750,2023-11-12,Vestuario,Buzo,5,156065,56361
6803,750,2023-11-18,Electrodomesticos,Microondas,2,249397,42127
6800,750,2023-12-16,Deportes,Guantes,3,198049,57054
6798,750,2023-12-31,Electrodomesticos,Lavadora,2,531012,83243
6801,750,2024-01-03,Deportes,Bicicleta,5,392785,130677
6806,750,2024-04-04,Deportes,Botella,2,79895,28444
6797,750,2024-11-28,Vestuario,Jeans,2,33943,10737
6807,751,2023-04-18,Tecnologia,Impresora,1,237276,48669
6808,751,2023-04-21,Deportes,Guantes,1,82446,27117
6810,751,2023-05-13,Electrodomesticos,Secadora,4,252000,39916
6811,751,2023-06-20,Vestuario,Jeans,1,62470,23632
6809,751,2023-12-30,Deportes,Short,1,25060,5618
6812,752,2023-08-11,Tecnologia,Tablet,3,354269,76590
6817,752,2023-08-14,Electrodomesticos,Lavadora,1,200449,37266
6814,752,2023-09-04,Deportes,Guantes,5,425768,120553
6813,752,2023-10-09,Deportes,Colchoneta,1,61454,17410
6816,752,2023-11-05,Deportes,Colchoneta,2,153200,44505
6815,752,2024-01-16,Vestuario,Vestido,1,46726,14906
6818,753,2024-03-13,Deportes,Short,1,34361,9934
6820,753,2024-03-16,Deportes,Guantes,4,391960,128166
6825,753,2024-05-11,Deportes,Guantes,2,107189,39239
6822,753,2024-07-16,Tecnologia,Mouse,2,755698,155071
6824,753,2024-07-19,Tecnologia,Mouse,1,182042,34643
6819,753,2024-08-06,Electrodomesticos,Licuadora,1,268099,51179
6821,753,2024-09-14,Deportes,Bicicleta,2,95995,25990
6823,753,2024-10-08,Deportes,Botella,1,93704,25582
6826,754,2023-04-10,Tecnologia,Mouse,1,154892,29625
6829,754,2023-04-25,Deportes,Colchoneta,1,32859,8764
6830,754,2023-05-10,Electrodomesticos,Plancha,2,274514,48278
6827,754,2023-06-08,Hogar,Cortinas,1,83930,23081
6828,754,2023-07-25,Vestuario,Chaqueta,1,36605,15019
6831,755,2023-08-29,Hogar,Alfombra,2,263328,85492
6832,755,2023-09-12,Vestuario,Calcetines,2,42930,17943
6833,755,2023-09-26,Hogar,Alfombra,3,94500,29259
6837,755,2023-09-27,Vestuario,Gorro,1,69263,27363
6838,755,2023-10-21,Tecnologia,Router,2,385877,77669
6834,755,2023-11-02,Hogar,Silla,1,152977,35292
6836,755,2023-11-12,Hogar,Sofa,3,343898,93993
6835,755,2023-12-14,Hogar,Cortinas,1,99067,27471
6840,755,2024-03-24,Electrodomesticos,Plancha,1,150554,25375
6841,755,2024-06-13,Hogar,Lampara,2,167123,39208
6839,755,2024-09-21,Vestuario,Chaqueta,1,42861,14725
6842,756,2023-11-02,Electrodomesticos,Cocina,1,203163,33563
6850,756,2023-12-01,Electrodomesticos,Refrigerador,2,351089,57267
6844,756,2023-12-11,Vestuario,Vestido,1,26393,9769
6846,756,2023-12-15,Vestuario,Chaqueta,2,103643,35094
6854,756,2023-12-15,Vestuario,Chaqueta,2,17408,5441
6848,756,2023-12-29,Electrodomesticos,Aspiradora,1,123483,15665
6849,756,2023-12-29,Tecnologia,Notebook,2,195521,37138
6851,756,2024-01-04,Hogar,Silla,2,217061,65210
6843,756,2024-01-07,Electrodomesticos,Purificador,1,180567,26089
6852,756,2024-01-21,Electrodomesticos,Plancha,2,245134,56039
6845,756,2024-01-23,Deportes,Poleron,4,343171,90654
6847,756,2024-03-26,Tecnologia,Monitor,1,309038,68195
6853,756,2024-07-11,Tecnologia,Tablet,3,409748,81170
6855,757,2024-03-23,Hogar,Cafetera,1,112247,33636
6858,757,2024-04-08,Hogar,Cortinas,1,118400,27411
6863,757,2024-04-14,Deportes,Botella,2,159778,53506
6857,757,2024-04-18,Electrodomesticos,Purificador,3,578998,114236
6859,757,2024-04-21,Electrodomesticos,Aspiradora,1,211828,36998
6856,757,2024-04-26,Tecnologia,Monitor,4,579176,126396
6861,757,2024-06-24,Tecnologia,Smartwatch,1,77000,15797
6860,757,2024-07-16,Tecnologia,Monitor,2,470465,87755
6864,757,2024-08-11,Hogar,Cafetera,1,89258,26722
6862,757,2024-12-31,Tecnologia,Audifonos,3,666883,144908
6865,758,2022-12-09,Deportes,Short,1,55894,15394
6869,758,2022-12-14,Vestuario,Zapatillas,4,172219,49755
6873,758,2022-12-14,Tecnologia,Monitor,2,446996,91971
6872,758,2023-01-06,Electrodomesticos,Aspiradora,2,340859,56344
6871,758,2023-01-15,Tecnologia,Teclado,1,99509,19104
6876,758,2023-03-12,Tecnologia,Tablet,3,827374,173366
6875,758,2023-05-11,Vestuario,Vestido,2,64778,21738
6870,758,2023-07-07,Deportes,Poleron,1,48441,13304
6868,758,2023-09-11,Electrodomesticos,Aspiradora,2,255452,42534
6866,758,2023-09-13,Hogar,Sofa,1,114358,26106
6874,758,2023-12-03,Deportes,Short,3,327475,105930
6867,758,2024-02-23,Hogar,Mesa,2,155184,45865
6877,759,2024-07-03,Deportes,Short,3,171495,39580
6879,759,2024-07-06,Tecnologia,Audifonos,3,755402,141035
6883,759,2024-08-13,Hogar,Termo,2,208579,64795
6885,759,2024-08-19,Tecnologia,Teclado,1,347301,80774
6882,759,2024-09-20,Tecnologia,Notebook,1,221068,51866
6880,759,2024-09-23,Hogar,Alfombra,3,268275,66259
6878,759,2024-11-29,Deportes,Raqueta,2,65342,15911
6886,759,2024-12-21,Tecnologia,Notebook,1,175484,31367
6881,759,2024-12-25,Deportes,Balon,3,139793,47664
6884,759,2024-12-25,Tecnologia,Notebook,1,154878,29302
6887,760,2022-11-09,Vestuario,Jeans,2,136181,42830
6888,760,2022-12-03,Deportes,Botella,4,411092,127123
6889,760,2023-01-13,Deportes,Casco,1,35916,10414
6895,760,2023-03-15,Deportes,Short,1,89818,21490
6896,760,2023-03-29,Deportes,Raqueta,5,439390,131039
6892,760,2023-04-07,Tecnologia,Tablet,2,377339,58814
6894,760,2023-04-18,Vestuario,Gorro,1,25432,9023
6890,760,2023-04-24,Electrodomesticos,Microondas,1,234174,36080
6893,760,2023-05-22,Tecnologia,Notebook,1,91669,16538
6891,760,2023-06-18,Tecnologia,Notebook,1,77000,13862
6897,761,2023-02-23,Deportes,Short,2,85483,23854
6902,761,2023-02-28,Hogar,Silla,2,128800,35915
6903,761,2023-03-21,Electrodomesticos,Secadora,1,68129,14471
6900,761,2023-03-22,Electrodomesticos,Secadora,1,63000,9875
6899,761,2023-04-10,Electrodomesticos,Licuadora,2,305319,59102
6904,761,2023-05-15,Vestuario,Zapatillas,1,64128,26159
6898,761,2023-06-29,Electrodomesticos,Microondas,4,459815,89925
6901,761,2023-08-31,Electrodomesticos,Cocina,1,88576,18142
6905,761,2024-04-13,Tecnologia,Monitor,1,229889,49240
6907,762,2024-12-21,Vestuario,Pantalon,2,101633,28516
6908,762,2024-12-22,Deportes,Guantes,4,299361,72142
6914,762,2024-12-23,Vestuario,Zapatillas,1,43806,11111
6916,762,2024-12-25,Tecnologia,Smartphone,4,319808,63716
6913,762,2024-12-26,Electrodomesticos,Plancha,1,106800,14655
6912,762,2024-12-27,Electrodomesticos,Secadora,2,179284,30302
6910,762,2024-12-28,Tecnologia,Smartwatch,2,653887,112500
6909,762,2024-12-29,Deportes,Bicicleta,1,45639,13571
6915,762,2024-12-30,Deportes,Short,1,73092,17580
6906,762,2024-12-31,Deportes,Raqueta,4,184903,64170
6911,762,2024-12-31,Deportes,Poleron,2,51815,13466
6917,763,2022-09-28,Hogar,Organizador,2,94221,25212
6918,763,2022-10-05,Vestuario,Chaqueta,2,147944,51833
6925,763,2022-11-06,Electrodomesticos,Secadora,1,179657,25353
6924,763,2023-01-04,Hogar,Cafetera,3,402780,99564
6922,763,2023-01-17,Hogar,Hervidor,1,91102,24870
6919,763,2023-01-21,Hogar,Cafetera,2,155425,43331
6923,763,2023-04-24,Deportes,Guantes,2,154188,41434
6921,763,2023-05-03,Vestuario,Jeans,1,55845,19402
6920,763,2023-06-05,Tecnologia,Teclado,1,328440,61669
6926,764,2023-10-27,Deportes,Short,2,109933,31892
6929,764,2023-11-01,Hogar,Organizador,2,208104,47632
6934,764,2023-12-08,Tecnologia,Teclado,3,231000,45123
6935,764,2023-12-16,Tecnologia,Teclado,1,175012,25034
6930,764,2023-12-25,Electrodomesticos,Aspiradora,1,174548,27085
6928,764,2024-01-09,Tecnologia,Impresora,2,169150,27294
6933,764,2024-01-18,Electrodomesticos,Horno,4,900822,141925
6936,764,2024-01-26,Deportes,Balon,2,154647,55268
6931,764,2024-02-20,Deportes,Poleron,4,164793,54633
6927,764,2024-05-16,Vestuario,Zapatillas,1,46802,19330
6932,764,2024-09-09,Hogar,Mesa,2,162395,51542
6937,765,2023-10-22,Vestuario,Buzo,3,147810,52329
6938,765,2023-11-09,Deportes,Balon,1,82382,20568
6942,765,2023-11-09,Vestuario,Camisa,1,36549,14364
6943,765,2023-11-18,Deportes,Raqueta,1,86639,26399
6939,765,2023-12-05,Hogar,Alfombra,2,63000,13718
6947,765,2023-12-07,Vestuario,Buzo,1,26918,7786
6941,765,2023-12-19,Tecnologia,Smartphone,2,694539,125627
6944,765,2024-01-04,Vestuario,Calcetines,2,138663,36754
6945,765,2024-03-20,Tecnologia,Router,1,127055,23522
6940,765,2024-06-09,Tecnologia,Notebook,2,195260,35168
6946,765,2024-11-15,Hogar,Mesa,4,342712,95518
6948,766,2023-08-04,Hogar,Lampara,3,298380,71832
6955,766,2023-08-07,Tecnologia,Monitor,1,77000,20683
6960,766,2023-08-21,Tecnologia,Mouse,2,269167,52751
6957,766,2023-09-03,Electrodomesticos,Cocina,1,87644,14924
6958,766,2023-09-28,Tecnologia,Impresora,1,151400,37548
6949,766,2023-10-02,Electrodomesticos,Aspiradora,1,127768,29269
6950,766,2023-10-05,Vestuario,Jeans,1,23324,5714
6952,766,2023-10-13,Electrodomesticos,Microondas,3,215884,37046
6954,766,2023-10-28,Vestuario,Calcetines,2,66436,26539
6959,766,2023-11-02,Vestuario,Camisa,1,55275,16105
6951,766,2023-11-12,Vestuario,Polera,1,53393,15082
6953,766,2024-05-11,Hogar,Hervidor,3,249422,72917
6956,766,2024-05-29,Deportes,Guantes,2,157207,55132
6961,767,2023-09-10,Electrodomesticos,Microondas,1,212040,44384
6962,767,2023-09-12,Deportes,Balon,1,24500,6091
6964,767,2023-09-13,Electrodomesticos,Purificador,1,256978,49382
6965,767,2023-09-27,Deportes,Balon,1,58748,15343
6968,767,2023-10-09,Vestuario,Jeans,1,31077,8583
6971,767,2023-10-10,Hogar,Alfombra,1,59742,15602
6969,767,2023-10-17,Electrodomesticos,Aspiradora,1,284896,56329
6972,767,2023-10-29,Vestuario,Camisa,1,46276,15014
6973,767,2024-01-02,Electrodomesticos,Horno,1,64486,15004
6970,767,2024-02-16,Electrodomesticos,Lavadora,1,192714,26514
6967,767,2024-04-04,Vestuario,Gorro,1,22225,9451
6966,767,2024-05-03,Hogar,Cortinas,1,97213,26474
6963,767,2024-12-24,Electrodomesticos,Plancha,1,220639,35397
6974,768,2022-10-16,Tecnologia,Notebook,1,250392,59171
6978,768,2023-01-21,Electrodomesticos,Lavadora,2,315167,59186
6976,768,2023-03-02,Hogar,Hervidor,1,76650,20271
6979,768,2023-03-06,Hogar,Cortinas,1,112839,30819
6975,768,2023-03-21,Tecnologia,Notebook,1,101473,17943
6980,768,2023-05-08,Vestuario,Camisa,1,43795,12245
6977,768,2023-05-30,Deportes,Raqueta,1,25033,7199
6981,769,2022-04-21,Tecnologia,Smartphone,1,204901,37511
6983,769,2022-06-14,Vestuario,Camisa,1,23561,6193
6987,769,2022-06-14,Deportes,Bicicleta,3,130226,43100
6989,769,2022-07-05,Hogar,Termo,1,31500,8671
6986,769,2022-07-24,Deportes,Balon,2,174067,60335
6988,769,2022-10-14,Deportes,Short,1,92280,29176
6985,769,2022-10-27,Hogar,Organizador,1,117501,33174
6982,769,2023-03-12,Tecnologia,Smartwatch,2,513705,113241
6984,769,2023-08-08,Electrodomesticos,Cocina,1,225273,44121
6990,770,2023-04-17,Hogar,Mesa,1,99866,25245
6991,770,2023-04-29,Hogar,Alfombra,1,111219,27396
6995,770,2023-07-06,Electrodomesticos,Secadora,2,408877,77468
6994,770,2023-07-17,Tecnologia,Audifonos,1,358105,72761
6992,770,2023-07-29,Deportes,Guantes,4,290084,71676
6993,770,2023-11-13,Tecnologia,Tablet,2,516829,87321
6996,771,2024-04-17,Tecnologia,Smartphone,1,150339,22283
7002,771,2024-04-18,Hogar,Hervidor,5,458053,121596
6998,771,2024-05-29,Deportes,Guantes,1,24500,7468
6999,771,2024-06-25,Electrodomesticos,Refrigerador,1,255647,42282
7000,771,2024-07-17,Electrodomesticos,Refrigerador,4,721883,127052
6997,771,2024-07-22,Deportes,Guantes,1,94131,23437
7001,771,2024-12-30,Hogar,Mesa,4,585608,136813
7003,772,2023-04-21,Tecnologia,Teclado,3,231000,48149
7006,772,2023-04-25,Deportes,Colchoneta,1,54676,17744
7007,772,2023-04-25,Electrodomesticos,Aspiradora,4,771756,136032
7009,772,2023-05-10,Deportes,Raqueta,3,284007,93229
7005,772,2023-06-12,Vestuario,Zapatillas,2,96617,32312
7008,772,2023-07-01,Electrodomesticos,Lavadora,1,243861,45803
7004,772,2023-11-07,Tecnologia,Smartphone,1,243569,46188
7010,772,2024-01-29,Vestuario,Polera,2,95553,30797
7011,773,2023-02-08,Vestuario,Vestido,1,34500,12015
7016,773,2023-05-13,Electrodomesticos,Licuadora,2,356021,62054
7013,773,2023-07-14,Electrodomesticos,Secadora,3,753059,157368
7012,773,2023-07-24,Hogar,Alfombra,3,206748,56115
7014,773,2023-09-18,Tecnologia,Audifonos,2,501738,114954
7015,773,2023-10-11,Hogar,Hervidor,2,229186,72652
7017,773,2024-01-16,Electrodomesticos,Aspiradora,1,246672,43637
7018,774,2022-05-24,Electrodomesticos,Purificador,4,787322,153430
7019,774,2022-06-23,Hogar,Organizador,1,138469,32522
7021,774,2022-06-30,Electrodomesticos,Plancha,3,543337,79295
7023,774,2022-09-16,Electrodomesticos,Plancha,1,241819,55521
7024,774,2022-10-02,Electrodomesticos,Purificador,4,920022,162021
7020,774,2022-10-03,Deportes,Colchoneta,1,113004,32258
7022,774,2023-01-07,Electrodomesticos,Microondas,1,160625,25003
7025,775,2024-03-10,Tecnologia,Smartwatch,1,266343,52420
7027,775,2024-03-15,Deportes,Colchoneta,1,60330,20473
7031,775,2024-03-16,Vestuario,Vestido,3,111911,41744
7036,775,2024-03-21,Electrodomesticos,Refrigerador,1,99848,18243
7038,775,2024-03-29,Hogar,Lampara,4,440935,105537
7037,775,2024-04-05,Electrodomesticos,Aspiradora,1,172099,29971
7035,775,2024-04-07,Electrodomesticos,Purificador,1,63000,10804
7039,775,2024-06-06,Tecnologia,Audifonos,1,162234,35341
7032,775,2024-06-25,Deportes,Balon,1,83286,21788
7026,775,2024-08-06,Deportes,Casco,1,61859,17984
7030,775,2024-08-10,Vestuario,Vestido,1,32273,10017
7029,775,2024-09-02,Tecnologia,Smartwatch,1,245981,46008
7033,775,2024-11-15,Deportes,Raqueta,1,120869,26579
7034,775,2024-11-24,Vestuario,Camisa,3,143383,45440
7028,775,2024-12-29,Tecnologia,Teclado,1,184525,37733
7040,776,2023-11-09,Deportes,Pesas,1,69004,21922
7043,776,2023-12-06,Hogar,Silla,3,278466,69252
7042,776,2024-05-06,Vestuario,Polera,2,136232,40848
7044,776,2024-11-03,Hogar,Mesa,2,189377,50560
7041,776,2024-12-22,Deportes,Bicicleta,3,351428,114922
7045,777,2022-03-02,Vestuario,Buzo,2,40323,14416
7047,777,2022-04-05,Hogar,Mesa,5,322281,87502
7048,777,2022-05-20,Vestuario,Camisa,1,27534,8572
7050,777,2022-07-18,Tecnologia,Smartwatch,6,1466531,268179
7051,777,2022-07-28,Vestuario,Camisa,3,100445,36280
7049,777,2022-08-15,Vestuario,Camisa,3,170105,56134
7046,777,2022-10-26,Electrodomesticos,Horno,1,175025,38604
7052,778,2023-11-29,Hogar,Organizador,2,193924,46108
7057,778,2023-12-30,Tecnologia,Notebook,1,201592,31970
7054,778,2024-02-02,Electrodomesticos,Plancha,2,342213,61056
7056,778,2024-03-01,Deportes,Raqueta,1,93141,25313
7055,778,2024-03-03,Tecnologia,Impresora,1,223843,46278
7058,778,2024-03-06,Vestuario,Gorro,1,41774,15630
7059,778,2024-05-03,Hogar,Cortinas,2,198274,52259
7053,778,2024-05-10,Deportes,Colchoneta,1,81786,29818
7060,779,2024-12-15,Electrodomesticos,Plancha,1,161057,25378
7068,779,2024-12-18,Vestuario,Pantalon,2,28352,10661
7065,779,2024-12-22,Vestuario,Polera,3,154792,55226
7063,779,2024-12-27,Vestuario,Polera,1,32821,11025
7064,779,2024-12-27,Vestuario,Camisa,1,35644,10251
7061,779,2024-12-29,Vestuario,Vestido,1,15855,5316
7071,779,2024-12-29,Tecnologia,Smartwatch,2,392748,74989
7069,779,2024-12-30,Hogar,Lampara,1,84046,23591
7062,779,2024-12-31,Electrodomesticos,Microondas,4,878323,126371
7066,779,2024-12-31,Hogar,Silla,1,137039,41260
7067,779,2024-12-31,Deportes,Colchoneta,2,80276,26930
7070,779,2024-12-31,Hogar,Termo,5,422377,109065
7072,780,2022-01-29,Hogar,Organizador,2,164327,42740
7073,780,2022-02-08,Electrodomesticos,Horno,2,290743,44201
7077,780,2022-02-12,Electrodomesticos,Refrigerador,4,820918,163222
7079,780,2022-03-01,Electrodomesticos,Secadora,1,63000,12486
7078,780,2022-03-02,Electrodomesticos,Aspiradora,5,1493036,252000
7074,780,2022-03-18,Deportes,Colchoneta,1,55521,14247
7075,780,2022-03-20,Vestuario,Vestido,2,96849,37677
7080,780,2022-03-21,Tecnologia,Monitor,2,310153,63308
7076,780,2022-07-29,Tecnologia,Router,3,695739,159046
7081,781,2022-03-17,Vestuario,Zapatillas,3,139444,43964
7085,781,2022-04-06,Vestuario,Calcetines,1,35421,13227
7084,781,2022-04-15,Hogar,Cafetera,1,104801,22607
7083,781,2022-04-21,Deportes,Balon,2,190623,64719
7089,781,2022-05-27,Hogar,Alfombra,6,494565,152717
7086,781,2022-07-08,Electrodomesticos,Refrigerador,3,238477,38693
7087,781,2022-07-14,Tecnologia,Impresora,3,792651,148792
7082,781,2022-07-17,Deportes,Colchoneta,2,177357,51481
7088,781,2022-08-29,Hogar,Organizador,4,178138,41732
7090,782,2023-06-06,Hogar,Cortinas,1,85211,27968
7093,782,2023-06-19,Vestuario,Vestido,1,42664,15005
7097,782,2023-06-23,Vestuario,Buzo,1,46879,14304
7096,782,2023-07-01,Hogar,Termo,2,126187,35702
7094,782,2023-09-03,Deportes,Guantes,1,89446,26648
7095,782,2023-11-07,Deportes,Guantes,3,334050,104219
7091,782,2023-12-30,Tecnologia,Audifonos,1,282905,47099
7092,782,2024-07-16,Electrodomesticos,Refrigerador,2,312108,57829
7098,783,2022-05-29,Tecnologia,Smartphone,1,92795,16385
7100,783,2022-06-10,Hogar,Mesa,1,140490,40291
7099,783,2022-06-25,Tecnologia,Smartwatch,1,156841,31542
7104,783,2022-06-25,Electrodomesticos,Cocina,2,384116,70944
7103,783,2022-07-15,Deportes,Balon,1,65225,21086
7102,783,2022-08-25,Electrodomesticos,Licuadora,3,839063,115579
7101,783,2022-09-01,Hogar,Mesa,4,288033,78432
7105,783,2022-09-15,Electrodomesticos,Refrigerador,1,104290,19762
7107,783,2022-11-09,Electrodomesticos,Purificador,1,102375,15281
7106,783,2023-01-28,Vestuario,Camisa,1,15128,5022
7108,784,2022-06-30,Vestuario,Zapatillas,1,45520,13789
7115,784,2022-07-24,Electrodomesticos,Plancha,2,177988,27628
7113,784,2022-07-30,Tecnologia,Mouse,1,290272,58667
7110,784,2022-08-16,Hogar,Lampara,1,116221,31360
7114,784,2022-08-29,Vestuario,Vestido,2,89748,35521
7109,784,2022-11-05,Electrodomesticos,Cocina,1,99822,15648
7111,784,2022-12-09,Electrodomesticos,Aspiradora,4,329975,48328
7112,784,2023-01-05,Deportes,Bicicleta,3,197353,62839
7116,785,2023-08-10,Electrodomesticos,Microondas,1,285907,51457
7117,785,2023-08-19,Vestuario,Calcetines,1,35228,12414
7119,785,2023-09-06,Vestuario,Vestido,2,98265,39422
7121,785,2023-10-10,Electrodomesticos,Refrigerador,1,174922,28550
7118,785,2023-10-14,Electrodomesticos,Licuadora,2,269427,48019
7120,785,2024-02-02,Hogar,Alfombra,2,216181,55704
7122,785,2024-03-24,Deportes,Balon,2,252707,76618
7123,786,2024-04-10,Electrodomesticos,Lavadora,3,430071,73413
7128,786,2024-04-21,Hogar,Mesa,1,115341,26761
7131,786,2024-04-23,Tecnologia,Notebook,1,337789,64502
7127,786,2024-05-23,Hogar,Silla,1,60911,16088
7129,786,2024-06-02,Hogar,Silla,3,316459,101348
7132,786,2024-06-22,Tecnologia,Smartwatch,2,550814,126886
7130,786,2024-07-29,Hogar,Mesa,2,252185,82777
7126,786,2024-07-30,Hogar,Mesa,2,220359,66642
7125,786,2024-08-08,Tecnologia,Audifonos,3,436565,94883
7124,786,2024-12-27,Hogar,Organizador,3,222043,67476
7133,787,2023-07-05,Vestuario,Calcetines,3,120469,47551
7134,787,2023-07-20,Deportes,Balon,1,67637,21683
7138,787,2023-07-23,Vestuario,Vestido,1,19633,6095
7136,787,2023-08-03,Deportes,Botella,1,103088,33053
7135,787,2023-08-09,Vestuario,Vestido,1,19962,6985
7144,787,2023-09-01,Electrodomesticos,Aspiradora,1,237265,41617
7142,787,2023-09-02,Tecnologia,Monitor,1,189475,46440
7137,787,2023-09-06,Tecnologia,Smartphone,2,351128,61190
7141,787,2023-09-09,Hogar,Organizador,1,146282,38184
7139,787,2023-09-21,Tecnologia,Notebook,1,224669,35520
7140,787,2023-09-24,Vestuario,Gorro,3,213297,68432
7145,787,2023-10-06,Hogar,Alfombra,3,393422,86961
7143,787,2023-10-29,Tecnologia,Monitor,3,604896,117872
7146,787,2024-01-10,Vestuario,Jeans,1,57135,19764
7147,788,2022-12-02,Tecnologia,Smartphone,2,579020,115506
7154,788,2022-12-09,Electrodomesticos,Purificador,2,298630,59014
7156,788,2022-12-16,Vestuario,Zapatillas,1,83323,25297
7157,788,2023-02-28,Electrodomesticos,Purificador,1,199389,28489
7152,788,2023-03-20,Tecnologia,Impresora,4,979258,199407
7148,788,2023-04-19,Tecnologia,Monitor,4,479563,90961
7149,788,2023-04-23,Tecnologia,Teclado,1,126058,21464
7153,788,2023-05-03,Deportes,Botella,2,178636,56997
7150,788,2023-05-31,Hogar,Hervidor,2,167638,47132
7151,788,2023-06-28,Electrodomesticos,Licuadora,3,450972,83650
7155,788,2023-08-14,Deportes,Colchoneta,1,90323,28852
7158,789,2023-07-16,Vestuario,Chaqueta,1,57682,21128
7163,789,2023-07-29,Deportes,Colchoneta,2,67837,22413
7164,789,2023-08-02,Hogar,Lampara,1,44952,12782
7159,789,2023-08-18,Hogar,Lampara,1,56107,16400
7160,789,2023-08-19,Electrodomesticos,Purificador,1,143110,24052
7161,789,2023-08-20,Deportes,Colchoneta,3,166155,51828
7170,789,2023-08-31,Vestuario,Camisa,3,129762,41776
7165,789,2023-10-03,Vestuario,Polera,1,68148,19950
7162,789,2023-11-25,Hogar,Cafetera,1,105340,28559
7166,789,2024-01-29,Vestuario,Gorro,1,23254,8631
7168,789,2024-02-04,Deportes,Short,2,137494,30180
7169,789,2024-05-10,Deportes,Bicicleta,1,85418,26362
7167,789,2024-12-24,Tecnologia,Audifonos,2,677447,131859
7171,790,2023-03-25,Hogar,Cafetera,2,311396,71066
7172,790,2023-04-19,Electrodomesticos,Secadora,1,270805,44844
7175,790,2023-05-17,Tecnologia,Audifonos,1,297280,61485
7173,790,2023-05-28,Electrodomesticos,Refrigerador,2,410732,83872
7176,790,2023-06-25,Vestuario,Chaqueta,1,22506,7205
7177,790,2023-07-05,Vestuario,Chaqueta,2,86840,31455
7174,790,2023-08-23,Vestuario,Chaqueta,2,46377,15552
7178,791,2023-08-26,Deportes,Short,1,65880,18054
7180,791,2023-09-02,Vestuario,Jeans,1,34233,10954
7185,791,2023-09-10,Tecnologia,Mouse,2,640647,144518
7181,791,2023-11-14,Vestuario,Polera,2,91115,36116
7182,791,2024-01-22,Tecnologia,Teclado,1,347458,66507
7184,791,2024-03-11,Vestuario,Pantalon,1,24716,9692
7183,791,2024-05-22,Vestuario,Vestido,2,158666,54761
7179,791,2024-11-15,Electrodomesticos,Purificador,1,261440,38439
7186,791,2024-12-04,Electrodomesticos,Horno,1,222356,37833
7187,792,2023-10-23,Vestuario,Calcetines,5,217164,79718
7190,792,2023-11-15,Electrodomesticos,Purificador,2,349813,52940
7191,792,2023-11-18,Vestuario,Chaqueta,1,57273,19717
7189,792,2023-11-22,Electrodomesticos,Secadora,2,189276,30447
7193,792,2023-12-06,Vestuario,Camisa,1,32345,9294
7188,792,2024-01-05,Deportes,Pesas,1,36033,10725
7192,792,2024-01-13,Vestuario,Vestido,1,71594,29821
7194,792,2024-03-16,Tecnologia,Monitor,1,219549,50461
7195,792,2024-06-11,Tecnologia,Teclado,1,354172,77376
7196,792,2024-11-29,Electrodomesticos,Plancha,1,181296,30776
7197,793,2024-08-27,Tecnologia,Notebook,2,362757,56254
7210,793,2024-08-30,Deportes,Colchoneta,1,58943,18757
7198,793,2024-08-31,Deportes,Botella,1,47761,13261
7202,793,2024-08-31,Tecnologia,Tablet,3,515123,87427
7208,793,2024-09-09,Vestuario,Buzo,2,118559,43365
7199,793,2024-10-11,Hogar,Termo,4,336205,66691
7203,793,2024-10-14,Tecnologia,Smartphone,1,277872,53598
7207,793,2024-11-20,Hogar,Alfombra,1,93606,29804
7206,793,2024-12-01,Tecnologia,Impresora,2,457466,77856
7201,793,2024-12-21,Deportes,Guantes,1,35144,11197
7209,793,2024-12-22,Electrodomesticos,Cocina,2,315123,49079
7200,793,2024-12-24,Hogar,Cortinas,1,76551,19520
7204,793,2024-12-26,Vestuario,Pantalon,2,137570,31008
7205,793,2024-12-26,Tecnologia,Monitor,1,314070,49498
7211,793,2024-12-31,Deportes,Poleron,1,45316,12535
7212,794,2023-02-20,Hogar,Hervidor,1,109945,32049
7213,794,2023-03-18,Electrodomesticos,Secadora,1,123606,19781
7214,794,2023-03-30,Electrodomesticos,Horno,2,492784,89998
7218,794,2023-04-30,Hogar,Lampara,2,153502,40487
7219,794,2023-05-01,Vestuario,Buzo,2,140568,45224
7215,794,2023-05-23,Deportes,Colchoneta,1,81427,21029
7217,794,2023-05-24,Deportes,Casco,1,51205,14062
7220,794,2023-05-26,Hogar,Silla,1,98565,28739
7216,794,2023-11-14,Deportes,Short,1,67657,19639
7221,795,2022-04-11,Electrodomesticos,Microondas,2,419011,78537
7224,795,2022-05-03,Hogar,Lampara,2,97825,23603
7222,795,2022-05-11,Deportes,Pesas,3,212705,61018
7226,795,2022-06-05,Hogar,Silla,3,300144,82498
7223,795,2022-06-07,Deportes,Colchoneta,3,309119,82030
7225,795,2022-06-15,Vestuario,Jeans,1,30900,13354
7228,795,2022-06-18,Hogar,Termo,2,119255,32709
7229,795,2022-09-06,Hogar,Lampara,1,102734,31258
7227,795,2022-10-04,Vestuario,Camisa,3,107634,40953
7230,796,2023-12-11,Deportes,Botella,3,328312,95755
7233,796,2023-12-14,Deportes,Poleron,3,108965,34801
7238,796,2023-12-20,Deportes,Guantes,1,30751,10031
7237,796,2024-01-22,Deportes,Bicicleta,2,116998,37843
7236,796,2024-02-12,Hogar,Mesa,1,67995,21435
7232,796,2024-03-09,Hogar,Lampara,3,226236,74094
7239,796,2024-03-11,Vestuario,Pantalon,1,54529,17601
7234,796,2024-04-06,Tecnologia,Tablet,1,180370,30875
7231,796,2024-04-08,Electrodomesticos,Aspiradora,2,510471,73525
7235,796,2024-05-30,Hogar,Mesa,1,43916,13693
7240,797,2023-04-08,Deportes,Raqueta,4,255262,79666
7244,797,2023-04-15,Deportes,Botella,1,63402,16573
7246,797,2023-04-27,Vestuario,Calcetines,2,71118,26219
7248,797,2023-06-05,Electrodomesticos,Aspiradora,1,212454,33051
7243,797,2023-06-07,Tecnologia,Mouse,3,305237,73330
7247,797,2023-06-17,Hogar,Alfombra,3,262252,81324
7242,797,2023-07-24,Vestuario,Zapatillas,1,48418,16707
7241,797,2023-09-24,Hogar,Hervidor,2,188388,45237
7245,797,2024-03-18,Hogar,Cortinas,2,230930,63912
7249,798,2024-03-06,Deportes,Balon,1,81080,22611
7253,798,2024-05-12,Tecnologia,Audifonos,1,155301,27675
7254,798,2024-05-18,Deportes,Pesas,1,53193,13181
7251,798,2024-08-29,Hogar,Sofa,1,93374,24842
7252,798,2024-12-26,Deportes,Bicicleta,2,248821,71518
7250,798,2024-12-29,Tecnologia,Mouse,2,501889,79544
7255,799,2023-11-02,Electrodomesticos,Lavadora,3,569449,106580
7259,799,2023-11-21,Vestuario,Jeans,1,74026,23840
7257,799,2023-12-26,Electrodomesticos,Microondas,2,336868,51585
7256,799,2024-03-11,Deportes,Balon,1,80580,28898
7258,799,2024-05-10,Vestuario,Calcetines,1,41319,14510
7260,800,2023-08-19,Deportes,Pesas,3,233456,76868
7261,800,2023-09-15,Vestuario,Calcetines,1,26405,10373
7268,800,2023-10-13,Vestuario,Calcetines,1,43064,19165
7266,800,2023-11-15,Deportes,Guantes,3,200485,54409
7264,800,2024-01-13,Vestuario,Vestido,2,66327,22251
7267,800,2024-03-18,Electrodomesticos,Refrigerador,2,548713,105356
7262,800,2024-06-08,Hogar,Hervidor,1,144163,44105
7263,800,2024-07-02,Tecnologia,Impresora,1,250308,52884
7265,800,2024-12-02,Electrodomesticos,Secadora,3,348801,49933
7269,801,2023-06-25,Hogar,Cortinas,1,146818,44472
7273,801,2023-06-26,Electrodomesticos,Plancha,3,492523,87448
7276,801,2023-07-14,Tecnologia,Impresora,3,661000,119745
7279,801,2023-07-17,Vestuario,Vestido,6,218723,67045
7274,801,2023-08-09,Deportes,Colchoneta,1,80052,25032
7278,801,2023-08-17,Vestuario,Polera,1,61149,16683
7277,801,2023-09-01,Electrodomesticos,Plancha,3,845118,158420
7275,801,2023-09-14,Electrodomesticos,Plancha,1,257196,54652
7270,801,2023-10-27,Hogar,Silla,4,343855,77086
7272,801,2023-11-21,Tecnologia,Monitor,1,266858,54811
7271,801,2023-12-31,Deportes,Colchoneta,1,81520,22011
7280,802,2023-02-07,Electrodomesticos,Cocina,2,272568,52484
7284,802,2023-02-25,Hogar,Organizador,1,74516,21235
7286,802,2023-03-02,Tecnologia,Tablet,2,421740,95764
7283,802,2023-03-06,Electrodomesticos,Cocina,1,129877,18715
7281,802,2023-03-20,Electrodomesticos,Aspiradora,2,621276,122995
7285,802,2023-03-30,Hogar,Sofa,1,90326,28843
7287,802,2023-04-21,Deportes,Poleron,2,172684,50501
7282,802,2023-06-12,Vestuario,Buzo,1,45382,15642
7288,803,2023-01-29,Electrodomesticos,Microondas,1,282428,47137
7296,803,2023-02-12,Hogar,Organizador,4,470801,132648
7299,803,2023-02-13,Hogar,Hervidor,1,81891,23232
7297,803,2023-02-18,Electrodomesticos,Aspiradora,2,428283,70294
7298,803,2023-03-18,Vestuario,Jeans,2,136001,44168
7290,803,2023-05-03,Hogar,Hervidor,1,85617,24338
7294,803,2023-06-05,Hogar,Cortinas,1,96631,21516
7293,803,2023-06-27,Electrodomesticos,Microondas,2,479483,79202
7291,803,2023-07-13,Tecnologia,Audifonos,2,340607,57724
7292,803,2023-07-20,Electrodomesticos,Horno,4,352087,76333
7295,803,2023-09-05,Deportes,Casco,2,222521,82278
7289,803,2023-11-22,Deportes,Raqueta,1,53255,14673
7300,804,2023-04-26,Deportes,Botella,1,81957,25255
7308,804,2023-05-01,Electrodomesticos,Cocina,2,503006,89202
7301,804,2023-05-18,Hogar,Organizador,1,97141,30503
7306,804,2023-06-06,Vestuario,Chaqueta,1,71468,24716
7305,804,2023-06-07,Tecnologia,Notebook,1,175113,34720
7307,804,2023-06-30,Hogar,Sofa,1,100300,22705
7309,804,2023-07-01,Hogar,Mesa,1,101568,26228
7303,804,2023-07-08,Vestuario,Gorro,1,35989,12555
7310,804,2023-07-08,Electrodomesticos,Microondas,3,460036,80954
7302,804,2023-09-04,Electrodomesticos,Licuadora,1,251077,47224
7304,804,2023-09-17,Vestuario,Jeans,1,51246,18172
7311,805,2022-10-29,Tecnologia,Notebook,2,465846,86539
7315,805,2022-11-15,Hogar,Organizador,1,68979,13765
7316,805,2022-12-02,Deportes,Pesas,3,291863,92041
7323,805,2022-12-08,Electrodomesticos,Refrigerador,1,238985,38577
7324,805,2022-12-15,Electrodomesticos,Secadora,3,1028717,176025
7320,805,2023-01-05,Vestuario,Calcetines,5,268485,102951
7317,805,2023-02-16,Deportes,Botella,1,73284,18758
7318,805,2023-02-25,Hogar,Silla,1,74206,15311
7314,805,2023-04-16,Tecnologia,Audifonos,4,643868,153006
7319,805,2023-06-19,Deportes,Raqueta,1,82770,26331
7322,805,2023-11-28,Vestuario,Zapatillas,3,77923,25081
7313,805,2024-03-01,Tecnologia,Notebook,1,154317,28377
7321,805,2024-03-13,Vestuario,Pantalon,1,49150,13184
7312,805,2024-04-19,Deportes,Bicicleta,1,99669,33784
7325,806,2024-04-24,Hogar,Lampara,1,31500,8904
7332,806,2024-05-04,Deportes,Short,1,24500,7090
7335,806,2024-05-09,Vestuario,Zapatillas,1,27772,10023
7336,806,2024-05-18,Tecnologia,Audifonos,1,351614,66316
7334,806,2024-06-02,Vestuario,Calcetines,4,80244,25802
7326,806,2024-06-09,Deportes,Short,1,44514,12666
7330,806,2024-07-03,Deportes,Short,2,163715,49418
7333,806,2024-07-20,Electrodomesticos,Plancha,1,259364,37407
7337,806,2024-07-31,Deportes,Casco,3,157593,49940
7328,806,2024-08-16,Vestuario,Pantalon,1,82214,34777
7329,806,2024-08-20,Vestuario,Vestido,2,25077,8098
7327,806,2024-09-14,Deportes,Raqueta,3,96519,35744
7331,806,2024-12-31,Deportes,Pesas,3,190738,54910
7338,807,2024-03-03,Vestuario,Calcetines,1,55948,21174
7339,807,2024-06-05,Electrodomesticos,Horno,1,178219,36770
7341,807,2024-07-20,Tecnologia,Audifonos,1,190320,36894
7340,807,2024-11-18,Electrodomesticos,Purificador,2,282451,41616
7342,808,2024-11-05,Electrodomesticos,Microondas,2,670183,90629
7345,808,2024-12-11,Hogar,Organizador,1,80873,21194
7346,808,2024-12-23,Vestuario,Calcetines,3,132453,37429
7343,808,2024-12-24,Vestuario,Buzo,3,90138,27029
7347,808,2024-12-29,Tecnologia,Tablet,1,344893,61853
7344,808,2024-12-31,Hogar,Sofa,1,57217,18170
7348,809,2022-03-02,Hogar,Alfombra,1,73785,21274
7355,809,2022-03-19,Electrodomesticos,Aspiradora,2,304595,53383
7349,809,2022-03-20,Deportes,Bicicleta,2,147223,32648
7350,809,2022-05-09,Electrodomesticos,Microondas,1,124682,22605
7359,809,2022-06-08,Deportes,Bicicleta,2,156760,34286
7353,809,2022-06-27,Vestuario,Jeans,4,140095,49125
7354,809,2022-07-03,Hogar,Sofa,2,191887,60370
7351,809,2022-07-11,Deportes,Raqueta,1,58636,16327
7357,809,2022-07-15,Deportes,Short,1,101291,35889
7352,809,2022-08-27,Hogar,Silla,1,109613,36064
7356,809,2022-10-17,Electrodomesticos,Aspiradora,2,338676,74628
7358,809,2022-10-30,Hogar,Alfombra,1,109800,32126
7360,810,2024-05-16,Vestuario,Jeans,2,36514,11776
7364,810,2024-05-25,Tecnologia,Monitor,2,662199,96943
7367,810,2024-06-04,Deportes,Guantes,1,65062,18353
7361,810,2024-06-07,Tecnologia,Smartwatch,2,482601,94124
7363,810,2024-06-08,Deportes,Botella,4,367255,115540
7362,810,2024-06-23,Deportes,Guantes,3,364917,130856
7366,810,2024-07-15,Hogar,Termo,1,114867,29438
7369,810,2024-07-26,Tecnologia,Teclado,2,154000,31978
7370,810,2024-08-24,Vestuario,Zapatillas,4,73596,30103
7368,810,2024-09-27,Vestuario,Chaqueta,2,89443,38899
7365,810,2024-10-21,Hogar,Termo,6,189000,53355
7371,811,2024-10-02,Deportes,Colchoneta,1,66876,15875
7377,811,2024-10-13,Tecnologia,Teclado,1,95574,19444
7380,811,2024-10-16,Vestuario,Gorro,1,27357,7751
7378,811,2024-10-28,Hogar,Lampara,2,261212,82787
7373,811,2024-11-09,Tecnologia,Monitor,2,578036,115692
7376,811,2024-12-01,Hogar,Alfombra,1,66951,19318
7374,811,2024-12-19,Deportes,Short,1,93180,25413
7379,811,2024-12-22,Hogar,Lampara,1,97993,29942
7375,811,2024-12-23,Hogar,Cortinas,1,31500,6708
7381,811,2024-12-23,Vestuario,Vestido,2,57208,18210
7372,811,2024-12-26,Electrodomesticos,Purificador,2,126000,15870
7382,811,2024-12-26,Electrodomesticos,Aspiradora,1,109951,18907
7383,812,2024-08-31,Deportes,Botella,1,82741,25382
7386,812,2024-09-11,Tecnologia,Monitor,1,220915,37593
7385,812,2024-10-14,Tecnologia,Impresora,3,1080477,269635
7389,812,2024-10-21,Tecnologia,Router,1,151348,37386
7388,812,2024-11-06,Tecnologia,Smartwatch,2,581992,115543
7387,812,2024-12-05,Tecnologia,Mouse,3,476408,70525
7384,812,2024-12-09,Deportes,Casco,4,373579,98384
7390,813,2024-09-20,Tecnologia,Mouse,2,461046,95003
7402,813,2024-10-26,Vestuario,Vestido,2,55145,23606
7394,813,2024-10-29,Tecnologia,Smartwatch,1,212965,38857
7392,813,2024-11-05,Hogar,Mesa,4,294674,90793
7398,813,2024-11-25,Vestuario,Calcetines,2,31432,9683
7401,813,2024-12-01,Vestuario,Buzo,1,27887,10183
7395,813,2024-12-22,Electrodomesticos,Refrigerador,3,550675,90128
7397,813,2024-12-22,Hogar,Cafetera,5,431878,112237
7399,813,2024-12-22,Deportes,Bicicleta,1,31830,10202
7391,813,2024-12-24,Deportes,Balon,1,65743,17108
7393,813,2024-12-26,Tecnologia,Notebook,1,248268,57430
7396,813,2024-12-26,Vestuario,Buzo,1,52114,16900
7400,813,2024-12-26,Tecnologia,Smartphone,3,681664,139980
7403,814,2023-01-08,Vestuario,Chaqueta,3,152656,42791
7407,814,2023-01-28,Vestuario,Camisa,3,100304,29438
7410,814,2023-02-01,Vestuario,Vestido,1,31731,9598
7405,814,2023-02-16,Tecnologia,Tablet,1,82171,15861
7408,814,2023-03-30,Electrodomesticos,Purificador,2,275491,46428
7406,814,2023-05-04,Electrodomesticos,Refrigerador,4,507881,96394
7409,814,2023-08-02,Electrodomesticos,Plancha,2,402089,67303
7404,814,2023-10-03,Tecnologia,Tablet,1,193754,38730
7411,815,2024-04-17,Vestuario,Calcetines,2,53269,17328
7412,815,2024-04-18,Electrodomesticos,Plancha,2,459462,71260
7414,815,2024-06-25,Electrodomesticos,Aspiradora,1,210247,37075
7413,815,2024-12-23,Electrodomesticos,Lavadora,2,405101,79534
7415,816,2023-03-09,Deportes,Pesas,2,101693,29908
7417,816,2023-03-16,Tecnologia,Mouse,1,220792,37616
7420,816,2023-03-28,Tecnologia,Audifonos,2,537722,107053
7422,816,2023-04-08,Tecnologia,Smartwatch,2,506254,106519
7421,816,2023-04-12,Vestuario,Calcetines,1,25144,7955
7419,816,2023-05-25,Vestuario,Gorro,4,110578,40134
7418,816,2023-06-04,Tecnologia,Router,1,298139,48155
7423,816,2023-10-10,Tecnologia,Teclado,2,435973,96166
7416,816,2023-11-28,Deportes,Bicicleta,1,81066,25419
7424,817,2022-04-11,Hogar,Termo,1,158098,43613
7432,817,2022-06-12,Vestuario,Polera,2,72963,24544
7429,817,2022-08-11,Tecnologia,Smartwatch,2,443977,92757
7428,817,2022-08-14,Electrodomesticos,Aspiradora,1,117155,21965
7430,817,2022-09-19,Electrodomesticos,Horno,1,197947,34687
7431,817,2022-10-12,Hogar,Mesa,1,90195,24767
7427,817,2022-10-26,Vestuario,Camisa,1,22439,8754
7426,817,2022-10-29,Hogar,Silla,1,121083,39700
7425,817,2022-11-04,Vestuario,Vestido,5,215501,76298
7433,818,2022-07-23,Deportes,Colchoneta,1,82877,20861
7435,818,2022-09-03,Tecnologia,Impresora,1,247321,50523
7434,818,2022-09-04,Hogar,Alfombra,1,95247,28536
7436,818,2022-10-06,Tecnologia,Notebook,3,957825,208727
7437,819,2023-10-04,Deportes,Poleron,1,35381,9649
7442,819,2023-10-30,Hogar,Lampara,2,231090,77573
7439,819,2023-11-08,Hogar,Cortinas,2,138839,36740
7440,819,2023-11-09,Deportes,Poleron,2,214449,67410
7438,819,2023-12-06,Tecnologia,Impresora,2,395604,62104
7441,819,2024-04-10,Hogar,Silla,3,391653,142734
7443,820,2022-02-21,Deportes,Poleron,2,205312,52365
7451,820,2022-02-28,Deportes,Short,1,69505,19257
7445,820,2022-03-14,Deportes,Balon,2,183525,55132
7448,820,2022-04-06,Deportes,Pesas,1,61712,18982
7449,820,2022-04-15,Tecnologia,Notebook,4,985229,206431
7446,820,2022-04-17,Deportes,Casco,2,150505,45394
7450,820,2022-05-10,Deportes,Casco,1,55376,14779
7447,820,2022-05-20,Hogar,Lampara,2,217584,61946
7444,820,2022-10-22,Vestuario,Jeans,2,38874,14898
7452,821,2023-07-23,Tecnologia,Smartphone,2,533149,101897
7459,821,2023-07-29,Vestuario,Zapatillas,2,111923,40407
7456,821,2023-07-31,Electrodomesticos,Aspiradora,1,219558,38582
7458,821,2023-08-15,Vestuario,Gorro,1,31214,10739
7463,821,2023-08-19,Hogar,Sofa,1,74831,23555
7453,821,2023-08-29,Vestuario,Pantalon,3,116681,34177
7455,821,2023-09-13,Vestuario,Chaqueta,4,84104,28390
7460,821,2023-09-30,Deportes,Casco,1,92376,27887
7457,821,2023-10-23,Deportes,Casco,1,73826,15503
7462,821,2024-01-10,Deportes,Poleron,1,80291,24068
7461,821,2024-02-15,Deportes,Poleron,3,161706,40559
7454,821,2024-08-23,Electrodomesticos,Microondas,1,211807,45372
7464,822,2023-08-15,Electrodomesticos,Cocina,1,238018,37825
7466,822,2023-08-15,Electrodomesticos,Aspiradora,3,787506,150143
7467,822,2023-11-18,Electrodomesticos,Licuadora,4,645271,121902
7470,822,2023-12-21,Hogar,Sofa,2,179611,44860
7469,822,2024-01-23,Electrodomesticos,Lavadora,3,234195,38348
7465,822,2024-03-24,Deportes,Raqueta,2,74174,23058
7468,822,2024-12-03,Deportes,Guantes,1,58129,18237
7471,823,2023-02-03,Tecnologia,Router,2,405563,82658
7476,823,2023-02-11,Electrodomesticos,Purificador,3,705130,119626
7477,823,2023-03-02,Vestuario,Calcetines,2,51172,20742
7473,823,2023-03-10,Vestuario,Polera,5,180706,63745
7482,823,2023-03-17,Deportes,Casco,2,138251,46906
7481,823,2023-04-18,Tecnologia,Notebook,1,169261,32427
7478,823,2023-05-20,Electrodomesticos,Licuadora,2,529659,89264
7475,823,2023-06-05,Hogar,Termo,1,76323,14959
7480,823,2023-06-28,Hogar,Cafetera,4,244531,70883
7474,823,2023-08-15,Hogar,Cortinas,1,106002,28046
7472,823,2023-09-16,Tecnologia,Audifonos,1,194125,39464
7483,823,2024-04-24,Deportes,Raqueta,3,189363,65018
7479,823,2024-12-25,Deportes,Bicicleta,2,168620,41400
7484,824,2022-11-25,Deportes,Poleron,2,100904,22106
7486,824,2022-11-29,Hogar,Lampara,2,63000,17048
7495,824,2022-12-10,Hogar,Sofa,5,241898,57241
7487,824,2022-12-22,Tecnologia,Monitor,4,871951,154831
7489,824,2023-01-18,Hogar,Cortinas,1,56451,13592
7493,824,2023-01-18,Hogar,Alfombra,2,139267,38270
7492,824,2023-02-07,Vestuario,Jeans,1,16500,6602
7494,824,2023-02-08,Hogar,Organizador,1,50895,13092
7496,824,2023-03-27,Deportes,Short,1,90921,21771
7490,824,2023-04-17,Tecnologia,Teclado,1,191769,31492
7491,824,2023-10-03,Vestuario,Vestido,1,53535,15726
7488,824,2023-10-16,Tecnologia,Smartwatch,1,133938,25272
7485,824,2024-03-21,Tecnologia,Teclado,2,296054,64259
7497,825,2023-04-06,Hogar,Hervidor,3,160510,41590
7499,825,2023-04-17,Electrodomesticos,Secadora,1,184432,35574
7507,825,2023-04-20,Tecnologia,Tablet,5,1883428,343176
7508,825,2023-04-27,Deportes,Botella,1,52630,17539
7500,825,2023-07-03,Tecnologia,Router,1,175519,31854
7505,825,2023-08-04,Vestuario,Pantalon,4,75459,29521
7504,825,2023-08-30,Vestuario,Vestido,5,55965,22711
7501,825,2023-09-02,Deportes,Guantes,2,49000,12142
7498,825,2023-11-07,Vestuario,Camisa,2,41709,15282
7503,825,2023-11-08,Tecnologia,Teclado,3,862187,144718
7502,825,2023-11-12,Vestuario,Jeans,1,55725,18078
7506,825,2024-01-27,Hogar,Cortinas,1,82716,16949
7509,826,2022-10-17,Tecnologia,Impresora,1,313330,72995
7518,826,2022-10-20,Electrodomesticos,Aspiradora,1,63014,9256
7520,826,2022-10-23,Deportes,Pesas,1,58427,16071
7512,826,2022-11-02,Electrodomesticos,Lavadora,1,173562,29304
7515,826,2022-11-03,Vestuario,Camisa,2,53863,12603
7510,826,2022-11-04,Electrodomesticos,Purificador,3,557072,86301
7513,826,2022-11-08,Electrodomesticos,Cocina,1,128928,22648
7519,826,2022-12-08,Deportes,Pesas,1,116865,35667
7517,826,2023-01-04,Vestuario,Jeans,1,43618,12802
7516,826,2023-01-22,Deportes,Pesas,1,103123,28799
7511,826,2023-02-22,Electrodomesticos,Licuadora,4,643625,130156
7514,826,2023-04-08,Vestuario,Jeans,4,73684,23296
7521,826,2023-12-25,Deportes,Bicicleta,1,53059,14251
7522,827,2022-06-21,Deportes,Casco,2,49000,13118
7525,827,2022-09-18,Hogar,Lampara,1,47065,11297
7523,827,2022-09-25,Tecnologia,Smartphone,1,137388,22612
7524,827,2023-09-05,Tecnologia,Smartphone,1,112445,24398
7526,828,2022-01-04,Deportes,Short,1,85175,30810
7534,828,2022-01-10,Hogar,Silla,5,340115,101258
7531,828,2022-01-18,Vestuario,Polera,1,31594,9355
7529,828,2022-02-17,Deportes,Casco,4,247567,66459
7527,828,2022-03-29,Tecnologia,Router,1,105814,20379
7532,828,2022-05-19,Deportes,Poleron,3,420000,147840
7528,828,2022-09-25,Electrodomesticos,Cocina,2,335874,56970
7533,828,2022-12-23,Hogar,Silla,1,63384,18225
7530,828,2023-04-06,Hogar,Lampara,4,126000,33060
7535,829,2023-11-28,Deportes,Raqueta,3,172461,56256
7542,829,2023-12-01,Electrodomesticos,Microondas,4,323928,62025
7541,829,2023-12-31,Vestuario,Gorro,2,72097,20623
7543,829,2024-01-15,Tecnologia,Tablet,2,365335,68949
7538,829,2024-02-05,Deportes,Bicicleta,1,50782,15121
7544,829,2024-03-04,Deportes,Balon,2,142710,51951
7540,829,2024-03-11,Electrodomesticos,Cocina,2,207475,36921
7539,829,2024-05-04,Electrodomesticos,Horno,3,760118,144033
7537,829,2024-07-12,Electrodomesticos,Purificador,2,335531,67049
7536,829,2024-07-26,Tecnologia,Smartphone,1,300545,61658
7545,830,2023-03-03,Tecnologia,Mouse,3,684106,157615
7550,830,2023-03-24,Vestuario,Calcetines,2,126623,40201
7551,830,2023-05-29,Hogar,Organizador,1,114214,33475
7549,830,2023-08-09,Hogar,Hervidor,1,156865,47570
7546,830,2023-09-01,Tecnologia,Smartphone,2,696340,142125
7548,830,2023-10-21,Vestuario,Buzo,2,50762,16922
7547,830,2024-01-06,Electrodomesticos,Secadora,1,179977,29214
7552,831,2024-09-18,Hogar,Alfombra,3,312153,72010
7554,831,2024-09-20,Hogar,Sofa,2,164516,47189
7561,831,2024-09-20,Vestuario,Gorro,1,18367,5743
7559,831,2024-10-26,Deportes,Casco,2,253252,79398
7560,831,2024-11-14,Tecnologia,Teclado,1,276308,39272
7557,831,2024-12-10,Electrodomesticos,Refrigerador,2,470350,81608
7556,831,2024-12-21,Tecnologia,Smartwatch,1,166769,29840
7558,831,2024-12-21,Tecnologia,Tablet,3,560531,94731
7555,831,2024-12-25,Deportes,Guantes,1,41996,11846
7553,831,2024-12-30,Vestuario,Zapatillas,1,44206,12614
7562,832,2023-12-27,Tecnologia,Tablet,2,190249,33321
7567,832,2024-01-01,Tecnologia,Monitor,1,220999,43169
7563,832,2024-01-05,Tecnologia,Tablet,2,569236,145697
7568,832,2024-03-25,Electrodomesticos,Licuadora,1,242434,42934
7564,832,2024-03-28,Tecnologia,Smartphone,2,257168,51120
7566,832,2024-05-04,Tecnologia,Tablet,2,342795,63275
7565,832,2024-12-23,Tecnologia,Notebook,2,260707,53700
7569,833,2023-08-04,Vestuario,Buzo,4,92124,32342
7571,833,2023-08-23,Electrodomesticos,Secadora,1,190989,41215
7575,833,2023-09-21,Hogar,Lampara,1,100564,27727
7570,833,2023-10-14,Hogar,Silla,2,208994,59929
7577,833,2023-10-23,Deportes,Pesas,2,158105,42209
7574,833,2023-10-28,Tecnologia,Mouse,1,142069,29781
7572,833,2024-03-28,Tecnologia,Router,1,209805,31454
7576,833,2024-04-27,Electrodomesticos,Refrigerador,1,197323,38317
7573,833,2024-05-23,Electrodomesticos,Microondas,1,174508,31145
7578,834,2022-04-04,Electrodomesticos,Licuadora,2,265275,47066
7586,834,2022-04-08,Tecnologia,Impresora,4,814005,203261
7588,834,2022-04-19,Tecnologia,Smartwatch,2,180654,31661
7583,834,2022-05-22,Tecnologia,Smartphone,2,430903,105751
7582,834,2022-05-31,Tecnologia,Monitor,1,313882,67059
7581,834,2022-06-01,Deportes,Short,1,103394,30473
7585,834,2022-09-04,Hogar,Silla,2,95365,25760
7580,834,2022-10-13,Electrodomesticos,Aspiradora,1,155202,25553
7584,834,2022-10-29,Deportes,Raqueta,4,290530,78319
7587,834,2022-11-29,Electrodomesticos,Horno,2,421653,54956
7579,834,2023-01-10,Hogar,Mesa,5,282335,61450
7589,835,2023-11-03,Electrodomesticos,Cocina,1,134136,22445
7599,835,2023-11-03,Vestuario,Buzo,1,39553,13603
7600,835,2023-11-10,Deportes,Casco,1,69684,22412
7596,835,2023-11-16,Tecnologia,Impresora,1,279845,53916
7593,835,2023-12-17,Hogar,Cafetera,1,87957,18913
7594,835,2023-12-19,Deportes,Botella,1,50442,14079
7597,835,2024-01-25,Electrodomesticos,Aspiradora,1,205994,41802
7598,835,2024-02-07,Deportes,Casco,1,80162,26674
7595,835,2024-02-22,Vestuario,Zapatillas,2,52007,21840
7602,835,2024-03-31,Vestuario,Zapatillas,1,32485,13302
7590,835,2024-04-09,Tecnologia,Router,3,527037,98828
7592,835,2024-06-23,Vestuario,Pantalon,1,30197,9003
7591,835,2024-07-02,Hogar,Termo,2,238438,69946
7601,835,2024-08-16,Electrodomesticos,Purificador,1,101333,17372
7603,836,2023-10-09,Deportes,Pesas,1,87484,20011
7604,836,2023-10-11,Hogar,Alfombra,2,241710,77671
7607,836,2023-10-21,Hogar,Hervidor,3,122378,33552
7612,836,2023-11-24,Deportes,Pesas,1,97049,27687
7611,836,2023-12-02,Tecnologia,Smartphone,1,159729,24987
7613,836,2023-12-26,Hogar,Termo,1,93804,32072
7605,836,2024-02-05,Hogar,Organizador,1,130387,37224
7610,836,2024-05-17,Vestuario,Camisa,1,48469,17242
7606,836,2024-08-15,Tecnologia,Notebook,1,150171,28703
7609,836,2024-12-27,Deportes,Raqueta,1,56826,14847
7608,836,2024-12-31,Hogar,Mesa,1,96220,31112
7614,837,2023-11-11,Hogar,Cafetera,1,53533,13742
7615,837,2023-12-22,Deportes,Botella,1,53496,15818
7616,837,2024-01-10,Electrodomesticos,Horno,2,223413,41568
7618,837,2024-01-19,Vestuario,Buzo,1,51556,19289
7617,837,2024-04-27,Electrodomesticos,Secadora,3,406535,67468
7619,838,2023-08-28,Electrodomesticos,Plancha,2,364209,77444
7620,838,2023-09-06,Tecnologia,Teclado,2,387336,65461
7624,838,2023-09-16,Tecnologia,Tablet,1,218030,39730
7622,838,2023-10-26,Electrodomesticos,Horno,1,188359,31617
7621,838,2023-11-19,Hogar,Alfombra,3,404950,94018
7623,838,2024-01-09,Tecnologia,Monitor,1,356886,64509
7625,838,2024-02-04,Vestuario,Calcetines,2,29890,10022
7626,838,2024-02-21,Vestuario,Pantalon,1,36930,14561
7627,839,2024-02-17,Hogar,Termo,4,599141,172202
7631,839,2024-04-05,Tecnologia,Smartphone,1,342910,73766
7630,839,2024-05-13,Tecnologia,Audifonos,2,708399,119494
7632,839,2024-10-02,Hogar,Organizador,3,300127,84923
7628,839,2024-12-30,Vestuario,Gorro,4,86200,21740
7629,839,2024-12-30,Tecnologia,Router,1,190541,34476
7633,840,2023-05-24,Tecnologia,Monitor,2,491334,105299
7636,840,2023-06-06,Vestuario,Polera,2,62629,20658
7637,840,2023-06-21,Vestuario,Chaqueta,2,85183,24658
7635,840,2023-08-08,Deportes,Bicicleta,1,24500,8982
7638,840,2023-10-09,Vestuario,Zapatillas,3,53698,25372
7639,840,2023-12-16,Vestuario,Calcetines,2,137207,35502
7634,840,2024-12-29,Electrodomesticos,Lavadora,5,957156,146604
7640,841,2023-09-13,Vestuario,Calcetines,3,127778,45068
7643,841,2023-10-04,Deportes,Colchoneta,2,94776,30616
7641,841,2024-02-07,Electrodomesticos,Secadora,1,158447,28831
7642,841,2024-03-29,Electrodomesticos,Refrigerador,5,1140533,209393
7644,842,2023-09-29,Electrodomesticos,Horno,3,394875,69511
7655,842,2023-09-30,Tecnologia,Router,1,222918,47925
7648,842,2023-10-27,Deportes,Guantes,1,80440,23418
7651,842,2023-11-22,Tecnologia,Router,3,614076,79450
7653,842,2023-12-15,Vestuario,Zapatillas,2,69731,19823
7650,842,2024-01-24,Electrodomesticos,Plancha,1,160068,28108
7654,842,2024-03-07,Tecnologia,Smartwatch,1,243139,52224
7649,842,2024-03-12,Electrodomesticos,Lavadora,1,142119,29930
7645,842,2024-03-15,Tecnologia,Mouse,3,840168,130711
7646,842,2024-05-12,Electrodomesticos,Plancha,1,161899,30412
7647,842,2024-06-23,Vestuario,Polera,1,19335,6411
7652,842,2024-12-29,Tecnologia,Impresora,1,222506,40909
7656,843,2022-02-02,Tecnologia,Impresora,1,130552,30604
7662,843,2022-02-03,Hogar,Cortinas,1,95597,25899
7657,843,2022-02-21,Vestuario,Chaqueta,1,88169,36631
7660,843,2022-03-17,Tecnologia,Monitor,1,77000,15638
7669,843,2022-03-27,Electrodomesticos,Cocina,3,667569,110073
7658,843,2022-03-28,Electrodomesticos,Secadora,1,123577,17992
7661,843,2022-04-09,Vestuario,Zapatillas,2,92259,30063
7659,843,2022-04-12,Vestuario,Gorro,3,71667,28267
7664,843,2022-05-09,Hogar,Sofa,2,188226,58087
7667,843,2022-05-18,Deportes,Botella,2,198493,57250
7668,843,2022-06-19,Tecnologia,Smartwatch,2,770006,169674
7663,843,2022-06-29,Deportes,Guantes,1,113117,36415
7665,843,2022-07-26,Deportes,Short,5,263203,85654
7666,843,2022-08-07,Tecnologia,Audifonos,1,319378,73141
7670,844,2023-11-21,Tecnologia,Smartphone,1,335839,57027
7672,844,2024-01-25,Vestuario,Chaqueta,1,36277,13367
7671,844,2024-02-28,Hogar,Alfombra,3,286498,75434
7674,844,2024-06-05,Deportes,Pesas,3,130522,46609
7673,844,2024-07-19,Deportes,Pesas,1,90903,29849
7675,845,2023-01-02,Electrodomesticos,Lavadora,3,788535,128488
7682,845,2023-01-22,Hogar,Silla,2,144282,43967
7677,845,2023-01-30,Electrodomesticos,Secadora,1,172990,33209
7678,845,2023-04-11,Vestuario,Gorro,1,51759,16098
7676,845,2023-05-16,Vestuario,Vestido,1,21958,8030
7680,845,2023-06-11,Vestuario,Zapatillas,1,34562,10412
7681,845,2023-07-24,Hogar,Cortinas,1,76158,19866
7679,845,2023-12-07,Deportes,Casco,1,51345,13632
7683,846,2024-08-14,Vestuario,Polera,2,113522,41146
7693,846,2024-08-20,Vestuario,Polera,1,65183,21406
7694,846,2024-09-16,Electrodomesticos,Aspiradora,1,247617,55261
7692,846,2024-10-03,Tecnologia,Smartphone,7,2075192,456052
7686,846,2024-10-31,Tecnologia,Smartphone,3,893186,165508
7684,846,2024-12-10,Vestuario,Gorro,1,49140,14173
7689,846,2024-12-21,Tecnologia,Teclado,2,579720,121231
7685,846,2024-12-23,Deportes,Colchoneta,1,91043,24149
7691,846,2024-12-23,Vestuario,Jeans,1,76853,28380
7695,846,2024-12-24,Electrodomesticos,Purificador,2,291829,59898
7688,846,2024-12-28,Deportes,Raqueta,1,62314,20443
7690,846,2024-12-29,Hogar,Cafetera,2,152847,38459
7687,846,2024-12-31,Deportes,Pesas,1,92888,28389
7696,847,2023-08-27,Electrodomesticos,Horno,1,297620,53769
7702,847,2023-09-18,Deportes,Balon,2,97030,31326
7697,847,2023-10-30,Vestuario,Chaqueta,1,27551,8346
7698,847,2023-10-30,Vestuario,Vestido,2,103313,43500
7700,847,2023-11-12,Vestuario,Jeans,1,32831,10120
7704,847,2023-12-09,Tecnologia,Notebook,2,392986,72325
7706,847,2023-12-26,Hogar,Mesa,1,142308,34149
7703,847,2024-03-26,Deportes,Short,1,100605,30867
7701,847,2024-05-20,Tecnologia,Monitor,1,227297,38639
7699,847,2024-09-16,Deportes,Pesas,1,71581,19299
7705,847,2024-12-25,Deportes,Bicicleta,2,184487,57283
7707,848,2023-11-01,Vestuario,Zapatillas,1,57069,19247
7712,848,2023-11-26,Tecnologia,Audifonos,1,307807,53396
7714,848,2023-11-28,Vestuario,Polera,3,130985,46383
7717,848,2023-12-01,Vestuario,Vestido,1,62490,18611
7710,848,2023-12-12,Electrodomesticos,Refrigerador,1,176525,27224
7716,848,2024-02-23,Hogar,Alfombra,2,130027,30123
7708,848,2024-03-02,Hogar,Cafetera,1,133702,33715
7713,848,2024-03-06,Electrodomesticos,Secadora,2,465247,101915
7718,848,2024-04-29,Tecnologia,Smartwatch,1,171106,31566
7709,848,2024-05-05,Hogar,Organizador,1,74837,23307
7711,848,2024-06-23,Electrodomesticos,Licuadora,2,381693,63225
7715,848,2024-10-01,Deportes,Guantes,1,47840,12760
7719,849,2024-01-05,Tecnologia,Impresora,2,620291,127424
7721,849,2024-01-23,Deportes,Raqueta,1,24500,8272
7723,849,2024-02-13,Vestuario,Zapatillas,2,112824,33327
7722,849,2024-06-09,Vestuario,Calcetines,2,89651,32865
7720,849,2024-08-12,Electrodomesticos,Plancha,1,119036,21356
7724,850,2022-08-03,Vestuario,Camisa,2,96591,25023
7732,850,2022-08-05,Vestuario,Vestido,1,48822,15540
7728,850,2022-08-10,Electrodomesticos,Purificador,1,139676,22814
7727,850,2022-09-06,Electrodomesticos,Licuadora,2,181275,32295
7726,850,2022-09-23,Vestuario,Jeans,3,40938,11313
7729,850,2022-10-14,Deportes,Pesas,2,136949,42102
7730,850,2022-10-25,Electrodomesticos,Licuadora,1,156611,32600
7731,850,2023-02-01,Deportes,Balon,2,175490,50963
7725,850,2023-04-12,Deportes,Poleron,2,131469,46536
7733,851,2024-10-29,Electrodomesticos,Purificador,2,357959,68432
7740,851,2024-11-05,Deportes,Bicicleta,3,166714,43516
7737,851,2024-12-22,Vestuario,Zapatillas,3,70695,19583
7734,851,2024-12-23,Electrodomesticos,Microondas,3,905542,152947
7735,851,2024-12-25,Vestuario,Vestido,2,38080,13993
7739,851,2024-12-25,Vestuario,Vestido,2,36849,11783
7736,851,2024-12-26,Tecnologia,Notebook,5,690306,124479
7741,851,2024-12-26,Deportes,Pesas,3,78789,26269
7738,851,2024-12-30,Vestuario,Jeans,1,68358,22544
7742,852,2024-01-10,Deportes,Bicicleta,1,49481,17390
7743,852,2024-01-13,Hogar,Cortinas,1,105591,28833
7750,852,2024-01-20,Vestuario,Jeans,2,50732,17216
7747,852,2024-02-06,Vestuario,Pantalon,5,166882,52593
7751,852,2024-02-27,Vestuario,Chaqueta,2,64404,21654
7749,852,2024-03-25,Deportes,Raqueta,3,208424,56762
7744,852,2024-04-07,Tecnologia,Mouse,3,586859,124304
7745,852,2024-05-07,Tecnologia,Monitor,1,275871,59751
7746,852,2024-05-15,Deportes,Casco,7,663662,199929
7748,852,2024-06-14,Vestuario,Chaqueta,1,58108,23966
7752,853,2024-03-22,Electrodomesticos,Plancha,1,147154,24960
7760,853,2024-03-27,Vestuario,Buzo,3,140258,57676
7759,853,2024-04-03,Hogar,Organizador,1,62354,16232
7758,853,2024-04-05,Tecnologia,Teclado,1,77000,16385
7757,853,2024-04-17,Tecnologia,Router,1,120166,26479
7754,853,2024-04-23,Vestuario,Pantalon,1,69464,21296
7756,853,2024-04-28,Hogar,Organizador,5,548295,166622
7755,853,2024-08-14,Deportes,Guantes,1,84497,28308
7753,853,2024-12-21,Deportes,Botella,1,44239,13224
7761,853,2024-12-26,Hogar,Silla,2,243267,70994
7762,854,2022-05-09,Hogar,Lampara,1,108127,26901
7765,854,2022-05-14,Deportes,Guantes,1,53513,15297
7763,854,2022-05-19,Vestuario,Gorro,1,71896,22168
7768,854,2022-05-28,Deportes,Pesas,1,64334,20918
7769,854,2022-06-03,Tecnologia,Router,1,305422,62217
7767,854,2022-07-27,Hogar,Lampara,2,231781,66280
7764,854,2022-08-01,Electrodomesticos,Licuadora,3,471559,87332
7770,854,2022-10-30,Electrodomesticos,Microondas,2,362305,54229
7766,854,2022-11-01,Deportes,Short,3,78735,27250
7771,854,2022-12-11,Hogar,Sofa,1,110784,32985
7772,854,2023-04-22,Tecnologia,Tablet,1,173818,36882
7773,855,2023-02-13,Deportes,Bicicleta,1,115265,25777
7776,855,2023-02-16,Hogar,Lampara,4,337411,110494
7774,855,2023-03-10,Vestuario,Pantalon,1,49034,15556
7777,855,2023-03-14,Tecnologia,Mouse,1,77000,14373
7775,855,2023-04-14,Electrodomesticos,Lavadora,4,862902,139691
7780,855,2023-04-21,Hogar,Lampara,3,224407,64699
7779,855,2023-04-30,Tecnologia,Tablet,1,334048,59166
7781,855,2023-08-14,Tecnologia,Audifonos,3,749345,151526
7782,855,2023-08-17,Vestuario,Camisa,2,81697,34109
7778,855,2024-04-25,Deportes,Poleron,1,97881,28497
7783,856,2023-10-19,Hogar,Cafetera,1,97077,21730
7789,856,2023-11-05,Deportes,Bicicleta,1,72835,21897
7787,856,2024-01-19,Electrodomesticos,Secadora,2,376036,66234
7785,856,2024-01-31,Tecnologia,Monitor,1,234197,47219
7790,856,2024-03-10,Vestuario,Chaqueta,1,29254,9740
7784,856,2024-03-25,Electrodomesticos,Horno,2,342070,79518
7786,856,2024-05-11,Deportes,Short,4,152615,47107
7788,856,2024-05-21,Deportes,Botella,1,77801,23127
7791,857,2023-03-20,Electrodomesticos,Lavadora,2,511170,92270
7796,857,2023-03-20,Deportes,Casco,2,108612,30516
7801,857,2023-04-07,Electrodomesticos,Purificador,1,174696,33610
7797,857,2023-04-17,Vestuario,Chaqueta,2,93704,35183
7792,857,2023-04-29,Electrodomesticos,Licuadora,1,235279,44873
7802,857,2023-05-20,Deportes,Pesas,1,113881,28025
7800,857,2023-05-28,Hogar,Organizador,1,49534,12740
7803,857,2023-05-29,Deportes,Raqueta,1,85483,19357
7794,857,2023-06-02,Electrodomesticos,Plancha,3,555840,100322
7793,857,2023-06-09,Deportes,Bicicleta,2,172379,55734
7795,857,2023-07-19,Electrodomesticos,Purificador,3,755693,141790
7799,857,2023-08-27,Electrodomesticos,Licuadora,1,101982,18595
7798,857,2024-03-15,Tecnologia,Teclado,1,169808,37915
7804,858,2022-08-08,Electrodomesticos,Purificador,3,583397,98811
7808,858,2022-08-15,Vestuario,Zapatillas,1,21952,8392
7806,858,2022-08-29,Electrodomesticos,Cocina,6,930388,152309
7807,858,2022-11-25,Hogar,Alfombra,1,58740,14925
7811,858,2022-11-29,Deportes,Pesas,1,89808,22891
7805,858,2022-12-04,Hogar,Organizador,1,123092,33771
7813,858,2022-12-10,Electrodomesticos,Cocina,1,153894,25472
7809,858,2022-12-12,Tecnologia,Smartwatch,2,483445,94539
7812,858,2023-01-23,Hogar,Lampara,2,201213,50933
7810,858,2024-02-28,Tecnologia,Router,2,273558,52453
7814,859,2023-06-14,Vestuario,Camisa,1,81928,27000
7816,859,2023-06-24,Electrodomesticos,Aspiradora,4,440487,74776
7819,859,2023-07-23,Hogar,Cafetera,5,494733,137994
7818,859,2023-08-02,Deportes,Colchoneta,1,66401,20889
7821,859,2023-08-29,Tecnologia,Router,1,331596,56660
7817,859,2023-10-28,Hogar,Sofa,1,87957,23359
7815,859,2023-11-25,Hogar,Hervidor,1,136695,34714
7820,859,2024-12-30,Electrodomesticos,Aspiradora,4,601580,103497
7822,860,2023-05-12,Hogar,Mesa,1,51996,12901
7831,860,2023-05-15,Deportes,Raqueta,1,77447,22458
7829,860,2023-06-04,Vestuario,Chaqueta,1,38597,12460
7823,860,2023-06-19,Electrodomesticos,Lavadora,3,205241,33431
7828,860,2023-07-04,Vestuario,Polera,2,88684,34781
7833,860,2023-07-21,Tecnologia,Impresora,1,135130,22952
7825,860,2023-08-02,Vestuario,Camisa,2,74623,25527
7824,860,2023-08-14,Hogar,Hervidor,1,68603,18386
7826,860,2023-10-12,Hogar,Cortinas,1,69484,20807
7827,860,2023-11-19,Vestuario,Gorro,1,45406,12725
7832,860,2024-01-18,Electrodomesticos,Aspiradora,3,518707,75204
7834,860,2024-03-10,Vestuario,Buzo,2,83004,29752
7830,860,2024-11-20,Hogar,Alfombra,2,122428,29300
7835,861,2022-12-29,Deportes,Botella,2,235808,54827
7837,861,2022-12-31,Deportes,Colchoneta,2,132390,36059
7841,861,2022-12-31,Hogar,Organizador,1,116061,28743
7844,861,2023-01-26,Hogar,Alfombra,3,283023,66380
7843,861,2023-02-18,Vestuario,Chaqueta,1,23133,7375
7840,861,2023-02-19,Hogar,Cortinas,3,428326,112072
7836,861,2023-03-03,Tecnologia,Audifonos,1,142631,31279
7838,861,2023-03-19,Tecnologia,Audifonos,3,980619,190617
7842,861,2023-04-05,Vestuario,Buzo,1,33925,12460
7839,861,2023-04-27,Hogar,Lampara,1,34713,10176
7845,861,2023-10-01,Vestuario,Buzo,1,36796,12152
7846,862,2023-07-03,Electrodomesticos,Licuadora,1,153912,23152
7850,862,2023-07-03,Deportes,Botella,3,114775,37236
7853,862,2023-08-07,Tecnologia,Tablet,1,160450,29933
7854,862,2023-08-13,Deportes,Bicicleta,1,61967,19195
7855,862,2023-08-18,Deportes,Poleron,1,56797,14004
7852,862,2023-08-20,Deportes,Botella,1,24500,8622
7848,862,2023-09-04,Vestuario,Chaqueta,2,26812,11083
7847,862,2023-09-24,Deportes,Short,4,472261,109533
7857,862,2023-11-03,Electrodomesticos,Aspiradora,1,63000,10253
7849,862,2024-01-12,Deportes,Guantes,3,149305,42531
7851,862,2024-01-27,Vestuario,Buzo,1,56196,18165
7856,862,2024-02-11,Deportes,Guantes,1,90926,26814
7858,863,2023-11-14,Vestuario,Pantalon,1,30651,10503
7863,863,2023-11-16,Deportes,Poleron,1,50430,16025
7861,863,2023-12-24,Vestuario,Buzo,1,15000,4301
7866,863,2023-12-30,Electrodomesticos,Purificador,1,71403,9941
7865,863,2024-01-22,Deportes,Bicicleta,3,184825,57278
7862,863,2024-03-11,Hogar,Mesa,1,90179,22383
7864,863,2024-03-29,Electrodomesticos,Horno,1,94361,16342
7860,863,2024-06-06,Hogar,Termo,1,125512,38802
7859,863,2024-11-12,Vestuario,Gorro,1,74426,25710
7867,864,2024-08-13,Hogar,Termo,1,115021,36975
7869,864,2024-11-06,Vestuario,Camisa,1,43679,10040
7871,864,2024-12-24,Tecnologia,Smartphone,1,246009,41242
7872,864,2024-12-24,Vestuario,Jeans,3,129483,36131
7868,864,2024-12-26,Hogar,Sofa,1,89240,27420
7870,864,2024-12-31,Deportes,Short,1,54070,15217
7873,865,2023-01-19,Hogar,Lampara,3,289144,86919
7875,865,2023-01-20,Electrodomesticos,Licuadora,2,520341,96016
7878,865,2023-01-24,Hogar,Alfombra,1,101098,24407
7874,865,2023-02-24,Vestuario,Buzo,1,12541,4394
7880,865,2023-03-06,Electrodomesticos,Refrigerador,3,744925,115512
7876,865,2023-04-03,Deportes,Balon,2,131679,43517
7877,865,2023-04-26,Vestuario,Buzo,3,159305,64660
7879,865,2023-05-17,Vestuario,Calcetines,2,58864,20171
7881,866,2024-04-29,Electrodomesticos,Aspiradora,3,846417,138816
7885,866,2024-05-05,Tecnologia,Teclado,2,194059,38938
7887,866,2024-05-22,Deportes,Botella,2,86097,22862
7886,866,2024-06-19,Hogar,Termo,1,31500,7275
7882,866,2024-08-17,Electrodomesticos,Secadora,1,224911,44474
7884,866,2024-12-26,Deportes,Raqueta,1,105924,30428
7883,866,2024-12-31,Deportes,Balon,2,165347,49828
7888,867,2023-06-27,Electrodomesticos,Refrigerador,1,65068,8199
7890,867,2023-07-23,Vestuario,Vestido,1,45644,14795
7894,867,2023-08-08,Deportes,Casco,1,43756,11798
7891,867,2023-09-01,Vestuario,Camisa,1,32235,8361
7893,867,2023-11-11,Electrodomesticos,Lavadora,4,933688,142550
7889,867,2023-12-07,Hogar,Lampara,1,145211,41366
7892,867,2023-12-16,Tecnologia,Notebook,1,124773,23586
7895,868,2023-10-26,Deportes,Guantes,1,83658,27628
7902,868,2023-10-27,Vestuario,Polera,1,58258,24671
7897,868,2023-11-11,Electrodomesticos,Secadora,3,235512,36225
7901,868,2023-12-31,Tecnologia,Smartwatch,1,398643,75877
7899,868,2024-01-10,Deportes,Pesas,5,122500,38227
7896,868,2024-01-14,Tecnologia,Teclado,1,82194,15508
7900,868,2024-03-24,Vestuario,Polera,4,298882,90778
7898,868,2024-08-27,Hogar,Sofa,3,446650,119888
7903,869,2024-07-01,Vestuario,Chaqueta,3,109266,32181
7906,869,2024-07-19,Vestuario,Camisa,1,15079,4459
7905,869,2024-08-03,Tecnologia,Router,2,449807,81407
7912,869,2024-08-08,Electrodomesticos,Aspiradora,2,498282,85519
7911,869,2024-08-16,Deportes,Balon,1,46054,15682
7908,869,2024-09-21,Tecnologia,Monitor,1,128345,26135
7909,869,2024-10-24,Hogar,Cortinas,1,105940,37872
7913,869,2024-10-24,Tecnologia,Impresora,1,195002,36792
7904,869,2024-10-27,Vestuario,Calcetines,2,97237,32744
7907,869,2024-11-14,Tecnologia,Impresora,2,259881,55339
7910,869,2024-12-27,Electrodomesticos,Microondas,3,700017,101278
7914,870,2023-02-24,Tecnologia,Monitor,2,533804,97690
7917,870,2023-02-26,Tecnologia,Tablet,2,405809,79706
7916,870,2023-03-09,Tecnologia,Notebook,2,345476,57087
7919,870,2023-06-05,Vestuario,Vestido,1,44334,15522
7915,870,2023-06-17,Hogar,Mesa,3,231065,64827
7918,870,2023-09-13,Tecnologia,Smartphone,2,176355,27282
7920,870,2024-04-09,Deportes,Short,1,50810,13687
7921,871,2023-09-09,Deportes,Bicicleta,2,182415,50759
7926,871,2023-09-24,Vestuario,Camisa,1,21962,7476
7925,871,2023-10-16,Hogar,Cortinas,3,221519,57549
7927,871,2023-10-26,Vestuario,Calcetines,2,166434,62243
7931,871,2023-10-31,Tecnologia,Smartwatch,2,471130,84805
7929,871,2023-11-01,Electrodomesticos,Cocina,1,264102,47359
7924,871,2023-11-17,Vestuario,Vestido,1,20487,6861
7932,871,2023-12-21,Tecnologia,Tablet,2,443949,80518
7928,871,2024-02-14,Vestuario,Zapatillas,1,38198,12947
7922,871,2024-03-13,Vestuario,Polera,2,35169,10745
7930,871,2024-04-25,Tecnologia,Smartwatch,3,704634,124837
7923,871,2024-05-21,Deportes,Poleron,1,24500,7736
7933,872,2022-04-29,Hogar,Lampara,1,114698,33033
7939,872,2022-04-30,Tecnologia,Audifonos,3,520800,82152
7936,872,2022-05-06,Tecnologia,Smartphone,2,418496,82436
7935,872,2022-05-07,Vestuario,Buzo,2,96957,33432
7934,872,2022-06-04,Hogar,Sofa,1,95868,29192
7940,872,2022-08-04,Hogar,Termo,1,41008,13836
7937,872,2022-08-19,Deportes,Colchoneta,3,194491,55192
7938,872,2022-11-27,Hogar,Cortinas,1,96387,20925
7941,873,2022-10-11,Electrodomesticos,Cocina,1,139099,22411
7942,873,2022-10-25,Tecnologia,Monitor,2,501830,110715
7951,873,2022-10-25,Vestuario,Zapatillas,1,25045,8612
7947,873,2022-12-29,Hogar,Alfombra,1,99991,25836
7943,873,2023-01-24,Electrodomesticos,Lavadora,1,98892,18093
7945,873,2023-01-24,Tecnologia,Smartphone,1,282634,61352
7946,873,2023-02-04,Deportes,Bicicleta,1,95112,32321
7949,873,2023-03-05,Electrodomesticos,Licuadora,3,310821,63707
7944,873,2023-04-20,Deportes,Casco,2,246443,69198
7950,873,2023-04-30,Hogar,Cafetera,5,642152,198339
7948,873,2023-05-18,Hogar,Hervidor,1,99146,22297
7952,874,2024-06-14,Hogar,Lampara,2,234993,60413
7953,874,2024-06-19,Deportes,Poleron,1,78588,27496
7956,874,2024-06-22,Hogar,Alfombra,1,109000,30833
7958,874,2024-06-25,Tecnologia,Notebook,2,278708,55932
7957,874,2024-07-13,Vestuario,Zapatillas,2,113421,41352
7954,874,2024-11-08,Vestuario,Gorro,1,26108,9505
7955,874,2024-11-09,Vestuario,Jeans,1,49084,15742
7959,875,2023-04-18,Deportes,Raqueta,1,70769,23345
7960,875,2023-05-04,Tecnologia,Smartwatch,5,1252615,284662
7961,875,2023-05-23,Tecnologia,Mouse,1,213149,38480
7962,875,2023-06-12,Tecnologia,Audifonos,2,287408,57718
7963,875,2023-07-12,Electrodomesticos,Secadora,2,489262,92928
7964,875,2023-09-21,Tecnologia,Mouse,1,217423,49408
7966,875,2023-10-26,Tecnologia,Impresora,1,221707,45509
7965,875,2023-12-02,Electrodomesticos,Licuadora,1,242200,41563
7967,876,2024-07-19,Hogar,Lampara,1,68414,17014
7970,876,2024-08-06,Hogar,Mesa,2,231556,78828
7972,876,2024-08-28,Electrodomesticos,Lavadora,3,653898,117642
7969,876,2024-09-12,Deportes,Colchoneta,2,129373,47216
7977,876,2024-10-05,Deportes,Guantes,1,95281,25596
7974,876,2024-11-05,Hogar,Organizador,4,433892,96048
7968,876,2024-11-16,Deportes,Raqueta,1,40014,9485
7971,876,2024-12-11,Deportes,Colchoneta,5,443244,128509
7973,876,2024-12-26,Deportes,Bicicleta,1,49074,13549
7975,876,2024-12-29,Vestuario,Calcetines,1,64092,22652
7976,876,2024-12-29,Deportes,Balon,1,94805,25568
7978,877,2023-10-28,Deportes,Balon,2,118992,35748
7984,877,2023-11-14,Vestuario,Buzo,3,72596,24874
7982,877,2023-12-05,Electrodomesticos,Plancha,1,116417,20991
7980,877,2023-12-20,Hogar,Alfombra,2,208348,51941
7983,877,2024-01-18,Hogar,Lampara,2,259430,82095
7979,877,2024-03-03,Tecnologia,Smartphone,1,360419,75096
7986,877,2024-04-13,Deportes,Guantes,1,100106,29571
7981,877,2024-04-20,Electrodomesticos,Plancha,1,74736,17075
7985,877,2024-07-06,Vestuario,Jeans,1,29522,10856
7987,878,2023-06-16,Vestuario,Calcetines,2,134783,48101
7993,878,2023-06-18,Hogar,Silla,1,64931,18577
7989,878,2023-07-14,Tecnologia,Notebook,1,296780,58377
7994,878,2023-07-14,Vestuario,Buzo,1,46269,17875
7996,878,2023-08-11,Hogar,Sofa,2,230518,76606
7988,878,2023-08-24,Electrodomesticos,Refrigerador,2,363165,67969
7991,878,2023-08-27,Hogar,Sofa,1,41316,9506
7990,878,2023-09-07,Tecnologia,Monitor,2,232113,39810
7995,878,2023-09-17,Vestuario,Polera,4,113662,37540
7992,878,2023-10-17,Hogar,Alfombra,1,112129,33707
7997,879,2024-09-23,Hogar,Cortinas,2,213935,58297
8004,879,2024-10-11,Deportes,Balon,1,59723,15561
8001,879,2024-10-18,Electrodomesticos,Lavadora,2,426620,78541
8000,879,2024-10-21,Deportes,Bicicleta,2,241124,64497
8002,879,2024-10-24,Electrodomesticos,Refrigerador,1,187843,39955
7998,879,2024-12-27,Tecnologia,Impresora,1,285273,49268
7999,879,2024-12-28,Vestuario,Calcetines,1,73673,22862
8005,879,2024-12-28,Deportes,Colchoneta,1,92768,25211
8006,879,2024-12-28,Hogar,Organizador,3,420967,135244
8003,879,2024-12-29,Electrodomesticos,Aspiradora,3,648023,97468
8007,880,2023-05-17,Hogar,Mesa,1,113085,30233
8021,880,2023-05-17,Tecnologia,Audifonos,2,283134,59260
8012,880,2023-06-01,Deportes,Botella,2,158677,51863
8020,880,2023-06-03,Deportes,Poleron,2,120576,38446
8017,880,2023-06-06,Vestuario,Polera,1,54125,23010
8015,880,2023-06-07,Tecnologia,Smartwatch,2,358765,75622
8019,880,2023-06-30,Electrodomesticos,Aspiradora,1,181478,29943
8016,880,2023-07-10,Electrodomesticos,Licuadora,1,164754,31088
8010,880,2023-07-31,Deportes,Guantes,1,80306,27811
8008,880,2023-09-06,Electrodomesticos,Purificador,3,189000,32286
8013,880,2023-10-05,Deportes,Balon,1,93777,31069
8018,880,2023-10-29,Hogar,Sofa,1,76825,24731
8009,880,2023-11-07,Hogar,Organizador,2,135933,35125
8011,880,2023-12-04,Deportes,Casco,1,69006,18798
8014,880,2024-07-18,Deportes,Casco,1,72800,22271
8022,881,2023-03-31,Vestuario,Calcetines,1,23148,8705
8026,881,2023-04-09,Vestuario,Chaqueta,2,83295,28100
8023,881,2023-06-17,Electrodomesticos,Lavadora,4,390676,72181
8027,881,2023-06-30,Electrodomesticos,Secadora,1,96241,21426
8025,881,2023-07-05,Deportes,Colchoneta,1,73855,21082
8024,881,2023-11-10,Tecnologia,Impresora,1,386353,70887
8028,882,2022-09-11,Vestuario,Gorro,2,61465,21680
8030,882,2022-09-22,Tecnologia,Notebook,2,279248,46119
8029,882,2022-10-04,Deportes,Bicicleta,2,103532,37965
8032,882,2022-11-01,Deportes,Poleron,3,211540,64156
8031,882,2023-02-20,Hogar,Alfombra,1,104072,23285
8033,883,2022-12-08,Vestuario,Calcetines,1,43389,13553
8038,883,2022-12-27,Hogar,Silla,3,218397,70334
8034,883,2022-12-30,Vestuario,Calcetines,1,25140,9449
8041,883,2023-01-14,Tecnologia,Teclado,4,869640,183023
8036,883,2023-01-15,Electrodomesticos,Lavadora,1,257173,46487
8039,883,2023-01-25,Deportes,Poleron,4,217843,73440
8037,883,2023-02-12,Deportes,Raqueta,2,87343,29127
8035,883,2023-04-16,Hogar,Lampara,1,83143,21142
8040,883,2023-08-17,Vestuario,Pantalon,1,28016,9731
8042,884,2024-06-22,Electrodomesticos,Secadora,2,331475,70543
8051,884,2024-06-23,Vestuario,Buzo,2,94859,32485
8054,884,2024-06-25,Electrodomesticos,Cocina,2,585367,111169
8043,884,2024-06-30,Deportes,Bicicleta,2,72064,25162
8045,884,2024-07-04,Hogar,Organizador,1,136659,33063
8052,884,2024-07-08,Hogar,Hervidor,3,163408,37100
8050,884,2024-07-13,Tecnologia,Monitor,2,323960,58533
8048,884,2024-07-23,Tecnologia,Mouse,1,194098,42580
8047,884,2024-08-11,Deportes,Short,1,92000,25975
8049,884,2024-08-13,Vestuario,Calcetines,3,100759,31776
8044,884,2024-12-21,Tecnologia,Smartphone,2,198536,33064
8046,884,2024-12-22,Hogar,Alfombra,2,184394,44808
8053,884,2024-12-23,Hogar,Sofa,1,77108,20176
8055,885,2022-03-22,Vestuario,Calcetines,1,57551,19436
8058,885,2022-03-29,Vestuario,Camisa,4,128085,33703
8059,885,2022-04-18,Hogar,Termo,2,236908,66418
8060,885,2022-05-04,Tecnologia,Smartwatch,2,641944,132665
8056,885,2022-05-05,Hogar,Cortinas,1,110014,27082
8057,885,2022-05-15,Vestuario,Zapatillas,1,56573,20915
8066,885,2022-05-25,Electrodomesticos,Purificador,3,483835,85682
8063,885,2022-06-13,Electrodomesticos,Plancha,1,122309,20931
8067,885,2022-06-17,Electrodomesticos,Licuadora,1,107704,16090
8061,885,2022-08-25,Deportes,Colchoneta,1,84522,29041
8064,885,2022-10-21,Tecnologia,Mouse,4,1227851,253276
8065,885,2022-10-25,Electrodomesticos,Secadora,1,189629,35257
8062,885,2022-10-31,Deportes,Colchoneta,1,61882,18686
8068,886,2023-08-09,Vestuario,Polera,1,35982,11136
8074,886,2023-09-17,Deportes,Poleron,2,140439,47432
8073,886,2023-12-29,Electrodomesticos,Secadora,1,122359,18446
8072,886,2024-02-26,Electrodomesticos,Horno,1,288361,44958
8071,886,2024-03-30,Vestuario,Jeans,2,95400,35830
8070,886,2024-06-01,Vestuario,Gorro,1,27176,9538
8069,886,2024-11-30,Hogar,Lampara,1,101604,22401
8075,887,2023-06-01,Deportes,Guantes,1,67727,16750
8082,887,2023-06-04,Vestuario,Vestido,1,43502,13517
8076,887,2023-06-22,Deportes,Balon,3,195352,61755
8085,887,2023-06-22,Deportes,Guantes,2,158757,50737
8077,887,2023-07-13,Vestuario,Vestido,4,267784,86743
8084,887,2023-07-22,Deportes,Pesas,3,159539,43962
8086,887,2023-07-28,Hogar,Silla,1,96155,25271
8081,887,2023-09-26,Deportes,Balon,1,24500,6139
8083,887,2023-10-14,Tecnologia,Tablet,2,423741,108438
8080,887,2023-11-12,Electrodomesticos,Refrigerador,1,222584,37189
8078,887,2024-01-15,Vestuario,Polera,5,159277,45042
8079,887,2024-04-18,Vestuario,Pantalon,4,166646,47568
8087,888,2023-09-13,Deportes,Pesas,1,58498,16504
8092,888,2023-09-23,Hogar,Cortinas,1,79107,22810
8090,888,2023-10-02,Hogar,Cafetera,3,188795,48437
8088,888,2023-10-04,Tecnologia,Router,4,457375,86346
8091,888,2023-10-18,Deportes,Short,1,79333,22537
8095,888,2023-10-24,Vestuario,Chaqueta,3,42467,17855
8093,888,2023-11-16,Tecnologia,Smartphone,3,1273710,203170
8094,888,2024-01-03,Hogar,Hervidor,3,205555,57827
8089,888,2024-04-27,Vestuario,Camisa,1,23810,8545
8096,889,2022-05-12,Vestuario,Polera,1,61280,17630
8099,889,2022-05-26,Vestuario,Jeans,3,80637,22616
8097,889,2022-09-27,Electrodomesticos,Aspiradora,1,136792,28906
8098,889,2023-01-20,Tecnologia,Smartwatch,4,575308,146403
8100,890,2023-01-04,Tecnologia,Tablet,1,175201,34546
8105,890,2023-01-08,Deportes,Guantes,2,88447,28184
8113,890,2023-01-10,Vestuario,Polera,1,39930,13269
8108,890,2023-01-22,Vestuario,Gorro,1,83668,27032
8110,890,2023-02-01,Tecnologia,Tablet,1,332889,61468
8112,890,2023-02-15,Deportes,Colchoneta,1,31718,10157
8107,890,2023-02-25,Electrodomesticos,Cocina,4,343546,71121
8111,890,2023-03-17,Hogar,Alfombra,2,198006,69717
8103,890,2023-03-21,Hogar,Termo,3,158739,50275
8102,890,2023-04-13,Hogar,Cortinas,2,187431,52630
8109,890,2023-04-16,Tecnologia,Teclado,2,531644,105096
8101,890,2023-05-10,Vestuario,Camisa,1,28949,10073
8104,890,2023-06-06,Deportes,Casco,2,230274,72357
8106,890,2023-08-20,Electrodomesticos,Cocina,1,63000,11099
8114,890,2023-10-05,Vestuario,Calcetines,3,265964,104626
8115,891,2023-10-23,Hogar,Hervidor,2,155729,37936
8116,891,2023-11-05,Electrodomesticos,Secadora,2,377354,68714
8119,891,2023-11-09,Deportes,Short,1,50906,16709
8122,891,2023-11-11,Vestuario,Buzo,3,233073,84944
8120,891,2023-12-23,Vestuario,Camisa,1,75840,20669
8121,891,2023-12-27,Deportes,Poleron,3,205361,46526
8118,891,2024-03-23,Electrodomesticos,Purificador,1,250001,53250
8117,891,2024-06-24,Vestuario,Vestido,4,178756,63680
8123,892,2023-08-12,Deportes,Casco,1,83458,31597
8126,892,2023-10-21,Tecnologia,Mouse,3,723896,194546
8124,892,2023-10-27,Hogar,Hervidor,3,228084,45600
8125,892,2023-12-22,Tecnologia,Smartphone,4,865171,182844
8127,892,2024-01-07,Vestuario,Camisa,2,68733,27730
8128,893,2024-08-21,Tecnologia,Router,3,231000,43522
8134,893,2024-09-05,Vestuario,Gorro,1,67497,25004
8129,893,2024-09-12,Hogar,Termo,3,318373,93210
8130,893,2024-10-11,Vestuario,Camisa,3,39061,15643
8135,893,2024-11-11,Deportes,Short,1,82951,24667
8132,893,2024-12-23,Hogar,Organizador,3,233958,64679
8133,893,2024-12-24,Hogar,Silla,1,130663,30401
8131,893,2024-12-28,Electrodomesticos,Lavadora,2,243130,44281
8136,894,2023-10-31,Deportes,Pesas,2,163082,58887
8138,894,2023-11-11,Deportes,Botella,1,76717,22390
8142,894,2023-12-11,Hogar,Silla,3,315679,96234
8143,894,2024-01-01,Electrodomesticos,Cocina,2,426238,74179
8137,894,2024-01-31,Electrodomesticos,Aspiradora,3,366887,67871
8139,894,2024-04-13,Vestuario,Jeans,3,169618,77270
8140,894,2024-08-16,Deportes,Botella,1,97234,28731
8141,894,2024-08-17,Vestuario,Vestido,1,38491,11644
8144,895,2023-02-16,Tecnologia,Audifonos,1,233000,41607
8154,895,2023-02-19,Hogar,Hervidor,2,155716,43107
8151,895,2023-03-09,Electrodomesticos,Lavadora,2,447804,92205
8147,895,2023-03-23,Electrodomesticos,Lavadora,1,242900,37342
8148,895,2023-04-08,Deportes,Balon,1,72431,22637
8145,895,2023-04-13,Hogar,Organizador,1,117846,30240
8149,895,2023-06-02,Hogar,Cafetera,1,87920,20611
8153,895,2023-06-29,Hogar,Cafetera,2,245606,63843
8152,895,2023-07-20,Deportes,Colchoneta,4,137286,35031
8150,895,2023-11-21,Deportes,Botella,1,92230,30382
8146,895,2023-12-04,Hogar,Organizador,2,198854,56311
8155,896,2022-08-26,Hogar,Cafetera,2,86661,25093
8160,896,2022-09-30,Electrodomesticos,Horno,2,276434,52664
8156,896,2022-11-15,Electrodomesticos,Secadora,1,167895,23440
8157,896,2022-12-05,Vestuario,Pantalon,1,36688,11756
8161,896,2022-12-25,Deportes,Guantes,2,94801,32283
8159,896,2023-04-25,Tecnologia,Audifonos,1,315412,65929
8158,896,2023-07-28,Tecnologia,Smartwatch,1,240330,57610
8162,897,2023-01-31,Deportes,Raqueta,1,59770,20813
8164,897,2023-04-02,Vestuario,Chaqueta,2,105318,37973
8168,897,2023-04-10,Deportes,Botella,3,143241,48840
8165,897,2023-05-31,Tecnologia,Teclado,4,766060,159314
8166,897,2023-11-09,Electrodomesticos,Purificador,1,234703,44621
8167,897,2024-01-27,Deportes,Balon,2,173936,44072
8163,897,2024-08-07,Tecnologia,Smartwatch,1,259637,54584
8169,898,2024-12-17,Electrodomesticos,Plancha,2,556582,84859
8172,898,2024-12-19,Tecnologia,Router,1,229612,46862
8171,898,2024-12-24,Electrodomesticos,Lavadora,1,209012,34719
8175,898,2024-12-24,Deportes,Raqueta,4,211032,59029
8176,898,2024-12-24,Hogar,Organizador,1,104084,27853
8180,898,2024-12-26,Tecnologia,Tablet,1,380782,75680
8173,898,2024-12-27,Deportes,Botella,1,87946,22654
8177,898,2024-12-27,Electrodomesticos,Horno,5,1142947,183276
8179,898,2024-12-27,Vestuario,Jeans,2,94820,27915
8170,898,2024-12-28,Electrodomesticos,Cocina,1,137783,27163
8174,898,2024-12-28,Hogar,Organizador,1,50959,12943
8181,898,2024-12-28,Deportes,Guantes,1,76256,22939
8178,898,2024-12-31,Hogar,Mesa,2,221643,56864
8182,899,2023-01-13,Vestuario,Zapatillas,1,22079,7119
8186,899,2023-01-17,Hogar,Organizador,1,140320,33492
8187,899,2023-01-19,Electrodomesticos,Licuadora,2,182547,31782
8185,899,2023-03-29,Hogar,Cafetera,2,192669,51347
8184,899,2023-04-15,Electrodomesticos,Aspiradora,2,173664,33534
8183,899,2023-05-26,Vestuario,Gorro,3,85049,34259
8188,900,2024-09-19,Tecnologia,Notebook,2,524792,110063
8190,900,2024-10-19,Electrodomesticos,Aspiradora,1,230268,50802
8189,900,2024-12-22,Vestuario,Calcetines,1,57916,18087
8192,900,2024-12-22,Hogar,Sofa,1,89013,23225
8191,900,2024-12-26,Tecnologia,Notebook,1,113572,19463
8193,901,2024-02-06,Electrodomesticos,Refrigerador,3,650775,128614
8196,901,2024-02-07,Deportes,Colchoneta,1,60664,15428
8201,901,2024-02-21,Electrodomesticos,Aspiradora,4,502081,95454
8198,901,2024-04-13,Electrodomesticos,Cocina,1,97320,18608
8199,901,2024-05-29,Tecnologia,Impresora,1,174061,32079
8200,901,2024-06-05,Vestuario,Vestido,1,30089,10931
8197,901,2024-06-16,Electrodomesticos,Aspiradora,2,218353,42979
8194,901,2024-10-22,Hogar,Termo,1,107176,24613
8195,901,2024-12-22,Deportes,Casco,1,62245,19703
8202,902,2024-10-21,Hogar,Organizador,2,63000,16701
8206,902,2024-11-28,Electrodomesticos,Licuadora,1,196774,29243
8209,902,2024-12-06,Electrodomesticos,Microondas,1,173454,28736
8203,902,2024-12-22,Vestuario,Vestido,3,59907,20788
8204,902,2024-12-22,Vestuario,Vestido,2,99990,23437
8208,902,2024-12-25,Tecnologia,Tablet,2,349748,51823
8205,902,2024-12-26,Hogar,Termo,1,128383,33101
8207,902,2024-12-30,Hogar,Lampara,3,378590,107382
8217,903,2024-12-21,Hogar,Sofa,2,269157,61283
8210,903,2024-12-22,Hogar,Cafetera,3,158376,37844
8221,903,2024-12-23,Deportes,Pesas,1,136558,26463
8212,903,2024-12-24,Hogar,Cafetera,1,101171,26064
8215,903,2024-12-24,Deportes,Raqueta,2,212397,67391
8219,903,2024-12-24,Tecnologia,Smartphone,1,202481,36624
8216,903,2024-12-25,Deportes,Guantes,2,175866,40806
8211,903,2024-12-26,Tecnologia,Notebook,2,531396,91937
8214,903,2024-12-27,Tecnologia,Router,2,477475,85569
8220,903,2024-12-27,Deportes,Guantes,3,283220,80812
8213,903,2024-12-29,Hogar,Hervidor,3,205755,53054
8218,903,2024-12-31,Tecnologia,Tablet,2,588279,75770
8222,904,2024-08-18,Electrodomesticos,Plancha,3,479024,102801
8228,904,2024-09-04,Electrodomesticos,Purificador,1,239212,49159
8231,904,2024-09-27,Deportes,Short,2,147671,46416
8226,904,2024-10-02,Electrodomesticos,Licuadora,4,949481,150695
8223,904,2024-10-06,Hogar,Mesa,1,52626,16910
8230,904,2024-11-05,Deportes,Botella,3,338418,92179
8225,904,2024-11-22,Electrodomesticos,Cocina,1,244714,45252
8224,904,2024-12-26,Electrodomesticos,Secadora,4,962937,159549
8227,904,2024-12-28,Vestuario,Calcetines,2,40296,12754
8229,904,2024-12-28,Vestuario,Calcetines,1,28959,9009
8232,905,2023-11-04,Tecnologia,Impresora,2,478423,82722
8240,905,2023-11-20,Vestuario,Calcetines,1,60388,20536
8233,905,2023-11-27,Electrodomesticos,Secadora,3,491459,77024
8234,905,2023-12-26,Vestuario,Chaqueta,1,53190,17254
8238,905,2023-12-26,Deportes,Casco,2,200571,60360
8239,905,2023-12-30,Deportes,Pesas,1,85528,26062
8241,905,2024-03-07,Electrodomesticos,Microondas,1,166380,28565
8235,905,2024-03-30,Hogar,Organizador,2,162109,47671
8236,905,2024-05-06,Tecnologia,Router,1,129909,24882
8237,905,2024-05-22,Vestuario,Vestido,1,18489,6740
8242,906,2023-04-07,Electrodomesticos,Licuadora,3,642985,100596
8245,906,2023-04-17,Tecnologia,Teclado,1,205313,35090
8243,906,2023-04-20,Tecnologia,Router,4,1129979,261857
8247,906,2023-04-29,Tecnologia,Smartphone,1,215635,44035
8250,906,2023-05-12,Deportes,Pesas,4,288458,60576
8246,906,2023-06-02,Tecnologia,Impresora,1,285618,57575
8252,906,2023-08-03,Vestuario,Camisa,4,178410,55472
8251,906,2023-08-31,Tecnologia,Teclado,1,195689,52651
8249,906,2023-11-13,Electrodomesticos,Horno,2,197161,37254
8248,906,2023-12-05,Vestuario,Camisa,1,50480,18363
8244,906,2024-02-20,Electrodomesticos,Purificador,1,113079,15799
8253,907,2023-05-15,Deportes,Guantes,1,71438,21649
8259,907,2023-06-24,Deportes,Poleron,1,78918,25719
8256,907,2023-06-29,Deportes,Colchoneta,1,65141,22876
8260,907,2023-08-07,Vestuario,Camisa,1,24513,8957
8257,907,2023-08-20,Electrodomesticos,Cocina,1,255388,38185
8254,907,2023-09-19,Hogar,Hervidor,1,131997,36037
8261,907,2023-10-11,Vestuario,Jeans,2,104739,36188
8255,907,2023-10-19,Vestuario,Calcetines,1,61876,19729
8258,907,2024-01-07,Vestuario,Vestido,1,15899,5670
8262,908,2022-02-26,Tecnologia,Router,1,95004,21441
8274,908,2022-03-05,Vestuario,Buzo,2,61945,21712
8263,908,2022-03-12,Tecnologia,Smartphone,1,243948,41994
8264,908,2022-03-18,Tecnologia,Notebook,4,567213,124356
8271,908,2022-04-07,Tecnologia,Audifonos,1,253436,61152
8268,908,2022-05-09,Hogar,Cortinas,2,189574,56550
8270,908,2022-05-16,Tecnologia,Monitor,2,401885,85927
8266,908,2022-05-26,Deportes,Bicicleta,3,212414,60515
8273,908,2022-05-31,Vestuario,Chaqueta,1,62560,23688
8272,908,2022-10-02,Vestuario,Zapatillas,1,31868,10038
8267,908,2022-10-14,Tecnologia,Notebook,1,226364,48292
8269,908,2022-10-27,Electrodomesticos,Microondas,3,382626,64525
8265,908,2023-12-22,Tecnologia,Router,2,478260,71085
8275,909,2023-04-03,Deportes,Guantes,2,108838,30156
8278,909,2023-04-09,Electrodomesticos,Cocina,2,392671,59578
8280,909,2023-06-12,Deportes,Balon,2,210754,58959
8276,909,2023-09-16,Hogar,Lampara,1,88001,27287
8277,909,2023-09-26,Deportes,Casco,1,63792,19512
8281,909,2023-12-14,Tecnologia,Impresora,1,213873,35368
8279,909,2024-01-06,Deportes,Guantes,1,64030,18785
8282,910,2024-07-21,Tecnologia,Router,1,290314,42741
8290,910,2024-09-10,Tecnologia,Audifonos,1,144474,24345
8289,910,2024-10-07,Deportes,Bicicleta,4,280750,76943
8283,910,2024-10-23,Deportes,Colchoneta,1,79287,25898
8284,910,2024-11-13,Electrodomesticos,Lavadora,5,848013,158232
8285,910,2024-12-10,Deportes,Raqueta,4,147544,46864
8286,910,2024-12-13,Hogar,Termo,1,87911,19408
8288,910,2024-12-25,Hogar,Cortinas,3,218579,64693
8287,910,2024-12-29,Vestuario,Vestido,1,57720,20729
8291,911,2024-03-04,Electrodomesticos,Secadora,1,162653,32679
8293,911,2024-03-05,Tecnologia,Tablet,1,185179,33941
8297,911,2024-03-29,Deportes,Bicicleta,2,115828,38192
8296,911,2024-04-16,Deportes,Guantes,2,95705,32771
8294,911,2024-05-15,Tecnologia,Smartwatch,1,218356,44643
8295,911,2024-12-01,Electrodomesticos,Lavadora,2,294924,49110
8292,911,2024-12-24,Deportes,Balon,1,83795,24779
8298,912,2022-11-28,Tecnologia,Router,1,232588,36107
8304,912,2022-12-05,Deportes,Colchoneta,2,86184,25624
8303,912,2022-12-13,Hogar,Alfombra,1,84450,20095
8300,912,2023-01-13,Electrodomesticos,Microondas,4,494282,86507
8305,912,2023-02-20,Vestuario,Chaqueta,2,108796,37325
8302,912,2023-04-15,Electrodomesticos,Microondas,1,237037,51048
8299,912,2023-05-01,Electrodomesticos,Lavadora,2,432551,93162
8301,912,2023-08-10,Vestuario,Jeans,1,28951,9584
8306,913,2022-03-03,Hogar,Alfombra,3,137870,43248
8311,913,2022-03-11,Vestuario,Chaqueta,2,32115,11910
8312,913,2022-03-25,Electrodomesticos,Purificador,1,175237,32510
8308,913,2022-04-09,Vestuario,Vestido,6,238553,91490
8307,913,2022-04-17,Hogar,Alfombra,2,193354,54255
8309,913,2022-04-26,Vestuario,Chaqueta,1,47592,18319
8310,913,2022-07-08,Hogar,Cortinas,1,92011,23111
8313,914,2024-08-21,Electrodomesticos,Microondas,1,198541,34733
8314,914,2024-12-24,Vestuario,Calcetines,3,176553,61854
8316,914,2024-12-24,Tecnologia,Impresora,1,357073,52745
8315,914,2024-12-26,Tecnologia,Router,2,681983,114813
8317,915,2022-09-07,Tecnologia,Smartphone,2,338205,72145
8321,915,2022-09-20,Hogar,Sofa,2,203118,62902
8322,915,2022-10-24,Deportes,Pesas,1,117071,31297
8318,915,2022-10-27,Tecnologia,Impresora,1,278635,49178
8323,915,2022-10-27,Vestuario,Polera,1,43235,13414
8329,915,2022-12-04,Vestuario,Gorro,1,28921,9156
8319,915,2022-12-06,Electrodomesticos,Refrigerador,1,168523,27402
8330,915,2022-12-07,Hogar,Hervidor,1,95389,26152
8324,915,2022-12-11,Vestuario,Chaqueta,2,150029,52635
8326,915,2023-01-06,Deportes,Pesas,2,102976,34120
8328,915,2023-01-26,Electrodomesticos,Licuadora,4,710510,134612
8325,915,2023-03-06,Vestuario,Chaqueta,2,116137,38709
8320,915,2023-07-03,Deportes,Balon,1,71974,21580
8327,915,2023-07-09,Tecnologia,Smartwatch,1,185431,32989
8331,916,2022-08-05,Tecnologia,Smartwatch,2,442871,87998
8339,916,2022-08-11,Vestuario,Vestido,1,72156,33464
8336,916,2022-08-17,Tecnologia,Mouse,1,284956,61927
8334,916,2022-10-24,Deportes,Guantes,1,83041,27178
8338,916,2022-11-02,Electrodomesticos,Cocina,1,86955,14786
8340,916,2022-11-02,Electrodomesticos,Horno,2,517435,72426
8332,916,2022-11-10,Tecnologia,Mouse,1,314298,60455
8337,916,2022-12-29,Hogar,Cafetera,1,36593,9453
8341,916,2023-02-04,Hogar,Cafetera,2,82409,18486
8335,916,2023-04-11,Hogar,Organizador,2,302373,70192
8333,916,2023-08-17,Deportes,Botella,1,94356,23492
8342,917,2023-02-07,Electrodomesticos,Aspiradora,1,240229,47023
8350,917,2023-02-08,Hogar,Sofa,3,130971,36481
8347,917,2023-02-22,Electrodomesticos,Microondas,1,206815,39738
8343,917,2023-02-23,Deportes,Poleron,1,62686,17589
8348,917,2023-03-09,Deportes,Colchoneta,3,167121,46833
8349,917,2023-04-14,Hogar,Cafetera,1,130678,44891
8346,917,2023-04-18,Hogar,Termo,1,63411,17695
8345,917,2023-04-26,Electrodomesticos,Cocina,2,358062,51907
8344,917,2024-03-23,Tecnologia,Mouse,4,1092722,229745
8351,918,2024-06-01,Deportes,Bicicleta,1,107651,31213
8354,918,2024-06-09,Hogar,Hervidor,1,151310,41108
8357,918,2024-06-10,Deportes,Casco,1,97356,29379
8355,918,2024-06-11,Tecnologia,Audifonos,1,267798,55779
8360,918,2024-07-04,Electrodomesticos,Plancha,3,785003,124921
8353,918,2024-07-16,Deportes,Pesas,2,167124,60762
8356,918,2024-07-18,Tecnologia,Router,1,276978,58442
8358,918,2024-08-16,Tecnologia,Audifonos,1,332936,73843
8352,918,2024-10-27,Electrodomesticos,Purificador,3,324373,56667
8359,918,2024-10-30,Vestuario,Zapatillas,1,27130,10632
8361,919,2023-11-16,Electrodomesticos,Licuadora,1,185239,29037
8365,919,2023-11-22,Deportes,Poleron,1,90159,24532
8367,919,2023-12-06,Electrodomesticos,Refrigerador,1,176235,22408
8368,919,2023-12-06,Deportes,Balon,2,194069,52860
8362,919,2024-01-24,Vestuario,Zapatillas,1,35875,10728
8364,919,2024-02-04,Electrodomesticos,Microondas,3,766239,131566
8370,919,2024-02-15,Hogar,Termo,2,261621,71622
8363,919,2024-04-16,Tecnologia,Router,3,506803,97272
8369,919,2024-05-07,Deportes,Botella,2,143659,39871
8371,919,2024-08-29,Electrodomesticos,Purificador,1,226378,38320
8366,919,2024-12-14,Deportes,Bicicleta,3,123139,35301
8372,920,2023-12-04,Tecnologia,Smartphone,1,174525,36021
8383,920,2024-02-02,Vestuario,Pantalon,2,37813,15030
8379,920,2024-02-15,Tecnologia,Tablet,1,77000,13590
8374,920,2024-02-20,Deportes,Casco,2,194070,56808
8380,920,2024-03-25,Deportes,Balon,1,81160,24506
8373,920,2024-05-20,Hogar,Organizador,1,153369,40148
8377,920,2024-05-23,Vestuario,Polera,1,47112,16657
8375,920,2024-06-22,Hogar,Organizador,1,86897,20613
8381,920,2024-08-14,Electrodomesticos,Licuadora,3,804146,138693
8378,920,2024-08-30,Electrodomesticos,Horno,1,159061,25175
8384,920,2024-10-21,Vestuario,Chaqueta,1,15424,5624
8376,920,2024-11-11,Deportes,Balon,1,76526,23740
8382,920,2024-12-29,Hogar,Alfombra,2,271871,83779
8385,921,2024-06-03,Tecnologia,Tablet,1,174894,35472
8392,921,2024-06-14,Deportes,Short,3,192802,65806
8393,921,2024-07-15,Electrodomesticos,Cocina,1,115359,23557
8386,921,2024-07-17,Vestuario,Jeans,1,23945,7714
8387,921,2024-07-21,Deportes,Raqueta,2,217564,74831
8388,921,2024-07-24,Tecnologia,Router,1,371545,86644
8391,921,2024-10-22,Deportes,Pesas,3,199015,55603
8390,921,2024-11-22,Tecnologia,Router,4,897787,144159
8389,921,2024-12-22,Electrodomesticos,Horno,2,337198,47698
8394,922,2023-03-26,Hogar,Cafetera,3,162809,48788
8403,922,2023-05-08,Hogar,Silla,2,270375,80236
8400,922,2023-05-24,Vestuario,Camisa,4,201332,62713
8399,922,2023-05-29,Deportes,Colchoneta,3,262438,87508
8397,922,2023-07-02,Electrodomesticos,Purificador,3,389469,61776
8396,922,2023-07-05,Deportes,Poleron,1,110338,31975
8402,922,2023-07-09,Deportes,Pesas,3,173907,63773
8401,922,2023-08-19,Electrodomesticos,Microondas,2,411226,64325
8395,922,2023-11-18,Vestuario,Polera,4,114180,31737
8398,922,2024-04-04,Deportes,Poleron,1,44118,13168
8404,923,2023-07-19,Vestuario,Vestido,2,49814,17986
8415,923,2023-07-19,Hogar,Hervidor,2,226186,61915
8417,923,2023-07-20,Hogar,Alfombra,3,267391,60204
8411,923,2023-07-28,Vestuario,Zapatillas,2,99682,41262
8406,923,2023-08-16,Electrodomesticos,Microondas,1,174748,31323
8416,923,2023-08-22,Vestuario,Camisa,3,149154,47181
8412,923,2023-10-08,Deportes,Short,1,67641,16921
8410,923,2023-10-13,Deportes,Casco,2,156550,48682
8407,923,2023-12-03,Vestuario,Polera,1,55105,19782
8413,923,2023-12-16,Deportes,Poleron,2,163521,46446
8418,923,2023-12-23,Hogar,Alfombra,2,130763,30981
8409,923,2023-12-28,Hogar,Termo,2,73779,20480
8408,923,2024-06-25,Deportes,Poleron,4,240612,68955
8414,923,2024-07-10,Deportes,Pesas,1,66098,18155
8405,923,2024-11-03,Tecnologia,Teclado,2,465514,93994
8419,924,2024-07-31,Tecnologia,Impresora,4,615753,109776
8423,924,2024-08-16,Electrodomesticos,Refrigerador,1,150813,25532
8422,924,2024-10-03,Electrodomesticos,Microondas,2,264589,56409
8420,924,2024-10-19,Vestuario,Buzo,6,242539,100263
8421,924,2024-10-29,Tecnologia,Teclado,1,130826,27471
8425,924,2024-12-22,Electrodomesticos,Aspiradora,1,161459,26144
8424,924,2024-12-23,Vestuario,Chaqueta,4,145162,49917
8426,925,2023-09-01,Deportes,Botella,1,72955,20150
8430,925,2023-09-03,Electrodomesticos,Purificador,1,165284,33750
8431,925,2023-09-11,Hogar,Cafetera,3,362009,90951
8433,925,2023-09-19,Tecnologia,Smartwatch,3,563795,105707
8432,925,2023-10-02,Hogar,Silla,1,78286,25395
8429,925,2023-10-27,Vestuario,Polera,1,67316,22576
8428,925,2023-11-07,Deportes,Pesas,4,446241,101796
8427,925,2024-01-20,Hogar,Cortinas,3,284233,83285
8434,926,2023-09-22,Deportes,Raqueta,3,178447,56847
8436,926,2023-09-28,Hogar,Cafetera,2,90897,27238
8438,926,2023-10-12,Deportes,Colchoneta,1,95020,23904
8435,926,2023-11-11,Electrodomesticos,Cocina,1,102425,18997
8439,926,2024-02-11,Electrodomesticos,Purificador,1,354343,73184
8437,926,2024-07-02,Tecnologia,Audifonos,3,590885,108978
8440,927,2023-02-23,Hogar,Sofa,1,110387,30465
8446,927,2023-02-26,Deportes,Balon,1,107377,32301
8448,927,2023-04-09,Deportes,Poleron,3,73500,22763
8449,927,2023-04-19,Tecnologia,Audifonos,1,248772,50882
8445,927,2023-05-12,Electrodomesticos,Lavadora,3,225501,39486
8444,927,2023-05-14,Hogar,Hervidor,1,95946,29142
8441,927,2023-05-16,Electrodomesticos,Licuadora,2,473016,91779
8443,927,2023-05-26,Tecnologia,Router,3,724100,158875
8447,927,2023-05-29,Deportes,Bicicleta,3,73500,25774
8450,927,2023-06-01,Electrodomesticos,Cocina,2,400736,64232
8442,927,2023-07-02,Vestuario,Zapatillas,2,84115,31428
8451,928,2024-10-22,Vestuario,Vestido,2,130895,52922
8453,928,2024-10-29,Deportes,Bicicleta,1,47900,14535
8452,928,2024-11-04,Deportes,Guantes,1,95724,28227
8457,928,2024-12-08,Hogar,Mesa,1,58668,17851
8456,928,2024-12-20,Vestuario,Zapatillas,1,22161,7657
8458,928,2024-12-24,Tecnologia,Notebook,1,209335,39489
8459,928,2024-12-26,Deportes,Pesas,1,28510,8239
8454,928,2024-12-27,Electrodomesticos,Horno,2,605607,83616
8455,928,2024-12-29,Deportes,Bicicleta,2,127490,34702
8460,929,2023-04-17,Tecnologia,Notebook,2,410947,75807
8466,929,2023-06-10,Deportes,Colchoneta,3,224792,83540
8468,929,2023-06-17,Tecnologia,Monitor,2,549486,100430
8462,929,2023-06-21,Hogar,Hervidor,1,65151,17423
8461,929,2023-07-01,Hogar,Lampara,1,89036,27483
8463,929,2023-07-05,Deportes,Botella,1,68147,23345
8465,929,2023-08-14,Vestuario,Chaqueta,1,77178,25956
8464,929,2023-11-03,Tecnologia,Mouse,1,270545,56953
8467,929,2023-11-30,Tecnologia,Teclado,1,197144,42211
8469,930,2022-11-04,Electrodomesticos,Secadora,1,273587,51014
8474,930,2022-11-22,Tecnologia,Smartwatch,2,595624,93118
8475,930,2022-11-27,Electrodomesticos,Lavadora,1,233675,45408
8477,930,2022-12-22,Tecnologia,Impresora,2,444425,78193
8470,930,2022-12-25,Electrodomesticos,Plancha,1,202302,32862
8479,930,2023-01-05,Tecnologia,Tablet,2,474776,90760
8476,930,2023-01-14,Hogar,Cortinas,3,404097,100990
8471,930,2023-01-25,Hogar,Hervidor,1,149825,40612
8473,930,2023-02-10,Vestuario,Pantalon,2,99709,33564
8478,930,2023-05-13,Tecnologia,Router,1,211334,40942
8472,930,2023-05-17,Electrodomesticos,Secadora,1,110541,22842
8480,931,2023-02-20,Vestuario,Polera,1,26322,8504
8485,931,2023-03-02,Electrodomesticos,Aspiradora,1,159240,38695
8483,931,2023-03-24,Electrodomesticos,Cocina,2,417039,71266
8481,931,2023-03-28,Vestuario,Polera,1,27271,7902
8488,931,2023-04-19,Tecnologia,Notebook,6,1651475,321521
8487,931,2023-05-29,Electrodomesticos,Cocina,1,245022,49901
8482,931,2023-06-15,Electrodomesticos,Microondas,1,83150,18697
8489,931,2023-06-28,Hogar,Sofa,1,47781,14549
8486,931,2023-07-08,Vestuario,Chaqueta,2,46187,18367
8490,931,2023-09-29,Electrodomesticos,Plancha,2,303905,62998
8484,931,2024-02-24,Hogar,Cafetera,1,85658,23618
8491,932,2023-03-06,Vestuario,Buzo,1,35980,11682
8496,932,2023-03-08,Electrodomesticos,Aspiradora,1,69652,14196
8494,932,2023-03-11,Vestuario,Buzo,4,214483,60283
8498,932,2023-03-16,Hogar,Silla,1,89210,24348
8497,932,2023-03-20,Hogar,Hervidor,1,103877,28955
8499,932,2023-03-21,Tecnologia,Audifonos,2,446421,88768
8502,932,2023-04-18,Tecnologia,Mouse,3,638622,130551
8492,932,2023-04-21,Tecnologia,Monitor,1,151172,26697
8495,932,2023-06-20,Hogar,Organizador,3,251190,67914
8501,932,2023-06-21,Electrodomesticos,Licuadora,4,704488,124086
8503,932,2023-08-17,Vestuario,Jeans,2,87089,33483
8493,932,2024-05-22,Electrodomesticos,Purificador,2,321823,59464
8500,932,2024-07-05,Electrodomesticos,Purificador,1,138209,17414
8504,933,2023-09-29,Deportes,Balon,3,195148,53991
8510,933,2023-11-09,Deportes,Pesas,3,217189,53973
8506,933,2023-11-24,Tecnologia,Smartphone,1,256320,48752
8513,933,2023-12-23,Electrodomesticos,Cocina,1,166084,24137
8508,933,2024-01-06,Hogar,Lampara,1,99886,26589
8507,933,2024-01-25,Hogar,Mesa,2,195065,52314
8512,933,2024-04-07,Deportes,Casco,1,86889,27759
8505,933,2024-04-10,Electrodomesticos,Horno,1,92181,17744
8511,933,2024-05-23,Tecnologia,Impresora,1,311341,58167
8509,933,2024-09-07,Vestuario,Calcetines,5,249882,81957
8514,934,2023-01-30,Electrodomesticos,Horno,1,170608,35193
8519,934,2023-02-22,Deportes,Guantes,2,164232,51673
8517,934,2023-03-01,Deportes,Poleron,1,36450,10780
8516,934,2023-03-12,Deportes,Poleron,2,57732,14468
8522,934,2023-03-23,Hogar,Hervidor,2,167874,48747
8524,934,2023-03-23,Tecnologia,Smartphone,2,600213,109948
8515,934,2023-04-07,Tecnologia,Audifonos,2,584257,110110
8520,934,2023-04-13,Electrodomesticos,Plancha,4,1125992,222483
8521,934,2023-05-11,Tecnologia,Smartwatch,1,200658,35145
8518,934,2023-07-18,Tecnologia,Teclado,3,473694,103093
8523,934,2023-07-18,Tecnologia,Notebook,3,739090,190744
8525,934,2024-11-23,Vestuario,Camisa,1,61350,20265
8526,935,2024-06-08,Vestuario,Buzo,3,147672,48185
8532,935,2024-06-21,Tecnologia,Monitor,1,319475,60820
8530,935,2024-07-06,Electrodomesticos,Secadora,1,147041,32610
8527,935,2024-07-07,Electrodomesticos,Purificador,2,409357,71362
8529,935,2024-07-29,Tecnologia,Notebook,3,1320000,260007
8534,935,2024-07-31,Tecnologia,Teclado,2,445025,93633
8528,935,2024-09-15,Tecnologia,Notebook,1,105366,23978
8533,935,2024-09-20,Hogar,Silla,1,88554,26850
8531,935,2024-10-21,Electrodomesticos,Aspiradora,1,189980,30686
8535,936,2024-09-28,Tecnologia,Smartphone,2,371690,69023
8542,936,2024-09-28,Vestuario,Jeans,1,40112,13249
8540,936,2024-10-07,Deportes,Guantes,2,133663,47521
8541,936,2024-12-07,Deportes,Raqueta,1,42455,9626
8539,936,2024-12-11,Deportes,Raqueta,2,209453,60692
8545,936,2024-12-11,Deportes,Bicicleta,1,44393,12030
8538,936,2024-12-15,Vestuario,Pantalon,2,95923,29146
8544,936,2024-12-24,Deportes,Colchoneta,2,107638,27550
8537,936,2024-12-26,Electrodomesticos,Refrigerador,2,306340,51881
8536,936,2024-12-27,Hogar,Alfombra,1,131576,38056
8543,936,2024-12-29,Vestuario,Calcetines,4,162791,50667
8546,937,2022-03-24,Electrodomesticos,Secadora,1,210233,40044
8547,937,2022-04-04,Tecnologia,Audifonos,1,348531,64825
8548,937,2022-04-17,Deportes,Balon,2,139265,48551
8551,937,2022-04-20,Electrodomesticos,Horno,1,157267,34046
8549,937,2022-07-22,Hogar,Sofa,3,106256,34869
8550,937,2022-12-17,Hogar,Organizador,1,117924,26139
8552,938,2023-08-26,Vestuario,Zapatillas,1,42790,12898
8553,938,2023-10-26,Deportes,Balon,4,369357,115736
8558,938,2023-11-04,Hogar,Hervidor,3,205844,53659
8557,938,2023-11-11,Deportes,Raqueta,1,99986,30611
8559,938,2023-12-12,Vestuario,Pantalon,2,135956,42379
8556,938,2023-12-24,Hogar,Mesa,1,133935,40323
8560,938,2024-01-18,Electrodomesticos,Microondas,3,424139,102149
8555,938,2024-04-06,Hogar,Mesa,1,68628,20632
8554,938,2024-10-12,Vestuario,Jeans,2,161454,62478
8561,939,2023-11-18,Deportes,Balon,1,37534,11683
8562,939,2023-12-05,Electrodomesticos,Microondas,2,517913,96162
8563,939,2023-12-08,Deportes,Colchoneta,5,423031,113594
8564,939,2024-02-06,Hogar,Sofa,1,119038,39130
8565,939,2024-04-10,Deportes,Bicicleta,1,118864,42106
8566,939,2024-04-27,Tecnologia,Impresora,1,127791,27059
8567,940,2023-03-18,Hogar,Hervidor,2,209792,52999
8572,940,2023-04-26,Deportes,Poleron,1,40429,10838
8571,940,2023-05-10,Tecnologia,Monitor,1,231629,52093
8570,940,2023-05-15,Deportes,Colchoneta,1,41201,12762
8573,940,2023-08-01,Vestuario,Camisa,1,20579,7510
8568,940,2023-08-08,Deportes,Poleron,1,111333,42162
8569,940,2023-08-24,Deportes,Botella,2,175430,43016
8574,941,2024-09-25,Hogar,Lampara,1,32256,11166
8581,941,2024-10-06,Hogar,Mesa,1,67917,18622
8583,941,2024-10-26,Tecnologia,Router,3,511176,94621
8582,941,2024-11-10,Electrodomesticos,Aspiradora,1,104016,17976
8577,941,2024-12-15,Deportes,Pesas,1,46197,11597
8575,941,2024-12-21,Vestuario,Buzo,1,56900,19137
8576,941,2024-12-25,Electrodomesticos,Microondas,1,220194,34677
8579,941,2024-12-26,Tecnologia,Audifonos,2,260990,40122
8578,941,2024-12-28,Deportes,Botella,1,96777,22196
8580,941,2024-12-30,Tecnologia,Router,1,143100,28948
8584,942,2023-11-25,Deportes,Short,2,188136,58870
8588,942,2024-01-15,Hogar,Cafetera,1,60905,16158
8590,942,2024-02-10,Vestuario,Zapatillas,4,138934,50088
8585,942,2024-03-04,Tecnologia,Mouse,1,77000,16030
8592,942,2024-05-11,Vestuario,Gorro,1,50956,15179
8591,942,2024-06-16,Deportes,Botella,2,85170,25162
8589,942,2024-07-10,Tecnologia,Router,3,688601,148625
8586,942,2024-07-18,Hogar,Cafetera,2,128670,28331
8587,942,2024-08-29,Tecnologia,Impresora,1,216492,49671
8593,943,2023-02-13,Deportes,Poleron,3,232790,64708
8596,943,2023-03-13,Electrodomesticos,Secadora,2,357171,45508
8595,943,2023-04-23,Electrodomesticos,Refrigerador,3,672475,131254
8597,943,2023-04-27,Electrodomesticos,Horno,1,214177,43773
8594,943,2023-10-09,Electrodomesticos,Purificador,1,126238,20427
8598,944,2024-07-06,Deportes,Balon,2,160192,44528
8599,944,2024-07-17,Vestuario,Camisa,1,43097,16817
8600,944,2024-08-11,Deportes,Bicicleta,1,90795,29576
8601,944,2024-09-14,Hogar,Termo,1,116315,38036
8602,945,2022-03-30,Vestuario,Camisa,2,115283,47775
8605,945,2022-04-17,Hogar,Termo,5,428278,132707
8607,945,2022-05-12,Deportes,Casco,3,223811,72418
8603,945,2022-06-14,Electrodomesticos,Lavadora,1,250092,44704
8604,945,2022-06-25,Hogar,Cafetera,1,61479,15509
8606,945,2022-08-22,Electrodomesticos,Licuadora,1,162745,32041
8608,946,2022-06-19,Vestuario,Calcetines,1,26805,7447
8611,946,2022-07-09,Tecnologia,Tablet,3,512486,97981
8610,946,2022-08-02,Deportes,Raqueta,2,145320,47550
8612,946,2022-12-12,Tecnologia,Smartwatch,2,507715,96913
8609,946,2023-02-06,Deportes,Botella,1,79677,25958
8613,947,2023-01-22,Deportes,Poleron,2,194830,55868
8616,947,2023-01-29,Tecnologia,Monitor,1,174782,36436
8622,947,2023-01-31,Tecnologia,Monitor,1,308074,55709
8614,947,2023-02-09,Tecnologia,Notebook,1,304917,64901
8618,947,2023-03-01,Deportes,Colchoneta,1,45929,14968
8617,947,2023-03-16,Electrodomesticos,Refrigerador,2,385680,63766
8619,947,2023-03-23,Tecnologia,Mouse,1,222600,50624
8621,947,2023-07-06,Electrodomesticos,Cocina,1,147794,25865
8615,947,2023-07-24,Tecnologia,Smartphone,4,576493,111375
8620,947,2023-08-12,Tecnologia,Smartphone,3,576016,114508
8623,948,2024-07-03,Tecnologia,Smartphone,2,345766,76333
8628,948,2024-07-06,Vestuario,Polera,1,37005,15301
8625,948,2024-07-07,Vestuario,Polera,2,156638,57868
8624,948,2024-08-04,Deportes,Poleron,1,105989,30334
8629,948,2024-08-25,Electrodomesticos,Cocina,1,132023,22693
8626,948,2024-09-25,Electrodomesticos,Cocina,1,146306,25881
8630,948,2024-12-23,Tecnologia,Impresora,3,734069,143079
8627,948,2024-12-27,Electrodomesticos,Horno,7,1031327,147786
8631,949,2023-12-10,Tecnologia,Monitor,1,347504,65815
8632,949,2023-12-22,Tecnologia,Router,1,389344,69794
8639,949,2023-12-30,Tecnologia,Monitor,1,366913,80888
8638,949,2024-01-24,Tecnologia,Router,1,274400,44625
8637,949,2024-02-01,Electrodomesticos,Refrigerador,2,240213,44864
8635,949,2024-03-15,Hogar,Cortinas,3,442410,140005
8636,949,2024-04-03,Hogar,Silla,1,61653,12915
8634,949,2024-05-01,Vestuario,Zapatillas,1,26262,8696
8633,949,2024-12-28,Vestuario,Vestido,1,7506,2375
8640,950,2023-05-09,Deportes,Botella,1,55035,19771
8645,950,2023-05-12,Deportes,Balon,1,65430,23583
8641,950,2023-05-20,Tecnologia,Impresora,1,209935,43177
8643,950,2023-06-10,Vestuario,Zapatillas,1,29334,9181
8647,950,2023-07-14,Electrodomesticos,Purificador,2,382054,87933
8648,950,2023-10-15,Vestuario,Zapatillas,2,75235,28574
8642,950,2023-10-22,Electrodomesticos,Cocina,2,464321,82318
8644,950,2023-11-22,Deportes,Botella,1,44364,11592
8649,950,2024-02-03,Vestuario,Calcetines,4,43507,18281
8646,950,2024-07-10,Electrodomesticos,Secadora,2,349666,61539
8650,951,2023-01-05,Vestuario,Jeans,1,63091,16818
8652,951,2023-01-19,Tecnologia,Impresora,3,635149,138524
8651,951,2023-02-21,Tecnologia,Tablet,3,869817,170149
8654,951,2023-03-21,Tecnologia,Router,2,155439,30429
8653,951,2023-03-22,Hogar,Organizador,3,451886,128304
8657,951,2023-05-23,Tecnologia,Mouse,3,806961,201926
8655,951,2023-09-23,Deportes,Botella,1,28470,8773
8656,951,2023-12-25,Hogar,Silla,1,77911,21610
8658,952,2023-04-08,Tecnologia,Teclado,1,143951,30471
8662,952,2023-05-08,Hogar,Cortinas,2,91980,23133
8660,952,2023-05-21,Hogar,Termo,1,119989,36549
8661,952,2023-06-22,Tecnologia,Smartwatch,2,383624,86318
8663,952,2023-06-24,Tecnologia,Router,3,570308,103065
8664,952,2023-07-18,Vestuario,Buzo,1,9204,2908
8659,952,2023-07-24,Tecnologia,Mouse,1,210868,45540
8665,953,2023-11-16,Vestuario,Zapatillas,2,256308,88094
8667,953,2023-11-22,Hogar,Organizador,1,80359,17198
8669,953,2023-11-28,Hogar,Alfombra,2,151228,40468
8671,953,2023-12-10,Deportes,Pesas,1,69486,16158
8666,953,2023-12-11,Tecnologia,Teclado,2,321535,56659
8670,953,2023-12-16,Hogar,Silla,2,169984,46192
8672,953,2023-12-31,Hogar,Cortinas,2,202418,55317
8674,953,2024-05-21,Deportes,Bicicleta,1,30357,7985
8673,953,2024-10-07,Deportes,Balon,3,285442,95143
8668,953,2024-12-30,Electrodomesticos,Purificador,1,304799,57142
8675,954,2024-04-03,Vestuario,Zapatillas,2,87202,23469
8677,954,2024-05-17,Electrodomesticos,Secadora,2,157207,27059
8679,954,2024-05-21,Deportes,Balon,1,63199,19800
8678,954,2024-07-09,Deportes,Pesas,3,244201,80759
8676,954,2024-12-16,Hogar,Sofa,3,240435,52565
8681,954,2024-12-22,Tecnologia,Router,1,343240,61488
8680,954,2024-12-26,Deportes,Guantes,1,24500,7121
8682,955,2023-01-17,Hogar,Cafetera,2,240225,65527
8684,955,2023-02-07,Hogar,Organizador,2,184214,53800
8686,955,2023-02-12,Tecnologia,Teclado,1,244018,46274
8685,955,2023-02-15,Deportes,Raqueta,1,88197,30526
8687,955,2023-03-07,Electrodomesticos,Microondas,1,63000,10282
8683,955,2023-04-08,Electrodomesticos,Microondas,2,427470,80499
8688,956,2023-08-11,Tecnologia,Teclado,1,161145,33628
8693,956,2023-08-26,Hogar,Termo,4,356351,104285
8694,956,2023-11-25,Deportes,Short,1,42504,13353
8691,956,2023-12-21,Electrodomesticos,Refrigerador,3,796751,145642
8690,956,2023-12-23,Vestuario,Calcetines,1,37060,9839
8692,956,2024-06-27,Hogar,Silla,2,140269,34387
8689,956,2024-12-23,Electrodomesticos,Aspiradora,1,189920,32091
8695,957,2022-05-26,Hogar,Hervidor,1,95142,30741
8696,957,2022-08-05,Electrodomesticos,Secadora,2,562985,121598
8698,957,2022-09-10,Vestuario,Chaqueta,1,54588,18966
8697,957,2022-11-06,Electrodomesticos,Microondas,1,200271,25880
8699,957,2023-01-09,Tecnologia,Monitor,4,308000,63046
8700,958,2024-12-23,Vestuario,Zapatillas,2,95289,32577
8704,958,2024-12-23,Vestuario,Vestido,1,28267,10334
8702,958,2024-12-26,Hogar,Cafetera,1,93443,26830
8703,958,2024-12-28,Electrodomesticos,Refrigerador,1,136614,19377
8701,958,2024-12-29,Vestuario,Buzo,4,112273,35488
8705,959,2023-02-18,Vestuario,Buzo,1,77779,31541
8710,959,2023-02-20,Hogar,Alfombra,1,90196,18057
8711,959,2023-03-06,Hogar,Termo,3,200233,68010
8706,959,2023-03-11,Vestuario,Pantalon,1,59823,19184
8709,959,2023-05-13,Tecnologia,Notebook,1,359813,66335
8707,959,2023-06-29,Electrodomesticos,Licuadora,1,102657,19526
8708,959,2023-11-09,Hogar,Silla,4,210758,51573
8712,960,2022-10-17,Hogar,Organizador,1,67517,20959
8713,960,2022-10-26,Hogar,Hervidor,2,63000,12917
8720,960,2022-11-03,Hogar,Alfombra,1,56824,13179
8724,960,2022-11-29,Tecnologia,Tablet,1,222944,41959
8726,960,2022-12-02,Deportes,Poleron,2,93977,20733
8718,960,2022-12-03,Hogar,Hervidor,4,424617,118539
8721,960,2022-12-16,Vestuario,Gorro,2,107368,38572
8722,960,2022-12-21,Hogar,Termo,1,31500,5907
8714,960,2022-12-31,Hogar,Cortinas,2,166959,33409
8717,960,2023-01-07,Deportes,Poleron,2,193745,46208
8719,960,2023-01-13,Hogar,Hervidor,1,115693,32567
8725,960,2023-01-13,Vestuario,Gorro,1,19614,6563
8716,960,2023-01-16,Electrodomesticos,Secadora,2,425892,72160
8715,960,2023-02-27,Hogar,Organizador,1,60568,18416
8723,960,2023-05-17,Electrodomesticos,Plancha,1,196467,38596
8727,961,2023-03-22,Electrodomesticos,Purificador,1,169943,30155
8729,961,2023-03-28,Hogar,Hervidor,1,31500,7855
8735,961,2023-04-24,Hogar,Organizador,1,53681,12753
8737,961,2023-05-06,Deportes,Balon,3,232175,71921
8733,961,2023-05-31,Vestuario,Jeans,1,14405,5267
8730,961,2023-06-08,Vestuario,Chaqueta,3,148599,51046
8736,961,2023-06-22,Tecnologia,Notebook,1,236406,48555
8731,961,2023-08-01,Tecnologia,Tablet,3,872705,200039
8732,961,2023-09-30,Vestuario,Pantalon,4,124858,45933
8734,961,2024-04-01,Tecnologia,Tablet,1,332764,57967
8728,961,2024-04-24,Tecnologia,Smartwatch,1,243606,50562
8738,962,2024-05-06,Vestuario,Vestido,1,32533,13402
8739,962,2024-05-21,Electrodomesticos,Microondas,2,126000,18207
8740,962,2024-05-27,Electrodomesticos,Horno,1,219771,42351
8741,962,2024-06-04,Deportes,Colchoneta,1,81604,19438
8744,962,2024-06-06,Hogar,Sofa,1,117295,41269
8746,962,2024-06-26,Electrodomesticos,Microondas,3,581180,111654
8747,962,2024-07-28,Tecnologia,Notebook,1,172795,34135
8743,962,2024-10-28,Vestuario,Jeans,1,11867,3883
8742,962,2024-12-27,Deportes,Botella,1,76620,18401
8745,962,2024-12-28,Tecnologia,Teclado,3,400968,68703
8748,963,2024-01-12,Deportes,Bicicleta,1,49743,14813
8751,963,2024-01-22,Hogar,Cafetera,2,160648,47971
8752,963,2024-03-01,Tecnologia,Smartwatch,2,445705,72768
8756,963,2024-03-11,Hogar,Termo,1,115610,33739
8753,963,2024-03-12,Tecnologia,Router,1,178409,35274
8750,963,2024-04-02,Tecnologia,Smartwatch,1,276763,50675
8755,963,2024-04-11,Hogar,Cafetera,1,74450,27633
8749,963,2024-11-05,Tecnologia,Notebook,4,893933,156311
8754,963,2024-11-21,Vestuario,Zapatillas,4,297968,102875
8757,964,2024-05-30,Deportes,Pesas,2,147055,38536
8759,964,2024-06-09,Hogar,Mesa,3,278298,76107
8760,964,2024-07-08,Electrodomesticos,Purificador,1,175212,28015
8758,964,2024-08-11,Tecnologia,Notebook,1,322972,64750
8761,964,2024-08-21,Electrodomesticos,Plancha,2,253172,45975
8762,965,2024-04-23,Vestuario,Jeans,1,32088,10713
8768,965,2024-05-09,Tecnologia,Smartwatch,2,508950,98755
8764,965,2024-05-26,Deportes,Casco,1,79227,23550
8770,965,2024-05-28,Tecnologia,Teclado,1,176408,36711
8771,965,2024-06-04,Deportes,Botella,1,36548,13190
8769,965,2024-07-07,Tecnologia,Teclado,2,382037,81105
8763,965,2024-08-24,Tecnologia,Impresora,2,295357,57708
8767,965,2024-11-10,Deportes,Casco,3,217908,65095
8765,965,2024-11-17,Vestuario,Vestido,3,129174,41441
8766,965,2024-12-26,Electrodomesticos,Purificador,1,279688,37895
8772,966,2023-05-10,Deportes,Guantes,2,145304,43161
8781,966,2023-05-14,Electrodomesticos,Cocina,1,204966,40915
8776,966,2023-06-05,Hogar,Hervidor,1,92280,22024
8774,966,2023-06-06,Tecnologia,Router,1,348004,63804
8777,966,2023-06-15,Electrodomesticos,Purificador,4,1179079,207385
8780,966,2023-07-03,Electrodomesticos,Plancha,1,198967,41971
8773,966,2023-07-15,Vestuario,Buzo,1,32267,10009
8784,966,2023-08-10,Tecnologia,Router,1,111161,23144
8785,966,2023-08-10,Electrodomesticos,Microondas,3,1035012,232923
8782,966,2023-09-14,Hogar,Termo,1,122479,33438
8778,966,2023-09-15,Tecnologia,Teclado,2,358371,94450
8775,966,2024-01-04,Hogar,Mesa,1,82014,21695
8783,966,2024-03-03,Electrodomesticos,Plancha,2,510258,94591
8779,966,2024-04-01,Deportes,Poleron,2,147714,52012
8786,967,2024-12-04,Deportes,Bicicleta,2,160212,30953
8790,967,2024-12-21,Deportes,Pesas,3,302918,60841
8787,967,2024-12-23,Hogar,Mesa,1,71353,17028
8788,967,2024-12-25,Vestuario,Chaqueta,2,66889,25907
8792,967,2024-12-26,Electrodomesticos,Aspiradora,1,251820,50276
8791,967,2024-12-27,Vestuario,Gorro,1,21686,6021
8789,967,2024-12-31,Tecnologia,Mouse,2,607776,128053
8793,968,2024-05-07,Tecnologia,Router,1,182453,38472
8798,968,2024-05-27,Electrodomesticos,Horno,1,214953,37898
8802,968,2024-06-27,Deportes,Guantes,2,110574,26012
8797,968,2024-07-14,Hogar,Sofa,1,57880,16720
8799,968,2024-07-17,Tecnologia,Teclado,3,653184,107662
8801,968,2024-08-11,Deportes,Colchoneta,1,97708,26744
8796,968,2024-08-17,Vestuario,Buzo,1,83846,26454
8805,968,2024-09-27,Electrodomesticos,Secadora,3,189000,38132
8803,968,2024-10-01,Electrodomesticos,Aspiradora,1,176987,40121
8800,968,2024-11-08,Electrodomesticos,Licuadora,1,221390,30780
8804,968,2024-11-29,Vestuario,Gorro,3,135481,33038
8795,968,2024-12-22,Deportes,Botella,1,103133,32361
8794,968,2024-12-24,Hogar,Sofa,3,197462,51926
8806,969,2024-01-19,Vestuario,Calcetines,3,152668,51009
8812,969,2024-01-25,Tecnologia,Tablet,1,101805,17379
8811,969,2024-02-02,Electrodomesticos,Microondas,1,210416,31788
8815,969,2024-02-05,Vestuario,Vestido,2,133745,46070
8814,969,2024-02-21,Hogar,Cafetera,1,34713,10013
8809,969,2024-02-27,Tecnologia,Impresora,1,196975,43033
8807,969,2024-03-05,Electrodomesticos,Purificador,1,169459,28814
8816,969,2024-03-25,Hogar,Alfombra,1,112436,27161
8813,969,2024-03-27,Deportes,Short,1,79037,24476
8810,969,2024-05-04,Electrodomesticos,Purificador,3,701898,121596
8808,969,2024-07-19,Vestuario,Zapatillas,5,119016,43592
8817,969,2024-10-31,Deportes,Balon,2,227680,72547
8818,970,2023-04-25,Electrodomesticos,Refrigerador,3,660652,143926
8823,970,2023-05-01,Electrodomesticos,Secadora,1,167048,28406
8825,970,2023-05-03,Vestuario,Camisa,4,95062,37627
8819,970,2023-05-14,Vestuario,Vestido,1,66488,26095
8822,970,2023-05-14,Electrodomesticos,Licuadora,1,170236,32849
8821,970,2023-09-04,Tecnologia,Monitor,1,305495,55322
8824,970,2023-12-21,Tecnologia,Impresora,1,256081,46605
8820,970,2024-05-29,Vestuario,Calcetines,3,163863,49928
8826,971,2024-10-31,Deportes,Raqueta,2,185295,53287
8829,971,2024-11-02,Vestuario,Camisa,2,108979,35676
8830,971,2024-11-18,Deportes,Bicicleta,1,53976,13335
8828,971,2024-12-22,Tecnologia,Mouse,1,245292,47613
8831,971,2024-12-25,Hogar,Hervidor,4,381789,99265
8832,971,2024-12-25,Electrodomesticos,Microondas,3,289524,49697
8827,971,2024-12-31,Electrodomesticos,Horno,3,453242,69153
8833,972,2024-12-23,Deportes,Guantes,1,47190,12293
8835,972,2024-12-23,Vestuario,Chaqueta,4,124685,36356
8836,972,2024-12-26,Vestuario,Jeans,2,91455,31536
8837,972,2024-12-26,Tecnologia,Mouse,1,197391,33399
8838,972,2024-12-27,Vestuario,Pantalon,2,141392,47651
8834,972,2024-12-28,Vestuario,Zapatillas,1,39708,11007
8839,973,2023-05-28,Tecnologia,Impresora,4,905165,188996
8843,973,2023-06-06,Deportes,Raqueta,1,42633,13095
8840,973,2023-06-30,Deportes,Short,1,50421,13283
8844,973,2023-07-15,Tecnologia,Mouse,3,720996,150405
8841,973,2023-08-10,Electrodomesticos,Lavadora,2,532085,112587
8842,973,2023-09-13,Hogar,Organizador,2,191309,47751
8847,973,2023-09-24,Vestuario,Calcetines,1,21487,6923
8846,973,2023-12-30,Deportes,Guantes,3,211455,59535
8845,973,2024-04-18,Deportes,Poleron,1,114666,36795
8848,974,2024-04-09,Vestuario,Vestido,5,148222,56202
8854,974,2024-05-05,Deportes,Colchoneta,4,246251,63203
8852,974,2024-05-10,Deportes,Short,2,92424,23252
8857,974,2024-05-14,Hogar,Cafetera,1,82466,23972
8853,974,2024-06-27,Vestuario,Calcetines,3,74126,26022
8849,974,2024-07-24,Electrodomesticos,Cocina,2,189023,33132
8858,974,2024-07-31,Deportes,Casco,3,219315,52469
8851,974,2024-10-28,Vestuario,Pantalon,3,120063,39551
8855,974,2024-12-24,Hogar,Lampara,1,154559,44175
8850,974,2024-12-30,Vestuario,Buzo,2,123201,40855
8856,974,2024-12-31,Vestuario,Camisa,2,64409,24696
8859,975,2024-02-17,Tecnologia,Impresora,1,191948,44331
8860,975,2024-02-22,Electrodomesticos,Purificador,1,222256,46850
8862,975,2024-02-28,Deportes,Botella,1,44234,13232
8863,975,2024-04-10,Vestuario,Vestido,2,109935,32486
8861,975,2024-05-26,Vestuario,Vestido,1,26459,11060
8866,975,2024-06-09,Tecnologia,Router,1,143204,29765
8864,975,2024-06-14,Hogar,Sofa,1,41450,13654
8865,975,2024-12-23,Electrodomesticos,Lavadora,1,146841,24816
8867,976,2023-01-30,Vestuario,Jeans,1,31219,8369
8873,976,2023-02-20,Deportes,Short,1,98755,28383
8869,976,2023-03-03,Electrodomesticos,Cocina,1,108006,22614
8870,976,2023-03-15,Electrodomesticos,Secadora,1,238056,44188
8868,976,2023-07-20,Hogar,Sofa,5,289922,80652
8871,976,2023-07-22,Electrodomesticos,Horno,2,147432,29959
8872,976,2023-07-28,Vestuario,Jeans,2,94592,33632
8874,977,2023-02-09,Vestuario,Vestido,2,77507,26237
8877,977,2023-02-11,Tecnologia,Tablet,3,922525,189759
8876,977,2023-02-24,Electrodomesticos,Microondas,1,121079,20757
8878,977,2023-03-17,Tecnologia,Impresora,1,220932,46235
8875,977,2023-04-23,Deportes,Poleron,6,363847,102813
8879,977,2023-10-01,Tecnologia,Teclado,3,590200,121568
8880,978,2022-10-21,Deportes,Bicicleta,1,80426,21107
8882,978,2022-12-20,Tecnologia,Audifonos,3,836318,187166
8883,978,2022-12-23,Deportes,Balon,1,59941,18706
8881,978,2023-03-13,Hogar,Alfombra,1,158390,47659
8884,979,2023-06-24,Tecnologia,Mouse,1,195937,45717
8887,979,2023-07-27,Electrodomesticos,Purificador,2,363872,56999
8886,979,2023-07-29,Hogar,Hervidor,3,181945,51760
8885,979,2023-08-09,Tecnologia,Mouse,3,903721,185746
8889,979,2024-01-03,Electrodomesticos,Horno,3,539311,90309
8888,979,2024-05-06,Tecnologia,Tablet,3,663079,155996
8890,980,2022-09-26,Hogar,Mesa,3,280241,77820
8896,980,2022-11-01,Vestuario,Gorro,1,22514,6016
8895,980,2022-11-13,Deportes,Poleron,3,190227,42680
8894,980,2022-11-15,Hogar,Cafetera,2,309653,72350
8892,980,2023-01-16,Vestuario,Chaqueta,1,18436,6757
8891,980,2023-04-04,Electrodomesticos,Cocina,2,448312,78756
8893,980,2023-04-23,Electrodomesticos,Secadora,3,764261,136240
8897,981,2024-03-23,Vestuario,Camisa,1,47055,15828
8903,981,2024-03-25,Tecnologia,Notebook,1,236218,38412
8899,981,2024-04-06,Tecnologia,Tablet,3,560012,121370
8901,981,2024-04-06,Tecnologia,Impresora,1,240339,35694
8898,981,2024-05-09,Tecnologia,Audifonos,1,152465,29442
8902,981,2024-07-02,Hogar,Silla,1,74867,18008
8904,981,2024-07-04,Tecnologia,Audifonos,2,339041,50749
8900,981,2024-08-17,Vestuario,Polera,3,200444,68549
8905,982,2024-08-09,Electrodomesticos,Refrigerador,1,263697,50613
8916,982,2024-08-28,Tecnologia,Router,2,536129,103536
8909,982,2024-09-10,Hogar,Organizador,1,85357,23512
8912,982,2024-09-26,Deportes,Pesas,1,38063,10579
8917,982,2024-10-01,Deportes,Guantes,1,52176,16587
8906,982,2024-10-06,Vestuario,Calcetines,1,32112,12054
8910,982,2024-11-14,Deportes,Casco,1,54422,15948
8911,982,2024-12-22,Hogar,Cafetera,1,96291,28208
8907,982,2024-12-23,Tecnologia,Audifonos,1,126960,24044
8913,982,2024-12-23,Tecnologia,Monitor,3,514131,102570
8908,982,2024-12-24,Vestuario,Jeans,3,170536,65564
8915,982,2024-12-26,Deportes,Casco,2,226952,57695
8914,982,2024-12-29,Vestuario,Buzo,1,39615,13801
8918,983,2024-04-20,Tecnologia,Router,2,178293,40615
8922,983,2024-04-27,Deportes,Short,1,79721,21369
8919,983,2024-05-22,Tecnologia,Mouse,5,1356520,211848
8925,983,2024-05-24,Hogar,Cafetera,1,54794,10740
8921,983,2024-06-06,Hogar,Sofa,7,359433,95786
8926,983,2024-06-12,Electrodomesticos,Aspiradora,2,320942,49520
8920,983,2024-07-17,Deportes,Raqueta,2,205692,43195
8923,983,2024-10-18,Tecnologia,Impresora,1,250255,40958
8924,983,2024-11-03,Electrodomesticos,Secadora,1,89612,16984
8927,983,2024-12-21,Tecnologia,Audifonos,2,423843,80362
8928,984,2024-06-16,Vestuario,Zapatillas,2,106220,37029
8933,984,2024-06-27,Vestuario,Camisa,1,49871,15842
8929,984,2024-07-01,Electrodomesticos,Plancha,2,384393,65373
8931,984,2024-07-12,Vestuario,Polera,1,48335,16810
8930,984,2024-07-26,Tecnologia,Teclado,1,263682,48652
8935,984,2024-08-20,Deportes,Raqueta,2,137213,43549
8932,984,2024-09-28,Vestuario,Chaqueta,1,61376,24293
8934,984,2024-09-29,Vestuario,Chaqueta,1,20014,7006
8936,985,2024-02-05,Hogar,Termo,3,441091,145953
8946,985,2024-03-13,Deportes,Pesas,2,117986,28498
8944,985,2024-03-22,Deportes,Casco,1,39231,11546
8942,985,2024-03-23,Tecnologia,Impresora,3,652141,122954
8947,985,2024-04-05,Deportes,Botella,3,203663,67631
8945,985,2024-04-16,Vestuario,Zapatillas,1,27863,8872
8943,985,2024-04-25,Vestuario,Pantalon,1,81101,27521
8939,985,2024-06-18,Tecnologia,Impresora,2,260392,45728
8938,985,2024-07-24,Deportes,Raqueta,2,137810,34518
8940,985,2024-07-29,Hogar,Mesa,2,127889,38684
8937,985,2024-10-14,Tecnologia,Monitor,1,250158,60441
8941,985,2024-12-24,Hogar,Termo,1,90116,24490
8948,986,2024-05-26,Hogar,Sofa,1,67135,23225
8957,986,2024-06-02,Tecnologia,Teclado,1,262780,53064
8950,986,2024-06-13,Deportes,Guantes,3,251084,76749
8956,986,2024-06-16,Electrodomesticos,Aspiradora,3,421798,72895
8955,986,2024-06-18,Hogar,Alfombra,1,99308,24911
8952,986,2024-07-18,Hogar,Sofa,2,117276,24987
8949,986,2024-12-23,Hogar,Mesa,1,69365,20563
8954,986,2024-12-28,Hogar,Alfombra,1,53771,14899
8951,986,2024-12-29,Deportes,Bicicleta,2,156207,45333
8953,986,2024-12-31,Hogar,Lampara,3,120887,26815
8958,987,2022-01-20,Vestuario,Polera,1,45846,13475
8964,987,2022-02-01,Deportes,Raqueta,3,212358,63791
8966,987,2022-02-16,Vestuario,Vestido,1,24742,9623
8965,987,2022-02-19,Vestuario,Gorro,1,75000,26189
8959,987,2022-02-26,Deportes,Bicicleta,4,372133,99158
8962,987,2022-02-27,Deportes,Colchoneta,1,82882,20947
8961,987,2022-03-01,Electrodomesticos,Lavadora,1,238691,47678
8971,987,2022-03-03,Vestuario,Gorro,1,48471,18724
8963,987,2022-04-21,Deportes,Balon,3,179245,50395
8967,987,2022-04-29,Deportes,Botella,4,237242,65998
8969,987,2022-06-13,Tecnologia,Impresora,5,939126,176797
8968,987,2022-07-12,Deportes,Casco,2,142315,50995
8972,987,2022-07-31,Hogar,Lampara,2,199607,55952
8960,987,2022-09-15,Vestuario,Buzo,2,139621,60744
8970,987,2023-03-18,Tecnologia,Monitor,3,478705,99601
8973,988,2023-08-25,Electrodomesticos,Cocina,1,265642,55204
8977,988,2023-10-24,Electrodomesticos,Licuadora,2,461590,79572
8978,988,2023-11-06,Deportes,Guantes,1,97601,24844
8979,988,2023-12-01,Vestuario,Pantalon,1,63373,19496
8975,988,2024-01-25,Vestuario,Polera,1,108501,36603
8976,988,2024-02-29,Deportes,Casco,4,340575,96922
8980,988,2024-03-07,Hogar,Lampara,3,364957,118226
8974,988,2024-08-14,Vestuario,Calcetines,2,167182,68309
8981,989,2024-11-12,Tecnologia,Smartwatch,3,449651,78190
8983,989,2024-11-19,Vestuario,Jeans,2,73123,22843
8992,989,2024-11-22,Vestuario,Jeans,1,18721,4879
8984,989,2024-12-11,Tecnologia,Audifonos,2,603262,104571
8987,989,2024-12-13,Hogar,Lampara,3,187753,53707
8989,989,2024-12-21,Tecnologia,Tablet,1,159545,26702
8990,989,2024-12-22,Vestuario,Pantalon,2,66574,20659
8988,989,2024-12-23,Hogar,Mesa,1,88146,24669
8993,989,2024-12-23,Vestuario,Gorro,3,104986,36263
8982,989,2024-12-26,Vestuario,Jeans,3,176820,55465
8986,989,2024-12-27,Electrodomesticos,Refrigerador,1,228116,34900
8985,989,2024-12-28,Vestuario,Camisa,3,131896,39940
8991,989,2024-12-28,Electrodomesticos,Horno,2,194926,32305
8994,990,2023-12-08,Tecnologia,Notebook,1,234570,43920
9001,990,2023-12-29,Vestuario,Buzo,3,78953,28424
9002,990,2024-01-05,Deportes,Poleron,1,108513,27586
8998,990,2024-03-17,Deportes,Raqueta,1,98473,29660
8999,990,2024-03-24,Vestuario,Gorro,4,238361,69995
8995,990,2024-05-08,Vestuario,Camisa,1,29154,10130
8997,990,2024-05-10,Tecnologia,Audifonos,4,1179260,211748
9000,990,2024-09-30,Tecnologia,Monitor,1,224058,45848
8996,990,2024-12-25,Deportes,Short,1,91012,22970
9003,991,2023-10-13,Vestuario,Vestido,1,39442,13190
9009,991,2023-11-01,Hogar,Alfombra,2,219296,57248
9010,991,2023-12-03,Tecnologia,Teclado,3,601400,114761
9006,991,2023-12-23,Tecnologia,Smartwatch,2,326667,57930
9004,991,2024-02-10,Vestuario,Jeans,1,12672,4654
9008,991,2024-02-25,Vestuario,Zapatillas,1,47601,18147
9005,991,2024-03-30,Electrodomesticos,Aspiradora,1,175794,35998
9007,991,2024-11-26,Deportes,Raqueta,3,100501,32685
9011,992,2023-11-27,Vestuario,Gorro,2,148823,56297
9017,992,2024-01-05,Vestuario,Calcetines,1,33092,11105
9015,992,2024-01-23,Deportes,Bicicleta,3,256743,80742
9012,992,2024-05-10,Tecnologia,Smartphone,1,169711,33543
9016,992,2024-07-22,Deportes,Colchoneta,1,104762,29125
9014,992,2024-08-15,Deportes,Raqueta,2,203576,67076
9018,992,2024-08-15,Electrodomesticos,Cocina,1,150324,21506
9013,992,2024-08-16,Electrodomesticos,Purificador,4,1129073,226060
9019,993,2023-09-14,Vestuario,Gorro,3,150641,50415
9023,993,2023-10-12,Tecnologia,Smartwatch,1,77000,17312
9021,993,2023-11-17,Vestuario,Gorro,5,267809,110731
9020,993,2023-12-03,Hogar,Termo,1,142557,38669
9025,993,2024-01-03,Deportes,Botella,1,66703,18069
9022,993,2024-01-29,Deportes,Short,1,35339,10030
9024,993,2024-03-09,Hogar,Sofa,3,255666,66930
9026,993,2024-07-10,Electrodomesticos,Microondas,1,221675,37410
9027,994,2023-07-03,Tecnologia,Smartwatch,3,586400,122603
9033,994,2023-07-08,Electrodomesticos,Plancha,3,572243,109389
9030,994,2023-07-11,Hogar,Lampara,1,31500,8803
9034,994,2023-07-11,Electrodomesticos,Microondas,1,214788,35511
9035,994,2023-07-26,Electrodomesticos,Purificador,2,227074,37740
9031,994,2023-09-25,Hogar,Termo,4,500761,125407
9032,994,2024-02-27,Hogar,Silla,3,295483,78297
9028,994,2024-03-04,Vestuario,Zapatillas,1,29508,10167
9029,994,2024-12-29,Electrodomesticos,Microondas,1,155931,24852
9036,995,2023-09-18,Vestuario,Gorro,2,102564,32902
9041,995,2023-10-26,Deportes,Casco,5,614019,185544
9045,995,2023-11-14,Electrodomesticos,Licuadora,3,345872,48463
9043,995,2023-11-24,Hogar,Cortinas,4,419209,120452
9046,995,2023-12-06,Vestuario,Zapatillas,1,23063,8049
9044,995,2023-12-21,Tecnologia,Smartphone,2,387265,71314
9039,995,2024-01-03,Electrodomesticos,Purificador,2,520072,105155
9037,995,2024-01-17,Deportes,Colchoneta,1,92923,35229
9040,995,2024-01-29,Hogar,Cortinas,3,360347,111140
9038,995,2024-05-15,Electrodomesticos,Cocina,3,447191,88843
9042,995,2024-06-20,Tecnologia,Notebook,5,1181927,225027
9047,996,2022-10-25,Deportes,Bicicleta,2,111170,38710
9053,996,2022-11-12,Vestuario,Pantalon,1,28680,8019
9050,996,2023-01-02,Hogar,Organizador,2,268527,76819
9052,996,2023-01-13,Tecnologia,Router,1,245157,45706
9048,996,2023-01-29,Vestuario,Gorro,3,77059,27683
9051,996,2023-02-03,Vestuario,Zapatillas,1,31027,9791
9055,996,2023-02-23,Electrodomesticos,Secadora,1,132222,28118
9049,996,2023-05-16,Vestuario,Pantalon,3,102478,44051
9056,996,2023-05-17,Electrodomesticos,Lavadora,2,320603,50151
9054,996,2024-11-01,Vestuario,Vestido,1,32140,11488
9057,997,2022-09-14,Vestuario,Chaqueta,1,77133,29174
9066,997,2022-10-03,Tecnologia,Teclado,1,198356,42906
9062,997,2022-10-07,Deportes,Balon,2,165632,58515
9067,997,2022-11-06,Hogar,Hervidor,3,322502,99647
9065,997,2022-12-24,Hogar,Hervidor,4,279780,76860
9058,997,2023-01-07,Hogar,Mesa,2,292229,68805
9064,997,2023-01-27,Tecnologia,Smartphone,1,333048,87518
9059,997,2023-02-14,Electrodomesticos,Licuadora,2,429733,66954
9063,997,2023-02-15,Hogar,Mesa,1,121222,39004
9061,997,2023-04-20,Vestuario,Gorro,1,23753,8362
9060,997,2023-05-04,Hogar,Organizador,2,195598,50005
9068,998,2023-08-07,Vestuario,Zapatillas,2,87852,29383
9070,998,2023-10-01,Electrodomesticos,Microondas,2,512217,96062
9071,998,2023-10-12,Electrodomesticos,Licuadora,2,547434,102962
9069,998,2023-10-17,Vestuario,Camisa,2,104470,40847
9072,999,2023-08-21,Hogar,Cafetera,1,106155,31667
9076,999,2023-08-23,Hogar,Mesa,1,99691,30025
9073,999,2023-08-24,Electrodomesticos,Plancha,1,79812,18627
9078,999,2023-10-02,Hogar,Cafetera,4,302368,87267
9075,999,2023-12-04,Tecnologia,Teclado,1,277159,45215
9074,999,2023-12-10,Electrodomesticos,Refrigerador,1,193633,35269
9077,999,2024-01-18,Electrodomesticos,Aspiradora,1,183846,29204
9079,1000,2022-06-15,Vestuario,Calcetines,1,37122,11569
9085,1000,2022-07-05,Vestuario,Zapatillas,1,26227,10050
9087,1000,2022-07-06,Tecnologia,Tablet,3,797997,156056
9084,1000,2022-07-14,Hogar,Cafetera,2,198597,52150
9082,1000,2022-08-11,Hogar,Termo,3,272265,67300
9086,1000,2022-10-01,Deportes,Poleron,1,99704,30607
9080,1000,2022-12-11,Hogar,Silla,1,76644,20190
9081,1000,2023-06-26,Vestuario,Vestido,1,51843,17144
9083,1000,2023-07-18,Hogar,Hervidor,4,307760,79723
9088,1001,2023-11-07,Electrodomesticos,Refrigerador,2,535462,91249
9090,1001,2023-12-04,Tecnologia,Teclado,4,577201,104207
9092,1001,2024-03-28,Hogar,Alfombra,1,106716,23611
9093,1001,2024-06-06,Tecnologia,Notebook,1,156021,29985
9091,1001,2024-10-18,Deportes,Short,1,111292,28112
9089,1001,2024-12-24,Electrodomesticos,Plancha,4,593325,106160
9094,1002,2023-03-31,Hogar,Organizador,3,423723,119685
9098,1002,2023-05-01,Tecnologia,Notebook,2,685179,140458
9100,1002,2023-05-10,Tecnologia,Teclado,1,232281,49752
9102,1002,2023-05-20,Electrodomesticos,Lavadora,1,155072,32705
9099,1002,2023-05-30,Hogar,Organizador,1,98298,26338
9101,1002,2023-07-23,Tecnologia,Smartphone,2,347602,77473
9097,1002,2023-10-22,Electrodomesticos,Horno,1,295405,52274
9096,1002,2023-11-26,Vestuario,Camisa,2,81452,30416
9095,1002,2023-11-29,Electrodomesticos,Licuadora,2,535693,102969
9103,1003,2024-10-23,Hogar,Hervidor,1,31500,9144
9105,1003,2024-12-28,Tecnologia,Notebook,1,238281,38931
9106,1003,2024-12-29,Tecnologia,Mouse,2,479851,102903
9104,1003,2024-12-30,Tecnologia,Smartwatch,2,579130,95421
9107,1004,2023-07-07,Electrodomesticos,Lavadora,3,681630,122077
9112,1004,2023-08-14,Vestuario,Buzo,1,39142,14377
9108,1004,2023-08-17,Deportes,Poleron,1,107442,22563
9113,1004,2023-09-16,Deportes,Botella,2,49000,13459
9110,1004,2023-09-28,Hogar,Cafetera,1,99352,23094
9109,1004,2023-12-15,Deportes,Pesas,7,393990,98258
9114,1004,2023-12-23,Electrodomesticos,Licuadora,3,545377,77279
9111,1004,2024-03-24,Tecnologia,Teclado,2,598351,134687
9115,1004,2024-07-17,Vestuario,Chaqueta,1,28199,9359
9116,1005,2023-06-16,Hogar,Mesa,3,143829,50250
9118,1005,2023-07-28,Deportes,Short,2,181489,55159
9119,1005,2023-08-19,Vestuario,Chaqueta,1,64427,24586
9117,1005,2023-09-20,Vestuario,Polera,1,46683,16353
9120,1006,2023-07-12,Hogar,Silla,1,128278,26624
9122,1006,2023-07-15,Hogar,Cortinas,1,76629,18696
9127,1006,2023-07-21,Vestuario,Jeans,1,64563,27129
9126,1006,2023-08-22,Tecnologia,Teclado,1,244189,36947
9124,1006,2023-08-23,Tecnologia,Tablet,1,227447,53177
9128,1006,2023-09-23,Deportes,Short,3,156605,49001
9121,1006,2023-11-27,Electrodomesticos,Refrigerador,2,201322,32153
9123,1006,2023-12-09,Deportes,Balon,1,30708,9348
9129,1006,2024-02-29,Hogar,Mesa,1,91939,23699
9125,1006,2024-04-07,Tecnologia,Tablet,3,844224,123157
9130,1006,2024-12-31,Electrodomesticos,Licuadora,3,471969,77824
9131,1007,2023-02-16,Vestuario,Zapatillas,4,233212,93200
9132,1007,2023-03-09,Vestuario,Pantalon,1,15043,5541
9135,1007,2023-03-15,Vestuario,Gorro,3,69916,22887
9133,1007,2023-03-23,Deportes,Colchoneta,2,160734,45971
9136,1007,2023-03-31,Vestuario,Vestido,3,142214,45824
9137,1007,2023-04-04,Tecnologia,Smartphone,1,167508,34369
9134,1007,2023-04-16,Electrodomesticos,Horno,1,124329,19036
9138,1008,2023-02-18,Tecnologia,Teclado,1,284783,53240
9143,1008,2023-03-12,Vestuario,Calcetines,2,47268,16560
9146,1008,2023-03-16,Hogar,Cafetera,4,144654,40431
9144,1008,2023-03-18,Electrodomesticos,Aspiradora,1,172213,30712
9148,1008,2023-03-27,Tecnologia,Impresora,3,735454,111555
9147,1008,2023-04-06,Hogar,Organizador,1,110194,26042
9145,1008,2023-04-27,Vestuario,Gorro,1,27417,9836
9142,1008,2023-05-16,Vestuario,Jeans,2,45839,15943
9140,1008,2023-12-06,Electrodomesticos,Purificador,2,445698,79735
9141,1008,2024-04-15,Vestuario,Polera,1,33203,11604
9139,1008,2024-12-29,Vestuario,Pantalon,1,30846,8650
9149,1009,2023-04-26,Hogar,Termo,1,100740,26169
9160,1009,2023-04-28,Tecnologia,Audifonos,1,220879,49772
9155,1009,2023-05-05,Hogar,Cafetera,2,137139,40481
9158,1009,2023-05-05,Vestuario,Chaqueta,1,37690,12216
9152,1009,2023-05-11,Deportes,Poleron,2,267155,74616
9151,1009,2023-05-23,Electrodomesticos,Licuadora,1,257920,47599
9161,1009,2023-06-20,Electrodomesticos,Secadora,2,303953,59152
9150,1009,2023-06-29,Tecnologia,Router,2,664396,128977
9159,1009,2023-07-03,Electrodomesticos,Microondas,1,139429,21744
9156,1009,2023-08-28,Hogar,Silla,1,72395,14549
9157,1009,2023-09-01,Electrodomesticos,Horno,3,470855,91669
9154,1009,2023-12-03,Electrodomesticos,Microondas,1,127190,19665
9153,1009,2024-02-03,Vestuario,Calcetines,4,133726,48557
9162,1010,2022-03-07,Electrodomesticos,Purificador,1,164926,26217
9163,1010,2022-03-27,Deportes,Balon,1,76647,22643
9166,1010,2022-04-21,Vestuario,Vestido,2,13625,3883
9167,1010,2022-04-22,Vestuario,Zapatillas,2,96220,29902
9164,1010,2022-08-05,Electrodomesticos,Cocina,2,369394,73664
9168,1010,2022-08-23,Electrodomesticos,Aspiradora,1,78294,14370
9165,1010,2023-04-26,Electrodomesticos,Cocina,1,128823,21886
9169,1011,2023-06-25,Deportes,Poleron,1,60521,16505
9174,1011,2023-07-12,Deportes,Raqueta,1,65371,18933
9175,1011,2023-07-26,Deportes,Botella,2,183331,64306
9171,1011,2023-08-19,Tecnologia,Smartphone,1,307655,64163
9172,1011,2023-09-28,Hogar,Termo,3,181014,44250
9170,1011,2023-10-04,Electrodomesticos,Purificador,2,187198,35322
9173,1011,2024-04-02,Deportes,Casco,1,84036,23843
9176,1012,2023-05-04,Hogar,Lampara,4,418938,136035
9181,1012,2023-05-23,Deportes,Short,1,105888,34293
9179,1012,2023-05-29,Tecnologia,Monitor,1,180359,37690
9180,1012,2023-07-01,Tecnologia,Monitor,3,752262,134352
9178,1012,2023-07-12,Deportes,Balon,3,196042,62936
9182,1012,2023-08-16,Tecnologia,Teclado,2,376993,81618
9177,1012,2023-12-21,Deportes,Botella,1,79095,24704
9183,1012,2024-02-04,Electrodomesticos,Secadora,1,178813,26165
9184,1013,2023-06-09,Tecnologia,Router,1,227280,44980
9186,1013,2023-06-20,Vestuario,Buzo,1,65836,21122
9187,1013,2023-09-25,Vestuario,Zapatillas,2,23360,8018
9185,1013,2024-01-22,Vestuario,Zapatillas,5,94562,35964
9188,1014,2023-05-06,Tecnologia,Smartwatch,1,77000,16045
9192,1014,2023-05-26,Tecnologia,Smartphone,3,703556,164864
9189,1014,2023-06-03,Tecnologia,Impresora,1,218807,37656
9196,1014,2023-06-10,Deportes,Botella,1,46245,14203
9195,1014,2023-07-16,Tecnologia,Tablet,4,1059025,238534
9191,1014,2023-07-30,Electrodomesticos,Secadora,2,521940,84958
9193,1014,2023-08-13,Hogar,Organizador,4,390768,120397
9194,1014,2023-08-24,Electrodomesticos,Purificador,1,63000,12013
9190,1014,2024-03-16,Deportes,Short,1,45421,13443
9197,1015,2023-06-15,Hogar,Lampara,1,81262,26000
9198,1015,2023-06-18,Vestuario,Zapatillas,5,78570,27534
9201,1015,2023-07-04,Electrodomesticos,Microondas,3,914846,181340
9202,1015,2023-08-19,Electrodomesticos,Horno,1,170710,36654
9199,1015,2023-09-19,Tecnologia,Notebook,2,317410,57492
9200,1015,2023-12-14,Vestuario,Vestido,1,41747,16208
9203,1016,2023-12-27,Hogar,Alfombra,4,251970,57903
9204,1016,2024-01-06,Vestuario,Jeans,1,53288,19724
9205,1016,2024-01-06,Tecnologia,Mouse,1,247920,51284
9206,1016,2024-01-27,Hogar,Cafetera,1,79748,23781
9208,1016,2024-02-19,Tecnologia,Notebook,4,786432,171311
9209,1016,2024-10-18,Hogar,Mesa,5,528176,161449
9207,1016,2024-10-31,Vestuario,Jeans,1,13570,5442
9210,1017,2023-10-27,Deportes,Bicicleta,1,96593,32915
9213,1017,2023-10-28,Deportes,Bicicleta,3,204421,79402
9216,1017,2023-11-25,Electrodomesticos,Licuadora,1,202085,39273
9214,1017,2023-12-06,Deportes,Poleron,2,161775,43475
9215,1017,2023-12-06,Deportes,Pesas,2,156364,41424
9211,1017,2024-01-03,Vestuario,Chaqueta,1,37178,11249
9212,1017,2024-01-16,Electrodomesticos,Licuadora,3,740218,152550
9217,1017,2024-04-22,Hogar,Cortinas,2,176510,47040
9218,1018,2023-09-04,Tecnologia,Smartphone,1,309158,59504
9220,1018,2023-09-13,Electrodomesticos,Licuadora,1,179837,29052
9223,1018,2023-10-06,Electrodomesticos,Horno,1,202256,39750
9219,1018,2023-10-22,Electrodomesticos,Licuadora,1,204131,33927
9222,1018,2023-10-26,Electrodomesticos,Aspiradora,2,335138,69729
9224,1018,2023-11-29,Vestuario,Calcetines,1,28672,10960
9221,1018,2023-12-22,Tecnologia,Router,1,113284,20842
9225,1018,2024-02-10,Tecnologia,Smartwatch,2,563776,116205
9226,1019,2023-06-11,Vestuario,Calcetines,2,147610,59830
9232,1019,2023-06-27,Tecnologia,Router,2,357519,87383
9237,1019,2023-07-06,Vestuario,Polera,1,46576,14777
9236,1019,2023-07-21,Electrodomesticos,Microondas,2,390592,67390
9231,1019,2023-08-02,Electrodomesticos,Cocina,2,428704,80132
9233,1019,2023-08-31,Electrodomesticos,Refrigerador,1,187024,39238
9230,1019,2023-10-11,Deportes,Raqueta,1,97970,28700
9228,1019,2023-11-19,Deportes,Short,1,79102,19533
9235,1019,2023-11-28,Deportes,Bicicleta,2,197237,47704
9238,1019,2024-01-12,Vestuario,Zapatillas,4,71452,27407
9227,1019,2024-02-27,Tecnologia,Smartwatch,1,240711,48229
9239,1019,2024-03-25,Vestuario,Jeans,1,48492,15972
9234,1019,2024-08-06,Hogar,Cortinas,1,118039,29382
9240,1019,2024-10-21,Vestuario,Camisa,1,25395,8538
9229,1019,2024-12-25,Vestuario,Chaqueta,3,136123,46667
9241,1020,2023-10-27,Electrodomesticos,Plancha,1,222227,40895
9243,1020,2023-12-07,Vestuario,Chaqueta,5,225191,83220
9244,1020,2023-12-12,Tecnologia,Teclado,3,810357,156843
9245,1020,2024-02-14,Deportes,Botella,1,44849,14463
9242,1020,2024-06-20,Electrodomesticos,Cocina,1,135646,30223
9246,1020,2024-07-18,Deportes,Short,2,107614,42175
9247,1021,2024-08-21,Deportes,Short,2,139171,42017
9250,1021,2024-09-18,Tecnologia,Smartwatch,1,323633,51894
9249,1021,2024-09-29,Electrodomesticos,Horno,3,480640,87359
9251,1021,2024-10-10,Tecnologia,Smartphone,4,957988,140133
9255,1021,2024-10-11,Hogar,Lampara,1,63803,17188
9252,1021,2024-11-01,Deportes,Balon,2,162061,47773
9253,1021,2024-11-02,Vestuario,Chaqueta,1,29235,10381
9248,1021,2024-11-30,Deportes,Short,1,118180,33580
9254,1021,2024-12-23,Hogar,Alfombra,2,232810,65467
9256,1022,2022-01-17,Electrodomesticos,Secadora,1,63000,7938
9257,1022,2022-02-20,Electrodomesticos,Aspiradora,1,88010,13953
9263,1022,2022-03-16,Tecnologia,Audifonos,1,325374,66112
9262,1022,2022-03-28,Vestuario,Vestido,5,238045,77536
9260,1022,2022-04-19,Deportes,Colchoneta,3,378728,113099
9258,1022,2022-07-15,Vestuario,Chaqueta,3,136340,40317
9259,1022,2022-08-31,Tecnologia,Impresora,1,236687,54526
9261,1022,2022-09-04,Tecnologia,Smartwatch,3,447812,88623
9264,1023,2023-04-21,Deportes,Bicicleta,2,182452,53292
9265,1023,2023-05-13,Vestuario,Vestido,3,133335,39678
9266,1023,2023-05-19,Deportes,Balon,1,79549,28364
9270,1023,2023-05-28,Electrodomesticos,Refrigerador,1,221978,40504
9271,1023,2023-06-12,Hogar,Silla,3,199893,50907
9272,1023,2023-06-30,Deportes,Casco,1,80910,25552
9268,1023,2023-08-04,Hogar,Silla,2,182092,49895
9267,1023,2023-10-24,Tecnologia,Tablet,3,500436,97979
9269,1023,2024-02-24,Electrodomesticos,Lavadora,4,1137535,199663
9273,1024,2023-05-03,Hogar,Sofa,2,236075,64720
9274,1024,2023-07-03,Vestuario,Chaqueta,2,93758,34400
9276,1024,2023-07-16,Electrodomesticos,Purificador,2,273440,40967
9279,1024,2023-08-09,Electrodomesticos,Cocina,1,134043,28126
9278,1024,2023-09-25,Tecnologia,Impresora,1,194074,33717
9275,1024,2023-10-02,Hogar,Lampara,3,94500,21904
9277,1024,2023-12-04,Deportes,Pesas,1,77847,21271
9280,1024,2024-07-28,Vestuario,Zapatillas,1,47410,17500
9281,1025,2023-01-31,Deportes,Raqueta,1,86730,28754
9285,1025,2023-02-05,Vestuario,Camisa,1,63921,19733
9282,1025,2023-02-09,Vestuario,Camisa,3,209551,69672
9283,1025,2023-02-13,Electrodomesticos,Plancha,1,199470,41872
9287,1025,2023-04-26,Electrodomesticos,Secadora,1,157724,25900
9286,1025,2023-06-09,Hogar,Hervidor,2,287345,76190
9284,1025,2023-07-20,Deportes,Poleron,2,95891,31849
9288,1026,2023-02-19,Deportes,Casco,2,62239,21494
9292,1026,2023-03-19,Tecnologia,Router,1,143943,25416
9291,1026,2023-04-01,Deportes,Raqueta,1,24956,6631
9290,1026,2023-04-22,Deportes,Raqueta,1,42746,13967
9293,1026,2023-07-07,Vestuario,Buzo,1,46007,18616
9294,1026,2023-09-13,Hogar,Termo,2,190141,55967
9289,1026,2024-07-23,Electrodomesticos,Horno,2,284610,59237
9295,1027,2023-08-22,Electrodomesticos,Licuadora,1,105856,18133
9302,1027,2023-09-22,Deportes,Short,2,179105,67288
9297,1027,2023-09-28,Deportes,Balon,1,82713,30536
9300,1027,2023-10-06,Electrodomesticos,Licuadora,1,199166,34914
9301,1027,2024-01-02,Deportes,Poleron,1,70797,19411
9298,1027,2024-02-16,Tecnologia,Impresora,3,748507,168528
9296,1027,2024-03-24,Electrodomesticos,Microondas,1,202320,38044
9303,1027,2024-03-26,Hogar,Lampara,1,106088,29610
9299,1027,2024-04-24,Tecnologia,Audifonos,1,341324,63688
9304,1028,2023-01-25,Hogar,Sofa,1,31500,9292
9309,1028,2023-02-10,Deportes,Pesas,1,78831,22942
9311,1028,2023-03-23,Electrodomesticos,Secadora,1,151866,27038
9308,1028,2023-03-27,Vestuario,Pantalon,1,56137,18930
9307,1028,2023-05-26,Vestuario,Camisa,5,113845,40281
9305,1028,2023-07-05,Tecnologia,Impresora,1,213371,46728
9310,1028,2023-10-28,Vestuario,Vestido,2,53892,22803
9306,1028,2023-10-29,Hogar,Cafetera,5,157500,45310
9312,1029,2024-08-13,Vestuario,Buzo,1,34448,13332
9321,1029,2024-08-21,Tecnologia,Smartwatch,4,447871,87002
9318,1029,2024-09-13,Deportes,Casco,3,236974,70890
9316,1029,2024-10-12,Vestuario,Calcetines,4,201859,67840
9315,1029,2024-11-01,Vestuario,Camisa,1,33107,10962
9319,1029,2024-11-03,Hogar,Organizador,2,180385,44130
9322,1029,2024-12-15,Deportes,Guantes,4,256053,75389
9313,1029,2024-12-17,Tecnologia,Tablet,2,409577,76538
9323,1029,2024-12-22,Vestuario,Zapatillas,3,102674,31310
9320,1029,2024-12-25,Vestuario,Camisa,4,152497,55279
9314,1029,2024-12-26,Vestuario,Buzo,1,24125,9389
9317,1029,2024-12-29,Hogar,Lampara,2,160098,41791
9324,1030,2023-08-29,Tecnologia,Teclado,1,274869,48405
9328,1030,2023-09-20,Tecnologia,Notebook,1,327759,69354
9334,1030,2023-10-06,Deportes,Guantes,1,44177,10959
9332,1030,2023-10-15,Vestuario,Camisa,1,54182,17606
9331,1030,2023-10-17,Tecnologia,Router,2,594503,117656
9325,1030,2023-11-26,Electrodomesticos,Horno,1,170201,25103
9333,1030,2023-12-13,Tecnologia,Smartwatch,1,181736,29366
9330,1030,2024-01-14,Deportes,Raqueta,3,73500,20995
9327,1030,2024-01-26,Hogar,Mesa,2,156734,40307
9326,1030,2024-05-19,Electrodomesticos,Aspiradora,1,128455,22358
9329,1030,2024-07-14,Vestuario,Calcetines,1,12234,4050
9335,1030,2024-09-25,Deportes,Balon,3,327397,90259
9336,1031,2023-02-17,Electrodomesticos,Cocina,1,81850,13995
9339,1031,2023-02-27,Hogar,Silla,5,474277,110440
9340,1031,2023-03-10,Hogar,Cafetera,2,277315,69659
9345,1031,2023-03-21,Deportes,Colchoneta,2,148805,41401
9342,1031,2023-03-22,Tecnologia,Mouse,1,415006,66551
9344,1031,2023-03-27,Tecnologia,Impresora,2,640636,159874
9341,1031,2023-05-25,Tecnologia,Impresora,2,477343,114439
9343,1031,2023-08-01,Tecnologia,Mouse,1,115733,22987
9337,1031,2023-08-10,Tecnologia,Mouse,2,537346,122273
9338,1031,2024-02-29,Electrodomesticos,Plancha,6,1585873,229127
9346,1032,2024-02-17,Hogar,Alfombra,1,82088,19242
9353,1032,2024-03-04,Hogar,Alfombra,3,180309,37810
9347,1032,2024-03-21,Tecnologia,Smartwatch,3,494907,98220
9350,1032,2024-05-17,Electrodomesticos,Microondas,1,135046,30789
9351,1032,2024-05-30,Deportes,Poleron,1,82812,26448
9352,1032,2024-08-09,Hogar,Alfombra,1,45660,12706
9348,1032,2024-10-03,Vestuario,Gorro,1,94885,31448
9349,1032,2024-12-23,Deportes,Poleron,2,128396,30518
9354,1033,2022-05-03,Vestuario,Vestido,2,74666,26617
9363,1033,2022-05-07,Deportes,Casco,1,61956,19305
9358,1033,2022-05-12,Electrodomesticos,Secadora,2,470597,67186
9359,1033,2022-06-17,Tecnologia,Router,5,1078086,236393
9362,1033,2022-06-18,Electrodomesticos,Secadora,5,739609,134772
9360,1033,2022-06-27,Electrodomesticos,Secadora,1,114482,22939
9355,1033,2022-08-28,Tecnologia,Tablet,1,227334,35722
9361,1033,2022-09-13,Vestuario,Buzo,1,39502,15578
9357,1033,2022-09-16,Tecnologia,Tablet,1,233087,39494
9356,1033,2023-01-28,Electrodomesticos,Lavadora,2,229229,42676
9364,1034,2023-07-20,Tecnologia,Smartphone,1,118380,24093
9368,1034,2023-08-05,Hogar,Termo,1,107126,25700
9369,1034,2023-08-11,Deportes,Raqueta,1,34486,10878
9373,1034,2023-08-15,Tecnologia,Tablet,3,554588,83622
9372,1034,2023-09-14,Electrodomesticos,Cocina,1,219326,43650
9367,1034,2023-09-28,Tecnologia,Impresora,2,589281,120175
9370,1034,2023-09-28,Tecnologia,Router,1,296687,80105
9366,1034,2023-11-04,Electrodomesticos,Purificador,2,262975,49180
9374,1034,2023-11-25,Hogar,Hervidor,2,202583,58136
9371,1034,2024-01-04,Hogar,Mesa,1,158433,37860
9365,1034,2024-04-27,Vestuario,Polera,2,108317,30534
9375,1035,2023-07-26,Electrodomesticos,Microondas,1,260190,48018
9378,1035,2023-07-28,Electrodomesticos,Secadora,2,399220,71943
9379,1035,2023-10-10,Deportes,Poleron,1,67691,26068
9377,1035,2024-01-14,Deportes,Colchoneta,1,54091,13846
9376,1035,2024-01-24,Deportes,Short,2,157364,47292
9380,1036,2024-11-16,Electrodomesticos,Lavadora,2,389762,70811
9381,1036,2024-12-12,Tecnologia,Audifonos,1,221555,39400
9383,1036,2024-12-21,Hogar,Cafetera,2,256391,81593
9382,1036,2024-12-23,Vestuario,Camisa,2,81830,25970
9384,1036,2024-12-24,Electrodomesticos,Plancha,1,142324,21905
9385,1037,2024-11-17,Electrodomesticos,Licuadora,2,126000,20691
9391,1037,2024-11-17,Deportes,Raqueta,2,206136,51415
9387,1037,2024-12-06,Hogar,Sofa,1,101998,27131
9388,1037,2024-12-23,Electrodomesticos,Refrigerador,1,224753,34072
9390,1037,2024-12-24,Tecnologia,Smartwatch,5,1239585,266790
9389,1037,2024-12-30,Electrodomesticos,Licuadora,3,479905,67828
9386,1037,2024-12-31,Electrodomesticos,Purificador,2,210098,35936
9392,1038,2022-03-01,Electrodomesticos,Refrigerador,1,98268,18350
9395,1038,2022-03-16,Deportes,Short,1,54783,16906
9398,1038,2022-03-24,Hogar,Organizador,4,464587,171635
9396,1038,2022-03-26,Hogar,Silla,5,447234,130616
9399,1038,2022-04-10,Hogar,Mesa,1,95303,24621
9394,1038,2022-05-15,Hogar,Organizador,1,35847,9894
9393,1038,2022-06-07,Deportes,Pesas,1,98326,25702
9397,1038,2022-08-29,Tecnologia,Impresora,3,688394,146498
9400,1039,2023-10-25,Tecnologia,Teclado,1,348055,66085
9403,1039,2023-11-06,Tecnologia,Router,1,217623,52322
9402,1039,2023-11-23,Deportes,Short,1,91849,26706
9405,1039,2024-02-29,Tecnologia,Teclado,4,1012392,213898
9401,1039,2024-03-11,Vestuario,Polera,2,70863,25508
9404,1039,2024-06-30,Hogar,Hervidor,1,67537,19217
9406,1040,2022-08-26,Tecnologia,Tablet,3,727737,144597
9412,1040,2022-08-27,Hogar,Lampara,2,165093,53814
9407,1040,2022-11-01,Hogar,Cortinas,1,91124,22092
9410,1040,2022-11-07,Tecnologia,Smartwatch,1,196132,31757
9409,1040,2022-11-21,Tecnologia,Smartphone,2,417632,83450
9411,1040,2023-04-02,Vestuario,Gorro,2,108535,28920
9408,1040,2024-01-01,Hogar,Sofa,2,165102,41447
9413,1041,2024-03-07,Tecnologia,Impresora,1,136948,24963
9414,1041,2024-03-11,Deportes,Colchoneta,3,277758,101794
9418,1041,2024-03-14,Electrodomesticos,Plancha,1,281194,48065
9417,1041,2024-04-02,Tecnologia,Impresora,3,435319,91204
9421,1041,2024-04-11,Electrodomesticos,Plancha,2,478540,70271
9416,1041,2024-04-27,Tecnologia,Smartwatch,4,933297,182097
9415,1041,2024-08-16,Tecnologia,Smartphone,1,204075,36346
9419,1041,2024-10-04,Electrodomesticos,Licuadora,1,131733,25034
9420,1041,2024-11-17,Tecnologia,Teclado,1,231558,48591
9422,1042,2023-02-23,Tecnologia,Tablet,3,626897,137194
9424,1042,2023-03-22,Tecnologia,Impresora,3,667281,146207
9426,1042,2023-05-27,Vestuario,Zapatillas,1,47970,17519
9425,1042,2023-06-20,Deportes,Colchoneta,2,140960,43047
9423,1042,2023-08-14,Vestuario,Calcetines,2,54212,20070
9427,1042,2024-02-18,Deportes,Guantes,1,101365,36982
9428,1042,2024-02-20,Vestuario,Pantalon,1,36092,14330
9429,1043,2024-04-08,Electrodomesticos,Licuadora,5,855077,131603
9432,1043,2024-04-27,Tecnologia,Impresora,1,234724,53205
9431,1043,2024-05-26,Electrodomesticos,Horno,1,122306,24059
9430,1043,2024-06-10,Electrodomesticos,Cocina,1,260888,46018
9433,1043,2024-06-17,Deportes,Raqueta,1,72777,25628
9434,1043,2024-07-19,Electrodomesticos,Refrigerador,3,296228,59217
9435,1044,2022-11-18,Hogar,Sofa,4,454724,131851
9436,1044,2022-11-29,Vestuario,Calcetines,3,96554,32583
9437,1044,2024-01-23,Electrodomesticos,Lavadora,1,266472,43993
9438,1045,2023-08-18,Hogar,Lampara,5,221515,62430
9443,1045,2023-08-25,Vestuario,Gorro,3,200016,59883
9444,1045,2023-10-06,Deportes,Bicicleta,1,63589,16102
9439,1045,2023-11-21,Tecnologia,Tablet,1,77000,16440
9440,1045,2023-11-29,Electrodomesticos,Refrigerador,1,246169,44394
9441,1045,2024-02-06,Vestuario,Chaqueta,1,21929,6069
9442,1045,2024-04-24,Vestuario,Buzo,1,24664,6501
9445,1046,2023-09-13,Hogar,Lampara,1,81893,20263
9448,1046,2023-09-20,Hogar,Mesa,2,182608,55204
9452,1046,2023-09-22,Vestuario,Polera,3,103189,38809
9451,1046,2023-11-07,Deportes,Casco,1,64269,16989
9453,1046,2023-11-13,Hogar,Lampara,1,117930,30535
9455,1046,2023-11-13,Electrodomesticos,Horno,4,540785,91273
9447,1046,2023-11-23,Deportes,Bicicleta,2,155173,44939
9449,1046,2023-11-26,Deportes,Raqueta,1,45148,12732
9454,1046,2023-12-04,Deportes,Botella,2,107810,27609
9450,1046,2024-01-07,Electrodomesticos,Refrigerador,2,458716,89605
9446,1046,2024-02-05,Hogar,Cortinas,1,48708,12905
9456,1047,2024-08-24,Hogar,Alfombra,1,95257,23567
9463,1047,2024-08-27,Tecnologia,Teclado,2,521343,105274
9457,1047,2024-09-05,Deportes,Botella,1,106156,28459
9466,1047,2024-09-30,Hogar,Sofa,1,134540,36301
9461,1047,2024-10-25,Vestuario,Polera,1,56045,19992
9464,1047,2024-11-01,Deportes,Botella,1,74909,22620
9460,1047,2024-11-19,Electrodomesticos,Lavadora,1,138172,21592
9458,1047,2024-12-17,Electrodomesticos,Microondas,1,145353,23312
9465,1047,2024-12-20,Deportes,Bicicleta,2,188383,50176
9467,1047,2024-12-21,Hogar,Mesa,1,92419,22557
9462,1047,2024-12-27,Deportes,Casco,3,229518,65806
9459,1047,2024-12-30,Electrodomesticos,Refrigerador,1,243177,44870
9468,1048,2022-04-26,Tecnologia,Smartphone,3,1039552,206105
9469,1048,2022-04-26,Electrodomesticos,Aspiradora,1,207044,40829
9472,1048,2022-04-28,Electrodomesticos,Purificador,1,139619,22507
9474,1048,2022-05-14,Vestuario,Polera,2,38390,15848
9473,1048,2022-06-15,Electrodomesticos,Microondas,1,189901,33455
9478,1048,2022-07-09,Hogar,Hervidor,1,120933,39173
9476,1048,2022-08-15,Hogar,Cortinas,3,149387,40795
9470,1048,2022-09-12,Deportes,Poleron,1,52723,15144
9475,1048,2022-12-21,Vestuario,Calcetines,2,75548,24590
9471,1048,2023-02-04,Vestuario,Pantalon,3,72422,26997
9477,1048,2023-02-24,Tecnologia,Tablet,2,497647,79962
9479,1049,2023-08-20,Vestuario,Buzo,2,81095,29799
9485,1049,2023-09-13,Hogar,Hervidor,1,83493,31560
9482,1049,2023-09-18,Electrodomesticos,Aspiradora,3,538316,104458
9480,1049,2023-11-23,Hogar,Hervidor,2,294054,72755
9484,1049,2024-01-31,Tecnologia,Audifonos,1,77000,16196
9481,1049,2024-02-19,Vestuario,Vestido,2,50463,19188
9483,1049,2024-04-06,Vestuario,Buzo,1,30394,11037
9486,1050,2022-08-04,Hogar,Hervidor,1,126178,33406
9487,1050,2022-08-15,Hogar,Mesa,2,122876,31553
9488,1050,2022-08-18,Vestuario,Gorro,1,38605,15270
9493,1050,2022-09-04,Electrodomesticos,Horno,1,114553,19422
9494,1050,2022-09-19,Electrodomesticos,Lavadora,2,267600,49249
9491,1050,2022-09-25,Deportes,Balon,1,51491,14853
9489,1050,2022-10-16,Electrodomesticos,Microondas,1,132458,23642
9495,1050,2023-01-27,Tecnologia,Smartwatch,2,798862,165555
9492,1050,2023-04-07,Vestuario,Jeans,1,46871,16418
9490,1050,2023-07-01,Hogar,Mesa,1,70516,15299
9496,1051,2024-08-29,Hogar,Sofa,1,31500,9520
9499,1051,2024-09-10,Hogar,Sofa,1,99843,29224
9501,1051,2024-12-21,Deportes,Short,1,98608,23683
9500,1051,2024-12-23,Deportes,Bicicleta,5,437301,109856
9497,1051,2024-12-25,Hogar,Alfombra,1,61149,13741
9498,1051,2024-12-29,Tecnologia,Impresora,1,224092,46329
9502,1051,2024-12-29,Hogar,Mesa,1,88811,22906
9503,1052,2023-07-28,Hogar,Silla,2,271526,91264
9508,1052,2023-08-15,Hogar,Cafetera,1,82468,21122
9506,1052,2023-08-17,Vestuario,Jeans,3,31396,10943
9509,1052,2023-09-13,Deportes,Raqueta,2,161713,45381
9510,1052,2023-12-01,Deportes,Botella,1,84933,23355
9507,1052,2023-12-08,Electrodomesticos,Lavadora,2,494737,102444
9504,1052,2024-01-07,Deportes,Guantes,3,197144,72306
9505,1052,2024-01-12,Electrodomesticos,Horno,2,389638,64979
9511,1053,2023-08-23,Tecnologia,Teclado,1,290700,63353
9518,1053,2023-10-16,Hogar,Cortinas,2,139134,34217
9512,1053,2023-10-23,Hogar,Cortinas,1,62218,21078
9515,1053,2023-12-05,Vestuario,Polera,1,23112,7820
9514,1053,2023-12-12,Tecnologia,Tablet,3,517882,72260
9517,1053,2024-01-07,Vestuario,Zapatillas,4,240330,70692
9516,1053,2024-02-08,Electrodomesticos,Microondas,1,175484,31461
9513,1053,2024-03-25,Deportes,Casco,1,92098,22911
9519,1053,2024-10-25,Electrodomesticos,Purificador,1,151523,26383
9520,1054,2023-11-23,Tecnologia,Teclado,1,212945,37146
9524,1054,2023-11-26,Vestuario,Jeans,1,36967,10871
9522,1054,2023-12-24,Hogar,Lampara,1,83795,23332
9525,1054,2024-02-19,Electrodomesticos,Refrigerador,3,831690,170740
9523,1054,2024-05-01,Electrodomesticos,Microondas,2,438992,76116
9521,1054,2024-07-24,Tecnologia,Smartphone,3,683967,153417
9526,1055,2024-11-30,Vestuario,Buzo,1,55233,20305
9527,1055,2024-12-17,Hogar,Cortinas,2,122615,29092
9528,1055,2024-12-23,Vestuario,Calcetines,2,55806,20473
9530,1055,2024-12-29,Deportes,Casco,3,337402,85707
9529,1055,2024-12-30,Vestuario,Polera,2,88773,36194
9531,1056,2024-03-11,Vestuario,Buzo,1,25917,7702
9532,1056,2024-03-12,Vestuario,Jeans,2,102845,30896
9537,1056,2024-04-11,Vestuario,Camisa,1,69670,27096
9538,1056,2024-05-09,Hogar,Silla,4,428928,85010
9533,1056,2024-06-02,Tecnologia,Router,1,254274,46735
9534,1056,2024-06-25,Deportes,Guantes,2,92427,29828
9535,1056,2024-08-05,Electrodomesticos,Secadora,1,154079,25470
9539,1056,2024-08-06,Tecnologia,Impresora,2,200887,35303
9536,1056,2024-12-25,Electrodomesticos,Refrigerador,1,194836,34750
9540,1057,2022-08-29,Vestuario,Camisa,1,30913,12309
9543,1057,2022-08-30,Deportes,Balon,1,74132,20930
9541,1057,2022-09-08,Electrodomesticos,Plancha,1,165962,31885
9550,1057,2022-10-15,Electrodomesticos,Secadora,2,331889,67370
9545,1057,2022-10-16,Electrodomesticos,Microondas,2,630982,120628
9548,1057,2022-10-18,Deportes,Botella,1,77795,23471
9549,1057,2022-10-22,Electrodomesticos,Licuadora,1,128845,26603
9542,1057,2022-11-16,Hogar,Hervidor,1,74901,20445
9544,1057,2023-07-01,Deportes,Raqueta,1,42397,12891
9546,1057,2023-07-14,Tecnologia,Mouse,1,175523,41103
9547,1057,2023-11-01,Electrodomesticos,Plancha,1,223101,43656
9551,1058,2023-07-15,Hogar,Termo,3,308014,105051
9558,1058,2023-07-16,Electrodomesticos,Lavadora,4,658464,125020
9560,1058,2023-07-16,Electrodomesticos,Secadora,1,161417,31896
9556,1058,2023-08-02,Hogar,Organizador,3,199228,53841
9553,1058,2023-08-26,Deportes,Bicicleta,1,78213,23029
9554,1058,2023-09-10,Tecnologia,Monitor,1,264729,54353
9555,1058,2023-10-19,Electrodomesticos,Purificador,1,199034,29458
9559,1058,2023-10-31,Vestuario,Chaqueta,1,55631,17811
9557,1058,2023-12-25,Deportes,Raqueta,1,59970,18238
9552,1058,2024-05-18,Hogar,Silla,5,476563,125160
9561,1059,2023-08-08,Electrodomesticos,Licuadora,3,464595,100197
9563,1059,2023-08-08,Vestuario,Chaqueta,1,70002,27323
9566,1059,2023-08-24,Deportes,Guantes,1,69917,21232
9567,1059,2023-08-25,Electrodomesticos,Aspiradora,2,315216,61500
9565,1059,2023-09-28,Deportes,Pesas,1,73316,20939
9562,1059,2023-10-26,Vestuario,Buzo,1,32069,9557
9571,1059,2023-11-25,Hogar,Mesa,4,371528,85068
9568,1059,2023-12-02,Tecnologia,Mouse,3,702026,130683
9569,1059,2023-12-14,Electrodomesticos,Microondas,2,262337,39156
9572,1059,2024-01-06,Vestuario,Zapatillas,3,186681,59659
9570,1059,2024-01-28,Hogar,Silla,2,157273,37300
9564,1059,2024-04-20,Tecnologia,Router,1,245476,47428
9573,1060,2024-04-01,Electrodomesticos,Horno,1,351459,62025
9575,1060,2024-04-28,Hogar,Termo,1,89308,27207
9580,1060,2024-05-16,Deportes,Pesas,1,112569,37561
9583,1060,2024-05-30,Hogar,Silla,1,104073,25790
9584,1060,2024-06-04,Vestuario,Chaqueta,1,19767,6966
9576,1060,2024-07-06,Hogar,Alfombra,5,650095,203954
9581,1060,2024-07-12,Deportes,Guantes,2,86203,31014
9578,1060,2024-07-23,Deportes,Botella,1,70711,18122
9574,1060,2024-12-06,Electrodomesticos,Secadora,1,283034,38037
9585,1060,2024-12-14,Vestuario,Vestido,2,68816,28187
9582,1060,2024-12-18,Hogar,Silla,2,212059,56551
9577,1060,2024-12-27,Deportes,Bicicleta,2,136240,35846
9579,1060,2024-12-27,Vestuario,Polera,1,20010,5914
9586,1061,2022-04-11,Hogar,Silla,4,387703,99999
9588,1061,2022-05-31,Deportes,Balon,4,223107,64630
9587,1061,2022-08-01,Vestuario,Pantalon,2,103119,37099
9589,1061,2022-09-06,Electrodomesticos,Refrigerador,2,429058,79318
9590,1062,2022-06-05,Tecnologia,Teclado,1,231539,53655
9595,1062,2022-09-29,Vestuario,Pantalon,1,24065,9285
9594,1062,2022-09-30,Hogar,Mesa,1,56694,13918
9596,1062,2022-10-13,Electrodomesticos,Horno,1,223004,36932
9591,1062,2023-01-08,Deportes,Colchoneta,3,91156,26894
9592,1062,2023-05-25,Vestuario,Buzo,1,15570,5834
9593,1062,2023-10-23,Deportes,Guantes,2,111407,28670
9597,1063,2023-04-30,Electrodomesticos,Purificador,1,205546,33358
9600,1063,2023-05-25,Tecnologia,Router,1,301070,57412
9598,1063,2023-06-18,Electrodomesticos,Horno,1,136877,26646
9604,1063,2023-07-19,Hogar,Alfombra,1,110870,25490
9605,1063,2023-07-19,Hogar,Alfombra,1,51069,16786
9603,1063,2023-09-12,Vestuario,Zapatillas,1,33904,12042
9601,1063,2023-11-06,Hogar,Cortinas,1,123426,30141
9602,1063,2023-12-19,Hogar,Mesa,2,133294,35335
9599,1063,2024-02-21,Hogar,Sofa,1,165531,37630
9606,1064,2022-11-27,Deportes,Colchoneta,3,309607,91956
9609,1064,2023-04-21,Electrodomesticos,Microondas,3,716932,122708
9610,1064,2023-04-23,Electrodomesticos,Lavadora,1,104879,18185
9607,1064,2023-05-03,Hogar,Silla,2,250293,62162
9608,1064,2023-12-26,Vestuario,Zapatillas,1,20576,6551
9611,1065,2023-05-03,Hogar,Hervidor,1,31500,10980
9616,1065,2023-05-10,Electrodomesticos,Plancha,1,157343,29744
9614,1065,2023-05-22,Hogar,Silla,1,42545,12516
9620,1065,2023-05-22,Tecnologia,Tablet,1,270123,50806
9619,1065,2023-06-22,Hogar,Alfombra,6,717162,205022
9612,1065,2023-06-25,Hogar,Organizador,3,255621,69307
9618,1065,2023-07-03,Electrodomesticos,Microondas,1,229741,34415
9617,1065,2023-07-28,Hogar,Alfombra,1,96034,26952
9621,1065,2023-10-10,Deportes,Poleron,2,217181,58726
9613,1065,2023-10-26,Deportes,Colchoneta,2,169911,56185
9615,1065,2023-10-29,Deportes,Casco,1,68980,27787
9622,1066,2023-09-03,Deportes,Casco,4,268632,79591
9626,1066,2023-09-09,Vestuario,Zapatillas,1,53295,14340
9623,1066,2023-09-17,Vestuario,Vestido,3,98924,31553
9625,1066,2024-02-14,Electrodomesticos,Aspiradora,2,148370,27828
9624,1066,2024-11-01,Hogar,Alfombra,2,166033,40078
9627,1066,2024-11-27,Vestuario,Pantalon,1,38459,10539
9628,1067,2022-04-07,Hogar,Organizador,1,123902,38319
9630,1067,2022-05-05,Deportes,Botella,2,140063,46843
9635,1067,2022-05-10,Tecnologia,Monitor,4,933571,168411
9633,1067,2022-05-30,Electrodomesticos,Secadora,1,116498,17393
9629,1067,2022-06-02,Electrodomesticos,Microondas,1,251083,38038
9631,1067,2022-06-16,Electrodomesticos,Horno,1,322223,53287
9637,1067,2022-08-13,Deportes,Colchoneta,1,121606,34328
9632,1067,2022-10-18,Tecnologia,Smartwatch,3,836091,171233
9634,1067,2022-11-18,Hogar,Termo,1,89297,16882
9636,1067,2023-02-28,Vestuario,Chaqueta,2,96134,38802
9638,1067,2024-01-17,Deportes,Balon,1,57634,16379
9639,1068,2023-12-24,Electrodomesticos,Horno,1,144120,21905
9643,1068,2024-01-09,Hogar,Silla,3,302764,92717
9646,1068,2024-02-10,Vestuario,Chaqueta,1,58047,17852
9641,1068,2024-05-14,Vestuario,Calcetines,2,106778,39895
9640,1068,2024-06-15,Hogar,Alfombra,7,440018,117405
9645,1068,2024-07-08,Hogar,Silla,3,171893,45656
9644,1068,2024-08-15,Deportes,Guantes,2,111820,35951
9647,1068,2024-12-22,Deportes,Pesas,1,86420,25622
9642,1068,2024-12-27,Deportes,Poleron,1,78129,21628
9648,1069,2024-02-04,Electrodomesticos,Lavadora,1,220353,36296
9653,1069,2024-02-10,Electrodomesticos,Secadora,4,556638,114324
9651,1069,2024-02-17,Deportes,Raqueta,3,240296,75507
9654,1069,2024-02-24,Hogar,Lampara,1,78578,19109
9652,1069,2024-03-07,Electrodomesticos,Cocina,2,229059,42050
9656,1069,2024-05-14,Electrodomesticos,Secadora,1,168079,27670
9649,1069,2024-07-15,Vestuario,Polera,1,11939,4428
9650,1069,2024-09-01,Tecnologia,Smartwatch,1,374019,70119
9655,1069,2024-12-14,Vestuario,Polera,2,60806,23613
9657,1070,2023-05-20,Electrodomesticos,Licuadora,1,301716,48722
9667,1070,2023-06-03,Electrodomesticos,Horno,2,179024,33447
9668,1070,2023-06-06,Vestuario,Jeans,1,55864,20774
9659,1070,2023-06-16,Vestuario,Camisa,1,40877,17528
9661,1070,2023-07-20,Hogar,Hervidor,1,92979,29655
9658,1070,2023-08-21,Vestuario,Camisa,1,54459,20362
9666,1070,2023-08-28,Electrodomesticos,Lavadora,1,185844,30346
9669,1070,2023-09-10,Deportes,Balon,2,73573,20632
9660,1070,2023-10-03,Hogar,Lampara,2,145053,40226
9665,1070,2023-10-16,Hogar,Silla,1,31500,10320
9662,1070,2023-11-07,Vestuario,Gorro,1,31620,7127
9670,1070,2024-01-01,Electrodomesticos,Aspiradora,2,354005,60697
9664,1070,2024-01-26,Vestuario,Zapatillas,2,96542,31451
9663,1070,2024-03-12,Electrodomesticos,Horno,1,193550,34675
9671,1071,2023-11-26,Vestuario,Buzo,1,20635,6509
9679,1071,2023-11-28,Electrodomesticos,Refrigerador,1,88783,16892
9677,1071,2023-12-01,Electrodomesticos,Horno,4,816937,141683
9672,1071,2023-12-09,Vestuario,Chaqueta,2,65420,22182
9675,1071,2024-01-28,Tecnologia,Tablet,1,210237,42054
9676,1071,2024-05-12,Hogar,Silla,1,88181,24107
9673,1071,2024-06-19,Deportes,Raqueta,1,97344,39066
9678,1071,2024-07-07,Hogar,Silla,3,195520,52136
9674,1071,2024-07-15,Hogar,Cortinas,2,150593,46966
9680,1072,2022-09-15,Hogar,Organizador,1,72064,23380
9684,1072,2022-09-17,Electrodomesticos,Secadora,1,232311,46978
9682,1072,2022-10-11,Vestuario,Buzo,3,128641,44576
9687,1072,2022-10-23,Electrodomesticos,Lavadora,2,190179,27742
9683,1072,2022-11-16,Vestuario,Buzo,1,29649,9555
9689,1072,2022-11-20,Deportes,Casco,1,53098,14176
9688,1072,2022-12-09,Vestuario,Chaqueta,2,53170,16070
9685,1072,2023-04-05,Deportes,Casco,2,78568,26872
9681,1072,2023-04-08,Vestuario,Zapatillas,1,58486,20422
9686,1072,2023-05-02,Vestuario,Zapatillas,1,36161,12015
9690,1072,2024-02-20,Vestuario,Pantalon,1,46059,15200
9691,1073,2023-02-13,Electrodomesticos,Lavadora,2,371897,60153
9697,1073,2023-02-19,Tecnologia,Mouse,3,327864,67317
9692,1073,2023-04-19,Electrodomesticos,Plancha,1,63000,11728
9695,1073,2023-05-27,Vestuario,Jeans,3,134951,38342
9698,1073,2023-08-28,Deportes,Pesas,2,157810,49741
9696,1073,2023-10-04,Deportes,Botella,1,83074,21595
9694,1073,2024-04-11,Hogar,Mesa,3,297170,76414
9693,1073,2024-05-17,Vestuario,Chaqueta,2,54060,20866
9699,1074,2024-08-09,Tecnologia,Audifonos,1,248954,59109
9703,1074,2024-08-17,Tecnologia,Audifonos,1,241217,50773
9706,1074,2024-08-18,Electrodomesticos,Licuadora,2,252231,58374
9707,1074,2024-08-22,Vestuario,Camisa,1,21363,7326
9708,1074,2024-08-31,Electrodomesticos,Cocina,3,403332,89956
9704,1074,2024-10-13,Tecnologia,Monitor,4,835340,156593
9702,1074,2024-11-01,Vestuario,Buzo,1,36227,10499
9701,1074,2024-12-23,Deportes,Bicicleta,2,137495,35926
9700,1074,2024-12-28,Electrodomesticos,Purificador,2,466139,91475
9705,1074,2024-12-30,Tecnologia,Smartphone,1,150747,25114
9713,1075,2024-12-21,Hogar,Silla,2,242690,68397
9710,1075,2024-12-23,Deportes,Pesas,1,39737,11573
9719,1075,2024-12-24,Tecnologia,Smartphone,1,124010,23429
9714,1075,2024-12-27,Hogar,Silla,4,126000,31853
9709,1075,2024-12-29,Vestuario,Polera,1,59571,17967
9711,1075,2024-12-29,Electrodomesticos,Lavadora,1,276548,45354
9712,1075,2024-12-30,Hogar,Alfombra,3,316735,88418
9715,1075,2024-12-30,Electrodomesticos,Aspiradora,2,206148,40827
9717,1075,2024-12-30,Vestuario,Chaqueta,1,58771,17359
9718,1075,2024-12-30,Electrodomesticos,Secadora,3,370534,60293
9716,1075,2024-12-31,Deportes,Casco,1,31535,8431
9720,1076,2023-04-21,Electrodomesticos,Aspiradora,1,212828,35391
9721,1076,2023-04-24,Hogar,Organizador,1,79035,15491
9723,1076,2023-05-03,Electrodomesticos,Microondas,1,159650,29890
9729,1076,2023-05-12,Vestuario,Jeans,1,45496,17212
9725,1076,2023-05-16,Deportes,Raqueta,3,259581,67510
9727,1076,2023-06-12,Deportes,Short,1,69029,17802
9726,1076,2023-07-23,Deportes,Guantes,2,147317,52088
9724,1076,2023-08-28,Deportes,Bicicleta,2,180030,54523
9728,1076,2023-10-23,Electrodomesticos,Aspiradora,2,437060,68979
9722,1076,2023-12-13,Deportes,Pesas,4,292030,66733
9730,1077,2024-03-13,Hogar,Termo,2,166085,43296
9732,1077,2024-03-25,Hogar,Hervidor,2,218261,70273
9734,1077,2024-04-21,Tecnologia,Tablet,1,189364,31581
9735,1077,2024-05-23,Vestuario,Camisa,1,42859,12923
9731,1077,2024-08-04,Deportes,Guantes,1,56809,18497
9733,1077,2024-09-10,Tecnologia,Smartwatch,3,377438,84785
9736,1078,2024-06-10,Vestuario,Pantalon,1,19166,6737
9738,1078,2024-06-10,Tecnologia,Tablet,2,314992,55597
9740,1078,2024-06-15,Vestuario,Vestido,1,79419,30193
9741,1078,2024-06-17,Deportes,Bicicleta,2,124239,30450
9744,1078,2024-06-28,Tecnologia,Smartwatch,1,117333,19664
9739,1078,2024-07-16,Vestuario,Camisa,1,53004,18876
9745,1078,2024-10-29,Hogar,Cortinas,3,292992,81571
9742,1078,2024-11-02,Vestuario,Polera,3,89226,29527
9737,1078,2024-11-24,Electrodomesticos,Refrigerador,1,247956,44745
9743,1078,2024-12-26,Electrodomesticos,Lavadora,1,131156,21381
9746,1079,2023-06-16,Electrodomesticos,Refrigerador,1,202112,44413
9755,1079,2023-06-18,Electrodomesticos,Secadora,1,297116,45514
9748,1079,2023-06-22,Electrodomesticos,Horno,5,877614,132621
9747,1079,2023-07-03,Hogar,Cafetera,1,108702,28089
9750,1079,2023-07-10,Tecnologia,Smartwatch,2,352584,67323
9751,1079,2023-07-25,Tecnologia,Mouse,2,288394,57419
9749,1079,2023-08-09,Tecnologia,Impresora,1,180166,33827
9754,1079,2023-08-24,Vestuario,Gorro,2,65173,23703
9753,1079,2023-09-05,Electrodomesticos,Microondas,1,63000,10683
9756,1079,2023-11-05,Hogar,Mesa,1,31500,7622
9752,1079,2024-12-21,Deportes,Casco,2,174954,49035
9757,1080,2023-06-12,Hogar,Silla,1,107604,28576
9764,1080,2023-06-26,Tecnologia,Monitor,1,264380,47995
9760,1080,2023-07-12,Tecnologia,Audifonos,4,768411,142426
9766,1080,2023-07-28,Hogar,Mesa,3,167280,38642
9758,1080,2023-08-16,Deportes,Botella,2,180338,43282
9763,1080,2023-11-01,Tecnologia,Notebook,2,491516,94444
9759,1080,2023-11-02,Vestuario,Calcetines,1,34905,11137
9762,1080,2023-11-10,Electrodomesticos,Aspiradora,2,128722,24768
9761,1080,2024-05-26,Electrodomesticos,Secadora,2,465802,75561
9765,1080,2024-12-29,Deportes,Short,1,65051,17379
9767,1081,2023-08-03,Electrodomesticos,Horno,1,283987,50469
9771,1081,2023-08-08,Hogar,Alfombra,1,97145,23515
9773,1081,2023-08-14,Tecnologia,Teclado,1,199590,35141
9768,1081,2023-08-28,Tecnologia,Router,1,240698,47913
9770,1081,2023-09-01,Electrodomesticos,Secadora,2,579624,91766
9775,1081,2023-09-07,Vestuario,Gorro,1,60154,21143
9769,1081,2023-09-23,Deportes,Poleron,2,79634,23030
9774,1081,2023-09-30,Hogar,Mesa,1,83360,23118
9772,1081,2023-12-03,Deportes,Balon,2,115247,29559
9776,1082,2023-08-10,Deportes,Short,2,195910,65274
9781,1082,2023-08-19,Vestuario,Gorro,2,83725,27729
9788,1082,2023-08-26,Vestuario,Vestido,1,36686,9545
9787,1082,2023-09-01,Tecnologia,Mouse,1,192128,39152
9783,1082,2023-10-09,Vestuario,Polera,1,50338,22140
9779,1082,2023-10-28,Tecnologia,Tablet,3,794848,141965
9785,1082,2023-10-30,Deportes,Colchoneta,1,43291,14070
9784,1082,2023-12-21,Tecnologia,Monitor,3,582540,115766
9778,1082,2023-12-26,Hogar,Cortinas,1,69674,13719
9777,1082,2024-01-09,Vestuario,Jeans,2,73097,22187
9789,1082,2024-01-20,Deportes,Short,1,76774,24876
9782,1082,2024-06-24,Tecnologia,Smartphone,1,229859,44041
9780,1082,2024-08-12,Tecnologia,Notebook,1,253648,45415
9786,1082,2024-11-03,Hogar,Cafetera,1,111948,28136
9790,1083,2023-07-15,Tecnologia,Smartwatch,1,151919,31166
9795,1083,2023-08-13,Hogar,Hervidor,4,301066,84797
9791,1083,2023-08-17,Deportes,Bicicleta,1,50451,13834
9798,1083,2023-09-04,Deportes,Guantes,2,161985,51308
9796,1083,2023-09-18,Electrodomesticos,Microondas,1,172277,31241
9800,1083,2023-09-26,Vestuario,Polera,4,206459,77786
9793,1083,2023-11-06,Electrodomesticos,Aspiradora,2,415019,57436
9797,1083,2023-11-21,Tecnologia,Smartphone,2,205161,39000
9792,1083,2023-12-28,Tecnologia,Tablet,1,242321,44856
9794,1083,2024-07-11,Deportes,Balon,1,77780,22520
9799,1083,2024-08-01,Electrodomesticos,Plancha,1,267989,41434
9801,1084,2023-11-06,Vestuario,Buzo,5,176059,43413
9803,1084,2023-11-13,Hogar,Sofa,2,147921,40046
9805,1084,2023-11-13,Deportes,Poleron,2,128739,40366
9810,1084,2023-11-14,Vestuario,Vestido,1,24967,8029
9812,1084,2023-12-05,Electrodomesticos,Purificador,1,258451,39697
9809,1084,2023-12-10,Hogar,Lampara,2,227690,61482
9802,1084,2024-01-13,Electrodomesticos,Purificador,3,245509,37287
9806,1084,2024-01-27,Vestuario,Pantalon,2,102153,42819
9807,1084,2024-03-31,Deportes,Pesas,2,104270,29926
9808,1084,2024-04-14,Deportes,Short,1,39433,13035
9811,1084,2024-05-16,Hogar,Organizador,3,379738,99562
9804,1084,2024-06-16,Vestuario,Polera,1,46765,18511
9813,1085,2023-11-25,Tecnologia,Audifonos,1,251738,46991
9819,1085,2023-12-16,Tecnologia,Mouse,1,276294,49513
9818,1085,2023-12-25,Tecnologia,Teclado,2,188410,38013
9820,1085,2024-01-01,Hogar,Alfombra,4,542534,141206
9823,1085,2024-01-17,Electrodomesticos,Aspiradora,1,63000,12306
9825,1085,2024-02-11,Tecnologia,Audifonos,4,827948,172162
9814,1085,2024-02-26,Deportes,Short,2,143648,45720
9816,1085,2024-04-02,Electrodomesticos,Purificador,1,196588,40911
9822,1085,2024-04-22,Tecnologia,Audifonos,3,657879,146466
9817,1085,2024-06-25,Deportes,Guantes,1,86986,23788
9824,1085,2024-07-19,Vestuario,Buzo,3,129373,48554
9815,1085,2024-10-12,Electrodomesticos,Cocina,1,75349,9494
9821,1085,2024-12-26,Hogar,Sofa,1,125163,34269
9826,1086,2023-03-11,Electrodomesticos,Cocina,2,376270,66881
9827,1086,2023-03-31,Electrodomesticos,Aspiradora,1,242240,49051
9830,1086,2023-03-31,Electrodomesticos,Secadora,1,271693,53799
9829,1086,2023-04-07,Vestuario,Polera,1,43915,14047
9833,1086,2023-06-14,Vestuario,Zapatillas,2,77854,27267
9834,1086,2023-07-18,Hogar,Alfombra,1,53283,16924
9828,1086,2023-07-29,Hogar,Hervidor,3,387675,121105
9831,1086,2023-08-17,Tecnologia,Smartwatch,2,397052,75054
9832,1086,2024-01-24,Tecnologia,Monitor,1,133639,25107
9835,1087,2024-12-10,Tecnologia,Tablet,1,163198,30260
9838,1087,2024-12-21,Electrodomesticos,Horno,1,181343,24499
9836,1087,2024-12-26,Hogar,Sofa,1,118785,31624
9837,1087,2024-12-28,Electrodomesticos,Lavadora,1,149785,26005
9839,1087,2024-12-31,Tecnologia,Mouse,1,228686,46172
9840,1088,2024-08-18,Electrodomesticos,Microondas,3,586992,98936
9844,1088,2024-08-21,Tecnologia,Smartwatch,1,173827,29970
9842,1088,2024-09-12,Tecnologia,Audifonos,2,318190,58388
9846,1088,2024-09-19,Hogar,Organizador,2,165905,50457
9841,1088,2024-09-23,Hogar,Mesa,3,279734,81532
9843,1088,2024-10-06,Deportes,Botella,1,86796,28243
9845,1088,2024-10-18,Tecnologia,Notebook,4,647947,155354
9847,1089,2023-04-21,Hogar,Mesa,1,147949,36611
9848,1089,2023-06-01,Deportes,Bicicleta,4,221777,69989
9855,1089,2023-06-12,Tecnologia,Tablet,1,136113,22212
9850,1089,2023-07-01,Electrodomesticos,Purificador,2,352005,58074
9851,1089,2023-08-05,Tecnologia,Smartwatch,1,115992,25754
9849,1089,2023-08-08,Deportes,Short,1,51954,13992
9852,1089,2023-09-10,Vestuario,Calcetines,6,187771,80498
9854,1089,2023-09-19,Deportes,Poleron,4,336590,121024
9853,1089,2023-11-08,Electrodomesticos,Refrigerador,1,190669,33182
9856,1089,2024-04-25,Hogar,Cafetera,1,71702,20439
9857,1090,2024-11-10,Electrodomesticos,Secadora,3,436175,74376
9859,1090,2024-11-30,Electrodomesticos,Secadora,3,209806,38499
9863,1090,2024-12-22,Hogar,Cafetera,3,218412,72013
9864,1090,2024-12-22,Electrodomesticos,Aspiradora,2,339262,57192
9860,1090,2024-12-23,Vestuario,Polera,1,70455,20420
9862,1090,2024-12-23,Vestuario,Camisa,2,56258,12745
9865,1090,2024-12-25,Hogar,Termo,1,95555,31077
9866,1090,2024-12-28,Tecnologia,Teclado,1,304508,52860
9861,1090,2024-12-30,Hogar,Mesa,3,360296,87695
9858,1090,2024-12-31,Electrodomesticos,Lavadora,3,189000,34237
9867,1091,2023-02-25,Tecnologia,Teclado,1,244871,44637
9873,1091,2023-03-08,Vestuario,Buzo,4,141631,40640
9869,1091,2023-03-13,Electrodomesticos,Aspiradora,1,227613,42912
9872,1091,2023-03-15,Deportes,Colchoneta,3,76824,22546
9868,1091,2023-04-25,Electrodomesticos,Microondas,4,585734,122390
9877,1091,2023-05-13,Tecnologia,Router,1,250190,42736
9871,1091,2023-05-28,Tecnologia,Notebook,1,254591,47485
9876,1091,2023-06-17,Electrodomesticos,Horno,1,269547,40909
9874,1091,2023-07-19,Hogar,Lampara,1,146150,47687
9870,1091,2023-09-02,Vestuario,Zapatillas,2,98323,37732
9875,1091,2023-11-01,Deportes,Pesas,1,65219,18247
9878,1092,2022-10-02,Deportes,Poleron,1,73986,25351
9885,1092,2022-10-12,Electrodomesticos,Horno,2,382260,73897
9880,1092,2022-10-26,Tecnologia,Mouse,1,177626,32839
9881,1092,2022-10-27,Deportes,Raqueta,2,244358,76133
9884,1092,2022-11-23,Deportes,Raqueta,4,369909,94522
9886,1092,2022-12-20,Hogar,Alfombra,1,59319,16931
9879,1092,2022-12-27,Vestuario,Camisa,1,12507,3518
9883,1092,2023-03-04,Deportes,Balon,1,87628,25923
9882,1092,2023-09-17,Vestuario,Vestido,2,67294,24376
9887,1093,2023-04-05,Electrodomesticos,Lavadora,1,107917,16336
9888,1093,2023-05-20,Tecnologia,Smartphone,2,516333,96241
9889,1093,2023-06-30,Vestuario,Polera,2,67363,30041
9890,1093,2023-09-12,Electrodomesticos,Horno,1,260171,45156
9891,1094,2023-10-04,Electrodomesticos,Microondas,1,170577,29672
9896,1094,2023-10-04,Deportes,Colchoneta,1,99034,30307
9894,1094,2023-11-02,Hogar,Lampara,2,145667,38505
9895,1094,2023-11-12,Hogar,Cortinas,2,208695,54026
9892,1094,2023-12-21,Hogar,Organizador,1,178600,47588
9897,1094,2024-01-07,Tecnologia,Smartphone,1,332032,71941
9893,1094,2024-08-09,Vestuario,Pantalon,1,69760,24894
9898,1095,2023-06-10,Deportes,Short,1,57439,18803
9903,1095,2023-06-27,Deportes,Colchoneta,1,96073,26739
9902,1095,2023-07-07,Tecnologia,Teclado,3,352461,61017
9904,1095,2023-07-27,Tecnologia,Tablet,2,340424,76759
9900,1095,2023-08-25,Vestuario,Polera,1,54464,18538
9901,1095,2023-08-29,Vestuario,Zapatillas,2,83535,29253
9905,1095,2024-01-27,Deportes,Short,3,180512,57090
9899,1095,2024-07-09,Deportes,Short,2,163665,49727
9906,1096,2023-12-23,Tecnologia,Smartphone,1,202428,39052
9908,1096,2024-01-04,Deportes,Guantes,1,73643,22006
9912,1096,2024-01-20,Vestuario,Buzo,4,153668,55293
9911,1096,2024-01-21,Tecnologia,Mouse,1,164675,35705
9907,1096,2024-01-28,Tecnologia,Tablet,1,227037,42475
9915,1096,2024-01-30,Vestuario,Polera,1,18542,5407
9910,1096,2024-03-31,Hogar,Sofa,3,94500,26796
9914,1096,2024-04-05,Electrodomesticos,Horno,1,191527,37283
9913,1096,2024-05-03,Deportes,Bicicleta,1,53857,17572
9909,1096,2024-06-10,Vestuario,Pantalon,2,94432,27253
9916,1097,2023-05-25,Electrodomesticos,Licuadora,1,118591,17086
9930,1097,2023-06-02,Deportes,Poleron,3,183182,57694
9925,1097,2023-06-03,Vestuario,Polera,1,41000,14173
9931,1097,2023-06-07,Vestuario,Camisa,1,41567,12751
9919,1097,2023-06-14,Tecnologia,Notebook,1,106843,19744
9924,1097,2023-06-24,Hogar,Lampara,3,126820,37778
9920,1097,2023-06-26,Electrodomesticos,Refrigerador,2,377708,54594
9918,1097,2023-07-14,Tecnologia,Notebook,1,266158,53184
9921,1097,2023-08-05,Electrodomesticos,Licuadora,2,475245,94161
9922,1097,2023-09-12,Tecnologia,Audifonos,3,459404,91098
9926,1097,2023-11-05,Hogar,Hervidor,1,74361,16949
9917,1097,2023-11-09,Vestuario,Polera,1,26051,7223
9923,1097,2023-12-04,Electrodomesticos,Licuadora,1,156168,27536
9927,1097,2023-12-10,Electrodomesticos,Microondas,1,204137,34174
9928,1097,2024-04-18,Electrodomesticos,Microondas,3,459747,82529
9929,1097,2024-08-03,Vestuario,Vestido,1,37576,12568
9938,1098,2024-12-21,Hogar,Mesa,2,85961,20907
9939,1098,2024-12-21,Vestuario,Camisa,2,48213,12939
9941,1098,2024-12-23,Electrodomesticos,Purificador,1,67710,8104
9943,1098,2024-12-23,Hogar,Lampara,1,65931,17699
9932,1098,2024-12-24,Deportes,Bicicleta,2,213914,57579
9942,1098,2024-12-24,Electrodomesticos,Lavadora,2,396719,59082
9934,1098,2024-12-26,Electrodomesticos,Secadora,1,286034,47755
9936,1098,2024-12-27,Vestuario,Buzo,1,21119,8277
9937,1098,2024-12-27,Tecnologia,Smartwatch,2,481002,73805
9933,1098,2024-12-30,Vestuario,Buzo,3,205089,57835
9935,1098,2024-12-30,Deportes,Pesas,3,232817,70479
9940,1098,2024-12-30,Deportes,Colchoneta,4,183597,57235
9944,1098,2024-12-31,Hogar,Cortinas,1,63559,19511
9945,1099,2022-05-03,Vestuario,Polera,1,41751,16665
9947,1099,2022-05-04,Vestuario,Zapatillas,1,27333,7230
9948,1099,2022-05-04,Hogar,Silla,1,133166,40716
9946,1099,2022-08-21,Electrodomesticos,Refrigerador,2,362955,65805
9949,1099,2022-08-27,Deportes,Guantes,1,41450,11663
9950,1099,2023-01-23,Hogar,Sofa,1,121459,39777
9951,1100,2023-04-12,Electrodomesticos,Purificador,1,102835,19387
9955,1100,2023-04-27,Vestuario,Calcetines,2,83803,28666
9956,1100,2023-04-27,Vestuario,Gorro,2,53999,21250
9953,1100,2023-06-01,Tecnologia,Smartphone,1,216784,43784
9952,1100,2023-06-02,Tecnologia,Notebook,1,203579,45311
9959,1100,2023-06-09,Hogar,Silla,1,78092,21082
9958,1100,2023-08-24,Hogar,Organizador,4,349886,97136
9954,1100,2023-09-27,Deportes,Bicicleta,1,52107,17970
9957,1100,2024-01-13,Electrodomesticos,Licuadora,1,83699,12758
9960,1101,2024-01-30,Vestuario,Gorro,1,45482,13982
9964,1101,2024-02-25,Vestuario,Polera,1,14299,6086
9961,1101,2024-03-24,Deportes,Botella,2,158608,45500
9965,1101,2024-05-26,Hogar,Organizador,1,115647,34190
9963,1101,2024-06-20,Tecnologia,Impresora,1,278983,49243
9962,1101,2024-06-22,Vestuario,Zapatillas,3,194132,69474
9966,1102,2023-08-31,Vestuario,Polera,2,80561,32071
9967,1102,2023-10-05,Hogar,Cortinas,4,552150,138276
9970,1102,2023-11-10,Deportes,Balon,3,73500,20432
9968,1102,2023-12-14,Tecnologia,Tablet,5,1006084,142794
9969,1102,2024-11-25,Vestuario,Camisa,1,53837,16457
9971,1103,2022-04-10,Electrodomesticos,Aspiradora,1,146776,24946
9972,1103,2022-05-12,Hogar,Cortinas,1,104254,28352
9973,1103,2022-07-03,Hogar,Sofa,3,295955,83354
9976,1103,2022-07-29,Vestuario,Zapatillas,1,64734,22641
9977,1103,2022-08-31,Electrodomesticos,Aspiradora,3,396730,59311
9974,1103,2023-03-09,Tecnologia,Mouse,1,186752,39715
9975,1103,2023-06-08,Deportes,Short,2,132671,53689
9978,1104,2024-11-18,Deportes,Colchoneta,1,89330,23413
9985,1104,2024-11-24,Tecnologia,Teclado,1,283700,45841
9984,1104,2024-11-25,Vestuario,Zapatillas,2,116464,38061
9980,1104,2024-12-01,Tecnologia,Monitor,3,906403,185239
9981,1104,2024-12-05,Hogar,Hervidor,4,523972,163156
9979,1104,2024-12-23,Electrodomesticos,Cocina,1,147053,24843
9983,1104,2024-12-23,Tecnologia,Impresora,1,77000,14871
9987,1104,2024-12-26,Electrodomesticos,Cocina,1,214857,38438
9986,1104,2024-12-27,Electrodomesticos,Purificador,1,283489,43052
9988,1104,2024-12-27,Deportes,Poleron,5,368231,83806
9982,1104,2024-12-29,Deportes,Pesas,1,83455,21606
9989,1105,2023-06-26,Hogar,Silla,1,115046,31681
9993,1105,2023-08-04,Deportes,Balon,2,214053,49087
9994,1105,2023-08-21,Deportes,Colchoneta,2,135273,39506
9991,1105,2023-09-21,Electrodomesticos,Microondas,2,418874,71415
9992,1105,2023-11-21,Deportes,Poleron,1,45692,15130
9990,1105,2024-01-03,Electrodomesticos,Cocina,1,168810,32898
9995,1106,2023-08-20,Electrodomesticos,Plancha,5,914759,137057
10001,1106,2023-08-22,Electrodomesticos,Cocina,3,384997,54228
9996,1106,2023-09-13,Tecnologia,Smartwatch,1,217785,57198
10003,1106,2023-10-01,Electrodomesticos,Licuadora,2,245653,48564
10004,1106,2023-12-04,Tecnologia,Router,2,353758,67926
9997,1106,2023-12-10,Deportes,Pesas,3,192405,52658
10007,1106,2023-12-23,Hogar,Termo,2,208641,52886
9998,1106,2023-12-30,Hogar,Cortinas,3,94500,24894
10005,1106,2024-01-07,Hogar,Hervidor,3,327220,76856
10000,1106,2024-02-15,Deportes,Bicicleta,2,116966,35747
10002,1106,2024-02-21,Vestuario,Gorro,1,29617,9789
10006,1106,2024-04-29,Deportes,Pesas,1,63883,19504
9999,1106,2024-09-12,Tecnologia,Smartphone,4,998797,209114
10008,1107,2024-03-29,Hogar,Cafetera,1,84662,24420
10011,1107,2024-04-10,Electrodomesticos,Lavadora,3,666021,118548
10013,1107,2024-04-19,Electrodomesticos,Plancha,3,681938,140846
10016,1107,2024-04-23,Tecnologia,Smartwatch,3,820741,191906
10018,1107,2024-05-02,Deportes,Casco,1,51908,14098
10012,1107,2024-06-12,Electrodomesticos,Cocina,1,211858,42260
10009,1107,2024-07-14,Vestuario,Pantalon,1,33203,10657
10010,1107,2024-07-21,Hogar,Sofa,2,134238,34612
10015,1107,2024-08-19,Tecnologia,Smartphone,4,736123,156367
10014,1107,2024-08-27,Deportes,Balon,2,192530,57729
10017,1107,2024-10-10,Electrodomesticos,Microondas,3,210108,37861
10019,1108,2024-07-06,Tecnologia,Notebook,1,160972,32524
10021,1108,2024-07-18,Vestuario,Polera,1,61846,18528
10022,1108,2024-09-20,Vestuario,Polera,2,34131,12175
10020,1108,2024-12-23,Hogar,Mesa,2,147008,38373
10023,1109,2023-12-24,Deportes,Colchoneta,1,30640,6667
10025,1109,2024-01-16,Tecnologia,Audifonos,1,196269,39493
10026,1109,2024-01-24,Electrodomesticos,Secadora,2,359529,59746
10024,1109,2024-09-23,Deportes,Short,1,83046,20803
10027,1109,2024-12-31,Vestuario,Pantalon,3,107174,38719
10028,1110,2022-03-02,Tecnologia,Impresora,1,288720,60604
10031,1110,2022-03-03,Electrodomesticos,Licuadora,1,107689,20171
10030,1110,2022-03-18,Tecnologia,Impresora,1,209646,46889
10036,1110,2022-04-10,Hogar,Mesa,1,64405,20451
10033,1110,2022-04-11,Electrodomesticos,Horno,1,63000,11210
10034,1110,2022-04-24,Vestuario,Jeans,2,100156,38463
10035,1110,2022-06-01,Tecnologia,Mouse,1,361560,61340
10037,1110,2022-06-28,Hogar,Sofa,1,53345,14355
10029,1110,2022-10-26,Hogar,Silla,2,165817,62679
10032,1110,2022-10-27,Electrodomesticos,Cocina,2,281813,57639
10038,1111,2023-12-26,Tecnologia,Router,2,376871,67121
10042,1111,2024-01-14,Deportes,Botella,2,232884,87242
10039,1111,2024-02-03,Deportes,Balon,2,94728,26453
10044,1111,2024-02-10,Electrodomesticos,Cocina,2,426207,68668
10043,1111,2024-03-25,Tecnologia,Mouse,4,732966,134060
10040,1111,2024-04-12,Deportes,Poleron,4,374061,110738
10041,1111,2024-05-05,Hogar,Cortinas,1,87825,22728
10045,1112,2024-09-14,Vestuario,Chaqueta,2,90650,31659
10052,1112,2024-09-22,Tecnologia,Smartwatch,1,220710,48709
10051,1112,2024-10-06,Deportes,Casco,1,66799,21801
10050,1112,2024-10-08,Tecnologia,Monitor,1,190190,30912
10047,1112,2024-10-25,Hogar,Hervidor,3,296180,86149
10048,1112,2024-11-15,Tecnologia,Router,1,182370,33316
10053,1112,2024-12-10,Electrodomesticos,Secadora,1,154492,25133
10046,1112,2024-12-22,Vestuario,Calcetines,1,28262,10001
10049,1112,2024-12-28,Vestuario,Chaqueta,1,38491,11779
10054,1112,2024-12-31,Vestuario,Camisa,2,170602,62501
10055,1113,2024-06-19,Electrodomesticos,Plancha,2,428244,70056
10063,1113,2024-06-29,Electrodomesticos,Cocina,1,106357,14983
10061,1113,2024-07-05,Vestuario,Polera,3,189636,64803
10056,1113,2024-07-19,Hogar,Cortinas,1,128410,31366
10058,1113,2024-08-29,Hogar,Organizador,1,98789,28119
10060,1113,2024-09-15,Vestuario,Jeans,1,33554,13028
10065,1113,2024-10-05,Deportes,Botella,1,35802,9513
10064,1113,2024-12-24,Electrodomesticos,Microondas,1,129591,20925
10059,1113,2024-12-25,Electrodomesticos,Refrigerador,3,295952,50185
10066,1113,2024-12-27,Hogar,Cafetera,2,178258,53881
10062,1113,2024-12-29,Deportes,Poleron,2,213367,57329
10057,1113,2024-12-31,Hogar,Cortinas,5,208104,62154
10067,1114,2023-01-26,Electrodomesticos,Lavadora,4,691272,149260
10074,1114,2023-03-09,Vestuario,Gorro,2,26513,8831
10068,1114,2023-03-16,Deportes,Guantes,3,104531,28485
10072,1114,2023-03-18,Vestuario,Vestido,1,45168,13256
10071,1114,2023-05-05,Deportes,Short,2,158294,48056
10073,1114,2023-07-23,Electrodomesticos,Lavadora,3,413733,87126
10070,1114,2023-10-23,Tecnologia,Smartwatch,3,492711,94254
10069,1114,2024-02-14,Vestuario,Zapatillas,1,61452,21440
10075,1115,2023-08-22,Deportes,Raqueta,1,88119,28577
10080,1115,2023-09-05,Electrodomesticos,Plancha,1,108192,16107
10079,1115,2023-09-22,Deportes,Casco,1,70645,20498
10076,1115,2023-10-14,Deportes,Poleron,1,88433,25881
10077,1115,2023-11-10,Electrodomesticos,Refrigerador,2,179050,30615
10082,1115,2023-12-10,Deportes,Short,1,71487,21895
10078,1115,2024-01-09,Electrodomesticos,Licuadora,5,758753,161601
10083,1115,2024-01-26,Electrodomesticos,Horno,1,237619,46073
10081,1115,2024-02-03,Deportes,Colchoneta,2,227763,65046
10084,1116,2023-02-19,Vestuario,Buzo,2,81309,25141
10086,1116,2023-03-05,Electrodomesticos,Secadora,2,276511,51789
10087,1116,2023-03-08,Tecnologia,Smartwatch,1,106678,20549
10091,1116,2023-03-17,Deportes,Raqueta,4,238414,80070
10085,1116,2023-03-19,Tecnologia,Router,1,277795,50313
10089,1116,2023-03-21,Hogar,Alfombra,2,117840,35067
10088,1116,2023-06-24,Tecnologia,Smartwatch,1,315327,73644
10090,1116,2023-07-22,Vestuario,Chaqueta,2,74959,24569
10092,1116,2023-11-26,Electrodomesticos,Lavadora,1,198868,39012
10093,1117,2024-09-30,Hogar,Hervidor,3,116849,36828
10100,1117,2024-10-12,Hogar,Termo,1,118587,44826
10094,1117,2024-10-23,Deportes,Pesas,2,152862,48119
10099,1117,2024-11-03,Tecnologia,Smartwatch,2,800628,171885
10102,1117,2024-11-30,Hogar,Cafetera,1,55963,17362
10096,1117,2024-12-03,Hogar,Cafetera,1,114189,31224
10103,1117,2024-12-16,Deportes,Pesas,2,225120,66609
10101,1117,2024-12-21,Hogar,Cortinas,3,220880,62934
10104,1117,2024-12-25,Tecnologia,Router,4,1119867,201818
10105,1117,2024-12-26,Vestuario,Camisa,3,53978,18081
10097,1117,2024-12-28,Electrodomesticos,Horno,1,188621,28455
10098,1117,2024-12-29,Deportes,Guantes,2,201279,59675
10095,1117,2024-12-31,Tecnologia,Impresora,1,104700,22571
10106,1118,2022-12-13,Hogar,Organizador,1,107353,32650
10109,1118,2023-01-14,Vestuario,Jeans,2,108125,39454
10111,1118,2023-01-24,Electrodomesticos,Purificador,4,252000,47414
10110,1118,2023-03-02,Vestuario,Chaqueta,1,26237,7345
10107,1118,2023-03-09,Hogar,Termo,2,168717,45699
10112,1118,2023-07-07,Electrodomesticos,Microondas,2,475338,79177
10108,1118,2023-09-19,Tecnologia,Tablet,2,228676,49103
10113,1119,2023-01-03,Vestuario,Camisa,2,131312,36335
10114,1119,2023-01-30,Hogar,Hervidor,1,132317,32580
10115,1119,2023-03-16,Hogar,Mesa,2,207720,68848
10117,1119,2023-09-03,Hogar,Sofa,1,131684,37243
10116,1119,2023-09-13,Electrodomesticos,Plancha,4,583190,92762
10118,1119,2023-10-02,Hogar,Mesa,1,108933,31716
10119,1119,2024-01-20,Tecnologia,Router,3,775497,177766
10120,1120,2023-04-20,Electrodomesticos,Cocina,1,181519,35207
10127,1120,2023-06-05,Electrodomesticos,Refrigerador,1,269433,46924
10126,1120,2023-07-10,Tecnologia,Router,4,1186438,308756
10123,1120,2023-08-11,Vestuario,Camisa,1,25765,8467
10121,1120,2023-09-19,Electrodomesticos,Aspiradora,1,128191,23778
10124,1120,2023-10-14,Deportes,Bicicleta,3,233286,65115
10122,1120,2023-10-15,Vestuario,Buzo,3,194710,55883
10125,1120,2023-11-06,Electrodomesticos,Refrigerador,3,438680,85779
10128,1121,2023-01-17,Vestuario,Camisa,1,45404,17266
10132,1121,2023-01-19,Vestuario,Chaqueta,1,30368,9405
10133,1121,2023-02-13,Vestuario,Gorro,1,42002,14349
10131,1121,2023-02-17,Electrodomesticos,Microondas,1,150729,27319
10130,1121,2023-02-19,Deportes,Short,1,57175,16134
10129,1121,2023-10-18,Tecnologia,Tablet,1,131244,18755
10134,1122,2024-12-02,Vestuario,Buzo,2,94366,31638
10142,1122,2024-12-04,Vestuario,Camisa,1,43167,13152
10135,1122,2024-12-21,Vestuario,Buzo,2,48708,17240
10137,1122,2024-12-21,Electrodomesticos,Horno,1,212309,31475
10140,1122,2024-12-24,Vestuario,Zapatillas,1,35185,12262
10138,1122,2024-12-25,Electrodomesticos,Horno,2,376756,45333
10136,1122,2024-12-27,Vestuario,Calcetines,3,92754,25998
10141,1122,2024-12-28,Electrodomesticos,Lavadora,1,254871,39774
10139,1122,2024-12-29,Deportes,Guantes,4,432469,117342
10143,1123,2024-06-16,Deportes,Colchoneta,1,77186,21141
10150,1123,2024-06-20,Hogar,Alfombra,1,104403,27989
10153,1123,2024-07-12,Tecnologia,Tablet,1,190543,29166
10148,1123,2024-07-17,Vestuario,Vestido,1,68058,22029
10147,1123,2024-08-02,Hogar,Termo,1,96819,30709
10155,1123,2024-08-20,Electrodomesticos,Secadora,5,613529,114178
10151,1123,2024-09-20,Deportes,Casco,2,147460,55178
10144,1123,2024-09-22,Deportes,Pesas,1,107948,38363
10149,1123,2024-09-27,Deportes,Bicicleta,1,78408,23886
10154,1123,2024-10-31,Electrodomesticos,Lavadora,1,181171,37071
10152,1123,2024-12-07,Electrodomesticos,Horno,3,710199,126713
10145,1123,2024-12-14,Vestuario,Jeans,4,167781,54184
10146,1123,2024-12-25,Deportes,Short,1,80863,22648
10156,1124,2024-03-11,Tecnologia,Audifonos,2,409101,95498
10162,1124,2024-03-16,Deportes,Short,1,58118,13868
10166,1124,2024-03-18,Tecnologia,Mouse,1,196159,36177
10157,1124,2024-03-22,Vestuario,Chaqueta,1,49092,15920
10159,1124,2024-05-11,Tecnologia,Monitor,3,377046,59451
10158,1124,2024-05-27,Deportes,Colchoneta,3,174902,53321
10163,1124,2024-06-15,Deportes,Botella,1,75912,22925
10160,1124,2024-06-16,Hogar,Organizador,4,343689,79278
10165,1124,2024-06-23,Tecnologia,Monitor,4,545330,115219
10164,1124,2024-07-22,Electrodomesticos,Cocina,1,161891,27755
10161,1124,2024-10-02,Hogar,Lampara,1,111353,35566
10167,1125,2024-03-14,Hogar,Cortinas,1,42511,10916
10168,1125,2024-03-15,Vestuario,Zapatillas,4,90655,33026
10173,1125,2024-04-01,Tecnologia,Mouse,1,161437,26931
10178,1125,2024-04-21,Tecnologia,Monitor,1,158164,31382
10174,1125,2024-04-24,Tecnologia,Mouse,2,415183,88644
10175,1125,2024-06-18,Vestuario,Pantalon,3,97178,30051
10179,1125,2024-06-21,Electrodomesticos,Microondas,1,268095,53805
10170,1125,2024-07-28,Hogar,Sofa,2,91445,23515
10177,1125,2024-08-20,Tecnologia,Smartphone,2,421948,94743
10171,1125,2024-12-10,Deportes,Casco,3,181628,61725
10169,1125,2024-12-22,Vestuario,Polera,1,39847,13983
10176,1125,2024-12-26,Tecnologia,Audifonos,2,373363,60827
10172,1125,2024-12-28,Vestuario,Gorro,1,27346,8323
10180,1126,2023-06-07,Deportes,Poleron,1,65066,16314
10188,1126,2023-06-18,Tecnologia,Teclado,1,121968,29842
10186,1126,2023-07-25,Deportes,Guantes,1,85273,23726
10187,1126,2023-07-28,Tecnologia,Smartwatch,2,324146,71006
10184,1126,2023-08-03,Vestuario,Gorro,2,53252,21310
10182,1126,2023-10-04,Electrodomesticos,Licuadora,2,500748,99232
10183,1126,2023-10-11,Tecnologia,Mouse,1,299008,57508
10181,1126,2023-10-26,Tecnologia,Impresora,2,531968,113073
10185,1126,2023-11-28,Deportes,Guantes,3,272984,66769
10189,1127,2024-02-01,Vestuario,Calcetines,1,44391,16587
10194,1127,2024-02-05,Tecnologia,Impresora,1,247947,66854
10195,1127,2024-02-05,Deportes,Guantes,4,331303,97201
10196,1127,2024-02-25,Tecnologia,Smartwatch,1,265547,62728
10192,1127,2024-02-26,Tecnologia,Audifonos,3,846486,184769
10191,1127,2024-05-03,Tecnologia,Mouse,2,364012,73017
10190,1127,2024-06-24,Vestuario,Buzo,1,37310,12849
10193,1127,2024-06-24,Tecnologia,Monitor,1,77000,17716
10197,1128,2024-11-29,Electrodomesticos,Refrigerador,3,236856,44248
10203,1128,2024-12-21,Vestuario,Jeans,1,50941,15982
10205,1128,2024-12-22,Vestuario,Zapatillas,3,118075,39729
10198,1128,2024-12-23,Deportes,Poleron,1,98066,22788
10200,1128,2024-12-23,Electrodomesticos,Cocina,2,576040,113368
10199,1128,2024-12-28,Electrodomesticos,Cocina,1,151396,27812
10201,1128,2024-12-28,Hogar,Lampara,2,241390,63330
10202,1128,2024-12-29,Tecnologia,Impresora,2,678041,125258
10204,1128,2024-12-30,Deportes,Guantes,1,70231,21206
10206,1129,2023-08-05,Deportes,Guantes,3,165019,48226
10213,1129,2023-08-11,Electrodomesticos,Lavadora,1,144743,26283
10209,1129,2023-08-13,Vestuario,Vestido,5,172599,69920
10215,1129,2023-08-17,Deportes,Poleron,1,54789,16686
10208,1129,2023-09-28,Electrodomesticos,Lavadora,2,252135,49680
10216,1129,2023-10-17,Deportes,Guantes,4,383422,142068
10210,1129,2023-10-19,Vestuario,Calcetines,2,102545,34452
10211,1129,2023-10-28,Hogar,Hervidor,3,250573,78008
10217,1129,2023-11-10,Vestuario,Chaqueta,2,107888,42522
10212,1129,2023-12-05,Electrodomesticos,Aspiradora,1,113705,19309
10207,1129,2023-12-30,Vestuario,Buzo,1,47099,13110
10214,1129,2024-04-18,Vestuario,Camisa,2,93906,34359
10218,1130,2022-08-23,Electrodomesticos,Purificador,1,240892,41351
10220,1130,2022-09-06,Deportes,Bicicleta,1,62392,16357
10226,1130,2022-09-23,Vestuario,Vestido,1,31985,12616
10225,1130,2022-09-24,Vestuario,Calcetines,4,195700,75865
10219,1130,2022-09-26,Tecnologia,Impresora,1,184285,34362
10223,1130,2022-10-13,Electrodomesticos,Cocina,1,63147,12908
10228,1130,2022-10-18,Tecnologia,Smartphone,1,98748,19005
10227,1130,2022-11-02,Vestuario,Polera,1,24588,7708
10224,1130,2022-11-20,Vestuario,Pantalon,1,116679,33984
10222,1130,2022-12-21,Deportes,Pesas,2,106224,25535
10221,1130,2023-08-20,Hogar,Mesa,1,53602,14241
10229,1131,2023-01-04,Electrodomesticos,Secadora,2,173627,28412
10236,1131,2023-01-11,Tecnologia,Tablet,3,762588,173700
10233,1131,2023-01-24,Deportes,Casco,1,40447,13194
10237,1131,2023-01-31,Electrodomesticos,Lavadora,1,183311,37578
10234,1131,2023-02-10,Hogar,Sofa,2,214557,52391
10230,1131,2023-05-11,Electrodomesticos,Purificador,4,848653,148681
10231,1131,2023-06-21,Hogar,Hervidor,1,49337,11672
10235,1131,2023-08-05,Deportes,Poleron,3,154256,45010
10232,1131,2023-08-07,Electrodomesticos,Licuadora,1,324661,72740
10238,1132,2023-02-07,Hogar,Termo,1,75065,25960
10241,1132,2023-03-05,Tecnologia,Impresora,4,1084989,268535
10240,1132,2023-03-23,Hogar,Cortinas,4,532457,144488
10242,1132,2023-04-08,Deportes,Bicicleta,4,420354,109793
10239,1132,2023-04-29,Electrodomesticos,Secadora,1,136633,24813
10243,1132,2023-12-03,Deportes,Balon,2,177024,48276
10244,1133,2024-06-09,Vestuario,Gorro,1,17941,6095
10253,1133,2024-06-22,Tecnologia,Teclado,2,319866,62123
10252,1133,2024-07-05,Hogar,Hervidor,1,123285,31799
10248,1133,2024-08-12,Tecnologia,Smartphone,2,627766,136062
10246,1133,2024-09-01,Tecnologia,Impresora,2,344487,61222
10247,1133,2024-09-06,Deportes,Poleron,1,126838,39977
10250,1133,2024-12-02,Electrodomesticos,Aspiradora,5,988918,149509
10251,1133,2024-12-14,Tecnologia,Router,2,198723,37364
10249,1133,2024-12-21,Hogar,Mesa,1,90509,25195
10245,1133,2024-12-30,Electrodomesticos,Secadora,4,566657,81401
10254,1134,2022-06-12,Vestuario,Pantalon,1,61681,21122
10262,1134,2022-06-22,Hogar,Alfombra,3,199957,52062
10263,1134,2022-06-25,Tecnologia,Smartwatch,1,148782,36313
10258,1134,2022-07-03,Deportes,Guantes,3,234760,76749
10264,1134,2022-07-23,Deportes,Guantes,1,119624,42877
10266,1134,2022-07-28,Vestuario,Polera,2,160467,55569
10260,1134,2022-07-29,Electrodomesticos,Plancha,2,540486,111172
10261,1134,2022-08-07,Electrodomesticos,Horno,1,134350,27698
10259,1134,2022-08-11,Vestuario,Chaqueta,3,71890,27613
10255,1134,2022-08-23,Hogar,Silla,1,88816,21447
10257,1134,2022-09-02,Hogar,Cortinas,1,87131,23291
10265,1134,2022-09-07,Deportes,Guantes,2,78855,24738
10256,1134,2023-01-20,Tecnologia,Smartwatch,1,156888,23089
10267,1135,2023-04-29,Vestuario,Chaqueta,2,75977,25112
10273,1135,2023-04-29,Electrodomesticos,Licuadora,1,168753,33779
10272,1135,2023-04-30,Electrodomesticos,Cocina,1,217948,40669
10275,1135,2023-05-22,Vestuario,Camisa,1,28545,11762
10268,1135,2023-07-05,Tecnologia,Notebook,3,736222,158132
10270,1135,2023-07-29,Hogar,Alfombra,5,729351,202849
10271,1135,2023-08-08,Electrodomesticos,Aspiradora,1,112969,21282
10269,1135,2023-12-24,Tecnologia,Mouse,2,444192,86787
10274,1135,2024-05-02,Vestuario,Jeans,3,91801,33137
10276,1136,2023-05-22,Tecnologia,Tablet,1,202693,36879
10286,1136,2023-05-23,Electrodomesticos,Microondas,2,306683,54454
10277,1136,2023-05-26,Vestuario,Calcetines,1,30252,10917
10284,1136,2023-06-01,Deportes,Casco,1,40603,13489
10278,1136,2023-06-17,Deportes,Short,1,88214,24675
10281,1136,2023-06-23,Tecnologia,Tablet,2,421869,108978
10283,1136,2023-06-27,Tecnologia,Audifonos,1,160317,27800
10279,1136,2023-09-25,Electrodomesticos,Licuadora,2,428830,66688
10282,1136,2023-10-17,Deportes,Colchoneta,3,223802,79172
10285,1136,2024-01-17,Tecnologia,Teclado,1,217813,42649
10288,1136,2024-02-04,Electrodomesticos,Licuadora,4,906924,160192
10280,1136,2024-03-24,Deportes,Short,2,165611,52150
10287,1136,2024-05-19,Vestuario,Buzo,1,20288,5400
10289,1137,2023-02-17,Deportes,Poleron,2,112826,34159
10290,1137,2023-02-26,Electrodomesticos,Horno,1,73291,15052
10291,1137,2023-03-05,Deportes,Casco,1,100997,30099
10294,1137,2023-04-12,Hogar,Cafetera,2,190218,52305
10292,1137,2023-07-29,Electrodomesticos,Plancha,1,178199,30593
10293,1137,2024-04-07,Vestuario,Chaqueta,1,25412,8342
10295,1137,2024-05-01,Vestuario,Calcetines,2,37619,10834
10296,1138,2022-12-08,Tecnologia,Audifonos,1,178779,30503
10304,1138,2022-12-11,Electrodomesticos,Secadora,4,958840,160080
10301,1138,2022-12-23,Deportes,Poleron,1,77407,22750
10297,1138,2023-01-14,Deportes,Bicicleta,2,241471,72542
10298,1138,2023-01-31,Hogar,Cafetera,1,133425,41023
10300,1138,2023-02-05,Deportes,Casco,1,85461,23036
10299,1138,2023-03-22,Tecnologia,Router,3,715510,131430
10305,1138,2023-03-30,Tecnologia,Audifonos,3,438032,69224
10302,1138,2023-04-09,Vestuario,Gorro,2,109413,40224
10306,1138,2023-07-03,Tecnologia,Monitor,2,262970,56582
10303,1138,2023-08-17,Electrodomesticos,Microondas,1,200535,39384
10307,1139,2024-05-11,Vestuario,Chaqueta,2,35357,14191
10309,1139,2024-05-14,Hogar,Cortinas,2,236252,65910
10308,1139,2024-05-29,Hogar,Sofa,4,362905,98964
10312,1139,2024-06-02,Hogar,Organizador,1,72347,21462
10310,1139,2024-06-14,Electrodomesticos,Plancha,2,239999,30449
10314,1139,2024-06-17,Hogar,Cortinas,1,122139,28406
10311,1139,2024-06-30,Electrodomesticos,Lavadora,3,503647,81017
10313,1139,2024-07-31,Vestuario,Pantalon,2,74405,24729
10315,1139,2024-08-31,Hogar,Lampara,2,212201,68942
10317,1139,2024-12-24,Vestuario,Calcetines,1,51840,18570
10316,1139,2024-12-31,Vestuario,Polera,1,24494,6643
10318,1140,2024-04-30,Electrodomesticos,Aspiradora,4,946193,177107
10321,1140,2024-05-04,Tecnologia,Router,1,284880,48762
10323,1140,2024-05-24,Hogar,Mesa,1,90118,23660
10326,1140,2024-06-02,Tecnologia,Smartphone,1,168358,38144
10319,1140,2024-06-06,Vestuario,Gorro,2,66346,23955
10322,1140,2024-06-10,Electrodomesticos,Microondas,1,75227,15623
10320,1140,2024-07-20,Vestuario,Gorro,2,94515,32833
10324,1140,2024-12-22,Deportes,Botella,2,124640,31427
10325,1140,2024-12-31,Vestuario,Gorro,1,51468,16071
10327,1141,2023-12-01,Tecnologia,Audifonos,1,290294,51988
10330,1141,2023-12-24,Vestuario,Calcetines,3,144665,39075
10328,1141,2024-01-21,Deportes,Botella,1,87200,32627
10329,1141,2024-02-06,Deportes,Pesas,1,93457,19745
10331,1142,2022-06-02,Deportes,Poleron,2,139350,39925
10336,1142,2022-07-03,Vestuario,Gorro,1,36433,10953
10333,1142,2022-07-14,Electrodomesticos,Horno,1,89744,14674
10332,1142,2022-09-12,Deportes,Poleron,1,49720,14951
10334,1142,2022-09-14,Electrodomesticos,Plancha,1,100471,15226
10335,1142,2022-12-06,Hogar,Organizador,1,130833,40838
10337,1143,2024-05-14,Vestuario,Chaqueta,1,27230,8600
10340,1143,2024-05-30,Vestuario,Gorro,2,81285,31356
10339,1143,2024-06-20,Hogar,Hervidor,1,180000,51630
10341,1143,2024-12-22,Vestuario,Gorro,2,24012,8152
10338,1143,2024-12-24,Tecnologia,Tablet,1,261804,46091
10342,1144,2023-03-04,Hogar,Hervidor,1,71194,21028
10351,1144,2023-03-04,Electrodomesticos,Secadora,1,134125,27109
10349,1144,2023-03-07,Electrodomesticos,Licuadora,2,271849,43994
10350,1144,2023-03-20,Tecnologia,Tablet,5,1038693,213403
10343,1144,2023-03-25,Tecnologia,Mouse,1,205706,50116
10346,1144,2023-05-22,Tecnologia,Tablet,2,259969,44095
10348,1144,2023-05-24,Tecnologia,Mouse,3,731128,185820
10352,1144,2023-09-13,Vestuario,Chaqueta,2,83606,26273
10345,1144,2023-10-30,Electrodomesticos,Secadora,3,423002,79804
10344,1144,2023-11-14,Electrodomesticos,Lavadora,2,441935,85351
10347,1144,2023-11-17,Vestuario,Gorro,1,59520,19487
10353,1145,2022-04-14,Vestuario,Gorro,1,39096,12043
10358,1145,2022-05-05,Vestuario,Buzo,5,246093,81990
10354,1145,2022-05-06,Hogar,Cortinas,2,334858,107559
10355,1145,2022-05-07,Vestuario,Calcetines,1,12661,3949
10356,1145,2022-06-15,Tecnologia,Mouse,2,315657,53189
10359,1145,2022-07-18,Vestuario,Jeans,1,32952,9330
10357,1145,2022-07-28,Electrodomesticos,Plancha,3,518733,126052
10360,1146,2023-10-17,Deportes,Short,2,151511,54128
10362,1146,2023-12-18,Deportes,Bicicleta,1,56935,16724
10361,1146,2024-01-26,Electrodomesticos,Aspiradora,1,183450,31014
10363,1146,2024-12-22,Hogar,Mesa,1,97504,22676
10364,1147,2024-11-18,Electrodomesticos,Aspiradora,3,302125,45981
10375,1147,2024-11-28,Electrodomesticos,Aspiradora,3,326593,57367
10365,1147,2024-12-05,Tecnologia,Impresora,1,263410,50923
10370,1147,2024-12-08,Tecnologia,Smartphone,2,525192,104391
10368,1147,2024-12-11,Deportes,Short,1,87924,23929
10367,1147,2024-12-18,Hogar,Cafetera,2,237655,55753
10373,1147,2024-12-22,Tecnologia,Audifonos,3,231000,43869
10371,1147,2024-12-24,Electrodomesticos,Purificador,1,220752,44288
10374,1147,2024-12-27,Deportes,Raqueta,1,24500,5576
10366,1147,2024-12-29,Vestuario,Polera,1,48858,17333
10372,1147,2024-12-29,Deportes,Colchoneta,5,396740,117948
10369,1147,2024-12-30,Deportes,Guantes,1,98478,26379
10376,1148,2022-02-01,Vestuario,Zapatillas,1,30298,11871
10388,1148,2022-02-02,Tecnologia,Monitor,4,423331,81572
10377,1148,2022-02-25,Electrodomesticos,Purificador,2,277969,41325
10386,1148,2022-03-05,Electrodomesticos,Microondas,1,206555,36416
10387,1148,2022-03-15,Vestuario,Zapatillas,1,12110,3943
10380,1148,2022-03-21,Vestuario,Gorro,1,55684,20001
10382,1148,2022-05-23,Hogar,Alfombra,4,427307,106254
10384,1148,2022-05-30,Electrodomesticos,Lavadora,1,255757,50015
10385,1148,2022-08-21,Electrodomesticos,Aspiradora,2,273191,50905
10383,1148,2022-08-31,Vestuario,Jeans,1,32005,10547
10378,1148,2022-10-19,Hogar,Cortinas,1,131746,41429
10379,1148,2023-03-26,Deportes,Poleron,1,98527,39514
10381,1148,2023-05-07,Hogar,Alfombra,2,150803,43731
10389,1149,2022-06-04,Vestuario,Pantalon,1,19496,7045
10394,1149,2022-06-15,Vestuario,Jeans,2,99904,32833
10391,1149,2022-07-03,Deportes,Botella,1,35563,9175
10392,1149,2022-08-27,Electrodomesticos,Purificador,2,286493,51331
10390,1149,2022-09-05,Vestuario,Camisa,2,91003,25769
10393,1149,2022-12-12,Deportes,Guantes,1,91684,24970
10395,1150,2022-05-06,Tecnologia,Smartphone,2,252745,49244
10401,1150,2022-05-30,Deportes,Raqueta,1,79117,21192
10400,1150,2022-06-11,Tecnologia,Notebook,3,702268,156032
10403,1150,2022-06-11,Electrodomesticos,Microondas,1,173887,31526
10404,1150,2022-07-15,Electrodomesticos,Purificador,3,513357,88151
10399,1150,2022-07-22,Electrodomesticos,Lavadora,4,820715,169623
10397,1150,2022-09-05,Electrodomesticos,Horno,1,242398,55150
10402,1150,2022-10-18,Deportes,Short,1,79507,26887
10396,1150,2022-11-26,Vestuario,Gorro,1,66767,17814
10405,1150,2022-12-06,Electrodomesticos,Licuadora,2,278589,53056
10398,1150,2023-07-08,Tecnologia,Monitor,1,166516,33515
10406,1151,2022-10-30,Vestuario,Gorro,1,57612,21282
10412,1151,2022-12-09,Hogar,Organizador,4,298405,55613
10408,1151,2023-01-08,Deportes,Colchoneta,3,134860,42865
10410,1151,2023-01-14,Electrodomesticos,Purificador,4,596363,114672
10407,1151,2023-03-20,Tecnologia,Notebook,3,805881,178767
10409,1151,2023-04-06,Vestuario,Calcetines,1,20249,6614
10411,1151,2023-04-27,Hogar,Organizador,1,70880,20599
10413,1152,2022-01-17,Hogar,Alfombra,3,122268,33767
10414,1152,2022-01-28,Electrodomesticos,Cocina,2,574004,101561
10423,1152,2022-01-28,Tecnologia,Smartwatch,3,634951,124834
10424,1152,2022-02-12,Deportes,Botella,2,108699,32624
10419,1152,2022-03-22,Deportes,Colchoneta,1,32034,8307
10420,1152,2022-03-25,Deportes,Balon,3,308852,104127
10421,1152,2022-03-25,Electrodomesticos,Aspiradora,5,1398164,226502
10416,1152,2022-04-07,Electrodomesticos,Plancha,2,485375,111113
10415,1152,2022-06-28,Tecnologia,Monitor,1,233558,48150
10418,1152,2022-10-24,Hogar,Termo,2,221850,56490
10417,1152,2022-11-09,Vestuario,Vestido,1,37313,10218
10422,1152,2022-11-30,Tecnologia,Tablet,2,321975,66030
10425,1153,2023-04-28,Electrodomesticos,Horno,1,330461,64174
10426,1153,2023-04-29,Vestuario,Pantalon,1,51837,21542
10430,1153,2023-06-16,Tecnologia,Tablet,1,77000,17672
10429,1153,2023-06-18,Vestuario,Buzo,2,156940,61074
10436,1153,2023-06-22,Deportes,Guantes,2,193066,62405
10427,1153,2023-06-24,Tecnologia,Router,2,560941,119822
10433,1153,2023-07-05,Electrodomesticos,Microondas,2,184987,36167
10432,1153,2023-08-14,Vestuario,Buzo,2,60316,24860
10435,1153,2023-09-06,Deportes,Botella,2,122784,27870
10431,1153,2023-09-16,Vestuario,Calcetines,4,132883,48106
10434,1153,2023-10-25,Deportes,Guantes,1,47562,15700
10428,1153,2024-04-27,Electrodomesticos,Horno,1,176518,32164
10437,1154,2023-09-15,Tecnologia,Notebook,1,318701,69752
10441,1154,2023-10-07,Hogar,Mesa,1,38174,9891
10443,1154,2023-11-11,Deportes,Pesas,1,62193,18467
10438,1154,2023-11-12,Hogar,Silla,5,429666,123603
10445,1154,2023-11-17,Electrodomesticos,Refrigerador,1,258569,43735
10444,1154,2023-11-18,Deportes,Short,1,51553,12688
10442,1154,2024-02-03,Electrodomesticos,Licuadora,1,178254,33327
10439,1154,2024-06-20,Vestuario,Vestido,3,75973,24852
10440,1154,2024-09-09,Electrodomesticos,Lavadora,1,92075,11601
10446,1155,2022-02-03,Vestuario,Pantalon,1,26950,8469
10454,1155,2022-03-07,Deportes,Pesas,1,40946,12072
10447,1155,2022-03-09,Vestuario,Vestido,3,160029,61948
10449,1155,2022-03-21,Vestuario,Camisa,4,232147,74412
10456,1155,2022-03-27,Deportes,Guantes,2,177969,62055
10448,1155,2022-04-30,Vestuario,Vestido,2,27122,8839
10450,1155,2022-05-03,Deportes,Balon,1,50588,12843
10453,1155,2022-05-11,Hogar,Silla,3,311537,76499
10455,1155,2022-07-29,Deportes,Bicicleta,1,37976,9255
10452,1155,2022-09-02,Deportes,Botella,1,53882,20901
10451,1155,2022-11-25,Vestuario,Chaqueta,1,25423,8957
10457,1156,2023-08-21,Deportes,Casco,1,49894,17111
10462,1156,2023-09-05,Tecnologia,Audifonos,3,572637,116691
10466,1156,2023-09-09,Hogar,Organizador,3,354331,111147
10459,1156,2023-09-11,Vestuario,Buzo,3,80015,28014
10468,1156,2023-09-19,Tecnologia,Smartwatch,1,229841,49780
10463,1156,2023-09-25,Vestuario,Camisa,4,79847,25828
10465,1156,2023-10-08,Hogar,Lampara,3,151455,41998
10458,1156,2023-10-19,Vestuario,Camisa,1,20917,6862
10464,1156,2023-11-23,Vestuario,Polera,1,30907,11128
10467,1156,2023-11-26,Tecnologia,Monitor,1,255090,48120
10460,1156,2024-08-13,Hogar,Mesa,1,119603,33926
10461,1156,2024-08-28,Tecnologia,Smartwatch,1,374125,83525
10469,1156,2024-11-27,Vestuario,Gorro,1,57007,19575
10470,1157,2022-07-29,Tecnologia,Impresora,1,204098,40140
10479,1157,2022-09-08,Tecnologia,Smartphone,1,128621,28384
10474,1157,2022-09-09,Deportes,Casco,1,53652,16287
10471,1157,2022-09-21,Vestuario,Vestido,2,74454,24133
10476,1157,2022-10-30,Vestuario,Camisa,3,93956,29135
10473,1157,2022-10-31,Vestuario,Chaqueta,1,24030,9234
10480,1157,2022-11-11,Hogar,Cafetera,1,91171,27694
10472,1157,2022-11-13,Deportes,Raqueta,3,173728,36308
10478,1157,2023-02-22,Deportes,Bicicleta,5,438007,152944
10475,1157,2023-04-14,Tecnologia,Smartwatch,1,382366,66926
10477,1157,2023-08-12,Tecnologia,Mouse,2,486754,96576
10481,1158,2023-09-24,Hogar,Organizador,1,122503,38103
10486,1158,2023-10-16,Tecnologia,Audifonos,3,471903,95998
10482,1158,2024-01-08,Vestuario,Zapatillas,2,105510,31728
10483,1158,2024-01-30,Hogar,Lampara,1,99255,25646
10485,1158,2024-04-24,Tecnologia,Smartphone,4,1198461,223972
10484,1158,2024-05-20,Deportes,Poleron,1,78074,22627
10487,1158,2024-12-02,Deportes,Bicicleta,5,520010,136322
10488,1159,2023-08-02,Electrodomesticos,Microondas,4,526154,95921
10491,1159,2023-08-11,Vestuario,Pantalon,2,28708,9224
10490,1159,2023-08-21,Deportes,Colchoneta,3,124671,35855
10489,1159,2023-09-26,Vestuario,Camisa,1,81419,20693
10494,1159,2023-10-26,Deportes,Botella,1,66519,19622
10492,1159,2024-04-09,Deportes,Colchoneta,1,73513,20780
10493,1159,2024-04-27,Vestuario,Camisa,1,76093,23708
10495,1160,2022-06-05,Vestuario,Buzo,2,78433,32908
10498,1160,2022-06-05,Electrodomesticos,Horno,1,176290,32249
10499,1160,2022-06-30,Vestuario,Gorro,3,129460,48028
10502,1160,2022-07-01,Vestuario,Calcetines,5,145593,55948
10496,1160,2022-08-10,Hogar,Lampara,3,147741,29295
10501,1160,2022-08-16,Tecnologia,Monitor,2,529317,108264
10500,1160,2022-08-28,Vestuario,Camisa,1,49218,16742
10497,1160,2022-12-16,Deportes,Bicicleta,2,231008,73419
10503,1161,2023-09-02,Vestuario,Camisa,1,23535,8742
10506,1161,2023-09-18,Vestuario,Jeans,1,47129,16677
10504,1161,2023-09-29,Tecnologia,Mouse,3,741093,157835
10507,1161,2023-10-29,Vestuario,Pantalon,1,18699,7820
10510,1161,2024-01-04,Electrodomesticos,Aspiradora,1,220942,41670
10509,1161,2024-01-27,Vestuario,Jeans,1,47409,15588
10505,1161,2024-02-25,Electrodomesticos,Purificador,1,239626,49045
10512,1161,2024-02-28,Vestuario,Jeans,1,58283,21007
10508,1161,2024-03-12,Hogar,Sofa,4,232570,50458
10511,1161,2024-05-23,Vestuario,Polera,2,106641,39697
10513,1162,2022-09-09,Electrodomesticos,Licuadora,1,108427,23227
10519,1162,2022-09-16,Hogar,Alfombra,1,101947,30585
10514,1162,2022-11-04,Vestuario,Gorro,1,65874,23954
10515,1162,2022-11-25,Vestuario,Pantalon,1,24416,7875
10516,1162,2022-11-28,Deportes,Pesas,3,201237,50481
10518,1162,2023-04-29,Deportes,Colchoneta,2,102828,32391
10517,1162,2023-05-29,Hogar,Termo,3,222153,62975
10520,1163,2023-08-30,Deportes,Guantes,1,53392,18247
10522,1163,2023-09-29,Electrodomesticos,Licuadora,2,325559,66756
10524,1163,2023-09-29,Vestuario,Chaqueta,4,94366,33308
10526,1163,2023-10-13,Deportes,Balon,1,76547,21703
10525,1163,2024-01-06,Deportes,Botella,1,39499,11010
10523,1163,2024-03-17,Tecnologia,Teclado,2,261063,60843
10521,1163,2024-04-07,Vestuario,Gorro,2,54090,20188
10527,1164,2022-12-06,Electrodomesticos,Plancha,2,343009,63372
10532,1164,2022-12-07,Electrodomesticos,Plancha,1,329559,58284
10528,1164,2022-12-10,Electrodomesticos,Microondas,1,190819,38270
10533,1164,2022-12-24,Vestuario,Calcetines,2,95926,31516
10530,1164,2023-02-28,Electrodomesticos,Horno,2,327191,57217
10529,1164,2023-04-29,Electrodomesticos,Plancha,4,739886,151479
10531,1164,2023-05-21,Vestuario,Camisa,2,105021,40511
10534,1165,2022-07-16,Deportes,Balon,4,224703,56944
10542,1165,2022-07-30,Hogar,Organizador,1,47364,10396
10540,1165,2022-08-07,Deportes,Botella,2,91160,24305
10536,1165,2022-09-03,Electrodomesticos,Licuadora,2,583796,86063
10535,1165,2022-09-04,Vestuario,Camisa,1,60674,18285
10538,1165,2022-09-11,Deportes,Bicicleta,1,28570,7047
10541,1165,2022-10-14,Deportes,Short,5,361800,105058
10544,1165,2022-10-26,Deportes,Balon,3,350340,79267
10537,1165,2022-12-31,Electrodomesticos,Lavadora,2,649049,95739
10543,1165,2023-01-27,Vestuario,Pantalon,1,47203,15756
10539,1165,2023-07-13,Deportes,Guantes,1,86331,28655
10545,1166,2024-08-16,Deportes,Guantes,1,102588,32119
10547,1166,2024-09-23,Vestuario,Gorro,1,54317,22040
10552,1166,2024-10-28,Vestuario,Buzo,1,18870,6992
10548,1166,2024-12-07,Hogar,Silla,3,293148,79813
10549,1166,2024-12-26,Hogar,Hervidor,1,132602,37289
10555,1166,2024-12-26,Hogar,Silla,3,426309,83339
10550,1166,2024-12-30,Vestuario,Pantalon,1,40306,13860
10551,1166,2024-12-30,Electrodomesticos,Microondas,1,306487,53658
10553,1166,2024-12-30,Electrodomesticos,Aspiradora,3,931610,170822
10554,1166,2024-12-30,Vestuario,Gorro,4,85280,30285
10546,1166,2024-12-31,Hogar,Lampara,1,111381,27191
10556,1167,2022-07-12,Vestuario,Jeans,2,45796,17676
10558,1167,2022-07-25,Deportes,Casco,3,146319,32519
10564,1167,2022-08-02,Deportes,Colchoneta,2,91184,28628
10562,1167,2022-08-23,Deportes,Casco,1,91143,25083
10557,1167,2022-08-24,Tecnologia,Audifonos,2,650632,137743
10560,1167,2022-11-28,Tecnologia,Mouse,1,161185,27770
10565,1167,2023-01-14,Electrodomesticos,Licuadora,3,744741,140917
10561,1167,2023-01-31,Hogar,Alfombra,1,99108,25711
10559,1167,2023-07-11,Electrodomesticos,Horno,3,540658,94162
10563,1167,2024-02-19,Hogar,Mesa,1,113097,27384
10566,1168,2023-01-03,Tecnologia,Smartwatch,1,270262,51822
10569,1168,2023-01-22,Deportes,Poleron,2,130997,39875
10570,1168,2023-01-24,Tecnologia,Smartphone,1,150947,29037
10571,1168,2023-02-12,Electrodomesticos,Licuadora,3,778699,134602
10573,1168,2023-03-01,Electrodomesticos,Plancha,3,608756,138925
10574,1168,2023-03-01,Electrodomesticos,Microondas,1,200026,36634
10572,1168,2023-03-03,Vestuario,Chaqueta,1,47123,13472
10568,1168,2023-03-15,Vestuario,Vestido,1,25212,9629
10567,1168,2023-06-10,Vestuario,Chaqueta,4,247075,78627
10575,1169,2024-05-27,Hogar,Cortinas,2,305493,98345
10581,1169,2024-05-30,Vestuario,Gorro,2,22849,8905
10584,1169,2024-06-09,Tecnologia,Monitor,1,251556,52016
10580,1169,2024-07-26,Tecnologia,Teclado,1,248529,46075
10579,1169,2024-09-11,Hogar,Termo,1,55315,15524
10582,1169,2024-09-21,Vestuario,Zapatillas,1,50953,21420
10583,1169,2024-12-21,Tecnologia,Teclado,3,387022,82249
10578,1169,2024-12-22,Hogar,Hervidor,1,59859,19007
10576,1169,2024-12-23,Deportes,Bicicleta,4,382130,126352
10577,1169,2024-12-27,Hogar,Termo,2,251184,59395
10585,1170,2024-12-07,Electrodomesticos,Horno,2,255980,39840
10590,1170,2024-12-20,Vestuario,Vestido,1,49697,16800
10588,1170,2024-12-21,Vestuario,Buzo,3,95350,29449
10591,1170,2024-12-25,Tecnologia,Smartphone,3,723599,123344
10592,1170,2024-12-25,Electrodomesticos,Secadora,2,507917,77818
10589,1170,2024-12-28,Deportes,Poleron,4,319778,81397
10586,1170,2024-12-30,Tecnologia,Smartphone,1,189181,34595
10587,1170,2024-12-30,Vestuario,Chaqueta,4,131058,38119
10593,1171,2023-04-08,Electrodomesticos,Microondas,3,616466,119511
10600,1171,2023-04-14,Electrodomesticos,Purificador,1,117147,24430
10601,1171,2023-04-14,Electrodomesticos,Plancha,1,204719,37197
10594,1171,2023-04-16,Tecnologia,Teclado,3,1024438,247998
10595,1171,2023-04-24,Tecnologia,Smartphone,2,362623,70328
10596,1171,2023-05-02,Hogar,Termo,2,162382,50393
10597,1171,2023-05-21,Vestuario,Buzo,1,24348,7215
10599,1171,2023-07-10,Tecnologia,Monitor,1,165318,27548
10598,1171,2023-12-15,Electrodomesticos,Aspiradora,2,433694,74759
10602,1172,2024-10-21,Vestuario,Chaqueta,4,195881,76786
10605,1172,2024-11-06,Hogar,Hervidor,1,108487,30331
10608,1172,2024-12-01,Vestuario,Chaqueta,2,67238,19550
10610,1172,2024-12-25,Vestuario,Polera,1,77343,31257
10603,1172,2024-12-26,Vestuario,Buzo,3,65834,18045
10607,1172,2024-12-26,Electrodomesticos,Cocina,4,541024,96926
10604,1172,2024-12-27,Hogar,Hervidor,1,88595,21042
10606,1172,2024-12-27,Hogar,Mesa,6,592349,154338
10609,1172,2024-12-30,Vestuario,Pantalon,3,113146,45965
10611,1173,2023-08-22,Tecnologia,Router,5,1464486,311866
10614,1173,2023-09-10,Deportes,Botella,1,112749,35027
10615,1173,2023-10-08,Tecnologia,Notebook,3,502954,82365
10613,1173,2023-10-17,Electrodomesticos,Lavadora,2,276855,44391
10616,1173,2024-03-13,Deportes,Poleron,1,67940,20271
10612,1173,2024-08-02,Electrodomesticos,Refrigerador,1,151143,26106
10617,1174,2024-05-07,Electrodomesticos,Secadora,3,322779,57227
10620,1174,2024-05-13,Vestuario,Gorro,2,81175,33072
10619,1174,2024-08-25,Tecnologia,Impresora,1,262446,45208
10618,1174,2024-10-02,Vestuario,Buzo,1,81459,26201
10621,1175,2023-01-11,Vestuario,Zapatillas,1,23122,8336
10623,1175,2023-01-14,Tecnologia,Smartphone,2,393190,58678
10629,1175,2023-01-18,Vestuario,Gorro,1,26328,9816
10625,1175,2023-01-21,Vestuario,Camisa,4,225859,96695
10627,1175,2023-01-26,Electrodomesticos,Aspiradora,2,263062,54520
10622,1175,2023-01-29,Hogar,Cafetera,2,184485,43847
10628,1175,2023-02-22,Vestuario,Chaqueta,1,45559,16713
10630,1175,2023-03-19,Vestuario,Jeans,1,42921,13055
10626,1175,2023-04-06,Deportes,Poleron,1,47800,14869
10624,1175,2023-04-20,Deportes,Bicicleta,2,127909,41630
10631,1175,2023-11-21,Vestuario,Jeans,3,135991,54719
10632,1176,2023-12-29,Deportes,Colchoneta,1,46719,14251
10633,1176,2024-01-08,Vestuario,Calcetines,1,29514,10064
10644,1176,2024-01-15,Hogar,Lampara,1,91973,29688
10636,1176,2024-01-18,Hogar,Termo,4,420217,115449
10643,1176,2024-01-29,Deportes,Bicicleta,1,101238,34151
10645,1176,2024-02-08,Tecnologia,Smartphone,2,366852,72119
10635,1176,2024-02-16,Electrodomesticos,Refrigerador,3,782437,135835
10639,1176,2024-02-23,Vestuario,Calcetines,3,146170,54778
10641,1176,2024-03-09,Electrodomesticos,Lavadora,1,124010,19397
10646,1176,2024-04-05,Electrodomesticos,Aspiradora,1,181282,34857
10642,1176,2024-05-19,Vestuario,Polera,3,99287,32999
10640,1176,2024-08-08,Hogar,Cafetera,1,113782,36579
10638,1176,2024-10-23,Tecnologia,Impresora,5,1255860,280894
10637,1176,2024-12-05,Deportes,Short,1,88248,32755
10634,1176,2024-12-22,Electrodomesticos,Horno,5,611058,82563
10647,1177,2023-05-30,Electrodomesticos,Aspiradora,1,161055,28543
10650,1177,2023-05-31,Electrodomesticos,Horno,2,375609,81038
10653,1177,2023-05-31,Deportes,Botella,1,37640,10898
10655,1177,2023-06-03,Deportes,Guantes,2,213677,61673
10656,1177,2023-07-04,Tecnologia,Impresora,2,321031,70705
10652,1177,2023-07-05,Vestuario,Camisa,1,56609,19097
10651,1177,2023-09-23,Hogar,Termo,1,130012,37521
10654,1177,2023-12-10,Deportes,Pesas,1,36919,11158
10648,1177,2024-02-24,Vestuario,Zapatillas,3,140490,45968
10649,1177,2024-06-08,Electrodomesticos,Secadora,4,674085,137302
10657,1178,2023-03-25,Vestuario,Polera,5,191629,68542
10658,1178,2023-03-30,Vestuario,Vestido,2,88814,34615
10659,1178,2023-05-04,Vestuario,Vestido,2,120949,52752
10661,1178,2023-05-25,Tecnologia,Teclado,2,498213,109551
10662,1178,2023-07-09,Hogar,Mesa,2,169652,51769
10660,1178,2023-09-19,Vestuario,Buzo,1,57174,19508
10663,1179,2024-04-06,Deportes,Raqueta,3,285075,86596
10667,1179,2024-04-23,Vestuario,Gorro,1,24113,9467
10665,1179,2024-04-29,Vestuario,Chaqueta,1,51565,18937
10666,1179,2024-05-15,Deportes,Casco,1,66363,17595
10670,1179,2024-06-22,Deportes,Bicicleta,2,140450,42231
10671,1179,2024-07-09,Hogar,Cafetera,1,83265,27261
10668,1179,2024-07-14,Vestuario,Vestido,1,68359,22021
10673,1179,2024-09-16,Deportes,Colchoneta,2,174655,52995
10664,1179,2024-12-22,Tecnologia,Router,2,479611,99453
10672,1179,2024-12-22,Deportes,Raqueta,2,87041,25683
10669,1179,2024-12-28,Deportes,Poleron,1,91614,31499
10674,1180,2023-03-22,Deportes,Bicicleta,2,194922,54092
10677,1180,2023-03-22,Hogar,Lampara,4,414842,99178
10678,1180,2023-03-24,Hogar,Silla,1,100560,29897
10684,1180,2023-04-19,Tecnologia,Smartwatch,1,210441,39526
10680,1180,2023-04-25,Deportes,Botella,4,294961,86087
10679,1180,2023-04-30,Deportes,Raqueta,1,87533,20968
10686,1180,2023-05-06,Electrodomesticos,Purificador,2,362378,68600
10676,1180,2023-05-27,Tecnologia,Mouse,1,353457,62383
10682,1180,2023-05-29,Vestuario,Gorro,1,21858,6973
10681,1180,2023-06-14,Vestuario,Zapatillas,2,67314,23749
10675,1180,2023-08-19,Deportes,Poleron,3,344545,100863
10685,1180,2023-09-28,Vestuario,Buzo,1,38756,13667
10683,1180,2023-11-02,Tecnologia,Router,3,698610,127916
10687,1181,2023-04-23,Deportes,Colchoneta,1,97771,32662
10689,1181,2023-04-24,Electrodomesticos,Aspiradora,1,121040,17408
10691,1181,2023-05-26,Electrodomesticos,Plancha,1,199067,33527
10692,1181,2023-05-31,Deportes,Short,2,59884,17496
10688,1181,2023-07-19,Vestuario,Buzo,1,72153,23846
10690,1181,2023-07-27,Deportes,Poleron,2,111473,28379
10693,1181,2024-04-16,Deportes,Short,2,161964,55185
10694,1182,2023-09-13,Hogar,Silla,4,265310,86817
10703,1182,2023-09-28,Hogar,Mesa,1,77246,21063
10704,1182,2023-10-10,Hogar,Sofa,2,193570,66138
10700,1182,2023-10-30,Deportes,Raqueta,1,83342,20246
10698,1182,2023-12-01,Electrodomesticos,Purificador,5,836374,144000
10702,1182,2023-12-04,Vestuario,Vestido,4,138041,43703
10699,1182,2023-12-13,Electrodomesticos,Microondas,2,492798,81511
10701,1182,2023-12-25,Hogar,Lampara,2,232967,60247
10695,1182,2023-12-26,Electrodomesticos,Secadora,2,423653,75813
10696,1182,2023-12-30,Deportes,Colchoneta,1,140000,43323
10697,1182,2024-09-11,Electrodomesticos,Aspiradora,3,702732,114528
10705,1183,2024-03-13,Tecnologia,Tablet,2,363736,80130
10707,1183,2024-04-05,Tecnologia,Monitor,1,171082,37750
10708,1183,2024-04-29,Electrodomesticos,Aspiradora,1,246881,41803
10710,1183,2024-07-09,Hogar,Cortinas,3,379837,120823
10706,1183,2024-08-09,Hogar,Cortinas,3,156817,36610
10709,1183,2024-12-21,Tecnologia,Impresora,1,252255,44478
10711,1184,2023-05-04,Hogar,Lampara,1,94626,27924
10712,1184,2023-05-14,Deportes,Poleron,1,24500,6347
10718,1184,2023-06-13,Hogar,Silla,2,269798,74852
10714,1184,2023-06-30,Electrodomesticos,Microondas,1,162875,27928
10716,1184,2023-07-16,Electrodomesticos,Plancha,1,152014,24231
10720,1184,2023-07-18,Deportes,Casco,2,198399,63502
10715,1184,2023-08-11,Electrodomesticos,Purificador,2,243574,43198
10713,1184,2023-08-15,Hogar,Cafetera,1,110303,31142
10717,1184,2023-09-18,Electrodomesticos,Aspiradora,1,201090,37109
10719,1184,2024-04-03,Hogar,Sofa,1,97561,26318
10721,1185,2022-09-09,Electrodomesticos,Purificador,1,149245,19178
10726,1185,2022-09-16,Electrodomesticos,Plancha,1,243510,40849
10725,1185,2022-09-29,Hogar,Termo,2,146084,39008
10727,1185,2022-10-02,Tecnologia,Notebook,2,444039,64650
10731,1185,2022-10-04,Hogar,Alfombra,2,164545,40355
10728,1185,2022-11-06,Tecnologia,Teclado,3,281051,48677
10730,1185,2022-11-20,Hogar,Cortinas,1,117389,28147
10722,1185,2023-01-17,Electrodomesticos,Secadora,1,162852,29785
10723,1185,2023-02-03,Vestuario,Calcetines,1,38347,12886
10729,1185,2023-03-19,Deportes,Raqueta,1,77499,24277
10732,1185,2023-04-03,Deportes,Bicicleta,2,99905,36138
10724,1185,2023-06-27,Deportes,Poleron,2,232382,69941
10733,1186,2023-08-12,Vestuario,Camisa,1,25896,7657
10738,1186,2023-08-20,Deportes,Pesas,2,52465,16510
10735,1186,2023-09-06,Tecnologia,Teclado,2,400193,66178
10741,1186,2023-10-12,Electrodomesticos,Secadora,4,759172,118049
10734,1186,2023-11-12,Deportes,Casco,1,109813,27711
10740,1186,2023-11-18,Hogar,Sofa,3,401036,90706
10737,1186,2024-01-05,Tecnologia,Router,4,915731,203244
10739,1186,2024-01-06,Hogar,Cafetera,2,155627,43367
10736,1186,2024-03-04,Electrodomesticos,Licuadora,1,139515,17579
10742,1187,2024-01-09,Deportes,Balon,3,239227,78381
10747,1187,2024-01-20,Vestuario,Camisa,1,15297,5285
10745,1187,2024-01-23,Electrodomesticos,Lavadora,2,506672,99132
10753,1187,2024-01-24,Tecnologia,Router,2,503878,95447
10744,1187,2024-01-25,Electrodomesticos,Lavadora,1,204472,33216
10750,1187,2024-02-02,Vestuario,Calcetines,2,144274,44025
10754,1187,2024-02-04,Vestuario,Gorro,4,227308,86013
10746,1187,2024-02-07,Deportes,Casco,1,106653,36098
10748,1187,2024-02-13,Vestuario,Zapatillas,2,66142,23536
10743,1187,2024-03-04,Vestuario,Calcetines,4,179719,60355
10751,1187,2024-04-18,Deportes,Casco,4,308472,83022
10752,1187,2024-07-24,Deportes,Poleron,1,61693,19133
10749,1187,2024-08-26,Vestuario,Calcetines,1,46574,16992
10755,1188,2024-04-28,Deportes,Pesas,3,275620,73406
10757,1188,2024-06-10,Tecnologia,Mouse,1,282229,67687
10758,1188,2024-08-22,Deportes,Balon,1,59095,14410
10756,1188,2024-12-20,Deportes,Balon,1,25826,5867
10759,1189,2023-09-09,Deportes,Raqueta,1,102185,32523
10765,1189,2023-09-18,Electrodomesticos,Horno,1,194457,36237
10768,1189,2023-09-20,Deportes,Casco,2,135771,32657
10762,1189,2023-09-27,Vestuario,Vestido,1,16894,5954
10770,1189,2023-10-13,Deportes,Raqueta,2,160471,53548
10760,1189,2023-10-29,Electrodomesticos,Aspiradora,1,199367,30535
10766,1189,2023-11-10,Electrodomesticos,Microondas,4,871840,143057
10761,1189,2023-11-18,Tecnologia,Tablet,1,138346,23737
10763,1189,2023-11-22,Electrodomesticos,Microondas,1,205919,34917
10767,1189,2024-02-25,Vestuario,Jeans,2,133708,50314
10769,1189,2024-03-01,Deportes,Colchoneta,1,98628,24256
10764,1189,2024-06-22,Vestuario,Pantalon,1,42205,16328
10771,1190,2024-03-15,Hogar,Mesa,2,325228,78143
10776,1190,2024-03-19,Vestuario,Pantalon,1,31530,13029
10778,1190,2024-04-11,Deportes,Botella,1,94357,28033
10777,1190,2024-04-12,Tecnologia,Smartphone,2,597938,132795
10773,1190,2024-05-02,Vestuario,Pantalon,1,29515,9585
10774,1190,2024-05-16,Tecnologia,Router,1,101437,25527
10775,1190,2024-06-03,Vestuario,Gorro,1,27679,8753
10779,1190,2024-08-08,Vestuario,Pantalon,5,189071,81238
10772,1190,2024-10-18,Vestuario,Calcetines,2,77105,26106
10780,1191,2022-11-13,Tecnologia,Monitor,2,210045,39663
10783,1191,2022-12-03,Deportes,Casco,4,456770,133324
10785,1191,2022-12-17,Electrodomesticos,Purificador,1,224323,43022
10784,1191,2023-01-13,Tecnologia,Tablet,1,282393,42673
10787,1191,2023-02-17,Electrodomesticos,Lavadora,3,902184,153060
10786,1191,2023-04-29,Electrodomesticos,Plancha,1,248755,51480
10781,1191,2023-07-25,Hogar,Alfombra,1,85470,23815
10782,1191,2023-08-20,Electrodomesticos,Cocina,2,336869,55502
10788,1192,2024-07-15,Tecnologia,Monitor,1,134272,27192
10789,1192,2024-10-21,Tecnologia,Impresora,1,140768,32643
10793,1192,2024-11-04,Tecnologia,Tablet,1,160993,31027
10791,1192,2024-12-21,Deportes,Guantes,2,227127,58235
10792,1192,2024-12-25,Electrodomesticos,Refrigerador,1,139565,20386
10794,1192,2024-12-28,Deportes,Botella,1,113303,33428
10790,1192,2024-12-30,Hogar,Termo,1,84935,24981
10795,1193,2023-07-29,Hogar,Lampara,1,81037,24479
10800,1193,2023-07-30,Hogar,Mesa,1,126935,36449
10802,1193,2023-08-19,Deportes,Raqueta,1,33594,10173
10796,1193,2023-08-26,Tecnologia,Router,1,202726,39934
10797,1193,2023-09-03,Vestuario,Zapatillas,3,50519,17308
10801,1193,2023-09-06,Deportes,Casco,1,98493,30510
10799,1193,2023-11-06,Electrodomesticos,Licuadora,4,632856,130389
10798,1193,2024-01-22,Hogar,Silla,1,37805,8665
10803,1194,2023-01-20,Vestuario,Pantalon,1,24731,7990
10805,1194,2023-02-03,Vestuario,Polera,3,87423,29425
10810,1194,2023-03-11,Tecnologia,Router,2,519818,116044
10804,1194,2023-04-22,Tecnologia,Smartphone,1,283670,48278
10806,1194,2023-05-13,Hogar,Hervidor,2,171251,41251
10808,1194,2023-06-11,Hogar,Sofa,1,95803,22300
10811,1194,2023-08-04,Vestuario,Jeans,2,132599,47050
10807,1194,2023-08-28,Hogar,Cafetera,1,91859,29319
10809,1194,2023-11-09,Electrodomesticos,Aspiradora,1,219412,34919
10812,1195,2023-05-15,Tecnologia,Router,2,583295,116584
10817,1195,2023-05-20,Hogar,Lampara,3,143937,48240
10814,1195,2023-08-06,Vestuario,Jeans,4,182578,61308
10816,1195,2023-11-12,Hogar,Sofa,1,67822,17598
10815,1195,2023-12-26,Electrodomesticos,Cocina,6,1002544,116215
10813,1195,2024-02-03,Deportes,Guantes,3,167633,50975
10818,1196,2023-12-14,Electrodomesticos,Microondas,1,63000,8757
10826,1196,2024-01-15,Hogar,Alfombra,4,290141,91610
10821,1196,2024-02-25,Tecnologia,Mouse,2,581435,106849
10822,1196,2024-03-02,Tecnologia,Smartphone,2,310155,67381
10820,1196,2024-03-11,Hogar,Mesa,4,548752,191210
10829,1196,2024-04-03,Vestuario,Jeans,1,32114,11462
10828,1196,2024-04-04,Hogar,Lampara,3,236322,60831
10827,1196,2024-04-22,Vestuario,Buzo,1,31194,11986
10825,1196,2024-05-28,Electrodomesticos,Microondas,3,546059,97023
10824,1196,2024-07-05,Deportes,Guantes,1,95833,27920
10819,1196,2024-10-23,Hogar,Hervidor,1,87192,28303
10823,1196,2024-12-30,Electrodomesticos,Microondas,1,176083,26548
10830,1197,2023-12-18,Hogar,Termo,4,336025,81244
10836,1197,2023-12-24,Deportes,Poleron,1,55198,17623
10838,1197,2024-01-11,Hogar,Organizador,2,218219,57073
10833,1197,2024-01-25,Deportes,Balon,1,102379,24230
10831,1197,2024-01-28,Deportes,Colchoneta,1,54620,21310
10835,1197,2024-05-09,Electrodomesticos,Purificador,2,456691,86304
10837,1197,2024-06-11,Deportes,Bicicleta,1,76445,26297
10834,1197,2024-07-04,Vestuario,Gorro,2,36619,12812
10832,1197,2024-12-18,Deportes,Botella,2,53060,14940
10839,1198,2024-02-11,Deportes,Botella,1,74832,18708
10842,1198,2024-02-11,Deportes,Raqueta,1,115365,33878
10847,1198,2024-02-12,Tecnologia,Monitor,3,756199,144096
10841,1198,2024-02-19,Vestuario,Gorro,1,29246,10552
10843,1198,2024-03-14,Electrodomesticos,Refrigerador,1,236430,35883
10845,1198,2024-05-03,Vestuario,Gorro,3,135460,46035
10840,1198,2024-05-27,Hogar,Organizador,1,70322,20274
10846,1198,2024-06-21,Deportes,Pesas,1,46426,14599
10844,1198,2024-10-15,Tecnologia,Monitor,2,470565,105611
10848,1199,2022-06-29,Hogar,Cafetera,2,201734,61103
10853,1199,2022-08-11,Hogar,Alfombra,2,281921,76263
10856,1199,2022-08-15,Hogar,Lampara,1,64837,15962
10851,1199,2022-08-23,Vestuario,Buzo,2,60149,22163
10858,1199,2022-09-06,Electrodomesticos,Purificador,1,212236,46478
10854,1199,2022-09-08,Hogar,Mesa,1,117259,33923
10857,1199,2022-10-19,Vestuario,Zapatillas,2,84985,31309
10855,1199,2023-01-29,Vestuario,Pantalon,2,53949,19281
10852,1199,2023-04-18,Tecnologia,Router,1,156696,36041
10850,1199,2023-04-29,Vestuario,Camisa,1,33655,10371
10849,1199,2023-07-11,Tecnologia,Monitor,1,260526,45294
10859,1200,2022-09-25,Vestuario,Camisa,2,101123,39993
10862,1200,2022-09-30,Electrodomesticos,Secadora,3,472474,92564
10869,1200,2022-10-14,Electrodomesticos,Purificador,4,252000,48665
10868,1200,2022-10-26,Tecnologia,Monitor,4,1000141,227699
10870,1200,2022-10-27,Tecnologia,Smartphone,2,343221,72087
10867,1200,2022-11-24,Vestuario,Calcetines,1,21438,6854
10864,1200,2022-11-27,Tecnologia,Smartwatch,1,211893,40689
10863,1200,2022-12-02,Deportes,Bicicleta,1,53937,15550
10861,1200,2022-12-11,Tecnologia,Smartphone,1,130059,29865
10866,1200,2022-12-24,Deportes,Casco,1,91978,30224
10865,1200,2022-12-30,Vestuario,Gorro,2,24350,7117
10871,1200,2023-02-01,Hogar,Alfombra,3,345533,108993
10860,1200,2023-09-15,Hogar,Hervidor,3,310550,74981
10872,1201,2023-02-13,Vestuario,Chaqueta,1,11909,3550
10880,1201,2023-02-19,Hogar,Termo,4,407116,103082
10874,1201,2023-02-23,Deportes,Casco,1,109991,37474
10881,1201,2023-04-19,Hogar,Silla,2,107461,34330
10876,1201,2023-04-25,Deportes,Raqueta,4,392205,137071
10877,1201,2023-07-08,Vestuario,Camisa,1,13832,4514
10873,1201,2023-08-17,Deportes,Raqueta,2,125173,40278
10875,1201,2023-08-27,Deportes,Raqueta,2,49000,15594
10879,1201,2023-09-06,Electrodomesticos,Microondas,1,177941,36220
10878,1201,2024-01-26,Vestuario,Polera,4,165565,61953
10882,1202,2023-07-19,Hogar,Lampara,3,261443,67209
10884,1202,2023-08-20,Vestuario,Buzo,4,249600,96112
10883,1202,2023-09-11,Vestuario,Jeans,2,53922,15293
10885,1202,2024-02-04,Hogar,Termo,2,190132,49059
10886,1203,2023-03-08,Hogar,Mesa,1,89752,25310
10887,1203,2023-03-30,Hogar,Sofa,1,140075,49940
10888,1203,2023-04-12,Electrodomesticos,Aspiradora,2,430712,77640
10889,1203,2023-04-16,Hogar,Cafetera,1,118662,31017
10892,1203,2023-04-19,Hogar,Cortinas,3,136824,43336
10890,1203,2023-07-15,Vestuario,Calcetines,1,31632,11130
10891,1203,2023-11-20,Electrodomesticos,Purificador,5,1111026,191005
10893,1204,2023-11-30,Deportes,Short,2,119745,30556
10901,1204,2023-12-10,Deportes,Short,3,211369,62099
10902,1204,2023-12-16,Hogar,Organizador,2,163300,41812
10894,1204,2023-12-20,Electrodomesticos,Purificador,3,342629,55316
10897,1204,2023-12-25,Electrodomesticos,Cocina,3,661315,109845
10900,1204,2023-12-27,Deportes,Bicicleta,1,39705,8546
10903,1204,2024-01-07,Electrodomesticos,Cocina,1,87492,15079
10899,1204,2024-01-24,Deportes,Botella,1,32370,6905
10896,1204,2024-02-15,Tecnologia,Tablet,1,339744,59248
10904,1204,2024-04-08,Vestuario,Gorro,4,190351,59922
10895,1204,2024-04-30,Hogar,Mesa,3,348470,108707
10898,1204,2024-05-03,Tecnologia,Notebook,2,286009,66052
10905,1205,2023-04-05,Vestuario,Vestido,1,34248,14223
10907,1205,2023-04-24,Deportes,Casco,2,95684,28097
10908,1205,2023-05-11,Tecnologia,Audifonos,1,194209,40142
10911,1205,2023-05-18,Electrodomesticos,Plancha,2,338042,61188
10909,1205,2023-05-21,Vestuario,Gorro,1,60131,23310
10910,1205,2023-07-06,Vestuario,Jeans,1,59726,19147
10906,1205,2023-10-18,Electrodomesticos,Lavadora,1,293780,44437
10912,1206,2024-04-24,Deportes,Pesas,4,171408,56575
10916,1206,2024-05-24,Tecnologia,Teclado,1,246460,52522
10913,1206,2024-06-23,Tecnologia,Smartphone,1,273933,53233
10914,1206,2024-07-09,Tecnologia,Smartwatch,2,212804,48276
10915,1206,2024-08-15,Vestuario,Buzo,1,51059,17111
10917,1207,2022-03-15,Electrodomesticos,Microondas,2,490524,98354
10922,1207,2022-03-29,Vestuario,Chaqueta,1,75548,30267
10920,1207,2022-05-05,Electrodomesticos,Microondas,3,344268,66294
10918,1207,2022-06-05,Electrodomesticos,Purificador,1,232558,39116
10921,1207,2022-10-17,Electrodomesticos,Cocina,1,85215,12475
10919,1207,2023-08-23,Deportes,Guantes,2,151913,46532
10923,1208,2023-12-24,Tecnologia,Router,1,292484,50270
10925,1208,2024-02-01,Hogar,Sofa,1,61644,17249
10926,1208,2024-02-16,Vestuario,Polera,2,90713,29371
10927,1208,2024-04-26,Vestuario,Camisa,3,218083,76688
10924,1208,2024-06-02,Vestuario,Pantalon,2,33274,9407
10928,1209,2023-04-23,Electrodomesticos,Plancha,6,858613,164057
10931,1209,2023-05-15,Vestuario,Buzo,1,42692,15169
10929,1209,2023-06-18,Deportes,Botella,1,72943,23353
10930,1209,2023-09-19,Tecnologia,Smartphone,3,499636,105149
10932,1209,2023-11-26,Hogar,Organizador,3,384204,121697
10933,1210,2023-05-04,Hogar,Organizador,1,82768,19425
10938,1210,2023-05-07,Tecnologia,Smartwatch,2,591817,112831
10943,1210,2023-05-11,Tecnologia,Smartphone,2,484874,92882
10940,1210,2023-05-12,Vestuario,Zapatillas,1,51469,14909
10936,1210,2023-05-27,Hogar,Mesa,1,83419,22645
10934,1210,2023-05-29,Electrodomesticos,Licuadora,3,328654,67465
10935,1210,2023-07-24,Vestuario,Jeans,2,113639,43768
10942,1210,2023-07-26,Vestuario,Jeans,1,43023,14104
10937,1210,2023-08-03,Vestuario,Polera,1,35324,11583
10944,1210,2023-08-04,Vestuario,Vestido,2,102357,26242
10945,1210,2023-08-07,Tecnologia,Smartphone,1,269952,61712
10941,1210,2023-09-04,Electrodomesticos,Horno,2,316757,66915
10939,1210,2024-03-17,Electrodomesticos,Aspiradora,1,82605,11618
10946,1211,2023-11-24,Electrodomesticos,Lavadora,4,849942,145313
10947,1211,2023-11-25,Electrodomesticos,Secadora,1,182426,27568
10949,1211,2023-12-19,Vestuario,Pantalon,1,35911,12448
10948,1211,2023-12-28,Deportes,Poleron,1,59003,19730
10952,1211,2024-01-01,Deportes,Pesas,2,138186,50844
10950,1211,2024-03-04,Tecnologia,Smartwatch,1,77000,14866
10951,1211,2024-06-06,Hogar,Hervidor,1,46495,12115
10954,1211,2024-06-07,Hogar,Cortinas,2,205858,63933
10953,1211,2024-06-18,Electrodomesticos,Horno,1,221087,48706
10955,1212,2023-11-21,Vestuario,Chaqueta,1,63700,19063
10958,1212,2023-11-25,Hogar,Alfombra,1,33849,7680
10966,1212,2023-12-06,Tecnologia,Tablet,3,231000,48175
10967,1212,2024-01-03,Tecnologia,Impresora,2,455440,90393
10963,1212,2024-01-06,Tecnologia,Monitor,1,257419,50756
10960,1212,2024-01-11,Electrodomesticos,Licuadora,1,137715,22706
10965,1212,2024-01-23,Tecnologia,Smartphone,1,216983,36044
10961,1212,2024-01-31,Vestuario,Jeans,2,37755,13520
10959,1212,2024-03-14,Tecnologia,Notebook,3,962574,212973
10962,1212,2024-03-21,Electrodomesticos,Plancha,2,359194,63535
10956,1212,2024-05-13,Electrodomesticos,Lavadora,1,192317,35983
10964,1212,2024-05-13,Electrodomesticos,Lavadora,1,197507,43497
10957,1212,2024-07-14,Electrodomesticos,Microondas,3,595750,116653
10968,1212,2024-11-12,Vestuario,Camisa,1,30710,11579
10969,1213,2023-11-02,Deportes,Guantes,4,290866,75221
10977,1213,2023-11-03,Vestuario,Zapatillas,1,28818,9846
10974,1213,2023-11-07,Vestuario,Pantalon,1,19796,6388
10979,1213,2023-12-08,Vestuario,Jeans,3,123416,33915
10976,1213,2023-12-30,Tecnologia,Monitor,2,781403,148971
10972,1213,2024-01-01,Vestuario,Vestido,2,176064,62423
10973,1213,2024-01-20,Deportes,Colchoneta,3,204136,55528
10975,1213,2024-03-15,Deportes,Colchoneta,1,80597,25922
10980,1213,2024-04-28,Deportes,Balon,4,202650,70331
10971,1213,2024-08-17,Hogar,Silla,1,105140,32566
10970,1213,2024-12-01,Tecnologia,Tablet,1,174625,37686
10978,1213,2024-12-16,Tecnologia,Smartwatch,1,294225,51108
10981,1214,2023-10-15,Electrodomesticos,Licuadora,1,283484,47224
10984,1214,2023-10-16,Deportes,Poleron,2,49000,16062
10982,1214,2024-03-01,Electrodomesticos,Horno,1,63000,9877
10985,1214,2024-03-10,Electrodomesticos,Horno,1,256897,41311
10983,1214,2024-10-07,Tecnologia,Mouse,1,231410,57258
10986,1215,2023-08-18,Electrodomesticos,Refrigerador,2,233713,45882
10993,1215,2023-08-21,Vestuario,Buzo,1,44132,16623
10995,1215,2023-08-28,Deportes,Bicicleta,1,46366,13143
10992,1215,2023-08-30,Vestuario,Camisa,2,143069,48081
10996,1215,2023-09-03,Electrodomesticos,Cocina,1,163085,24911
10994,1215,2023-09-20,Hogar,Termo,3,127377,43057
10991,1215,2023-12-07,Deportes,Poleron,1,110010,31715
10987,1215,2024-01-04,Deportes,Botella,3,190574,57709
10989,1215,2024-01-11,Electrodomesticos,Lavadora,1,115031,23339
10988,1215,2024-03-07,Vestuario,Vestido,2,86797,32338
10990,1215,2024-03-13,Tecnologia,Monitor,3,529133,82702
10997,1216,2024-01-26,Deportes,Botella,3,251432,69436
11000,1216,2024-02-14,Electrodomesticos,Lavadora,3,746519,121840
11001,1216,2024-05-17,Electrodomesticos,Aspiradora,1,202447,33653
10998,1216,2024-06-17,Deportes,Casco,2,49000,15210
11003,1216,2024-06-26,Deportes,Guantes,2,106409,32411
11002,1216,2024-07-14,Hogar,Sofa,4,223387,57296
10999,1216,2024-10-23,Vestuario,Vestido,3,203275,77366
11004,1216,2024-12-24,Tecnologia,Monitor,3,621511,138577
11005,1217,2023-10-16,Deportes,Colchoneta,2,216566,67338
11011,1217,2023-10-22,Deportes,Botella,2,83000,21910
11007,1217,2024-01-21,Electrodomesticos,Microondas,2,401597,68333
11006,1217,2024-02-08,Tecnologia,Monitor,4,1249798,174972
11009,1217,2024-03-11,Deportes,Short,1,56832,16382
11010,1217,2024-04-18,Vestuario,Calcetines,3,103583,38291
11008,1217,2024-04-24,Hogar,Cafetera,1,93027,22131
11012,1218,2023-12-23,Deportes,Guantes,1,64657,18577
11015,1218,2024-02-11,Deportes,Poleron,1,63577,20922
11014,1218,2024-04-13,Tecnologia,Impresora,1,156765,33601
11017,1218,2024-07-31,Tecnologia,Notebook,2,173072,35836
11016,1218,2024-08-29,Tecnologia,Teclado,1,285703,62152
11013,1218,2024-12-30,Vestuario,Vestido,2,36373,10400
11018,1219,2023-05-18,Tecnologia,Tablet,2,457619,102306
11021,1219,2023-05-20,Deportes,Guantes,1,43874,13491
11022,1219,2023-06-14,Vestuario,Buzo,2,92083,30669
11019,1219,2023-06-20,Vestuario,Calcetines,1,54725,20935
11023,1219,2023-10-03,Hogar,Alfombra,1,114099,31437
11020,1219,2024-01-01,Tecnologia,Monitor,2,435631,88435
11024,1220,2023-12-01,Hogar,Termo,3,326109,86822
11031,1220,2023-12-27,Tecnologia,Monitor,1,218256,41796
11028,1220,2024-01-13,Electrodomesticos,Microondas,1,63000,11745
11030,1220,2024-03-09,Electrodomesticos,Cocina,3,793897,140124
11026,1220,2024-03-11,Electrodomesticos,Refrigerador,3,641062,94407
11025,1220,2024-04-24,Hogar,Cafetera,5,863608,244824
11029,1220,2024-06-10,Vestuario,Camisa,1,50027,19543
11027,1220,2024-07-19,Tecnologia,Smartwatch,2,591940,148190
11032,1221,2023-01-17,Electrodomesticos,Aspiradora,1,302614,38129
11034,1221,2023-02-01,Tecnologia,Tablet,2,516791,136293
11035,1221,2023-02-11,Electrodomesticos,Refrigerador,1,192854,30816
11039,1221,2023-02-18,Deportes,Botella,3,154025,47971
11037,1221,2023-02-24,Deportes,Poleron,2,167140,44864
11033,1221,2023-03-05,Vestuario,Vestido,3,86134,30140
11040,1221,2023-05-25,Hogar,Mesa,2,95381,33444
11038,1221,2023-12-03,Tecnologia,Impresora,1,162710,30141
11036,1221,2024-03-18,Hogar,Mesa,1,109745,33161
11041,1222,2023-05-28,Vestuario,Buzo,2,118493,51911
11048,1222,2023-05-31,Vestuario,Chaqueta,2,79795,24808
11043,1222,2023-06-07,Tecnologia,Smartwatch,1,299531,64973
11044,1222,2023-06-15,Tecnologia,Smartphone,2,370108,63525
11047,1222,2023-06-20,Electrodomesticos,Purificador,1,273027,54315
11046,1222,2023-07-10,Tecnologia,Impresora,1,227368,48345
11045,1222,2024-01-31,Electrodomesticos,Plancha,3,982079,191690
11042,1222,2024-04-01,Deportes,Short,1,43048,15592
11049,1223,2023-06-18,Electrodomesticos,Plancha,2,355229,49616
11055,1223,2023-06-29,Deportes,Poleron,1,121505,35546
11050,1223,2023-07-02,Deportes,Guantes,2,132599,40008
11053,1223,2023-07-10,Tecnologia,Impresora,2,169328,32118
11057,1223,2023-07-20,Electrodomesticos,Secadora,1,147283,33002
11051,1223,2023-08-13,Vestuario,Chaqueta,3,180479,52355
11054,1223,2023-09-17,Vestuario,Pantalon,2,62960,21514
11052,1223,2023-09-25,Deportes,Poleron,1,59544,13270
11056,1223,2024-01-14,Vestuario,Zapatillas,1,87754,29067
11058,1224,2023-04-12,Deportes,Pesas,1,33704,11544
11064,1224,2023-04-19,Vestuario,Jeans,2,84178,28520
11061,1224,2023-05-01,Hogar,Lampara,2,217868,72331
11060,1224,2023-05-06,Hogar,Lampara,3,259842,73183
11071,1224,2023-05-27,Hogar,Cortinas,1,98475,27497
11072,1224,2023-07-28,Vestuario,Jeans,1,40921,12559
11066,1224,2023-07-30,Vestuario,Camisa,1,33727,10779
11065,1224,2023-08-23,Vestuario,Camisa,1,53899,16058
11067,1224,2023-08-24,Deportes,Short,1,92765,25334
11069,1224,2023-08-24,Electrodomesticos,Refrigerador,1,137171,22568
11070,1224,2023-10-04,Tecnologia,Tablet,2,609564,137366
11062,1224,2023-12-05,Deportes,Balon,2,130799,33988
11068,1224,2024-01-01,Vestuario,Vestido,1,27242,9119
11063,1224,2024-09-21,Deportes,Balon,1,63284,13418
11059,1224,2024-10-10,Tecnologia,Smartwatch,2,501039,92979
11073,1225,2024-07-21,Tecnologia,Smartwatch,1,244710,53820
11082,1225,2024-08-12,Deportes,Balon,1,33555,9747
11074,1225,2024-08-19,Electrodomesticos,Lavadora,2,148848,32375
11081,1225,2024-08-19,Deportes,Short,1,110818,35385
11076,1225,2024-08-20,Vestuario,Polera,1,27863,11161
11075,1225,2024-09-21,Deportes,Balon,1,71612,15161
11079,1225,2024-11-05,Tecnologia,Router,4,684388,120122
11077,1225,2024-11-27,Vestuario,Zapatillas,1,46329,15115
11080,1225,2024-12-23,Vestuario,Buzo,1,57613,16009
11078,1225,2024-12-29,Deportes,Poleron,3,301627,87964
11083,1226,2023-11-17,Electrodomesticos,Refrigerador,1,185947,27891
11086,1226,2023-11-23,Deportes,Colchoneta,1,72810,17685
11085,1226,2023-12-12,Electrodomesticos,Horno,1,107784,13576
11087,1226,2024-01-16,Deportes,Poleron,1,72660,21789
11084,1226,2024-02-18,Hogar,Sofa,1,64679,19800
11088,1226,2024-05-12,Deportes,Short,2,137344,46359
11089,1227,2022-12-08,Deportes,Guantes,2,152455,42306
11095,1227,2022-12-12,Electrodomesticos,Cocina,2,194343,26620
11096,1227,2022-12-16,Hogar,Sofa,1,54036,13294
11100,1227,2022-12-24,Vestuario,Zapatillas,3,65046,18436
11092,1227,2023-01-06,Hogar,Mesa,1,94596,28082
11091,1227,2023-01-20,Electrodomesticos,Secadora,2,516950,90474
11093,1227,2023-03-07,Hogar,Cafetera,1,104502,28382
11097,1227,2023-03-07,Deportes,Poleron,4,217199,63132
11099,1227,2023-04-05,Vestuario,Chaqueta,2,105622,35058
11098,1227,2023-05-22,Vestuario,Jeans,1,39411,13873
11094,1227,2023-05-28,Hogar,Hervidor,3,284446,74737
11090,1227,2023-06-26,Vestuario,Buzo,2,89015,25685
11101,1228,2022-03-11,Electrodomesticos,Lavadora,1,191557,40516
11108,1228,2022-03-14,Hogar,Mesa,1,49385,15708
11106,1228,2022-03-22,Electrodomesticos,Aspiradora,1,159609,27151
11104,1228,2022-03-26,Vestuario,Gorro,1,59555,17613
11102,1228,2022-04-25,Electrodomesticos,Cocina,2,288496,51543
11105,1228,2022-05-08,Tecnologia,Mouse,1,203471,43592
11109,1228,2022-06-16,Deportes,Pesas,2,111045,34893
11103,1228,2022-06-19,Vestuario,Buzo,3,69437,25202
11107,1228,2022-12-15,Electrodomesticos,Purificador,1,193752,29831
11110,1229,2023-07-30,Vestuario,Gorro,1,31321,12739
11112,1229,2023-08-23,Tecnologia,Audifonos,1,184700,32277
11113,1229,2023-09-19,Vestuario,Polera,1,80240,23687
11114,1229,2023-11-29,Vestuario,Buzo,2,30343,9516
11111,1229,2024-04-08,Hogar,Cafetera,3,313232,94093
11115,1229,2024-07-14,Deportes,Poleron,1,101991,32805
11116,1230,2022-05-02,Deportes,Poleron,1,53606,13617
11123,1230,2022-05-28,Electrodomesticos,Horno,4,1277046,231666
11117,1230,2022-06-11,Hogar,Lampara,3,351488,108548
11119,1230,2022-06-21,Electrodomesticos,Refrigerador,2,311480,58341
11120,1230,2022-07-11,Tecnologia,Teclado,1,222162,42503
11121,1230,2022-07-30,Hogar,Cortinas,3,260414,75396
11124,1230,2022-09-18,Hogar,Lampara,2,155599,30709
11118,1230,2023-01-06,Electrodomesticos,Purificador,1,273278,50031
11122,1230,2023-03-30,Hogar,Cortinas,2,200165,61891
11125,1231,2023-10-04,Hogar,Lampara,3,202926,53198
11128,1231,2023-10-07,Deportes,Botella,2,106408,30630
11130,1231,2023-10-29,Deportes,Poleron,1,109079,32770
11129,1231,2023-11-15,Tecnologia,Impresora,3,837653,136239
11126,1231,2024-01-05,Hogar,Sofa,1,147556,45322
11131,1231,2024-01-14,Tecnologia,Router,1,229225,44519
11127,1231,2024-04-03,Electrodomesticos,Licuadora,1,213949,44127
11132,1231,2024-07-28,Tecnologia,Smartphone,3,874082,217521
11133,1232,2023-02-10,Electrodomesticos,Secadora,2,291042,47198
11138,1232,2023-02-19,Tecnologia,Audifonos,1,257773,54151
11136,1232,2023-03-13,Hogar,Termo,3,196117,52458
11141,1232,2023-03-16,Electrodomesticos,Microondas,2,243173,39262
11137,1232,2023-03-27,Tecnologia,Tablet,2,290972,56608
11140,1232,2023-03-31,Electrodomesticos,Purificador,1,191938,35345
11134,1232,2023-05-01,Deportes,Short,1,51236,20751
11135,1232,2023-06-08,Tecnologia,Notebook,1,244243,56529
11139,1232,2023-06-19,Electrodomesticos,Microondas,3,650503,99004
11142,1233,2023-09-11,Electrodomesticos,Refrigerador,3,616472,109995
11146,1233,2023-09-13,Hogar,Organizador,1,72637,17437
11148,1233,2023-09-13,Vestuario,Camisa,2,84589,32992
11144,1233,2023-09-27,Deportes,Guantes,1,85553,27209
11150,1233,2023-10-30,Hogar,Sofa,1,126902,38039
11143,1233,2023-12-17,Deportes,Botella,2,77186,20599
11151,1233,2023-12-21,Electrodomesticos,Aspiradora,1,124147,21115
11145,1233,2023-12-31,Tecnologia,Tablet,2,576075,104626
11147,1233,2024-01-06,Vestuario,Vestido,1,22365,8364
11153,1233,2024-01-10,Electrodomesticos,Cocina,1,215706,36914
11149,1233,2024-02-07,Electrodomesticos,Lavadora,2,475687,71335
11152,1233,2024-04-05,Tecnologia,Tablet,2,258903,44995
11154,1234,2023-05-30,Electrodomesticos,Lavadora,2,251492,48126
11158,1234,2023-07-08,Deportes,Casco,1,95874,32255
11160,1234,2023-08-12,Tecnologia,Tablet,3,819805,159337
11157,1234,2023-08-26,Tecnologia,Router,2,530331,102906
11156,1234,2023-09-14,Hogar,Sofa,4,306778,88490
11159,1234,2023-11-15,Deportes,Botella,1,66269,19516
11155,1234,2024-01-03,Hogar,Sofa,2,70939,14894
11161,1235,2022-04-07,Hogar,Cafetera,1,155926,39895
11166,1235,2022-04-24,Hogar,Sofa,3,449402,124102
11162,1235,2022-05-06,Vestuario,Buzo,1,27618,9823
11165,1235,2022-06-03,Hogar,Silla,1,131048,39187
11163,1235,2022-07-01,Deportes,Raqueta,1,51842,15841
11164,1235,2022-10-21,Vestuario,Buzo,1,70396,24176
11167,1236,2022-10-25,Electrodomesticos,Refrigerador,1,74718,12116
11169,1236,2022-10-27,Deportes,Raqueta,1,65105,19727
11174,1236,2022-11-16,Vestuario,Gorro,1,61840,20882
11173,1236,2022-11-22,Deportes,Casco,1,69487,20449
11171,1236,2022-12-15,Tecnologia,Audifonos,1,134167,28925
11172,1236,2023-01-01,Deportes,Balon,2,244346,81807
11168,1236,2023-01-04,Electrodomesticos,Cocina,1,63801,13155
11170,1236,2023-02-23,Electrodomesticos,Microondas,1,172605,30989
11175,1237,2022-08-11,Electrodomesticos,Secadora,1,166706,32135
11181,1237,2022-08-13,Deportes,Poleron,4,217132,67988
11178,1237,2022-09-14,Deportes,Bicicleta,2,96226,33701
11177,1237,2022-10-20,Electrodomesticos,Refrigerador,1,144748,23987
11180,1237,2022-11-24,Hogar,Mesa,1,50479,11355
11179,1237,2022-12-28,Vestuario,Camisa,2,134300,40841
11176,1237,2023-02-09,Hogar,Termo,3,379341,121959
11182,1238,2023-12-30,Deportes,Guantes,2,98172,27848
11185,1238,2024-01-01,Vestuario,Calcetines,3,112032,36366
11184,1238,2024-01-12,Deportes,Guantes,1,71428,20899
11186,1238,2024-01-16,Hogar,Cortinas,3,149673,39694
11193,1238,2024-02-02,Deportes,Colchoneta,1,68890,20518
11187,1238,2024-02-10,Vestuario,Camisa,1,64370,22355
11192,1238,2024-02-26,Tecnologia,Audifonos,1,92869,18631
11190,1238,2024-04-05,Vestuario,Chaqueta,1,19124,7592
11183,1238,2024-04-27,Electrodomesticos,Secadora,2,513854,83691
11189,1238,2024-05-08,Vestuario,Polera,4,172662,64464
11194,1238,2024-08-02,Deportes,Colchoneta,1,63997,18790
11191,1238,2024-08-08,Vestuario,Polera,2,34505,12784
11188,1238,2024-09-17,Hogar,Alfombra,1,87515,22708
11195,1239,2023-08-13,Electrodomesticos,Horno,3,880226,128233
11203,1239,2023-08-14,Deportes,Botella,1,77544,24517
11198,1239,2023-08-20,Tecnologia,Notebook,1,255590,54838
11197,1239,2023-09-12,Electrodomesticos,Refrigerador,3,671214,121918
11200,1239,2023-09-29,Tecnologia,Notebook,1,232938,45125
11205,1239,2023-10-03,Hogar,Silla,1,107838,37370
11199,1239,2023-10-31,Vestuario,Jeans,1,64244,25061
11202,1239,2023-11-05,Vestuario,Buzo,1,25715,6729
11207,1239,2023-11-12,Electrodomesticos,Aspiradora,1,211815,38622
11206,1239,2023-11-19,Tecnologia,Impresora,2,477060,92759
11204,1239,2023-12-04,Electrodomesticos,Horno,3,529703,79651
11196,1239,2024-02-06,Tecnologia,Router,2,324470,58696
11201,1239,2024-06-16,Vestuario,Camisa,4,110609,39015
11208,1240,2024-09-05,Deportes,Colchoneta,2,81132,23799
11210,1240,2024-09-05,Hogar,Organizador,1,134585,34037
11212,1240,2024-09-10,Deportes,Colchoneta,3,148684,41126
11214,1240,2024-09-20,Tecnologia,Audifonos,2,577308,124431
11211,1240,2024-10-21,Vestuario,Polera,1,25925,9287
11213,1240,2024-11-30,Tecnologia,Smartphone,1,288875,59503
11209,1240,2024-12-29,Vestuario,Camisa,4,181033,61792
11215,1241,2023-11-24,Vestuario,Zapatillas,2,77091,25598
11224,1241,2023-12-11,Electrodomesticos,Cocina,1,274936,44582
11218,1241,2023-12-13,Electrodomesticos,Plancha,1,158273,25329
11221,1241,2024-01-05,Tecnologia,Notebook,2,224501,42478
11219,1241,2024-01-29,Deportes,Raqueta,4,248539,71439
11216,1241,2024-02-15,Tecnologia,Impresora,4,945445,176379
11225,1241,2024-04-08,Vestuario,Buzo,5,165892,43346
11220,1241,2024-05-04,Vestuario,Camisa,2,70730,28222
11226,1241,2024-05-04,Tecnologia,Teclado,1,243462,51999
11217,1241,2024-07-02,Hogar,Hervidor,1,70770,22297
11222,1241,2024-07-19,Hogar,Cortinas,1,108103,29518
11223,1241,2024-08-19,Deportes,Pesas,2,129747,38753
11227,1242,2023-01-19,Hogar,Cortinas,1,64039,16390
11229,1242,2023-01-29,Vestuario,Buzo,1,98560,32193
11228,1242,2023-04-08,Tecnologia,Teclado,2,435821,85882
11230,1242,2023-05-15,Tecnologia,Monitor,3,769416,110360
11231,1242,2023-06-22,Vestuario,Pantalon,3,90734,36819
11232,1242,2023-10-11,Hogar,Termo,3,249147,76671
11233,1242,2023-10-28,Deportes,Short,1,45583,15649
11234,1242,2023-12-22,Hogar,Cafetera,2,205346,51024
11235,1243,2024-11-29,Tecnologia,Teclado,1,239948,40825
11241,1243,2024-12-23,Hogar,Silla,3,187410,38827
11236,1243,2024-12-24,Vestuario,Chaqueta,2,63854,22890
11239,1243,2024-12-25,Hogar,Organizador,1,110965,26140
11237,1243,2024-12-27,Electrodomesticos,Purificador,4,669588,104796
11240,1243,2024-12-28,Hogar,Cortinas,1,41511,9546
11238,1243,2024-12-29,Tecnologia,Smartwatch,2,634460,123615
11242,1244,2023-07-17,Deportes,Short,1,69375,24981
11247,1244,2023-07-27,Electrodomesticos,Aspiradora,2,360500,61489
11244,1244,2023-08-19,Tecnologia,Impresora,1,118211,25991
11253,1244,2023-09-02,Electrodomesticos,Horno,1,110996,23166
11252,1244,2023-09-10,Deportes,Short,1,101954,31507
11249,1244,2023-09-26,Tecnologia,Monitor,1,363267,72359
11251,1244,2023-11-01,Tecnologia,Notebook,3,589477,106071
11243,1244,2023-12-08,Deportes,Bicicleta,2,163790,48677
11246,1244,2024-01-06,Electrodomesticos,Licuadora,2,240367,37792
11250,1244,2024-02-26,Deportes,Colchoneta,2,156547,43697
11245,1244,2024-03-11,Hogar,Termo,2,178301,61043
11248,1244,2024-09-30,Tecnologia,Audifonos,1,209564,46889
11254,1245,2023-06-23,Deportes,Casco,2,133542,35102
11257,1245,2023-07-12,Electrodomesticos,Cocina,1,360000,59209
11261,1245,2023-07-12,Deportes,Guantes,1,77677,24273
11256,1245,2023-07-16,Vestuario,Zapatillas,1,84998,28509
11260,1245,2023-07-21,Deportes,Colchoneta,2,169423,41007
11255,1245,2023-07-26,Tecnologia,Smartphone,5,1382107,287696
11258,1245,2023-10-08,Vestuario,Gorro,1,50869,22090
11259,1245,2023-10-24,Vestuario,Polera,2,60089,22646
11262,1246,2023-08-10,Hogar,Organizador,1,116079,27462
11266,1246,2023-08-17,Tecnologia,Tablet,1,197054,47216
11265,1246,2023-09-02,Vestuario,Chaqueta,2,29589,9422
11269,1246,2023-09-07,Electrodomesticos,Secadora,1,177179,32558
11264,1246,2023-09-17,Vestuario,Calcetines,1,19511,7788
11267,1246,2023-10-02,Hogar,Lampara,2,207222,50903
11263,1246,2023-10-20,Tecnologia,Smartphone,1,271857,59267
11268,1246,2024-01-11,Electrodomesticos,Horno,2,187293,29294
11272,1246,2024-02-08,Vestuario,Jeans,3,72799,22099
11270,1246,2024-07-31,Deportes,Guantes,1,85382,28408
11271,1246,2024-12-27,Electrodomesticos,Aspiradora,2,325698,49241
11273,1247,2022-08-08,Vestuario,Calcetines,3,58758,15887
11278,1247,2022-09-10,Vestuario,Zapatillas,1,29939,7926
11277,1247,2022-09-16,Tecnologia,Smartwatch,2,366850,82031
11276,1247,2022-12-23,Vestuario,Zapatillas,1,17528,6699
11274,1247,2023-01-03,Hogar,Hervidor,2,132236,39643
11275,1247,2023-11-09,Tecnologia,Notebook,1,360834,68165
11279,1248,2023-10-24,Vestuario,Gorro,1,49597,19540
11282,1248,2024-01-20,Tecnologia,Monitor,4,740146,166357
11280,1248,2024-02-07,Hogar,Cafetera,1,82285,18833
11283,1248,2024-03-04,Tecnologia,Impresora,1,80265,12200
11281,1248,2024-03-23,Tecnologia,Monitor,1,191593,36245
11284,1249,2024-08-25,Tecnologia,Smartphone,1,214693,40457
11287,1249,2024-09-02,Deportes,Poleron,2,159205,43764
11290,1249,2024-09-11,Hogar,Lampara,1,39961,13088
11291,1249,2024-10-02,Hogar,Alfombra,2,206076,54418
11292,1249,2024-12-04,Hogar,Sofa,2,233726,61870
11289,1249,2024-12-21,Electrodomesticos,Microondas,1,125004,16550
11285,1249,2024-12-22,Hogar,Cafetera,2,88871,25417
11294,1249,2024-12-24,Electrodomesticos,Lavadora,4,723902,115963
11288,1249,2024-12-29,Deportes,Pesas,4,343191,106994
11293,1249,2024-12-30,Vestuario,Jeans,1,58314,17043
11286,1249,2024-12-31,Vestuario,Camisa,4,72004,22778
11295,1250,2022-01-29,Deportes,Short,1,42362,11620
11303,1250,2022-01-29,Hogar,Hervidor,1,127295,35480
11296,1250,2022-03-01,Hogar,Organizador,3,283397,71735
11297,1250,2022-04-02,Tecnologia,Teclado,1,120046,21315
11304,1250,2022-04-07,Tecnologia,Router,1,119806,20687
11301,1250,2022-04-20,Deportes,Bicicleta,1,68674,20955
11298,1250,2022-05-17,Electrodomesticos,Secadora,1,167143,33795
11302,1250,2022-05-22,Electrodomesticos,Aspiradora,2,440351,76841
11300,1250,2022-11-06,Vestuario,Buzo,1,55839,17610
11299,1250,2023-06-16,Vestuario,Camisa,1,32517,12154
11305,1251,2024-08-18,Vestuario,Gorro,1,50696,18834
11308,1251,2024-08-24,Deportes,Short,3,271876,82504
11312,1251,2024-09-26,Electrodomesticos,Refrigerador,1,131436,25599
11316,1251,2024-10-01,Hogar,Mesa,2,323021,67170
11309,1251,2024-10-26,Deportes,Short,2,103146,32470
11306,1251,2024-11-07,Tecnologia,Tablet,3,653321,103534
11311,1251,2024-11-15,Tecnologia,Notebook,3,557892,104461
11307,1251,2024-11-16,Hogar,Termo,2,236095,55094
11313,1251,2024-12-22,Deportes,Colchoneta,3,184964,49365
11314,1251,2024-12-29,Deportes,Pesas,1,56591,19083
11310,1251,2024-12-31,Vestuario,Chaqueta,3,108586,30144
11315,1251,2024-12-31,Hogar,Alfombra,2,105526,22624
11317,1252,2023-02-04,Tecnologia,Smartwatch,1,124311,18833
11321,1252,2023-02-20,Hogar,Alfombra,3,419066,121262
11323,1252,2023-04-13,Tecnologia,Mouse,1,127879,27856
11319,1252,2023-04-16,Tecnologia,Impresora,3,696898,156769
11322,1252,2023-04-27,Electrodomesticos,Plancha,1,213235,40518
11320,1252,2023-05-11,Vestuario,Zapatillas,2,92020,30923
11324,1252,2023-06-13,Hogar,Termo,1,109413,33592
11318,1252,2023-07-17,Deportes,Pesas,1,81488,24900
11325,1253,2023-12-18,Deportes,Balon,1,59880,14117
11333,1253,2024-01-01,Deportes,Guantes,3,215468,52662
11335,1253,2024-01-02,Deportes,Casco,4,413127,130701
11336,1253,2024-01-09,Hogar,Hervidor,1,83158,22762
11328,1253,2024-01-11,Deportes,Colchoneta,4,289756,90799
11330,1253,2024-02-20,Deportes,Botella,2,194054,55567
11331,1253,2024-02-20,Vestuario,Pantalon,3,84390,31579
11332,1253,2024-02-29,Hogar,Termo,1,97610,23380
11326,1253,2024-03-18,Tecnologia,Monitor,3,669140,116373
11329,1253,2024-04-02,Electrodomesticos,Secadora,1,122914,22216
11337,1253,2024-04-27,Deportes,Poleron,1,93735,21477
11327,1253,2024-07-17,Hogar,Hervidor,1,113996,27087
11334,1253,2024-12-27,Tecnologia,Impresora,1,253845,46007
11338,1254,2022-09-05,Vestuario,Buzo,1,25712,8997
11345,1254,2022-09-05,Vestuario,Vestido,1,67185,22717
11344,1254,2022-10-14,Vestuario,Gorro,5,174135,58692
11340,1254,2022-11-04,Deportes,Short,1,98586,26287
11341,1254,2022-11-05,Electrodomesticos,Purificador,2,311575,48392
11339,1254,2022-11-30,Electrodomesticos,Plancha,4,509809,71488
11343,1254,2022-12-23,Electrodomesticos,Purificador,1,182756,26399
11346,1254,2023-02-24,Deportes,Guantes,3,148039,48635
11347,1254,2023-04-09,Deportes,Pesas,1,62964,18492
11342,1254,2023-05-08,Electrodomesticos,Lavadora,1,151860,30162
11348,1254,2023-10-17,Tecnologia,Smartphone,1,210459,39996
11349,1255,2023-05-25,Deportes,Pesas,2,244682,72275
11354,1255,2023-06-06,Hogar,Sofa,1,87844,29938
11350,1255,2023-06-29,Hogar,Organizador,1,79114,20251
11352,1255,2023-07-08,Hogar,Alfombra,1,64684,18671
11351,1255,2023-08-12,Electrodomesticos,Horno,1,150609,30536
11353,1255,2023-09-07,Vestuario,Chaqueta,1,79528,24217
11355,1256,2023-11-09,Hogar,Hervidor,1,61619,15113
11359,1256,2023-11-10,Vestuario,Polera,1,53020,15490
11360,1256,2023-11-15,Tecnologia,Tablet,3,592618,106728
11356,1256,2023-12-01,Vestuario,Pantalon,1,42393,12962
11361,1256,2023-12-04,Deportes,Poleron,2,59530,13265
11357,1256,2023-12-17,Hogar,Sofa,3,94500,26185
11363,1256,2024-01-01,Hogar,Cortinas,1,98850,25026
11362,1256,2024-04-02,Vestuario,Zapatillas,2,88859,29319
11358,1256,2024-04-28,Electrodomesticos,Horno,1,99291,15343
11364,1257,2023-01-17,Vestuario,Chaqueta,3,153119,44078
11371,1257,2023-01-23,Hogar,Organizador,2,158758,52754
11366,1257,2023-02-04,Electrodomesticos,Microondas,2,324820,63858
11365,1257,2023-02-09,Electrodomesticos,Horno,1,196004,39012
11369,1257,2023-02-19,Vestuario,Chaqueta,2,145885,51432
11375,1257,2023-03-20,Tecnologia,Router,1,148977,30229
11367,1257,2023-06-14,Deportes,Balon,2,137895,42431
11368,1257,2023-06-28,Hogar,Cortinas,1,96568,26576
11370,1257,2023-08-06,Vestuario,Vestido,2,188265,69604
11373,1257,2023-09-07,Vestuario,Zapatillas,1,26346,10063
11374,1257,2023-09-11,Electrodomesticos,Aspiradora,1,100282,17668
11372,1257,2024-01-04,Deportes,Bicicleta,1,62088,18529
11376,1258,2022-07-27,Deportes,Raqueta,2,174813,47033
11379,1258,2022-08-11,Electrodomesticos,Secadora,2,334837,60698
11377,1258,2022-08-13,Hogar,Termo,1,71494,19970
11381,1258,2022-10-06,Deportes,Short,3,157217,50416
11382,1258,2022-12-01,Vestuario,Pantalon,1,85977,30552
11378,1258,2023-01-02,Deportes,Botella,1,47991,15395
11383,1258,2023-02-05,Electrodomesticos,Lavadora,2,293045,54511
11380,1258,2023-04-14,Vestuario,Buzo,1,37127,11798
11384,1259,2023-09-07,Deportes,Poleron,1,106984,36159
11389,1259,2023-10-15,Electrodomesticos,Secadora,1,63000,12034
11385,1259,2023-12-29,Hogar,Hervidor,1,127870,31199
11390,1259,2024-01-10,Vestuario,Chaqueta,2,106384,40690
11386,1259,2024-03-25,Electrodomesticos,Plancha,3,559423,91519
11388,1259,2024-08-22,Vestuario,Buzo,1,28522,9669
11387,1259,2024-12-30,Deportes,Short,2,171375,47928
11391,1260,2023-09-29,Hogar,Cortinas,3,252152,70778
11392,1260,2023-10-01,Electrodomesticos,Secadora,3,557704,103463
11398,1260,2023-10-04,Hogar,Sofa,2,234263,59473
11393,1260,2023-10-23,Tecnologia,Audifonos,3,231000,42386
11400,1260,2023-10-26,Deportes,Short,4,340362,98244
11402,1260,2023-10-26,Deportes,Balon,3,73500,17946
11395,1260,2023-10-27,Vestuario,Gorro,2,84642,26606
11401,1260,2023-12-16,Vestuario,Pantalon,1,36105,15162
11397,1260,2023-12-17,Tecnologia,Notebook,2,302682,55410
11394,1260,2023-12-19,Deportes,Pesas,2,88864,23607
11396,1260,2024-01-28,Deportes,Botella,2,186796,53238
11399,1260,2024-03-07,Tecnologia,Teclado,2,430515,76455
11403,1261,2023-10-06,Electrodomesticos,Secadora,1,235536,47947
11410,1261,2023-10-17,Deportes,Guantes,1,81611,26326
11405,1261,2023-10-29,Hogar,Cafetera,1,117895,23107
11406,1261,2023-11-06,Deportes,Guantes,1,58781,18486
11407,1261,2023-11-28,Deportes,Pesas,1,34596,9636
11411,1261,2024-01-01,Hogar,Cortinas,2,63000,16844
11412,1261,2024-01-07,Vestuario,Chaqueta,1,61460,20086
11408,1261,2024-03-11,Hogar,Organizador,1,114569,34660
11415,1261,2024-04-02,Hogar,Cortinas,1,126544,42158
11409,1261,2024-04-10,Deportes,Botella,1,62763,21045
11413,1261,2024-07-09,Hogar,Lampara,1,114627,29986
11414,1261,2024-08-19,Vestuario,Gorro,4,157839,45249
11404,1261,2024-08-27,Tecnologia,Teclado,1,159027,30663
11416,1262,2023-09-25,Deportes,Botella,1,24500,6591
11422,1262,2023-10-09,Tecnologia,Notebook,2,230276,39501
11427,1262,2023-10-23,Hogar,Sofa,3,374991,122073
11423,1262,2023-10-31,Tecnologia,Teclado,1,133009,28653
11426,1262,2023-11-12,Hogar,Sofa,2,143502,45728
11418,1262,2023-11-17,Electrodomesticos,Microondas,4,1041797,145677
11421,1262,2023-12-07,Tecnologia,Teclado,4,1140122,192460
11419,1262,2023-12-15,Tecnologia,Audifonos,3,1052535,184888
11417,1262,2023-12-19,Hogar,Cortinas,1,121287,30053
11424,1262,2023-12-29,Deportes,Bicicleta,2,99132,29456
11428,1262,2024-03-21,Electrodomesticos,Cocina,6,979529,154150
11425,1262,2024-07-31,Hogar,Organizador,2,299420,89124
11420,1262,2024-12-05,Hogar,Sofa,2,186054,46535
11429,1263,2024-08-18,Vestuario,Buzo,2,78435,26446
11437,1263,2024-08-18,Hogar,Mesa,3,155956,50409
11434,1263,2024-10-25,Tecnologia,Impresora,2,668425,154172
11433,1263,2024-11-02,Electrodomesticos,Plancha,5,971251,169260
11430,1263,2024-12-24,Hogar,Mesa,2,135930,33782
11436,1263,2024-12-24,Tecnologia,Smartphone,1,136012,29176
11432,1263,2024-12-26,Tecnologia,Notebook,1,272282,47194
11431,1263,2024-12-28,Electrodomesticos,Aspiradora,2,396679,56778
11435,1263,2024-12-28,Vestuario,Buzo,2,183004,55823
11438,1264,2023-05-10,Tecnologia,Smartwatch,1,167666,31834
11439,1264,2023-06-17,Tecnologia,Teclado,3,523254,93175
11444,1264,2023-07-13,Tecnologia,Teclado,2,245745,47631
11442,1264,2023-10-24,Electrodomesticos,Horno,4,523207,79505
11440,1264,2023-10-27,Vestuario,Calcetines,2,147684,53286
11441,1264,2023-12-09,Deportes,Botella,1,67961,20991
11443,1264,2024-08-23,Electrodomesticos,Secadora,2,174587,28469
11445,1265,2023-07-30,Deportes,Raqueta,3,107772,33432
11447,1265,2023-08-09,Hogar,Organizador,3,201891,52520
11453,1265,2023-09-20,Hogar,Mesa,4,337706,88246
11451,1265,2023-09-25,Tecnologia,Smartphone,2,391063,75833
11446,1265,2023-10-15,Hogar,Cafetera,1,106222,32067
11450,1265,2023-11-06,Hogar,Hervidor,1,104298,26989
11452,1265,2023-12-14,Electrodomesticos,Cocina,1,88570,17308
11448,1265,2024-02-18,Vestuario,Zapatillas,2,52545,21184
11449,1265,2024-04-11,Tecnologia,Impresora,1,230542,43777
11454,1266,2024-05-09,Vestuario,Camisa,3,108395,33057
11458,1266,2024-05-30,Hogar,Lampara,3,188664,50671
11455,1266,2024-07-12,Electrodomesticos,Refrigerador,1,111927,22440
11457,1266,2024-08-08,Vestuario,Calcetines,2,60640,18252
11456,1266,2024-08-16,Deportes,Poleron,1,49789,14989
11459,1267,2024-11-11,Hogar,Alfombra,1,112851,28097
11462,1267,2024-12-24,Deportes,Casco,1,47556,14197
11463,1267,2024-12-24,Hogar,Mesa,1,88181,24373
11460,1267,2024-12-26,Electrodomesticos,Licuadora,2,458355,91670
11461,1267,2024-12-30,Vestuario,Chaqueta,1,25052,7732
11464,1268,2023-05-09,Deportes,Raqueta,3,359345,112290
11467,1268,2023-05-24,Hogar,Hervidor,2,305591,98624
11465,1268,2023-05-28,Tecnologia,Router,2,374590,86120
11471,1268,2023-05-28,Electrodomesticos,Secadora,1,99030,18341
11468,1268,2023-06-18,Hogar,Mesa,3,148539,50553
11470,1268,2023-06-24,Tecnologia,Impresora,4,640643,122610
11466,1268,2023-06-25,Vestuario,Vestido,2,72799,25800
11469,1268,2023-12-24,Deportes,Botella,1,69770,15920
11472,1269,2024-05-19,Hogar,Cafetera,3,130532,33904
11482,1269,2024-06-08,Electrodomesticos,Plancha,2,447752,77913
11479,1269,2024-06-22,Tecnologia,Teclado,1,77000,13225
11477,1269,2024-07-16,Vestuario,Pantalon,1,44481,12732
11480,1269,2024-07-20,Tecnologia,Smartwatch,2,273276,55679
11483,1269,2024-07-27,Hogar,Cortinas,2,157317,43109
11474,1269,2024-07-29,Tecnologia,Audifonos,2,233186,42392
11485,1269,2024-08-06,Electrodomesticos,Plancha,3,642206,122382
11478,1269,2024-11-10,Vestuario,Camisa,1,39299,13525
11475,1269,2024-11-21,Tecnologia,Smartwatch,1,281389,59640
11473,1269,2024-11-30,Hogar,Lampara,1,83545,22148
11481,1269,2024-12-22,Electrodomesticos,Microondas,2,450414,78719
11476,1269,2024-12-23,Vestuario,Vestido,4,236268,62504
11484,1269,2024-12-31,Hogar,Termo,1,108633,24656
11486,1270,2022-09-29,Vestuario,Chaqueta,1,33135,10724
11489,1270,2022-10-03,Electrodomesticos,Aspiradora,2,439828,74177
11487,1270,2022-10-06,Vestuario,Zapatillas,3,173946,68404
11493,1270,2022-10-24,Vestuario,Polera,1,35140,11546
11496,1270,2022-10-29,Electrodomesticos,Secadora,2,307171,55444
11495,1270,2022-11-09,Deportes,Guantes,1,92876,26838
11488,1270,2022-11-22,Deportes,Colchoneta,2,133518,33647
11492,1270,2022-11-26,Deportes,Bicicleta,1,72351,21185
11491,1270,2022-12-27,Hogar,Mesa,2,159455,36814
11494,1270,2023-08-30,Tecnologia,Notebook,7,1393118,313594
11490,1270,2023-09-08,Electrodomesticos,Horno,2,425439,61936
11497,1271,2023-06-06,Deportes,Guantes,2,49000,12728
11503,1271,2023-06-21,Hogar,Mesa,4,243738,62976
11500,1271,2023-07-01,Hogar,Cafetera,1,104028,27586
11506,1271,2023-07-02,Electrodomesticos,Refrigerador,2,126000,21390
11498,1271,2023-07-04,Electrodomesticos,Refrigerador,1,115663,19562
11505,1271,2023-07-17,Tecnologia,Monitor,1,399463,82008
11504,1271,2023-07-30,Electrodomesticos,Purificador,3,398686,66725
11507,1271,2023-08-02,Deportes,Raqueta,4,200764,49007
11501,1271,2023-08-03,Electrodomesticos,Plancha,3,281030,49141
11499,1271,2023-10-29,Electrodomesticos,Refrigerador,1,270670,46318
11502,1271,2023-11-19,Electrodomesticos,Microondas,1,152036,21665
11508,1272,2024-08-09,Vestuario,Polera,2,74858,29635
11509,1272,2024-08-16,Tecnologia,Smartwatch,2,402837,76851
11512,1272,2024-08-31,Hogar,Hervidor,2,152228,50814
11511,1272,2024-09-27,Hogar,Cortinas,2,96323,21879
11514,1272,2024-09-28,Vestuario,Vestido,1,27716,10021
11510,1272,2024-12-20,Tecnologia,Monitor,1,233012,32566
11516,1272,2024-12-23,Tecnologia,Impresora,2,431356,83145
11515,1272,2024-12-26,Hogar,Organizador,1,85031,23970
11513,1272,2024-12-27,Deportes,Botella,1,52164,13330
11517,1273,2023-01-09,Tecnologia,Mouse,1,133549,26271
11522,1273,2023-04-02,Hogar,Lampara,1,86842,20850
11523,1273,2023-06-03,Vestuario,Jeans,1,42643,15446
11520,1273,2023-08-20,Vestuario,Zapatillas,3,81027,21626
11521,1273,2023-09-09,Electrodomesticos,Microondas,1,115079,20239
11518,1273,2023-10-21,Tecnologia,Tablet,1,189029,30449
11519,1273,2023-12-02,Deportes,Colchoneta,3,335888,79900
11524,1274,2024-07-12,Deportes,Short,3,395395,132662
11530,1274,2024-07-13,Hogar,Mesa,3,208747,47962
11527,1274,2024-08-15,Vestuario,Calcetines,3,91355,34650
11531,1274,2024-08-28,Tecnologia,Router,2,493754,90816
11532,1274,2024-09-02,Deportes,Bicicleta,4,177615,70422
11533,1274,2024-09-20,Electrodomesticos,Horno,3,695239,105372
11529,1274,2024-09-29,Deportes,Balon,2,93952,30572
11528,1274,2024-10-04,Deportes,Raqueta,2,110512,40296
11526,1274,2024-11-12,Electrodomesticos,Licuadora,3,567320,84342
11525,1274,2024-11-14,Tecnologia,Notebook,1,221243,37761
11534,1275,2024-06-15,Tecnologia,Notebook,2,625165,115832
11536,1275,2024-06-20,Hogar,Sofa,3,268356,73726
11537,1275,2024-06-28,Tecnologia,Smartwatch,2,416166,96027
11542,1275,2024-08-09,Electrodomesticos,Lavadora,3,324803,65440
11539,1275,2024-10-01,Vestuario,Pantalon,3,122370,50219
11538,1275,2024-10-25,Tecnologia,Mouse,3,1024897,143486
11541,1275,2024-12-09,Vestuario,Camisa,2,75516,26377
11540,1275,2024-12-25,Deportes,Colchoneta,1,83315,21683
11535,1275,2024-12-29,Tecnologia,Impresora,2,415686,62957
11543,1276,2024-01-30,Vestuario,Calcetines,1,22333,7344
11545,1276,2024-03-28,Deportes,Guantes,4,332711,87621
11544,1276,2024-04-28,Deportes,Bicicleta,4,229230,67494
11546,1276,2024-06-26,Tecnologia,Tablet,1,334924,56216
11547,1277,2024-05-20,Electrodomesticos,Lavadora,1,225200,31292
11548,1277,2024-12-24,Electrodomesticos,Cocina,1,165610,27511
11549,1278,2023-10-11,Vestuario,Pantalon,1,27072,9232
11550,1278,2023-10-22,Deportes,Casco,2,51398,14778
11553,1278,2024-02-06,Deportes,Bicicleta,2,119018,35075
11551,1278,2024-02-21,Electrodomesticos,Aspiradora,2,305701,49554
11552,1278,2024-04-07,Deportes,Guantes,4,254634,87283
11554,1278,2024-05-25,Hogar,Organizador,3,334621,77932
11555,1279,2023-11-06,Hogar,Lampara,2,210924,57667
11556,1279,2023-12-05,Electrodomesticos,Licuadora,2,339546,63263
11557,1279,2023-12-07,Hogar,Lampara,3,295807,56056
11558,1279,2023-12-11,Electrodomesticos,Purificador,1,66647,9852
11560,1279,2024-01-06,Deportes,Poleron,1,108676,29583
11559,1279,2024-01-27,Electrodomesticos,Microondas,3,634706,113954
11561,1280,2023-09-07,Tecnologia,Tablet,3,971476,200315
11564,1280,2023-09-14,Deportes,Botella,4,360363,104403
11563,1280,2023-09-25,Hogar,Termo,1,136228,42315
11573,1280,2023-10-09,Electrodomesticos,Aspiradora,1,180017,24530
11571,1280,2023-12-24,Hogar,Alfombra,2,173693,45766
11572,1280,2024-01-22,Electrodomesticos,Refrigerador,1,116146,21660
11562,1280,2024-03-04,Tecnologia,Audifonos,1,215402,33889
11569,1280,2024-03-06,Hogar,Termo,5,534134,151077
11565,1280,2024-03-08,Electrodomesticos,Horno,2,404244,73949
11568,1280,2024-03-09,Vestuario,Calcetines,1,42441,12912
11566,1280,2024-05-14,Hogar,Mesa,1,74922,21151
11567,1280,2024-05-26,Vestuario,Gorro,1,50640,20991
11570,1280,2024-06-12,Vestuario,Chaqueta,1,47217,19783
11574,1281,2023-04-20,Deportes,Balon,3,175310,62713
11581,1281,2023-05-10,Tecnologia,Mouse,3,351990,70272
11580,1281,2023-07-07,Hogar,Cafetera,2,179042,64882
11578,1281,2023-07-10,Vestuario,Gorro,1,45468,17354
11577,1281,2023-07-15,Electrodomesticos,Plancha,1,71265,13863
11575,1281,2023-07-16,Vestuario,Vestido,2,150304,64339
11579,1281,2023-10-25,Hogar,Alfombra,2,185352,47455
11576,1281,2023-12-11,Vestuario,Jeans,2,143089,47385
11582,1282,2022-07-30,Electrodomesticos,Plancha,4,737632,148384
11584,1282,2022-08-04,Hogar,Cortinas,1,119818,37396
11586,1282,2022-09-28,Vestuario,Vestido,1,42782,15190
11587,1282,2022-10-08,Electrodomesticos,Cocina,1,119516,21384
11585,1282,2022-10-11,Vestuario,Buzo,2,79707,20679
11583,1282,2022-11-04,Vestuario,Pantalon,1,26929,8793
11588,1282,2023-02-22,Deportes,Botella,1,62691,23594
11589,1283,2022-11-29,Electrodomesticos,Refrigerador,1,150399,22556
11591,1283,2022-12-24,Vestuario,Pantalon,3,209254,67962
11594,1283,2023-01-06,Hogar,Cafetera,3,346688,111403
11596,1283,2023-01-25,Hogar,Termo,1,138237,42325
11599,1283,2023-02-03,Hogar,Hervidor,1,125792,37286
11592,1283,2023-02-20,Electrodomesticos,Secadora,2,167787,34902
11595,1283,2023-03-18,Tecnologia,Audifonos,3,771898,149699
11600,1283,2023-04-05,Electrodomesticos,Licuadora,1,63000,12270
11597,1283,2023-04-22,Electrodomesticos,Purificador,2,311984,59758
11598,1283,2023-05-10,Vestuario,Chaqueta,2,75085,28910
11593,1283,2023-06-28,Tecnologia,Tablet,1,135803,19274
11601,1283,2023-09-26,Vestuario,Jeans,2,80505,29692
11590,1283,2023-09-30,Hogar,Alfombra,5,836115,247284
11602,1284,2022-06-22,Deportes,Pesas,1,56849,17457
11610,1284,2022-06-22,Deportes,Guantes,2,92977,32783
11612,1284,2022-06-29,Hogar,Alfombra,3,121206,31274
11609,1284,2022-09-30,Tecnologia,Monitor,1,187322,40289
11606,1284,2022-10-15,Electrodomesticos,Lavadora,1,231087,34936
11611,1284,2022-10-20,Deportes,Raqueta,2,49000,12714
11607,1284,2022-12-08,Tecnologia,Notebook,1,341413,51864
11604,1284,2022-12-12,Hogar,Cafetera,1,85611,21187
11603,1284,2023-01-07,Hogar,Alfombra,2,193290,48116
11608,1284,2023-04-22,Electrodomesticos,Licuadora,1,226751,36971
11605,1284,2023-06-19,Hogar,Cortinas,1,89440,24965
11613,1285,2024-01-13,Hogar,Organizador,1,31500,8055
11624,1285,2024-02-09,Hogar,Silla,1,59549,17540
11615,1285,2024-02-27,Hogar,Termo,2,68853,17188
11616,1285,2024-03-11,Hogar,Alfombra,2,215474,48035
11619,1285,2024-03-13,Vestuario,Pantalon,2,74394,32443
11620,1285,2024-03-21,Electrodomesticos,Microondas,2,175451,27336
11621,1285,2024-04-02,Electrodomesticos,Secadora,2,441656,91069
11623,1285,2024-04-23,Vestuario,Chaqueta,1,60174,20579
11617,1285,2024-05-17,Electrodomesticos,Plancha,2,505602,89341
11622,1285,2024-06-21,Tecnologia,Audifonos,1,274991,68660
11618,1285,2024-07-12,Vestuario,Jeans,1,38216,14210
11614,1285,2024-09-29,Electrodomesticos,Licuadora,1,223297,39259
11625,1286,2024-08-05,Hogar,Lampara,2,249668,72762
11626,1286,2024-08-06,Hogar,Cafetera,1,71780,21322
11629,1286,2024-09-09,Tecnologia,Tablet,1,170354,33886
11631,1286,2024-11-13,Vestuario,Gorro,4,172011,56518
11628,1286,2024-11-23,Tecnologia,Mouse,2,444148,79809
11627,1286,2024-11-24,Deportes,Casco,1,72447,20177
11630,1286,2024-12-09,Electrodomesticos,Horno,3,531924,98332
11632,1286,2024-12-26,Electrodomesticos,Refrigerador,2,430966,71117
11633,1287,2023-03-06,Deportes,Raqueta,2,158405,46944
11634,1287,2023-06-19,Deportes,Colchoneta,1,99116,34085
11635,1287,2023-06-23,Hogar,Silla,2,126591,46600
11636,1288,2024-01-17,Vestuario,Calcetines,4,76631,23768
11641,1288,2024-01-26,Vestuario,Camisa,4,229823,81465
11642,1288,2024-04-22,Hogar,Alfombra,3,159661,48557
11637,1288,2024-05-09,Hogar,Cortinas,2,63000,18019
11638,1288,2024-06-02,Hogar,Mesa,1,123004,34716
11640,1288,2024-06-05,Vestuario,Chaqueta,1,28570,9211
11639,1288,2024-06-20,Vestuario,Chaqueta,1,61540,22070
11643,1289,2024-09-22,Tecnologia,Teclado,2,509127,115022
11647,1289,2024-09-22,Hogar,Sofa,1,61801,13548
11652,1289,2024-09-25,Deportes,Guantes,1,67068,18365
11644,1289,2024-10-15,Tecnologia,Smartphone,3,649081,133509
11648,1289,2024-11-01,Tecnologia,Audifonos,2,364825,85773
11646,1289,2024-11-02,Electrodomesticos,Secadora,2,407729,72657
11650,1289,2024-11-05,Electrodomesticos,Licuadora,1,186606,21631
11649,1289,2024-12-10,Vestuario,Calcetines,2,97979,30389
11651,1289,2024-12-11,Tecnologia,Smartphone,3,324655,63451
11645,1289,2024-12-25,Hogar,Silla,1,124381,33602
11653,1290,2022-03-31,Hogar,Organizador,1,138180,40693
11655,1290,2022-04-16,Deportes,Colchoneta,3,115383,26268
11658,1290,2022-06-11,Hogar,Hervidor,1,46455,13130
11654,1290,2022-06-15,Tecnologia,Audifonos,2,393859,80964
11656,1290,2022-07-09,Deportes,Pesas,1,93753,28653
11659,1290,2022-07-16,Tecnologia,Monitor,1,106440,25300
11657,1290,2023-01-13,Electrodomesticos,Licuadora,3,436519,55687
11660,1291,2023-03-04,Deportes,Short,5,465181,140188
11662,1291,2023-03-10,Electrodomesticos,Licuadora,2,306536,59240
11666,1291,2023-03-11,Tecnologia,Tablet,1,195369,39860
11664,1291,2023-04-28,Deportes,Bicicleta,4,274490,109726
11663,1291,2023-05-04,Deportes,Casco,4,276038,78566
11661,1291,2023-11-03,Deportes,Botella,1,93080,30430
11665,1291,2023-11-06,Electrodomesticos,Lavadora,4,1006769,148266
11667,1292,2023-10-14,Deportes,Casco,1,86945,31769
11672,1292,2023-10-25,Tecnologia,Audifonos,1,173320,31535
11668,1292,2023-11-11,Electrodomesticos,Secadora,1,234186,40533
11671,1292,2024-01-02,Hogar,Organizador,1,73097,22300
11670,1292,2024-01-11,Deportes,Guantes,1,120293,38121
11669,1292,2024-02-28,Hogar,Cafetera,2,204782,61718
11674,1292,2024-04-01,Electrodomesticos,Lavadora,2,518772,120212
11673,1292,2024-05-24,Electrodomesticos,Plancha,2,372511,74590
11675,1292,2024-10-29,Hogar,Alfombra,3,267248,93045
11676,1293,2022-01-27,Vestuario,Gorro,2,96966,30371
11677,1293,2022-02-20,Electrodomesticos,Microondas,2,485804,87393
11680,1293,2022-03-01,Deportes,Casco,2,177224,61821
11684,1293,2022-03-20,Electrodomesticos,Secadora,1,70339,12821
11685,1293,2022-04-20,Electrodomesticos,Plancha,1,178680,33362
11679,1293,2022-05-13,Deportes,Bicicleta,1,107674,30843
11686,1293,2022-06-06,Tecnologia,Impresora,1,160833,34192
11682,1293,2022-07-02,Deportes,Balon,1,85034,25066
11681,1293,2022-07-08,Hogar,Hervidor,1,53505,15678
11678,1293,2022-07-15,Hogar,Silla,1,94858,27751
11683,1293,2022-09-03,Hogar,Sofa,2,212424,55970
11687,1294,2023-11-01,Deportes,Raqueta,1,66554,19250
11689,1294,2023-11-01,Vestuario,Pantalon,1,44381,13780
11696,1294,2023-11-06,Vestuario,Camisa,2,49106,18027
11697,1294,2023-12-08,Electrodomesticos,Secadora,1,129059,18948
11692,1294,2024-01-27,Deportes,Colchoneta,6,359211,98781
11695,1294,2024-02-21,Deportes,Guantes,1,95282,31655
11688,1294,2024-03-22,Vestuario,Camisa,2,45432,17478
11693,1294,2024-04-02,Tecnologia,Router,2,631966,147253
11694,1294,2024-04-30,Electrodomesticos,Lavadora,1,182281,39560
11690,1294,2024-05-18,Tecnologia,Audifonos,1,202360,39493
11691,1294,2024-10-22,Tecnologia,Tablet,1,192031,47204
11698,1295,2023-10-28,Tecnologia,Monitor,3,855502,164777
11701,1295,2023-11-16,Deportes,Casco,1,61502,17437
11704,1295,2023-11-26,Tecnologia,Router,1,385539,66185
11702,1295,2023-12-01,Hogar,Alfombra,1,88055,26794
11699,1295,2023-12-24,Electrodomesticos,Purificador,3,907244,149480
11703,1295,2023-12-25,Deportes,Botella,2,184239,58760
11700,1295,2024-01-08,Vestuario,Vestido,1,39265,15668
11705,1296,2023-10-06,Deportes,Colchoneta,2,183896,48829
11711,1296,2023-10-06,Deportes,Short,1,56513,17696
11709,1296,2023-10-25,Deportes,Poleron,1,50488,14300
11708,1296,2023-11-01,Electrodomesticos,Microondas,3,539608,81201
11707,1296,2023-11-02,Electrodomesticos,Purificador,2,464240,75959
11712,1296,2023-11-11,Deportes,Casco,2,117150,33134
11706,1296,2023-12-21,Hogar,Cafetera,3,155740,45305
11710,1296,2024-03-19,Tecnologia,Smartphone,1,193691,38506
11713,1297,2023-01-24,Electrodomesticos,Refrigerador,2,552660,95594
11715,1297,2023-01-24,Electrodomesticos,Microondas,2,312394,53941
11717,1297,2023-01-29,Deportes,Bicicleta,1,50651,14915
11716,1297,2023-02-13,Tecnologia,Notebook,2,389872,82521
11718,1297,2023-02-14,Hogar,Silla,1,124384,36314
11714,1297,2023-03-03,Deportes,Short,1,58754,17862
11722,1297,2023-05-07,Deportes,Guantes,1,79663,24516
11719,1297,2023-05-09,Tecnologia,Teclado,3,499871,98882
11720,1297,2023-07-05,Vestuario,Gorro,3,43577,11534
11723,1297,2023-07-24,Deportes,Casco,3,192547,49703
11721,1297,2023-10-16,Vestuario,Zapatillas,2,50267,14656
11724,1298,2023-10-25,Vestuario,Jeans,1,42623,17091
11727,1298,2024-01-10,Tecnologia,Notebook,3,256479,50952
11726,1298,2024-01-16,Hogar,Cortinas,1,115386,35628
11732,1298,2024-02-13,Deportes,Guantes,1,62759,23820
11729,1298,2024-03-13,Vestuario,Jeans,2,145403,59794
11731,1298,2024-04-02,Deportes,Raqueta,2,118718,40261
11730,1298,2024-04-05,Vestuario,Chaqueta,1,35510,9839
11725,1298,2024-04-21,Hogar,Silla,1,86022,25604
11728,1298,2024-07-03,Vestuario,Pantalon,2,44827,13638
11733,1299,2024-10-12,Vestuario,Jeans,3,160338,62722
11742,1299,2024-10-12,Tecnologia,Monitor,2,659249,111450
11743,1299,2024-10-13,Deportes,Raqueta,2,126404,38485
11734,1299,2024-10-15,Electrodomesticos,Lavadora,2,381803,57838
11740,1299,2024-11-03,Tecnologia,Smartwatch,1,150270,26847
11736,1299,2024-11-22,Hogar,Organizador,4,444826,101891
11735,1299,2024-12-22,Tecnologia,Impresora,2,597774,123254
11738,1299,2024-12-22,Tecnologia,Impresora,4,893905,175084
11739,1299,2024-12-22,Electrodomesticos,Refrigerador,2,566446,90912
11744,1299,2024-12-24,Electrodomesticos,Plancha,2,480752,85491
11741,1299,2024-12-28,Deportes,Raqueta,1,61558,17633
11737,1299,2024-12-31,Electrodomesticos,Lavadora,1,222492,33229
11745,1300,2023-03-14,Tecnologia,Monitor,1,185823,35312
11757,1300,2023-03-21,Electrodomesticos,Purificador,3,587195,89187
11756,1300,2023-03-29,Electrodomesticos,Purificador,1,203546,42004
11759,1300,2023-04-06,Deportes,Casco,1,98088,27944
11747,1300,2023-04-09,Deportes,Botella,1,53516,15846
11746,1300,2023-04-22,Vestuario,Jeans,1,18573,5898
11751,1300,2023-04-23,Hogar,Lampara,2,162570,48845
11758,1300,2023-05-04,Deportes,Guantes,3,230352,68900
11750,1300,2023-05-25,Hogar,Cafetera,2,166994,41465
11755,1300,2023-05-27,Electrodomesticos,Purificador,1,137532,20220
11748,1300,2023-05-30,Deportes,Botella,2,118463,40662
11752,1300,2024-01-31,Tecnologia,Router,2,390116,76252
11749,1300,2024-03-12,Tecnologia,Impresora,1,115608,22344
11753,1300,2024-05-23,Hogar,Cafetera,1,92062,26910
11754,1300,2024-12-31,Tecnologia,Mouse,4,380657,65710
11760,1301,2023-04-07,Vestuario,Vestido,1,46676,16646
11765,1301,2023-04-09,Hogar,Lampara,1,85299,22945
11762,1301,2023-04-23,Hogar,Mesa,2,114989,28493
11767,1301,2023-05-08,Tecnologia,Smartwatch,1,244508,53517
11764,1301,2023-05-28,Vestuario,Pantalon,1,33450,10027
11761,1301,2023-06-02,Electrodomesticos,Horno,1,117164,21593
11766,1301,2023-07-26,Electrodomesticos,Refrigerador,3,644266,106923
11768,1301,2023-08-09,Tecnologia,Mouse,2,636532,111310
11763,1301,2023-08-15,Electrodomesticos,Refrigerador,1,71743,10060
11769,1302,2024-08-03,Vestuario,Calcetines,1,37265,13186
11773,1302,2024-08-20,Tecnologia,Notebook,3,926068,174365
11774,1302,2024-08-24,Hogar,Organizador,1,31500,9260
11771,1302,2024-09-09,Vestuario,Zapatillas,3,62779,20152
11776,1302,2024-09-17,Deportes,Poleron,2,130124,35257
11779,1302,2024-09-25,Electrodomesticos,Horno,1,164237,32748
11777,1302,2024-09-26,Electrodomesticos,Cocina,2,517657,93181
11772,1302,2024-09-29,Hogar,Lampara,1,89126,33583
11775,1302,2024-11-08,Hogar,Cortinas,3,406629,100559
11780,1302,2024-11-28,Electrodomesticos,Cocina,1,123955,20901
11778,1302,2024-12-23,Electrodomesticos,Secadora,1,173817,30411
11770,1302,2024-12-26,Vestuario,Zapatillas,2,75231,20616
11781,1302,2024-12-28,Hogar,Cafetera,1,123715,36041
11782,1303,2023-04-15,Deportes,Bicicleta,2,145742,47499
11784,1303,2023-05-24,Vestuario,Gorro,1,24028,7356
11783,1303,2023-07-10,Hogar,Organizador,1,31500,10273
11787,1303,2023-07-10,Hogar,Sofa,1,93954,30035
11785,1303,2023-08-08,Electrodomesticos,Microondas,1,195859,32320
11788,1303,2023-08-09,Vestuario,Jeans,1,64915,26661
11786,1303,2023-10-06,Deportes,Colchoneta,2,68772,19895
11789,1304,2022-03-29,Vestuario,Jeans,1,8278,2606
11793,1304,2022-04-11,Hogar,Mesa,2,174707,50337
11797,1304,2022-05-29,Tecnologia,Notebook,3,874771,189098
11796,1304,2022-08-06,Vestuario,Zapatillas,2,107007,41024
11794,1304,2022-09-08,Electrodomesticos,Purificador,1,91921,12463
11790,1304,2022-09-29,Deportes,Botella,1,80232,20782
11791,1304,2022-11-06,Hogar,Alfombra,2,173248,44582
11795,1304,2022-11-11,Vestuario,Polera,2,55086,15234
11798,1304,2022-11-29,Deportes,Colchoneta,2,166175,44814
11799,1304,2023-01-21,Vestuario,Camisa,2,85736,32675
11792,1304,2023-07-24,Electrodomesticos,Lavadora,1,193447,33729
11800,1305,2024-10-17,Deportes,Poleron,2,92742,32102
11803,1305,2024-11-10,Tecnologia,Teclado,2,533997,105719
11801,1305,2024-11-23,Electrodomesticos,Cocina,1,184943,25348
11802,1305,2024-12-31,Tecnologia,Teclado,1,218323,39935
11804,1306,2023-08-20,Hogar,Hervidor,1,130584,43378
11810,1306,2023-08-30,Hogar,Sofa,3,320587,101793
11806,1306,2023-09-02,Electrodomesticos,Horno,6,514085,75394
11805,1306,2023-09-11,Tecnologia,Router,1,77000,16688
11811,1306,2023-09-22,Electrodomesticos,Aspiradora,2,278893,49841
11815,1306,2023-11-30,Vestuario,Polera,2,137629,44150
11812,1306,2023-12-07,Deportes,Short,1,76575,24771
11808,1306,2023-12-10,Deportes,Casco,1,60615,16999
11807,1306,2023-12-18,Vestuario,Calcetines,1,26673,8227
11816,1306,2024-01-24,Vestuario,Zapatillas,1,43197,15018
11809,1306,2024-03-21,Deportes,Balon,1,88283,27349
11813,1306,2024-03-23,Vestuario,Chaqueta,1,60117,15630
11814,1306,2024-04-10,Vestuario,Chaqueta,3,122695,40094
11817,1307,2023-01-28,Tecnologia,Teclado,1,207548,47983
11818,1307,2023-02-02,Electrodomesticos,Microondas,1,146301,28602
11819,1307,2023-06-22,Electrodomesticos,Cocina,3,667549,119611
11820,1307,2023-06-27,Hogar,Lampara,1,66652,17574
11823,1307,2023-09-10,Electrodomesticos,Microondas,1,217407,32061
11821,1307,2023-09-23,Vestuario,Pantalon,3,174434,65031
11822,1307,2023-09-23,Deportes,Botella,2,235395,70683
11824,1307,2023-09-26,Tecnologia,Mouse,2,274877,66356
11825,1307,2023-12-14,Deportes,Short,1,49860,16937
11826,1308,2024-10-21,Vestuario,Polera,3,133998,44097
11838,1308,2024-11-02,Deportes,Raqueta,1,56562,15000
11830,1308,2024-11-28,Tecnologia,Smartwatch,3,245211,48350
11829,1308,2024-12-07,Hogar,Mesa,1,33969,9318
11832,1308,2024-12-22,Hogar,Termo,1,45080,9137
11837,1308,2024-12-23,Electrodomesticos,Secadora,2,396292,68742
11831,1308,2024-12-25,Electrodomesticos,Secadora,1,127155,23319
11835,1308,2024-12-26,Vestuario,Polera,3,213423,69156
11827,1308,2024-12-27,Vestuario,Buzo,1,57122,21707
11834,1308,2024-12-27,Hogar,Sofa,2,184516,51668
11836,1308,2024-12-29,Hogar,Cortinas,3,372327,76654
11833,1308,2024-12-30,Deportes,Pesas,1,62307,15843
11828,1308,2024-12-31,Tecnologia,Smartphone,2,588377,94649
11839,1309,2024-10-16,Deportes,Poleron,2,113161,30705
11845,1309,2024-10-30,Electrodomesticos,Horno,3,503600,69793
11841,1309,2024-11-02,Tecnologia,Notebook,1,166230,31352
11843,1309,2024-11-06,Electrodomesticos,Plancha,3,741600,98543
11844,1309,2024-11-13,Tecnologia,Tablet,2,370293,62515
11840,1309,2024-11-27,Hogar,Alfombra,1,82023,19780
11848,1309,2024-12-01,Hogar,Lampara,1,56256,13508
11847,1309,2024-12-24,Deportes,Bicicleta,3,275404,83984
11842,1309,2024-12-29,Vestuario,Gorro,1,16325,5732
11846,1309,2024-12-29,Tecnologia,Monitor,3,738147,145851
11849,1310,2022-04-29,Electrodomesticos,Cocina,1,115522,25274
11850,1310,2022-06-10,Vestuario,Calcetines,1,34428,10948
11853,1310,2022-06-25,Vestuario,Vestido,1,42007,16485
11852,1310,2022-09-21,Electrodomesticos,Horno,1,298543,59768
11851,1310,2023-09-19,Electrodomesticos,Secadora,1,267457,50799
11854,1311,2023-02-17,Deportes,Short,2,137011,47378
11861,1311,2023-02-18,Vestuario,Zapatillas,2,86765,28844
11864,1311,2023-02-26,Vestuario,Chaqueta,2,65066,23170
11857,1311,2023-03-13,Electrodomesticos,Secadora,2,424023,71090
11860,1311,2023-03-13,Deportes,Poleron,3,220242,63282
11858,1311,2023-04-22,Tecnologia,Monitor,4,432393,65496
11865,1311,2023-05-27,Tecnologia,Smartwatch,1,251221,45827
11855,1311,2023-06-15,Electrodomesticos,Secadora,1,164854,29260
11856,1311,2023-07-07,Electrodomesticos,Licuadora,1,280500,40114
11859,1311,2023-09-25,Tecnologia,Router,1,281988,57308
11863,1311,2023-12-07,Hogar,Alfombra,1,161383,38226
11862,1311,2024-02-21,Deportes,Short,1,55726,15148
11866,1312,2023-12-04,Electrodomesticos,Cocina,2,326368,66071
11870,1312,2023-12-07,Deportes,Short,1,24500,7312
11869,1312,2023-12-18,Deportes,Pesas,2,89363,21993
11871,1312,2024-01-27,Hogar,Alfombra,1,113584,35397
11868,1312,2024-02-13,Electrodomesticos,Secadora,1,252414,44417
11867,1312,2024-04-03,Deportes,Guantes,3,162659,58814
11872,1312,2024-04-08,Electrodomesticos,Horno,3,447536,69540
11873,1312,2024-04-11,Electrodomesticos,Aspiradora,1,154791,35027
11874,1312,2024-04-22,Vestuario,Calcetines,2,100097,39198
11875,1312,2024-04-30,Tecnologia,Smartwatch,1,336120,71744
11876,1313,2024-08-04,Tecnologia,Tablet,1,131036,23510
11883,1313,2024-08-23,Hogar,Alfombra,2,201728,65847
11884,1313,2024-08-24,Hogar,Cortinas,4,319821,84245
11879,1313,2024-09-01,Tecnologia,Mouse,3,451425,89240
11877,1313,2024-10-18,Electrodomesticos,Plancha,1,150988,29477
11881,1313,2024-11-03,Tecnologia,Monitor,1,182499,32328
11880,1313,2024-11-07,Tecnologia,Notebook,3,963167,174265
11878,1313,2024-12-24,Tecnologia,Tablet,5,1369518,233269
11882,1313,2024-12-30,Deportes,Botella,1,76079,20874
11885,1314,2024-05-07,Deportes,Balon,1,89241,22286
11889,1314,2024-05-10,Tecnologia,Smartphone,3,867812,160252
11887,1314,2024-05-12,Electrodomesticos,Purificador,3,510254,96292
11888,1314,2024-05-14,Tecnologia,Notebook,1,211425,37342
11891,1314,2024-05-30,Hogar,Sofa,1,65071,16311
11890,1314,2024-07-12,Vestuario,Chaqueta,1,15403,5279
11892,1314,2024-08-04,Tecnologia,Monitor,1,237346,48251
11886,1314,2024-12-26,Electrodomesticos,Cocina,2,230506,42011
11893,1315,2022-08-15,Tecnologia,Impresora,1,201083,31999
11898,1315,2022-08-20,Vestuario,Buzo,1,14256,4374
11894,1315,2022-09-04,Deportes,Guantes,3,91404,29782
11900,1315,2022-10-01,Tecnologia,Mouse,4,1165598,261236
11895,1315,2022-10-18,Vestuario,Jeans,1,27175,10829
11897,1315,2022-11-01,Deportes,Raqueta,1,73570,23171
11901,1315,2022-12-10,Hogar,Organizador,1,89049,20225
11899,1315,2023-01-12,Vestuario,Zapatillas,1,31789,11740
11902,1315,2023-01-30,Deportes,Botella,2,168419,48632
11903,1315,2023-02-26,Electrodomesticos,Microondas,2,336002,65986
11896,1315,2023-06-10,Vestuario,Gorro,1,25213,9705
11904,1316,2024-06-01,Vestuario,Calcetines,1,50551,17199
11908,1316,2024-06-03,Vestuario,Calcetines,2,42334,13173
11906,1316,2024-06-15,Deportes,Colchoneta,1,68807,22271
11909,1316,2024-08-12,Vestuario,Buzo,1,36348,11329
11905,1316,2024-09-18,Electrodomesticos,Secadora,3,493827,77444
11907,1316,2024-09-21,Vestuario,Gorro,2,77315,27371
11910,1317,2022-06-02,Tecnologia,Tablet,2,457038,105999
11915,1317,2022-06-08,Electrodomesticos,Microondas,1,105251,19366
11911,1317,2022-07-02,Deportes,Casco,2,100317,28704
11916,1317,2022-07-20,Vestuario,Jeans,2,66418,20880
11917,1317,2022-07-30,Electrodomesticos,Plancha,1,203495,38635
11913,1317,2022-09-26,Deportes,Poleron,1,59071,13800
11918,1317,2022-11-09,Hogar,Termo,2,166652,36469
11912,1317,2022-11-23,Hogar,Lampara,1,108153,27180
11914,1317,2023-01-07,Deportes,Casco,3,244136,67207
11919,1317,2024-03-15,Vestuario,Calcetines,3,122218,39622
11920,1318,2023-02-26,Electrodomesticos,Licuadora,4,930891,173431
11927,1318,2023-03-02,Hogar,Mesa,4,447141,110775
11921,1318,2023-03-05,Deportes,Pesas,3,172773,59633
11924,1318,2023-03-25,Vestuario,Zapatillas,2,47371,16050
11925,1318,2023-03-26,Hogar,Lampara,1,117086,37860
11926,1318,2023-04-22,Vestuario,Jeans,1,29415,11826
11923,1318,2023-08-21,Electrodomesticos,Horno,2,218915,29781
11928,1318,2024-03-29,Tecnologia,Monitor,2,154000,34971
11922,1318,2024-11-14,Tecnologia,Smartphone,1,81479,12689
11929,1319,2024-11-24,Vestuario,Gorro,1,33862,8790
11937,1319,2024-12-19,Tecnologia,Smartphone,1,178878,35816
11930,1319,2024-12-21,Vestuario,Chaqueta,1,39848,9790
11936,1319,2024-12-23,Hogar,Organizador,1,94496,28699
11935,1319,2024-12-26,Deportes,Balon,1,92613,29457
11931,1319,2024-12-27,Deportes,Short,1,66502,22032
11934,1319,2024-12-27,Hogar,Cortinas,1,110495,31393
11932,1319,2024-12-28,Hogar,Cafetera,2,114679,27466
11933,1319,2024-12-28,Electrodomesticos,Secadora,1,157249,25186
11938,1320,2023-05-12,Vestuario,Vestido,1,44264,16484
11944,1320,2023-05-13,Vestuario,Vestido,1,57938,18671
11943,1320,2023-05-14,Hogar,Alfombra,3,192186,48429
11942,1320,2023-05-26,Deportes,Pesas,1,53747,15158
11946,1320,2023-06-07,Electrodomesticos,Lavadora,2,539702,90923
11940,1320,2023-06-13,Hogar,Termo,1,84416,22068
11947,1320,2023-06-20,Electrodomesticos,Secadora,1,211419,41543
11948,1320,2023-06-22,Deportes,Botella,2,173264,53905
11939,1320,2023-07-27,Hogar,Organizador,3,244511,70947
11941,1320,2024-02-02,Deportes,Short,1,75373,21715
11945,1320,2024-06-22,Tecnologia,Audifonos,2,232521,44429
11949,1321,2023-01-21,Tecnologia,Notebook,3,546715,113574
11954,1321,2023-02-25,Tecnologia,Mouse,2,470078,90700
11950,1321,2023-05-11,Tecnologia,Impresora,1,341397,77749
11952,1321,2023-05-13,Deportes,Short,5,360768,95526
11951,1321,2023-07-04,Hogar,Mesa,4,474801,141842
11955,1321,2023-09-23,Electrodomesticos,Horno,1,144570,22936
11953,1321,2024-09-12,Electrodomesticos,Secadora,2,377415,68266
11956,1322,2023-01-07,Vestuario,Camisa,3,84993,27249
11962,1322,2023-01-18,Electrodomesticos,Aspiradora,2,341701,64770
11965,1322,2023-02-24,Hogar,Termo,2,165648,45492
11958,1322,2023-03-11,Deportes,Pesas,1,31612,8437
11968,1322,2023-03-14,Electrodomesticos,Lavadora,2,292539,58588
11961,1322,2023-04-17,Vestuario,Chaqueta,1,93572,29096
11964,1322,2023-04-29,Hogar,Cafetera,2,208132,63284
11969,1322,2023-05-20,Electrodomesticos,Licuadora,1,132729,24524
11963,1322,2023-06-02,Electrodomesticos,Secadora,1,201186,37152
11960,1322,2023-06-09,Electrodomesticos,Lavadora,2,550275,101383
11966,1322,2023-08-22,Hogar,Alfombra,1,85313,24372
11967,1322,2023-09-23,Electrodomesticos,Lavadora,1,152619,27610
11957,1322,2023-10-25,Electrodomesticos,Plancha,1,121873,26142
11959,1322,2024-02-16,Tecnologia,Smartphone,2,543028,89336
11970,1323,2023-05-01,Deportes,Pesas,1,83696,28304
11980,1323,2023-05-01,Vestuario,Zapatillas,3,45527,14160
11981,1323,2023-06-07,Vestuario,Zapatillas,1,36044,12951
11978,1323,2023-06-24,Electrodomesticos,Horno,1,172199,22481
11977,1323,2023-08-22,Electrodomesticos,Licuadora,1,112052,21642
11982,1323,2023-08-30,Tecnologia,Router,3,235293,43700
11983,1323,2023-09-27,Tecnologia,Notebook,2,474800,107239
11976,1323,2023-10-14,Tecnologia,Smartwatch,4,551003,130646
11979,1323,2023-11-15,Hogar,Sofa,2,80688,20155
11973,1323,2024-01-26,Hogar,Termo,1,93202,30663
11972,1323,2024-04-04,Vestuario,Buzo,3,114885,35058
11971,1323,2024-04-09,Electrodomesticos,Cocina,1,133917,26564
11974,1323,2024-04-15,Vestuario,Jeans,1,43369,15976
11975,1323,2024-07-01,Electrodomesticos,Microondas,2,348201,70617
11984,1324,2022-02-16,Hogar,Alfombra,2,114521,37348
11985,1324,2022-02-26,Deportes,Balon,1,30988,8743
11987,1324,2022-03-04,Tecnologia,Notebook,1,191890,34981
11988,1324,2022-03-07,Tecnologia,Impresora,1,342968,68304
11986,1324,2022-04-27,Hogar,Mesa,1,105579,29720
11989,1324,2022-06-15,Deportes,Short,5,397238,117309
11990,1325,2024-07-02,Hogar,Lampara,5,479818,133234
11996,1325,2024-07-13,Electrodomesticos,Licuadora,3,677538,111944
11998,1325,2024-08-18,Vestuario,Vestido,1,53743,18978
12000,1325,2024-08-26,Hogar,Cortinas,1,97916,32279
11991,1325,2024-10-01,Tecnologia,Router,1,128294,26742
11992,1325,2024-11-06,Deportes,Balon,3,236718,53651
11993,1325,2024-11-27,Vestuario,Chaqueta,1,37163,13476
11999,1325,2024-12-23,Vestuario,Zapatillas,2,54216,13436
11997,1325,2024-12-26,Tecnologia,Notebook,1,203930,33640
11995,1325,2024-12-27,Deportes,Pesas,2,73301,17529
11994,1325,2024-12-30,Deportes,Short,4,239107,75714
12001,1326,2023-05-11,Vestuario,Polera,2,40204,13328
12004,1326,2023-05-15,Tecnologia,Mouse,2,376279,79561
12002,1326,2023-06-05,Deportes,Poleron,2,161055,41389
12011,1326,2023-06-14,Electrodomesticos,Plancha,1,154333,24435
12005,1326,2023-08-25,Vestuario,Zapatillas,3,93922,27646
12008,1326,2023-08-31,Vestuario,Gorro,1,11433,3496
12006,1326,2023-09-11,Tecnologia,Audifonos,1,238151,54716
12007,1326,2024-01-22,Electrodomesticos,Secadora,1,129089,25717
12003,1326,2024-01-24,Deportes,Balon,1,34523,10799
12009,1326,2024-05-06,Tecnologia,Teclado,2,380507,80264
12010,1326,2024-11-01,Vestuario,Buzo,3,86520,24918
12012,1327,2023-02-19,Electrodomesticos,Refrigerador,4,653711,122609
12017,1327,2023-03-10,Tecnologia,Tablet,2,256514,48535
12014,1327,2023-03-25,Deportes,Colchoneta,1,29708,9918
12015,1327,2023-04-12,Vestuario,Buzo,2,113373,36869
12016,1327,2023-04-27,Tecnologia,Monitor,1,167026,33222
12019,1327,2023-05-22,Electrodomesticos,Secadora,1,233118,43814
12020,1327,2023-06-23,Hogar,Termo,2,208195,60947
12013,1327,2023-08-01,Deportes,Casco,3,141185,49108
12021,1327,2023-08-08,Tecnologia,Teclado,1,230712,46881
12018,1327,2023-12-10,Deportes,Pesas,1,80944,22931
12022,1328,2024-02-22,Hogar,Alfombra,1,31500,8977
12026,1328,2024-03-11,Electrodomesticos,Refrigerador,1,231608,52422
12031,1328,2024-03-15,Vestuario,Calcetines,1,57234,19447
12029,1328,2024-03-26,Vestuario,Pantalon,2,51754,17915
12028,1328,2024-03-30,Vestuario,Camisa,1,15127,4962
12023,1328,2024-06-07,Tecnologia,Audifonos,1,190111,41368
12024,1328,2024-06-22,Electrodomesticos,Secadora,2,166235,32894
12034,1328,2024-06-24,Deportes,Pesas,1,131093,47397
12030,1328,2024-07-01,Electrodomesticos,Purificador,1,191319,24928
12027,1328,2024-07-27,Vestuario,Zapatillas,1,28180,12437
12025,1328,2024-09-17,Vestuario,Camisa,2,83098,34287
12033,1328,2024-10-11,Vestuario,Zapatillas,1,61622,20629
12032,1328,2024-12-30,Tecnologia,Monitor,1,195014,36365
12035,1329,2024-04-30,Deportes,Raqueta,3,335376,87153
12040,1329,2024-06-05,Electrodomesticos,Plancha,2,583783,110863
12039,1329,2024-06-14,Electrodomesticos,Aspiradora,1,190055,33243
12038,1329,2024-06-15,Hogar,Organizador,1,63156,19636
12037,1329,2024-11-04,Tecnologia,Tablet,3,507692,108830
12036,1329,2024-12-26,Tecnologia,Router,3,1036348,168354
12041,1330,2022-06-09,Tecnologia,Tablet,3,790921,157114
12042,1330,2022-06-15,Hogar,Cortinas,1,118602,32360
12049,1330,2022-07-10,Tecnologia,Router,2,478309,105427
12047,1330,2022-07-20,Electrodomesticos,Lavadora,2,288237,46953
12043,1330,2022-08-20,Deportes,Pesas,2,124830,41833
12044,1330,2022-08-22,Deportes,Colchoneta,2,99356,29747
12045,1330,2022-08-26,Deportes,Short,1,79167,19333
12050,1330,2022-09-11,Tecnologia,Monitor,1,229556,42799
12048,1330,2022-11-05,Deportes,Bicicleta,3,286937,93115
12046,1330,2023-04-16,Deportes,Bicicleta,1,71782,21189
12051,1331,2022-03-01,Hogar,Organizador,1,89403,23080
12054,1331,2022-03-05,Vestuario,Pantalon,1,51640,21549
12056,1331,2022-03-23,Tecnologia,Router,1,255851,52371
12052,1331,2022-07-19,Vestuario,Gorro,2,42754,12727
12053,1331,2022-09-20,Vestuario,Chaqueta,2,169129,61518
12055,1331,2024-01-05,Electrodomesticos,Cocina,2,534142,93899
12057,1332,2022-01-30,Vestuario,Polera,1,45120,14924
12062,1332,2022-03-07,Hogar,Alfombra,3,94500,29711
12065,1332,2022-03-22,Vestuario,Polera,1,17872,5802
12060,1332,2022-05-08,Deportes,Bicicleta,1,73147,22088
12061,1332,2022-05-25,Tecnologia,Notebook,2,379020,65897
12058,1332,2022-07-09,Deportes,Balon,2,136475,47389
12059,1332,2022-07-14,Tecnologia,Impresora,1,264044,52141
12064,1332,2023-02-28,Vestuario,Zapatillas,1,59679,23592
12063,1332,2023-04-22,Electrodomesticos,Cocina,1,219707,38796
12066,1333,2024-06-08,Tecnologia,Impresora,2,154000,33238
12069,1333,2024-06-29,Hogar,Sofa,2,344648,89590
12067,1333,2024-07-17,Tecnologia,Monitor,1,163852,36195
12075,1333,2024-08-02,Electrodomesticos,Horno,2,469205,84378
12071,1333,2024-08-26,Electrodomesticos,Lavadora,1,172248,28762
12073,1333,2024-08-29,Hogar,Cortinas,3,238132,72854
12074,1333,2024-09-24,Hogar,Silla,1,32240,7819
12068,1333,2024-12-26,Hogar,Sofa,1,97911,22952
12070,1333,2024-12-29,Hogar,Cortinas,3,224742,64376
12072,1333,2024-12-29,Deportes,Colchoneta,1,86460,24460
12076,1334,2022-01-14,Deportes,Casco,2,232571,64055
12079,1334,2022-01-16,Tecnologia,Audifonos,1,77000,14405
12081,1334,2022-01-18,Vestuario,Camisa,1,34714,11352
12077,1334,2022-01-30,Tecnologia,Monitor,5,1137025,221225
12078,1334,2022-02-03,Vestuario,Buzo,2,113523,32943
12085,1334,2022-02-11,Hogar,Termo,2,158985,53688
12086,1334,2022-02-12,Vestuario,Camisa,2,85256,29721
12080,1334,2022-03-27,Tecnologia,Teclado,1,178321,33889
12084,1334,2022-04-16,Electrodomesticos,Lavadora,1,247835,45994
12082,1334,2022-05-29,Electrodomesticos,Plancha,4,735219,154160
12083,1334,2022-07-04,Electrodomesticos,Aspiradora,1,107890,21172
12087,1335,2024-05-07,Deportes,Bicicleta,2,119805,35616
12088,1335,2024-05-24,Vestuario,Vestido,1,17079,5830
12094,1335,2024-05-26,Tecnologia,Monitor,1,228035,55159
12093,1335,2024-06-17,Tecnologia,Notebook,3,744453,148750
12089,1335,2024-06-26,Tecnologia,Mouse,1,147524,30999
12095,1335,2024-07-10,Tecnologia,Router,1,255616,49072
12092,1335,2024-08-03,Hogar,Organizador,2,121636,39071
12091,1335,2024-11-12,Deportes,Pesas,3,225757,66564
12090,1335,2024-12-29,Electrodomesticos,Lavadora,2,390796,68947
12096,1336,2024-03-19,Vestuario,Calcetines,4,146821,57533
12105,1336,2024-04-12,Deportes,Raqueta,1,48454,15817
12101,1336,2024-04-17,Deportes,Balon,1,52530,14025
12097,1336,2024-04-18,Hogar,Cafetera,2,246562,56258
12098,1336,2024-06-06,Vestuario,Chaqueta,1,57883,18415
12104,1336,2024-07-22,Deportes,Guantes,1,52394,14839
12106,1336,2024-07-25,Tecnologia,Audifonos,2,398530,59649
12102,1336,2024-08-05,Vestuario,Polera,1,42002,14269
12103,1336,2024-08-12,Vestuario,Polera,2,104524,40781
12099,1336,2024-08-19,Vestuario,Camisa,1,44612,18633
12100,1336,2024-08-21,Vestuario,Jeans,1,46159,15610
12107,1337,2024-06-02,Deportes,Short,3,149799,48244
12109,1337,2024-06-04,Vestuario,Pantalon,1,74869,27395
12111,1337,2024-06-10,Hogar,Cortinas,1,89960,23977
12112,1337,2024-08-12,Vestuario,Vestido,1,19222,6558
12115,1337,2024-09-06,Electrodomesticos,Purificador,1,129717,21517
12108,1337,2024-09-15,Deportes,Colchoneta,1,66710,16981
12110,1337,2024-11-16,Deportes,Raqueta,1,35388,10396
12114,1337,2024-11-18,Tecnologia,Smartwatch,3,663597,143793
12113,1337,2024-12-24,Deportes,Colchoneta,2,235720,63669
12116,1338,2023-05-21,Electrodomesticos,Licuadora,1,237834,42733
12118,1338,2023-05-27,Vestuario,Calcetines,1,47471,16541
12124,1338,2023-05-27,Electrodomesticos,Licuadora,1,166584,28433
12121,1338,2023-05-28,Tecnologia,Teclado,1,331240,70224
12120,1338,2023-06-14,Electrodomesticos,Plancha,2,390551,78964
12123,1338,2023-06-18,Deportes,Casco,1,104455,26781
12122,1338,2023-07-18,Tecnologia,Audifonos,1,111050,22773
12117,1338,2023-08-21,Electrodomesticos,Refrigerador,3,766525,137438
12119,1338,2023-10-25,Vestuario,Calcetines,1,63366,22008
12125,1339,2023-06-14,Electrodomesticos,Lavadora,2,315712,60296
12134,1339,2023-06-19,Electrodomesticos,Microondas,1,297522,49614
12130,1339,2023-07-20,Vestuario,Zapatillas,2,114889,33270
12127,1339,2023-08-29,Hogar,Sofa,1,127915,32209
12129,1339,2023-10-02,Hogar,Hervidor,1,102757,27350
12133,1339,2023-10-17,Deportes,Colchoneta,3,184179,55988
12128,1339,2024-01-27,Vestuario,Pantalon,1,30624,11514
12132,1339,2024-03-15,Vestuario,Chaqueta,1,49764,17806
12131,1339,2024-04-24,Vestuario,Polera,5,77937,30618
12126,1339,2024-04-26,Deportes,Short,1,75174,20079
12135,1340,2023-11-12,Hogar,Termo,4,370974,83740
12138,1340,2024-01-07,Vestuario,Polera,1,12832,4391
12139,1340,2024-02-19,Hogar,Alfombra,1,65848,18511
12136,1340,2024-03-07,Hogar,Cortinas,3,395304,129441
12141,1340,2024-03-20,Tecnologia,Teclado,4,949193,171123
12137,1340,2024-06-06,Tecnologia,Notebook,1,150521,32566
12140,1340,2024-09-09,Hogar,Cortinas,1,96878,27117
12142,1341,2023-07-12,Hogar,Mesa,2,218482,71468
12150,1341,2023-08-03,Hogar,Lampara,1,91916,27575
12143,1341,2023-08-31,Deportes,Colchoneta,2,89158,26044
12149,1341,2023-09-24,Vestuario,Jeans,1,17736,7194
12151,1341,2023-09-24,Tecnologia,Tablet,1,77000,15673
12144,1341,2023-10-02,Tecnologia,Teclado,2,452072,81628
12148,1341,2023-10-22,Tecnologia,Tablet,2,229015,41323
12146,1341,2023-12-12,Hogar,Silla,2,187044,47994
12145,1341,2024-01-07,Vestuario,Buzo,2,106377,34141
12147,1341,2024-02-04,Deportes,Colchoneta,2,49000,17454
12152,1342,2024-03-02,Electrodomesticos,Plancha,2,566662,124773
12155,1342,2024-04-06,Hogar,Organizador,2,269772,59997
12153,1342,2024-06-02,Tecnologia,Smartwatch,1,208415,43794
12154,1342,2024-10-28,Vestuario,Zapatillas,1,44536,16583
12156,1343,2022-02-22,Tecnologia,Impresora,1,202991,36119
12165,1343,2022-03-06,Electrodomesticos,Plancha,1,239451,41801
12160,1343,2022-03-10,Deportes,Guantes,1,55814,17385
12161,1343,2022-04-20,Electrodomesticos,Lavadora,1,258474,42987
12163,1343,2022-05-09,Hogar,Hervidor,4,316263,80085
12162,1343,2022-05-22,Tecnologia,Teclado,3,695916,118962
12159,1343,2022-06-22,Tecnologia,Tablet,2,211326,41327
12164,1343,2022-10-02,Vestuario,Jeans,2,48952,16887
12157,1343,2022-10-28,Hogar,Alfombra,1,101558,26241
12158,1343,2023-02-19,Vestuario,Polera,2,94229,35291
12166,1344,2023-05-08,Deportes,Botella,1,62344,17663
12171,1344,2023-06-03,Electrodomesticos,Refrigerador,1,229398,39313
12168,1344,2023-10-25,Hogar,Silla,3,289576,84200
12170,1344,2023-12-26,Hogar,Sofa,4,468895,126850
12169,1344,2023-12-27,Electrodomesticos,Licuadora,1,192391,38206
12167,1344,2024-09-10,Electrodomesticos,Secadora,1,247978,42053
12172,1345,2024-12-01,Tecnologia,Teclado,1,204350,46547
12176,1345,2024-12-23,Deportes,Poleron,1,57826,16471
12173,1345,2024-12-25,Hogar,Alfombra,1,77049,23946
12174,1345,2024-12-25,Electrodomesticos,Refrigerador,3,459360,66120
12177,1345,2024-12-25,Deportes,Balon,4,231598,55329
12180,1345,2024-12-25,Vestuario,Calcetines,3,150783,41503
12179,1345,2024-12-26,Deportes,Casco,1,49398,11175
12178,1345,2024-12-30,Deportes,Guantes,2,170508,45854
12175,1345,2024-12-31,Hogar,Cafetera,3,157714,34395
12181,1346,2022-03-17,Deportes,Balon,1,85778,27072
12191,1346,2022-04-17,Hogar,Alfombra,2,160945,45846
12185,1346,2022-04-28,Electrodomesticos,Cocina,1,299847,57836
12188,1346,2022-05-03,Tecnologia,Mouse,1,184155,26685
12189,1346,2022-05-28,Vestuario,Vestido,2,53705,20938
12182,1346,2022-06-14,Vestuario,Camisa,3,173121,74209
12184,1346,2022-06-17,Electrodomesticos,Purificador,5,1124827,201806
12186,1346,2022-07-19,Tecnologia,Impresora,2,255225,59774
12187,1346,2022-07-24,Hogar,Cafetera,2,126595,37574
12183,1346,2022-07-28,Vestuario,Calcetines,4,163861,55231
12190,1346,2022-09-16,Deportes,Pesas,1,43965,15927
12192,1347,2024-04-03,Electrodomesticos,Licuadora,2,505737,81951
12194,1347,2024-04-17,Hogar,Mesa,1,112050,32892
12195,1347,2024-05-15,Electrodomesticos,Refrigerador,2,133259,27356
12198,1347,2024-06-23,Electrodomesticos,Aspiradora,4,647045,123412
12196,1347,2024-06-30,Electrodomesticos,Refrigerador,2,458549,78741
12197,1347,2024-07-13,Tecnologia,Notebook,1,120458,22307
12193,1347,2024-11-11,Tecnologia,Smartwatch,2,728057,131510
12199,1348,2022-12-28,Electrodomesticos,Cocina,2,379503,65683
12207,1348,2023-01-24,Deportes,Colchoneta,2,49000,17046
12209,1348,2023-01-24,Hogar,Hervidor,2,87600,21658
12204,1348,2023-02-18,Vestuario,Calcetines,1,83823,33302
12210,1348,2023-03-10,Hogar,Organizador,1,76642,19620
12200,1348,2023-03-12,Deportes,Pesas,2,55350,19207
12205,1348,2023-04-09,Vestuario,Polera,1,28779,12086
12206,1348,2023-04-28,Hogar,Cortinas,1,70507,15875
12201,1348,2023-07-16,Electrodomesticos,Licuadora,2,406496,72644
12202,1348,2023-08-20,Tecnologia,Smartwatch,1,202343,44346
12208,1348,2023-10-24,Hogar,Cortinas,1,115733,36250
12203,1348,2024-07-23,Deportes,Pesas,1,103155,23834
12211,1349,2023-11-15,Tecnologia,Monitor,4,911457,169348
12218,1349,2023-11-27,Tecnologia,Teclado,2,275085,57719
12216,1349,2023-11-29,Deportes,Casco,1,59204,18126
12217,1349,2023-12-13,Deportes,Botella,1,37868,12714
12214,1349,2024-02-10,Deportes,Colchoneta,1,51189,16349
12215,1349,2024-03-01,Hogar,Organizador,1,67468,18029
12212,1349,2024-04-20,Tecnologia,Notebook,4,729218,144126
12213,1349,2024-08-20,Tecnologia,Notebook,1,176194,41832
12219,1350,2024-07-26,Tecnologia,Impresora,3,791568,135678
12221,1350,2024-08-11,Tecnologia,Audifonos,2,447197,78403
12222,1350,2024-08-18,Vestuario,Calcetines,1,49483,15499
12220,1350,2024-10-04,Hogar,Cafetera,1,118180,32495
12223,1350,2024-10-18,Deportes,Botella,1,84661,25273
12224,1351,2023-01-04,Deportes,Guantes,1,68358,22564
12233,1351,2023-01-12,Hogar,Cortinas,3,344874,73725
12234,1351,2023-01-19,Vestuario,Vestido,1,19619,8031
12231,1351,2023-01-22,Electrodomesticos,Lavadora,4,318630,62442
12225,1351,2023-03-04,Vestuario,Zapatillas,4,231626,83302
12235,1351,2023-03-18,Electrodomesticos,Cocina,1,75025,13412
12227,1351,2023-03-28,Deportes,Pesas,3,231129,73386
12232,1351,2023-04-11,Deportes,Guantes,3,307986,102992
12229,1351,2023-05-12,Deportes,Raqueta,1,139315,46674
12228,1351,2023-07-10,Electrodomesticos,Microondas,3,663431,137406
12226,1351,2023-08-05,Vestuario,Vestido,1,44339,15891
12230,1351,2024-04-07,Hogar,Organizador,1,88705,20814
12236,1352,2024-02-06,Hogar,Silla,1,74781,19000
12239,1352,2024-02-14,Tecnologia,Teclado,1,272348,55979
12237,1352,2024-03-21,Deportes,Balon,2,135201,42083
12238,1352,2024-11-25,Tecnologia,Smartphone,3,882633,145901
12240,1353,2022-04-12,Deportes,Bicicleta,1,79089,28600
12241,1353,2022-04-17,Hogar,Lampara,1,108459,33442
12244,1353,2022-04-18,Tecnologia,Teclado,2,496363,109828
12251,1353,2022-04-18,Hogar,Lampara,1,78786,21559
12246,1353,2022-04-27,Hogar,Cafetera,1,34807,8188
12247,1353,2022-04-28,Vestuario,Calcetines,1,25957,9233
12253,1353,2022-04-28,Deportes,Poleron,1,94852,38415
12245,1353,2022-05-22,Hogar,Termo,1,74996,21792
12242,1353,2022-05-25,Tecnologia,Tablet,1,312272,61368
12248,1353,2022-07-07,Hogar,Termo,1,74506,17493
12249,1353,2022-07-14,Tecnologia,Tablet,2,480243,102772
12243,1353,2022-07-23,Hogar,Organizador,2,116335,35003
12252,1353,2022-08-13,Tecnologia,Tablet,1,133247,25759
12250,1353,2023-01-15,Hogar,Termo,1,144120,43433
12254,1354,2024-01-27,Vestuario,Calcetines,4,195546,56710
12261,1354,2024-02-29,Tecnologia,Monitor,1,260493,53852
12257,1354,2024-03-12,Tecnologia,Router,1,200255,42128
12263,1354,2024-03-14,Hogar,Lampara,2,236669,53217
12258,1354,2024-04-24,Hogar,Cortinas,1,76263,20525
12256,1354,2024-05-03,Electrodomesticos,Refrigerador,3,789277,158583
12255,1354,2024-05-29,Electrodomesticos,Plancha,1,164248,32705
12262,1354,2024-07-20,Tecnologia,Monitor,4,1035368,214668
12259,1354,2024-08-13,Vestuario,Gorro,1,29430,8497
12260,1354,2024-11-06,Vestuario,Calcetines,1,21088,6826
12264,1355,2023-07-09,Deportes,Pesas,2,117253,40446
12267,1355,2023-09-29,Electrodomesticos,Refrigerador,4,798355,137800
12270,1355,2023-09-30,Tecnologia,Notebook,1,77000,14998
12266,1355,2023-11-14,Hogar,Organizador,1,126370,33018
12265,1355,2023-11-28,Hogar,Sofa,3,394361,106789
12268,1355,2024-03-09,Tecnologia,Smartphone,3,746178,136149
12269,1355,2024-04-30,Deportes,Casco,1,74725,22812
12271,1356,2023-12-20,Vestuario,Buzo,1,11887,4432
12275,1356,2024-02-22,Vestuario,Jeans,2,58965,17238
12274,1356,2024-07-03,Vestuario,Chaqueta,5,162666,49756
12272,1356,2024-08-02,Vestuario,Calcetines,2,97147,44828
12273,1356,2024-12-27,Vestuario,Polera,1,40429,11732
12276,1357,2023-09-05,Hogar,Cafetera,2,190579,56020
12281,1357,2023-09-25,Tecnologia,Smartphone,1,328759,55739
12283,1357,2023-10-10,Deportes,Casco,1,62280,19907
12278,1357,2023-10-28,Tecnologia,Tablet,1,174051,37229
12280,1357,2024-01-05,Electrodomesticos,Cocina,1,106946,20950
12277,1357,2024-01-31,Tecnologia,Monitor,4,1109967,250348
12279,1357,2024-03-16,Vestuario,Pantalon,2,118229,38817
12282,1357,2024-05-11,Hogar,Mesa,1,68574,20548
12284,1357,2024-12-01,Hogar,Alfombra,2,171826,42851
12285,1357,2024-12-28,Vestuario,Jeans,5,192307,64652
12286,1358,2023-09-29,Electrodomesticos,Plancha,4,1108912,206713
12292,1358,2023-10-01,Hogar,Lampara,2,194799,56452
12287,1358,2023-12-28,Deportes,Raqueta,1,68631,20658
12291,1358,2024-02-06,Hogar,Cortinas,1,108767,26963
12289,1358,2024-02-14,Deportes,Guantes,1,64629,19958
12295,1358,2024-02-16,Vestuario,Buzo,1,16560,5590
12294,1358,2024-04-11,Tecnologia,Smartphone,3,463762,92192
12290,1358,2024-04-12,Electrodomesticos,Cocina,3,742102,130924
12293,1358,2024-04-14,Electrodomesticos,Plancha,2,212357,43999
12288,1358,2024-12-21,Vestuario,Calcetines,1,41011,12000
12296,1359,2024-05-28,Vestuario,Polera,3,180299,76439
12298,1359,2024-05-31,Hogar,Silla,2,201928,48933
12299,1359,2024-07-31,Tecnologia,Audifonos,3,945730,198712
12297,1359,2024-08-05,Vestuario,Camisa,4,167638,47379
12300,1359,2024-08-07,Hogar,Mesa,1,68570,20039
12303,1359,2024-09-09,Deportes,Bicicleta,3,233067,71562
12302,1359,2024-11-04,Hogar,Silla,2,205256,53874
12301,1359,2024-12-24,Hogar,Silla,1,63868,14033
12304,1360,2023-07-10,Hogar,Cortinas,3,354303,97643
12308,1360,2023-07-18,Vestuario,Buzo,1,36463,11128
12307,1360,2023-08-09,Hogar,Hervidor,1,86587,27308
12309,1360,2023-09-06,Electrodomesticos,Plancha,3,344519,70032
12306,1360,2023-09-10,Tecnologia,Smartwatch,2,154000,28512
12305,1360,2024-01-12,Tecnologia,Notebook,1,294717,64104
12310,1361,2024-02-12,Deportes,Casco,2,167344,47876
12313,1361,2024-06-29,Electrodomesticos,Plancha,1,144216,28456
12312,1361,2024-08-10,Tecnologia,Mouse,1,332850,71710
12311,1361,2024-11-08,Vestuario,Zapatillas,1,77748,25489
12314,1362,2022-11-26,Electrodomesticos,Purificador,2,256471,49872
12315,1362,2023-01-23,Electrodomesticos,Plancha,2,511939,111755
12317,1362,2023-04-02,Tecnologia,Monitor,2,154000,35360
12318,1362,2023-04-27,Electrodomesticos,Secadora,4,938702,165793
12316,1362,2023-07-21,Vestuario,Jeans,1,34890,11075
12319,1363,2022-11-11,Hogar,Silla,2,203474,49701
12324,1363,2022-11-27,Deportes,Short,2,67490,19028
12322,1363,2022-12-05,Hogar,Lampara,1,76981,22902
12326,1363,2022-12-22,Vestuario,Polera,1,62974,20464
12325,1363,2022-12-28,Electrodomesticos,Horno,1,182086,25030
12320,1363,2023-01-19,Deportes,Bicicleta,4,270012,85838
12327,1363,2023-09-06,Tecnologia,Smartwatch,1,212296,37059
12321,1363,2023-09-29,Deportes,Pesas,2,159496,50043
12323,1363,2023-10-21,Vestuario,Buzo,2,86930,30327
12328,1364,2023-01-10,Tecnologia,Monitor,1,186448,41243
12330,1364,2023-01-13,Electrodomesticos,Refrigerador,1,182255,38661
12329,1364,2023-05-13,Deportes,Colchoneta,1,50330,17040
12332,1364,2023-10-23,Electrodomesticos,Aspiradora,1,238009,43752
12331,1364,2023-11-17,Tecnologia,Tablet,4,790113,123730
12333,1365,2023-05-26,Hogar,Cortinas,1,91324,26115
12334,1365,2023-05-28,Tecnologia,Impresora,1,227285,43358
12335,1365,2023-05-30,Tecnologia,Monitor,1,329554,61144
12336,1365,2023-09-12,Vestuario,Camisa,5,141339,41898
12337,1365,2023-09-14,Deportes,Pesas,3,276457,98532
12338,1365,2023-12-18,Deportes,Poleron,1,102256,30500
12339,1365,2024-04-12,Deportes,Botella,1,58915,20344
12340,1366,2023-04-20,Tecnologia,Tablet,1,296268,65899
12344,1366,2023-06-09,Electrodomesticos,Lavadora,2,245741,47124
12341,1366,2023-06-10,Tecnologia,Tablet,1,393363,84000
12343,1366,2023-06-18,Tecnologia,Impresora,3,771447,154363
12345,1366,2023-07-12,Deportes,Raqueta,1,109733,39038
12342,1366,2023-10-03,Tecnologia,Tablet,2,226759,47319
12346,1366,2024-04-04,Electrodomesticos,Licuadora,1,121514,20549
12347,1367,2023-07-25,Tecnologia,Mouse,2,479724,90154
12351,1367,2023-07-28,Vestuario,Pantalon,1,47578,16823
12352,1367,2023-08-02,Electrodomesticos,Refrigerador,1,204446,39896
12348,1367,2023-08-22,Electrodomesticos,Cocina,1,214384,41061
12350,1367,2023-11-29,Hogar,Lampara,4,218291,50759
12349,1367,2024-02-24,Electrodomesticos,Microondas,2,491844,109001
12353,1368,2024-06-11,Electrodomesticos,Licuadora,1,143035,23097
12354,1368,2024-06-19,Electrodomesticos,Lavadora,3,688626,138227
12361,1368,2024-06-19,Tecnologia,Tablet,1,298195,59498
12356,1368,2024-06-22,Deportes,Bicicleta,1,60343,21810
12360,1368,2024-07-02,Hogar,Alfombra,1,72287,21137
12362,1368,2024-08-01,Tecnologia,Smartwatch,2,339350,70286
12357,1368,2024-09-14,Vestuario,Camisa,1,81421,32073
12358,1368,2024-10-15,Hogar,Organizador,1,67588,22214
12359,1368,2024-10-31,Tecnologia,Router,1,253386,49930
12355,1368,2024-11-11,Hogar,Silla,2,211303,50455
12363,1369,2024-11-26,Vestuario,Buzo,1,30348,9984
12373,1369,2024-12-20,Hogar,Cortinas,1,129123,29450
12370,1369,2024-12-21,Tecnologia,Smartphone,1,327519,55518
12364,1369,2024-12-23,Deportes,Botella,3,307064,73592
12366,1369,2024-12-24,Deportes,Bicicleta,1,99054,26712
12371,1369,2024-12-24,Deportes,Short,1,81627,25779
12365,1369,2024-12-26,Hogar,Alfombra,1,119589,30326
12367,1369,2024-12-29,Deportes,Colchoneta,3,181751,48626
12369,1369,2024-12-29,Deportes,Poleron,1,90670,21565
12372,1369,2024-12-29,Deportes,Raqueta,1,106527,26486
12368,1369,2024-12-31,Electrodomesticos,Aspiradora,1,200894,27876
12374,1370,2022-08-02,Tecnologia,Audifonos,2,154000,32948
12376,1370,2022-08-03,Deportes,Short,1,69859,21984
12377,1370,2022-08-07,Tecnologia,Smartphone,2,608434,114746
12386,1370,2022-08-19,Deportes,Raqueta,1,77225,27522
12375,1370,2022-08-27,Tecnologia,Impresora,1,125557,30960
12383,1370,2022-08-27,Electrodomesticos,Plancha,1,104543,19713
12379,1370,2022-10-16,Vestuario,Zapatillas,1,28542,10572
12378,1370,2022-10-22,Vestuario,Polera,2,81440,24592
12380,1370,2022-10-22,Hogar,Termo,1,85877,23249
12382,1370,2022-11-07,Tecnologia,Notebook,1,229452,34305
12384,1370,2022-11-08,Deportes,Colchoneta,2,172583,42349
12385,1370,2022-12-26,Deportes,Colchoneta,3,226157,61709
12381,1370,2023-02-25,Electrodomesticos,Cocina,1,274412,57213
12387,1371,2024-09-04,Vestuario,Calcetines,2,120469,38248
12389,1371,2024-09-06,Deportes,Casco,1,31355,9105
12393,1371,2024-09-06,Vestuario,Gorro,1,61266,20878
12395,1371,2024-09-13,Hogar,Sofa,5,671469,175564
12390,1371,2024-11-03,Tecnologia,Mouse,2,536340,83838
12388,1371,2024-11-10,Deportes,Pesas,1,24500,5979
12392,1371,2024-12-26,Deportes,Short,1,46928,13379
12394,1371,2024-12-26,Hogar,Mesa,1,151627,34045
12391,1371,2024-12-31,Tecnologia,Tablet,1,244940,44533
12396,1372,2022-02-15,Hogar,Cortinas,2,169776,48394
12399,1372,2022-02-18,Electrodomesticos,Purificador,1,182451,34568
12402,1372,2022-02-22,Electrodomesticos,Cocina,3,634921,117440
12403,1372,2022-02-24,Electrodomesticos,Refrigerador,1,225703,36244
12398,1372,2022-02-25,Vestuario,Zapatillas,1,40739,12477
12400,1372,2022-03-15,Deportes,Casco,2,154343,47985
12405,1372,2022-03-18,Hogar,Sofa,3,258461,68317
12401,1372,2022-06-14,Vestuario,Buzo,2,143668,62252
12404,1372,2022-10-29,Vestuario,Pantalon,1,25146,8459
12397,1372,2023-03-01,Hogar,Cafetera,1,69615,21301
12406,1373,2023-12-23,Hogar,Hervidor,1,72624,19343
12415,1373,2024-01-07,Tecnologia,Impresora,1,246745,46966
12410,1373,2024-04-09,Electrodomesticos,Purificador,1,154854,26991
12414,1373,2024-04-20,Electrodomesticos,Plancha,1,179337,33457
12412,1373,2024-06-13,Tecnologia,Teclado,2,243587,42941
12408,1373,2024-06-21,Tecnologia,Smartwatch,1,267845,56047
12407,1373,2024-07-20,Hogar,Cortinas,5,579477,134852
12409,1373,2024-08-05,Vestuario,Polera,2,77381,29287
12413,1373,2024-08-15,Tecnologia,Monitor,1,168795,28672
12411,1373,2024-09-26,Tecnologia,Router,1,237829,51433
12416,1374,2023-02-13,Hogar,Hervidor,1,101525,29696
12418,1374,2023-02-16,Vestuario,Camisa,1,28051,11450
12417,1374,2023-06-07,Vestuario,Chaqueta,1,64998,28969
12419,1374,2024-05-31,Electrodomesticos,Lavadora,1,91069,15973
12420,1375,2022-01-31,Deportes,Short,1,105394,28454
12425,1375,2022-02-07,Hogar,Organizador,4,408617,100458
12423,1375,2022-02-14,Electrodomesticos,Lavadora,2,344142,59478
12429,1375,2022-03-02,Electrodomesticos,Refrigerador,4,632578,129109
12430,1375,2022-03-18,Tecnologia,Router,1,106480,23888
12422,1375,2022-04-07,Electrodomesticos,Plancha,1,203169,36155
12428,1375,2022-04-10,Tecnologia,Notebook,3,334918,73562
12427,1375,2022-04-20,Electrodomesticos,Aspiradora,5,975355,176228
12424,1375,2022-04-22,Deportes,Botella,4,175678,53902
12426,1375,2022-05-09,Electrodomesticos,Cocina,1,164457,28827
12421,1375,2022-06-11,Vestuario,Chaqueta,3,214966,64867
12431,1376,2024-01-21,Deportes,Short,2,102329,25652
12433,1376,2024-02-08,Electrodomesticos,Cocina,1,248268,46272
12438,1376,2024-03-01,Deportes,Casco,2,83534,27051
12434,1376,2024-03-17,Deportes,Pesas,3,309420,95537
12440,1376,2024-03-20,Tecnologia,Mouse,1,262385,56260
12439,1376,2024-04-02,Deportes,Colchoneta,1,89795,28949
12436,1376,2024-04-07,Tecnologia,Router,4,946115,218264
12437,1376,2024-04-20,Tecnologia,Impresora,2,532852,115390
12441,1376,2024-05-21,Vestuario,Buzo,2,17620,6581
12432,1376,2024-07-08,Electrodomesticos,Lavadora,1,132185,23571
12435,1376,2024-12-27,Deportes,Balon,2,184575,36803
12442,1377,2023-05-06,Hogar,Lampara,4,327155,85974
12454,1377,2023-05-14,Electrodomesticos,Cocina,2,224559,33212
12450,1377,2023-05-27,Vestuario,Buzo,2,106588,33072
12448,1377,2023-05-29,Tecnologia,Impresora,1,172013,38309
12447,1377,2023-06-04,Hogar,Silla,1,100208,25429
12445,1377,2023-06-11,Vestuario,Gorro,1,10652,2995
12443,1377,2023-07-22,Tecnologia,Smartwatch,1,238608,42492
12452,1377,2023-07-26,Electrodomesticos,Licuadora,2,491610,95424
12446,1377,2023-07-28,Electrodomesticos,Purificador,1,198645,33484
12444,1377,2023-08-02,Tecnologia,Teclado,2,410425,74969
12453,1377,2023-09-17,Tecnologia,Audifonos,2,508149,127846
12449,1377,2023-11-22,Hogar,Hervidor,1,144798,41177
12451,1377,2024-03-19,Hogar,Lampara,2,198484,44312
12455,1378,2023-07-11,Vestuario,Zapatillas,1,69056,22557
12460,1378,2023-07-22,Deportes,Colchoneta,1,60470,18653
12458,1378,2023-07-23,Tecnologia,Teclado,2,445856,94964
12461,1378,2023-07-26,Electrodomesticos,Aspiradora,1,253636,49132
12459,1378,2023-08-04,Vestuario,Vestido,1,29770,9480
12457,1378,2023-08-28,Vestuario,Chaqueta,1,34741,13112
12456,1378,2023-09-19,Vestuario,Calcetines,2,137100,54714
12462,1378,2023-10-02,Tecnologia,Audifonos,1,235158,36334
12463,1378,2023-12-08,Electrodomesticos,Secadora,3,433362,73040
12464,1379,2023-09-20,Vestuario,Polera,1,50054,18230
12465,1379,2023-10-24,Tecnologia,Router,1,440000,85257
12471,1379,2023-11-11,Vestuario,Buzo,1,51276,20141
12470,1379,2023-12-05,Tecnologia,Teclado,1,235774,38538
12466,1379,2024-01-02,Tecnologia,Impresora,3,386364,89535
12469,1379,2024-01-11,Electrodomesticos,Purificador,2,493227,94695
12467,1379,2024-01-29,Vestuario,Zapatillas,2,23107,7503
12468,1379,2024-02-22,Tecnologia,Smartphone,2,478760,89394
12472,1380,2023-03-01,Hogar,Cafetera,1,31500,6773
12473,1380,2023-03-06,Electrodomesticos,Purificador,2,299092,59332
12477,1380,2023-03-30,Electrodomesticos,Cocina,1,96461,15883
12475,1380,2023-04-08,Vestuario,Vestido,1,45584,15533
12476,1380,2023-04-15,Electrodomesticos,Aspiradora,1,199637,35300
12478,1380,2023-05-27,Hogar,Cortinas,3,219877,67746
12479,1380,2023-08-19,Deportes,Raqueta,1,103570,32537
12480,1380,2023-08-31,Electrodomesticos,Refrigerador,1,292127,47013
12474,1380,2024-03-11,Vestuario,Vestido,3,126896,42234
12481,1381,2024-04-06,Deportes,Poleron,1,89744,27208
12482,1381,2024-06-18,Deportes,Short,1,77339,21216
12487,1381,2024-06-28,Hogar,Organizador,1,102683,32377
12483,1381,2024-06-29,Vestuario,Vestido,1,23549,9600
12484,1381,2024-09-06,Vestuario,Chaqueta,1,63332,24140
12486,1381,2024-09-20,Tecnologia,Audifonos,2,443622,99139
12485,1381,2024-11-24,Deportes,Bicicleta,1,75015,20131
12488,1382,2023-04-02,Electrodomesticos,Licuadora,1,238304,50176
12489,1382,2023-04-08,Deportes,Raqueta,1,84431,24731
12490,1382,2023-06-11,Vestuario,Buzo,1,39793,14011
12493,1382,2023-08-01,Electrodomesticos,Lavadora,1,276955,44461
12491,1382,2023-09-05,Electrodomesticos,Horno,2,232898,43723
12492,1382,2024-03-14,Deportes,Pesas,4,301829,84176
12494,1383,2023-02-14,Vestuario,Gorro,1,39836,14756
12501,1383,2023-02-22,Deportes,Colchoneta,2,155363,45585
12502,1383,2023-02-25,Tecnologia,Router,3,793977,151044
12500,1383,2023-03-15,Vestuario,Camisa,1,18051,6828
12498,1383,2023-03-16,Electrodomesticos,Lavadora,2,311716,56981
12503,1383,2023-04-11,Deportes,Raqueta,1,82771,25994
12495,1383,2023-04-14,Vestuario,Camisa,1,30743,10257
12505,1383,2023-06-08,Electrodomesticos,Plancha,4,688142,115521
12497,1383,2023-06-30,Deportes,Guantes,1,105865,24304
12499,1383,2023-07-23,Deportes,Botella,2,155313,46946
12496,1383,2023-09-03,Hogar,Silla,3,355473,112355
12504,1383,2023-09-25,Hogar,Mesa,1,141150,39043
12506,1384,2024-08-18,Electrodomesticos,Refrigerador,1,184675,41452
12508,1384,2024-09-13,Deportes,Guantes,5,182736,51524
12507,1384,2024-11-13,Tecnologia,Impresora,1,231823,36684
12509,1385,2023-02-12,Hogar,Sofa,2,144744,38867
12515,1385,2023-02-20,Electrodomesticos,Lavadora,1,316354,53384
12513,1385,2023-04-12,Vestuario,Polera,2,55416,18847
12516,1385,2023-04-16,Electrodomesticos,Microondas,2,437438,64484
12510,1385,2023-04-24,Electrodomesticos,Plancha,1,350480,61724
12511,1385,2023-05-02,Vestuario,Gorro,1,59668,21001
12512,1385,2023-05-07,Electrodomesticos,Plancha,1,170192,28336
12514,1385,2024-06-05,Tecnologia,Smartphone,1,281425,51859
12517,1386,2023-02-12,Hogar,Sofa,5,569920,141642
12522,1386,2023-02-26,Vestuario,Zapatillas,2,121079,45083
12520,1386,2023-03-15,Deportes,Poleron,1,108777,29946
12521,1386,2023-08-03,Hogar,Lampara,4,596200,132422
12518,1386,2023-12-03,Tecnologia,Monitor,3,899622,178614
12519,1386,2023-12-15,Tecnologia,Router,1,235962,43360
12523,1387,2023-05-08,Hogar,Sofa,1,85609,25000
12525,1387,2023-05-11,Hogar,Hervidor,2,184750,49070
12527,1387,2023-09-05,Tecnologia,Notebook,1,180457,39054
12524,1387,2023-10-29,Electrodomesticos,Licuadora,1,100897,15220
12526,1387,2024-04-26,Vestuario,Vestido,3,136083,51122
12528,1388,2023-05-03,Hogar,Lampara,3,277220,69860
12534,1388,2023-05-04,Hogar,Sofa,2,122953,32657
12537,1388,2023-05-23,Deportes,Balon,4,201154,58676
12535,1388,2023-06-14,Deportes,Balon,3,165606,58655
12529,1388,2023-07-22,Hogar,Termo,1,144891,51410
12533,1388,2023-08-17,Hogar,Lampara,3,315267,99321
12531,1388,2023-08-19,Vestuario,Chaqueta,1,40417,14642
12538,1388,2023-08-20,Vestuario,Buzo,1,40613,13730
12530,1388,2023-11-14,Vestuario,Gorro,1,49798,15653
12532,1388,2023-11-17,Deportes,Casco,3,120347,33126
12536,1388,2024-03-26,Hogar,Silla,1,90484,27895
12539,1389,2023-12-15,Vestuario,Chaqueta,3,62112,19691
12542,1389,2024-05-11,Deportes,Bicicleta,3,324197,115502
12541,1389,2024-06-13,Deportes,Raqueta,1,67623,22966
12540,1389,2024-10-15,Vestuario,Pantalon,3,75997,29146
12543,1390,2023-01-22,Tecnologia,Router,1,270084,52068
12554,1390,2023-02-17,Tecnologia,Smartphone,2,593930,113619
12551,1390,2023-02-24,Electrodomesticos,Cocina,3,382847,65694
12552,1390,2023-03-15,Vestuario,Calcetines,1,15343,6285
12553,1390,2023-03-16,Deportes,Poleron,2,225076,69313
12548,1390,2023-03-28,Electrodomesticos,Refrigerador,1,212735,41788
12550,1390,2023-04-15,Deportes,Pesas,3,153946,49884
12547,1390,2023-04-19,Vestuario,Polera,5,94291,27213
12549,1390,2023-04-23,Vestuario,Vestido,3,69181,20900
12545,1390,2023-05-16,Tecnologia,Router,4,811284,183164
12546,1390,2023-05-18,Deportes,Pesas,1,52412,12524
12544,1390,2023-09-24,Tecnologia,Notebook,4,1034970,195919
12555,1391,2024-06-22,Electrodomesticos,Lavadora,1,150966,27479
12563,1391,2024-07-05,Vestuario,Zapatillas,2,203461,79383
12558,1391,2024-07-06,Electrodomesticos,Aspiradora,3,540855,88492
12564,1391,2024-07-08,Electrodomesticos,Purificador,2,314731,50018
12565,1391,2024-07-09,Tecnologia,Notebook,2,299211,66358
12566,1391,2024-08-20,Deportes,Balon,1,107268,39176
12557,1391,2024-09-06,Deportes,Pesas,1,70552,17932
12561,1391,2024-09-10,Tecnologia,Audifonos,1,216675,49551
12556,1391,2024-09-16,Vestuario,Buzo,1,21973,8457
12567,1391,2024-10-15,Deportes,Guantes,2,170452,60006
12560,1391,2024-10-29,Deportes,Botella,2,126900,43276
12559,1391,2024-11-12,Vestuario,Zapatillas,1,51950,16639
12562,1391,2024-12-15,Deportes,Pesas,2,131322,30493
12568,1392,2022-11-26,Deportes,Raqueta,3,255115,51831
12572,1392,2022-12-17,Tecnologia,Monitor,1,276540,51795
12573,1392,2023-01-09,Deportes,Poleron,2,142346,38883
12571,1392,2023-02-12,Tecnologia,Impresora,1,287742,51895
12570,1392,2023-02-27,Electrodomesticos,Lavadora,1,254445,41549
12574,1392,2023-03-07,Hogar,Termo,3,256824,83814
12575,1392,2023-05-11,Hogar,Silla,1,79942,18588
12569,1392,2023-08-08,Electrodomesticos,Horno,1,180811,35089
12576,1393,2023-04-03,Electrodomesticos,Plancha,2,337858,57207
12582,1393,2023-04-13,Tecnologia,Smartwatch,1,164267,33311
12580,1393,2023-04-16,Deportes,Poleron,1,102575,29365
12577,1393,2023-04-21,Electrodomesticos,Microondas,1,90821,14759
12579,1393,2023-05-21,Vestuario,Zapatillas,3,99890,41746
12581,1393,2023-08-18,Vestuario,Vestido,2,126447,40295
12578,1393,2024-01-28,Vestuario,Camisa,2,137438,50554
12583,1394,2023-08-03,Electrodomesticos,Purificador,1,286094,44202
12590,1394,2023-08-22,Electrodomesticos,Microondas,1,171519,22207
12586,1394,2023-08-25,Hogar,Sofa,3,309987,78949
12591,1394,2023-09-10,Deportes,Pesas,1,53901,20294
12585,1394,2023-09-12,Tecnologia,Monitor,2,333825,66804
12592,1394,2023-09-24,Electrodomesticos,Refrigerador,1,221016,36435
12588,1394,2023-10-12,Vestuario,Zapatillas,1,25834,7138
12584,1394,2023-12-14,Electrodomesticos,Microondas,5,938403,159126
12593,1394,2024-02-29,Tecnologia,Notebook,3,337014,71748
12587,1394,2024-05-01,Hogar,Silla,2,144556,39787
12589,1394,2024-06-04,Electrodomesticos,Cocina,1,227887,42455
12594,1395,2022-12-10,Electrodomesticos,Secadora,5,1458873,254363
12599,1395,2023-01-16,Vestuario,Pantalon,5,74012,23628
12597,1395,2023-01-19,Electrodomesticos,Aspiradora,1,160361,28154
12596,1395,2023-01-23,Electrodomesticos,Secadora,1,145052,27766
12598,1395,2023-01-31,Deportes,Bicicleta,1,70124,23365
12603,1395,2023-02-03,Electrodomesticos,Horno,1,63000,8890
12604,1395,2023-04-09,Tecnologia,Teclado,1,223210,45499
12600,1395,2023-04-14,Hogar,Organizador,1,109590,27068
12601,1395,2023-04-21,Vestuario,Chaqueta,2,63024,21724
12595,1395,2023-05-05,Vestuario,Chaqueta,1,41438,12510
12602,1395,2023-05-10,Deportes,Poleron,2,154143,62428
12605,1396,2023-11-14,Deportes,Poleron,1,55082,17824
12615,1396,2023-11-22,Tecnologia,Notebook,2,432135,78268
12608,1396,2023-12-04,Deportes,Colchoneta,2,173980,42658
12613,1396,2023-12-14,Electrodomesticos,Plancha,1,194756,34295
12614,1396,2023-12-27,Hogar,Cafetera,1,110316,28179
12616,1396,2023-12-27,Vestuario,Camisa,2,123281,37281
12611,1396,2024-01-09,Deportes,Short,1,56288,12666
12607,1396,2024-01-20,Deportes,Colchoneta,2,84224,21182
12610,1396,2024-03-15,Electrodomesticos,Purificador,2,258322,39084
12609,1396,2024-04-18,Deportes,Short,1,104752,29072
12612,1396,2024-05-28,Tecnologia,Router,4,1227950,219964
12606,1396,2024-06-25,Vestuario,Chaqueta,2,124139,49782
12617,1397,2023-07-01,Electrodomesticos,Cocina,1,188857,34191
12618,1397,2023-10-23,Deportes,Botella,1,128386,34325
12619,1397,2023-11-04,Hogar,Organizador,2,285586,68922
12620,1397,2024-01-20,Tecnologia,Impresora,4,1233958,254644
12621,1398,2024-12-19,Deportes,Short,3,235583,64184
12632,1398,2024-12-21,Deportes,Guantes,2,189464,43143
12625,1398,2024-12-23,Electrodomesticos,Horno,1,229516,35238
12630,1398,2024-12-25,Tecnologia,Notebook,3,913817,146232
12626,1398,2024-12-26,Tecnologia,Notebook,1,230670,44980
12629,1398,2024-12-26,Deportes,Pesas,3,205400,62642
12624,1398,2024-12-27,Vestuario,Camisa,3,102821,29216
12627,1398,2024-12-27,Deportes,Casco,2,71552,24420
12622,1398,2024-12-29,Tecnologia,Notebook,1,243324,43295
12623,1398,2024-12-30,Hogar,Cafetera,3,343281,78924
12628,1398,2024-12-30,Hogar,Hervidor,1,91506,20099
12631,1398,2024-12-30,Hogar,Mesa,2,152519,31265
12633,1399,2022-04-09,Vestuario,Jeans,1,20048,4912
12640,1399,2022-04-09,Hogar,Lampara,3,260290,61554
12634,1399,2022-04-14,Hogar,Silla,1,122205,39778
12635,1399,2022-04-28,Tecnologia,Audifonos,1,191019,40193
12636,1399,2022-05-05,Electrodomesticos,Horno,2,496043,85186
12641,1399,2022-05-15,Hogar,Termo,2,130138,36055
12639,1399,2022-05-22,Tecnologia,Smartphone,1,223191,48897
12637,1399,2022-05-31,Hogar,Silla,2,158696,42927
12638,1399,2022-06-08,Electrodomesticos,Lavadora,3,844155,159619
12642,1399,2022-06-17,Deportes,Casco,1,58303,17385
12643,1400,2023-11-25,Deportes,Bicicleta,1,70046,19873
12646,1400,2023-11-30,Hogar,Termo,3,173778,45287
12652,1400,2024-01-01,Tecnologia,Monitor,4,480718,94974
12647,1400,2024-01-14,Deportes,Guantes,1,48936,19419
12651,1400,2024-01-25,Vestuario,Calcetines,1,84383,27159
12649,1400,2024-02-09,Vestuario,Pantalon,2,73681,23791
12645,1400,2024-02-23,Deportes,Balon,2,219270,63758
12648,1400,2024-03-17,Vestuario,Camisa,3,94461,32578
12644,1400,2024-04-12,Tecnologia,Impresora,3,633549,144456
12653,1400,2024-06-29,Hogar,Sofa,2,123557,38333
12650,1400,2024-08-19,Deportes,Bicicleta,1,26460,7977
12654,1401,2024-10-22,Electrodomesticos,Secadora,2,190635,31979
12658,1401,2024-12-22,Electrodomesticos,Licuadora,1,225921,32786
12656,1401,2024-12-23,Electrodomesticos,Purificador,1,154767,22499
12655,1401,2024-12-27,Deportes,Poleron,2,211272,68386
12657,1401,2024-12-30,Deportes,Colchoneta,1,98630,27397
12659,1402,2024-04-19,Electrodomesticos,Licuadora,2,204515,33852
12662,1402,2024-04-24,Electrodomesticos,Aspiradora,1,196470,34380
12660,1402,2024-05-13,Vestuario,Polera,1,67857,20635
12665,1402,2024-05-20,Hogar,Silla,1,110931,27950
12664,1402,2024-05-28,Deportes,Raqueta,2,194056,64238
12666,1402,2024-07-04,Hogar,Silla,1,45898,12411
12663,1402,2024-07-08,Electrodomesticos,Cocina,1,284426,47822
12661,1402,2024-09-22,Deportes,Balon,2,205333,65925
12668,1402,2024-12-24,Tecnologia,Impresora,5,1124075,217925
12667,1402,2024-12-28,Hogar,Alfombra,3,194169,63329
12669,1403,2023-05-25,Electrodomesticos,Microondas,1,230855,39938
12676,1403,2023-06-12,Tecnologia,Teclado,1,226095,36514
12677,1403,2023-06-25,Hogar,Organizador,3,414971,111163
12670,1403,2023-06-29,Tecnologia,Router,1,297118,41597
12680,1403,2023-07-04,Deportes,Casco,3,259452,71340
12672,1403,2023-07-10,Electrodomesticos,Refrigerador,2,298659,61311
12673,1403,2023-07-20,Electrodomesticos,Licuadora,1,157675,19867
12674,1403,2023-07-20,Electrodomesticos,Purificador,1,208860,39226
12675,1403,2023-08-22,Electrodomesticos,Purificador,3,557156,124486
12679,1403,2023-10-27,Vestuario,Polera,1,56650,19385
12671,1403,2024-02-22,Hogar,Termo,1,109579,26733
12678,1403,2024-03-12,Vestuario,Calcetines,1,61570,24324
12681,1404,2024-03-19,Vestuario,Gorro,2,101735,31897
12687,1404,2024-03-21,Vestuario,Calcetines,1,48675,17495
12691,1404,2024-03-25,Vestuario,Zapatillas,2,112668,38184
12689,1404,2024-04-07,Hogar,Sofa,1,48832,17051
12685,1404,2024-07-01,Vestuario,Gorro,3,99253,38347
12684,1404,2024-07-15,Deportes,Casco,1,76244,20743
12682,1404,2024-07-26,Electrodomesticos,Horno,2,471533,72210
12683,1404,2024-09-27,Tecnologia,Teclado,1,249114,53853
12686,1404,2024-10-07,Hogar,Mesa,1,114196,25426
12690,1404,2024-10-24,Tecnologia,Teclado,1,383505,75019
12688,1404,2024-11-06,Tecnologia,Notebook,4,633114,124535
12692,1405,2023-12-27,Electrodomesticos,Secadora,2,210093,36851
12699,1405,2024-01-06,Tecnologia,Mouse,2,474428,95530
12693,1405,2024-02-12,Deportes,Bicicleta,3,187851,46697
12694,1405,2024-02-14,Vestuario,Buzo,2,81157,30326
12700,1405,2024-02-23,Hogar,Lampara,3,260426,79891
12698,1405,2024-05-05,Electrodomesticos,Aspiradora,1,178462,29945
12695,1405,2024-05-17,Vestuario,Gorro,2,106026,36054
12697,1405,2024-09-08,Vestuario,Jeans,1,51199,15628
12696,1405,2024-12-23,Deportes,Bicicleta,1,97807,22473
12701,1406,2023-09-18,Tecnologia,Smartwatch,1,139166,27218
12704,1406,2023-09-29,Vestuario,Calcetines,3,67251,23996
12705,1406,2023-10-10,Electrodomesticos,Licuadora,1,226570,36948
12706,1406,2023-10-14,Vestuario,Chaqueta,4,179546,60256
12703,1406,2024-01-03,Tecnologia,Teclado,2,246963,46276
12702,1406,2024-07-09,Vestuario,Zapatillas,1,36643,12102
12707,1407,2022-08-29,Tecnologia,Teclado,2,766574,155277
12714,1407,2022-09-06,Hogar,Organizador,1,88362,25701
12713,1407,2022-09-27,Electrodomesticos,Horno,2,458037,63103
12711,1407,2022-12-10,Electrodomesticos,Secadora,3,341001,51095
12709,1407,2023-01-08,Hogar,Hervidor,2,197779,50806
12710,1407,2023-02-01,Hogar,Sofa,2,151672,38629
12708,1407,2023-02-06,Hogar,Cafetera,4,126000,33829
12712,1407,2023-03-02,Tecnologia,Impresora,1,152150,38439
12715,1408,2024-03-12,Vestuario,Gorro,1,93859,36119
12721,1408,2024-03-21,Electrodomesticos,Licuadora,1,171364,28716
12717,1408,2024-03-27,Vestuario,Camisa,1,10668,3785
12725,1408,2024-04-23,Electrodomesticos,Refrigerador,2,512418,92371
12720,1408,2024-05-05,Hogar,Sofa,1,68107,18301
12716,1408,2024-05-11,Vestuario,Pantalon,1,68045,21915
12722,1408,2024-06-05,Hogar,Cortinas,1,97061,26556
12723,1408,2024-07-17,Vestuario,Gorro,3,54616,22030
12719,1408,2024-12-23,Deportes,Short,1,69550,20469
12718,1408,2024-12-26,Electrodomesticos,Cocina,1,189457,24259
12724,1408,2024-12-30,Hogar,Cortinas,3,280993,73889
12726,1409,2022-06-24,Electrodomesticos,Aspiradora,1,176798,30428
12729,1409,2022-07-06,Tecnologia,Tablet,2,395907,85264
12728,1409,2022-07-21,Hogar,Cafetera,2,184243,44719
12727,1409,2022-08-31,Deportes,Short,2,147025,51372
12730,1410,2024-01-11,Vestuario,Camisa,1,20716,7751
12736,1410,2024-02-09,Deportes,Balon,6,318713,90215
12737,1410,2024-02-27,Hogar,Alfombra,2,279765,75360
12731,1410,2024-03-11,Deportes,Guantes,2,143648,49747
12739,1410,2024-03-25,Electrodomesticos,Cocina,1,151604,23005
12738,1410,2024-04-28,Hogar,Mesa,1,80965,19755
12735,1410,2024-06-02,Vestuario,Gorro,4,62269,24829
12741,1410,2024-06-24,Vestuario,Camisa,1,68171,28553
12742,1410,2024-06-26,Tecnologia,Router,1,274766,57738
12732,1410,2024-08-15,Deportes,Raqueta,2,197823,68161
12740,1410,2024-08-15,Vestuario,Jeans,1,61301,23731
12733,1410,2024-09-24,Vestuario,Chaqueta,1,29108,9717
12734,1410,2024-12-24,Electrodomesticos,Secadora,2,543292,98305
12743,1411,2023-10-10,Tecnologia,Router,1,137298,30693
12746,1411,2023-10-12,Tecnologia,Mouse,2,376879,78139
12747,1411,2023-10-21,Electrodomesticos,Horno,1,162403,29787
12745,1411,2023-11-10,Tecnologia,Tablet,2,334341,66510
12750,1411,2023-11-12,Hogar,Lampara,1,98506,22035
12748,1411,2023-12-10,Deportes,Raqueta,3,336467,86548
12749,1411,2024-01-28,Electrodomesticos,Aspiradora,2,520702,111776
12744,1411,2024-10-19,Vestuario,Pantalon,2,73117,25065
12751,1412,2024-01-12,Electrodomesticos,Lavadora,1,88395,14653
12758,1412,2024-01-12,Tecnologia,Impresora,4,1068580,253839
12753,1412,2024-03-03,Hogar,Organizador,1,83582,22265
12754,1412,2024-04-14,Vestuario,Camisa,1,29423,10064
12757,1412,2024-05-01,Hogar,Mesa,1,105863,31182
12752,1412,2024-07-30,Deportes,Guantes,1,49569,13656
12760,1412,2024-08-03,Deportes,Botella,1,70533,16612
12756,1412,2024-12-22,Electrodomesticos,Horno,1,231726,36462
12755,1412,2024-12-24,Electrodomesticos,Lavadora,1,102877,16487
12759,1412,2024-12-30,Tecnologia,Router,1,321470,60422
12761,1413,2023-05-28,Tecnologia,Smartphone,1,158728,29885
12765,1413,2023-06-10,Tecnologia,Impresora,1,241695,47114
12764,1413,2023-06-15,Tecnologia,Monitor,1,328296,86520
12762,1413,2023-06-23,Deportes,Poleron,1,77820,27830
12767,1413,2023-10-01,Hogar,Lampara,2,243252,72227
12766,1413,2024-01-14,Electrodomesticos,Cocina,1,80853,14186
12763,1413,2024-05-02,Tecnologia,Impresora,1,94083,18874
12768,1414,2022-08-01,Hogar,Sofa,1,91983,31339
12775,1414,2022-08-19,Electrodomesticos,Purificador,3,722503,115684
12773,1414,2022-08-27,Vestuario,Jeans,1,36782,10737
12776,1414,2022-08-31,Electrodomesticos,Horno,1,163416,29080
12771,1414,2022-10-03,Vestuario,Zapatillas,1,31099,12567
12769,1414,2022-10-06,Tecnologia,Tablet,2,538404,107761
12770,1414,2022-10-23,Tecnologia,Teclado,2,489507,79823
12772,1414,2022-12-06,Vestuario,Chaqueta,2,26433,8169
12774,1414,2023-09-01,Deportes,Poleron,1,95935,29375
12777,1415,2024-10-22,Vestuario,Chaqueta,1,31380,9636
12780,1415,2024-10-26,Electrodomesticos,Microondas,3,376002,78269
12786,1415,2024-10-30,Vestuario,Camisa,1,33580,12255
12789,1415,2024-11-08,Vestuario,Polera,2,148853,38063
12788,1415,2024-11-09,Tecnologia,Impresora,4,1379394,272437
12785,1415,2024-11-29,Electrodomesticos,Lavadora,2,230092,39448
12783,1415,2024-12-17,Deportes,Bicicleta,2,218820,55030
12784,1415,2024-12-23,Vestuario,Polera,1,69835,25992
12787,1415,2024-12-23,Electrodomesticos,Lavadora,3,524595,72113
12778,1415,2024-12-25,Hogar,Cortinas,1,116477,28180
12779,1415,2024-12-25,Vestuario,Pantalon,1,46052,17297
12782,1415,2024-12-26,Electrodomesticos,Secadora,2,359755,57198
12781,1415,2024-12-28,Hogar,Mesa,2,140974,37110
12790,1416,2022-10-24,Vestuario,Zapatillas,1,55333,17343
12793,1416,2022-11-03,Electrodomesticos,Aspiradora,2,150250,28218
12797,1416,2022-12-02,Electrodomesticos,Refrigerador,2,266157,42681
12796,1416,2022-12-15,Tecnologia,Monitor,1,168561,36303
12791,1416,2023-01-14,Hogar,Termo,1,63480,18852
12792,1416,2023-01-28,Tecnologia,Smartwatch,1,277097,56438
12794,1416,2023-03-21,Vestuario,Polera,2,79558,26884
12795,1416,2023-05-20,Electrodomesticos,Microondas,3,373915,60177
12798,1417,2023-05-20,Vestuario,Chaqueta,1,45277,15113
12799,1417,2023-06-18,Tecnologia,Smartwatch,2,558857,111728
12800,1417,2023-09-08,Electrodomesticos,Plancha,1,236271,46969
12801,1417,2023-09-17,Hogar,Termo,1,89803,29454
12802,1417,2024-12-22,Vestuario,Chaqueta,3,57869,20497
12803,1418,2022-03-31,Hogar,Alfombra,2,178384,46193
12806,1418,2022-04-13,Deportes,Botella,4,189156,62142
12808,1418,2022-06-02,Tecnologia,Impresora,2,250966,50319
12807,1418,2022-07-08,Deportes,Poleron,1,48501,13752
12804,1418,2022-10-08,Vestuario,Gorro,2,42887,15917
12805,1418,2023-01-06,Tecnologia,Impresora,1,385388,78283
12809,1419,2022-12-20,Tecnologia,Smartwatch,1,243379,36602
12813,1419,2023-02-02,Hogar,Alfombra,3,105094,29463
12811,1419,2023-03-25,Vestuario,Buzo,2,134988,52070
12812,1419,2023-03-28,Tecnologia,Smartphone,3,523560,98708
12815,1419,2023-06-28,Deportes,Poleron,3,339782,97550
12814,1419,2023-10-02,Tecnologia,Audifonos,1,293276,55487
12810,1419,2023-12-25,Vestuario,Pantalon,2,59161,20964
12816,1420,2023-01-22,Deportes,Casco,3,326305,102849
12819,1420,2023-02-15,Hogar,Lampara,1,64802,16764
12825,1420,2023-03-04,Vestuario,Polera,1,41575,15953
12823,1420,2023-03-07,Electrodomesticos,Aspiradora,2,591672,82878
12818,1420,2023-03-13,Hogar,Alfombra,1,69376,17151
12827,1420,2023-03-19,Deportes,Casco,3,219040,65765
12824,1420,2023-03-23,Hogar,Cortinas,1,95546,30443
12821,1420,2023-04-12,Tecnologia,Impresora,1,304582,75048
12817,1420,2023-06-04,Tecnologia,Monitor,2,739685,141888
12822,1420,2023-08-10,Hogar,Alfombra,1,119621,29680
12826,1420,2023-08-21,Hogar,Silla,1,137958,45609
12820,1420,2024-03-10,Tecnologia,Tablet,3,848929,162704
12828,1421,2022-01-02,Electrodomesticos,Lavadora,1,194757,29747
12837,1421,2022-01-11,Tecnologia,Audifonos,1,225092,51250
12836,1421,2022-01-22,Electrodomesticos,Horno,4,670559,130808
12838,1421,2022-01-22,Hogar,Alfombra,3,282170,91057
12835,1421,2022-01-27,Electrodomesticos,Aspiradora,1,212774,45281
12831,1421,2022-02-10,Vestuario,Gorro,3,100754,34604
12834,1421,2022-02-19,Hogar,Sofa,5,628642,160440
12829,1421,2022-02-23,Vestuario,Vestido,3,42379,12745
12833,1421,2022-02-26,Deportes,Guantes,2,120547,40103
12830,1421,2022-03-20,Hogar,Hervidor,4,366424,101441
12832,1421,2022-04-06,Deportes,Short,1,105661,24543
12839,1421,2022-08-23,Hogar,Organizador,1,106786,26151
12840,1422,2023-03-23,Vestuario,Calcetines,1,41815,13002
12843,1422,2023-04-03,Electrodomesticos,Plancha,2,416455,62504
12842,1422,2023-04-04,Hogar,Lampara,3,247358,72587
12845,1422,2023-04-17,Electrodomesticos,Purificador,1,246931,35198
12846,1422,2023-07-16,Hogar,Organizador,2,196639,52029
12844,1422,2023-11-14,Hogar,Mesa,1,66226,14177
12841,1422,2023-12-31,Deportes,Colchoneta,1,63695,17118
12847,1423,2023-12-17,Hogar,Termo,1,101819,28187
12850,1423,2023-12-23,Hogar,Hervidor,5,452752,113415
12851,1423,2024-02-28,Tecnologia,Router,1,184792,37352
12849,1423,2024-03-08,Tecnologia,Teclado,3,503532,88396
12852,1423,2024-05-05,Tecnologia,Notebook,1,383282,60061
12848,1423,2024-11-23,Deportes,Short,2,190816,58594
12853,1424,2022-01-19,Tecnologia,Impresora,1,251068,52775
12856,1424,2022-01-26,Deportes,Botella,4,363887,92089
12860,1424,2022-01-27,Hogar,Organizador,2,215576,66505
12859,1424,2022-02-03,Tecnologia,Audifonos,2,701287,134164
12858,1424,2022-02-10,Deportes,Raqueta,1,68012,17693
12857,1424,2022-04-24,Vestuario,Vestido,3,116902,35779
12854,1424,2022-05-06,Tecnologia,Teclado,1,236808,46198
12855,1424,2022-06-04,Deportes,Poleron,1,36938,9796
12861,1424,2022-08-01,Vestuario,Pantalon,2,137614,53492
12862,1425,2024-05-08,Deportes,Raqueta,1,113626,34720
12864,1425,2024-05-31,Deportes,Colchoneta,1,94953,28339
12874,1425,2024-06-15,Vestuario,Camisa,3,75715,28380
12865,1425,2024-06-19,Vestuario,Camisa,1,30465,11164
12870,1425,2024-06-27,Vestuario,Calcetines,1,26321,8636
12868,1425,2024-07-02,Deportes,Poleron,1,76368,19552
12869,1425,2024-07-05,Electrodomesticos,Purificador,1,276389,55470
12872,1425,2024-07-12,Vestuario,Polera,1,33125,12111
12866,1425,2024-07-20,Deportes,Short,1,69211,18225
12871,1425,2024-11-06,Electrodomesticos,Secadora,1,181556,27160
12863,1425,2024-12-11,Hogar,Lampara,1,65246,14869
12867,1425,2024-12-21,Vestuario,Jeans,1,22766,7332
12873,1425,2024-12-29,Electrodomesticos,Purificador,3,757638,118784
12875,1426,2023-12-29,Tecnologia,Mouse,4,1041307,193983
12884,1426,2024-01-25,Tecnologia,Notebook,3,916533,190613
12876,1426,2024-02-09,Vestuario,Chaqueta,1,74710,23796
12885,1426,2024-02-14,Hogar,Termo,2,174001,43777
12883,1426,2024-02-24,Tecnologia,Router,2,539905,119692
12879,1426,2024-03-15,Deportes,Short,2,168238,42254
12882,1426,2024-03-25,Electrodomesticos,Cocina,1,121748,21998
12877,1426,2024-04-04,Hogar,Hervidor,3,143800,35676
12880,1426,2024-06-15,Vestuario,Zapatillas,1,25641,10175
12886,1426,2024-06-15,Hogar,Alfombra,1,83413,23768
12887,1426,2024-06-25,Deportes,Raqueta,2,86861,30102
12878,1426,2024-07-04,Tecnologia,Smartphone,1,296812,61609
12881,1426,2024-08-09,Hogar,Termo,3,224235,58272
12888,1427,2023-09-13,Deportes,Colchoneta,2,113985,39978
12892,1427,2023-10-02,Hogar,Mesa,1,90019,24450
12894,1427,2023-10-10,Electrodomesticos,Lavadora,1,321238,65925
12890,1427,2023-11-16,Deportes,Casco,2,140492,36734
12895,1427,2023-12-27,Vestuario,Chaqueta,2,94474,26748
12889,1427,2024-01-13,Deportes,Colchoneta,1,69743,19253
12897,1427,2024-01-23,Vestuario,Buzo,2,81255,31631
12896,1427,2024-01-31,Vestuario,Gorro,1,58272,22582
12891,1427,2024-04-21,Deportes,Casco,2,153205,36473
12893,1427,2024-12-25,Electrodomesticos,Aspiradora,1,163040,28114
12898,1428,2023-11-01,Tecnologia,Tablet,3,542108,87054
12905,1428,2023-11-05,Tecnologia,Monitor,2,356447,58688
12900,1428,2023-11-07,Deportes,Poleron,3,73500,16115
12904,1428,2023-11-23,Deportes,Guantes,1,99582,24491
12907,1428,2023-12-10,Deportes,Pesas,2,210778,62246
12899,1428,2024-01-09,Electrodomesticos,Licuadora,1,166262,24977
12903,1428,2024-01-23,Deportes,Colchoneta,3,285233,89771
12902,1428,2024-02-03,Tecnologia,Router,1,142136,32090
12908,1428,2024-03-03,Deportes,Raqueta,1,79045,20969
12906,1428,2024-06-04,Deportes,Balon,2,124268,32592
12901,1428,2024-07-03,Tecnologia,Teclado,1,267778,49724
12909,1429,2023-03-13,Tecnologia,Notebook,1,210787,46223
12915,1429,2023-03-13,Vestuario,Jeans,1,16045,5847
12912,1429,2023-03-15,Hogar,Organizador,1,73068,21858
12910,1429,2023-05-02,Deportes,Guantes,1,71224,17963
12911,1429,2023-05-27,Tecnologia,Tablet,1,301285,61350
12914,1429,2023-06-07,Vestuario,Vestido,1,35228,11463
12917,1429,2023-06-16,Vestuario,Calcetines,4,119126,44271
12913,1429,2023-07-31,Tecnologia,Smartphone,1,189929,39299
12916,1429,2023-10-18,Tecnologia,Router,3,792308,165121
12918,1430,2023-11-24,Hogar,Cortinas,1,82227,24454
12926,1430,2023-12-10,Deportes,Raqueta,1,57648,17561
12920,1430,2024-02-11,Electrodomesticos,Horno,5,861692,156530
12923,1430,2024-02-19,Tecnologia,Mouse,1,267249,55448
12922,1430,2024-02-28,Tecnologia,Audifonos,1,181279,38084
12924,1430,2024-03-23,Electrodomesticos,Microondas,3,756488,130543
12919,1430,2024-03-31,Electrodomesticos,Licuadora,1,92298,16600
12925,1430,2024-08-07,Vestuario,Camisa,1,22649,8648
12921,1430,2024-12-28,Electrodomesticos,Aspiradora,1,179758,32394
12927,1431,2022-12-16,Vestuario,Polera,1,62381,22567
12932,1431,2022-12-24,Tecnologia,Audifonos,2,326195,69959
12933,1431,2022-12-26,Hogar,Hervidor,3,353422,84067
12929,1431,2023-01-06,Tecnologia,Monitor,2,341318,53167
12931,1431,2023-01-09,Tecnologia,Smartwatch,2,324147,60956
12928,1431,2023-01-20,Electrodomesticos,Licuadora,2,343322,65383
12930,1431,2023-03-13,Electrodomesticos,Plancha,4,978420,149958
12936,1431,2023-04-20,Tecnologia,Tablet,1,147498,28346
12935,1431,2023-12-22,Deportes,Guantes,1,111403,26292
12934,1431,2024-02-19,Electrodomesticos,Horno,1,218178,52425
12937,1432,2024-07-27,Electrodomesticos,Lavadora,1,120145,17748
12943,1432,2024-08-27,Vestuario,Pantalon,3,223888,65223
12939,1432,2024-09-24,Deportes,Pesas,1,51910,17524
12941,1432,2024-10-10,Electrodomesticos,Plancha,1,122894,16575
12938,1432,2024-12-16,Tecnologia,Mouse,1,241006,43376
12942,1432,2024-12-25,Electrodomesticos,Purificador,1,191025,26557
12940,1432,2024-12-29,Electrodomesticos,Aspiradora,1,137976,21920
12944,1433,2024-11-24,Hogar,Termo,2,156348,44644
12947,1433,2024-12-05,Tecnologia,Router,1,254288,35719
12949,1433,2024-12-05,Deportes,Guantes,1,77508,23221
12948,1433,2024-12-08,Tecnologia,Router,1,241519,43365
12946,1433,2024-12-27,Tecnologia,Router,3,680771,118076
12945,1433,2024-12-30,Deportes,Short,2,69931,21028
12950,1434,2024-05-11,Tecnologia,Notebook,1,255073,64986
12951,1434,2024-05-11,Hogar,Termo,1,56002,12338
12955,1434,2024-06-23,Deportes,Pesas,1,39300,12506
12954,1434,2024-06-26,Vestuario,Gorro,3,66704,24636
12958,1434,2024-06-29,Hogar,Lampara,3,328869,104887
12956,1434,2024-07-27,Hogar,Cortinas,1,105513,22971
12952,1434,2024-10-01,Vestuario,Zapatillas,1,35658,10519
12953,1434,2024-10-06,Hogar,Mesa,2,159916,46168
12961,1434,2024-10-15,Deportes,Balon,1,76825,21289
12959,1434,2024-11-04,Tecnologia,Smartphone,1,163437,24499
12957,1434,2024-12-27,Hogar,Mesa,2,63000,13563
12960,1434,2024-12-30,Vestuario,Vestido,1,27246,9641
12962,1435,2022-10-11,Tecnologia,Audifonos,4,840588,197144
12969,1435,2022-10-28,Vestuario,Vestido,1,30844,12577
12970,1435,2022-10-31,Vestuario,Jeans,3,50032,19541
12968,1435,2022-11-03,Tecnologia,Audifonos,1,214683,40914
12966,1435,2022-11-07,Tecnologia,Monitor,1,91656,16104
12965,1435,2022-12-10,Electrodomesticos,Horno,1,221141,39234
12964,1435,2023-03-03,Vestuario,Gorro,2,139667,51028
12963,1435,2023-06-17,Tecnologia,Router,2,277533,51981
12967,1435,2023-07-14,Tecnologia,Tablet,2,257086,59314
12971,1436,2024-04-16,Electrodomesticos,Cocina,2,392074,70353
12978,1436,2024-04-16,Electrodomesticos,Licuadora,2,262030,40488
12976,1436,2024-04-21,Vestuario,Camisa,1,13902,4091
12977,1436,2024-05-11,Vestuario,Vestido,6,316849,122085
12973,1436,2024-07-09,Electrodomesticos,Aspiradora,1,263671,45584
12974,1436,2024-07-19,Electrodomesticos,Refrigerador,1,268030,41747
12972,1436,2024-09-03,Deportes,Poleron,2,129515,38274
12975,1436,2024-10-16,Vestuario,Chaqueta,1,18074,6819
12979,1437,2022-06-17,Hogar,Alfombra,2,63000,17350
12980,1437,2022-06-18,Electrodomesticos,Lavadora,1,201570,34808
12984,1437,2022-08-10,Deportes,Poleron,2,103794,32768
12989,1437,2022-08-27,Vestuario,Chaqueta,1,65701,23738
12986,1437,2022-11-07,Tecnologia,Router,2,340626,63933
12982,1437,2022-12-26,Vestuario,Zapatillas,1,27736,9581
12987,1437,2023-01-05,Tecnologia,Tablet,2,750190,147819
12981,1437,2023-02-09,Electrodomesticos,Refrigerador,1,159220,26993
12983,1437,2023-03-12,Electrodomesticos,Licuadora,1,176264,32436
12985,1437,2023-03-16,Electrodomesticos,Plancha,1,108763,19048
12988,1437,2023-07-15,Tecnologia,Teclado,1,231308,41066
12990,1438,2024-03-29,Tecnologia,Monitor,1,251864,50569
12991,1438,2024-04-04,Deportes,Botella,2,211829,58386
12996,1438,2024-04-17,Hogar,Alfombra,5,401388,125373
12992,1438,2024-05-10,Tecnologia,Notebook,4,935420,238597
12995,1438,2024-05-22,Hogar,Hervidor,2,183305,59103
12994,1438,2024-10-23,Electrodomesticos,Aspiradora,1,129235,28689
12993,1438,2024-10-30,Deportes,Balon,2,81245,22444
12997,1438,2024-11-03,Vestuario,Buzo,2,91712,29971
12998,1439,2023-03-03,Electrodomesticos,Microondas,1,281130,43721
13000,1439,2023-03-03,Electrodomesticos,Purificador,4,625484,100898
12999,1439,2023-07-13,Hogar,Silla,2,148454,46126
13001,1439,2023-07-29,Deportes,Guantes,1,37926,12092
13002,1440,2023-02-26,Hogar,Mesa,2,128462,33574
13005,1440,2023-03-09,Tecnologia,Audifonos,2,432923,85443
13003,1440,2023-03-13,Hogar,Cortinas,4,263787,86140
13007,1440,2023-03-31,Hogar,Organizador,3,97812,34883
13008,1440,2023-04-11,Deportes,Short,2,188947,58921
13004,1440,2023-05-06,Tecnologia,Smartwatch,1,172897,29713
13006,1440,2023-10-11,Hogar,Hervidor,1,79127,19101
13009,1441,2024-11-30,Tecnologia,Mouse,2,536786,112523
13016,1441,2024-12-15,Deportes,Guantes,1,58814,16628
13013,1441,2024-12-21,Electrodomesticos,Licuadora,3,603615,98075
13012,1441,2024-12-22,Vestuario,Polera,2,86209,28491
13010,1441,2024-12-28,Vestuario,Jeans,1,53411,16121
13011,1441,2024-12-28,Electrodomesticos,Secadora,1,264594,42182
13014,1441,2024-12-28,Tecnologia,Tablet,5,429637,87318
13015,1441,2024-12-30,Tecnologia,Mouse,1,183739,27766
13017,1442,2023-01-23,Hogar,Lampara,1,98230,22531
13024,1442,2023-02-02,Vestuario,Pantalon,3,102014,32230
13022,1442,2023-02-06,Electrodomesticos,Horno,2,414104,70792
13019,1442,2023-02-17,Deportes,Botella,1,87911,25421
13025,1442,2023-04-04,Tecnologia,Tablet,2,323099,68174
13023,1442,2023-04-07,Tecnologia,Impresora,1,198378,47634
13018,1442,2023-04-21,Deportes,Short,1,40853,12690
13020,1442,2023-05-16,Vestuario,Polera,1,66523,21951
13021,1442,2023-06-13,Vestuario,Zapatillas,1,53523,23038
13026,1443,2022-03-27,Deportes,Balon,2,125150,31326
13035,1443,2022-04-08,Vestuario,Pantalon,1,42060,11235
13031,1443,2022-04-13,Electrodomesticos,Purificador,1,196410,34583
13028,1443,2022-04-14,Deportes,Short,1,29954,10474
13032,1443,2022-04-20,Hogar,Sofa,1,143552,31837
13034,1443,2022-06-01,Tecnologia,Smartphone,3,623478,117481
13030,1443,2022-06-05,Deportes,Raqueta,1,90371,24654
13036,1443,2022-06-11,Tecnologia,Teclado,1,211527,46148
13037,1443,2022-07-12,Vestuario,Pantalon,2,65910,25593
13027,1443,2022-08-22,Tecnologia,Notebook,1,104915,23795
13029,1443,2022-11-16,Tecnologia,Monitor,1,142828,29058
13033,1443,2023-05-09,Deportes,Bicicleta,1,88245,30593
13038,1444,2024-02-15,Hogar,Alfombra,1,104065,29088
13041,1444,2024-02-23,Deportes,Casco,1,67035,17976
13043,1444,2024-03-27,Hogar,Organizador,2,63000,18628
13046,1444,2024-05-03,Tecnologia,Impresora,1,231143,46877
13045,1444,2024-05-30,Tecnologia,Audifonos,1,137104,27860
13039,1444,2024-06-05,Vestuario,Buzo,5,194525,77672
13042,1444,2024-06-05,Hogar,Hervidor,2,156013,43967
13044,1444,2024-06-05,Tecnologia,Mouse,1,200967,44669
13047,1444,2024-07-28,Vestuario,Jeans,1,44667,12660
13048,1444,2024-10-04,Vestuario,Buzo,2,66194,23176
13040,1444,2024-10-29,Hogar,Cortinas,2,178292,48589
13049,1444,2024-12-25,Vestuario,Camisa,1,47838,15370
13050,1445,2024-04-19,Hogar,Sofa,2,193596,54017
13052,1445,2024-05-04,Deportes,Guantes,3,225934,55755
13055,1445,2024-05-15,Electrodomesticos,Plancha,4,525297,104157
13057,1445,2024-05-20,Deportes,Colchoneta,2,124120,35826
13054,1445,2024-05-23,Vestuario,Zapatillas,2,23428,8160
13053,1445,2024-06-29,Hogar,Hervidor,2,163302,37704
13051,1445,2024-09-01,Hogar,Alfombra,2,281578,79346
13056,1445,2024-11-01,Deportes,Pesas,1,75996,19167
13058,1446,2024-02-02,Tecnologia,Smartwatch,1,303285,61330
13059,1446,2024-04-13,Deportes,Raqueta,2,83413,21419
13060,1446,2024-06-25,Tecnologia,Smartphone,1,247034,55061
13061,1447,2024-04-16,Vestuario,Calcetines,3,115382,45188
13066,1447,2024-04-23,Deportes,Guantes,1,55965,18687
13068,1447,2024-04-23,Electrodomesticos,Horno,2,333164,54325
13064,1447,2024-05-05,Vestuario,Buzo,2,44541,17047
13063,1447,2024-05-09,Hogar,Cafetera,1,38753,9983
13071,1447,2024-07-31,Tecnologia,Tablet,2,251252,54328
13065,1447,2024-08-13,Electrodomesticos,Horno,1,99593,21362
13062,1447,2024-09-29,Tecnologia,Smartwatch,1,146682,28700
13069,1447,2024-09-29,Electrodomesticos,Lavadora,1,85037,14727
13070,1447,2024-12-02,Tecnologia,Monitor,4,1243684,234933
13067,1447,2024-12-26,Electrodomesticos,Lavadora,3,705009,132214
13072,1448,2024-09-25,Electrodomesticos,Plancha,2,485586,71560
13074,1448,2024-11-05,Deportes,Bicicleta,1,73872,18856
13078,1448,2024-11-15,Vestuario,Camisa,2,86702,33715
13079,1448,2024-12-25,Tecnologia,Smartphone,2,590542,95439
13077,1448,2024-12-26,Hogar,Sofa,2,208597,55612
13073,1448,2024-12-28,Tecnologia,Notebook,1,266813,59072
13076,1448,2024-12-30,Hogar,Hervidor,3,377239,91361
13075,1448,2024-12-31,Vestuario,Zapatillas,4,121139,50337
13080,1449,2024-03-17,Vestuario,Pantalon,4,200576,73005
13088,1449,2024-04-23,Vestuario,Calcetines,3,57173,19711
13082,1449,2024-05-01,Tecnologia,Audifonos,1,266694,52380
13087,1449,2024-05-16,Hogar,Hervidor,1,131172,36666
13090,1449,2024-06-11,Tecnologia,Teclado,4,308000,57758
13089,1449,2024-07-10,Deportes,Colchoneta,3,349105,99490
13086,1449,2024-07-11,Tecnologia,Smartwatch,1,241200,50434
13081,1449,2024-07-27,Tecnologia,Notebook,3,910656,172151
13083,1449,2024-08-30,Vestuario,Zapatillas,3,195607,92424
13085,1449,2024-12-28,Vestuario,Camisa,3,84701,26895
13084,1449,2024-12-31,Tecnologia,Router,4,1031433,183333
13091,1450,2023-12-29,Hogar,Organizador,4,405365,129236
13097,1450,2024-01-05,Vestuario,Buzo,2,161334,67284
13093,1450,2024-01-10,Vestuario,Gorro,1,32083,12173
13096,1450,2024-02-07,Tecnologia,Impresora,1,357017,62473
13094,1450,2024-02-13,Deportes,Casco,1,76805,23874
13095,1450,2024-04-12,Electrodomesticos,Purificador,1,202543,31167
13092,1450,2024-06-24,Deportes,Raqueta,1,100913,32004
13098,1451,2023-04-02,Hogar,Silla,2,109909,33466
13101,1451,2023-04-11,Vestuario,Zapatillas,4,138833,55776
13112,1451,2023-04-13,Deportes,Raqueta,2,147514,51407
13105,1451,2023-04-27,Hogar,Alfombra,1,111187,39452
13104,1451,2023-05-01,Tecnologia,Smartphone,1,142146,27943
13107,1451,2023-05-03,Deportes,Short,1,48688,12776
13109,1451,2023-05-08,Vestuario,Vestido,1,32207,11049
13108,1451,2023-05-28,Hogar,Lampara,2,165839,59766
13110,1451,2023-07-06,Hogar,Silla,3,265211,59276
13100,1451,2023-07-19,Deportes,Guantes,2,111512,30682
13099,1451,2023-07-23,Tecnologia,Impresora,1,149368,31955
13111,1451,2023-07-23,Hogar,Termo,4,360004,100663
13102,1451,2023-07-28,Electrodomesticos,Horno,3,511310,87871
13106,1451,2023-09-08,Tecnologia,Impresora,1,181929,37789
13103,1451,2023-09-09,Electrodomesticos,Aspiradora,2,430518,63297
13113,1452,2022-01-08,Hogar,Termo,2,292118,67670
13115,1452,2022-01-18,Tecnologia,Smartwatch,3,805173,150052
13119,1452,2022-01-29,Hogar,Alfombra,1,84186,19412
13114,1452,2022-02-14,Tecnologia,Impresora,1,205183,39772
13118,1452,2022-02-19,Vestuario,Buzo,4,78563,26993
13120,1452,2022-05-22,Tecnologia,Audifonos,1,237740,52059
13116,1452,2022-10-22,Vestuario,Gorro,3,126304,47316
13117,1452,2023-01-11,Hogar,Alfombra,2,142529,38411
13121,1453,2024-09-10,Deportes,Poleron,3,144647,32692
13122,1453,2024-09-13,Deportes,Pesas,2,112453,37914
13126,1453,2024-10-13,Electrodomesticos,Lavadora,2,452904,91340
13125,1453,2024-11-07,Electrodomesticos,Licuadora,2,364523,72545
13124,1453,2024-11-20,Hogar,Organizador,1,110727,29447
13127,1453,2024-11-28,Deportes,Guantes,1,103096,26837
13123,1453,2024-12-26,Hogar,Cafetera,1,109500,25115
13128,1454,2023-03-17,Vestuario,Buzo,1,25324,9312
13129,1454,2023-05-01,Electrodomesticos,Horno,2,346437,60833
13130,1454,2023-08-06,Hogar,Hervidor,1,140650,43078
13132,1454,2023-10-30,Deportes,Poleron,3,203315,79069
13131,1454,2023-11-09,Electrodomesticos,Plancha,1,238528,40695
13133,1455,2024-05-02,Deportes,Guantes,2,225059,74501
13140,1455,2024-05-13,Tecnologia,Monitor,4,590080,127438
13136,1455,2024-05-26,Electrodomesticos,Horno,1,90425,16243
13139,1455,2024-06-10,Deportes,Balon,1,127850,37165
13137,1455,2024-06-14,Hogar,Mesa,4,282481,74258
13135,1455,2024-08-14,Vestuario,Pantalon,3,119694,48872
13142,1455,2024-08-27,Hogar,Termo,1,77370,24484
13138,1455,2024-09-24,Vestuario,Polera,1,32673,11989
13141,1455,2024-11-29,Electrodomesticos,Microondas,1,263436,38378
13134,1455,2024-12-21,Deportes,Casco,1,37810,9662
13143,1455,2024-12-22,Vestuario,Buzo,1,62705,16975
13144,1456,2024-09-15,Electrodomesticos,Licuadora,1,255766,42243
13150,1456,2024-10-25,Electrodomesticos,Horno,4,489059,102163
13148,1456,2024-11-11,Electrodomesticos,Horno,2,318363,42702
13145,1456,2024-11-13,Deportes,Botella,1,60051,15271
13149,1456,2024-12-13,Vestuario,Camisa,3,57514,20868
13146,1456,2024-12-23,Vestuario,Vestido,2,61597,21650
13151,1456,2024-12-25,Hogar,Organizador,1,41828,11363
13147,1456,2024-12-29,Tecnologia,Teclado,1,300343,46718
13152,1457,2023-10-11,Vestuario,Buzo,2,40137,12050
13156,1457,2023-11-05,Deportes,Pesas,1,81924,22207
13159,1457,2023-11-27,Hogar,Mesa,1,113148,26292
13158,1457,2023-12-02,Electrodomesticos,Lavadora,1,321722,58555
13154,1457,2024-02-17,Hogar,Alfombra,2,197601,44918
13157,1457,2024-02-27,Deportes,Short,1,31780,9060
13160,1457,2024-03-22,Vestuario,Gorro,1,47684,15729
13153,1457,2024-05-09,Hogar,Lampara,1,133978,35977
13155,1457,2024-05-20,Vestuario,Chaqueta,2,108776,33079
13161,1458,2023-01-16,Tecnologia,Smartphone,1,217977,52145
13166,1458,2023-01-21,Electrodomesticos,Purificador,1,154168,24701
13167,1458,2023-03-03,Hogar,Hervidor,1,112864,28455
13162,1458,2023-06-06,Tecnologia,Monitor,3,610273,125837
13164,1458,2023-07-07,Electrodomesticos,Licuadora,1,90745,17742
13168,1458,2023-07-21,Deportes,Poleron,3,156401,53283
13163,1458,2023-08-13,Tecnologia,Router,3,566110,120806
13165,1458,2023-10-01,Hogar,Sofa,1,101715,27616
13169,1459,2024-09-05,Hogar,Organizador,1,86130,23554
13175,1459,2024-10-09,Deportes,Bicicleta,1,95865,29697
13171,1459,2024-10-19,Hogar,Termo,1,64962,18711
13172,1459,2024-10-27,Hogar,Termo,2,90556,26163
13170,1459,2024-11-16,Electrodomesticos,Lavadora,3,475657,86061
13176,1459,2024-11-17,Tecnologia,Router,2,244297,50929
13174,1459,2024-12-06,Tecnologia,Mouse,1,117048,21710
13173,1459,2024-12-21,Tecnologia,Router,4,338647,66056
13177,1460,2023-06-03,Deportes,Raqueta,4,258025,70300
13179,1460,2023-06-22,Tecnologia,Smartphone,1,287264,61771
13178,1460,2023-08-05,Tecnologia,Smartwatch,1,167041,29740
13180,1460,2023-10-10,Tecnologia,Tablet,3,725443,144306
13181,1461,2022-03-31,Hogar,Alfombra,1,59508,19693
13186,1461,2022-04-01,Vestuario,Jeans,5,113214,34684
13182,1461,2022-07-12,Electrodomesticos,Lavadora,3,357219,66591
13183,1461,2022-07-19,Hogar,Lampara,1,73417,24197
13185,1461,2022-09-03,Vestuario,Jeans,1,58499,19804
13184,1461,2023-03-27,Electrodomesticos,Licuadora,1,234088,43465
13187,1462,2023-01-07,Tecnologia,Audifonos,2,300423,76331
13194,1462,2023-01-20,Electrodomesticos,Aspiradora,1,83880,16193
13192,1462,2023-01-23,Hogar,Termo,4,404726,103509
13193,1462,2023-02-05,Vestuario,Calcetines,2,78814,26305
13191,1462,2023-02-13,Electrodomesticos,Cocina,2,130874,26235
13195,1462,2023-03-25,Vestuario,Camisa,3,63400,21080
13189,1462,2023-04-28,Deportes,Raqueta,2,51600,15872
13188,1462,2023-05-05,Electrodomesticos,Cocina,1,211515,38309
13190,1462,2023-05-19,Electrodomesticos,Horno,1,237977,41226
13196,1463,2024-05-03,Vestuario,Camisa,1,54885,20176
13207,1463,2024-05-11,Electrodomesticos,Aspiradora,1,213954,42014
13209,1463,2024-05-24,Tecnologia,Smartwatch,4,657585,127240
13202,1463,2024-05-27,Tecnologia,Notebook,5,1457580,320035
13197,1463,2024-06-04,Tecnologia,Teclado,2,352605,73550
13208,1463,2024-06-25,Electrodomesticos,Lavadora,1,237598,32832
13200,1463,2024-07-16,Electrodomesticos,Lavadora,1,266395,45662
13206,1463,2024-08-15,Tecnologia,Smartphone,4,936921,200196
13198,1463,2024-09-07,Tecnologia,Monitor,1,239692,54442
13199,1463,2024-09-25,Hogar,Termo,1,165555,41569
13203,1463,2024-10-01,Deportes,Botella,1,67235,19303
13201,1463,2024-10-04,Deportes,Balon,1,45332,12625
13204,1463,2024-11-16,Electrodomesticos,Purificador,1,123523,20228
13205,1463,2024-12-21,Electrodomesticos,Lavadora,3,251734,34660
13210,1464,2022-01-29,Deportes,Colchoneta,1,60458,19866
13211,1464,2022-03-10,Tecnologia,Smartwatch,5,1592823,348134
13212,1464,2022-03-25,Vestuario,Buzo,2,85938,30026
13217,1464,2022-03-27,Electrodomesticos,Horno,3,189000,29614
13215,1464,2022-04-08,Vestuario,Camisa,3,213992,67216
13214,1464,2022-07-14,Hogar,Sofa,5,232424,70319
13216,1464,2022-08-28,Vestuario,Calcetines,3,110811,42224
13213,1464,2022-09-06,Electrodomesticos,Refrigerador,1,108209,17510
13218,1465,2024-08-25,Vestuario,Jeans,3,109702,41272
13220,1465,2024-09-03,Deportes,Pesas,1,53905,18701
13219,1465,2024-09-12,Electrodomesticos,Cocina,1,200285,32575
13224,1465,2024-10-13,Deportes,Botella,2,136671,43037
13223,1465,2024-11-17,Vestuario,Calcetines,3,180407,55272
13226,1465,2024-12-15,Electrodomesticos,Purificador,6,1270379,220369
13227,1465,2024-12-22,Deportes,Guantes,2,66110,17798
13225,1465,2024-12-26,Hogar,Hervidor,2,244602,60312
13221,1465,2024-12-30,Deportes,Raqueta,1,75231,21064
13222,1465,2024-12-31,Tecnologia,Notebook,1,278123,46867
13228,1466,2023-06-08,Electrodomesticos,Refrigerador,1,307301,48134
13229,1466,2023-06-19,Hogar,Sofa,1,93204,27303
13230,1466,2023-11-10,Electrodomesticos,Purificador,1,169491,28786
13233,1466,2023-11-27,Deportes,Bicicleta,3,361955,120216
13232,1466,2023-12-24,Hogar,Silla,2,164006,46618
13231,1466,2024-03-12,Vestuario,Vestido,1,32034,11081
13234,1467,2024-04-13,Hogar,Termo,2,307361,74603
13237,1467,2024-04-20,Hogar,Cafetera,5,229359,60888
13239,1467,2024-04-28,Electrodomesticos,Licuadora,2,144526,25084
13238,1467,2024-05-08,Electrodomesticos,Refrigerador,1,203948,29171
13235,1467,2024-06-08,Deportes,Short,1,47285,12847
13236,1467,2024-12-24,Electrodomesticos,Aspiradora,1,66251,11051
13240,1468,2023-05-15,Tecnologia,Tablet,4,781994,148981
13242,1468,2023-06-01,Hogar,Mesa,1,112790,29225
13248,1468,2023-06-09,Hogar,Hervidor,2,206051,63411
13247,1468,2023-06-12,Vestuario,Vestido,1,28918,12146
13249,1468,2023-08-17,Tecnologia,Tablet,1,199490,34620
13246,1468,2023-09-04,Deportes,Balon,1,89455,24117
13244,1468,2023-09-05,Vestuario,Jeans,1,47003,17585
13241,1468,2023-09-19,Tecnologia,Mouse,4,308000,57543
13245,1468,2023-11-09,Electrodomesticos,Purificador,1,266132,48509
13243,1468,2024-02-08,Deportes,Balon,2,95258,32404
13250,1469,2022-07-29,Electrodomesticos,Lavadora,4,812865,158628
13254,1469,2022-08-13,Tecnologia,Mouse,2,361118,73446
13253,1469,2023-02-05,Hogar,Termo,1,140826,39696
13251,1469,2023-02-13,Vestuario,Zapatillas,3,126661,43555
13252,1469,2023-02-22,Electrodomesticos,Horno,1,187665,35444
13255,1470,2023-03-29,Vestuario,Vestido,1,43423,12206
13257,1470,2023-07-15,Tecnologia,Smartphone,1,186665,32271
13258,1470,2023-07-22,Electrodomesticos,Refrigerador,4,265128,38343
13259,1470,2023-08-27,Electrodomesticos,Secadora,2,397649,57304
13256,1470,2024-02-18,Electrodomesticos,Licuadora,2,289275,56564
13260,1471,2023-03-01,Hogar,Sofa,3,318110,85474
13261,1471,2023-04-09,Electrodomesticos,Secadora,5,678943,129102
13264,1471,2023-06-05,Vestuario,Gorro,1,49516,17617
13267,1471,2023-06-11,Tecnologia,Mouse,1,187026,43572
13263,1471,2023-07-04,Tecnologia,Notebook,2,399843,72459
13266,1471,2023-07-16,Deportes,Pesas,4,297101,88029
13265,1471,2023-09-14,Electrodomesticos,Plancha,4,657383,107890
13262,1471,2024-07-18,Tecnologia,Tablet,1,246400,50069
13268,1472,2023-09-26,Hogar,Termo,1,35566,9429
13269,1472,2023-09-27,Electrodomesticos,Microondas,1,198500,38492
13271,1472,2023-10-02,Vestuario,Zapatillas,1,33624,12556
13272,1472,2023-10-09,Hogar,Alfombra,4,280732,74117
13279,1472,2023-10-23,Deportes,Pesas,1,88411,24749
13270,1472,2023-10-24,Tecnologia,Tablet,1,77000,12156
13278,1472,2023-10-28,Deportes,Raqueta,2,160329,54260
13277,1472,2023-12-08,Hogar,Hervidor,2,100434,26918
13273,1472,2024-01-04,Electrodomesticos,Horno,1,131549,27462
13275,1472,2024-03-01,Hogar,Termo,1,126699,37379
13276,1472,2024-07-03,Tecnologia,Teclado,1,273864,54148
13274,1472,2024-09-12,Deportes,Casco,1,74255,20303
13280,1473,2024-05-21,Deportes,Raqueta,1,24500,6989
13284,1473,2024-05-22,Electrodomesticos,Lavadora,2,344742,65745
13281,1473,2024-07-04,Hogar,Cortinas,2,232887,81097
13286,1473,2024-07-15,Vestuario,Camisa,3,202412,60236
13285,1473,2024-07-16,Deportes,Bicicleta,1,27169,8042
13283,1473,2024-07-18,Tecnologia,Monitor,1,202645,43586
13282,1473,2024-12-28,Vestuario,Buzo,1,54202,15275
13287,1474,2022-05-10,Hogar,Hervidor,1,67480,15816
13289,1474,2022-06-07,Vestuario,Chaqueta,1,31270,11256
13290,1474,2022-06-08,Hogar,Cortinas,2,204035,54534
13293,1474,2022-06-21,Vestuario,Camisa,1,32076,11624
13292,1474,2022-06-28,Hogar,Alfombra,2,247804,59815
13288,1474,2022-08-25,Tecnologia,Monitor,3,902787,166816
13291,1474,2022-09-20,Electrodomesticos,Microondas,1,219363,33515
13294,1474,2022-12-03,Hogar,Cortinas,1,68488,18848
13295,1475,2023-08-26,Deportes,Short,2,214958,67352
13300,1475,2023-09-01,Deportes,Bicicleta,3,136077,39676
13297,1475,2023-09-14,Vestuario,Vestido,1,56840,22051
13299,1475,2023-10-07,Tecnologia,Smartwatch,1,77000,15071
13298,1475,2023-11-25,Tecnologia,Audifonos,1,77000,12343
13301,1475,2023-12-16,Electrodomesticos,Refrigerador,1,169902,31107
13296,1475,2024-01-12,Vestuario,Camisa,1,29847,10440
13302,1476,2023-01-11,Hogar,Silla,1,145609,33372
13306,1476,2023-01-31,Electrodomesticos,Lavadora,3,191758,38368
13305,1476,2023-02-03,Electrodomesticos,Microondas,4,655132,145179
13311,1476,2023-02-07,Deportes,Casco,1,69848,17914
13307,1476,2023-03-12,Electrodomesticos,Purificador,2,355473,54557
13308,1476,2023-03-24,Hogar,Mesa,2,181166,54051
13304,1476,2023-04-08,Tecnologia,Monitor,1,170523,37312
13303,1476,2023-04-15,Electrodomesticos,Licuadora,4,420815,96474
13309,1476,2023-06-04,Deportes,Short,1,40951,14141
13310,1476,2023-06-18,Hogar,Silla,2,244773,57587
13312,1476,2023-08-22,Vestuario,Buzo,2,60654,22365
13313,1477,2023-06-04,Deportes,Short,3,192310,56439
13314,1477,2023-06-04,Hogar,Silla,1,63791,16605
13318,1477,2023-06-08,Deportes,Raqueta,2,116598,35777
13322,1477,2023-06-15,Vestuario,Calcetines,1,52216,17673
13317,1477,2023-06-26,Deportes,Short,1,61740,18236
13321,1477,2023-09-02,Hogar,Lampara,1,107754,26344
13315,1477,2023-11-13,Vestuario,Zapatillas,3,63284,24962
13316,1477,2024-01-24,Deportes,Guantes,2,94669,22599
13320,1477,2024-02-26,Hogar,Lampara,2,213366,51513
13319,1477,2024-12-27,Electrodomesticos,Lavadora,3,332762,57281
13323,1478,2022-07-09,Deportes,Casco,1,67477,17285
13331,1478,2022-07-16,Vestuario,Camisa,1,41688,12598
13330,1478,2022-07-22,Tecnologia,Mouse,2,417365,78312
13324,1478,2022-09-06,Tecnologia,Router,1,287261,69618
13327,1478,2022-09-19,Deportes,Short,2,247053,72921
13328,1478,2022-09-25,Vestuario,Gorro,2,102966,41850
13329,1478,2022-10-02,Electrodomesticos,Licuadora,1,100482,18721
13326,1478,2023-01-23,Vestuario,Buzo,3,55484,18471
13325,1478,2023-04-24,Hogar,Hervidor,1,74322,21738
13332,1479,2023-08-12,Deportes,Raqueta,1,59514,15440
13337,1479,2023-09-18,Hogar,Sofa,1,116807,31895
13338,1479,2023-09-23,Deportes,Raqueta,1,66518,16830
13334,1479,2023-12-01,Tecnologia,Mouse,2,479305,91396
13333,1479,2023-12-04,Tecnologia,Tablet,1,196046,37935
13335,1479,2024-03-14,Deportes,Pesas,1,103132,32099
13336,1479,2024-03-17,Electrodomesticos,Licuadora,1,138603,24440
13339,1479,2024-07-29,Tecnologia,Notebook,3,778696,148316
13340,1480,2024-02-09,Tecnologia,Monitor,2,547930,98728
13343,1480,2024-03-03,Hogar,Cafetera,1,99743,27406
13346,1480,2024-03-04,Electrodomesticos,Plancha,2,307960,50441
13350,1480,2024-03-10,Hogar,Organizador,2,170078,43182
13342,1480,2024-04-24,Hogar,Cortinas,1,69645,19839
13345,1480,2024-05-15,Hogar,Cafetera,2,313489,97003
13344,1480,2024-05-16,Hogar,Cafetera,3,316594,83753
13349,1480,2024-05-31,Vestuario,Gorro,1,15676,5653
13341,1480,2024-07-08,Vestuario,Gorro,1,13880,4485
13348,1480,2024-09-15,Deportes,Balon,2,156373,41288
13351,1480,2024-09-22,Hogar,Mesa,1,109758,28928
13347,1480,2024-10-17,Deportes,Raqueta,1,59333,14768
13352,1481,2022-03-18,Electrodomesticos,Microondas,1,172445,30142
13353,1481,2022-06-20,Deportes,Bicicleta,2,115549,35894
13355,1481,2022-07-08,Tecnologia,Router,1,329161,54806
13357,1481,2022-07-17,Hogar,Organizador,1,158014,53914
13354,1481,2022-08-05,Hogar,Alfombra,1,58563,16323
13356,1481,2022-09-22,Deportes,Casco,1,69259,16251
13358,1482,2024-08-14,Vestuario,Camisa,1,23871,9942
13363,1482,2024-08-20,Deportes,Botella,3,273976,79802
13362,1482,2024-09-06,Deportes,Bicicleta,2,71316,20271
13360,1482,2024-09-24,Electrodomesticos,Refrigerador,2,346456,53808
13365,1482,2024-10-10,Electrodomesticos,Plancha,3,482250,62278
13361,1482,2024-11-12,Tecnologia,Mouse,3,582575,110208
13364,1482,2024-12-25,Hogar,Cortinas,1,102227,26276
13359,1482,2024-12-28,Tecnologia,Impresora,2,505149,68577
13366,1483,2022-10-20,Tecnologia,Router,1,254576,52010
13371,1483,2022-11-07,Deportes,Balon,3,171537,52526
13376,1483,2022-11-07,Hogar,Alfombra,3,175739,45348
13375,1483,2022-11-20,Electrodomesticos,Microondas,1,252387,38531
13369,1483,2022-11-26,Electrodomesticos,Horno,5,595626,107806
13368,1483,2022-12-10,Vestuario,Zapatillas,1,15383,5077
13370,1483,2023-01-20,Electrodomesticos,Lavadora,3,544419,103111
13378,1483,2023-02-09,Electrodomesticos,Horno,1,193929,37741
13374,1483,2023-03-22,Deportes,Short,1,60511,16297
13373,1483,2023-04-14,Tecnologia,Notebook,2,349733,65444
13372,1483,2023-05-18,Vestuario,Polera,3,248128,78122
13377,1483,2023-05-27,Hogar,Termo,1,82982,20826
13367,1483,2023-08-28,Tecnologia,Smartphone,1,253589,54895
13379,1484,2023-06-21,Vestuario,Vestido,3,115099,31829
13381,1484,2023-07-07,Deportes,Raqueta,1,100765,32009
13380,1484,2023-07-19,Electrodomesticos,Aspiradora,1,173132,32294
13387,1484,2023-08-20,Vestuario,Gorro,1,61118,19323
13385,1484,2023-08-25,Electrodomesticos,Secadora,3,330924,67761
13386,1484,2023-08-28,Hogar,Cafetera,1,84342,20467
13383,1484,2023-09-28,Vestuario,Camisa,2,47712,20977
13384,1484,2023-10-12,Deportes,Raqueta,1,49207,19653
13382,1484,2024-01-18,Vestuario,Calcetines,4,194551,70959
13388,1485,2024-02-01,Electrodomesticos,Aspiradora,1,156891,30083
13399,1485,2024-02-15,Hogar,Cafetera,1,79433,21033
13392,1485,2024-02-16,Vestuario,Pantalon,1,57219,17995
13395,1485,2024-02-22,Electrodomesticos,Refrigerador,3,267287,49544
13400,1485,2024-02-22,Electrodomesticos,Licuadora,1,226309,48420
13393,1485,2024-02-27,Tecnologia,Teclado,1,176632,37407
13390,1485,2024-03-05,Hogar,Cortinas,1,61772,17620
13397,1485,2024-04-07,Tecnologia,Monitor,2,523245,93093
13391,1485,2024-04-15,Electrodomesticos,Horno,2,134192,26329
13396,1485,2024-05-07,Vestuario,Jeans,2,29561,9027
13394,1485,2024-05-21,Deportes,Casco,2,90850,31084
13398,1485,2024-10-03,Electrodomesticos,Secadora,1,218682,45454
13389,1485,2024-12-23,Tecnologia,Smartwatch,3,701364,127628
13401,1486,2023-10-25,Deportes,Guantes,4,334866,106295
13406,1486,2023-11-07,Deportes,Guantes,2,157766,41015
13408,1486,2023-11-09,Vestuario,Gorro,1,36509,11865
13405,1486,2024-01-04,Electrodomesticos,Cocina,1,128026,21603
13404,1486,2024-01-06,Hogar,Silla,1,121291,35669
13402,1486,2024-01-08,Deportes,Guantes,1,97212,29456
13403,1486,2024-01-13,Vestuario,Chaqueta,1,61021,17024
13409,1486,2024-02-02,Hogar,Silla,3,405941,129105
13407,1486,2024-02-17,Vestuario,Vestido,2,96219,36984
13410,1486,2024-02-23,Tecnologia,Audifonos,1,298750,61046
13411,1487,2023-11-29,Electrodomesticos,Cocina,3,507791,82747
13414,1487,2023-11-29,Tecnologia,Mouse,2,449190,74217
13418,1487,2023-12-11,Deportes,Botella,3,238792,84618
13422,1487,2023-12-14,Electrodomesticos,Secadora,5,734554,130262
13419,1487,2023-12-20,Hogar,Organizador,3,333434,86770
13415,1487,2024-01-11,Electrodomesticos,Purificador,3,296167,51990
13420,1487,2024-04-29,Tecnologia,Impresora,2,438309,77409
13416,1487,2024-05-22,Tecnologia,Tablet,1,250583,60845
13417,1487,2024-06-17,Electrodomesticos,Licuadora,1,124359,23787
13413,1487,2024-06-18,Vestuario,Buzo,3,143821,46847
13412,1487,2024-07-05,Deportes,Colchoneta,3,305799,90331
13421,1487,2024-12-23,Deportes,Raqueta,1,73805,21893
13423,1488,2023-11-21,Hogar,Hervidor,3,317576,81118
13424,1488,2023-11-23,Vestuario,Pantalon,1,86345,26190
13428,1488,2024-01-03,Vestuario,Calcetines,3,207751,61340
13427,1488,2024-01-04,Hogar,Sofa,2,192387,56150
13426,1488,2024-01-17,Hogar,Organizador,5,430527,124548
13425,1488,2024-04-12,Hogar,Alfombra,2,229676,50675
13429,1489,2022-04-04,Hogar,Lampara,2,173681,55614
13432,1489,2022-04-09,Tecnologia,Tablet,2,677710,132643
13431,1489,2022-04-14,Electrodomesticos,Purificador,1,311226,55080
13433,1489,2022-06-05,Tecnologia,Impresora,1,204896,38391
13430,1489,2022-08-21,Deportes,Short,6,612497,173410
13434,1490,2024-06-03,Tecnologia,Notebook,2,475031,78254
13437,1490,2024-06-11,Deportes,Casco,3,175138,59588
13436,1490,2024-06-19,Hogar,Termo,1,49386,16881
13435,1490,2024-06-26,Vestuario,Vestido,2,105663,30515
13438,1490,2024-12-27,Tecnologia,Teclado,1,77000,12467
13439,1491,2023-05-04,Electrodomesticos,Aspiradora,1,90967,17822
13444,1491,2023-05-14,Hogar,Organizador,2,189037,53892
13442,1491,2023-06-17,Tecnologia,Router,3,999826,201168
13441,1491,2023-10-03,Tecnologia,Mouse,4,721915,133397
13440,1491,2024-03-04,Hogar,Alfombra,4,241487,61718
13443,1491,2024-05-21,Vestuario,Zapatillas,2,51030,17730
13445,1491,2024-08-21,Deportes,Colchoneta,1,70424,28343
13446,1492,2022-12-09,Deportes,Poleron,3,155975,42702
13447,1492,2023-01-17,Electrodomesticos,Purificador,1,183086,38697
13450,1492,2023-01-31,Deportes,Short,1,88186,30411
13452,1492,2023-04-02,Vestuario,Polera,1,34797,11478
13451,1492,2023-04-14,Vestuario,Jeans,1,48317,16743
13453,1492,2023-05-14,Tecnologia,Tablet,2,344640,71082
13456,1492,2023-06-05,Vestuario,Buzo,3,142932,62204
13454,1492,2023-07-17,Deportes,Guantes,2,107965,25244
13449,1492,2023-07-19,Vestuario,Zapatillas,1,54014,20355
13448,1492,2023-12-26,Tecnologia,Tablet,1,172794,31538
13455,1492,2024-01-22,Electrodomesticos,Licuadora,1,140247,23231
13457,1493,2024-08-20,Deportes,Botella,1,99703,31474
13459,1493,2024-09-03,Hogar,Cafetera,1,66216,14442
13461,1493,2024-10-24,Electrodomesticos,Refrigerador,1,192216,31176
13458,1493,2024-12-15,Deportes,Poleron,1,101373,31084
13460,1493,2024-12-31,Vestuario,Buzo,1,59758,15176
13462,1494,2023-11-05,Deportes,Raqueta,3,316913,92789
13466,1494,2023-11-05,Vestuario,Buzo,3,140532,43779
13464,1494,2023-11-06,Hogar,Hervidor,1,88392,25289
13473,1494,2023-12-10,Electrodomesticos,Plancha,1,216854,36293
13470,1494,2023-12-11,Vestuario,Chaqueta,3,146181,45841
13465,1494,2023-12-20,Vestuario,Pantalon,5,156579,45210
13467,1494,2023-12-24,Electrodomesticos,Cocina,1,141415,23798
13469,1494,2024-01-31,Electrodomesticos,Microondas,1,118105,27445
13471,1494,2024-03-20,Vestuario,Jeans,2,102354,38679
13472,1494,2024-03-27,Electrodomesticos,Refrigerador,1,268583,48216
13463,1494,2024-04-14,Electrodomesticos,Lavadora,1,231641,31730
13468,1494,2024-04-16,Deportes,Raqueta,1,82716,23278
13474,1494,2024-11-18,Deportes,Pesas,3,194620,55397
13475,1495,2023-05-21,Deportes,Raqueta,1,52106,14965
13480,1495,2023-05-24,Deportes,Casco,3,255712,66902
13483,1495,2023-05-28,Vestuario,Jeans,1,41512,14347
13484,1495,2023-06-08,Deportes,Bicicleta,1,45064,12602
13482,1495,2023-06-11,Electrodomesticos,Cocina,2,565173,109728
13477,1495,2023-06-14,Hogar,Silla,3,94500,18522
13481,1495,2023-08-04,Tecnologia,Audifonos,1,271596,53465
13476,1495,2023-08-06,Tecnologia,Audifonos,1,220785,50156
13478,1495,2023-12-05,Hogar,Lampara,1,110853,34562
13479,1495,2024-01-31,Electrodomesticos,Horno,1,129998,19600
13485,1496,2024-12-05,Deportes,Raqueta,1,41359,12180
13487,1496,2024-12-11,Electrodomesticos,Refrigerador,1,124148,21751
13488,1496,2024-12-15,Hogar,Organizador,2,161323,41269
13492,1496,2024-12-16,Electrodomesticos,Aspiradora,1,164791,26520
13495,1496,2024-12-23,Electrodomesticos,Lavadora,1,87880,12573
13486,1496,2024-12-25,Vestuario,Jeans,2,94567,37811
13489,1496,2024-12-25,Electrodomesticos,Lavadora,2,282955,50229
13491,1496,2024-12-26,Hogar,Termo,1,66520,16106
13493,1496,2024-12-29,Vestuario,Gorro,1,38777,12171
13494,1496,2024-12-29,Electrodomesticos,Licuadora,1,234815,42462
13490,1496,2024-12-31,Tecnologia,Tablet,3,573177,104544
13496,1497,2022-08-01,Electrodomesticos,Lavadora,2,387502,67938
13502,1497,2022-09-18,Hogar,Termo,1,115472,25509
13497,1497,2022-10-04,Vestuario,Camisa,1,31269,9182
13499,1497,2022-10-23,Hogar,Silla,1,111401,30699
13500,1497,2022-11-01,Hogar,Alfombra,1,86833,21379
13501,1497,2022-11-10,Hogar,Silla,1,116090,28454
13498,1497,2024-04-06,Electrodomesticos,Secadora,2,339840,51165
13503,1498,2024-09-27,Electrodomesticos,Microondas,3,634477,107942
13507,1498,2024-10-03,Electrodomesticos,Secadora,1,197154,31757
13506,1498,2024-11-09,Hogar,Hervidor,1,31500,7335
13505,1498,2024-11-17,Hogar,Cortinas,1,58876,17946
13504,1498,2024-12-27,Deportes,Guantes,1,72242,17636
13508,1499,2022-03-20,Electrodomesticos,Aspiradora,1,210237,29180
13513,1499,2022-04-01,Deportes,Casco,3,144587,41185
13514,1499,2022-04-02,Hogar,Cafetera,1,99300,29711
13512,1499,2022-04-28,Hogar,Cafetera,1,147669,42146
13516,1499,2022-05-03,Electrodomesticos,Purificador,2,601470,120681
13517,1499,2022-06-11,Electrodomesticos,Horno,1,106311,22520
13510,1499,2022-06-27,Vestuario,Zapatillas,1,44319,16036
13515,1499,2022-09-17,Vestuario,Calcetines,1,38405,11897
13511,1499,2022-12-26,Hogar,Termo,3,249999,49026
13509,1499,2023-03-07,Vestuario,Zapatillas,1,73552,19084
13518,1500,2024-01-10,Hogar,Alfombra,1,94152,26562
13524,1500,2024-01-18,Tecnologia,Tablet,1,381962,77577
13519,1500,2024-01-20,Electrodomesticos,Cocina,3,191081,25783
13521,1500,2024-03-27,Deportes,Botella,1,58505,15952
13522,1500,2024-06-28,Vestuario,Polera,1,11902,3726
13520,1500,2024-07-29,Tecnologia,Monitor,2,214933,49153
13523,1500,2024-12-30,Deportes,Bicicleta,2,199509,62757
13525,1501,2023-10-12,Electrodomesticos,Horno,2,483835,92474
13527,1501,2023-11-15,Vestuario,Buzo,3,74748,23101
13529,1501,2023-12-05,Deportes,Pesas,4,378685,87302
13528,1501,2023-12-12,Hogar,Cafetera,2,254560,71586
13530,1501,2024-04-10,Deportes,Balon,2,85699,25812
13526,1501,2024-06-08,Electrodomesticos,Licuadora,1,203651,34934
13531,1501,2024-08-18,Vestuario,Polera,6,207357,75959
13532,1502,2023-02-04,Electrodomesticos,Plancha,4,645189,123334
13542,1502,2023-02-04,Vestuario,Buzo,2,54865,18487
13535,1502,2023-02-16,Vestuario,Zapatillas,1,51852,19943
13541,1502,2023-03-19,Hogar,Cortinas,1,73291,20453
13536,1502,2023-03-24,Deportes,Poleron,5,519518,158146
13537,1502,2023-03-29,Vestuario,Jeans,2,108180,39049
13534,1502,2023-04-16,Electrodomesticos,Horno,1,274723,44219
13533,1502,2023-05-20,Tecnologia,Notebook,3,271133,55280
13538,1502,2023-06-08,Tecnologia,Tablet,3,713660,161575
13540,1502,2023-06-18,Deportes,Balon,2,170831,46245
13543,1502,2023-08-03,Deportes,Casco,2,123695,31721
13539,1502,2023-10-19,Vestuario,Polera,1,42550,14629
13544,1503,2024-09-16,Hogar,Cortinas,2,151339,41362
13545,1503,2024-10-15,Deportes,Raqueta,1,79108,20087
13550,1503,2024-11-23,Tecnologia,Impresora,1,368256,68090
13546,1503,2024-12-07,Deportes,Colchoneta,2,130171,38760
13548,1503,2024-12-16,Hogar,Mesa,1,42850,12884
13549,1503,2024-12-16,Deportes,Pesas,4,202545,65395
13547,1503,2024-12-21,Tecnologia,Impresora,4,876998,147586
13551,1503,2024-12-24,Hogar,Lampara,1,96747,19660
13552,1504,2023-06-08,Electrodomesticos,Plancha,1,128647,21024
13557,1504,2023-07-06,Hogar,Alfombra,2,141692,37807
13556,1504,2023-07-10,Tecnologia,Teclado,1,233853,45997
13554,1504,2023-08-08,Tecnologia,Notebook,1,130583,24641
13553,1504,2023-08-20,Vestuario,Calcetines,4,117079,40867
13555,1504,2023-10-31,Vestuario,Polera,2,81727,30008
13558,1505,2024-10-25,Tecnologia,Smartwatch,2,264328,55639
13560,1505,2024-11-04,Vestuario,Polera,1,58240,14162
13563,1505,2024-11-05,Electrodomesticos,Horno,3,576265,98482
13566,1505,2024-11-21,Tecnologia,Teclado,1,249157,45844
13562,1505,2024-12-21,Vestuario,Jeans,1,25875,7530
13561,1505,2024-12-24,Electrodomesticos,Secadora,2,468187,61897
13567,1505,2024-12-24,Tecnologia,Smartphone,2,270463,51489
13564,1505,2024-12-25,Electrodomesticos,Horno,1,137833,24880
13565,1505,2024-12-27,Vestuario,Chaqueta,1,31828,12511
13559,1505,2024-12-29,Vestuario,Zapatillas,4,59928,21690
13568,1506,2022-06-15,Tecnologia,Tablet,1,163380,36255
13571,1506,2022-07-05,Vestuario,Gorro,1,31186,12916
13570,1506,2022-07-12,Tecnologia,Impresora,1,198202,43650
13569,1506,2022-11-30,Tecnologia,Tablet,3,326545,68265
13572,1507,2024-11-06,Vestuario,Calcetines,1,28977,8113
13573,1507,2024-11-16,Hogar,Mesa,1,68721,16993
13574,1507,2024-12-25,Electrodomesticos,Aspiradora,1,118611,21567
13575,1507,2024-12-25,Electrodomesticos,Horno,1,246937,35805
13577,1507,2024-12-27,Tecnologia,Smartphone,3,874650,182373
13576,1507,2024-12-31,Electrodomesticos,Lavadora,3,598589,100117
13578,1508,2022-06-26,Hogar,Sofa,1,31500,9429
13580,1508,2022-08-28,Vestuario,Vestido,1,44586,14500
13582,1508,2022-09-07,Hogar,Sofa,1,77069,19853
13584,1508,2022-10-01,Tecnologia,Router,2,299522,68670
13579,1508,2022-11-09,Vestuario,Chaqueta,1,40959,11690
13581,1508,2023-02-07,Tecnologia,Router,1,186757,32201
13583,1508,2023-03-28,Electrodomesticos,Purificador,4,1004657,195195
13585,1509,2024-07-15,Hogar,Mesa,1,83279,24151
13590,1509,2024-07-19,Vestuario,Zapatillas,4,157553,54618
13587,1509,2024-07-28,Hogar,Cafetera,2,302936,93288
13589,1509,2024-07-29,Deportes,Casco,1,134239,35903
13592,1509,2024-08-28,Electrodomesticos,Cocina,1,261385,47432
13591,1509,2024-09-25,Deportes,Poleron,3,283219,92172
13586,1509,2024-09-29,Hogar,Cortinas,1,115123,30862
13588,1509,2024-11-08,Tecnologia,Tablet,1,256945,47488
13593,1510,2024-12-23,Tecnologia,Tablet,1,145653,24880
13599,1510,2024-12-23,Tecnologia,Smartwatch,1,302297,60390
13597,1510,2024-12-24,Hogar,Termo,1,89459,25440
13596,1510,2024-12-26,Tecnologia,Smartwatch,2,523853,102046
13600,1510,2024-12-26,Hogar,Cortinas,2,276491,81007
13594,1510,2024-12-30,Vestuario,Jeans,1,41580,11825
13595,1510,2024-12-31,Vestuario,Zapatillas,2,123448,32616
13598,1510,2024-12-31,Hogar,Sofa,2,360000,97442
13601,1511,2023-08-06,Hogar,Cafetera,4,224984,52639
13604,1511,2023-08-26,Electrodomesticos,Lavadora,3,711081,149234
13603,1511,2024-01-11,Tecnologia,Monitor,1,226459,32689
13602,1511,2024-11-24,Deportes,Colchoneta,1,70463,21244
13605,1512,2023-01-18,Deportes,Raqueta,1,41875,10473
13610,1512,2023-02-06,Hogar,Cortinas,1,46594,12763
13608,1512,2023-02-10,Tecnologia,Impresora,4,872544,173593
13611,1512,2023-03-03,Vestuario,Polera,1,29245,12147
13612,1512,2023-03-24,Hogar,Mesa,2,245812,72482
13607,1512,2023-03-27,Deportes,Balon,1,55381,17161
13613,1512,2023-05-22,Tecnologia,Smartwatch,2,511399,98538
13614,1512,2023-07-21,Vestuario,Camisa,2,74116,24455
13606,1512,2023-08-14,Tecnologia,Mouse,1,238820,40691
13615,1512,2023-11-28,Tecnologia,Router,1,411977,69363
13609,1512,2024-02-26,Hogar,Hervidor,1,49273,14297
13616,1513,2024-01-31,Tecnologia,Mouse,3,492258,79045
13623,1513,2024-01-31,Deportes,Botella,1,90007,30756
13625,1513,2024-02-05,Deportes,Bicicleta,1,55354,15602
13622,1513,2024-02-13,Tecnologia,Impresora,1,77000,14364
13617,1513,2024-03-27,Tecnologia,Notebook,1,210182,46479
13618,1513,2024-03-29,Deportes,Pesas,2,127818,37626
13619,1513,2024-05-01,Electrodomesticos,Lavadora,1,271114,51689
13626,1513,2024-05-13,Electrodomesticos,Microondas,2,463397,105821
13624,1513,2024-10-10,Hogar,Sofa,1,140443,35654
13621,1513,2024-11-27,Hogar,Cortinas,1,124414,37206
13620,1513,2024-12-24,Hogar,Sofa,5,735521,209963
13627,1514,2024-03-21,Vestuario,Camisa,1,45709,15041
13634,1514,2024-03-30,Tecnologia,Audifonos,2,365403,77457
13632,1514,2024-04-15,Electrodomesticos,Refrigerador,1,190492,41575
13628,1514,2024-04-19,Vestuario,Vestido,1,10731,4124
13631,1514,2024-06-28,Vestuario,Polera,1,23218,7976
13633,1514,2024-08-05,Hogar,Sofa,2,194018,53755
13636,1514,2024-09-06,Deportes,Raqueta,1,64809,19840
13629,1514,2024-10-20,Vestuario,Jeans,2,115644,36996
13635,1514,2024-12-28,Hogar,Silla,1,112534,26090
13630,1514,2024-12-31,Hogar,Sofa,2,120750,36188
13637,1515,2022-03-22,Deportes,Poleron,3,145813,47670
13646,1515,2022-04-09,Tecnologia,Teclado,1,325325,77291
13644,1515,2022-04-21,Tecnologia,Smartwatch,1,167066,33324
13639,1515,2022-05-06,Deportes,Pesas,1,26312,8275
13642,1515,2022-05-17,Tecnologia,Router,2,340042,61658
13641,1515,2022-05-27,Electrodomesticos,Cocina,1,269687,44125
13638,1515,2022-06-10,Tecnologia,Mouse,1,285924,48125
13647,1515,2022-07-01,Vestuario,Camisa,2,50227,18009
13645,1515,2022-07-23,Vestuario,Calcetines,3,127101,47144
13640,1515,2022-08-18,Vestuario,Polera,1,23711,8822
13643,1515,2023-04-28,Tecnologia,Tablet,1,298453,65843
13648,1516,2023-10-25,Tecnologia,Smartphone,1,206329,48376
13655,1516,2023-12-01,Hogar,Cortinas,2,292879,69623
13658,1516,2023-12-01,Vestuario,Polera,1,76177,24089
13656,1516,2023-12-03,Deportes,Casco,1,84677,24238
13650,1516,2023-12-12,Electrodomesticos,Microondas,2,478332,79574
13654,1516,2023-12-25,Electrodomesticos,Microondas,2,365709,60379
13651,1516,2024-01-12,Electrodomesticos,Refrigerador,2,522931,79614
13649,1516,2024-01-23,Deportes,Balon,2,191035,62857
13652,1516,2024-03-22,Electrodomesticos,Lavadora,1,183603,26065
13653,1516,2024-03-31,Hogar,Lampara,2,108919,27441
13657,1516,2024-05-21,Vestuario,Vestido,2,56290,18468
13659,1517,2023-03-15,Deportes,Botella,3,177191,57825
13662,1517,2023-06-06,Vestuario,Camisa,1,45978,17898
13660,1517,2023-06-07,Tecnologia,Tablet,2,259308,41691
13661,1517,2023-08-14,Deportes,Guantes,1,89574,30230
13663,1518,2022-08-06,Electrodomesticos,Secadora,2,329980,61194
13666,1518,2022-08-21,Electrodomesticos,Licuadora,1,282217,48775
13667,1518,2022-08-23,Vestuario,Vestido,1,20352,5669
13665,1518,2022-09-09,Electrodomesticos,Cocina,1,184802,32118
13668,1518,2022-12-14,Vestuario,Gorro,3,70911,25001
13664,1518,2023-03-12,Tecnologia,Tablet,2,512454,101715
13669,1519,2024-02-01,Hogar,Mesa,1,109382,31201
13672,1519,2024-02-09,Deportes,Colchoneta,1,66444,21774
13673,1519,2024-02-27,Hogar,Organizador,1,106448,28915
13670,1519,2024-02-29,Vestuario,Buzo,1,24015,8008
13671,1519,2024-05-17,Tecnologia,Impresora,1,322887,57641
13674,1520,2024-05-27,Electrodomesticos,Plancha,3,654570,121832
13675,1520,2024-07-12,Tecnologia,Teclado,1,121671,22812
13677,1520,2024-10-19,Hogar,Mesa,3,115067,32441
13676,1520,2024-10-20,Tecnologia,Impresora,1,187714,39292
13678,1520,2024-12-05,Vestuario,Calcetines,2,25700,6803
13679,1521,2024-10-17,Electrodomesticos,Licuadora,1,190761,31215
13681,1521,2024-11-16,Vestuario,Buzo,3,108009,25632
13680,1521,2024-12-01,Vestuario,Buzo,1,47659,16370
13685,1521,2024-12-21,Hogar,Mesa,1,62174,16262
13682,1521,2024-12-22,Vestuario,Polera,2,59571,19315
13688,1521,2024-12-22,Hogar,Mesa,1,93799,25680
13687,1521,2024-12-23,Vestuario,Chaqueta,1,23874,6757
13684,1521,2024-12-29,Hogar,Hervidor,1,63930,14798
13683,1521,2024-12-31,Deportes,Poleron,4,289274,98669
13686,1521,2024-12-31,Tecnologia,Tablet,1,224982,35637
13689,1522,2022-11-24,Deportes,Botella,8,499747,108592
13691,1522,2022-12-20,Hogar,Cortinas,7,837352,185103
13692,1522,2023-01-08,Deportes,Short,3,188926,55627
13690,1522,2023-02-18,Hogar,Silla,2,122211,33119
13693,1522,2024-03-12,Electrodomesticos,Lavadora,1,170676,37272
13694,1523,2023-02-18,Tecnologia,Impresora,4,1166176,228444
13698,1523,2023-02-19,Vestuario,Chaqueta,6,201986,87592
13702,1523,2023-03-03,Tecnologia,Notebook,2,154000,27963
13707,1523,2023-03-03,Electrodomesticos,Horno,2,185628,34761
13695,1523,2023-03-05,Electrodomesticos,Plancha,3,688808,111403
13697,1523,2023-03-10,Hogar,Alfombra,3,113639,32396
13704,1523,2023-04-01,Electrodomesticos,Aspiradora,1,162352,32179
13703,1523,2023-04-16,Vestuario,Pantalon,2,52943,18708
13706,1523,2023-05-13,Vestuario,Calcetines,1,40799,16209
13696,1523,2023-05-22,Vestuario,Polera,1,37853,11773
13705,1523,2023-07-20,Tecnologia,Teclado,3,761124,117053
13701,1523,2023-08-17,Hogar,Termo,1,82498,20279
13699,1523,2023-08-26,Tecnologia,Tablet,1,77000,15643
13700,1523,2023-10-30,Hogar,Organizador,2,73183,20647
13708,1524,2024-04-16,Vestuario,Gorro,3,98742,33067
13712,1524,2024-05-04,Tecnologia,Notebook,3,650004,134842
13718,1524,2024-05-10,Hogar,Lampara,3,235706,69284
13720,1524,2024-05-11,Hogar,Organizador,3,100521,30172
13711,1524,2024-05-16,Tecnologia,Audifonos,2,524246,81430
13710,1524,2024-05-18,Deportes,Colchoneta,1,55373,16388
13717,1524,2024-05-27,Vestuario,Zapatillas,1,74736,22850
13709,1524,2024-06-03,Vestuario,Jeans,2,43687,16001
13723,1524,2024-06-04,Hogar,Cafetera,2,227397,65986
13719,1524,2024-06-06,Vestuario,Camisa,2,93986,31403
13714,1524,2024-06-12,Electrodomesticos,Plancha,4,1267342,228138
13722,1524,2024-06-17,Tecnologia,Router,1,152429,37829
13715,1524,2024-06-23,Tecnologia,Smartphone,1,220530,38268
13721,1524,2024-08-22,Deportes,Botella,1,53034,17495
13713,1524,2024-12-24,Deportes,Colchoneta,2,169851,39291
13716,1524,2024-12-31,Hogar,Termo,3,414303,85854
13724,1525,2023-05-11,Electrodomesticos,Refrigerador,1,128605,21838
13727,1525,2023-06-18,Deportes,Guantes,1,66336,21417
13726,1525,2023-08-02,Tecnologia,Mouse,1,244722,41540
13725,1525,2024-04-07,Tecnologia,Mouse,4,499633,107374
13728,1526,2022-10-11,Hogar,Organizador,1,79878,19433
13736,1526,2022-10-26,Tecnologia,Mouse,1,102742,19963
13730,1526,2022-11-01,Vestuario,Zapatillas,2,92287,24572
13738,1526,2022-11-29,Vestuario,Polera,1,45921,15523
13731,1526,2022-12-28,Vestuario,Jeans,1,58932,20671
13732,1526,2022-12-31,Hogar,Lampara,3,205521,58505
13729,1526,2023-03-19,Deportes,Botella,1,49755,15191
13733,1526,2023-05-04,Vestuario,Jeans,2,65618,21303
13735,1526,2023-05-07,Hogar,Lampara,1,101631,26359
13734,1526,2023-06-21,Hogar,Cafetera,1,77631,25722
13737,1526,2024-02-28,Deportes,Casco,2,115214,33155
13739,1527,2024-12-19,Hogar,Cortinas,2,249244,70324
13745,1527,2024-12-21,Deportes,Botella,1,62633,12941
13740,1527,2024-12-22,Tecnologia,Notebook,3,948080,162011
13743,1527,2024-12-22,Tecnologia,Mouse,1,243751,47407
13744,1527,2024-12-25,Hogar,Cafetera,2,168455,43467
13746,1527,2024-12-25,Hogar,Hervidor,1,101033,23340
13747,1527,2024-12-26,Hogar,Mesa,2,158104,35123
13741,1527,2024-12-27,Hogar,Lampara,3,261003,82374
13742,1527,2024-12-27,Deportes,Botella,1,48446,13423
13753,1528,2024-12-22,Vestuario,Polera,1,24359,8922
13754,1528,2024-12-22,Hogar,Mesa,1,102496,22642
13751,1528,2024-12-27,Hogar,Lampara,1,90515,21227
13755,1528,2024-12-27,Deportes,Casco,1,82111,23593
13752,1528,2024-12-28,Electrodomesticos,Cocina,1,196757,39823
13749,1528,2024-12-29,Tecnologia,Monitor,1,167213,31169
13750,1528,2024-12-30,Deportes,Botella,3,143273,37480
13748,1528,2024-12-31,Hogar,Organizador,1,141060,33253
13756,1529,2023-03-28,Hogar,Lampara,2,201853,55902
13767,1529,2023-04-07,Deportes,Poleron,1,80869,25585
13759,1529,2023-06-17,Hogar,Sofa,1,128566,42537
13760,1529,2023-06-24,Deportes,Guantes,1,101354,29387
13762,1529,2023-07-08,Hogar,Mesa,2,120222,33090
13764,1529,2023-07-17,Vestuario,Chaqueta,1,40921,17405
13763,1529,2023-07-26,Tecnologia,Audifonos,1,211193,52066
13761,1529,2023-08-15,Tecnologia,Teclado,1,136647,25299
13766,1529,2023-09-06,Deportes,Casco,1,40315,12781
13758,1529,2023-10-12,Tecnologia,Audifonos,1,316271,61066
13765,1529,2024-01-09,Tecnologia,Notebook,1,234936,40614
13757,1529,2024-07-14,Hogar,Termo,4,402218,119712
13768,1530,2023-12-02,Vestuario,Vestido,3,135506,42804
13779,1530,2023-12-14,Tecnologia,Mouse,1,263559,40335
13782,1530,2023-12-31,Electrodomesticos,Lavadora,3,406066,64557
13774,1530,2024-01-07,Electrodomesticos,Cocina,5,990918,191591
13773,1530,2024-02-04,Hogar,Cafetera,1,69422,22308
13776,1530,2024-02-05,Hogar,Sofa,3,271039,84418
13778,1530,2024-02-12,Hogar,Lampara,2,202204,61191
13771,1530,2024-03-20,Hogar,Sofa,5,385737,105016
13780,1530,2024-05-27,Electrodomesticos,Cocina,3,451094,77866
13772,1530,2024-06-28,Tecnologia,Impresora,3,848700,177155
13775,1530,2024-07-15,Hogar,Sofa,1,133943,43621
13781,1530,2024-07-17,Electrodomesticos,Licuadora,3,741334,140705
13769,1530,2024-07-25,Hogar,Termo,1,91292,28042
13770,1530,2024-09-29,Vestuario,Camisa,3,94560,31050
13777,1530,2024-12-10,Deportes,Raqueta,2,194074,52815
13783,1531,2023-10-01,Vestuario,Chaqueta,1,23777,7705
13794,1531,2023-10-07,Deportes,Bicicleta,1,30355,9445
13795,1531,2023-10-19,Hogar,Alfombra,5,528903,127245
13784,1531,2023-10-20,Hogar,Mesa,2,129593,31948
13790,1531,2023-10-20,Hogar,Organizador,1,103664,28603
13787,1531,2023-10-22,Tecnologia,Impresora,1,204955,38468
13788,1531,2023-10-26,Vestuario,Gorro,1,39018,11369
13797,1531,2023-11-04,Electrodomesticos,Horno,3,435756,57201
13798,1531,2023-12-09,Tecnologia,Notebook,1,192857,31434
13789,1531,2023-12-16,Deportes,Guantes,3,217994,63179
13786,1531,2024-03-27,Electrodomesticos,Licuadora,2,531912,108828
13799,1531,2024-03-31,Deportes,Guantes,2,156801,44735
13800,1531,2024-05-01,Deportes,Botella,1,83815,19396
13785,1531,2024-05-16,Hogar,Sofa,2,205806,59189
13801,1531,2024-06-15,Electrodomesticos,Horno,1,289017,59271
13793,1531,2024-09-06,Electrodomesticos,Lavadora,4,556380,86883
13792,1531,2024-10-08,Tecnologia,Smartwatch,1,173940,35601
13791,1531,2024-12-26,Vestuario,Calcetines,1,36646,9459
13796,1531,2024-12-31,Deportes,Guantes,2,70622,15958
13802,1532,2022-06-26,Hogar,Cafetera,1,141812,45046
13806,1532,2022-06-29,Hogar,Alfombra,1,31500,9094
13805,1532,2022-07-09,Hogar,Sofa,1,136393,31748
13804,1532,2022-08-16,Electrodomesticos,Purificador,1,266783,39915
13803,1532,2022-08-19,Tecnologia,Monitor,1,234909,35746
13809,1532,2022-10-06,Vestuario,Polera,3,181334,64734
13808,1532,2023-01-10,Deportes,Short,4,395779,101967
13807,1532,2023-02-26,Tecnologia,Notebook,1,308203,50822
13810,1533,2023-02-02,Hogar,Cortinas,1,99079,29855
13812,1533,2023-02-02,Deportes,Casco,1,116852,36606
13822,1533,2023-02-11,Tecnologia,Mouse,3,1276048,247367
13811,1533,2023-03-05,Tecnologia,Audifonos,1,191817,34291
13814,1533,2023-03-07,Electrodomesticos,Plancha,2,410546,78753
13819,1533,2023-03-15,Electrodomesticos,Aspiradora,1,256252,38157
13820,1533,2023-04-10,Electrodomesticos,Licuadora,1,170096,27088
13815,1533,2023-05-02,Vestuario,Vestido,2,57365,18527
13823,1533,2023-06-15,Electrodomesticos,Plancha,1,250831,43777
13817,1533,2023-06-16,Tecnologia,Monitor,1,346959,59949
13816,1533,2023-06-22,Electrodomesticos,Plancha,2,465705,90814
13821,1533,2023-10-16,Hogar,Lampara,2,63000,16029
13813,1533,2023-10-17,Electrodomesticos,Refrigerador,1,355286,71951
13818,1533,2023-11-15,Tecnologia,Monitor,1,127576,21988
13824,1534,2024-06-13,Deportes,Colchoneta,1,98845,28868
13828,1534,2024-06-19,Hogar,Hervidor,2,284385,55739
13831,1534,2024-06-21,Tecnologia,Mouse,3,857727,142027
13825,1534,2024-07-01,Deportes,Pesas,1,104628,34590
13826,1534,2024-07-08,Electrodomesticos,Plancha,2,260425,45070
13829,1534,2024-07-16,Hogar,Cortinas,2,233532,59198
13835,1534,2024-09-26,Tecnologia,Monitor,4,743141,190588
13836,1534,2024-10-02,Hogar,Organizador,1,77562,21470
13830,1534,2024-10-18,Vestuario,Calcetines,1,40967,13764
13827,1534,2024-11-25,Deportes,Raqueta,2,185478,48878
13834,1534,2024-12-23,Vestuario,Pantalon,1,40674,15779
13833,1534,2024-12-28,Vestuario,Camisa,1,41972,16418
13832,1534,2024-12-30,Tecnologia,Mouse,1,93802,18056
13837,1535,2023-11-30,Electrodomesticos,Plancha,1,287409,43713
13840,1535,2024-04-23,Deportes,Poleron,6,601410,188571
13838,1535,2024-06-22,Deportes,Poleron,1,28181,9111
13839,1535,2024-06-27,Deportes,Short,2,215416,49592
13841,1536,2022-02-10,Electrodomesticos,Purificador,2,361632,64595
13843,1536,2022-06-06,Tecnologia,Smartphone,2,506979,111968
13845,1536,2022-07-03,Tecnologia,Mouse,1,149747,28895
13844,1536,2022-07-05,Tecnologia,Monitor,2,288571,48386
13842,1536,2023-02-10,Hogar,Silla,1,99367,27079
13846,1537,2023-02-21,Deportes,Guantes,1,48349,14952
13850,1537,2023-03-06,Electrodomesticos,Purificador,1,288232,46043
13847,1537,2023-03-14,Tecnologia,Smartwatch,1,239893,47363
13849,1537,2023-05-10,Vestuario,Gorro,2,112052,32697
13848,1537,2023-05-21,Tecnologia,Smartphone,3,231000,44960
13851,1538,2023-08-24,Electrodomesticos,Licuadora,1,133181,18564
13859,1538,2023-08-29,Tecnologia,Router,1,133094,24805
13857,1538,2023-08-30,Deportes,Raqueta,1,81108,30453
13854,1538,2023-09-20,Vestuario,Camisa,1,36789,11834
13853,1538,2023-10-22,Tecnologia,Tablet,1,150074,30127
13856,1538,2023-12-10,Vestuario,Gorro,3,123163,36791
13852,1538,2024-01-10,Electrodomesticos,Purificador,1,109343,18601
13858,1538,2024-02-02,Electrodomesticos,Purificador,2,224473,36470
13855,1538,2024-09-05,Vestuario,Chaqueta,1,53484,19438
13860,1539,2022-07-21,Deportes,Guantes,1,50031,11404
13863,1539,2022-07-26,Hogar,Organizador,2,143238,35739
13867,1539,2022-08-15,Tecnologia,Teclado,2,407017,90025
13868,1539,2022-08-19,Deportes,Colchoneta,1,70770,19945
13861,1539,2022-09-02,Vestuario,Jeans,1,41508,14478
13866,1539,2022-09-15,Electrodomesticos,Horno,3,373502,56666
13862,1539,2022-10-23,Vestuario,Zapatillas,2,146118,55373
13864,1539,2022-11-07,Vestuario,Buzo,1,83687,24394
13865,1539,2023-08-23,Vestuario,Calcetines,1,38276,10519
13869,1540,2023-03-17,Tecnologia,Monitor,1,77000,17241
13874,1540,2023-03-25,Electrodomesticos,Refrigerador,2,288224,48450
13871,1540,2023-04-13,Deportes,Raqueta,3,270066,93014
13870,1540,2023-06-21,Tecnologia,Smartphone,3,604310,103547
13872,1540,2023-07-23,Hogar,Silla,2,177318,49450
13873,1540,2023-08-31,Vestuario,Camisa,1,68144,25540
13875,1541,2023-09-11,Deportes,Casco,2,174017,56860
13878,1541,2023-09-28,Tecnologia,Teclado,3,799902,127153
13881,1541,2023-09-28,Hogar,Organizador,3,441293,129205
13876,1541,2023-09-30,Electrodomesticos,Refrigerador,3,765059,131576
13883,1541,2023-10-14,Tecnologia,Teclado,1,119214,26998
13880,1541,2023-10-21,Hogar,Cortinas,1,75254,22389
13884,1541,2023-11-08,Hogar,Lampara,3,501003,106146
13879,1541,2023-11-24,Electrodomesticos,Secadora,6,847350,154469
13882,1541,2024-02-01,Tecnologia,Smartwatch,1,189862,37439
13877,1541,2024-12-24,Hogar,Sofa,3,522886,119788
13885,1542,2023-03-16,Vestuario,Camisa,3,210150,82072
13894,1542,2023-04-13,Electrodomesticos,Purificador,1,211419,35701
13891,1542,2023-05-17,Vestuario,Gorro,1,82332,31150
13895,1542,2023-05-24,Electrodomesticos,Plancha,1,99696,20821
13893,1542,2023-05-27,Deportes,Short,1,105455,32818
13889,1542,2023-06-04,Hogar,Cortinas,1,147466,41534
13888,1542,2023-06-12,Hogar,Mesa,1,99385,33315
13887,1542,2023-06-21,Electrodomesticos,Secadora,1,236752,45702
13896,1542,2023-06-21,Deportes,Raqueta,2,136455,44160
13892,1542,2023-08-25,Hogar,Termo,4,550347,169457
13886,1542,2023-10-12,Deportes,Raqueta,2,142713,38990
13890,1542,2024-01-31,Tecnologia,Router,1,285175,58882
13897,1543,2023-05-10,Tecnologia,Router,1,411799,99423
13901,1543,2023-06-25,Electrodomesticos,Purificador,1,157648,33931
13900,1543,2023-07-04,Vestuario,Polera,1,20379,6361
13898,1543,2023-09-28,Hogar,Sofa,2,212773,51223
13902,1543,2023-12-03,Electrodomesticos,Lavadora,2,197391,32931
13903,1543,2024-01-03,Hogar,Silla,1,104995,21293
13899,1543,2024-07-03,Vestuario,Zapatillas,1,42348,11113
13904,1544,2023-01-11,Vestuario,Gorro,1,26769,9638
13910,1544,2023-02-23,Tecnologia,Monitor,2,534355,84583
13912,1544,2023-03-27,Hogar,Cafetera,2,215738,58219
13905,1544,2023-06-04,Vestuario,Vestido,1,34090,12339
13907,1544,2023-06-09,Vestuario,Buzo,2,70171,23471
13908,1544,2023-08-06,Electrodomesticos,Lavadora,1,225207,39271
13911,1544,2023-08-20,Vestuario,Gorro,1,26423,10028
13909,1544,2023-09-12,Hogar,Lampara,4,309648,87287
13906,1544,2024-11-15,Tecnologia,Mouse,4,654213,111663
13913,1545,2023-12-22,Electrodomesticos,Refrigerador,2,146170,21970
13914,1545,2024-01-16,Deportes,Colchoneta,2,205370,60141
13915,1545,2024-03-24,Deportes,Short,1,89919,23361
13917,1545,2024-05-01,Tecnologia,Monitor,3,817495,163658
13916,1545,2024-07-05,Deportes,Guantes,1,60025,16067
13918,1546,2022-03-28,Deportes,Balon,1,78169,23577
13924,1546,2022-04-12,Hogar,Sofa,2,117826,34327
13923,1546,2022-04-15,Deportes,Poleron,1,55564,16876
13921,1546,2022-05-01,Tecnologia,Teclado,1,177997,42216
13922,1546,2022-05-04,Tecnologia,Smartwatch,1,273189,47726
13920,1546,2022-06-06,Deportes,Bicicleta,2,280000,93921
13919,1546,2022-07-24,Vestuario,Polera,1,40388,15544
13925,1547,2023-09-11,Hogar,Termo,1,136774,39032
13928,1547,2023-09-26,Electrodomesticos,Aspiradora,1,63000,11639
13927,1547,2023-11-03,Hogar,Sofa,2,201878,52378
13926,1547,2023-12-09,Hogar,Silla,1,92265,22155
13929,1548,2022-11-03,Deportes,Guantes,3,255029,49272
13937,1548,2022-11-04,Deportes,Bicicleta,3,187433,44923
13930,1548,2022-11-05,Hogar,Termo,2,130792,29596
13935,1548,2022-11-05,Electrodomesticos,Microondas,2,126000,19990
13933,1548,2022-11-16,Hogar,Cafetera,3,174618,40683
13934,1548,2022-11-16,Hogar,Alfombra,2,255378,71755
13936,1548,2022-11-17,Hogar,Lampara,3,114430,30188
13932,1548,2022-12-04,Deportes,Poleron,1,57384,18108
13931,1548,2022-12-20,Tecnologia,Audifonos,3,660495,114460
13938,1549,2023-12-23,Hogar,Sofa,1,100159,22069
13941,1549,2024-02-26,Tecnologia,Teclado,1,300916,53361
13943,1549,2024-05-08,Electrodomesticos,Secadora,1,112510,21248
13939,1549,2024-05-17,Tecnologia,Smartwatch,1,257310,53780
13940,1549,2024-05-21,Hogar,Hervidor,1,74608,26179
13942,1549,2024-08-17,Vestuario,Camisa,1,22363,8460
13944,1550,2024-02-23,Tecnologia,Tablet,1,315088,65909
13948,1550,2024-02-29,Electrodomesticos,Purificador,2,196097,27419
13949,1550,2024-03-17,Tecnologia,Teclado,2,567911,107361
13945,1550,2024-04-03,Vestuario,Vestido,2,71063,28993
13946,1550,2024-04-13,Tecnologia,Impresora,1,163513,36495
13947,1550,2024-10-06,Deportes,Raqueta,1,65552,20079
13950,1551,2023-11-20,Electrodomesticos,Horno,3,737714,137284
13958,1551,2023-12-16,Electrodomesticos,Refrigerador,3,687855,128073
13959,1551,2024-01-19,Hogar,Hervidor,1,120404,34338
13951,1551,2024-02-08,Electrodomesticos,Plancha,1,325257,64970
13957,1551,2024-02-22,Hogar,Cafetera,2,94778,29392
13956,1551,2024-03-17,Electrodomesticos,Lavadora,2,345909,52868
13954,1551,2024-05-13,Vestuario,Pantalon,1,25687,10423
13953,1551,2024-06-27,Electrodomesticos,Horno,1,213382,34189
13952,1551,2024-10-07,Hogar,Cortinas,4,345822,86281
13955,1551,2024-10-11,Tecnologia,Audifonos,2,447272,98000
13960,1552,2022-04-02,Hogar,Cafetera,1,87737,27683
13962,1552,2022-05-05,Deportes,Colchoneta,3,273690,81860
13961,1552,2022-05-29,Tecnologia,Audifonos,1,298328,54261
13965,1552,2022-06-06,Deportes,Colchoneta,1,32438,9985
13967,1552,2022-06-07,Deportes,Poleron,1,53449,16787
13966,1552,2022-06-28,Tecnologia,Impresora,1,194585,33029
13963,1552,2022-11-24,Deportes,Pesas,1,44053,13189
13968,1552,2023-04-14,Electrodomesticos,Aspiradora,3,688946,143397
13964,1552,2023-06-20,Deportes,Guantes,1,101727,29720
13969,1553,2023-01-17,Vestuario,Pantalon,1,49414,18539
13972,1553,2023-02-09,Electrodomesticos,Lavadora,2,265793,51934
13975,1553,2023-04-05,Hogar,Lampara,5,429454,123991
13971,1553,2023-04-10,Electrodomesticos,Horno,2,225607,42250
13974,1553,2023-06-20,Deportes,Raqueta,4,276166,71630
13973,1553,2023-07-07,Deportes,Balon,2,125113,45066
13970,1553,2024-05-26,Deportes,Casco,1,59698,18360
13976,1554,2023-12-07,Deportes,Casco,1,96259,25846
13978,1554,2024-02-07,Tecnologia,Monitor,1,133650,19754
13979,1554,2024-03-10,Tecnologia,Tablet,2,438584,76118
13977,1554,2024-12-24,Vestuario,Chaqueta,1,39037,11757
13980,1555,2023-04-29,Vestuario,Camisa,1,59103,24058
13987,1555,2023-05-14,Electrodomesticos,Secadora,5,876539,168614
13983,1555,2023-05-20,Hogar,Hervidor,1,93626,21536
13989,1555,2023-05-21,Deportes,Short,1,89699,26928
13988,1555,2023-05-22,Deportes,Short,1,66242,18649
13985,1555,2023-06-09,Vestuario,Chaqueta,2,136500,54109
13986,1555,2023-06-14,Deportes,Poleron,1,36047,9172
13982,1555,2023-06-17,Hogar,Silla,1,96350,24977
13981,1555,2023-06-23,Vestuario,Polera,1,40839,14167
13984,1555,2023-11-01,Tecnologia,Impresora,4,1064155,213184
13990,1556,2023-09-25,Electrodomesticos,Refrigerador,1,186051,34220
13992,1556,2023-10-12,Deportes,Guantes,1,52968,14440
13991,1556,2023-10-17,Electrodomesticos,Horno,1,234593,38390
13994,1556,2023-11-16,Hogar,Cortinas,2,317953,82127
13993,1556,2023-12-25,Deportes,Casco,3,161389,54142
13995,1557,2022-12-29,Deportes,Botella,2,146740,38195
14003,1557,2023-02-04,Electrodomesticos,Cocina,2,477919,88352
13998,1557,2023-02-05,Deportes,Colchoneta,1,113307,32124
13999,1557,2023-02-12,Deportes,Raqueta,1,75614,27343
14000,1557,2023-02-19,Electrodomesticos,Secadora,1,165827,33821
14004,1557,2023-02-19,Electrodomesticos,Lavadora,3,627607,104204
13997,1557,2023-03-03,Hogar,Hervidor,2,139452,46552
14001,1557,2023-04-05,Electrodomesticos,Horno,2,412531,66172
14005,1557,2023-06-13,Tecnologia,Smartphone,1,236409,44858
13996,1557,2023-09-25,Hogar,Sofa,1,125489,40985
14002,1557,2023-11-29,Vestuario,Zapatillas,1,73982,19780
14006,1558,2022-05-27,Deportes,Colchoneta,2,145599,46369
14011,1558,2022-06-09,Deportes,Guantes,1,36658,12545
14012,1558,2022-06-15,Deportes,Colchoneta,1,48173,15489
14016,1558,2022-06-20,Tecnologia,Teclado,4,695296,137218
14009,1558,2022-06-23,Deportes,Pesas,1,67229,22081
14010,1558,2022-07-17,Electrodomesticos,Aspiradora,4,614522,112037
14008,1558,2022-08-14,Tecnologia,Impresora,5,1372211,290006
14017,1558,2022-11-01,Hogar,Organizador,1,82485,19746
14007,1558,2022-11-09,Vestuario,Calcetines,1,57125,17146
14015,1558,2022-12-18,Hogar,Alfombra,1,53136,11481
14013,1558,2023-03-01,Electrodomesticos,Aspiradora,1,192548,37860
14018,1558,2023-03-30,Vestuario,Pantalon,1,87660,39152
14014,1558,2023-10-08,Hogar,Cortinas,1,52862,13552
14019,1559,2023-10-10,Vestuario,Pantalon,2,80334,29379
14022,1559,2023-10-12,Electrodomesticos,Cocina,1,132686,23566
14021,1559,2023-10-17,Deportes,Pesas,1,91765,25734
14023,1559,2023-10-31,Tecnologia,Teclado,1,186574,32862
14025,1559,2023-11-07,Vestuario,Camisa,3,109231,43931
14024,1559,2024-03-31,Hogar,Hervidor,1,104066,32276
14020,1559,2024-04-03,Vestuario,Camisa,1,49318,18804
14026,1560,2023-03-14,Electrodomesticos,Secadora,1,182940,38140
14031,1560,2023-03-27,Tecnologia,Impresora,2,553153,119973
14030,1560,2023-03-30,Vestuario,Camisa,1,73545,25372
14028,1560,2023-04-15,Electrodomesticos,Plancha,1,222764,37913
14033,1560,2023-04-16,Tecnologia,Smartphone,1,206312,40032
14034,1560,2023-04-16,Tecnologia,Impresora,1,296577,51111
14029,1560,2023-06-25,Electrodomesticos,Aspiradora,1,147035,24010
14027,1560,2023-07-27,Electrodomesticos,Horno,1,219939,39486
14032,1560,2024-05-12,Deportes,Colchoneta,1,53842,16550
14035,1561,2023-12-24,Hogar,Lampara,3,173976,45918
14041,1561,2023-12-25,Hogar,Sofa,2,249651,53136
14042,1561,2024-02-09,Electrodomesticos,Plancha,3,526280,103811
14036,1561,2024-02-11,Hogar,Hervidor,4,171158,49435
14037,1561,2024-02-11,Deportes,Casco,1,84676,29593
14038,1561,2024-02-13,Electrodomesticos,Cocina,1,165416,26853
14040,1561,2024-04-26,Electrodomesticos,Secadora,2,403341,79973
14039,1561,2024-06-16,Vestuario,Chaqueta,1,15640,5365
14043,1562,2023-03-22,Vestuario,Zapatillas,2,133386,46617
14045,1562,2023-03-23,Electrodomesticos,Licuadora,1,148099,26741
14047,1562,2023-05-28,Tecnologia,Notebook,1,214861,39904
14044,1562,2023-07-05,Vestuario,Zapatillas,2,88442,31097
14046,1562,2023-09-12,Electrodomesticos,Refrigerador,2,490361,100187
14049,1562,2023-10-11,Deportes,Guantes,1,73215,23117
14048,1562,2024-03-04,Vestuario,Pantalon,1,35098,12297
14050,1563,2023-09-20,Vestuario,Gorro,1,22405,8534
14052,1563,2023-10-19,Hogar,Lampara,2,189677,50781
14053,1563,2023-11-08,Electrodomesticos,Plancha,3,486513,83475
14056,1563,2023-12-05,Vestuario,Polera,2,98274,33071
14051,1563,2023-12-24,Vestuario,Camisa,2,32905,12790
14055,1563,2024-01-14,Tecnologia,Notebook,3,553455,115052
14054,1563,2024-04-18,Vestuario,Calcetines,2,75416,28366
14057,1564,2023-06-10,Deportes,Raqueta,1,108623,30090
14069,1564,2023-06-14,Tecnologia,Smartwatch,4,939243,178205
14062,1564,2023-06-18,Vestuario,Buzo,1,22863,9862
14058,1564,2023-06-23,Vestuario,Polera,1,66553,25716
14061,1564,2023-07-07,Tecnologia,Smartwatch,3,413656,64086
14065,1564,2023-07-08,Hogar,Mesa,2,221397,73328
14063,1564,2023-07-13,Vestuario,Zapatillas,1,16181,5652
14068,1564,2023-07-30,Deportes,Bicicleta,2,195786,58183
14064,1564,2023-08-16,Hogar,Mesa,1,104888,32668
14067,1564,2023-09-06,Deportes,Colchoneta,1,75125,20859
14060,1564,2023-09-20,Electrodomesticos,Cocina,2,475739,96317
14066,1564,2023-11-26,Vestuario,Chaqueta,2,162907,67402
14059,1564,2024-03-10,Deportes,Short,1,50811,15078
14070,1564,2024-07-20,Tecnologia,Mouse,1,108892,19435
14071,1565,2023-10-17,Vestuario,Pantalon,1,23815,8916
14072,1565,2023-10-25,Hogar,Alfombra,1,139523,38281
14073,1565,2023-11-02,Electrodomesticos,Aspiradora,3,727821,132909
14074,1565,2023-11-27,Hogar,Cortinas,4,139627,38105
14077,1565,2023-11-27,Vestuario,Calcetines,2,78896,22374
14076,1565,2023-12-16,Electrodomesticos,Secadora,2,203102,27107
14075,1565,2023-12-27,Tecnologia,Tablet,2,463986,80659
14078,1566,2022-11-09,Vestuario,Pantalon,1,36997,10952
14080,1566,2022-11-11,Vestuario,Chaqueta,4,225737,63266
14085,1566,2022-11-12,Hogar,Cafetera,2,93113,24846
14086,1566,2022-11-12,Tecnologia,Notebook,1,336137,64518
14087,1566,2022-11-17,Deportes,Raqueta,1,113565,31134
14083,1566,2022-11-21,Vestuario,Gorro,1,67578,19635
14081,1566,2022-11-24,Vestuario,Zapatillas,1,51535,18489
14084,1566,2022-11-24,Deportes,Bicicleta,2,97272,27332
14079,1566,2022-12-08,Hogar,Cortinas,1,109752,25575
14082,1566,2023-02-02,Hogar,Termo,1,71115,19210
14088,1566,2023-02-11,Vestuario,Zapatillas,3,90599,30916
14089,1566,2023-03-21,Deportes,Guantes,2,160815,47521
14090,1566,2023-07-01,Deportes,Botella,2,63160,21345
14091,1567,2023-01-01,Deportes,Pesas,3,313324,78336
14095,1567,2023-01-21,Tecnologia,Router,1,116551,20998
14094,1567,2023-02-03,Electrodomesticos,Refrigerador,1,63000,12040
14092,1567,2023-04-15,Hogar,Silla,1,60552,16191
14096,1567,2023-07-07,Tecnologia,Impresora,3,749118,131854
14097,1567,2023-07-27,Hogar,Lampara,3,106834,29465
14098,1567,2023-12-12,Tecnologia,Smartwatch,2,590747,127511
14093,1567,2024-03-25,Hogar,Silla,2,77547,20256
14099,1568,2023-01-09,Vestuario,Buzo,4,166746,61438
14108,1568,2023-01-29,Vestuario,Buzo,7,140814,46688
14104,1568,2023-02-22,Tecnologia,Audifonos,1,250200,44337
14105,1568,2023-03-06,Electrodomesticos,Refrigerador,1,217855,35450
14101,1568,2023-04-07,Tecnologia,Router,1,127570,28718
14102,1568,2023-05-25,Deportes,Short,2,222605,82996
14100,1568,2023-06-21,Hogar,Alfombra,1,104158,28833
14111,1568,2023-09-02,Deportes,Balon,1,53558,18092
14106,1568,2023-09-10,Tecnologia,Tablet,1,256257,49629
14109,1568,2023-09-14,Hogar,Hervidor,1,38261,13875
14107,1568,2023-10-10,Hogar,Hervidor,1,70473,23861
14103,1568,2023-11-22,Hogar,Alfombra,1,89882,24159
14110,1568,2024-01-27,Vestuario,Buzo,3,171995,67356
14112,1569,2024-04-06,Hogar,Termo,4,153943,48455
14114,1569,2024-04-20,Vestuario,Jeans,3,87692,30271
14121,1569,2024-05-08,Vestuario,Jeans,5,156104,51716
14115,1569,2024-05-10,Vestuario,Zapatillas,1,33847,10691
14120,1569,2024-05-15,Tecnologia,Tablet,1,153882,31861
14124,1569,2024-05-17,Deportes,Raqueta,2,143297,42845
14123,1569,2024-05-25,Tecnologia,Mouse,1,176455,38261
14122,1569,2024-06-13,Deportes,Guantes,3,84008,29132
14117,1569,2024-07-01,Electrodomesticos,Plancha,2,339148,57540
14113,1569,2024-07-20,Deportes,Bicicleta,1,54495,14764
14119,1569,2024-12-24,Vestuario,Zapatillas,1,53846,14538
14116,1569,2024-12-27,Tecnologia,Mouse,2,543896,111709
14118,1569,2024-12-29,Vestuario,Buzo,1,30413,9878
14125,1570,2023-02-01,Hogar,Cortinas,1,50771,17502
14127,1570,2023-02-26,Deportes,Short,2,49000,15519
14129,1570,2023-03-02,Tecnologia,Mouse,1,301437,60769
14128,1570,2023-03-28,Hogar,Silla,1,142237,42277
14130,1570,2023-05-07,Electrodomesticos,Cocina,3,189000,34755
14132,1570,2023-06-08,Hogar,Cafetera,1,85218,24755
14131,1570,2023-06-10,Hogar,Sofa,1,93759,25417
14126,1570,2023-07-01,Vestuario,Camisa,2,114527,34697
14133,1571,2023-12-26,Vestuario,Zapatillas,2,73457,22418
14140,1571,2023-12-27,Deportes,Balon,2,211619,60809
14136,1571,2024-01-06,Deportes,Poleron,1,72854,23012
14142,1571,2024-03-16,Electrodomesticos,Cocina,1,63000,11636
14141,1571,2024-03-22,Vestuario,Calcetines,1,64780,24301
14134,1571,2024-04-13,Hogar,Termo,2,66690,17250
14139,1571,2024-11-13,Deportes,Casco,3,143783,40355
14135,1571,2024-11-30,Vestuario,Pantalon,4,152950,54012
14137,1571,2024-12-26,Deportes,Pesas,1,24620,5618
14138,1571,2024-12-28,Electrodomesticos,Cocina,5,474342,72864
14143,1572,2023-10-21,Vestuario,Buzo,3,98097,34216
14148,1572,2023-11-18,Electrodomesticos,Refrigerador,1,266940,47979
14144,1572,2023-12-07,Electrodomesticos,Purificador,1,200361,34610
14147,1572,2024-01-07,Hogar,Hervidor,3,277618,72634
14145,1572,2024-02-25,Deportes,Poleron,1,56812,16496
14146,1572,2024-04-07,Vestuario,Calcetines,2,62470,22738
14149,1573,2023-03-01,Vestuario,Jeans,4,127055,42199
14152,1573,2023-03-16,Hogar,Hervidor,1,80461,21314
14154,1573,2023-03-31,Vestuario,Chaqueta,1,72627,23696
14155,1573,2023-05-10,Vestuario,Jeans,1,27485,9087
14153,1573,2023-05-12,Vestuario,Polera,1,36555,10423
14150,1573,2023-05-16,Electrodomesticos,Secadora,1,162458,26829
14156,1573,2023-05-27,Hogar,Organizador,4,244444,90930
14158,1573,2023-05-29,Deportes,Raqueta,2,184466,68178
14157,1573,2023-06-25,Tecnologia,Audifonos,1,269940,62036
14151,1573,2023-08-16,Electrodomesticos,Cocina,2,558672,104529
14159,1574,2023-04-02,Hogar,Hervidor,1,110062,31624
14164,1574,2023-04-04,Hogar,Mesa,1,44686,14904
14162,1574,2023-04-08,Vestuario,Gorro,1,34334,10266
14169,1574,2023-05-17,Hogar,Lampara,2,271083,87819
14171,1574,2023-05-27,Hogar,Lampara,1,121385,29104
14168,1574,2023-06-10,Vestuario,Pantalon,1,14759,5874
14170,1574,2023-07-22,Electrodomesticos,Licuadora,5,801310,112822
14161,1574,2023-07-24,Hogar,Mesa,5,459815,108468
14165,1574,2023-11-09,Vestuario,Pantalon,1,31577,9802
14163,1574,2023-11-22,Vestuario,Buzo,1,65864,22634
14167,1574,2024-01-26,Vestuario,Zapatillas,1,45204,17748
14160,1574,2024-03-20,Tecnologia,Audifonos,4,1448125,286067
14166,1574,2024-06-07,Hogar,Alfombra,1,82991,21110
14172,1575,2023-01-30,Tecnologia,Monitor,3,1122461,211494
14176,1575,2023-02-11,Electrodomesticos,Cocina,1,242617,32269
14173,1575,2023-04-11,Electrodomesticos,Horno,2,315700,64591
14175,1575,2023-06-22,Tecnologia,Monitor,3,356006,73484
14174,1575,2023-08-13,Deportes,Balon,2,110447,24196
14177,1576,2024-12-09,Vestuario,Zapatillas,1,48174,13110
14181,1576,2024-12-21,Electrodomesticos,Refrigerador,2,338496,51445
14180,1576,2024-12-30,Deportes,Colchoneta,1,73021,16495
14178,1576,2024-12-31,Vestuario,Calcetines,1,46276,15825
14179,1576,2024-12-31,Tecnologia,Mouse,3,519571,88093
14182,1577,2023-04-11,Tecnologia,Mouse,1,85337,17204
14183,1577,2023-04-11,Deportes,Poleron,3,220948,63901
14188,1577,2023-05-06,Tecnologia,Smartphone,1,248655,46641
14189,1577,2023-05-28,Electrodomesticos,Horno,1,178843,26927
14190,1577,2023-06-06,Electrodomesticos,Horno,2,201431,40202
14186,1577,2023-06-07,Electrodomesticos,Refrigerador,1,195125,38295
14185,1577,2023-06-19,Electrodomesticos,Refrigerador,2,328123,55464
14192,1577,2023-06-29,Vestuario,Zapatillas,1,26128,9334
14184,1577,2023-11-22,Electrodomesticos,Plancha,1,313894,49280
14191,1577,2023-12-23,Vestuario,Gorro,1,29655,8848
14187,1577,2024-11-21,Deportes,Bicicleta,3,201291,69754
14193,1578,2023-03-23,Vestuario,Zapatillas,3,165570,52444
14197,1578,2023-04-23,Deportes,Short,3,181953,55643
14199,1578,2023-06-02,Tecnologia,Notebook,3,475710,87279
14196,1578,2023-06-07,Tecnologia,Router,1,223471,41066
14194,1578,2023-07-22,Electrodomesticos,Microondas,1,104875,18269
14195,1578,2023-11-22,Hogar,Cortinas,1,74215,18206
14198,1578,2023-12-06,Deportes,Balon,3,241253,74710
14200,1579,2022-01-20,Electrodomesticos,Plancha,1,212041,32353
14201,1579,2022-05-19,Deportes,Short,1,74261,17424
14202,1580,2023-06-16,Vestuario,Chaqueta,3,156787,70079
14203,1580,2023-06-17,Deportes,Raqueta,1,34372,8484
14210,1580,2023-07-01,Tecnologia,Smartphone,1,205931,33382
14212,1580,2023-07-05,Tecnologia,Smartwatch,1,161766,36560
14207,1580,2023-07-23,Vestuario,Camisa,2,93446,33334
14205,1580,2023-08-13,Electrodomesticos,Refrigerador,4,1196726,235520
14211,1580,2023-09-17,Hogar,Hervidor,1,123895,36522
14213,1580,2023-10-09,Deportes,Casco,1,62301,17522
14206,1580,2023-10-13,Vestuario,Vestido,4,153207,58314
14204,1580,2023-10-30,Electrodomesticos,Refrigerador,2,444000,73142
14214,1580,2023-12-29,Electrodomesticos,Refrigerador,3,345963,61854
14208,1580,2024-07-12,Deportes,Short,2,170101,53529
14209,1580,2024-12-22,Vestuario,Chaqueta,1,56094,21097
14215,1581,2023-10-20,Vestuario,Buzo,1,38403,16182
14218,1581,2023-12-31,Vestuario,Polera,3,59603,19139
14216,1581,2024-01-08,Electrodomesticos,Lavadora,1,211270,36793
14217,1581,2024-01-31,Deportes,Botella,1,24500,5787
14219,1582,2022-08-18,Electrodomesticos,Microondas,1,209849,35509
14228,1582,2022-08-24,Hogar,Hervidor,3,280343,87965
14224,1582,2022-09-03,Electrodomesticos,Lavadora,1,235069,40748
14223,1582,2022-11-13,Electrodomesticos,Secadora,1,186887,29601
14225,1582,2022-12-01,Vestuario,Pantalon,1,31925,12724
14220,1582,2022-12-02,Electrodomesticos,Lavadora,1,103935,18088
14222,1582,2023-04-01,Deportes,Pesas,1,72798,24736
14227,1582,2023-04-10,Vestuario,Gorro,1,22129,9089
14221,1582,2023-05-21,Vestuario,Pantalon,1,50752,19697
14226,1582,2024-05-07,Vestuario,Zapatillas,2,45506,16970
14229,1583,2022-12-23,Deportes,Raqueta,2,174031,44174
14230,1583,2023-01-26,Hogar,Termo,1,102737,28618
14232,1583,2023-02-15,Electrodomesticos,Aspiradora,1,161945,31966
14231,1583,2023-07-03,Electrodomesticos,Licuadora,3,601902,104211
14233,1584,2023-09-29,Tecnologia,Router,1,122311,26871
14237,1584,2023-11-12,Hogar,Cortinas,1,103064,27499
14235,1584,2023-12-02,Hogar,Termo,1,62862,14193
14236,1584,2024-01-15,Vestuario,Vestido,1,71404,26830
14238,1584,2024-06-16,Deportes,Short,1,79357,26462
14234,1584,2024-08-09,Tecnologia,Tablet,1,338242,54533
14239,1585,2023-11-05,Deportes,Bicicleta,2,169898,46736
14242,1585,2024-01-06,Electrodomesticos,Cocina,1,206710,35342
14240,1585,2024-01-07,Electrodomesticos,Lavadora,1,304921,45391
14244,1585,2024-01-23,Vestuario,Gorro,1,51048,15214
14243,1585,2024-02-27,Vestuario,Chaqueta,1,23149,7518
14241,1585,2024-03-29,Electrodomesticos,Microondas,1,171600,30566
14245,1586,2022-08-04,Hogar,Termo,1,59632,15460
14246,1586,2022-08-19,Tecnologia,Smartwatch,3,562847,108465
14249,1586,2022-12-09,Tecnologia,Router,1,127282,23614
14248,1586,2023-02-22,Deportes,Colchoneta,4,144151,54538
14250,1586,2023-03-31,Deportes,Casco,1,106562,33374
14247,1586,2024-01-01,Hogar,Alfombra,2,141103,34929
14251,1587,2024-09-26,Electrodomesticos,Horno,1,77904,12909
14254,1587,2024-10-01,Deportes,Botella,3,176618,57011
14260,1587,2024-10-21,Hogar,Organizador,1,88494,20482
14258,1587,2024-11-16,Vestuario,Gorro,1,31941,10055
14255,1587,2024-12-15,Hogar,Mesa,2,171273,45025
14257,1587,2024-12-22,Hogar,Cortinas,1,126357,28887
14259,1587,2024-12-23,Electrodomesticos,Lavadora,1,340519,57364
14256,1587,2024-12-25,Deportes,Pesas,1,72880,17851
14252,1587,2024-12-28,Deportes,Poleron,4,375565,107363
14253,1587,2024-12-28,Electrodomesticos,Licuadora,3,880609,156723
14261,1588,2023-09-01,Deportes,Poleron,3,179961,52531
14265,1588,2023-09-07,Tecnologia,Smartwatch,1,107228,17167
14272,1588,2023-09-08,Deportes,Guantes,4,342413,119843
14264,1588,2023-09-30,Deportes,Short,1,75502,22039
14263,1588,2023-10-07,Vestuario,Zapatillas,1,58793,19932
14262,1588,2023-10-19,Deportes,Botella,1,39032,11217
14270,1588,2023-11-01,Tecnologia,Smartphone,1,145881,25265
14268,1588,2023-11-25,Vestuario,Gorro,3,150305,52358
14271,1588,2023-12-02,Electrodomesticos,Lavadora,3,435992,67968
14267,1588,2023-12-21,Vestuario,Gorro,1,34702,12092
14266,1588,2024-03-24,Vestuario,Chaqueta,2,83234,31445
14269,1588,2024-04-08,Tecnologia,Audifonos,2,597359,93138
14273,1589,2024-12-18,Deportes,Short,1,82197,25043
14279,1589,2024-12-19,Tecnologia,Audifonos,1,286187,49188
14278,1589,2024-12-24,Hogar,Mesa,3,324994,85003
14274,1589,2024-12-28,Deportes,Casco,1,98164,25496
14276,1589,2024-12-28,Vestuario,Pantalon,1,25908,8434
14275,1589,2024-12-30,Hogar,Silla,1,133625,43058
14277,1589,2024-12-31,Electrodomesticos,Purificador,2,205426,36416
14280,1590,2022-08-31,Electrodomesticos,Cocina,2,151152,24023
14290,1590,2022-09-13,Electrodomesticos,Purificador,2,651779,102685
14283,1590,2022-09-16,Electrodomesticos,Cocina,1,156496,27411
14281,1590,2022-09-20,Deportes,Poleron,3,196060,67302
14289,1590,2022-10-15,Tecnologia,Notebook,1,298468,53777
14285,1590,2022-10-22,Electrodomesticos,Horno,4,820937,117293
14288,1590,2022-10-25,Tecnologia,Audifonos,1,168032,32570
14282,1590,2022-11-16,Deportes,Poleron,1,24500,6598
14286,1590,2022-12-27,Deportes,Poleron,1,118806,36478
14287,1590,2023-01-21,Tecnologia,Smartphone,1,306345,49839
14284,1590,2023-04-30,Electrodomesticos,Refrigerador,1,220654,37224
14291,1590,2023-06-17,Deportes,Short,1,68498,16533
14292,1591,2023-03-19,Electrodomesticos,Plancha,2,360200,69130
14294,1591,2023-04-01,Vestuario,Vestido,3,104847,34908
14295,1591,2023-06-01,Electrodomesticos,Aspiradora,2,284459,50743
14293,1591,2023-06-11,Hogar,Cafetera,1,48114,12141
14296,1592,2024-09-20,Hogar,Silla,1,61454,16581
14297,1592,2024-10-04,Tecnologia,Tablet,2,639872,113520
14300,1592,2024-10-08,Vestuario,Buzo,1,22924,6316
14301,1592,2024-10-21,Hogar,Hervidor,1,46341,13317
14299,1592,2024-10-29,Electrodomesticos,Horno,2,373463,62709
14298,1592,2024-11-14,Vestuario,Zapatillas,2,146064,43730
14302,1592,2024-12-28,Hogar,Cortinas,2,292657,85471
14303,1593,2023-03-01,Electrodomesticos,Plancha,1,308430,46361
14307,1593,2023-03-11,Vestuario,Polera,2,107657,36665
14305,1593,2023-05-09,Tecnologia,Audifonos,1,217790,39473
14306,1593,2023-08-12,Vestuario,Calcetines,2,145751,51707
14304,1593,2023-10-08,Tecnologia,Router,1,312634,69887
14308,1593,2024-01-10,Tecnologia,Impresora,1,198575,36432
14309,1594,2023-11-23,Vestuario,Gorro,3,183991,52924
14320,1594,2023-12-11,Electrodomesticos,Refrigerador,1,211408,32959
14323,1594,2023-12-20,Electrodomesticos,Aspiradora,2,551706,104608
14311,1594,2023-12-31,Tecnologia,Smartwatch,2,388922,78677
14322,1594,2024-01-01,Hogar,Organizador,3,247861,70236
14316,1594,2024-01-02,Tecnologia,Tablet,1,113330,21257
14312,1594,2024-01-10,Electrodomesticos,Lavadora,1,98032,18099
14315,1594,2024-02-04,Electrodomesticos,Licuadora,1,179859,31222
14324,1594,2024-02-18,Electrodomesticos,Purificador,2,149137,24113
14310,1594,2024-02-25,Hogar,Hervidor,1,108851,26189
14321,1594,2024-03-15,Vestuario,Chaqueta,2,87099,27148
14314,1594,2024-03-21,Vestuario,Zapatillas,1,35432,14810
14313,1594,2024-04-11,Tecnologia,Notebook,4,968451,198951
14318,1594,2024-05-18,Hogar,Termo,1,31500,8270
14319,1594,2024-05-19,Vestuario,Jeans,1,35758,12748
14317,1594,2024-10-22,Tecnologia,Smartwatch,2,366544,76296
14325,1595,2022-09-29,Deportes,Pesas,1,67507,18197
14329,1595,2022-10-20,Deportes,Raqueta,2,126263,38818
14326,1595,2022-11-09,Deportes,Bicicleta,2,169317,49925
14327,1595,2023-01-14,Vestuario,Camisa,2,88196,29894
14331,1595,2023-01-22,Tecnologia,Tablet,2,515237,112721
14330,1595,2023-04-04,Electrodomesticos,Cocina,1,263206,45717
14328,1595,2023-05-25,Hogar,Lampara,1,96525,25343
14332,1596,2022-04-30,Hogar,Mesa,1,97711,28645
14341,1596,2022-05-07,Deportes,Pesas,1,45961,12672
14342,1596,2022-05-10,Deportes,Colchoneta,2,128439,32992
14336,1596,2022-05-16,Vestuario,Polera,2,71349,25434
14340,1596,2022-05-19,Electrodomesticos,Secadora,1,141687,23463
14337,1596,2022-06-13,Tecnologia,Teclado,3,643794,132705
14334,1596,2022-07-12,Tecnologia,Mouse,1,125042,19339
14338,1596,2022-08-10,Deportes,Balon,2,74583,24613
14335,1596,2022-10-20,Electrodomesticos,Purificador,2,481511,96411
14333,1596,2022-12-28,Tecnologia,Smartphone,1,297047,65853
14339,1596,2023-02-18,Deportes,Guantes,2,164578,49241
14343,1597,2024-04-06,Tecnologia,Monitor,3,819668,186102
14347,1597,2024-04-19,Electrodomesticos,Cocina,2,532282,92621
14345,1597,2024-04-22,Tecnologia,Tablet,1,270656,67348
14344,1597,2024-05-17,Deportes,Casco,1,24500,6806
14346,1597,2024-05-31,Electrodomesticos,Aspiradora,5,730465,107796
14348,1597,2024-10-21,Hogar,Silla,2,257045,62865
14349,1598,2023-08-31,Hogar,Cafetera,1,112230,33200
14355,1598,2023-09-12,Hogar,Hervidor,1,79499,22912
14352,1598,2023-09-27,Vestuario,Buzo,1,67041,25120
14357,1598,2023-11-04,Hogar,Hervidor,1,75519,21026
14353,1598,2023-11-18,Electrodomesticos,Purificador,2,401561,60854
14356,1598,2023-11-18,Electrodomesticos,Licuadora,1,201635,32099
14354,1598,2024-02-06,Tecnologia,Router,1,262889,47774
14350,1598,2024-11-05,Hogar,Termo,4,490951,120812
14351,1598,2024-12-31,Deportes,Pesas,1,75598,23981
14358,1599,2022-05-08,Vestuario,Gorro,2,70976,26686
14367,1599,2022-05-08,Deportes,Colchoneta,4,333870,105597
14370,1599,2022-05-25,Vestuario,Pantalon,1,40438,13609
14363,1599,2022-06-04,Electrodomesticos,Secadora,1,225944,39056
14368,1599,2022-06-08,Hogar,Cafetera,1,97087,24708
14362,1599,2022-06-19,Hogar,Mesa,1,161054,50951
14365,1599,2022-06-26,Hogar,Cafetera,1,46528,11346
14360,1599,2022-06-30,Deportes,Bicicleta,4,262300,96243
14361,1599,2022-08-01,Vestuario,Jeans,1,48083,15730
14366,1599,2022-09-01,Vestuario,Chaqueta,4,147936,54669
14364,1599,2022-09-09,Tecnologia,Audifonos,1,83291,17449
14369,1599,2022-09-15,Tecnologia,Audifonos,3,676775,170418
14359,1599,2022-11-28,Deportes,Guantes,2,129769,35114
14371,1600,2023-11-09,Vestuario,Chaqueta,2,108667,43225
14377,1600,2023-11-22,Deportes,Balon,2,84436,20960
14374,1600,2023-11-28,Tecnologia,Teclado,2,528872,86588
14376,1600,2023-12-08,Vestuario,Gorro,1,25995,9279
14372,1600,2023-12-23,Tecnologia,Mouse,1,166079,28830
14373,1600,2024-02-25,Electrodomesticos,Plancha,5,1334168,293922
14375,1600,2024-07-08,Vestuario,Calcetines,1,35931,13261
14378,1601,2024-02-16,Deportes,Short,1,77468,19968
14379,1601,2024-03-01,Hogar,Cafetera,3,269589,80350
14390,1601,2024-03-10,Deportes,Colchoneta,1,67202,18143
14389,1601,2024-03-12,Vestuario,Jeans,1,43377,12751
14386,1601,2024-03-28,Deportes,Guantes,2,114205,40249
14385,1601,2024-04-05,Electrodomesticos,Aspiradora,1,231631,46136
14382,1601,2024-04-13,Tecnologia,Smartphone,4,695170,129416
14388,1601,2024-04-16,Electrodomesticos,Refrigerador,2,458665,79233
14384,1601,2024-05-02,Tecnologia,Monitor,4,308000,64290
14387,1601,2024-05-04,Deportes,Pesas,3,298629,87911
14380,1601,2024-06-30,Electrodomesticos,Plancha,4,430698,76173
14383,1601,2024-08-09,Hogar,Sofa,2,162315,40799
14381,1601,2024-10-06,Tecnologia,Router,1,281760,66910
14391,1602,2023-10-06,Vestuario,Gorro,1,52006,17683
14397,1602,2023-10-29,Electrodomesticos,Lavadora,3,565210,112435
14393,1602,2023-11-08,Hogar,Cortinas,1,86425,23924
14392,1602,2023-11-21,Deportes,Guantes,1,73471,23722
14394,1602,2024-01-04,Electrodomesticos,Lavadora,3,404576,64901
14395,1602,2024-01-08,Vestuario,Gorro,2,85998,25019
14396,1602,2024-01-14,Vestuario,Pantalon,1,26694,8000
14398,1602,2024-02-08,Vestuario,Buzo,1,58706,20072
14399,1603,2022-05-20,Deportes,Guantes,2,134474,37225
14406,1603,2022-06-16,Electrodomesticos,Cocina,1,218584,39219
14404,1603,2022-07-15,Electrodomesticos,Plancha,1,83248,13412
14403,1603,2022-07-26,Hogar,Organizador,3,337184,91966
14405,1603,2022-07-26,Tecnologia,Tablet,1,159586,41025
14400,1603,2022-09-03,Deportes,Pesas,2,129689,41882
14401,1603,2022-12-22,Deportes,Bicicleta,2,160769,45333
14402,1603,2023-02-18,Deportes,Balon,1,72984,18359
14407,1604,2022-12-13,Vestuario,Polera,1,55007,20192
14410,1604,2023-01-31,Hogar,Termo,1,66310,19155
14408,1604,2023-02-27,Vestuario,Calcetines,1,63085,24842
14409,1604,2023-04-26,Vestuario,Gorro,1,40292,15793
14411,1605,2024-12-22,Electrodomesticos,Microondas,1,202746,24577
14421,1605,2024-12-22,Deportes,Bicicleta,3,127458,34924
14412,1605,2024-12-23,Deportes,Botella,1,87165,23852
14415,1605,2024-12-26,Deportes,Raqueta,4,226073,66259
14417,1605,2024-12-26,Tecnologia,Impresora,2,479766,88684
14423,1605,2024-12-26,Vestuario,Gorro,1,29484,8369
14419,1605,2024-12-27,Hogar,Termo,2,172685,51658
14422,1605,2024-12-27,Tecnologia,Smartphone,2,398076,73858
14424,1605,2024-12-27,Electrodomesticos,Plancha,2,145683,20216
14413,1605,2024-12-30,Hogar,Silla,1,100056,21169
14414,1605,2024-12-30,Tecnologia,Audifonos,1,248920,39835
14418,1605,2024-12-30,Deportes,Poleron,1,64011,17090
14420,1605,2024-12-30,Hogar,Lampara,1,37452,9684
14416,1605,2024-12-31,Tecnologia,Impresora,1,234871,37185
14425,1605,2024-12-31,Deportes,Short,4,117006,32969
14426,1606,2024-06-17,Deportes,Poleron,1,28121,8025
14432,1606,2024-06-26,Tecnologia,Router,1,161211,29346
14429,1606,2024-07-07,Electrodomesticos,Aspiradora,2,469814,96479
14431,1606,2024-07-21,Vestuario,Polera,1,30651,10549
14428,1606,2024-09-20,Vestuario,Polera,1,31859,10573
14427,1606,2024-10-04,Electrodomesticos,Microondas,4,981140,222558
14433,1606,2024-12-23,Hogar,Mesa,1,108332,31102
14430,1606,2024-12-27,Tecnologia,Impresora,1,272262,54530
14434,1607,2023-12-25,Vestuario,Vestido,1,51673,15859
14437,1607,2024-01-10,Hogar,Organizador,5,443140,109765
14435,1607,2024-03-08,Electrodomesticos,Refrigerador,2,376313,67994
14440,1607,2024-03-25,Deportes,Colchoneta,2,126516,33841
14442,1607,2024-04-03,Vestuario,Chaqueta,1,38263,13178
14441,1607,2024-04-08,Deportes,Raqueta,3,292074,91574
14443,1607,2024-04-09,Hogar,Mesa,1,45752,14891
14438,1607,2024-05-04,Vestuario,Vestido,1,46359,14939
14436,1607,2024-09-01,Hogar,Cafetera,2,230900,77491
14439,1607,2024-12-30,Deportes,Guantes,3,227579,51071
14444,1608,2023-10-15,Vestuario,Chaqueta,5,151514,51172
14451,1608,2023-10-21,Tecnologia,Audifonos,2,256280,61936
14450,1608,2023-10-24,Tecnologia,Tablet,1,208787,49138
14448,1608,2023-10-26,Hogar,Lampara,2,276031,73564
14455,1608,2023-10-31,Hogar,Silla,4,292737,85728
14456,1608,2023-11-08,Electrodomesticos,Licuadora,2,450535,62308
14447,1608,2023-11-11,Tecnologia,Audifonos,1,194668,42386
14449,1608,2023-11-13,Hogar,Mesa,1,53027,11498
14446,1608,2023-12-19,Tecnologia,Router,2,569035,100940
14445,1608,2024-03-26,Electrodomesticos,Refrigerador,2,404221,74984
14453,1608,2024-05-02,Hogar,Mesa,5,283584,86122
14454,1608,2024-07-28,Tecnologia,Smartphone,2,559457,101080
14452,1608,2024-08-30,Hogar,Sofa,1,134499,46040
14457,1609,2023-10-05,Deportes,Casco,1,57355,17691
14458,1609,2023-10-17,Tecnologia,Monitor,5,1164993,202716
14459,1609,2023-10-26,Hogar,Hervidor,3,384442,115015
14462,1609,2023-11-12,Deportes,Casco,2,100561,32151
14467,1609,2024-01-01,Hogar,Cafetera,1,100000,28423
14461,1609,2024-01-17,Tecnologia,Teclado,1,238760,47714
14468,1609,2024-01-29,Vestuario,Vestido,1,35729,10552
14460,1609,2024-02-04,Electrodomesticos,Purificador,5,756946,136837
14466,1609,2024-02-20,Vestuario,Vestido,3,28409,10225
14465,1609,2024-02-27,Deportes,Poleron,1,39883,10219
14464,1609,2024-03-15,Electrodomesticos,Cocina,2,443133,87187
14463,1609,2024-04-19,Vestuario,Vestido,1,23830,6407
14469,1610,2023-08-19,Deportes,Colchoneta,2,152245,31971
14472,1610,2023-08-27,Deportes,Guantes,3,195685,54738
14473,1610,2023-09-30,Deportes,Colchoneta,1,85392,30949
14470,1610,2023-11-22,Electrodomesticos,Microondas,3,615190,98696
14471,1610,2024-01-29,Electrodomesticos,Cocina,1,155241,30356
14474,1611,2023-05-06,Electrodomesticos,Licuadora,1,297726,40410
14480,1611,2023-05-14,Tecnologia,Notebook,3,861308,157721
14476,1611,2023-05-18,Deportes,Botella,1,68818,22008
14479,1611,2023-05-26,Tecnologia,Router,2,420579,89504
14478,1611,2023-06-19,Vestuario,Pantalon,3,91875,34052
14475,1611,2023-06-20,Hogar,Alfombra,2,276228,85223
14477,1611,2024-01-10,Vestuario,Camisa,1,29322,12110
14481,1612,2023-07-23,Deportes,Pesas,1,32368,10077
14486,1612,2023-08-13,Tecnologia,Smartwatch,2,487486,113467
14484,1612,2023-08-19,Deportes,Guantes,1,28817,7212
14485,1612,2023-09-14,Vestuario,Camisa,2,21155,6989
14487,1612,2023-11-23,Deportes,Bicicleta,1,82896,21907
14482,1612,2023-12-19,Electrodomesticos,Refrigerador,3,654029,88441
14488,1612,2024-01-16,Electrodomesticos,Purificador,3,368436,60429
14483,1612,2024-03-16,Hogar,Silla,2,313611,94643
14489,1613,2024-12-20,Hogar,Mesa,3,337265,99624
14490,1613,2024-12-23,Hogar,Silla,2,146832,44384
14493,1613,2024-12-26,Tecnologia,Mouse,3,645421,136992
14491,1613,2024-12-27,Electrodomesticos,Cocina,1,248748,34924
14492,1613,2024-12-31,Vestuario,Camisa,2,54427,16933
14494,1613,2024-12-31,Deportes,Bicicleta,2,107047,33746
14495,1614,2022-06-25,Electrodomesticos,Plancha,1,148170,34055
14500,1614,2022-07-11,Deportes,Short,1,64896,22701
14496,1614,2022-07-12,Tecnologia,Smartphone,2,832083,174495
14502,1614,2022-08-03,Deportes,Balon,2,114116,28911
14498,1614,2022-08-25,Vestuario,Pantalon,1,11571,5382
14499,1614,2022-09-02,Hogar,Hervidor,1,69488,21859
14504,1614,2022-09-16,Vestuario,Polera,1,47609,12278
14505,1614,2022-10-15,Hogar,Hervidor,1,50621,12762
14497,1614,2022-10-16,Vestuario,Polera,2,113386,32093
14503,1614,2022-10-16,Vestuario,Calcetines,2,70508,24485
14501,1614,2023-06-24,Hogar,Hervidor,4,583782,148329
14506,1615,2022-01-17,Tecnologia,Teclado,1,273261,49469
14509,1615,2022-02-12,Deportes,Colchoneta,4,155380,45941
14512,1615,2022-02-25,Tecnologia,Impresora,1,137793,27487
14514,1615,2022-03-02,Tecnologia,Teclado,2,462828,94987
14511,1615,2022-03-13,Hogar,Mesa,1,79627,20980
14513,1615,2022-04-07,Electrodomesticos,Cocina,2,126000,22479
14508,1615,2022-04-14,Electrodomesticos,Plancha,1,172290,31648
14510,1615,2022-08-31,Hogar,Lampara,1,65920,19048
14507,1615,2022-12-20,Hogar,Mesa,1,110189,27575
14515,1615,2023-01-12,Deportes,Balon,3,320228,106455
14516,1616,2023-08-19,Tecnologia,Audifonos,2,511709,117904
14520,1616,2023-09-12,Vestuario,Chaqueta,2,94099,36931
14517,1616,2023-10-14,Electrodomesticos,Horno,2,353046,71730
14522,1616,2023-11-22,Tecnologia,Smartphone,3,720036,106365
14519,1616,2023-11-29,Hogar,Cafetera,5,348255,91445
14521,1616,2023-12-09,Hogar,Alfombra,3,390969,98808
14518,1616,2024-06-09,Electrodomesticos,Cocina,2,652170,93234
14523,1617,2023-12-15,Deportes,Short,1,80479,26083
14525,1617,2024-01-06,Vestuario,Vestido,1,82682,33043
14527,1617,2024-01-21,Vestuario,Polera,2,79667,23297
14524,1617,2024-01-30,Deportes,Bicicleta,1,50431,13875
14526,1617,2024-03-15,Tecnologia,Monitor,3,635222,119953
14528,1618,2024-09-14,Tecnologia,Teclado,1,168157,26464
14529,1618,2024-09-14,Tecnologia,Router,1,208935,42048
14530,1618,2024-09-27,Deportes,Guantes,2,98448,36374
14532,1618,2024-11-03,Deportes,Poleron,3,168901,41975
14533,1618,2024-12-08,Vestuario,Calcetines,1,47480,16398
14536,1618,2024-12-11,Electrodomesticos,Plancha,4,573393,102058
14531,1618,2024-12-23,Deportes,Botella,1,120412,28719
14537,1618,2024-12-23,Vestuario,Camisa,3,162730,53882
14534,1618,2024-12-24,Electrodomesticos,Plancha,1,162735,25995
14535,1618,2024-12-26,Hogar,Hervidor,1,102235,25837
14538,1619,2024-03-23,Electrodomesticos,Cocina,1,187432,33197
14550,1619,2024-03-24,Deportes,Raqueta,2,124106,38703
14542,1619,2024-04-04,Vestuario,Chaqueta,2,51003,19030
14549,1619,2024-04-04,Vestuario,Calcetines,5,255769,98530
14543,1619,2024-04-10,Tecnologia,Monitor,1,250590,43598
14540,1619,2024-04-13,Electrodomesticos,Plancha,2,470789,86354
14548,1619,2024-05-11,Tecnologia,Notebook,1,266779,57530
14547,1619,2024-05-18,Vestuario,Polera,2,53198,15500
14546,1619,2024-05-31,Electrodomesticos,Aspiradora,4,1073379,188519
14539,1619,2024-09-01,Vestuario,Calcetines,1,50572,19636
14545,1619,2024-11-19,Hogar,Organizador,1,62868,18532
14541,1619,2024-12-26,Hogar,Alfombra,2,180888,53953
14544,1619,2024-12-26,Deportes,Raqueta,1,90493,29009
14551,1620,2023-05-20,Vestuario,Calcetines,1,62779,19571
14556,1620,2023-05-28,Tecnologia,Monitor,4,728189,155906
14558,1620,2023-06-24,Deportes,Short,1,67124,24723
14553,1620,2023-07-12,Electrodomesticos,Aspiradora,1,152567,28589
14557,1620,2023-07-27,Hogar,Hervidor,1,90749,23727
14552,1620,2023-08-03,Vestuario,Jeans,3,171300,56191
14554,1620,2023-08-20,Hogar,Lampara,1,110511,31591
14555,1620,2024-02-10,Vestuario,Calcetines,1,45808,16100
14559,1621,2023-05-08,Vestuario,Jeans,1,52392,16574
14564,1621,2023-05-20,Hogar,Lampara,2,193715,48229
14561,1621,2023-05-26,Tecnologia,Audifonos,1,393604,78415
14566,1621,2023-06-06,Electrodomesticos,Cocina,1,300602,65313
14562,1621,2023-06-30,Deportes,Bicicleta,2,106922,40960
14560,1621,2023-07-18,Deportes,Guantes,1,33030,10368
14567,1621,2023-09-13,Vestuario,Vestido,1,48608,18162
14565,1621,2023-09-16,Hogar,Termo,1,92274,22809
14563,1621,2023-09-24,Vestuario,Pantalon,1,22739,7508
14568,1622,2023-06-21,Electrodomesticos,Lavadora,1,173698,34534
14574,1622,2023-08-07,Electrodomesticos,Cocina,3,515716,92270
14577,1622,2023-08-11,Hogar,Hervidor,2,200105,64944
14572,1622,2023-08-16,Electrodomesticos,Purificador,1,220342,41305
14569,1622,2023-10-08,Deportes,Balon,1,51247,13261
14570,1622,2023-10-12,Tecnologia,Notebook,1,293447,64059
14575,1622,2024-01-23,Electrodomesticos,Horno,6,663033,114678
14571,1622,2024-03-13,Deportes,Bicicleta,2,151732,49775
14573,1622,2024-04-14,Electrodomesticos,Plancha,1,213564,36815
14576,1622,2024-06-20,Deportes,Raqueta,1,74604,21544
14578,1623,2023-09-05,Electrodomesticos,Refrigerador,4,632996,108504
14580,1623,2023-09-19,Electrodomesticos,Refrigerador,1,284311,42618
14581,1623,2023-09-23,Electrodomesticos,Cocina,1,94993,19028
14579,1623,2023-10-09,Vestuario,Calcetines,2,92007,39048
14583,1623,2023-10-21,Deportes,Balon,4,185484,66444
14582,1623,2024-06-01,Deportes,Bicicleta,1,79495,25929
14584,1624,2023-08-21,Hogar,Cafetera,2,150398,43188
14585,1624,2023-08-22,Vestuario,Pantalon,1,22830,6611
14589,1624,2023-08-22,Vestuario,Calcetines,2,143247,55435
14586,1624,2023-08-27,Deportes,Botella,1,119163,36653
14594,1624,2023-09-05,Hogar,Lampara,2,242974,51567
14593,1624,2023-09-07,Vestuario,Zapatillas,2,96071,36379
14592,1624,2023-10-09,Hogar,Hervidor,1,57953,18693
14590,1624,2023-11-08,Tecnologia,Audifonos,1,150121,31609
14591,1624,2023-11-14,Vestuario,Buzo,1,31275,9830
14588,1624,2023-12-07,Tecnologia,Audifonos,2,308104,45993
14595,1624,2024-01-04,Deportes,Casco,2,110692,35656
14587,1624,2024-05-02,Tecnologia,Monitor,1,180638,30351
14596,1625,2023-05-23,Electrodomesticos,Purificador,1,171383,29598
14598,1625,2023-05-30,Electrodomesticos,Aspiradora,1,189527,34266
14604,1625,2023-06-05,Deportes,Short,1,87116,25977
14607,1625,2023-06-07,Tecnologia,Notebook,3,697853,156188
14601,1625,2023-07-01,Vestuario,Chaqueta,4,96567,32723
14600,1625,2023-07-06,Hogar,Lampara,3,363274,104348
14606,1625,2023-07-15,Tecnologia,Monitor,3,1045764,222075
14603,1625,2023-08-12,Electrodomesticos,Secadora,1,111179,21820
14605,1625,2023-08-18,Deportes,Colchoneta,1,96830,25053
14608,1625,2023-08-19,Tecnologia,Smartphone,1,262130,36698
14599,1625,2023-12-26,Tecnologia,Mouse,1,104939,18383
14597,1625,2024-01-04,Vestuario,Camisa,1,36428,14169
14602,1625,2024-03-17,Electrodomesticos,Refrigerador,1,144896,23715
14609,1626,2024-03-15,Hogar,Mesa,2,149822,44465
14618,1626,2024-03-31,Hogar,Mesa,1,78252,19811
14620,1626,2024-04-09,Hogar,Sofa,2,235890,74358
14614,1626,2024-04-10,Tecnologia,Impresora,1,104942,22254
14613,1626,2024-04-28,Hogar,Termo,3,273464,81183
14612,1626,2024-05-10,Deportes,Balon,4,290580,80383
14617,1626,2024-06-30,Deportes,Short,1,91477,26300
14610,1626,2024-07-02,Vestuario,Calcetines,1,62124,25159
14615,1626,2024-07-07,Deportes,Poleron,1,72995,23086
14611,1626,2024-08-09,Hogar,Termo,1,78107,23945
14616,1626,2024-08-28,Vestuario,Buzo,1,57115,22447
14619,1626,2024-12-27,Vestuario,Vestido,1,68799,25530
14621,1627,2023-05-12,Deportes,Bicicleta,1,91868,31049
14632,1627,2023-05-19,Vestuario,Gorro,4,195641,75752
14626,1627,2023-06-13,Vestuario,Jeans,1,22702,7732
14624,1627,2023-06-24,Hogar,Cortinas,4,186164,50828
14631,1627,2023-07-04,Tecnologia,Monitor,1,221260,41198
14628,1627,2023-07-15,Deportes,Balon,1,61173,15734
14625,1627,2023-07-30,Hogar,Alfombra,2,221395,43815
14627,1627,2023-08-11,Electrodomesticos,Secadora,3,540531,93893
14633,1627,2023-08-25,Hogar,Sofa,1,90957,26358
14630,1627,2023-09-16,Electrodomesticos,Lavadora,2,427915,82996
14629,1627,2023-10-12,Tecnologia,Tablet,2,334327,68315
14623,1627,2023-11-06,Vestuario,Gorro,1,30285,7881
14622,1627,2023-11-15,Vestuario,Buzo,1,37683,11478
14634,1627,2024-04-27,Vestuario,Buzo,2,81621,24709
14635,1628,2024-05-11,Electrodomesticos,Plancha,2,295835,49342
14643,1628,2024-05-21,Tecnologia,Smartwatch,2,598493,133277
14638,1628,2024-05-22,Vestuario,Polera,3,67429,21105
14639,1628,2024-05-29,Hogar,Organizador,3,395870,112656
14645,1628,2024-06-02,Vestuario,Chaqueta,1,49252,18067
14637,1628,2024-06-04,Deportes,Raqueta,1,53502,19501
14640,1628,2024-06-14,Hogar,Cortinas,4,672363,182354
14642,1628,2024-07-08,Electrodomesticos,Secadora,1,135316,21936
14641,1628,2024-07-23,Electrodomesticos,Plancha,1,108265,17942
14644,1628,2024-08-29,Deportes,Colchoneta,3,162263,54783
14636,1628,2024-11-30,Vestuario,Pantalon,1,74762,27761
14646,1628,2024-12-29,Hogar,Hervidor,1,103416,30112
14647,1629,2022-10-21,Vestuario,Vestido,1,21737,8634
14654,1629,2022-11-17,Deportes,Balon,1,85688,22753
14649,1629,2022-11-19,Deportes,Balon,2,150100,40401
14656,1629,2022-12-05,Hogar,Hervidor,4,202017,50558
14655,1629,2022-12-06,Electrodomesticos,Aspiradora,4,513878,73729
14651,1629,2022-12-09,Vestuario,Vestido,2,62907,22713
14657,1629,2022-12-11,Electrodomesticos,Horno,1,253694,44217
14653,1629,2023-01-11,Hogar,Lampara,1,121410,36270
14659,1629,2023-05-10,Electrodomesticos,Licuadora,2,126000,24333
14658,1629,2023-05-17,Deportes,Casco,3,291556,83808
14648,1629,2023-06-30,Vestuario,Zapatillas,2,120328,43104
14652,1629,2023-10-08,Deportes,Bicicleta,1,52115,14682
14650,1629,2024-02-29,Vestuario,Polera,1,48603,17647
14660,1630,2023-07-17,Tecnologia,Smartphone,1,252102,42896
14665,1630,2023-07-20,Hogar,Sofa,3,247698,60606
14662,1630,2023-07-23,Vestuario,Buzo,2,38824,12407
14661,1630,2023-08-17,Electrodomesticos,Lavadora,1,133909,25908
14668,1630,2023-08-30,Deportes,Guantes,1,40547,9762
14669,1630,2023-09-23,Electrodomesticos,Licuadora,1,220957,35374
14667,1630,2024-02-09,Tecnologia,Audifonos,1,220957,46649
14664,1630,2024-05-10,Hogar,Lampara,3,303229,76537
14663,1630,2024-06-03,Deportes,Balon,1,63722,18712
14666,1630,2024-12-24,Hogar,Sofa,1,55438,15203
14670,1631,2023-11-15,Hogar,Silla,1,31500,8843
14674,1631,2023-12-24,Hogar,Lampara,2,148949,39331
14671,1631,2024-01-31,Tecnologia,Impresora,1,357775,79238
14672,1631,2024-03-07,Hogar,Mesa,1,75443,20007
14673,1631,2024-03-17,Tecnologia,Impresora,2,524066,89127
14675,1632,2022-07-08,Electrodomesticos,Secadora,3,594386,144436
14676,1632,2022-07-30,Hogar,Mesa,1,92456,26734
14678,1632,2022-09-20,Hogar,Cortinas,1,138697,44493
14681,1632,2022-11-02,Tecnologia,Tablet,2,554930,81304
14679,1632,2022-12-26,Hogar,Cafetera,2,194900,53870
14680,1632,2023-04-17,Hogar,Termo,3,388474,96905
14677,1632,2023-08-01,Hogar,Mesa,1,31500,7970
14682,1633,2023-05-01,Hogar,Termo,5,496503,162711
14688,1633,2023-05-01,Electrodomesticos,Aspiradora,1,108348,18252
14687,1633,2023-05-14,Vestuario,Gorro,2,87087,28450
14685,1633,2023-05-19,Hogar,Lampara,1,92579,24160
14686,1633,2023-07-09,Vestuario,Zapatillas,3,70593,21840
14684,1633,2023-08-05,Electrodomesticos,Plancha,1,360000,75285
14683,1633,2023-10-09,Tecnologia,Impresora,1,287599,60308
14689,1634,2023-06-09,Hogar,Alfombra,1,119711,40995
14694,1634,2023-06-13,Vestuario,Buzo,1,76208,25316
14691,1634,2023-06-18,Hogar,Alfombra,2,290633,73774
14695,1634,2023-07-10,Deportes,Bicicleta,2,146426,46273
14693,1634,2023-09-01,Electrodomesticos,Aspiradora,3,505828,109382
14692,1634,2023-09-04,Tecnologia,Impresora,1,184607,31896
14697,1634,2023-09-20,Vestuario,Calcetines,1,57912,23529
14690,1634,2023-11-27,Vestuario,Polera,3,31113,12851
14696,1634,2024-01-06,Electrodomesticos,Plancha,5,624871,108710
14698,1635,2023-08-16,Electrodomesticos,Horno,2,495438,90535
14706,1635,2023-09-19,Hogar,Silla,1,90811,22419
14704,1635,2023-11-06,Hogar,Hervidor,1,93901,22574
14700,1635,2023-12-07,Tecnologia,Smartwatch,2,495010,91514
14699,1635,2023-12-30,Vestuario,Pantalon,4,221311,79605
14701,1635,2024-01-17,Vestuario,Chaqueta,2,99324,37694
14702,1635,2024-03-11,Tecnologia,Teclado,1,245062,53730
14703,1635,2024-03-13,Tecnologia,Smartwatch,2,495066,109834
14705,1635,2024-07-08,Hogar,Hervidor,1,93805,26203
14707,1636,2023-07-20,Vestuario,Pantalon,1,16875,4409
14717,1636,2023-07-22,Electrodomesticos,Licuadora,1,212847,39790
14715,1636,2023-08-15,Electrodomesticos,Microondas,3,189000,38115
14711,1636,2023-08-24,Hogar,Sofa,1,127481,34897
14714,1636,2023-09-04,Deportes,Botella,2,170310,46138
14712,1636,2023-09-27,Electrodomesticos,Secadora,1,199222,36458
14713,1636,2023-10-05,Tecnologia,Teclado,1,164327,37801
14708,1636,2023-10-09,Vestuario,Calcetines,2,45657,16027
14710,1636,2024-01-23,Hogar,Mesa,1,108390,33290
14716,1636,2024-03-29,Vestuario,Gorro,3,226237,73845
14709,1636,2024-04-01,Hogar,Lampara,1,52624,14769
14718,1637,2023-05-28,Vestuario,Buzo,2,79412,22520
14724,1637,2023-08-26,Electrodomesticos,Horno,1,135829,22314
14722,1637,2023-12-11,Hogar,Organizador,1,42929,10789
14720,1637,2024-01-03,Deportes,Raqueta,3,213519,61690
14721,1637,2024-01-22,Hogar,Termo,2,159642,41195
14719,1637,2024-02-20,Vestuario,Vestido,1,23231,7723
14723,1637,2024-12-28,Tecnologia,Notebook,1,317195,41550
14725,1638,2024-07-02,Hogar,Organizador,4,344119,98549
14730,1638,2024-07-05,Hogar,Hervidor,4,478286,140883
14733,1638,2024-07-21,Electrodomesticos,Secadora,5,1220205,202360
14728,1638,2024-08-02,Hogar,Silla,1,86800,22909
14737,1638,2024-08-19,Tecnologia,Teclado,1,136186,22398
14736,1638,2024-09-09,Tecnologia,Tablet,1,220657,44582
14732,1638,2024-09-28,Hogar,Lampara,3,324883,90464
14726,1638,2024-10-23,Tecnologia,Notebook,1,179511,37353
14731,1638,2024-12-06,Hogar,Cafetera,1,120834,30648
14734,1638,2024-12-14,Electrodomesticos,Aspiradora,1,173884,25400
14735,1638,2024-12-22,Vestuario,Calcetines,2,82725,28339
14729,1638,2024-12-24,Hogar,Cortinas,1,153213,39386
14727,1638,2024-12-29,Electrodomesticos,Refrigerador,3,363270,59942
14738,1639,2023-06-02,Deportes,Botella,1,93137,25657
14740,1639,2023-06-25,Deportes,Bicicleta,2,132208,39973
14742,1639,2023-08-22,Electrodomesticos,Licuadora,2,444840,62827
14741,1639,2023-10-06,Vestuario,Buzo,1,22299,7086
14739,1639,2023-12-25,Vestuario,Buzo,2,127086,42728
14743,1640,2023-01-26,Electrodomesticos,Lavadora,3,641348,103732
14745,1640,2023-03-22,Vestuario,Buzo,3,121058,41132
14746,1640,2023-05-14,Deportes,Colchoneta,2,167730,44556
14744,1640,2023-09-01,Electrodomesticos,Lavadora,1,200559,35314
14747,1641,2022-05-09,Hogar,Alfombra,1,124338,35486
14749,1641,2022-05-09,Deportes,Poleron,1,66297,19811
14751,1641,2022-05-15,Vestuario,Camisa,1,33961,14265
14755,1641,2022-06-06,Deportes,Bicicleta,2,54804,12382
14760,1641,2022-06-12,Deportes,Colchoneta,2,139389,44318
14756,1641,2022-06-26,Deportes,Pesas,2,86304,24430
14753,1641,2022-07-02,Electrodomesticos,Plancha,2,335555,52025
14757,1641,2022-07-07,Hogar,Cafetera,1,63075,18079
14752,1641,2022-07-21,Deportes,Casco,1,56257,14713
14758,1641,2022-08-17,Deportes,Guantes,2,149561,40724
14759,1641,2022-09-03,Deportes,Poleron,3,170144,48467
14754,1641,2022-09-25,Deportes,Short,3,240942,87722
14750,1641,2022-12-28,Deportes,Colchoneta,4,241947,58736
14748,1641,2023-02-14,Electrodomesticos,Horno,1,200922,35654
14761,1642,2022-06-06,Electrodomesticos,Microondas,3,420601,69815
14766,1642,2022-06-16,Tecnologia,Smartphone,1,113329,17375
14770,1642,2022-06-21,Hogar,Termo,2,154898,40202
14764,1642,2022-06-29,Tecnologia,Audifonos,1,341601,67256
14767,1642,2022-08-22,Deportes,Raqueta,2,211333,59386
14768,1642,2022-08-22,Deportes,Casco,1,63521,22885
14769,1642,2022-09-10,Deportes,Bicicleta,1,53754,17382
14762,1642,2022-10-20,Vestuario,Calcetines,4,140664,43024
14765,1642,2022-11-29,Hogar,Alfombra,1,83841,19617
14763,1642,2022-12-02,Tecnologia,Monitor,3,1034754,165643
14771,1642,2023-03-04,Hogar,Hervidor,3,290649,88716
14772,1643,2022-05-02,Electrodomesticos,Aspiradora,2,231618,46203
14773,1643,2022-05-21,Vestuario,Camisa,2,154012,63698
14777,1643,2022-06-04,Electrodomesticos,Microondas,3,850536,162880
14775,1643,2022-06-10,Hogar,Lampara,1,86871,22945
14776,1643,2022-06-29,Electrodomesticos,Cocina,1,177431,25151
14774,1643,2022-07-20,Tecnologia,Monitor,3,706694,142947
14778,1643,2022-07-31,Tecnologia,Notebook,1,208819,45860
14780,1643,2022-08-27,Deportes,Balon,1,34359,9571
14779,1643,2023-06-10,Electrodomesticos,Microondas,1,101163,18623
14781,1644,2024-08-10,Electrodomesticos,Secadora,1,164647,24561
14785,1644,2024-08-16,Electrodomesticos,Lavadora,4,887460,171213
14783,1644,2024-09-28,Vestuario,Calcetines,1,72356,26004
14786,1644,2024-10-28,Hogar,Lampara,1,106141,31194
14784,1644,2024-11-05,Deportes,Colchoneta,1,106793,35900
14790,1644,2024-11-11,Deportes,Pesas,2,128066,31927
14789,1644,2024-11-29,Vestuario,Chaqueta,1,50327,17265
14787,1644,2024-12-21,Hogar,Cortinas,2,259855,62616
14782,1644,2024-12-26,Electrodomesticos,Aspiradora,1,87118,15256
14788,1644,2024-12-30,Hogar,Hervidor,3,246063,62897
14791,1645,2023-08-10,Hogar,Silla,2,126539,31790
14799,1645,2023-08-20,Hogar,Termo,3,204948,60377
14801,1645,2023-09-16,Tecnologia,Router,4,1137197,225094
14796,1645,2023-09-24,Vestuario,Camisa,1,53052,17853
14800,1645,2023-10-03,Tecnologia,Teclado,1,199666,45780
14798,1645,2023-10-19,Hogar,Hervidor,1,74646,16435
14797,1645,2023-11-04,Deportes,Colchoneta,4,459122,148543
14794,1645,2023-11-05,Tecnologia,Impresora,2,493002,85756
14792,1645,2023-11-17,Hogar,Silla,2,188600,38523
14802,1645,2023-11-25,Deportes,Raqueta,2,115338,31650
14795,1645,2024-04-27,Vestuario,Buzo,1,47405,15499
14793,1645,2024-07-28,Hogar,Cortinas,1,65652,18710
14803,1646,2023-05-02,Deportes,Guantes,1,63230,18101
14812,1646,2023-05-06,Electrodomesticos,Plancha,1,198809,40050
14810,1646,2023-05-07,Deportes,Colchoneta,1,94813,29588
14809,1646,2023-05-26,Tecnologia,Tablet,1,300205,55174
14808,1646,2023-07-26,Hogar,Silla,2,239168,65782
14805,1646,2023-08-05,Electrodomesticos,Secadora,1,179522,32274
14807,1646,2023-08-20,Hogar,Hervidor,1,107738,24042
14806,1646,2023-10-13,Vestuario,Gorro,1,9357,3944
14811,1646,2023-11-23,Deportes,Pesas,2,125862,35603
14804,1646,2024-01-01,Vestuario,Zapatillas,2,34193,12990
14813,1647,2024-11-18,Deportes,Casco,2,52656,12878
14823,1647,2024-11-25,Hogar,Termo,3,203428,41271
14819,1647,2024-12-22,Vestuario,Jeans,1,68640,18267
14817,1647,2024-12-25,Deportes,Poleron,1,35946,10191
14824,1647,2024-12-25,Vestuario,Zapatillas,1,9739,2587
14821,1647,2024-12-26,Deportes,Pesas,1,43966,10256
14822,1647,2024-12-26,Tecnologia,Notebook,1,140151,27091
14815,1647,2024-12-27,Deportes,Pesas,4,188971,53561
14814,1647,2024-12-28,Vestuario,Polera,3,137723,41455
14816,1647,2024-12-29,Electrodomesticos,Purificador,5,470462,77068
14820,1647,2024-12-29,Tecnologia,Teclado,1,172150,35859
14818,1647,2024-12-31,Electrodomesticos,Horno,2,345275,56102
14825,1648,2023-10-17,Tecnologia,Monitor,1,162067,38466
14831,1648,2023-12-10,Tecnologia,Teclado,1,217375,45278
14828,1648,2023-12-17,Electrodomesticos,Horno,1,124715,18934
14826,1648,2023-12-23,Vestuario,Vestido,2,73814,25543
14829,1648,2024-02-07,Deportes,Bicicleta,1,64450,17765
14827,1648,2024-02-29,Vestuario,Chaqueta,1,35654,11981
14833,1648,2024-05-04,Hogar,Sofa,2,180530,51900
14830,1648,2024-05-27,Tecnologia,Router,2,563713,87363
14832,1648,2024-07-11,Tecnologia,Smartphone,2,618404,92658
14834,1649,2024-08-13,Electrodomesticos,Secadora,2,305186,42356
14835,1649,2024-08-23,Deportes,Balon,4,226879,69785
14838,1649,2024-09-11,Vestuario,Jeans,1,42363,14674
14839,1649,2024-09-23,Hogar,Cafetera,1,103594,25023
14836,1649,2024-10-06,Vestuario,Jeans,1,31795,12120
14840,1649,2024-11-20,Vestuario,Camisa,1,18709,6552
14837,1649,2024-12-27,Tecnologia,Monitor,2,716515,153325
14841,1649,2024-12-29,Vestuario,Zapatillas,1,12571,4081
14842,1650,2023-04-03,Tecnologia,Smartphone,3,764434,137365
14843,1650,2023-04-17,Electrodomesticos,Lavadora,1,144363,28616
14844,1650,2023-10-15,Electrodomesticos,Secadora,1,195118,26580
14845,1650,2023-11-27,Electrodomesticos,Plancha,1,167278,28530
14846,1651,2022-03-10,Deportes,Bicicleta,1,62949,20425
14853,1651,2022-03-20,Tecnologia,Tablet,1,273941,49990
14848,1651,2022-03-23,Vestuario,Chaqueta,1,40338,13013
14857,1651,2022-03-28,Tecnologia,Router,1,151677,30342
14855,1651,2022-04-09,Electrodomesticos,Aspiradora,3,285355,59048
14852,1651,2022-04-16,Vestuario,Calcetines,2,69499,31155
14847,1651,2022-05-08,Tecnologia,Notebook,2,557709,105929
14849,1651,2022-06-24,Electrodomesticos,Microondas,1,148034,27539
14856,1651,2022-07-07,Vestuario,Chaqueta,3,131078,47360
14850,1651,2022-07-26,Hogar,Alfombra,3,304487,84905
14854,1651,2022-08-05,Hogar,Cafetera,1,91189,26823
14851,1651,2022-10-22,Hogar,Organizador,2,170314,57836
14858,1652,2022-08-01,Vestuario,Pantalon,1,25864,11595
14861,1652,2022-08-06,Vestuario,Camisa,1,26728,9055
14859,1652,2022-08-21,Vestuario,Calcetines,3,211046,63828
14860,1652,2022-08-24,Tecnologia,Teclado,4,900085,174585
14864,1652,2022-09-07,Electrodomesticos,Horno,2,415008,72552
14863,1652,2022-09-09,Vestuario,Chaqueta,2,130608,46717
14866,1652,2022-09-19,Tecnologia,Tablet,1,287366,58980
14869,1652,2022-10-18,Electrodomesticos,Lavadora,1,195737,32164
14865,1652,2022-11-24,Electrodomesticos,Cocina,1,136439,23027
14868,1652,2022-11-29,Tecnologia,Monitor,1,234328,37295
14867,1652,2023-01-19,Deportes,Pesas,1,101586,27160
14862,1652,2023-04-05,Hogar,Cafetera,1,85173,25139
14870,1653,2024-05-22,Deportes,Raqueta,2,112941,36480
14874,1653,2024-06-27,Hogar,Termo,1,86420,25625
14876,1653,2024-06-27,Deportes,Short,1,104612,28636
14871,1653,2024-07-27,Hogar,Cortinas,3,237183,72060
14872,1653,2024-12-21,Vestuario,Buzo,3,91131,23273
14873,1653,2024-12-21,Vestuario,Pantalon,2,30691,9145
14875,1653,2024-12-21,Vestuario,Chaqueta,2,148609,47012
14877,1654,2023-04-11,Deportes,Botella,3,294433,91927
14882,1654,2023-05-13,Electrodomesticos,Purificador,1,216709,39576
14878,1654,2023-06-23,Deportes,Bicicleta,4,262152,82343
14881,1654,2023-06-29,Vestuario,Zapatillas,3,48943,16869
14879,1654,2023-07-30,Electrodomesticos,Microondas,1,92326,18058
14880,1654,2023-09-02,Electrodomesticos,Refrigerador,1,190593,43982
14883,1655,2022-09-09,Deportes,Short,4,115402,38354
14894,1655,2022-09-28,Hogar,Termo,1,109478,41383
14890,1655,2022-10-01,Hogar,Alfombra,2,178834,54522
14886,1655,2022-10-14,Deportes,Balon,1,39416,11994
14895,1655,2022-10-21,Hogar,Mesa,4,405398,128684
14893,1655,2022-11-23,Deportes,Guantes,1,61177,12640
14889,1655,2022-12-04,Vestuario,Jeans,4,163196,57571
14888,1655,2023-01-21,Tecnologia,Audifonos,1,198215,42170
14891,1655,2023-01-27,Vestuario,Gorro,1,49158,15903
14884,1655,2023-03-17,Deportes,Bicicleta,2,163113,58392
14892,1655,2023-05-19,Deportes,Short,1,53489,16203
14887,1655,2023-07-15,Deportes,Guantes,2,191962,59037
14885,1655,2023-08-19,Hogar,Silla,3,109068,33072
14896,1656,2023-08-09,Vestuario,Chaqueta,4,331875,107369
14904,1656,2023-08-15,Vestuario,Vestido,3,112393,43254
14900,1656,2023-08-24,Tecnologia,Monitor,2,509452,100643
14906,1656,2023-08-29,Electrodomesticos,Lavadora,1,264648,45577
14903,1656,2023-10-11,Electrodomesticos,Plancha,1,115906,21794
14897,1656,2023-10-19,Tecnologia,Smartphone,2,483623,117702
14898,1656,2023-12-18,Vestuario,Zapatillas,1,37691,11815
14899,1656,2023-12-27,Deportes,Guantes,2,123146,36352
14901,1656,2024-01-20,Deportes,Bicicleta,2,266436,77796
14907,1656,2024-01-20,Hogar,Termo,1,130165,38303
14905,1656,2024-03-04,Vestuario,Camisa,1,21443,6813
14902,1656,2024-09-18,Hogar,Alfombra,3,378486,119257
14908,1657,2023-09-03,Hogar,Termo,2,189068,55317
14917,1657,2023-09-11,Hogar,Cortinas,1,81048,26840
14911,1657,2023-09-24,Deportes,Short,2,120676,39775
14913,1657,2023-10-24,Deportes,Pesas,1,64990,16926
14912,1657,2023-12-02,Electrodomesticos,Cocina,2,425016,69203
14914,1657,2023-12-12,Hogar,Mesa,1,81700,17369
14915,1657,2024-02-18,Vestuario,Gorro,1,60009,23358
14916,1657,2024-06-25,Tecnologia,Smartwatch,2,544160,89761
14910,1657,2024-08-25,Vestuario,Zapatillas,1,64308,22927
14909,1657,2024-09-10,Vestuario,Polera,3,76857,28628
14918,1658,2023-10-18,Hogar,Sofa,5,556828,184224
14921,1658,2024-01-14,Deportes,Poleron,3,205218,57612
14919,1658,2024-02-13,Tecnologia,Teclado,2,416027,82550
14920,1658,2024-07-17,Electrodomesticos,Refrigerador,4,393008,61758
14922,1659,2024-07-17,Deportes,Raqueta,1,24500,5925
14923,1659,2024-09-08,Deportes,Colchoneta,1,44261,9341
14928,1659,2024-09-08,Hogar,Hervidor,1,31500,8402
14927,1659,2024-09-11,Electrodomesticos,Refrigerador,1,255540,33662
14926,1659,2024-10-21,Deportes,Short,2,119087,34395
14924,1659,2024-12-19,Hogar,Cafetera,2,150584,40679
14929,1659,2024-12-22,Vestuario,Polera,3,138881,54722
14925,1659,2024-12-29,Electrodomesticos,Licuadora,1,270022,37336
14930,1660,2023-09-08,Hogar,Termo,1,112816,28648
14932,1660,2023-10-04,Electrodomesticos,Microondas,3,684249,118724
14934,1660,2023-10-05,Electrodomesticos,Lavadora,5,673189,124523
14933,1660,2023-11-01,Vestuario,Buzo,1,36711,10402
14931,1660,2024-01-05,Vestuario,Vestido,2,61615,22401
14935,1660,2024-01-11,Hogar,Sofa,1,48715,12971
14936,1661,2022-12-20,Deportes,Botella,1,33338,7850
14940,1661,2022-12-22,Deportes,Colchoneta,1,95985,30692
14939,1661,2023-01-08,Hogar,Lampara,1,117867,31847
14937,1661,2023-04-16,Deportes,Bicicleta,1,78025,26066
14938,1661,2023-07-23,Tecnologia,Router,1,280837,57385
14941,1662,2022-10-12,Tecnologia,Audifonos,1,317352,60435
14943,1662,2022-10-18,Deportes,Colchoneta,1,54580,19913
14946,1662,2022-11-07,Deportes,Casco,1,53443,16161
14947,1662,2022-11-14,Hogar,Cortinas,2,186274,49940
14945,1662,2022-12-15,Vestuario,Chaqueta,1,29796,9188
14949,1662,2023-01-02,Hogar,Silla,2,308580,89820
14942,1662,2023-01-30,Deportes,Raqueta,1,64599,16567
14948,1662,2023-02-05,Tecnologia,Audifonos,1,205918,38448
14944,1662,2023-02-09,Tecnologia,Teclado,1,256330,44687
14950,1663,2023-06-07,Hogar,Cafetera,1,108450,36072
14955,1663,2023-06-11,Deportes,Colchoneta,1,24500,6299
14957,1663,2023-07-11,Vestuario,Polera,1,62475,22098
14959,1663,2023-07-12,Vestuario,Camisa,4,219246,60742
14962,1663,2023-07-27,Vestuario,Camisa,4,156742,63078
14951,1663,2023-07-28,Tecnologia,Teclado,3,462729,92650
14952,1663,2023-08-15,Tecnologia,Teclado,1,184481,32236
14953,1663,2023-09-18,Vestuario,Polera,3,109373,32388
14958,1663,2023-09-24,Hogar,Silla,1,112722,31660
14963,1663,2023-12-17,Vestuario,Gorro,3,96620,31127
14954,1663,2023-12-30,Electrodomesticos,Cocina,1,251088,40688
14956,1663,2024-01-02,Deportes,Casco,3,128603,34282
14960,1663,2024-02-26,Vestuario,Vestido,2,122912,48111
14961,1663,2024-03-18,Vestuario,Polera,1,38884,12982
14964,1664,2022-08-03,Hogar,Sofa,1,35326,8246
14965,1664,2022-08-22,Tecnologia,Smartphone,1,310380,73074
14969,1664,2022-09-25,Hogar,Cafetera,1,134162,27247
14966,1664,2022-12-13,Electrodomesticos,Aspiradora,3,853949,117197
14967,1664,2022-12-25,Tecnologia,Router,1,103599,18724
14968,1664,2023-01-05,Vestuario,Calcetines,2,81927,31081
14970,1665,2022-12-07,Hogar,Hervidor,1,59052,11797
14979,1665,2022-12-08,Hogar,Cortinas,3,355017,102662
14974,1665,2022-12-10,Tecnologia,Tablet,1,297034,55167
14971,1665,2022-12-21,Vestuario,Polera,1,33121,10198
14980,1665,2023-01-01,Hogar,Termo,2,206557,50721
14975,1665,2023-01-18,Tecnologia,Smartphone,2,154000,34310
14976,1665,2023-02-10,Hogar,Lampara,2,174146,44809
14972,1665,2023-03-12,Hogar,Mesa,3,405245,144394
14977,1665,2023-03-23,Deportes,Balon,4,217444,67951
14978,1665,2023-06-06,Hogar,Lampara,1,79852,23894
14973,1665,2023-08-13,Tecnologia,Teclado,1,375031,79572
14981,1666,2022-01-12,Vestuario,Jeans,1,41038,14758
14985,1666,2022-01-14,Electrodomesticos,Purificador,4,633829,102242
14989,1666,2022-01-18,Electrodomesticos,Aspiradora,1,227772,46671
14983,1666,2022-02-13,Vestuario,Calcetines,1,17438,6363
14988,1666,2022-02-25,Tecnologia,Teclado,3,602948,135045
14984,1666,2022-03-11,Electrodomesticos,Aspiradora,1,87985,17312
14982,1666,2022-04-13,Electrodomesticos,Plancha,1,154069,31638
14987,1666,2022-07-02,Hogar,Cafetera,1,107377,34775
14986,1666,2022-08-05,Deportes,Short,1,85409,22883
14990,1667,2022-06-01,Hogar,Lampara,1,102336,32280
14998,1667,2022-06-02,Electrodomesticos,Cocina,3,370091,79910
14997,1667,2022-06-10,Vestuario,Camisa,1,23695,8973
14994,1667,2022-06-16,Hogar,Sofa,1,66924,17245
14993,1667,2022-06-27,Tecnologia,Notebook,4,789194,165106
14995,1667,2022-07-05,Tecnologia,Notebook,2,203798,46838
14992,1667,2022-07-14,Deportes,Balon,2,93293,27730
14996,1667,2022-10-24,Hogar,Hervidor,4,346317,101579
14991,1667,2023-01-16,Deportes,Poleron,1,58217,19928
14999,1668,2023-12-24,Electrodomesticos,Lavadora,3,479791,77259
15005,1668,2023-12-30,Hogar,Lampara,2,221535,42180
15006,1668,2024-01-17,Tecnologia,Router,2,276813,52823
15004,1668,2024-02-09,Deportes,Botella,3,73500,21045
15001,1668,2024-02-14,Hogar,Sofa,4,346620,77148
15003,1668,2024-05-28,Electrodomesticos,Aspiradora,3,951445,201568
15002,1668,2024-06-16,Vestuario,Zapatillas,2,142729,49783
15000,1668,2024-07-09,Tecnologia,Audifonos,2,398810,77405
15007,1669,2022-05-24,Hogar,Cafetera,2,281800,70469
15008,1669,2022-06-28,Hogar,Sofa,1,31500,8514
15010,1669,2022-07-08,Tecnologia,Impresora,1,215724,42620
15016,1669,2022-09-05,Tecnologia,Tablet,1,364789,67512
15009,1669,2022-10-19,Vestuario,Calcetines,1,19369,6863
15015,1669,2022-11-02,Vestuario,Calcetines,1,27014,10334
15011,1669,2022-12-15,Deportes,Balon,3,223536,83290
15013,1669,2023-04-11,Hogar,Cafetera,1,133676,44379
15012,1669,2023-04-26,Vestuario,Polera,1,36601,13967
15014,1669,2023-06-30,Electrodomesticos,Licuadora,3,526814,90566
15017,1670,2022-10-18,Tecnologia,Tablet,1,178524,43465
15024,1670,2022-11-05,Hogar,Lampara,1,111804,24248
15028,1670,2022-11-12,Electrodomesticos,Licuadora,1,223452,38441
15022,1670,2022-12-23,Vestuario,Buzo,1,30565,11084
15019,1670,2022-12-27,Hogar,Organizador,1,90843,25016
15025,1670,2023-02-04,Tecnologia,Mouse,2,271371,64113
15018,1670,2023-02-20,Deportes,Botella,1,50772,13441
15020,1670,2023-03-19,Deportes,Balon,2,126733,44177
15021,1670,2023-05-22,Electrodomesticos,Aspiradora,2,126000,24831
15023,1670,2023-05-24,Electrodomesticos,Aspiradora,1,166738,36898
15026,1670,2023-11-18,Tecnologia,Tablet,1,260802,57633
15027,1670,2024-03-28,Deportes,Poleron,2,128352,43417
15029,1671,2024-09-10,Tecnologia,Mouse,1,206254,41810
15033,1671,2024-09-15,Vestuario,Pantalon,2,90587,31887
15030,1671,2024-09-28,Tecnologia,Router,2,582788,112760
15035,1671,2024-10-17,Electrodomesticos,Aspiradora,1,244510,46356
15032,1671,2024-11-17,Vestuario,Zapatillas,1,59726,20673
15036,1671,2024-11-17,Vestuario,Pantalon,5,344259,107426
15031,1671,2024-11-18,Deportes,Pesas,3,203850,63162
15034,1671,2024-12-05,Deportes,Colchoneta,3,205710,65414
15037,1671,2024-12-26,Vestuario,Calcetines,2,43827,15338
15038,1672,2022-09-20,Hogar,Termo,1,115520,33582
15041,1672,2022-09-29,Vestuario,Polera,1,28227,9272
15039,1672,2022-10-07,Electrodomesticos,Licuadora,2,280526,53810
15042,1672,2022-10-07,Deportes,Short,1,71098,18496
15040,1672,2022-11-17,Vestuario,Vestido,1,37029,11484
15045,1672,2022-11-18,Tecnologia,Audifonos,1,137680,20828
15044,1672,2022-11-27,Deportes,Guantes,1,86961,26232
15043,1672,2022-12-09,Electrodomesticos,Plancha,3,585257,90467
15046,1673,2023-09-01,Vestuario,Pantalon,2,94879,38629
15051,1673,2023-09-06,Electrodomesticos,Lavadora,3,189000,34453
15050,1673,2023-09-19,Hogar,Cafetera,3,351103,109784
15049,1673,2023-09-27,Hogar,Sofa,2,121724,30787
15056,1673,2023-10-11,Tecnologia,Monitor,2,554625,113453
15047,1673,2023-10-28,Vestuario,Chaqueta,1,34417,11373
15055,1673,2023-11-23,Electrodomesticos,Secadora,2,380285,60672
15054,1673,2023-12-19,Tecnologia,Notebook,3,787720,134593
15052,1673,2024-01-18,Electrodomesticos,Plancha,1,185345,23744
15053,1673,2024-03-03,Hogar,Silla,1,80661,23593
15048,1673,2024-03-06,Electrodomesticos,Aspiradora,1,176763,37323
15057,1674,2024-03-17,Hogar,Termo,1,136577,39163
15062,1674,2024-03-19,Hogar,Silla,3,293009,81263
15058,1674,2024-04-20,Electrodomesticos,Secadora,2,336156,63480
15063,1674,2024-04-21,Hogar,Lampara,1,84779,29596
15060,1674,2024-06-04,Tecnologia,Impresora,1,188503,33958
15059,1674,2024-08-23,Deportes,Raqueta,1,53166,16626
15061,1674,2024-11-24,Vestuario,Camisa,2,87215,25292
15064,1675,2022-11-13,Vestuario,Vestido,1,34460,10826
15076,1675,2022-11-23,Deportes,Botella,1,133652,34025
15072,1675,2022-11-29,Tecnologia,Audifonos,2,373935,66358
15074,1675,2022-12-03,Deportes,Raqueta,1,24500,7253
15068,1675,2022-12-05,Deportes,Raqueta,2,149898,48502
15075,1675,2022-12-18,Tecnologia,Smartphone,2,572088,84391
15065,1675,2022-12-30,Hogar,Mesa,4,254466,61151
15073,1675,2023-01-04,Tecnologia,Monitor,2,328592,64402
15067,1675,2023-03-07,Electrodomesticos,Purificador,1,268152,55689
15069,1675,2023-04-03,Electrodomesticos,Microondas,2,132383,26848
15066,1675,2023-05-09,Deportes,Pesas,1,86837,23512
15070,1675,2023-06-27,Vestuario,Gorro,1,47806,17022
15071,1675,2023-08-14,Hogar,Organizador,2,112420,29138
15077,1676,2024-01-20,Deportes,Guantes,4,230267,67227
15078,1676,2024-02-13,Tecnologia,Impresora,1,120713,24108
15080,1676,2024-02-15,Vestuario,Polera,1,22886,8939
15082,1676,2024-03-13,Hogar,Sofa,1,71542,21507
15079,1676,2024-04-24,Electrodomesticos,Purificador,1,125643,21290
15084,1676,2024-05-04,Electrodomesticos,Aspiradora,2,479527,72203
15083,1676,2024-05-21,Hogar,Hervidor,1,32496,7202
15081,1676,2024-08-21,Hogar,Alfombra,2,288659,89080
15085,1676,2024-09-03,Tecnologia,Teclado,1,204236,34481
15086,1677,2023-11-09,Vestuario,Buzo,1,19507,6671
15092,1677,2023-12-04,Vestuario,Chaqueta,2,66684,20443
15090,1677,2024-02-13,Electrodomesticos,Purificador,1,249900,44197
15091,1677,2024-03-02,Electrodomesticos,Refrigerador,1,153619,27476
15088,1677,2024-03-11,Hogar,Termo,3,216867,66045
15093,1677,2024-06-08,Deportes,Botella,1,64595,19591
15087,1677,2024-11-22,Deportes,Guantes,2,156261,39193
15089,1677,2024-12-24,Vestuario,Gorro,1,16301,5284
15094,1678,2024-06-16,Electrodomesticos,Refrigerador,1,239968,41599
15097,1678,2024-07-25,Tecnologia,Notebook,1,252510,46689
15101,1678,2024-08-04,Tecnologia,Tablet,1,297643,51618
15096,1678,2024-08-27,Tecnologia,Smartphone,1,176338,34752
15105,1678,2024-08-31,Deportes,Pesas,1,105351,33564
15098,1678,2024-11-06,Hogar,Lampara,2,211085,57490
15102,1678,2024-11-15,Deportes,Casco,2,62498,18525
15095,1678,2024-11-16,Hogar,Organizador,1,37266,10111
15103,1678,2024-12-19,Vestuario,Chaqueta,2,93750,33395
15099,1678,2024-12-23,Deportes,Bicicleta,2,164591,46486
15100,1678,2024-12-25,Electrodomesticos,Licuadora,1,285993,39801
15104,1678,2024-12-30,Hogar,Sofa,3,238542,65615
15106,1679,2023-04-10,Vestuario,Buzo,2,75093,26208
15110,1679,2023-05-11,Tecnologia,Smartphone,1,161523,31111
15111,1679,2023-06-16,Vestuario,Camisa,1,34641,10484
15107,1679,2023-08-31,Tecnologia,Mouse,1,189598,47165
15108,1679,2024-01-20,Vestuario,Buzo,1,36888,10538
15112,1679,2024-03-09,Vestuario,Vestido,1,36895,13444
15109,1679,2024-04-16,Hogar,Alfombra,2,127762,41445
15113,1680,2022-08-26,Electrodomesticos,Aspiradora,3,583062,86700
15120,1680,2022-09-03,Electrodomesticos,Secadora,2,576744,118300
15125,1680,2022-09-05,Tecnologia,Impresora,1,303537,63222
15122,1680,2022-09-07,Electrodomesticos,Purificador,3,619970,112391
15115,1680,2022-09-08,Tecnologia,Monitor,3,742690,160215
15116,1680,2022-10-07,Tecnologia,Monitor,1,329622,53016
15123,1680,2022-10-13,Deportes,Pesas,1,91530,25338
15117,1680,2022-12-13,Deportes,Casco,1,98961,31595
15118,1680,2022-12-25,Vestuario,Buzo,3,53643,16185
15121,1680,2022-12-25,Electrodomesticos,Licuadora,1,132074,22573
15127,1680,2022-12-28,Tecnologia,Tablet,1,194523,36667
15114,1680,2023-03-04,Hogar,Cortinas,2,216763,48248
15126,1680,2023-04-25,Tecnologia,Impresora,3,378188,69535
15124,1680,2023-06-02,Tecnologia,Smartwatch,1,243285,46286
15119,1680,2023-10-31,Vestuario,Calcetines,1,23517,5963
15128,1681,2023-05-30,Deportes,Guantes,1,125711,32784
15129,1681,2023-06-18,Deportes,Bicicleta,1,59106,17777
15131,1681,2023-06-19,Electrodomesticos,Refrigerador,1,199814,42527
15130,1681,2023-07-05,Vestuario,Chaqueta,2,68746,26963
15135,1681,2023-07-15,Tecnologia,Monitor,2,340213,66925
15137,1681,2023-07-21,Deportes,Casco,1,73621,23392
15138,1681,2023-08-02,Electrodomesticos,Aspiradora,2,350181,57996
15139,1681,2023-08-09,Tecnologia,Smartphone,1,94693,19564
15133,1681,2023-08-14,Tecnologia,Tablet,1,260153,64407
15134,1681,2023-11-03,Hogar,Cafetera,1,108377,31203
15132,1681,2024-02-12,Hogar,Organizador,1,98730,23023
15136,1681,2024-03-24,Deportes,Bicicleta,1,83496,20341
15140,1682,2023-01-19,Vestuario,Vestido,1,17001,6266
15145,1682,2023-01-24,Electrodomesticos,Lavadora,1,266540,53794
15142,1682,2023-02-04,Hogar,Sofa,1,43240,12243
15147,1682,2023-02-11,Vestuario,Gorro,1,23503,8841
15143,1682,2023-04-01,Deportes,Poleron,3,141116,35113
15144,1682,2023-04-20,Deportes,Balon,1,49908,17164
15141,1682,2023-05-27,Electrodomesticos,Aspiradora,4,1202749,191398
15149,1682,2023-11-15,Electrodomesticos,Purificador,2,296044,55542
15146,1682,2023-11-23,Deportes,Colchoneta,3,219361,66326
15148,1682,2024-01-27,Vestuario,Gorro,1,27292,9379
15150,1683,2024-02-13,Electrodomesticos,Licuadora,2,401547,71960
15154,1683,2024-02-17,Vestuario,Camisa,1,74837,26423
15155,1683,2024-02-27,Tecnologia,Smartwatch,1,157521,34054
15160,1683,2024-03-01,Deportes,Raqueta,2,157984,49933
15152,1683,2024-04-11,Electrodomesticos,Microondas,2,543850,82349
15159,1683,2024-04-13,Vestuario,Camisa,1,16125,4793
15151,1683,2024-06-16,Electrodomesticos,Aspiradora,1,188335,33050
15156,1683,2024-08-17,Electrodomesticos,Aspiradora,1,181103,28278
15158,1683,2024-09-08,Electrodomesticos,Horno,2,451350,81702
15157,1683,2024-11-02,Deportes,Casco,1,58090,18544
15153,1683,2024-12-25,Vestuario,Pantalon,1,42368,14111
15161,1684,2023-12-20,Deportes,Botella,1,116589,38292
15169,1684,2024-01-02,Electrodomesticos,Cocina,1,245641,41204
15171,1684,2024-01-04,Hogar,Sofa,3,235074,62573
15168,1684,2024-01-10,Deportes,Short,1,89417,27262
15166,1684,2024-01-17,Hogar,Termo,1,90646,26934
15173,1684,2024-02-05,Electrodomesticos,Secadora,3,688451,111333
15170,1684,2024-02-15,Hogar,Cortinas,1,56214,14143
15167,1684,2024-03-03,Deportes,Casco,2,103389,32097
15162,1684,2024-03-05,Tecnologia,Smartphone,1,253502,47952
15164,1684,2024-03-26,Hogar,Cortinas,1,54402,14511
15163,1684,2024-03-29,Vestuario,Jeans,1,31334,12535
15165,1684,2024-04-08,Hogar,Cortinas,1,83294,22925
15172,1684,2024-12-24,Electrodomesticos,Aspiradora,2,372313,77834
15174,1685,2023-02-08,Vestuario,Jeans,2,55842,16496
15182,1685,2023-02-22,Electrodomesticos,Secadora,2,412328,86629
15176,1685,2023-04-04,Vestuario,Camisa,2,106701,37427
15179,1685,2023-04-04,Electrodomesticos,Plancha,1,227893,45397
15177,1685,2023-04-22,Vestuario,Calcetines,3,113142,36676
15175,1685,2023-04-26,Deportes,Pesas,3,162575,55567
15181,1685,2023-06-08,Hogar,Lampara,4,384465,115440
15183,1685,2023-06-26,Vestuario,Calcetines,3,82910,31183
15180,1685,2023-07-01,Vestuario,Pantalon,1,13639,5003
15178,1685,2024-01-02,Deportes,Poleron,2,87129,24738
15184,1686,2022-12-06,Vestuario,Vestido,1,36291,12789
15185,1686,2023-01-19,Tecnologia,Notebook,2,375501,68776
15189,1686,2023-01-24,Electrodomesticos,Purificador,2,421392,70744
15186,1686,2023-03-08,Hogar,Alfombra,2,283889,89904
15188,1686,2023-03-09,Electrodomesticos,Refrigerador,1,211946,40898
15193,1686,2023-03-13,Deportes,Guantes,1,113777,32507
15191,1686,2023-06-30,Hogar,Silla,2,280325,74267
15192,1686,2023-09-09,Deportes,Colchoneta,1,88543,30521
15187,1686,2023-11-05,Hogar,Alfombra,2,234869,64671
15190,1686,2023-11-11,Vestuario,Buzo,1,47119,17786
15194,1687,2022-04-27,Tecnologia,Mouse,1,119748,22103
15199,1687,2022-04-30,Vestuario,Camisa,2,87304,34064
15195,1687,2022-06-24,Vestuario,Jeans,2,68180,28452
15196,1687,2022-07-02,Tecnologia,Monitor,1,109680,28661
15197,1687,2022-08-15,Hogar,Silla,1,52808,12446
15200,1687,2022-10-11,Electrodomesticos,Refrigerador,1,199722,30585
15198,1687,2022-11-04,Hogar,Termo,1,140977,38323
15201,1688,2023-06-30,Hogar,Lampara,1,95226,29839
15205,1688,2023-07-19,Deportes,Casco,1,58686,18829
15203,1688,2023-07-22,Vestuario,Buzo,1,23441,10080
15204,1688,2023-09-23,Deportes,Balon,2,126018,35398
15202,1688,2023-12-08,Vestuario,Pantalon,5,129245,39647
15206,1688,2023-12-15,Electrodomesticos,Cocina,2,225125,40219
15207,1689,2023-10-12,Hogar,Mesa,2,246390,73090
15208,1689,2023-10-22,Hogar,Organizador,1,102330,35184
15217,1689,2023-10-29,Deportes,Pesas,2,119030,35738
15214,1689,2023-11-15,Tecnologia,Impresora,1,231665,43319
15210,1689,2023-12-25,Vestuario,Pantalon,1,28178,10374
15211,1689,2024-02-19,Hogar,Organizador,1,111616,32555
15213,1689,2024-02-19,Hogar,Alfombra,2,145060,42310
15216,1689,2024-03-16,Deportes,Pesas,1,83783,27803
15215,1689,2024-03-25,Hogar,Organizador,1,92054,26254
15209,1689,2024-08-08,Electrodomesticos,Lavadora,3,698121,130718
15212,1689,2024-10-21,Tecnologia,Smartphone,1,220002,38490
15218,1690,2022-12-04,Tecnologia,Smartphone,2,262652,38721
15227,1690,2022-12-07,Hogar,Lampara,1,71186,17092
15226,1690,2022-12-25,Tecnologia,Mouse,1,347782,66324
15223,1690,2023-01-26,Vestuario,Gorro,1,11585,3977
15220,1690,2023-02-07,Electrodomesticos,Plancha,1,200202,38692
15219,1690,2023-03-01,Deportes,Short,1,87261,34193
15224,1690,2023-05-23,Deportes,Botella,4,469906,161157
15225,1690,2023-05-29,Electrodomesticos,Licuadora,2,152890,24945
15222,1690,2023-06-01,Electrodomesticos,Plancha,1,167442,34499
15221,1690,2023-12-13,Deportes,Poleron,2,239838,72917
15228,1691,2024-09-06,Hogar,Cortinas,1,87136,26799
15239,1691,2024-09-13,Hogar,Cafetera,4,388725,98506
15231,1691,2024-10-02,Hogar,Organizador,1,102886,29335
15236,1691,2024-10-14,Vestuario,Gorro,2,59465,18651
15235,1691,2024-10-26,Hogar,Sofa,2,211303,61735
15232,1691,2024-10-29,Vestuario,Buzo,3,109794,40388
15233,1691,2024-11-13,Tecnologia,Monitor,1,184313,29419
15234,1691,2024-11-17,Hogar,Sofa,1,112362,23669
15238,1691,2024-11-17,Deportes,Raqueta,2,122640,40421
15237,1691,2024-11-18,Deportes,Botella,1,24500,5387
15241,1691,2024-11-18,Tecnologia,Audifonos,2,462091,69851
15240,1691,2024-11-24,Tecnologia,Tablet,1,245266,37474
15230,1691,2024-12-25,Deportes,Balon,1,46126,14309
15229,1691,2024-12-28,Hogar,Silla,2,241311,65171
15242,1692,2023-06-08,Vestuario,Polera,4,138984,59009
15248,1692,2023-07-02,Hogar,Silla,2,211630,53268
15246,1692,2023-08-16,Tecnologia,Tablet,1,245503,42162
15247,1692,2023-09-20,Electrodomesticos,Horno,1,234317,45291
15244,1692,2023-11-25,Deportes,Pesas,1,64874,18836
15245,1692,2024-01-01,Vestuario,Calcetines,2,117578,41872
15243,1692,2024-05-27,Tecnologia,Audifonos,2,403486,58459
15249,1693,2023-07-30,Electrodomesticos,Lavadora,2,351818,71528
15254,1693,2023-08-17,Deportes,Botella,3,357259,110070
15251,1693,2023-08-23,Electrodomesticos,Secadora,2,397372,73393
15256,1693,2023-08-25,Electrodomesticos,Plancha,1,129310,20628
15250,1693,2023-09-26,Vestuario,Vestido,2,96776,37462
15260,1693,2023-09-28,Vestuario,Pantalon,1,18098,5358
15257,1693,2023-10-17,Deportes,Colchoneta,2,137873,36607
15259,1693,2023-11-29,Deportes,Colchoneta,3,276246,81442
15252,1693,2024-01-25,Deportes,Pesas,1,111805,35133
15258,1693,2024-03-09,Deportes,Short,1,116654,30352
15255,1693,2024-06-02,Deportes,Casco,2,77968,20960
15253,1693,2024-09-03,Electrodomesticos,Aspiradora,2,534938,100345
15261,1694,2023-01-11,Electrodomesticos,Cocina,1,210655,36692
15266,1694,2023-01-28,Vestuario,Camisa,1,49680,15060
15264,1694,2023-02-15,Deportes,Pesas,4,303429,101889
15263,1694,2023-04-22,Vestuario,Zapatillas,3,84740,28049
15265,1694,2023-04-22,Electrodomesticos,Secadora,1,224063,45015
15262,1694,2023-08-08,Deportes,Short,1,101111,26355
15267,1695,2023-01-02,Electrodomesticos,Microondas,1,150981,22142
15269,1695,2023-01-27,Deportes,Short,2,180239,47733
15275,1695,2023-01-31,Deportes,Casco,2,117973,29778
15271,1695,2023-02-03,Electrodomesticos,Secadora,2,234497,36188
15272,1695,2023-04-26,Deportes,Balon,1,85821,28443
15270,1695,2023-05-30,Deportes,Short,2,148429,46720
15268,1695,2023-07-02,Deportes,Bicicleta,2,205296,73280
15273,1695,2023-07-30,Tecnologia,Audifonos,3,231000,47118
15274,1695,2023-08-10,Hogar,Organizador,2,137730,38497
15276,1696,2023-12-04,Tecnologia,Teclado,1,190462,36135
15282,1696,2024-01-14,Deportes,Botella,2,193042,59539
15277,1696,2024-02-20,Hogar,Termo,1,79655,24719
15281,1696,2024-02-27,Hogar,Termo,2,311826,95855
15279,1696,2024-03-03,Deportes,Botella,1,100434,28029
15278,1696,2024-04-16,Hogar,Lampara,1,31500,9051
15280,1696,2024-05-29,Vestuario,Polera,2,100848,32948
15283,1697,2023-08-03,Vestuario,Vestido,1,60338,19158
15287,1697,2023-09-12,Tecnologia,Notebook,1,265114,55478
15284,1697,2023-11-29,Tecnologia,Smartphone,1,210169,28819
15288,1697,2023-12-23,Vestuario,Calcetines,2,92158,30067
15285,1697,2024-01-04,Electrodomesticos,Refrigerador,1,73042,13619
15286,1697,2024-01-29,Deportes,Poleron,1,60754,18275
15289,1698,2022-05-17,Vestuario,Calcetines,2,82788,32654
15296,1698,2022-07-11,Vestuario,Polera,2,101344,39614
15293,1698,2022-07-17,Deportes,Casco,1,73049,26570
15291,1698,2022-08-05,Deportes,Casco,3,123972,33709
15294,1698,2022-08-06,Tecnologia,Monitor,1,289853,54480
15295,1698,2022-08-06,Tecnologia,Notebook,1,178103,34779
15290,1698,2022-10-05,Electrodomesticos,Refrigerador,2,364420,57611
15297,1698,2022-10-05,Deportes,Short,1,84650,23056
15298,1698,2022-12-23,Hogar,Cafetera,1,53106,12626
15292,1698,2024-01-29,Deportes,Guantes,2,113597,38758
15299,1699,2024-05-25,Deportes,Bicicleta,1,56298,15705
15301,1699,2024-05-31,Tecnologia,Impresora,2,281706,65189
15307,1699,2024-06-15,Electrodomesticos,Refrigerador,3,586791,111010
15306,1699,2024-06-21,Tecnologia,Notebook,1,228520,50580
15302,1699,2024-06-30,Vestuario,Polera,1,34470,10470
15305,1699,2024-08-14,Hogar,Silla,3,235631,66212
15304,1699,2024-08-24,Deportes,Guantes,3,73500,25608
15300,1699,2024-08-30,Hogar,Sofa,2,198505,50410
15303,1699,2024-11-22,Deportes,Raqueta,1,125207,32362
15308,1700,2023-04-05,Deportes,Guantes,1,79218,25949
15309,1700,2023-04-07,Deportes,Short,1,65723,21157
15310,1700,2023-04-21,Electrodomesticos,Licuadora,1,238465,30677
15311,1700,2023-05-07,Vestuario,Buzo,1,17849,6487
15314,1700,2023-05-30,Hogar,Mesa,2,185330,53430
15316,1700,2023-06-13,Tecnologia,Tablet,1,243058,44168
15312,1700,2023-07-21,Deportes,Balon,2,110209,30247
15313,1700,2024-01-02,Deportes,Colchoneta,1,86915,30766
15315,1700,2024-10-02,Vestuario,Zapatillas,1,49245,14572
15317,1701,2022-09-07,Vestuario,Gorro,1,35897,11567
15321,1701,2022-09-21,Electrodomesticos,Plancha,1,209517,36946
15318,1701,2022-11-03,Vestuario,Chaqueta,1,15743,4589
15322,1701,2022-11-17,Tecnologia,Teclado,1,330264,64837
15319,1701,2022-11-25,Deportes,Casco,1,67038,16983
15325,1701,2022-12-18,Deportes,Bicicleta,1,91400,22609
15324,1701,2023-03-02,Tecnologia,Mouse,1,128868,22882
15320,1701,2023-03-14,Tecnologia,Smartphone,1,181822,42602
15323,1701,2023-09-15,Tecnologia,Smartwatch,1,187090,38233
15326,1702,2022-05-21,Deportes,Poleron,2,110066,37378
15338,1702,2022-05-21,Hogar,Silla,4,431617,133275
15331,1702,2022-06-06,Tecnologia,Smartwatch,3,547206,124125
15329,1702,2022-06-11,Electrodomesticos,Plancha,1,206798,36003
15332,1702,2022-06-16,Hogar,Alfombra,2,360000,81446
15328,1702,2022-07-13,Deportes,Poleron,1,71256,22574
15327,1702,2022-09-21,Hogar,Lampara,1,124779,40454
15337,1702,2022-09-21,Vestuario,Jeans,4,100799,33256
15333,1702,2022-10-22,Vestuario,Polera,1,87596,28923
15335,1702,2022-11-10,Hogar,Mesa,3,254761,63170
15334,1702,2022-11-19,Tecnologia,Teclado,1,242467,46335
15336,1702,2023-09-24,Vestuario,Vestido,3,184431,60232
15330,1702,2024-01-06,Hogar,Organizador,2,173652,46387
15339,1703,2024-05-25,Electrodomesticos,Licuadora,3,513500,92373
15342,1703,2024-05-29,Tecnologia,Smartwatch,1,378174,77310
15341,1703,2024-06-22,Hogar,Cortinas,1,138801,30622
15340,1703,2024-09-10,Electrodomesticos,Secadora,3,211113,38234
15343,1704,2024-10-16,Vestuario,Chaqueta,1,40500,15723
15350,1704,2024-10-25,Tecnologia,Impresora,4,980847,177362
15352,1704,2024-10-31,Electrodomesticos,Lavadora,1,158824,26253
15345,1704,2024-11-04,Deportes,Casco,1,88490,19465
15348,1704,2024-11-13,Hogar,Alfombra,2,164234,39268
15347,1704,2024-12-02,Deportes,Colchoneta,1,73818,21481
15351,1704,2024-12-05,Electrodomesticos,Plancha,1,167723,30880
15353,1704,2024-12-21,Vestuario,Zapatillas,2,138455,45574
15346,1704,2024-12-22,Vestuario,Camisa,3,152315,45469
15344,1704,2024-12-24,Electrodomesticos,Microondas,2,493927,74971
15349,1704,2024-12-24,Vestuario,Pantalon,1,50927,17158
15354,1704,2024-12-25,Vestuario,Vestido,1,59001,22898
15355,1705,2024-06-21,Vestuario,Buzo,1,66398,24576
15358,1705,2024-06-27,Electrodomesticos,Licuadora,1,227087,43414
15363,1705,2024-07-02,Vestuario,Pantalon,1,17231,6958
15356,1705,2024-07-11,Electrodomesticos,Licuadora,1,127573,21917
15359,1705,2024-07-19,Deportes,Colchoneta,2,127750,42885
15362,1705,2024-07-25,Vestuario,Zapatillas,1,31584,10250
15357,1705,2024-08-04,Electrodomesticos,Purificador,3,783114,144780
15361,1705,2024-09-13,Deportes,Short,2,99607,28985
15360,1705,2024-12-28,Vestuario,Jeans,3,87567,27873
15364,1706,2022-02-15,Deportes,Botella,2,140650,43493
15371,1706,2022-02-24,Electrodomesticos,Aspiradora,2,126000,26222
15372,1706,2022-03-18,Deportes,Poleron,2,122045,28990
15368,1706,2022-04-01,Hogar,Hervidor,3,353646,128094
15370,1706,2022-05-08,Deportes,Pesas,1,64987,21294
15365,1706,2022-06-20,Vestuario,Gorro,2,76485,28918
15369,1706,2022-07-22,Tecnologia,Monitor,1,228045,45627
15366,1706,2023-01-07,Hogar,Silla,2,186003,51528
15367,1706,2024-02-26,Deportes,Balon,1,99406,32648
15373,1707,2024-03-15,Vestuario,Vestido,4,64577,23040
15381,1707,2024-03-21,Vestuario,Zapatillas,2,119163,42310
15374,1707,2024-04-13,Vestuario,Buzo,2,98248,26942
15380,1707,2024-04-21,Vestuario,Calcetines,2,33506,11320
15383,1707,2024-05-22,Deportes,Raqueta,1,98523,30560
15384,1707,2024-05-23,Hogar,Cafetera,2,159396,48820
15375,1707,2024-07-31,Tecnologia,Impresora,1,163621,32485
15378,1707,2024-08-13,Vestuario,Gorro,1,42242,17413
15379,1707,2024-08-20,Deportes,Botella,1,54856,17241
15385,1707,2024-08-23,Tecnologia,Mouse,1,386690,59641
15377,1707,2024-09-07,Vestuario,Vestido,2,89430,30467
15376,1707,2024-12-29,Electrodomesticos,Horno,1,214444,31116
15382,1707,2024-12-31,Hogar,Silla,2,126115,27957
15386,1708,2024-02-13,Vestuario,Camisa,2,62734,17169
15392,1708,2024-02-14,Deportes,Pesas,2,117884,36466
15389,1708,2024-03-07,Vestuario,Chaqueta,4,198021,70004
15387,1708,2024-03-26,Tecnologia,Smartphone,2,403829,96973
15393,1708,2024-05-06,Hogar,Sofa,1,109030,26877
15394,1708,2024-06-14,Vestuario,Camisa,2,83591,34010
15391,1708,2024-07-05,Hogar,Cafetera,1,111470,29250
15390,1708,2024-07-12,Tecnologia,Impresora,2,557456,115194
15388,1708,2024-12-30,Electrodomesticos,Purificador,1,196331,38224
15395,1709,2023-11-05,Electrodomesticos,Cocina,1,211713,35191
15404,1709,2023-11-08,Tecnologia,Monitor,1,333651,66574
15398,1709,2023-11-12,Vestuario,Camisa,1,83234,27808
15400,1709,2023-11-14,Electrodomesticos,Secadora,1,303200,55222
15408,1709,2023-11-19,Vestuario,Vestido,1,47728,16705
15407,1709,2023-11-21,Deportes,Bicicleta,4,311536,90246
15406,1709,2023-12-10,Tecnologia,Tablet,2,642511,115048
15401,1709,2023-12-18,Hogar,Alfombra,1,105643,28169
15397,1709,2023-12-28,Deportes,Short,4,132841,39748
15402,1709,2024-01-10,Deportes,Guantes,1,65743,21562
15403,1709,2024-01-26,Hogar,Cafetera,2,183830,53439
15399,1709,2024-01-27,Hogar,Alfombra,1,89218,23250
15405,1709,2024-03-05,Tecnologia,Smartwatch,5,2092612,434026
15396,1709,2024-06-07,Vestuario,Polera,3,176825,53215
15409,1709,2024-12-24,Tecnologia,Mouse,2,455665,94064
15410,1710,2022-09-21,Deportes,Raqueta,1,64444,15210
15414,1710,2022-10-04,Tecnologia,Smartphone,1,346473,67972
15411,1710,2022-10-24,Tecnologia,Teclado,1,307477,57308
15413,1710,2022-12-08,Vestuario,Vestido,2,89586,27315
15416,1710,2022-12-26,Vestuario,Zapatillas,2,136781,38915
15415,1710,2023-01-16,Electrodomesticos,Purificador,4,490943,74380
15412,1710,2023-03-15,Vestuario,Buzo,3,113183,40547
15417,1711,2023-09-04,Tecnologia,Smartphone,4,821132,170402
15420,1711,2023-10-07,Hogar,Organizador,1,43749,12891
15419,1711,2023-10-24,Tecnologia,Teclado,3,878321,220745
15423,1711,2023-10-28,Tecnologia,Teclado,1,255862,50278
15425,1711,2023-12-19,Electrodomesticos,Cocina,4,1075911,159157
15418,1711,2024-02-22,Tecnologia,Monitor,4,899802,158052
15422,1711,2024-03-16,Electrodomesticos,Cocina,1,288879,42422
15421,1711,2024-04-23,Vestuario,Gorro,1,27764,10721
15424,1711,2024-12-22,Hogar,Sofa,3,232852,57606
15426,1712,2024-09-07,Deportes,Guantes,4,266393,65687
15429,1712,2024-09-09,Hogar,Lampara,3,302486,87123
15428,1712,2024-09-24,Vestuario,Zapatillas,1,30610,11663
15430,1712,2024-10-25,Vestuario,Gorro,1,13701,4031
15434,1712,2024-10-27,Vestuario,Vestido,1,71263,25816
15431,1712,2024-11-07,Tecnologia,Smartphone,1,243123,37142
15427,1712,2024-11-12,Vestuario,Polera,1,15189,5244
15432,1712,2024-12-22,Tecnologia,Smartphone,1,151933,25992
15433,1712,2024-12-25,Deportes,Guantes,1,45719,14900
15435,1713,2023-02-15,Vestuario,Zapatillas,1,13392,6062
15438,1713,2023-02-18,Deportes,Short,1,75882,24765
15442,1713,2023-03-06,Hogar,Cafetera,1,51665,13543
15443,1713,2023-03-08,Electrodomesticos,Refrigerador,2,462874,83063
15441,1713,2023-03-10,Tecnologia,Teclado,2,154000,32814
15440,1713,2023-03-15,Vestuario,Gorro,5,216455,75518
15439,1713,2023-03-17,Tecnologia,Teclado,1,136026,25965
15437,1713,2023-03-19,Electrodomesticos,Cocina,5,981729,178561
15444,1713,2023-06-25,Tecnologia,Mouse,1,77000,16974
15436,1713,2023-10-08,Tecnologia,Mouse,2,455328,107685
15445,1714,2023-11-08,Deportes,Pesas,1,78512,20262
15453,1714,2023-11-09,Vestuario,Polera,3,165944,50395
15450,1714,2024-01-02,Hogar,Mesa,1,56652,13024
15454,1714,2024-01-11,Hogar,Alfombra,1,148288,44931
15449,1714,2024-02-23,Tecnologia,Router,1,130876,27827
15451,1714,2024-04-11,Deportes,Guantes,1,44059,12344
15452,1714,2024-05-21,Deportes,Casco,4,229830,85190
15446,1714,2024-05-26,Hogar,Organizador,1,78074,21503
15447,1714,2024-06-22,Deportes,Guantes,2,231994,73509
15448,1714,2024-09-28,Deportes,Botella,1,78262,27145
15455,1715,2023-09-23,Electrodomesticos,Horno,1,74528,13363
15456,1715,2024-01-30,Deportes,Pesas,1,68318,22288
15459,1715,2024-02-10,Electrodomesticos,Purificador,3,656849,118988
15458,1715,2024-06-13,Hogar,Cafetera,1,100748,30456
15457,1715,2024-07-09,Tecnologia,Mouse,1,192241,34733
15460,1715,2024-12-31,Deportes,Balon,1,69150,17340
15461,1716,2023-12-01,Vestuario,Calcetines,5,235850,70208
15463,1716,2023-12-28,Hogar,Cafetera,1,128968,33905
15466,1716,2024-01-03,Vestuario,Jeans,1,48815,16309
15469,1716,2024-01-25,Electrodomesticos,Horno,1,251983,47899
15468,1716,2024-02-05,Electrodomesticos,Aspiradora,1,263013,49351
15464,1716,2024-03-01,Tecnologia,Teclado,1,168268,28757
15470,1716,2024-05-13,Electrodomesticos,Microondas,1,108819,19109
15465,1716,2024-05-17,Hogar,Cortinas,1,49834,15347
15462,1716,2024-08-16,Deportes,Guantes,3,134505,43050
15467,1716,2024-10-16,Vestuario,Vestido,2,16942,4704
15471,1717,2024-01-14,Vestuario,Buzo,2,136026,42294
15476,1717,2024-01-22,Electrodomesticos,Secadora,2,490106,68427
15474,1717,2024-02-17,Vestuario,Pantalon,1,53081,14447
15472,1717,2024-02-20,Electrodomesticos,Secadora,1,105668,19245
15477,1717,2024-03-04,Hogar,Cortinas,1,124441,34904
15475,1717,2024-03-09,Tecnologia,Smartphone,1,285095,59051
15473,1717,2024-03-18,Deportes,Bicicleta,1,57397,17070
15478,1717,2024-05-09,Tecnologia,Monitor,1,313392,67606
15479,1718,2023-05-13,Tecnologia,Smartphone,2,376708,76504
15480,1718,2023-05-19,Electrodomesticos,Horno,1,212527,37752
15483,1718,2023-05-23,Tecnologia,Router,3,523973,91994
15486,1718,2023-05-29,Electrodomesticos,Licuadora,2,218305,44739
15484,1718,2023-06-06,Electrodomesticos,Cocina,1,121401,20232
15481,1718,2023-06-07,Deportes,Colchoneta,2,208849,73822
15482,1718,2023-07-02,Deportes,Guantes,2,124423,27999
15489,1718,2023-07-05,Hogar,Mesa,1,61814,20062
15485,1718,2023-09-17,Electrodomesticos,Plancha,1,177468,31429
15487,1718,2024-03-10,Vestuario,Pantalon,1,82875,28259
15488,1718,2024-04-05,Hogar,Silla,4,432899,103176
15490,1719,2023-10-19,Electrodomesticos,Lavadora,2,343817,60978
15497,1719,2023-10-20,Deportes,Balon,1,70032,19162
15493,1719,2023-11-08,Deportes,Casco,1,24500,7288
15496,1719,2023-12-26,Electrodomesticos,Refrigerador,1,128696,23350
15495,1719,2023-12-28,Vestuario,Gorro,1,87666,28326
15494,1719,2024-01-23,Deportes,Balon,1,69854,24157
15492,1719,2024-02-07,Deportes,Pesas,3,196617,59050
15500,1719,2024-02-21,Hogar,Lampara,1,115087,38413
15499,1719,2024-03-05,Electrodomesticos,Refrigerador,1,135667,24155
15491,1719,2024-05-21,Vestuario,Camisa,1,46041,16647
15498,1719,2024-11-08,Hogar,Mesa,2,157696,47413
15501,1720,2023-12-06,Vestuario,Gorro,1,19174,5219
15509,1720,2023-12-25,Deportes,Raqueta,2,74598,19157
15511,1720,2023-12-28,Deportes,Poleron,1,44600,10987
15507,1720,2024-01-18,Vestuario,Gorro,3,139952,58584
15503,1720,2024-01-23,Hogar,Sofa,1,107924,29171
15504,1720,2024-02-08,Tecnologia,Smartphone,3,609237,119696
15508,1720,2024-04-11,Deportes,Pesas,1,51633,15011
15505,1720,2024-04-27,Electrodomesticos,Refrigerador,2,185480,34613
15510,1720,2024-05-06,Vestuario,Pantalon,4,51806,13090
15506,1720,2024-07-17,Electrodomesticos,Aspiradora,1,197518,32474
15502,1720,2024-10-29,Vestuario,Vestido,3,138129,45058
15512,1721,2022-08-28,Tecnologia,Tablet,4,595977,106151
15515,1721,2022-09-17,Tecnologia,Smartwatch,1,274544,68380
15516,1721,2022-09-22,Deportes,Guantes,1,90984,29861
15514,1721,2022-10-10,Tecnologia,Audifonos,3,231000,40474
15517,1721,2022-11-02,Electrodomesticos,Secadora,2,580971,102335
15513,1721,2024-01-07,Electrodomesticos,Lavadora,1,187547,23631
15518,1722,2023-01-22,Electrodomesticos,Purificador,1,276879,51651
15522,1722,2023-02-01,Hogar,Silla,3,483105,145196
15520,1722,2023-05-15,Electrodomesticos,Refrigerador,2,248500,39798
15523,1722,2023-05-15,Vestuario,Pantalon,1,52404,21753
15519,1722,2023-07-13,Vestuario,Calcetines,3,107441,35431
15521,1722,2023-11-01,Tecnologia,Audifonos,1,158130,24301
15524,1723,2023-07-19,Electrodomesticos,Plancha,2,180097,33863
15525,1723,2023-07-30,Deportes,Bicicleta,1,66592,16832
15527,1723,2023-08-19,Tecnologia,Mouse,2,508990,87078
15528,1723,2023-10-05,Electrodomesticos,Cocina,2,571659,119065
15531,1723,2023-11-04,Vestuario,Zapatillas,3,146021,40219
15529,1723,2023-12-12,Tecnologia,Smartwatch,1,162516,24403
15526,1723,2024-01-26,Deportes,Pesas,2,231522,72681
15530,1723,2024-03-31,Vestuario,Calcetines,1,49558,15731
15533,1724,2024-12-25,Electrodomesticos,Refrigerador,2,237582,44675
15534,1724,2024-12-25,Vestuario,Camisa,1,37471,11654
15532,1724,2024-12-30,Vestuario,Jeans,1,47467,13904
15535,1724,2024-12-31,Electrodomesticos,Aspiradora,2,177056,31806
15536,1725,2024-02-25,Hogar,Silla,3,361586,102122
15543,1725,2024-03-03,Tecnologia,Monitor,2,370720,65385
15538,1725,2024-03-18,Tecnologia,Audifonos,1,77000,17326
15541,1725,2024-05-18,Vestuario,Polera,1,37623,17184
15542,1725,2024-06-12,Deportes,Colchoneta,4,287856,99162
15537,1725,2024-10-13,Deportes,Raqueta,1,64873,19850
15539,1725,2024-12-28,Electrodomesticos,Refrigerador,4,552766,100355
15540,1725,2024-12-29,Hogar,Alfombra,5,458862,111858
15544,1726,2023-10-22,Deportes,Poleron,1,64496,17299
15547,1726,2023-12-26,Tecnologia,Audifonos,1,205150,34789
15546,1726,2024-02-05,Hogar,Sofa,4,449789,109452
15545,1726,2024-03-11,Deportes,Pesas,3,160534,46125
15548,1727,2023-01-28,Vestuario,Pantalon,4,200776,74036
15553,1727,2023-02-09,Tecnologia,Impresora,1,342006,78383
15549,1727,2023-02-28,Vestuario,Camisa,1,24519,8097
15550,1727,2023-03-15,Deportes,Botella,2,115857,35278
15552,1727,2023-04-10,Hogar,Lampara,3,315537,90706
15554,1727,2023-04-17,Hogar,Termo,1,56601,14071
15555,1727,2023-05-04,Deportes,Pesas,1,79521,26237
15551,1727,2024-07-18,Deportes,Poleron,1,100975,29419
15556,1728,2023-10-24,Hogar,Termo,2,161797,51468
15562,1728,2023-11-01,Tecnologia,Mouse,2,488673,89069
15561,1728,2023-11-06,Hogar,Mesa,2,102047,35063
15557,1728,2024-02-18,Hogar,Termo,1,57125,15129
15564,1728,2024-03-21,Vestuario,Vestido,1,37424,14743
15559,1728,2024-05-15,Electrodomesticos,Secadora,1,165734,24416
15558,1728,2024-06-01,Hogar,Organizador,1,76025,22277
15560,1728,2024-07-16,Electrodomesticos,Microondas,1,272579,51659
15563,1728,2024-11-29,Hogar,Lampara,1,87396,17969
15565,1729,2023-01-06,Electrodomesticos,Lavadora,3,189000,41334
15571,1729,2023-01-26,Deportes,Casco,4,267935,92439
15570,1729,2023-02-07,Electrodomesticos,Cocina,1,166481,32900
15569,1729,2023-06-19,Electrodomesticos,Plancha,1,226940,44454
15566,1729,2023-07-26,Vestuario,Buzo,1,21397,6443
15567,1729,2023-08-05,Deportes,Short,1,56132,16719
15568,1729,2023-11-14,Deportes,Bicicleta,1,33864,10517
15572,1730,2023-07-15,Deportes,Balon,3,197972,48839
15580,1730,2023-07-28,Tecnologia,Smartphone,1,331791,71883
15574,1730,2023-08-11,Tecnologia,Impresora,1,199637,46807
15573,1730,2023-08-21,Hogar,Termo,1,78850,22158
15581,1730,2023-08-26,Electrodomesticos,Cocina,1,360000,68063
15584,1730,2023-09-02,Deportes,Short,3,177189,46418
15583,1730,2023-09-29,Tecnologia,Notebook,3,409418,92563
15579,1730,2023-12-17,Tecnologia,Impresora,1,231591,39161
15575,1730,2024-02-09,Deportes,Bicicleta,3,287159,89920
15577,1730,2024-03-04,Deportes,Raqueta,1,24500,7752
15582,1730,2024-03-11,Deportes,Balon,1,75103,26179
15576,1730,2024-03-23,Deportes,Balon,1,43972,13373
15578,1730,2024-09-17,Hogar,Organizador,4,147262,40857
15585,1731,2022-03-01,Hogar,Mesa,3,354232,124045
15594,1731,2022-03-24,Deportes,Raqueta,1,106526,38344
15589,1731,2022-05-11,Deportes,Casco,2,174174,57337
15592,1731,2022-05-12,Vestuario,Gorro,1,103259,26606
15593,1731,2022-05-18,Deportes,Pesas,2,61601,16333
15590,1731,2022-06-10,Electrodomesticos,Lavadora,2,373672,63118
15588,1731,2022-08-02,Hogar,Alfombra,1,107860,32363
15591,1731,2022-10-04,Hogar,Organizador,1,63045,16098
15595,1731,2022-11-16,Electrodomesticos,Horno,1,257317,35106
15587,1731,2023-05-27,Electrodomesticos,Licuadora,1,237802,48877
15586,1731,2023-07-16,Tecnologia,Smartphone,1,319511,51639
15596,1732,2024-01-04,Hogar,Cafetera,1,67695,20844
15597,1732,2024-01-19,Tecnologia,Smartphone,1,257398,53234
15598,1732,2024-05-02,Tecnologia,Tablet,3,483810,104926
15599,1733,2022-01-17,Electrodomesticos,Refrigerador,1,84665,13452
15611,1733,2022-01-27,Deportes,Bicicleta,1,78810,23359
15607,1733,2022-02-02,Vestuario,Jeans,1,39392,13836
15609,1733,2022-02-06,Tecnologia,Smartwatch,2,454338,116529
15604,1733,2022-02-22,Hogar,Cafetera,2,102199,30145
15605,1733,2022-03-02,Hogar,Lampara,2,172209,53809
15603,1733,2022-03-11,Deportes,Bicicleta,1,76299,24680
15601,1733,2022-05-08,Electrodomesticos,Cocina,1,229155,42076
15602,1733,2022-05-14,Hogar,Alfombra,1,71683,17721
15600,1733,2022-07-16,Vestuario,Zapatillas,3,106545,34504
15606,1733,2022-07-27,Hogar,Cortinas,4,349810,101091
15610,1733,2022-08-02,Deportes,Guantes,1,55966,14057
15608,1733,2023-06-29,Deportes,Casco,4,530925,196130
15612,1734,2023-02-24,Hogar,Organizador,2,185972,50592
15613,1734,2023-03-01,Vestuario,Chaqueta,2,91692,29206
15619,1734,2023-03-03,Deportes,Casco,2,112842,35885
15622,1734,2023-03-15,Tecnologia,Smartwatch,1,188622,36876
15617,1734,2023-03-18,Electrodomesticos,Secadora,1,191977,32443
15615,1734,2023-03-22,Electrodomesticos,Licuadora,1,94820,18946
15618,1734,2023-04-02,Deportes,Short,2,206468,55982
15616,1734,2023-04-08,Electrodomesticos,Cocina,1,105368,19026
15621,1734,2023-04-08,Electrodomesticos,Purificador,1,145709,29278
15620,1734,2023-04-21,Tecnologia,Teclado,1,192532,33641
15624,1734,2023-06-06,Tecnologia,Smartwatch,2,406823,87812
15614,1734,2023-06-29,Electrodomesticos,Horno,2,341695,75306
15623,1734,2023-12-25,Deportes,Bicicleta,1,37724,11024
15625,1735,2023-08-11,Tecnologia,Notebook,1,229848,46439
15633,1735,2023-08-11,Electrodomesticos,Refrigerador,4,583279,103146
15630,1735,2023-08-20,Hogar,Organizador,1,68591,19234
15631,1735,2023-08-27,Hogar,Cafetera,1,61902,15461
15628,1735,2023-09-01,Vestuario,Jeans,1,22620,7549
15626,1735,2023-10-22,Vestuario,Camisa,1,69308,28802
15632,1735,2023-11-01,Electrodomesticos,Lavadora,1,108697,19938
15629,1735,2023-11-14,Tecnologia,Audifonos,2,296393,57124
15627,1735,2024-02-10,Tecnologia,Audifonos,2,438059,92457
15634,1735,2024-09-26,Deportes,Raqueta,2,156608,46784
15635,1736,2023-10-28,Electrodomesticos,Purificador,1,201055,36173
15638,1736,2023-11-01,Tecnologia,Smartwatch,1,337063,70719
15637,1736,2023-11-21,Hogar,Organizador,1,119001,33911
15640,1736,2023-11-27,Tecnologia,Monitor,1,340915,51911
15643,1736,2023-12-03,Vestuario,Gorro,2,59014,17970
15639,1736,2023-12-31,Electrodomesticos,Lavadora,2,347215,50621
15642,1736,2024-01-09,Hogar,Cortinas,1,136767,38090
15644,1736,2024-05-16,Deportes,Colchoneta,2,129860,40457
15641,1736,2024-06-08,Deportes,Guantes,1,45391,14460
15636,1736,2024-09-28,Tecnologia,Notebook,4,700637,158618
15645,1737,2022-04-03,Electrodomesticos,Plancha,1,72968,14455
15649,1737,2022-04-17,Deportes,Raqueta,1,56803,15144
15648,1737,2022-04-22,Vestuario,Calcetines,1,26182,9228
15651,1737,2022-05-05,Tecnologia,Impresora,3,849523,191546
15650,1737,2022-05-29,Deportes,Raqueta,1,77051,25304
15647,1737,2022-06-21,Tecnologia,Tablet,2,378493,78478
15646,1737,2022-08-05,Electrodomesticos,Plancha,3,654359,95486
15652,1738,2024-10-06,Deportes,Poleron,1,83974,33302
15658,1738,2024-10-13,Tecnologia,Smartphone,2,438751,103002
15660,1738,2024-10-24,Vestuario,Pantalon,4,241481,104342
15653,1738,2024-10-27,Electrodomesticos,Lavadora,1,284293,43453
15657,1738,2024-11-20,Vestuario,Camisa,2,46639,14629
15654,1738,2024-12-17,Deportes,Guantes,2,280000,64940
15656,1738,2024-12-25,Deportes,Poleron,1,24759,6189
15655,1738,2024-12-26,Vestuario,Zapatillas,4,122022,43162
15659,1738,2024-12-30,Vestuario,Chaqueta,5,70271,24013
15661,1739,2023-08-25,Tecnologia,Smartphone,5,599187,110968
15666,1739,2023-08-30,Vestuario,Calcetines,3,123553,48979
15672,1739,2023-09-09,Tecnologia,Audifonos,1,241074,48179
15663,1739,2023-09-14,Hogar,Cortinas,2,229961,57057
15674,1739,2023-09-17,Hogar,Alfombra,3,357097,100737
15669,1739,2023-09-28,Hogar,Silla,1,56799,19236
15665,1739,2023-10-04,Hogar,Sofa,1,46604,14238
15671,1739,2023-10-29,Hogar,Cortinas,1,79708,21894
15664,1739,2023-12-15,Deportes,Guantes,1,105802,26488
15667,1739,2024-01-18,Tecnologia,Router,1,286171,50067
15668,1739,2024-01-22,Deportes,Casco,1,68253,22816
15673,1739,2024-02-04,Deportes,Guantes,1,69614,21370
15670,1739,2024-02-11,Tecnologia,Notebook,2,402593,79511
15662,1739,2024-03-04,Hogar,Organizador,1,98575,27112
15675,1740,2024-01-20,Hogar,Mesa,1,77057,23116
15677,1740,2024-01-21,Tecnologia,Smartphone,3,532487,106532
15679,1740,2024-02-02,Tecnologia,Mouse,1,201108,44347
15681,1740,2024-03-26,Hogar,Cortinas,1,156308,47820
15678,1740,2024-05-03,Electrodomesticos,Lavadora,2,592939,103382
15676,1740,2024-10-15,Tecnologia,Mouse,2,612599,116941
15680,1740,2024-12-31,Vestuario,Jeans,1,63359,22700
15682,1741,2022-08-17,Tecnologia,Smartphone,2,282088,64730
15685,1741,2022-09-07,Tecnologia,Audifonos,1,142480,30873
15683,1741,2022-09-23,Tecnologia,Teclado,3,773317,172197
15684,1741,2022-10-02,Vestuario,Chaqueta,3,41234,15682
15691,1741,2022-10-10,Vestuario,Pantalon,1,49000,16417
15686,1741,2022-10-14,Electrodomesticos,Lavadora,4,557479,98171
15688,1741,2022-10-21,Electrodomesticos,Licuadora,2,403363,69626
15690,1741,2022-11-02,Tecnologia,Smartphone,2,587823,128909
15687,1741,2023-01-01,Deportes,Balon,1,48101,15735
15689,1741,2023-01-03,Vestuario,Jeans,1,8000,3302
15692,1742,2023-06-07,Tecnologia,Mouse,1,251787,43936
15698,1742,2023-08-02,Tecnologia,Teclado,2,519598,82845
15694,1742,2023-08-09,Vestuario,Jeans,3,130186,35725
15695,1742,2024-01-21,Deportes,Bicicleta,1,67658,18807
15697,1742,2024-03-13,Electrodomesticos,Horno,3,296064,52344
15699,1742,2024-05-06,Deportes,Poleron,4,372367,113936
15693,1742,2024-07-06,Tecnologia,Notebook,1,332136,66805
15696,1742,2024-12-14,Electrodomesticos,Purificador,1,109608,16210
15700,1743,2024-08-30,Vestuario,Polera,1,29937,10503
15705,1743,2024-09-06,Tecnologia,Smartphone,2,479248,95670
15708,1743,2024-10-03,Tecnologia,Impresora,1,343555,80651
15709,1743,2024-12-17,Electrodomesticos,Aspiradora,3,419146,75544
15702,1743,2024-12-21,Hogar,Organizador,4,447093,104745
15701,1743,2024-12-24,Hogar,Organizador,1,99754,21764
15707,1743,2024-12-25,Vestuario,Calcetines,3,188778,71277
15703,1743,2024-12-27,Vestuario,Gorro,2,92433,30119
15706,1743,2024-12-29,Deportes,Colchoneta,1,101341,28196
15704,1743,2024-12-30,Electrodomesticos,Horno,2,350506,46628
15710,1744,2024-07-27,Deportes,Pesas,2,116159,46704
15716,1744,2024-08-06,Electrodomesticos,Refrigerador,1,186932,32045
15714,1744,2024-08-21,Electrodomesticos,Licuadora,2,380397,61342
15713,1744,2024-09-05,Deportes,Guantes,1,63589,20091
15718,1744,2024-09-05,Vestuario,Camisa,3,98082,32178
15712,1744,2024-09-26,Tecnologia,Monitor,6,1395937,271151
15711,1744,2024-12-23,Deportes,Poleron,1,64308,19601
15715,1744,2024-12-24,Electrodomesticos,Cocina,1,143215,23908
15717,1744,2024-12-26,Hogar,Mesa,1,65665,15931
15719,1745,2023-03-27,Deportes,Guantes,1,79876,21092
15720,1745,2023-04-05,Electrodomesticos,Purificador,1,151021,23497
15723,1745,2023-05-04,Deportes,Bicicleta,1,77125,21072
15722,1745,2023-06-21,Deportes,Poleron,2,101448,30770
15724,1745,2023-08-14,Deportes,Botella,1,84841,24283
15721,1745,2023-08-25,Electrodomesticos,Licuadora,4,305211,45442
15725,1746,2023-12-30,Electrodomesticos,Licuadora,1,335450,73850
15727,1746,2024-01-10,Electrodomesticos,Licuadora,1,148800,28855
15728,1746,2024-02-14,Tecnologia,Monitor,1,77000,18758
15726,1746,2024-03-18,Electrodomesticos,Cocina,1,257107,56219
15729,1747,2024-08-30,Electrodomesticos,Licuadora,1,233914,42456
15731,1747,2024-09-01,Electrodomesticos,Microondas,3,606444,97424
15737,1747,2024-09-07,Electrodomesticos,Secadora,2,126000,21839
15732,1747,2024-11-06,Tecnologia,Smartphone,2,229738,36144
15734,1747,2024-11-19,Deportes,Casco,1,86624,26003
15733,1747,2024-11-25,Tecnologia,Teclado,2,657038,118350
15736,1747,2024-12-24,Hogar,Termo,3,242155,75676
15730,1747,2024-12-26,Hogar,Termo,1,100665,25904
15735,1747,2024-12-28,Tecnologia,Tablet,5,1031102,198619
15738,1748,2023-04-05,Deportes,Raqueta,1,56640,15385
15739,1748,2023-05-01,Hogar,Silla,1,109256,32864
15743,1748,2023-05-13,Deportes,Pesas,5,236071,78322
15741,1748,2023-05-27,Vestuario,Calcetines,2,129785,45706
15744,1748,2023-05-27,Deportes,Pesas,3,216188,68239
15745,1748,2023-06-16,Deportes,Short,4,252513,70139
15740,1748,2023-09-01,Electrodomesticos,Purificador,4,374967,62721
15742,1748,2023-09-05,Hogar,Cortinas,2,122395,33994
15746,1748,2023-10-25,Deportes,Botella,1,80833,21423
15747,1749,2023-02-25,Vestuario,Calcetines,2,58626,24451
15752,1749,2023-03-17,Tecnologia,Tablet,1,306722,60385
15751,1749,2023-05-24,Tecnologia,Smartphone,2,205659,39458
15753,1749,2023-07-03,Tecnologia,Mouse,1,237831,40389
15749,1749,2023-07-21,Tecnologia,Notebook,2,374609,77349
15750,1749,2023-08-29,Hogar,Sofa,1,111116,24320
15748,1749,2023-11-22,Hogar,Lampara,1,70063,15199
15754,1749,2023-11-25,Hogar,Silla,1,61448,16719
15755,1750,2022-06-25,Deportes,Pesas,1,66432,18184
15758,1750,2022-10-07,Hogar,Hervidor,2,252001,73218
15757,1750,2022-10-11,Vestuario,Buzo,2,38113,13668
15756,1750,2022-12-06,Deportes,Raqueta,1,98788,29620
15759,1751,2023-06-20,Vestuario,Pantalon,2,104781,30902
15761,1751,2023-06-26,Hogar,Organizador,1,116848,31112
15763,1751,2023-07-15,Tecnologia,Tablet,1,293651,59499
15760,1751,2023-08-05,Deportes,Short,1,77418,21466
15762,1751,2023-10-03,Deportes,Guantes,2,221445,68245
15764,1752,2023-10-13,Tecnologia,Smartwatch,3,535160,103708
15766,1752,2024-05-09,Hogar,Sofa,1,84308,21253
15765,1752,2024-12-21,Deportes,Short,3,96299,21117
15767,1753,2024-01-23,Vestuario,Chaqueta,3,184276,67084
15769,1753,2024-02-13,Electrodomesticos,Secadora,1,305207,54360
15772,1753,2024-03-01,Deportes,Colchoneta,1,92772,27696
15775,1753,2024-03-07,Tecnologia,Mouse,2,584426,114290
15774,1753,2024-03-11,Hogar,Lampara,3,228983,54595
15771,1753,2024-04-07,Electrodomesticos,Aspiradora,2,323122,64951
15776,1753,2024-04-20,Electrodomesticos,Purificador,1,200143,35937
15777,1753,2024-04-27,Deportes,Pesas,2,143100,38316
15773,1753,2024-07-19,Deportes,Colchoneta,1,96518,33176
15768,1753,2024-09-14,Electrodomesticos,Secadora,3,603415,101146
15770,1753,2024-10-20,Deportes,Balon,1,37102,9883
15778,1754,2024-07-17,Vestuario,Polera,2,62536,21123
15780,1754,2024-08-28,Tecnologia,Router,2,426020,95799
15783,1754,2024-09-01,Vestuario,Zapatillas,2,73467,26522
15781,1754,2024-10-05,Vestuario,Pantalon,3,73971,23802
15785,1754,2024-11-13,Tecnologia,Tablet,2,250884,43896
15779,1754,2024-12-22,Electrodomesticos,Purificador,1,177064,29255
15786,1754,2024-12-23,Deportes,Balon,2,124908,32695
15784,1754,2024-12-26,Deportes,Pesas,2,142038,36141
15782,1754,2024-12-27,Vestuario,Polera,2,117630,39046
15787,1755,2024-06-28,Vestuario,Jeans,1,30787,10122
15789,1755,2024-07-15,Deportes,Raqueta,3,183047,57486
15794,1755,2024-07-15,Deportes,Colchoneta,5,507699,152979
15790,1755,2024-07-31,Hogar,Silla,6,688983,193898
15791,1755,2024-08-05,Vestuario,Buzo,1,75554,27280
15797,1755,2024-08-21,Hogar,Termo,2,156920,47590
15796,1755,2024-12-21,Hogar,Sofa,4,240702,62587
15795,1755,2024-12-22,Vestuario,Polera,4,117284,34360
15798,1755,2024-12-27,Hogar,Hervidor,2,159901,46654
15792,1755,2024-12-28,Hogar,Cafetera,2,179527,53947
15793,1755,2024-12-28,Hogar,Alfombra,2,121415,32048
15788,1755,2024-12-30,Hogar,Silla,1,131234,29712
15799,1756,2023-02-23,Hogar,Cortinas,2,63000,15016
15802,1756,2023-04-06,Deportes,Guantes,4,298629,74730
15803,1756,2023-05-29,Tecnologia,Smartwatch,1,186476,43182
15801,1756,2023-07-12,Deportes,Pesas,1,64160,23239
15800,1756,2023-10-03,Electrodomesticos,Refrigerador,3,888503,111951
15804,1757,2024-11-18,Hogar,Silla,1,88167,22885
15811,1757,2024-11-26,Vestuario,Jeans,1,31335,11185
15810,1757,2024-12-14,Electrodomesticos,Plancha,4,883197,154270
15808,1757,2024-12-21,Deportes,Short,1,59401,13666
15807,1757,2024-12-24,Electrodomesticos,Microondas,1,205200,38321
15805,1757,2024-12-27,Electrodomesticos,Licuadora,2,570211,101571
15806,1757,2024-12-27,Hogar,Cortinas,3,247964,67251
15809,1757,2024-12-31,Electrodomesticos,Lavadora,1,197093,24853
15812,1758,2023-05-29,Tecnologia,Audifonos,1,194760,42303
15813,1758,2023-07-03,Tecnologia,Smartwatch,1,228640,40879
15815,1758,2023-07-12,Hogar,Silla,1,76806,19114
15819,1758,2023-09-30,Deportes,Guantes,2,56337,14094
15817,1758,2023-11-09,Deportes,Short,3,73500,21672
15814,1758,2023-11-23,Hogar,Alfombra,1,92395,25313
15818,1758,2023-12-28,Electrodomesticos,Cocina,2,433108,81944
15816,1758,2024-07-10,Electrodomesticos,Purificador,2,416539,58865
15820,1759,2022-10-15,Vestuario,Pantalon,5,175197,63653
15822,1759,2022-11-23,Deportes,Botella,2,98329,23259
15824,1759,2022-12-28,Vestuario,Camisa,1,65688,24430
15821,1759,2023-03-18,Tecnologia,Smartphone,1,387748,89686
15823,1759,2023-04-27,Tecnologia,Smartwatch,2,449396,96308
15825,1760,2023-11-14,Vestuario,Jeans,2,103715,33391
15839,1760,2023-11-25,Deportes,Raqueta,1,135085,40847
15826,1760,2023-11-26,Hogar,Organizador,1,83355,26465
15831,1760,2023-11-26,Electrodomesticos,Cocina,1,107645,18311
15835,1760,2023-12-08,Vestuario,Pantalon,1,43997,15349
15836,1760,2023-12-21,Hogar,Sofa,1,102263,22332
15838,1760,2023-12-21,Hogar,Hervidor,1,65555,16378
15829,1760,2024-01-30,Vestuario,Jeans,3,84106,27650
15833,1760,2024-02-17,Tecnologia,Impresora,2,217869,40476
15837,1760,2024-02-22,Vestuario,Chaqueta,2,101772,33823
15827,1760,2024-04-09,Vestuario,Jeans,2,29036,9878
15828,1760,2024-06-08,Tecnologia,Mouse,2,451441,107695
15832,1760,2024-10-05,Deportes,Balon,3,330871,102338
15830,1760,2024-10-18,Tecnologia,Smartphone,1,190328,44961
15834,1760,2024-12-30,Deportes,Short,1,120353,35615
15840,1761,2023-12-26,Tecnologia,Smartwatch,2,613637,122118
15844,1761,2023-12-27,Tecnologia,Mouse,1,210092,42467
15843,1761,2024-02-06,Vestuario,Gorro,1,41979,17577
15848,1761,2024-02-07,Hogar,Alfombra,1,93782,28219
15842,1761,2024-02-18,Deportes,Short,1,44985,11757
15847,1761,2024-02-21,Vestuario,Polera,1,37451,13150
15845,1761,2024-03-02,Hogar,Cafetera,1,89108,24469
15846,1761,2024-04-10,Tecnologia,Notebook,2,435894,82676
15841,1761,2024-04-15,Hogar,Cafetera,2,195925,61368
15849,1762,2023-12-19,Tecnologia,Router,1,196267,34001
15857,1762,2023-12-23,Tecnologia,Smartphone,1,179693,33246
15853,1762,2023-12-31,Hogar,Organizador,1,61159,16443
15856,1762,2024-01-08,Tecnologia,Impresora,4,705942,121641
15850,1762,2024-01-16,Hogar,Cortinas,5,454399,117927
15852,1762,2024-02-01,Electrodomesticos,Refrigerador,1,216908,42840
15851,1762,2024-03-31,Vestuario,Chaqueta,1,36230,13242
15855,1762,2024-06-05,Tecnologia,Impresora,1,167827,34292
15859,1762,2024-06-15,Hogar,Cortinas,2,150552,42073
15858,1762,2024-12-27,Deportes,Pesas,2,113205,30853
15854,1762,2024-12-28,Tecnologia,Router,1,243113,45305
15860,1763,2024-11-27,Deportes,Raqueta,1,48131,14409
15861,1763,2024-11-30,Hogar,Hervidor,1,69940,15335
15862,1763,2024-12-22,Tecnologia,Smartwatch,3,381296,62067
15863,1763,2024-12-23,Deportes,Guantes,1,91926,26089
15864,1763,2024-12-24,Deportes,Short,1,61314,17655
15865,1764,2024-11-25,Vestuario,Zapatillas,2,55580,21601
15866,1764,2024-12-05,Vestuario,Pantalon,1,63156,21715
15873,1764,2024-12-05,Electrodomesticos,Licuadora,1,182063,27467
15868,1764,2024-12-21,Vestuario,Polera,1,68953,20269
15872,1764,2024-12-22,Deportes,Botella,2,139964,33855
15870,1764,2024-12-24,Electrodomesticos,Purificador,2,407050,67944
15869,1764,2024-12-25,Tecnologia,Router,1,298005,52147
15874,1764,2024-12-25,Vestuario,Chaqueta,1,30473,10603
15867,1764,2024-12-26,Electrodomesticos,Horno,1,146708,26026
15875,1764,2024-12-26,Tecnologia,Teclado,2,250039,40292
15871,1764,2024-12-27,Deportes,Bicicleta,2,82356,21106
15876,1765,2024-09-25,Hogar,Organizador,3,224869,48641
15885,1765,2024-11-04,Deportes,Pesas,1,80608,28498
15882,1765,2024-11-07,Tecnologia,Teclado,2,353005,67911
15884,1765,2024-11-15,Electrodomesticos,Microondas,2,444915,74067
15877,1765,2024-11-25,Hogar,Hervidor,1,68620,20681
15878,1765,2024-12-21,Vestuario,Vestido,1,61532,19053
15879,1765,2024-12-21,Electrodomesticos,Plancha,3,565290,95386
15880,1765,2024-12-22,Hogar,Cortinas,1,76342,18416
15881,1765,2024-12-22,Vestuario,Camisa,1,56226,18047
15883,1765,2024-12-25,Deportes,Balon,1,61849,17188
15886,1766,2023-06-01,Tecnologia,Monitor,2,647330,96628
15893,1766,2023-06-03,Hogar,Mesa,4,254463,63382
15898,1766,2023-06-28,Deportes,Short,2,181657,47140
15892,1766,2023-07-19,Vestuario,Vestido,1,19546,7859
15890,1766,2023-07-26,Hogar,Lampara,1,141867,36270
15891,1766,2023-08-11,Tecnologia,Impresora,2,702192,163673
15899,1766,2023-09-11,Tecnologia,Notebook,2,352810,68245
15894,1766,2023-09-22,Electrodomesticos,Secadora,1,147779,32180
15889,1766,2023-10-06,Electrodomesticos,Refrigerador,1,221306,41997
15888,1766,2023-11-21,Electrodomesticos,Purificador,6,696728,84176
15896,1766,2024-04-26,Hogar,Sofa,1,102107,26466
15895,1766,2024-04-29,Vestuario,Buzo,1,35348,10336
15887,1766,2024-09-12,Hogar,Silla,4,292711,91372
15897,1766,2024-11-11,Tecnologia,Audifonos,2,668230,144817
15900,1767,2023-02-08,Deportes,Guantes,1,84683,21899
15904,1767,2023-03-23,Deportes,Balon,2,156921,55149
15901,1767,2023-03-29,Vestuario,Vestido,2,150854,58504
15902,1767,2023-05-24,Hogar,Termo,1,89154,30174
15903,1767,2023-08-04,Vestuario,Pantalon,1,48017,18110
15905,1768,2023-08-05,Hogar,Sofa,1,91107,29612
15907,1768,2023-08-26,Deportes,Botella,2,79861,18320
15908,1768,2023-11-29,Electrodomesticos,Plancha,2,302919,39700
15909,1768,2024-02-03,Tecnologia,Audifonos,2,303065,60888
15906,1768,2024-08-15,Hogar,Hervidor,3,360121,106892
15910,1769,2024-10-14,Hogar,Alfombra,3,316933,84850
15913,1769,2024-11-09,Vestuario,Zapatillas,2,22391,6890
15912,1769,2024-12-21,Hogar,Hervidor,2,187303,50191
15911,1769,2024-12-25,Tecnologia,Audifonos,3,494140,88302
15914,1769,2024-12-29,Electrodomesticos,Horno,2,208592,26473
15915,1770,2024-02-02,Electrodomesticos,Cocina,1,124476,22816
15919,1770,2024-02-06,Tecnologia,Notebook,1,278611,64850
15917,1770,2024-02-26,Electrodomesticos,Lavadora,4,796808,139128
15918,1770,2024-02-29,Tecnologia,Tablet,2,154000,29166
15916,1770,2024-08-20,Tecnologia,Mouse,4,596832,117302
15920,1770,2024-10-22,Tecnologia,Tablet,1,267424,66317
15921,1771,2023-12-09,Deportes,Colchoneta,2,113772,35770
15922,1771,2023-12-12,Vestuario,Vestido,3,79406,32191
15923,1771,2024-01-21,Deportes,Poleron,1,99173,27683
15926,1771,2024-01-31,Deportes,Botella,1,88446,24837
15929,1771,2024-02-06,Hogar,Silla,2,117019,27911
15928,1771,2024-03-21,Hogar,Hervidor,4,367425,91455
15925,1771,2024-04-02,Electrodomesticos,Purificador,1,148991,28478
15927,1771,2024-05-15,Vestuario,Zapatillas,1,25277,9587
15924,1771,2024-06-18,Deportes,Raqueta,4,250334,78207
15930,1771,2024-12-25,Hogar,Mesa,1,117460,31460
15931,1772,2023-12-05,Tecnologia,Teclado,1,130400,19505
15935,1772,2023-12-30,Hogar,Sofa,1,125725,36319
15934,1772,2024-01-05,Vestuario,Zapatillas,1,36197,12579
15939,1772,2024-02-04,Tecnologia,Audifonos,1,122929,18240
15937,1772,2024-02-13,Deportes,Poleron,3,195809,51506
15938,1772,2024-03-15,Electrodomesticos,Horno,2,487762,109970
15936,1772,2024-04-14,Tecnologia,Mouse,1,94426,22364
15940,1772,2024-05-04,Vestuario,Gorro,1,39453,10061
15942,1772,2024-06-22,Tecnologia,Notebook,2,504476,86000
15941,1772,2024-07-18,Tecnologia,Teclado,1,223834,47598
15932,1772,2024-12-29,Electrodomesticos,Microondas,1,270616,45216
15933,1772,2024-12-31,Tecnologia,Monitor,1,131215,24080
15943,1773,2023-11-09,Electrodomesticos,Cocina,1,250653,41370
15944,1773,2023-11-12,Hogar,Alfombra,1,63689,19577
15946,1773,2023-11-22,Hogar,Cafetera,1,116439,28971
15948,1773,2024-02-09,Electrodomesticos,Secadora,2,459331,64156
15945,1773,2024-06-02,Hogar,Cafetera,2,324515,69543
15947,1773,2024-07-31,Tecnologia,Notebook,1,281451,53850
15949,1774,2023-09-15,Electrodomesticos,Microondas,2,415276,67014
15956,1774,2023-09-26,Hogar,Organizador,2,283827,74667
15958,1774,2023-10-04,Hogar,Lampara,2,107791,25043
15952,1774,2023-10-13,Vestuario,Pantalon,1,46404,18075
15951,1774,2023-10-14,Deportes,Bicicleta,1,71166,20976
15962,1774,2023-10-15,Electrodomesticos,Purificador,1,179130,34240
15960,1774,2023-10-31,Hogar,Sofa,1,81007,23415
15959,1774,2023-11-11,Deportes,Guantes,1,33534,10336
15961,1774,2023-11-21,Hogar,Sofa,1,127413,36620
15950,1774,2023-12-16,Vestuario,Jeans,1,43799,18334
15953,1774,2023-12-19,Deportes,Balon,2,106135,26580
15957,1774,2024-02-09,Hogar,Termo,1,79128,22667
15955,1774,2024-05-24,Electrodomesticos,Horno,1,174006,30589
15954,1774,2024-10-18,Vestuario,Pantalon,1,18249,6013
15963,1775,2024-11-04,Vestuario,Calcetines,3,147906,49801
15964,1775,2024-11-15,Tecnologia,Mouse,1,155908,28663
15967,1775,2024-11-18,Hogar,Lampara,1,58614,16238
15966,1775,2024-12-18,Deportes,Botella,1,76593,20108
15965,1775,2024-12-21,Hogar,Organizador,2,115591,30599
15968,1776,2022-03-30,Hogar,Alfombra,1,75978,21679
15974,1776,2022-03-31,Deportes,Colchoneta,1,81595,25385
15975,1776,2022-05-13,Tecnologia,Audifonos,3,694601,143415
15970,1776,2022-05-21,Tecnologia,Tablet,1,128701,22150
15976,1776,2022-07-26,Hogar,Silla,1,47374,12805
15972,1776,2022-08-12,Vestuario,Calcetines,1,85934,31327
15971,1776,2022-08-31,Hogar,Sofa,4,361525,103318
15969,1776,2022-09-15,Electrodomesticos,Microondas,3,982408,160120
15973,1776,2022-11-26,Hogar,Lampara,1,104553,26210
15977,1777,2024-05-20,Hogar,Organizador,1,100511,22992
15980,1777,2024-05-21,Deportes,Colchoneta,1,87017,24431
15979,1777,2024-08-06,Tecnologia,Smartwatch,1,163116,29952
15978,1777,2024-10-20,Vestuario,Gorro,3,136183,52312
15981,1777,2024-12-30,Electrodomesticos,Licuadora,3,270854,34433
15982,1778,2023-03-12,Electrodomesticos,Secadora,2,153377,30506
15983,1778,2023-04-18,Vestuario,Jeans,1,34793,11386
15988,1778,2023-04-19,Deportes,Colchoneta,1,84584,23771
15985,1778,2023-05-07,Deportes,Guantes,1,27829,7752
15992,1778,2023-05-14,Tecnologia,Impresora,2,277107,56003
15987,1778,2023-05-23,Electrodomesticos,Microondas,2,552258,104351
15994,1778,2023-05-24,Vestuario,Buzo,2,60559,16683
15991,1778,2023-06-10,Tecnologia,Mouse,3,375002,79703
15989,1778,2023-08-09,Tecnologia,Tablet,1,241369,50753
15984,1778,2023-08-28,Vestuario,Vestido,4,259524,94291
15990,1778,2023-11-03,Hogar,Silla,1,83716,21346
15993,1778,2023-11-05,Tecnologia,Smartwatch,3,231000,34392
15986,1778,2023-12-18,Deportes,Colchoneta,1,24500,6502
15995,1779,2023-07-08,Hogar,Hervidor,2,226340,54094
15999,1779,2023-09-03,Vestuario,Polera,4,123092,41387
15998,1779,2023-11-01,Vestuario,Pantalon,3,131074,42343
15997,1779,2024-01-07,Electrodomesticos,Refrigerador,1,234317,45814
16001,1779,2024-04-03,Tecnologia,Impresora,2,460328,91149
15996,1779,2024-04-16,Hogar,Cafetera,3,258616,75639
16000,1779,2024-05-12,Vestuario,Buzo,1,14320,4830
16002,1780,2022-01-19,Tecnologia,Tablet,1,309122,55700
16005,1780,2022-02-18,Electrodomesticos,Purificador,2,335986,57799
16010,1780,2022-02-25,Electrodomesticos,Horno,2,530975,91403
16003,1780,2022-03-06,Hogar,Mesa,1,125886,37376
16004,1780,2022-03-23,Electrodomesticos,Aspiradora,1,168094,33438
16008,1780,2022-06-05,Electrodomesticos,Secadora,3,582534,102504
16012,1780,2022-07-03,Deportes,Poleron,3,281224,82424
16011,1780,2022-08-02,Tecnologia,Impresora,1,243648,43101
16007,1780,2022-08-05,Hogar,Silla,5,584072,131273
16009,1780,2022-08-29,Vestuario,Pantalon,1,18518,6372
16006,1780,2022-09-12,Tecnologia,Monitor,1,274141,54286
16013,1780,2023-10-06,Vestuario,Buzo,2,68901,23672
16014,1781,2024-10-16,Vestuario,Vestido,1,56183,19995
16020,1781,2024-10-25,Vestuario,Polera,3,118875,42136
16019,1781,2024-10-30,Electrodomesticos,Refrigerador,1,206621,32882
16016,1781,2024-12-23,Vestuario,Calcetines,2,51706,18313
16015,1781,2024-12-24,Tecnologia,Mouse,1,276479,41849
16017,1781,2024-12-25,Tecnologia,Impresora,1,138945,31564
16018,1781,2024-12-29,Vestuario,Calcetines,1,64482,23258
16021,1782,2023-11-30,Hogar,Silla,2,221079,56330
16023,1782,2023-12-08,Tecnologia,Notebook,1,265426,47639
16029,1782,2023-12-09,Deportes,Poleron,1,68091,19425
16022,1782,2023-12-10,Vestuario,Calcetines,3,126858,43229
16024,1782,2024-01-18,Tecnologia,Mouse,3,1019196,165925
16028,1782,2024-01-28,Deportes,Guantes,1,66623,24026
16027,1782,2024-03-08,Deportes,Colchoneta,3,329311,99874
16025,1782,2024-03-16,Hogar,Termo,2,88263,19603
16026,1782,2024-12-21,Deportes,Bicicleta,3,244938,71110
16030,1783,2023-05-29,Hogar,Cortinas,1,63474,14764
16032,1783,2023-07-02,Vestuario,Pantalon,2,157745,49671
16031,1783,2023-08-18,Vestuario,Calcetines,1,56215,17296
16036,1783,2023-09-16,Tecnologia,Router,3,744998,158122
16035,1783,2023-10-24,Electrodomesticos,Plancha,1,181780,29002
16033,1783,2024-02-13,Deportes,Casco,2,86627,26240
16034,1783,2024-02-24,Electrodomesticos,Microondas,2,472289,85046
16037,1784,2023-10-06,Vestuario,Zapatillas,2,78381,32282
16040,1784,2023-10-29,Electrodomesticos,Horno,1,141225,30519
16043,1784,2023-10-30,Deportes,Pesas,1,80080,24918
16038,1784,2023-12-01,Vestuario,Gorro,3,149558,58852
16041,1784,2023-12-16,Deportes,Pesas,1,49090,13595
16042,1784,2023-12-17,Deportes,Colchoneta,1,63438,20669
16039,1784,2024-01-10,Tecnologia,Smartphone,3,612052,133428
16044,1785,2024-05-15,Vestuario,Vestido,4,110042,35913
16047,1785,2024-06-20,Hogar,Cafetera,1,79183,20866
16054,1785,2024-06-24,Electrodomesticos,Lavadora,5,740777,93338
16052,1785,2024-06-26,Hogar,Sofa,6,318392,80474
16046,1785,2024-07-07,Vestuario,Calcetines,2,156385,51770
16050,1785,2024-08-04,Tecnologia,Mouse,2,514475,108558
16048,1785,2024-08-19,Electrodomesticos,Secadora,1,123542,17640
16045,1785,2024-08-26,Tecnologia,Audifonos,1,194097,36216
16051,1785,2024-09-22,Electrodomesticos,Refrigerador,3,264956,44708
16049,1785,2024-10-08,Vestuario,Camisa,2,80439,27052
16053,1785,2024-12-25,Electrodomesticos,Aspiradora,3,727440,159928
16055,1786,2022-07-26,Hogar,Organizador,3,115724,30738
16061,1786,2022-09-03,Deportes,Casco,2,147559,39676
16062,1786,2022-09-12,Electrodomesticos,Horno,1,142987,24445
16058,1786,2022-09-30,Deportes,Pesas,3,409072,112735
16056,1786,2022-10-01,Vestuario,Gorro,1,30538,12504
16060,1786,2022-10-01,Vestuario,Buzo,1,48416,11862
16057,1786,2022-11-26,Vestuario,Vestido,3,36589,11934
16059,1786,2023-01-07,Tecnologia,Smartwatch,3,687552,148394
16063,1786,2023-05-31,Hogar,Hervidor,4,367626,105881
16064,1787,2023-09-19,Tecnologia,Notebook,2,408276,89559
16066,1787,2023-09-19,Deportes,Guantes,1,78789,22868
16071,1787,2023-11-11,Electrodomesticos,Plancha,1,194292,30970
16070,1787,2023-11-17,Vestuario,Buzo,2,95725,29201
16068,1787,2023-12-21,Vestuario,Jeans,1,45648,12910
16072,1787,2024-01-01,Electrodomesticos,Aspiradora,1,231537,39538
16067,1787,2024-02-23,Electrodomesticos,Microondas,2,495602,92510
16065,1787,2024-03-04,Hogar,Hervidor,1,48456,14532
16069,1787,2024-04-08,Deportes,Short,2,105081,36124
16073,1788,2024-08-27,Vestuario,Buzo,1,59654,19044
16077,1788,2024-08-30,Vestuario,Chaqueta,1,19925,8588
16074,1788,2024-08-31,Tecnologia,Router,1,165609,30931
16078,1788,2024-11-10,Tecnologia,Mouse,1,204224,37264
16076,1788,2024-12-12,Deportes,Bicicleta,1,104293,27301
16080,1788,2024-12-17,Tecnologia,Mouse,2,450715,92312
16075,1788,2024-12-25,Hogar,Alfombra,1,31500,8457
16079,1788,2024-12-27,Tecnologia,Teclado,3,535249,113916
16081,1789,2022-05-26,Electrodomesticos,Purificador,5,1283506,211686
16084,1789,2022-05-30,Vestuario,Camisa,1,66792,25695
16082,1789,2022-06-04,Electrodomesticos,Microondas,1,84183,10607
16087,1789,2022-06-12,Hogar,Lampara,1,150332,35956
16086,1789,2022-06-18,Tecnologia,Audifonos,1,279579,49134
16085,1789,2022-07-14,Deportes,Bicicleta,4,240896,83323
16083,1789,2022-07-22,Hogar,Lampara,1,42481,11177
16088,1790,2023-03-13,Tecnologia,Monitor,1,140850,27671
16092,1790,2023-05-11,Deportes,Casco,2,156786,43574
16094,1790,2023-05-13,Electrodomesticos,Microondas,1,126344,20792
16091,1790,2023-05-20,Vestuario,Gorro,1,27669,10419
16093,1790,2023-05-21,Vestuario,Polera,1,28107,9458
16090,1790,2023-05-28,Tecnologia,Teclado,2,371484,52641
16089,1790,2023-09-04,Electrodomesticos,Licuadora,1,119602,21045
16095,1791,2023-04-25,Hogar,Mesa,1,94450,25141
16102,1791,2023-04-28,Deportes,Guantes,4,128116,44853
16097,1791,2023-05-15,Vestuario,Buzo,1,12539,5398
16098,1791,2023-06-14,Hogar,Sofa,1,137351,41206
16101,1791,2023-06-29,Vestuario,Jeans,2,88463,29617
16096,1791,2023-08-06,Deportes,Balon,2,236547,63671
16099,1791,2023-08-15,Electrodomesticos,Horno,3,610317,127375
16100,1791,2024-01-04,Vestuario,Gorro,1,40590,13454
16103,1792,2023-10-05,Electrodomesticos,Plancha,2,465073,62272
16105,1792,2023-10-14,Tecnologia,Teclado,1,208392,46808
16111,1792,2023-10-19,Tecnologia,Router,1,272587,53015
16108,1792,2023-10-29,Electrodomesticos,Aspiradora,1,153376,28622
16106,1792,2023-12-08,Electrodomesticos,Secadora,3,360448,58945
16109,1792,2023-12-11,Deportes,Bicicleta,3,182987,50691
16104,1792,2023-12-22,Deportes,Raqueta,1,49850,14206
16110,1792,2024-02-21,Deportes,Pesas,3,80949,26214
16112,1792,2024-03-09,Tecnologia,Monitor,1,142363,33962
16107,1792,2024-09-15,Hogar,Hervidor,3,109640,32159
16113,1793,2023-04-26,Vestuario,Gorro,3,135704,48433
16115,1793,2023-04-30,Deportes,Colchoneta,1,24500,7138
16118,1793,2023-05-04,Vestuario,Calcetines,1,71517,26566
16119,1793,2023-07-12,Hogar,Organizador,1,78221,21834
16117,1793,2023-08-16,Tecnologia,Audifonos,3,597707,115573
16116,1793,2023-08-20,Hogar,Cafetera,4,333883,94632
16114,1793,2024-11-13,Hogar,Alfombra,2,206108,42569
16120,1794,2024-03-15,Hogar,Termo,3,94500,22787
16122,1794,2024-03-22,Tecnologia,Notebook,2,451159,95660
16124,1794,2024-04-12,Hogar,Cortinas,2,154648,50848
16131,1794,2024-04-13,Deportes,Raqueta,2,97324,25744
16123,1794,2024-04-18,Hogar,Cortinas,1,38170,10255
16125,1794,2024-05-10,Hogar,Termo,2,233225,69598
16126,1794,2024-05-18,Electrodomesticos,Microondas,2,363085,74062
16130,1794,2024-06-19,Hogar,Mesa,1,109370,31171
16128,1794,2024-07-07,Electrodomesticos,Secadora,1,235379,43310
16127,1794,2024-10-05,Vestuario,Polera,2,78215,27259
16121,1794,2024-12-23,Electrodomesticos,Refrigerador,1,233630,31298
16129,1794,2024-12-29,Electrodomesticos,Refrigerador,1,277420,45693
16132,1795,2023-05-23,Tecnologia,Impresora,2,456485,91263
16143,1795,2023-07-14,Electrodomesticos,Licuadora,1,133295,19341
16134,1795,2023-09-06,Tecnologia,Smartphone,2,402054,78802
16139,1795,2023-10-02,Vestuario,Polera,2,59754,20171
16140,1795,2023-10-03,Hogar,Hervidor,1,59954,15978
16138,1795,2023-10-08,Hogar,Lampara,3,235043,62004
16136,1795,2023-10-29,Electrodomesticos,Refrigerador,2,534684,111668
16141,1795,2023-11-04,Tecnologia,Router,1,329089,59995
16144,1795,2023-11-09,Vestuario,Jeans,4,55209,18329
16142,1795,2024-01-20,Hogar,Hervidor,1,60784,17809
16137,1795,2024-02-13,Electrodomesticos,Lavadora,1,133966,25337
16135,1795,2024-04-18,Vestuario,Camisa,5,239065,61522
16133,1795,2024-05-09,Deportes,Raqueta,1,24500,8238
16145,1796,2023-07-17,Hogar,Alfombra,3,366908,90301
16146,1796,2023-07-18,Tecnologia,Teclado,1,223289,44770
16153,1796,2023-07-25,Vestuario,Jeans,1,29097,9986
16154,1796,2023-07-27,Tecnologia,Notebook,1,101267,23441
16149,1796,2023-08-08,Tecnologia,Router,3,607984,97547
16147,1796,2023-08-10,Deportes,Colchoneta,3,210844,57091
16151,1796,2023-08-29,Vestuario,Chaqueta,1,23359,8222
16150,1796,2023-09-16,Electrodomesticos,Refrigerador,1,83230,16145
16148,1796,2024-03-02,Electrodomesticos,Plancha,2,349773,61939
16152,1796,2024-04-27,Electrodomesticos,Cocina,2,175066,33561
16155,1797,2022-11-21,Deportes,Colchoneta,3,214430,65276
16158,1797,2022-11-23,Deportes,Short,1,43408,9607
16160,1797,2022-12-24,Vestuario,Camisa,2,214666,76243
16156,1797,2023-01-19,Tecnologia,Impresora,1,167938,40825
16159,1797,2023-05-19,Deportes,Colchoneta,1,69682,20240
16157,1797,2023-07-01,Tecnologia,Smartwatch,1,268751,52493
16161,1798,2024-09-28,Deportes,Balon,3,193508,54041
16164,1798,2024-10-10,Deportes,Balon,1,34917,11138
16165,1798,2024-10-15,Tecnologia,Notebook,1,332706,66017
16163,1798,2024-10-30,Electrodomesticos,Lavadora,2,315317,58561
16166,1798,2024-11-29,Deportes,Poleron,1,120978,30431
16162,1798,2024-12-30,Electrodomesticos,Lavadora,1,226580,34401
16167,1799,2022-02-23,Vestuario,Camisa,2,29793,11621
16173,1799,2022-03-09,Deportes,Casco,2,118203,34051
16172,1799,2022-03-29,Tecnologia,Impresora,2,455672,88914
16169,1799,2022-04-01,Tecnologia,Teclado,1,77000,14136
16168,1799,2022-04-05,Deportes,Poleron,1,36918,12729
16170,1799,2022-04-16,Hogar,Cafetera,2,143542,35318
16171,1799,2022-04-23,Deportes,Casco,1,66261,16717
16174,1799,2022-05-16,Electrodomesticos,Cocina,3,189000,31537
16176,1799,2022-06-20,Deportes,Guantes,2,142609,44332
16175,1799,2022-07-27,Hogar,Alfombra,2,120487,26306
16177,1800,2024-09-09,Electrodomesticos,Microondas,2,404277,71923
16187,1800,2024-09-14,Tecnologia,Impresora,3,231000,43711
16188,1800,2024-10-08,Electrodomesticos,Secadora,1,90394,16612
16178,1800,2024-10-17,Electrodomesticos,Aspiradora,1,166945,30658
16182,1800,2024-10-19,Tecnologia,Monitor,1,151802,29765
16186,1800,2024-10-30,Hogar,Silla,1,77027,21768
16184,1800,2024-11-26,Hogar,Cortinas,1,41105,10697
16183,1800,2024-12-20,Deportes,Short,6,540002,135496
16181,1800,2024-12-21,Hogar,Alfombra,1,80066,18621
16179,1800,2024-12-23,Tecnologia,Audifonos,1,253794,45307
16185,1800,2024-12-24,Deportes,Short,1,67095,20231
16180,1800,2024-12-30,Vestuario,Camisa,1,12455,5139
16189,1801,2024-05-12,Deportes,Balon,1,98990,28804
16191,1801,2024-05-29,Deportes,Pesas,1,51671,16843
16190,1801,2024-07-04,Hogar,Organizador,1,101066,25918
16193,1801,2024-07-04,Vestuario,Pantalon,3,170972,41888
16192,1801,2024-10-23,Hogar,Termo,2,138789,44255
16194,1802,2023-04-26,Hogar,Lampara,1,92295,28465
16203,1802,2023-05-12,Electrodomesticos,Horno,1,223708,41785
16200,1802,2023-05-19,Electrodomesticos,Refrigerador,3,189000,38626
16198,1802,2023-06-07,Tecnologia,Audifonos,2,616506,135483
16195,1802,2023-06-12,Vestuario,Camisa,2,103917,37099
16202,1802,2023-07-01,Hogar,Organizador,1,69470,18081
16196,1802,2023-07-05,Deportes,Colchoneta,1,87484,25169
16197,1802,2023-07-18,Hogar,Hervidor,1,56796,14757
16201,1802,2024-05-08,Deportes,Guantes,4,232487,65790
16199,1802,2024-07-20,Hogar,Cortinas,1,90008,21841
16204,1803,2023-06-05,Hogar,Lampara,3,254932,79544
16208,1803,2023-07-30,Electrodomesticos,Cocina,4,458684,83212
16207,1803,2023-09-01,Electrodomesticos,Cocina,3,631345,117071
16205,1803,2023-09-10,Deportes,Colchoneta,3,161095,48687
16209,1803,2023-09-20,Deportes,Botella,1,74138,25592
16206,1803,2024-01-07,Hogar,Cafetera,1,60803,17838
16210,1804,2022-10-22,Deportes,Casco,4,320893,112403
16212,1804,2022-10-25,Tecnologia,Notebook,1,99166,16376
16220,1804,2022-11-02,Vestuario,Vestido,3,79064,25603
16221,1804,2022-11-16,Deportes,Bicicleta,1,57113,11105
16218,1804,2022-11-17,Hogar,Cortinas,2,132161,31444
16214,1804,2022-11-22,Deportes,Guantes,1,100604,29103
16213,1804,2022-11-25,Hogar,Sofa,1,94366,28287
16211,1804,2022-12-15,Hogar,Mesa,1,97729,17622
16215,1804,2023-05-08,Hogar,Mesa,1,118875,31828
16219,1804,2023-06-16,Tecnologia,Impresora,1,227438,41031
16217,1804,2023-09-14,Hogar,Mesa,5,337085,101875
16216,1804,2023-12-07,Hogar,Termo,5,301097,81808
16222,1805,2024-05-28,Electrodomesticos,Plancha,2,277424,59697
16225,1805,2024-05-28,Tecnologia,Tablet,4,753703,143337
16226,1805,2024-06-12,Tecnologia,Audifonos,1,334622,74260
16227,1805,2024-09-19,Electrodomesticos,Microondas,2,375665,64451
16229,1805,2024-10-30,Deportes,Poleron,1,44546,10688
16224,1805,2024-11-04,Deportes,Bicicleta,1,28124,7787
16228,1805,2024-12-17,Hogar,Hervidor,1,147875,33280
16223,1805,2024-12-23,Hogar,Lampara,1,103642,27503
16230,1806,2024-05-09,Electrodomesticos,Horno,3,530715,95581
16231,1806,2024-05-09,Vestuario,Pantalon,2,122326,41199
16232,1806,2024-07-26,Electrodomesticos,Microondas,3,695604,123936
16233,1806,2024-07-28,Tecnologia,Teclado,1,255659,54834
16234,1807,2023-06-15,Electrodomesticos,Licuadora,1,63000,11149
16236,1807,2023-07-16,Tecnologia,Audifonos,2,602897,123452
16235,1807,2023-09-10,Deportes,Guantes,1,84950,22753
16237,1807,2023-09-24,Vestuario,Jeans,1,77175,27174
16238,1808,2022-03-01,Deportes,Balon,1,33342,11201
16245,1808,2022-03-12,Tecnologia,Mouse,1,227739,46656
16244,1808,2022-03-24,Tecnologia,Audifonos,2,347006,79481
16246,1808,2022-04-15,Hogar,Alfombra,1,87376,25330
16243,1808,2022-05-04,Vestuario,Chaqueta,5,228527,61325
16247,1808,2022-05-17,Vestuario,Gorro,2,79154,30834
16242,1808,2022-06-12,Electrodomesticos,Horno,2,447714,80052
16240,1808,2022-07-22,Electrodomesticos,Aspiradora,4,707380,97779
16241,1808,2022-07-22,Deportes,Guantes,1,57855,16605
16248,1808,2022-10-26,Tecnologia,Notebook,1,240872,43553
16239,1808,2023-07-02,Hogar,Sofa,1,90093,33518
16249,1809,2023-07-07,Vestuario,Chaqueta,1,21912,6949
16250,1809,2023-07-17,Deportes,Pesas,1,48885,13884
16254,1809,2023-07-21,Vestuario,Polera,2,57580,25520
16256,1809,2023-09-04,Electrodomesticos,Lavadora,3,563311,86646
16255,1809,2023-09-19,Deportes,Short,2,184012,52738
16253,1809,2023-09-21,Hogar,Silla,2,192019,60776
16251,1809,2023-10-20,Deportes,Balon,3,318203,109913
16252,1809,2024-02-29,Electrodomesticos,Horno,2,156068,27459
16257,1810,2023-02-26,Deportes,Poleron,3,251053,85967
16259,1810,2023-02-27,Tecnologia,Mouse,3,705592,155670
16262,1810,2023-03-06,Electrodomesticos,Secadora,1,154692,27553
16260,1810,2023-03-11,Tecnologia,Smartphone,2,231000,52430
16258,1810,2023-06-09,Vestuario,Camisa,3,131375,43321
16261,1810,2023-06-21,Tecnologia,Smartphone,1,196077,37801
16263,1810,2023-06-24,Vestuario,Chaqueta,2,105128,41088
16264,1810,2023-07-20,Electrodomesticos,Licuadora,1,157617,31379
16265,1811,2022-07-18,Vestuario,Camisa,2,83111,23890
16268,1811,2022-08-30,Hogar,Organizador,2,193879,45202
16270,1811,2022-09-23,Deportes,Raqueta,1,95176,28545
16269,1811,2022-10-01,Tecnologia,Notebook,1,243542,47565
16272,1811,2022-11-13,Hogar,Silla,2,221781,59716
16267,1811,2023-01-30,Deportes,Raqueta,2,200421,52335
16266,1811,2023-02-02,Deportes,Guantes,2,67771,16824
16271,1811,2023-06-20,Electrodomesticos,Aspiradora,1,122962,21090
16273,1812,2023-10-29,Tecnologia,Mouse,1,182502,36657
16274,1812,2023-11-07,Vestuario,Camisa,4,154227,46624
16276,1812,2024-04-04,Tecnologia,Audifonos,1,218781,39814
16275,1812,2024-04-21,Hogar,Alfombra,1,139133,41379
16277,1813,2022-10-30,Deportes,Botella,3,231187,77423
16284,1813,2022-11-07,Hogar,Cortinas,1,94203,30361
16285,1813,2022-11-10,Tecnologia,Notebook,3,1181149,222285
16281,1813,2022-11-21,Electrodomesticos,Aspiradora,2,367174,70736
16279,1813,2022-12-07,Electrodomesticos,Licuadora,2,344171,53453
16283,1813,2022-12-09,Tecnologia,Audifonos,2,566518,111402
16278,1813,2023-01-14,Deportes,Botella,7,359387,128204
16286,1813,2023-03-29,Hogar,Silla,5,292277,87436
16280,1813,2023-04-30,Tecnologia,Smartphone,1,184703,34074
16282,1813,2023-08-18,Hogar,Organizador,2,261624,75845
16287,1814,2022-02-20,Vestuario,Vestido,1,18090,4815
16290,1814,2022-02-22,Tecnologia,Router,2,473666,92769
16291,1814,2022-04-12,Electrodomesticos,Cocina,2,428325,71715
16288,1814,2022-04-29,Electrodomesticos,Cocina,3,527559,84748
16289,1814,2022-05-17,Tecnologia,Smartphone,2,369440,56667
16293,1814,2022-07-04,Hogar,Lampara,1,40861,11332
16292,1814,2023-03-05,Electrodomesticos,Secadora,3,780417,161589
16294,1815,2022-09-13,Deportes,Casco,2,173719,55701
16298,1815,2022-10-31,Hogar,Sofa,1,31500,10900
16297,1815,2022-11-03,Deportes,Balon,1,72399,23429
16295,1815,2022-11-05,Vestuario,Polera,1,52421,14442
16302,1815,2022-11-20,Deportes,Botella,1,64274,18505
16301,1815,2022-12-22,Hogar,Mesa,1,101614,27050
16300,1815,2022-12-31,Tecnologia,Teclado,1,196045,31000
16299,1815,2023-01-18,Deportes,Pesas,1,56219,20077
16296,1815,2023-02-09,Tecnologia,Smartwatch,1,231508,40894
16303,1816,2024-11-27,Hogar,Silla,2,121082,33434
16311,1816,2024-12-21,Tecnologia,Smartphone,3,688759,118376
16309,1816,2024-12-22,Tecnologia,Tablet,3,629045,101969
16308,1816,2024-12-23,Deportes,Pesas,2,110851,31983
16306,1816,2024-12-24,Vestuario,Pantalon,3,104416,29575
16310,1816,2024-12-25,Tecnologia,Router,1,195775,42732
16305,1816,2024-12-30,Deportes,Raqueta,1,39847,11384
16304,1816,2024-12-31,Hogar,Mesa,1,107864,28545
16307,1816,2024-12-31,Vestuario,Chaqueta,2,86275,26351
16312,1817,2022-12-02,Tecnologia,Smartwatch,4,779281,134726
16316,1817,2023-01-08,Hogar,Lampara,2,217413,52948
16315,1817,2023-01-19,Hogar,Cafetera,1,87471,23523
16313,1817,2023-02-28,Hogar,Sofa,5,189230,61226
16317,1817,2023-06-22,Hogar,Hervidor,1,57772,16111
16314,1817,2024-02-23,Tecnologia,Monitor,4,697595,127023
16318,1818,2023-02-18,Hogar,Sofa,1,88194,20272
16320,1818,2023-02-22,Tecnologia,Smartwatch,1,131364,20449
16324,1818,2023-03-22,Deportes,Raqueta,3,178102,46444
16325,1818,2023-04-07,Tecnologia,Mouse,3,819468,190919
16328,1818,2023-04-08,Vestuario,Zapatillas,3,93617,35968
16329,1818,2023-04-16,Electrodomesticos,Microondas,2,228190,28752
16326,1818,2023-06-03,Deportes,Guantes,1,104480,26508
16319,1818,2023-06-30,Hogar,Sofa,1,85770,22120
16321,1818,2023-08-10,Vestuario,Chaqueta,3,145385,53370
16323,1818,2023-09-16,Electrodomesticos,Cocina,2,247205,49767
16327,1818,2023-12-12,Deportes,Colchoneta,2,156639,43324
16322,1818,2024-05-10,Deportes,Colchoneta,3,100940,32908
16330,1819,2023-06-23,Vestuario,Gorro,2,77404,27918
16336,1819,2023-06-24,Electrodomesticos,Purificador,6,1110875,175745
16337,1819,2023-07-10,Deportes,Balon,2,124183,38437
16334,1819,2023-10-01,Electrodomesticos,Plancha,1,126584,19385
16331,1819,2023-12-12,Tecnologia,Audifonos,1,137556,26513
16335,1819,2023-12-15,Vestuario,Polera,1,44649,14673
16333,1819,2024-02-29,Electrodomesticos,Horno,1,161828,33301
16332,1819,2024-04-16,Tecnologia,Mouse,1,295729,73500
16338,1820,2023-10-06,Tecnologia,Tablet,1,209143,39535
16342,1820,2023-11-02,Hogar,Cafetera,1,73155,20756
16343,1820,2023-11-16,Tecnologia,Impresora,1,102711,19508
16341,1820,2023-11-28,Vestuario,Polera,4,188229,61568
16339,1820,2024-01-22,Electrodomesticos,Secadora,1,193774,32174
16344,1820,2024-02-03,Tecnologia,Smartphone,1,252912,46437
16340,1820,2024-05-30,Tecnologia,Smartphone,1,154655,32976
16345,1821,2023-10-31,Electrodomesticos,Secadora,1,181166,27251
16346,1821,2023-11-19,Tecnologia,Monitor,1,257585,54887
16348,1821,2024-03-19,Vestuario,Calcetines,6,310579,107604
16349,1821,2024-06-18,Hogar,Silla,1,135957,39135
16347,1821,2024-07-07,Tecnologia,Impresora,3,826897,195104
16350,1822,2022-10-21,Hogar,Alfombra,1,77037,20072
16358,1822,2022-11-09,Electrodomesticos,Cocina,2,498307,75734
16361,1822,2022-11-26,Vestuario,Jeans,1,90581,32097
16357,1822,2022-12-05,Deportes,Pesas,1,50245,12043
16355,1822,2022-12-13,Deportes,Balon,1,52256,13654
16352,1822,2023-01-03,Tecnologia,Notebook,1,209730,35239
16354,1822,2023-01-18,Tecnologia,Impresora,2,871896,141620
16359,1822,2023-01-29,Vestuario,Chaqueta,2,71086,27642
16351,1822,2023-02-28,Vestuario,Vestido,1,31137,10120
16360,1822,2023-03-29,Electrodomesticos,Lavadora,2,485001,90287
16353,1822,2023-04-26,Hogar,Organizador,1,131881,37860
16356,1822,2024-03-12,Tecnologia,Notebook,1,112682,23774
16362,1823,2023-09-09,Deportes,Balon,4,325795,87231
16364,1823,2023-09-18,Electrodomesticos,Licuadora,1,134771,21684
16370,1823,2023-09-19,Tecnologia,Smartphone,1,200569,43038
16365,1823,2023-09-20,Hogar,Termo,1,48948,14352
16363,1823,2023-09-22,Vestuario,Calcetines,2,60911,24335
16369,1823,2023-09-24,Hogar,Sofa,2,263060,74963
16368,1823,2023-09-26,Tecnologia,Audifonos,1,253872,43475
16366,1823,2023-12-12,Deportes,Short,1,89994,20090
16367,1823,2024-11-03,Tecnologia,Impresora,1,121184,24369
16371,1824,2023-01-01,Hogar,Cortinas,3,328904,102230
16376,1824,2023-01-10,Electrodomesticos,Plancha,1,169146,25417
16379,1824,2023-01-11,Electrodomesticos,Aspiradora,2,494817,77059
16381,1824,2023-01-13,Vestuario,Gorro,1,58057,24175
16382,1824,2023-01-24,Vestuario,Chaqueta,4,69245,24880
16372,1824,2023-01-26,Electrodomesticos,Lavadora,1,174918,26427
16383,1824,2023-02-13,Hogar,Lampara,2,120654,38443
16380,1824,2023-02-14,Vestuario,Buzo,4,171487,64616
16384,1824,2023-02-27,Hogar,Alfombra,1,70626,22348
16377,1824,2023-03-04,Electrodomesticos,Refrigerador,1,183751,31989
16387,1824,2023-04-01,Electrodomesticos,Lavadora,2,344237,46534
16388,1824,2023-04-24,Vestuario,Jeans,2,69315,24392
16386,1824,2023-05-28,Vestuario,Jeans,2,119957,33330
16375,1824,2023-07-20,Electrodomesticos,Purificador,1,134602,24195
16378,1824,2023-08-20,Electrodomesticos,Plancha,1,140042,24988
16385,1824,2023-11-01,Vestuario,Gorro,1,38020,10466
16374,1824,2024-08-07,Electrodomesticos,Horno,4,867108,140695
16373,1824,2024-09-12,Tecnologia,Audifonos,1,188394,39356
16389,1825,2022-10-10,Deportes,Poleron,1,55361,16082
16397,1825,2022-11-01,Vestuario,Vestido,2,58176,21118
16394,1825,2022-11-10,Vestuario,Polera,1,23557,7455
16396,1825,2022-11-12,Electrodomesticos,Refrigerador,1,154560,25869
16395,1825,2022-11-29,Electrodomesticos,Cocina,1,222522,38847
16391,1825,2022-11-30,Hogar,Cafetera,2,211023,54827
16390,1825,2022-12-21,Deportes,Casco,6,454467,126890
16392,1825,2022-12-28,Vestuario,Jeans,2,17261,4914
16393,1825,2023-05-31,Vestuario,Chaqueta,1,34975,9959
16398,1825,2023-10-14,Hogar,Alfombra,1,84442,25197
16399,1826,2022-02-12,Deportes,Short,3,245548,59921
16401,1826,2022-04-12,Deportes,Poleron,3,259606,67805
16400,1826,2022-05-26,Electrodomesticos,Lavadora,2,414738,60746
16403,1826,2022-07-30,Electrodomesticos,Licuadora,2,319898,68468
16402,1826,2022-08-30,Tecnologia,Notebook,1,359502,72376
16404,1827,2024-11-04,Electrodomesticos,Purificador,1,232323,37941
16405,1827,2024-11-05,Electrodomesticos,Secadora,1,214009,36262
16412,1827,2024-11-24,Electrodomesticos,Microondas,1,241634,46858
16413,1827,2024-12-16,Electrodomesticos,Licuadora,1,155953,29646
16407,1827,2024-12-26,Deportes,Short,1,84901,19857
16410,1827,2024-12-26,Hogar,Sofa,2,119688,32462
16411,1827,2024-12-26,Electrodomesticos,Horno,1,108730,14952
16406,1827,2024-12-27,Hogar,Cortinas,1,65761,13538
16408,1827,2024-12-28,Vestuario,Gorro,1,19916,6960
16409,1827,2024-12-31,Hogar,Alfombra,1,88694,24755
16414,1828,2023-10-21,Hogar,Alfombra,6,571141,198821
16415,1828,2023-10-24,Electrodomesticos,Plancha,1,211772,44020
16420,1828,2023-10-28,Vestuario,Camisa,1,35715,11898
16422,1828,2023-11-19,Vestuario,Calcetines,2,75529,27661
16419,1828,2024-01-02,Tecnologia,Tablet,3,587432,116475
16417,1828,2024-01-12,Deportes,Colchoneta,1,78512,24000
16416,1828,2024-02-11,Deportes,Balon,2,92529,27377
16418,1828,2024-02-20,Deportes,Botella,1,82647,22753
16421,1828,2024-04-24,Deportes,Guantes,1,51468,15963
16423,1829,2023-05-20,Tecnologia,Smartwatch,1,184280,38347
16431,1829,2023-05-27,Electrodomesticos,Microondas,3,517868,96499
16425,1829,2023-05-30,Vestuario,Vestido,2,72749,26407
16432,1829,2023-06-04,Vestuario,Gorro,2,121321,56309
16429,1829,2023-06-05,Electrodomesticos,Microondas,1,153295,23763
16426,1829,2023-06-15,Tecnologia,Teclado,1,330592,69632
16427,1829,2023-06-17,Hogar,Silla,1,72239,21916
16424,1829,2023-07-29,Electrodomesticos,Secadora,1,181480,32636
16428,1829,2023-08-20,Vestuario,Buzo,3,69842,23892
16430,1829,2023-08-28,Vestuario,Vestido,2,148034,58385
16433,1830,2023-06-14,Vestuario,Gorro,2,68199,26102
16436,1830,2023-06-27,Hogar,Cafetera,1,87277,28787
16435,1830,2023-09-05,Tecnologia,Router,1,172797,45462
16434,1830,2023-10-25,Hogar,Hervidor,2,123010,31368
16437,1831,2024-11-02,Deportes,Short,1,69024,18023
16440,1831,2024-11-19,Deportes,Raqueta,1,61683,20384
16438,1831,2024-11-23,Deportes,Guantes,1,69383,22816
16442,1831,2024-12-24,Deportes,Balon,1,99613,26679
16439,1831,2024-12-30,Deportes,Casco,2,95574,30468
16441,1831,2024-12-31,Electrodomesticos,Plancha,1,246671,41554
16443,1832,2023-12-21,Electrodomesticos,Aspiradora,1,164491,21711
16447,1832,2024-02-09,Electrodomesticos,Lavadora,2,391346,66034
16445,1832,2024-04-21,Tecnologia,Impresora,1,266478,54888
16446,1832,2024-05-28,Hogar,Termo,1,49162,14415
16444,1832,2024-09-18,Vestuario,Chaqueta,3,250164,83298
16448,1833,2023-02-18,Deportes,Pesas,2,136826,44054
16454,1833,2023-03-28,Vestuario,Gorro,5,262942,97326
16451,1833,2023-04-17,Hogar,Mesa,1,69624,22494
16452,1833,2023-05-22,Deportes,Pesas,1,79264,26949
16450,1833,2023-05-25,Electrodomesticos,Microondas,1,135543,25225
16449,1833,2023-06-15,Electrodomesticos,Refrigerador,1,75108,13860
16453,1833,2023-12-06,Electrodomesticos,Aspiradora,1,235841,43303
16455,1834,2024-03-13,Vestuario,Vestido,2,100550,36183
16468,1834,2024-03-24,Electrodomesticos,Secadora,1,145544,28079
16462,1834,2024-04-04,Deportes,Casco,1,69349,18789
16458,1834,2024-04-15,Tecnologia,Smartphone,1,194135,41134
16466,1834,2024-04-28,Hogar,Organizador,1,104617,23957
16457,1834,2024-04-29,Deportes,Guantes,1,55774,16169
16464,1834,2024-05-10,Deportes,Colchoneta,3,73500,21397
16459,1834,2024-08-01,Hogar,Cortinas,1,31500,8420
16471,1834,2024-08-20,Deportes,Botella,2,127076,32002
16472,1834,2024-09-21,Tecnologia,Smartwatch,1,129959,22461
16467,1834,2024-10-02,Deportes,Raqueta,3,199086,51147
16456,1834,2024-10-05,Hogar,Cortinas,2,211919,62651
16469,1834,2024-10-27,Deportes,Short,2,130033,38240
16461,1834,2024-10-28,Vestuario,Gorro,2,91428,32459
16470,1834,2024-12-15,Deportes,Short,1,94439,27758
16465,1834,2024-12-20,Deportes,Botella,1,51243,14121
16463,1834,2024-12-22,Electrodomesticos,Secadora,1,318441,59221
16460,1834,2024-12-23,Tecnologia,Teclado,3,296637,59443
16473,1835,2023-01-05,Vestuario,Vestido,3,162433,70877
16479,1835,2023-03-11,Vestuario,Jeans,2,165482,66430
16476,1835,2023-04-18,Vestuario,Zapatillas,1,53739,21684
16475,1835,2023-05-03,Hogar,Termo,1,66861,15310
16480,1835,2023-07-07,Deportes,Poleron,1,68818,22696
16474,1835,2023-07-29,Tecnologia,Notebook,4,1515736,370218
16477,1835,2023-08-12,Deportes,Colchoneta,1,95295,30931
16478,1835,2024-04-17,Electrodomesticos,Lavadora,2,338783,58055
16481,1836,2024-08-02,Deportes,Raqueta,2,93217,19862
16487,1836,2024-08-18,Vestuario,Zapatillas,1,72032,24069
16484,1836,2024-08-19,Tecnologia,Teclado,4,769265,146217
16483,1836,2024-08-26,Hogar,Cafetera,3,243062,79279
16482,1836,2024-09-13,Deportes,Bicicleta,2,62373,19677
16485,1836,2024-10-10,Tecnologia,Tablet,3,509925,100792
16490,1836,2024-10-19,Tecnologia,Monitor,1,255436,58655
16486,1836,2024-11-05,Hogar,Cortinas,1,63521,17761
16488,1836,2024-11-22,Electrodomesticos,Aspiradora,2,339359,72394
16489,1836,2024-12-25,Hogar,Lampara,4,461540,126242
16491,1836,2024-12-26,Deportes,Raqueta,1,56467,14583
16492,1837,2023-11-16,Vestuario,Buzo,4,46306,12089
16493,1837,2024-01-21,Hogar,Lampara,1,69062,20194
16494,1837,2024-04-14,Electrodomesticos,Microondas,2,454913,90792
16496,1837,2024-04-21,Vestuario,Buzo,2,129517,37219
16495,1837,2024-07-26,Deportes,Short,1,75213,25938
16497,1838,2024-09-29,Deportes,Short,2,100973,28317
16502,1838,2024-10-09,Vestuario,Buzo,1,18597,6074
16499,1838,2024-11-24,Tecnologia,Mouse,2,341595,67639
16498,1838,2024-11-25,Tecnologia,Impresora,1,338075,56581
16500,1838,2024-12-25,Electrodomesticos,Refrigerador,1,162269,22956
16505,1838,2024-12-25,Deportes,Raqueta,1,41767,9648
16501,1838,2024-12-28,Hogar,Alfombra,1,60657,19076
16503,1838,2024-12-31,Vestuario,Zapatillas,2,68547,19321
16504,1838,2024-12-31,Hogar,Alfombra,1,148599,33618
16506,1839,2023-12-31,Vestuario,Jeans,1,61153,17768
16510,1839,2024-01-16,Deportes,Casco,1,113169,32126
16508,1839,2024-03-01,Vestuario,Camisa,1,43239,11750
16507,1839,2024-04-09,Deportes,Bicicleta,1,90134,31127
16509,1839,2024-05-04,Tecnologia,Router,2,170724,33580
16511,1839,2024-12-27,Tecnologia,Tablet,1,271032,55474
16512,1840,2024-03-12,Hogar,Lampara,1,112923,29474
16516,1840,2024-04-01,Vestuario,Chaqueta,1,75937,23385
16515,1840,2024-04-15,Deportes,Botella,3,244742,70963
16514,1840,2024-06-02,Vestuario,Gorro,1,46835,15781
16513,1840,2024-11-25,Hogar,Silla,1,108548,26944
16517,1841,2023-03-08,Vestuario,Vestido,1,77228,23959
16522,1841,2023-03-31,Vestuario,Pantalon,1,53556,17314
16519,1841,2023-04-19,Vestuario,Pantalon,3,68703,22874
16521,1841,2023-06-18,Deportes,Pesas,3,316836,111310
16523,1841,2023-09-02,Hogar,Sofa,1,77452,21328
16518,1841,2023-09-27,Vestuario,Gorro,3,61729,25269
16520,1841,2023-10-25,Hogar,Sofa,1,97250,31365
16524,1842,2023-09-08,Electrodomesticos,Purificador,1,213738,37087
16526,1842,2023-09-29,Tecnologia,Impresora,3,877278,178732
16530,1842,2023-10-28,Vestuario,Camisa,1,36672,14689
16529,1842,2023-11-04,Tecnologia,Notebook,1,118437,22939
16525,1842,2023-11-28,Hogar,Silla,2,187256,52851
16527,1842,2023-12-13,Electrodomesticos,Licuadora,1,89919,15164
16528,1842,2024-01-08,Vestuario,Buzo,2,60801,19082
16532,1842,2024-01-17,Tecnologia,Smartphone,2,489026,75906
16531,1842,2024-02-10,Tecnologia,Teclado,3,873741,174796
16533,1843,2024-08-05,Vestuario,Jeans,2,110887,39686
16534,1843,2024-08-21,Hogar,Cortinas,3,442277,122269
16537,1843,2024-09-28,Electrodomesticos,Microondas,1,63000,10840
16538,1843,2024-11-05,Hogar,Silla,2,270302,69279
16536,1843,2024-12-28,Deportes,Casco,1,86536,23870
16535,1843,2024-12-29,Deportes,Colchoneta,1,42639,13654
16539,1843,2024-12-31,Deportes,Casco,2,100015,24857
16540,1844,2022-07-25,Hogar,Alfombra,1,139720,45849
16543,1844,2022-07-31,Vestuario,Jeans,5,212845,82541
16551,1844,2022-08-03,Tecnologia,Smartwatch,3,760509,162770
16549,1844,2022-08-05,Hogar,Organizador,2,141400,30659
16545,1844,2022-09-03,Hogar,Cafetera,1,162742,54093
16541,1844,2022-10-16,Vestuario,Camisa,1,29540,8870
16544,1844,2022-10-25,Vestuario,Vestido,1,29913,11379
16542,1844,2022-11-28,Tecnologia,Router,3,646043,107631
16550,1844,2022-12-04,Hogar,Cafetera,1,155180,48549
16547,1844,2023-01-20,Deportes,Casco,4,230177,69109
16546,1844,2023-02-22,Tecnologia,Notebook,1,184546,26355
16548,1844,2023-05-08,Electrodomesticos,Cocina,1,63000,13474
16552,1845,2024-01-05,Electrodomesticos,Horno,1,131594,24031
16558,1845,2024-01-19,Vestuario,Gorro,4,112472,42462
16554,1845,2024-01-20,Electrodomesticos,Cocina,1,210569,35138
16561,1845,2024-02-19,Hogar,Mesa,3,232743,45618
16562,1845,2024-03-20,Electrodomesticos,Horno,4,541714,93086
16556,1845,2024-05-08,Tecnologia,Router,5,671973,132532
16557,1845,2024-05-16,Electrodomesticos,Licuadora,2,345433,55101
16555,1845,2024-06-09,Tecnologia,Audifonos,4,696937,133450
16560,1845,2024-06-20,Tecnologia,Smartwatch,1,192202,33729
16559,1845,2024-07-16,Tecnologia,Impresora,1,204891,47520
16553,1845,2024-12-26,Tecnologia,Monitor,2,160084,31651
16563,1846,2022-07-19,Vestuario,Pantalon,1,40690,14358
16567,1846,2022-07-19,Hogar,Sofa,2,129119,32400
16564,1846,2022-08-05,Tecnologia,Mouse,1,177979,31608
16574,1846,2022-08-22,Hogar,Termo,1,71715,21824
16575,1846,2022-09-13,Electrodomesticos,Licuadora,1,205000,39693
16571,1846,2022-09-21,Tecnologia,Impresora,1,107214,19850
16568,1846,2022-10-10,Deportes,Guantes,1,36758,10941
16566,1846,2022-10-18,Electrodomesticos,Purificador,3,622658,116004
16572,1846,2022-12-13,Electrodomesticos,Aspiradora,2,416879,60277
16570,1846,2023-01-31,Deportes,Balon,1,79178,23170
16565,1846,2023-03-29,Hogar,Termo,6,678259,188597
16573,1846,2023-05-06,Electrodomesticos,Horno,1,238213,37723
16569,1846,2023-07-15,Deportes,Colchoneta,1,54855,19707
16576,1847,2023-08-15,Vestuario,Chaqueta,1,11840,4073
16583,1847,2023-08-24,Vestuario,Pantalon,3,131186,51241
16582,1847,2023-09-17,Hogar,Hervidor,1,66006,18255
16585,1847,2023-09-25,Hogar,Hervidor,3,383424,104158
16578,1847,2023-10-22,Vestuario,Chaqueta,2,68181,26966
16579,1847,2024-01-15,Deportes,Guantes,1,53820,18266
16584,1847,2024-02-07,Electrodomesticos,Horno,1,225934,37285
16580,1847,2024-02-20,Electrodomesticos,Purificador,2,255109,42880
16577,1847,2024-04-04,Deportes,Balon,3,219692,60824
16581,1847,2024-12-28,Deportes,Short,1,78383,18217
16586,1848,2023-12-18,Deportes,Short,1,48753,13101
16590,1848,2023-12-19,Deportes,Poleron,3,208149,50659
16593,1848,2023-12-29,Electrodomesticos,Secadora,2,409251,68695
16589,1848,2024-01-05,Electrodomesticos,Lavadora,1,206130,38861
16587,1848,2024-01-10,Vestuario,Zapatillas,1,26199,9122
16591,1848,2024-01-14,Electrodomesticos,Horno,4,647766,127320
16600,1848,2024-01-18,Vestuario,Vestido,1,42624,17317
16596,1848,2024-02-19,Electrodomesticos,Cocina,2,290348,49613
16599,1848,2024-04-03,Vestuario,Vestido,1,62486,23828
16598,1848,2024-04-21,Hogar,Lampara,3,369928,87394
16594,1848,2024-05-17,Hogar,Organizador,2,174088,46414
16601,1848,2024-06-18,Hogar,Silla,2,183901,53216
16597,1848,2024-07-26,Tecnologia,Tablet,2,631245,133754
16588,1848,2024-08-01,Vestuario,Camisa,1,29981,12343
16595,1848,2024-10-13,Hogar,Sofa,2,170694,45772
16592,1848,2024-11-09,Deportes,Casco,2,100448,27481
16602,1849,2022-11-30,Hogar,Cafetera,2,175327,39915
16608,1849,2023-01-03,Hogar,Hervidor,1,87227,24470
16606,1849,2023-01-11,Tecnologia,Monitor,1,126333,22565
16605,1849,2023-01-22,Vestuario,Camisa,4,50775,19991
16603,1849,2023-01-28,Vestuario,Calcetines,1,32169,11196
16604,1849,2023-04-07,Electrodomesticos,Refrigerador,1,150271,28646
16607,1849,2023-06-01,Vestuario,Polera,1,51207,16981
16609,1850,2024-09-23,Deportes,Botella,2,150099,44981
16613,1850,2024-09-24,Tecnologia,Impresora,3,950188,210672
16610,1850,2024-09-29,Hogar,Mesa,1,89367,25644
16612,1850,2024-11-05,Deportes,Short,2,172599,45986
16617,1850,2024-11-09,Vestuario,Pantalon,2,73158,25462
16614,1850,2024-12-17,Hogar,Sofa,2,71801,16112
16611,1850,2024-12-21,Deportes,Guantes,1,124924,36630
16616,1850,2024-12-22,Vestuario,Polera,2,154292,39863
16615,1850,2024-12-25,Hogar,Sofa,1,141217,33578
16618,1850,2024-12-26,Electrodomesticos,Horno,2,434227,73985
16619,1851,2022-11-16,Deportes,Balon,1,79867,18665
16628,1851,2022-11-18,Tecnologia,Notebook,3,973157,183625
16624,1851,2022-12-09,Electrodomesticos,Lavadora,2,521658,82581
16621,1851,2022-12-16,Electrodomesticos,Aspiradora,3,399179,79516
16629,1851,2023-01-22,Hogar,Termo,1,166309,56490
16625,1851,2023-02-22,Vestuario,Polera,2,150470,55480
16623,1851,2023-04-05,Deportes,Raqueta,1,91918,27330
16620,1851,2023-04-07,Deportes,Poleron,2,153666,40424
16627,1851,2023-07-06,Vestuario,Gorro,2,100647,31225
16622,1851,2023-07-11,Vestuario,Zapatillas,2,59235,19314
16626,1851,2023-08-29,Electrodomesticos,Horno,2,427592,83106
16630,1852,2024-11-24,Tecnologia,Teclado,1,136144,22444
16631,1852,2024-12-21,Hogar,Cortinas,1,121519,26832
16633,1852,2024-12-21,Vestuario,Polera,2,113479,35151
16634,1852,2024-12-22,Electrodomesticos,Plancha,1,131069,18569
16635,1852,2024-12-23,Vestuario,Zapatillas,2,79173,22923
16636,1852,2024-12-23,Electrodomesticos,Aspiradora,1,257585,41706
16632,1852,2024-12-29,Hogar,Hervidor,1,48408,12882
16637,1853,2023-09-09,Tecnologia,Smartphone,4,958874,202247
16638,1853,2023-10-11,Deportes,Raqueta,2,165495,53581
16639,1853,2023-10-16,Hogar,Organizador,3,390895,103746
16641,1853,2023-12-10,Deportes,Casco,1,48535,12359
16640,1853,2024-05-22,Tecnologia,Audifonos,1,251355,48907
16642,1854,2023-07-29,Hogar,Silla,1,51510,16069
16646,1854,2023-08-10,Tecnologia,Teclado,2,279400,60336
16649,1854,2023-08-23,Tecnologia,Smartphone,1,89302,14768
16645,1854,2023-10-13,Vestuario,Polera,1,25295,8179
16647,1854,2023-10-23,Hogar,Hervidor,3,204636,58488
16644,1854,2023-11-14,Tecnologia,Mouse,2,424936,63952
16648,1854,2023-11-17,Vestuario,Zapatillas,1,23707,7324
16643,1854,2023-11-19,Deportes,Short,3,272946,66718
16650,1854,2023-11-25,Deportes,Poleron,2,193325,51803
16651,1854,2024-03-06,Hogar,Cafetera,1,87220,25848
16652,1855,2024-04-08,Hogar,Hervidor,5,626668,198618
16661,1855,2024-04-17,Tecnologia,Notebook,2,518971,94984
16660,1855,2024-04-27,Hogar,Silla,2,264390,74045
16656,1855,2024-05-09,Tecnologia,Smartphone,1,250870,55113
16654,1855,2024-05-20,Deportes,Colchoneta,1,73360,19241
16662,1855,2024-05-25,Tecnologia,Smartphone,1,342240,64677
16659,1855,2024-06-23,Vestuario,Pantalon,1,69159,23943
16663,1855,2024-07-09,Tecnologia,Smartwatch,1,330260,63920
16657,1855,2024-08-19,Tecnologia,Impresora,2,639952,114917
16658,1855,2024-09-01,Electrodomesticos,Refrigerador,1,219613,39116
16653,1855,2024-09-13,Electrodomesticos,Cocina,1,325442,58887
16655,1855,2024-11-20,Vestuario,Chaqueta,1,16161,5791
16664,1856,2023-01-20,Tecnologia,Notebook,3,231000,51159
16671,1856,2023-02-20,Deportes,Botella,1,92003,32440
16668,1856,2023-03-13,Electrodomesticos,Refrigerador,1,63000,10108
16665,1856,2023-03-17,Deportes,Balon,4,385346,98753
16667,1856,2023-05-24,Vestuario,Chaqueta,1,26351,8941
16672,1856,2023-06-14,Tecnologia,Monitor,1,259109,49480
16670,1856,2023-10-17,Vestuario,Calcetines,2,64642,25486
16666,1856,2024-01-02,Vestuario,Vestido,1,43716,14744
16669,1856,2024-01-30,Hogar,Silla,3,368843,101797
16673,1857,2023-10-31,Electrodomesticos,Horno,4,417640,80886
16681,1857,2023-11-14,Hogar,Hervidor,2,138606,35301
16679,1857,2023-12-05,Electrodomesticos,Lavadora,1,197027,33002
16678,1857,2023-12-25,Tecnologia,Notebook,2,303535,60089
16682,1857,2023-12-26,Hogar,Silla,4,231569,65732
16677,1857,2024-01-22,Hogar,Lampara,1,77745,20331
16680,1857,2024-03-27,Deportes,Casco,1,85221,25588
16676,1857,2024-04-26,Hogar,Silla,1,49671,14797
16674,1857,2024-09-17,Deportes,Pesas,3,154914,47486
16675,1857,2024-11-17,Vestuario,Pantalon,1,32271,10584
16683,1858,2022-09-08,Hogar,Sofa,1,109848,40719
16687,1858,2022-09-19,Vestuario,Vestido,4,165333,55490
16686,1858,2022-09-30,Tecnologia,Audifonos,1,143367,32318
16684,1858,2022-10-14,Deportes,Pesas,1,28950,7402
16689,1858,2022-10-24,Electrodomesticos,Lavadora,2,361364,71907
16685,1858,2022-12-01,Vestuario,Calcetines,2,42229,10966
16688,1858,2023-01-02,Hogar,Mesa,1,96235,25180
16690,1858,2023-01-15,Deportes,Bicicleta,3,245956,84086
16691,1859,2023-12-15,Electrodomesticos,Cocina,2,658385,119136
16692,1859,2023-12-22,Hogar,Alfombra,1,125815,35308
16703,1859,2024-01-13,Hogar,Cortinas,1,61981,19346
16699,1859,2024-01-20,Hogar,Sofa,3,279301,82304
16697,1859,2024-02-05,Deportes,Colchoneta,1,51002,14996
16705,1859,2024-02-05,Deportes,Botella,1,64147,16094
16694,1859,2024-02-06,Tecnologia,Tablet,2,333407,55491
16696,1859,2024-02-17,Vestuario,Gorro,1,49049,17090
16702,1859,2024-03-01,Deportes,Poleron,3,239162,80041
16693,1859,2024-03-10,Vestuario,Zapatillas,3,170556,62978
16701,1859,2024-04-14,Vestuario,Chaqueta,3,47075,14737
16698,1859,2024-04-23,Vestuario,Polera,2,133448,47763
16695,1859,2024-06-28,Vestuario,Gorro,2,106735,43976
16704,1859,2024-07-23,Electrodomesticos,Lavadora,8,2880000,480799
16700,1859,2024-12-31,Vestuario,Zapatillas,1,40921,14799
16706,1860,2024-03-21,Electrodomesticos,Cocina,3,911556,139651
16707,1860,2024-04-17,Hogar,Silla,1,31500,10395
16713,1860,2024-04-27,Hogar,Mesa,1,94279,31833
16712,1860,2024-05-14,Electrodomesticos,Lavadora,4,801890,148315
16710,1860,2024-05-27,Electrodomesticos,Licuadora,2,430580,83920
16714,1860,2024-06-21,Vestuario,Jeans,1,48005,16086
16708,1860,2024-07-11,Vestuario,Polera,3,141125,53967
16709,1860,2024-07-13,Deportes,Guantes,1,66919,20408
16711,1860,2024-07-23,Tecnologia,Smartphone,2,503910,104946
16715,1861,2023-01-07,Vestuario,Vestido,1,30564,9424
16718,1861,2023-01-11,Vestuario,Zapatillas,1,26592,8002
16719,1861,2023-02-16,Vestuario,Gorro,1,26517,7947
16717,1861,2023-02-23,Hogar,Sofa,1,107287,34905
16716,1861,2023-03-11,Tecnologia,Notebook,3,869278,179675
16720,1861,2023-04-11,Tecnologia,Notebook,1,230685,49679
16722,1861,2023-05-26,Vestuario,Pantalon,1,28985,11210
16721,1861,2023-07-16,Deportes,Botella,1,128928,39144
16723,1862,2022-05-21,Tecnologia,Impresora,1,260429,42050
16724,1862,2022-05-24,Hogar,Alfombra,2,95552,23959
16729,1862,2022-06-07,Deportes,Poleron,5,334267,84900
16725,1862,2022-10-02,Deportes,Short,1,40843,11944
16726,1862,2022-10-04,Electrodomesticos,Cocina,1,113189,19976
16727,1862,2022-12-04,Vestuario,Vestido,2,59667,17419
16730,1862,2023-10-26,Vestuario,Chaqueta,1,64266,18885
16728,1862,2024-05-18,Electrodomesticos,Refrigerador,2,395157,83589
16731,1863,2023-09-09,Hogar,Sofa,3,261283,66514
16733,1863,2023-10-31,Tecnologia,Smartwatch,1,106804,18592
16735,1863,2023-11-04,Electrodomesticos,Refrigerador,1,144796,25727
16732,1863,2024-10-04,Vestuario,Pantalon,1,37816,13869
16734,1863,2024-12-25,Tecnologia,Tablet,4,1043387,191131
16736,1864,2023-06-19,Deportes,Short,1,43720,15462
16744,1864,2023-06-28,Tecnologia,Notebook,1,293076,62545
16737,1864,2023-07-11,Tecnologia,Audifonos,1,232057,50692
16739,1864,2023-08-01,Vestuario,Buzo,3,76222,27974
16745,1864,2023-08-21,Electrodomesticos,Lavadora,1,198772,39253
16747,1864,2023-09-09,Deportes,Poleron,1,44827,15744
16742,1864,2023-09-29,Vestuario,Buzo,2,113631,38991
16741,1864,2023-10-13,Electrodomesticos,Cocina,1,264419,40867
16740,1864,2023-10-18,Tecnologia,Tablet,1,289545,67598
16738,1864,2023-12-06,Vestuario,Camisa,2,61076,16816
16746,1864,2023-12-30,Vestuario,Jeans,1,44428,15559
16743,1864,2024-04-13,Electrodomesticos,Licuadora,1,189046,38644
16748,1865,2024-02-10,Deportes,Pesas,1,49002,14342
16753,1865,2024-02-20,Electrodomesticos,Cocina,3,664461,122549
16751,1865,2024-04-01,Vestuario,Vestido,5,235751,91300
16756,1865,2024-05-03,Electrodomesticos,Aspiradora,1,170056,26044
16755,1865,2024-05-18,Tecnologia,Router,2,587808,139449
16749,1865,2024-06-15,Vestuario,Polera,1,54643,22316
16754,1865,2024-06-26,Vestuario,Vestido,1,47855,17836
16757,1865,2024-09-13,Deportes,Botella,1,113794,36992
16750,1865,2024-09-18,Deportes,Casco,1,89122,29652
16752,1865,2024-12-23,Hogar,Silla,2,168292,35915
16758,1866,2023-09-06,Electrodomesticos,Refrigerador,1,226925,42593
16766,1866,2023-09-15,Electrodomesticos,Licuadora,1,243812,44120
16764,1866,2023-09-16,Vestuario,Camisa,2,89418,27975
16765,1866,2023-09-26,Tecnologia,Router,3,1016338,235551
16759,1866,2023-09-28,Hogar,Sofa,1,102464,33228
16760,1866,2023-10-18,Electrodomesticos,Licuadora,1,170311,32558
16762,1866,2023-10-18,Deportes,Short,1,28139,9066
16767,1866,2023-11-26,Vestuario,Jeans,3,57500,20506
16761,1866,2023-12-26,Deportes,Pesas,1,36966,7142
16763,1866,2024-01-11,Deportes,Colchoneta,3,220253,62019
16768,1866,2024-02-05,Hogar,Termo,1,116043,27439
16769,1866,2024-05-01,Tecnologia,Mouse,1,311156,57311
16770,1867,2023-01-21,Vestuario,Gorro,3,191039,65596
16776,1867,2023-02-13,Tecnologia,Tablet,5,804647,180772
16775,1867,2023-02-25,Tecnologia,Mouse,3,400364,83434
16777,1867,2023-02-25,Hogar,Termo,2,244523,73770
16778,1867,2023-03-18,Hogar,Cafetera,4,533720,143945
16781,1867,2023-04-06,Hogar,Cortinas,6,699613,229231
16780,1867,2023-04-27,Hogar,Cafetera,1,146786,41686
16774,1867,2023-05-25,Electrodomesticos,Aspiradora,1,227988,41575
16771,1867,2023-06-20,Electrodomesticos,Microondas,1,89049,16346
16772,1867,2023-07-08,Hogar,Sofa,1,102899,26244
16779,1867,2023-09-23,Deportes,Raqueta,2,84863,25139
16773,1867,2023-11-13,Hogar,Cafetera,2,167993,39040
16782,1868,2022-11-30,Tecnologia,Smartwatch,1,239247,47517
16786,1868,2022-12-22,Electrodomesticos,Horno,1,147880,24785
16783,1868,2023-01-09,Hogar,Sofa,2,235852,63952
16789,1868,2023-01-29,Vestuario,Vestido,3,65767,24255
16785,1868,2023-04-25,Hogar,Silla,1,103754,26830
16784,1868,2023-07-07,Vestuario,Vestido,1,19979,6853
16788,1868,2023-10-09,Deportes,Bicicleta,2,49000,16481
16787,1868,2023-10-30,Hogar,Mesa,1,82422,27024
16790,1869,2023-01-07,Deportes,Botella,1,24500,7332
16794,1869,2023-01-07,Electrodomesticos,Secadora,4,643456,143531
16796,1869,2023-01-22,Hogar,Termo,2,204040,43990
16793,1869,2023-02-27,Tecnologia,Impresora,1,182829,39561
16795,1869,2023-03-28,Deportes,Poleron,1,86032,24065
16791,1869,2023-04-04,Deportes,Bicicleta,1,70702,23749
16792,1869,2023-04-19,Electrodomesticos,Licuadora,3,189000,33256
16797,1870,2024-10-14,Tecnologia,Mouse,1,203256,34996
16805,1870,2024-10-25,Electrodomesticos,Refrigerador,3,197765,34008
16800,1870,2024-10-30,Electrodomesticos,Cocina,3,622358,119384
16802,1870,2024-11-01,Electrodomesticos,Cocina,3,318937,54163
16806,1870,2024-11-25,Vestuario,Pantalon,1,40027,12982
16799,1870,2024-11-28,Hogar,Silla,1,43025,12380
16803,1870,2024-12-21,Hogar,Mesa,1,114351,25136
16804,1870,2024-12-22,Tecnologia,Monitor,1,192578,27771
16807,1870,2024-12-23,Hogar,Silla,1,61765,18690
16801,1870,2024-12-27,Vestuario,Vestido,1,30053,10971
16808,1870,2024-12-28,Electrodomesticos,Refrigerador,1,121498,21755
16798,1870,2024-12-29,Tecnologia,Smartphone,2,393688,73233
16809,1871,2023-06-01,Deportes,Poleron,1,51889,15864
16812,1871,2023-06-02,Electrodomesticos,Lavadora,1,196900,34044
16814,1871,2023-06-16,Hogar,Alfombra,3,213338,47300
16811,1871,2023-07-29,Electrodomesticos,Refrigerador,1,158352,25827
16813,1871,2023-09-26,Vestuario,Gorro,1,54178,17098
16810,1871,2023-12-15,Tecnologia,Smartwatch,1,263831,51884
16815,1872,2022-12-19,Vestuario,Jeans,1,37838,11859
16816,1872,2023-01-13,Hogar,Cafetera,1,76032,21545
16823,1872,2023-01-13,Vestuario,Buzo,3,108302,34853
16817,1872,2023-02-09,Deportes,Colchoneta,2,252319,61422
16820,1872,2023-03-08,Hogar,Sofa,1,103894,30575
16821,1872,2023-06-20,Hogar,Hervidor,1,131604,32989
16819,1872,2023-08-05,Tecnologia,Tablet,3,472327,112616
16818,1872,2024-01-11,Electrodomesticos,Licuadora,1,63000,12980
16822,1872,2024-03-08,Hogar,Cortinas,1,97069,29513
16824,1873,2023-07-19,Tecnologia,Smartwatch,2,406650,79969
16831,1873,2023-07-20,Electrodomesticos,Aspiradora,1,196888,36768
16827,1873,2023-07-21,Hogar,Lampara,4,578683,157455
16828,1873,2023-08-06,Hogar,Sofa,1,42515,12176
16833,1873,2023-09-10,Deportes,Pesas,1,32705,10666
16826,1873,2023-09-12,Vestuario,Pantalon,2,64826,22584
16832,1873,2023-10-27,Vestuario,Buzo,1,20499,8165
16830,1873,2024-02-08,Hogar,Hervidor,2,152421,44504
16829,1873,2024-02-09,Hogar,Lampara,1,145423,44006
16825,1873,2024-04-03,Vestuario,Jeans,4,82239,29716
16834,1874,2023-08-28,Electrodomesticos,Purificador,1,360000,65717
16841,1874,2023-08-30,Deportes,Pesas,2,118692,41448
16837,1874,2023-09-08,Electrodomesticos,Secadora,2,429138,78928
16844,1874,2023-09-09,Hogar,Cafetera,1,128618,35139
16838,1874,2023-09-28,Deportes,Guantes,3,315374,100756
16836,1874,2023-10-10,Tecnologia,Audifonos,1,231656,40744
16843,1874,2023-11-03,Hogar,Silla,2,153151,40511
16835,1874,2023-11-19,Hogar,Hervidor,2,217988,68574
16840,1874,2024-03-05,Vestuario,Zapatillas,1,43245,16104
16839,1874,2024-05-04,Deportes,Casco,1,71881,21530
16842,1874,2024-07-17,Deportes,Botella,1,57764,20612
16845,1875,2024-06-19,Hogar,Cortinas,1,116474,35884
16854,1875,2024-06-29,Tecnologia,Mouse,2,375035,85622
16846,1875,2024-07-04,Deportes,Botella,2,139176,43074
16847,1875,2024-07-05,Deportes,Colchoneta,3,233644,76105
16852,1875,2024-08-02,Vestuario,Chaqueta,1,46413,16846
16849,1875,2024-08-18,Tecnologia,Smartwatch,1,284442,45330
16850,1875,2024-09-15,Electrodomesticos,Plancha,2,229013,34668
16853,1875,2024-10-09,Deportes,Short,1,47891,13306
16851,1875,2024-12-21,Deportes,Short,1,56890,12897
16848,1875,2024-12-26,Deportes,Raqueta,1,89135,17562
16855,1876,2024-10-25,Deportes,Balon,1,100470,34292
16858,1876,2024-10-30,Deportes,Poleron,2,193830,61379
16859,1876,2024-11-12,Hogar,Mesa,5,429389,110183
16857,1876,2024-11-24,Electrodomesticos,Microondas,4,506867,87293
16856,1876,2024-12-22,Electrodomesticos,Aspiradora,2,177875,29392
16860,1876,2024-12-22,Hogar,Mesa,1,54165,14746
16862,1876,2024-12-23,Hogar,Organizador,3,381948,102067
16861,1876,2024-12-31,Hogar,Organizador,2,166979,44803
16863,1876,2024-12-31,Tecnologia,Smartphone,1,309073,60011
16864,1877,2022-02-28,Electrodomesticos,Refrigerador,1,195080,27558
16866,1877,2022-04-08,Hogar,Hervidor,1,91147,23780
16867,1877,2022-06-28,Electrodomesticos,Cocina,1,172194,29441
16865,1877,2022-07-08,Tecnologia,Teclado,2,460927,87913
16868,1878,2023-12-20,Hogar,Alfombra,1,136326,27853
16879,1878,2023-12-21,Deportes,Botella,1,38668,11639
16876,1878,2024-01-05,Hogar,Alfombra,1,112508,30346
16871,1878,2024-02-02,Deportes,Pesas,4,319580,107549
16875,1878,2024-02-14,Hogar,Organizador,1,40740,10255
16878,1878,2024-02-17,Electrodomesticos,Refrigerador,2,325718,49762
16870,1878,2024-02-18,Electrodomesticos,Horno,1,110619,18853
16873,1878,2024-04-23,Vestuario,Buzo,1,49313,16653
16877,1878,2024-05-06,Tecnologia,Tablet,4,1228339,199791
16874,1878,2024-05-16,Hogar,Termo,3,405439,135672
16872,1878,2024-06-14,Tecnologia,Smartwatch,2,424222,99077
16869,1878,2024-08-10,Deportes,Short,1,42239,10684
16880,1878,2024-12-24,Vestuario,Vestido,3,162711,56814
16881,1879,2024-11-11,Electrodomesticos,Lavadora,1,211667,38333
16886,1879,2024-11-15,Electrodomesticos,Microondas,1,233216,39983
16887,1879,2024-11-18,Hogar,Cafetera,1,131725,36419
16883,1879,2024-12-24,Vestuario,Chaqueta,1,17190,6438
16885,1879,2024-12-24,Hogar,Sofa,1,35221,8471
16890,1879,2024-12-24,Vestuario,Chaqueta,1,42780,15278
16882,1879,2024-12-25,Deportes,Casco,3,298412,93588
16884,1879,2024-12-25,Hogar,Organizador,1,96739,21942
16889,1879,2024-12-27,Electrodomesticos,Purificador,2,353830,64712
16888,1879,2024-12-28,Tecnologia,Mouse,2,769395,139724
16891,1880,2022-08-16,Deportes,Casco,3,315803,98809
16895,1880,2022-08-28,Vestuario,Gorro,6,560033,212853
16897,1880,2022-10-04,Electrodomesticos,Aspiradora,1,243920,42293
16896,1880,2022-10-07,Tecnologia,Smartwatch,2,838734,175594
16899,1880,2022-10-26,Deportes,Colchoneta,2,92642,26843
16894,1880,2022-11-16,Hogar,Organizador,1,89529,25162
16892,1880,2023-01-01,Electrodomesticos,Refrigerador,1,131998,23758
16898,1880,2023-06-10,Electrodomesticos,Secadora,1,220347,39984
16893,1880,2023-08-22,Hogar,Lampara,1,39953,11102
16900,1881,2023-11-27,Vestuario,Chaqueta,1,52297,15079
16907,1881,2023-12-01,Vestuario,Jeans,2,86929,28568
16901,1881,2023-12-07,Deportes,Short,1,91256,34002
16908,1881,2024-01-19,Tecnologia,Tablet,2,505935,104733
16902,1881,2024-02-01,Tecnologia,Audifonos,3,939252,181316
16909,1881,2024-02-04,Hogar,Sofa,2,316418,103386
16904,1881,2024-02-19,Deportes,Colchoneta,1,84857,27107
16906,1881,2024-03-30,Electrodomesticos,Microondas,1,334222,68524
16905,1881,2024-05-14,Hogar,Alfombra,1,148196,46571
16903,1881,2024-08-27,Vestuario,Pantalon,5,313665,107718
16910,1882,2022-02-05,Deportes,Pesas,2,65898,20771
16916,1882,2022-03-24,Vestuario,Jeans,2,64709,22597
16912,1882,2022-04-30,Deportes,Pesas,2,144764,40961
16914,1882,2022-05-11,Vestuario,Buzo,3,99559,35206
16915,1882,2022-07-10,Deportes,Guantes,3,255659,74753
16911,1882,2022-10-13,Tecnologia,Notebook,2,300318,59147
16913,1882,2023-01-18,Hogar,Cafetera,1,93090,26954
16917,1882,2023-07-27,Deportes,Pesas,2,122212,28611
16918,1883,2023-09-16,Deportes,Colchoneta,1,110531,23950
16925,1883,2023-09-20,Tecnologia,Smartphone,1,207641,42734
16922,1883,2023-09-28,Deportes,Casco,1,59535,21063
16923,1883,2023-10-02,Hogar,Hervidor,2,278091,73287
16929,1883,2023-12-06,Deportes,Bicicleta,2,153528,43855
16920,1883,2023-12-08,Electrodomesticos,Refrigerador,1,211763,31040
16924,1883,2023-12-11,Electrodomesticos,Purificador,1,168558,36347
16927,1883,2023-12-20,Deportes,Raqueta,1,48340,15979
16921,1883,2023-12-21,Deportes,Colchoneta,4,341876,92200
16928,1883,2024-01-07,Vestuario,Chaqueta,1,44296,11396
16919,1883,2024-03-27,Hogar,Silla,2,261703,74665
16926,1883,2024-07-22,Tecnologia,Audifonos,1,295660,53281
16930,1884,2023-08-23,Electrodomesticos,Cocina,1,66852,11428
16934,1884,2023-08-31,Hogar,Mesa,4,324922,107035
16933,1884,2023-10-07,Hogar,Lampara,1,144914,29188
16931,1884,2023-12-18,Tecnologia,Smartphone,1,263362,40469
16932,1884,2024-03-27,Electrodomesticos,Horno,2,396836,50001
16935,1884,2024-12-27,Hogar,Cafetera,2,203015,67891
16936,1885,2022-05-23,Electrodomesticos,Aspiradora,1,183795,37815
16940,1885,2022-06-13,Electrodomesticos,Cocina,3,656709,122676
16941,1885,2022-06-21,Vestuario,Chaqueta,3,87384,31530
16945,1885,2022-06-23,Deportes,Poleron,1,60852,17677
16948,1885,2022-06-23,Electrodomesticos,Cocina,2,368018,59137
16944,1885,2022-07-04,Vestuario,Camisa,3,97672,32398
16949,1885,2022-07-19,Electrodomesticos,Licuadora,1,210238,40959
16938,1885,2022-07-25,Tecnologia,Teclado,1,178447,29884
16937,1885,2022-08-24,Hogar,Alfombra,2,168520,47348
16947,1885,2022-09-11,Tecnologia,Smartphone,4,1221873,273487
16943,1885,2022-11-23,Electrodomesticos,Refrigerador,1,123989,21242
16946,1885,2023-01-07,Tecnologia,Smartphone,1,274241,67345
16939,1885,2023-07-17,Vestuario,Gorro,2,50906,16192
16942,1885,2023-12-31,Electrodomesticos,Microondas,2,440814,62622
16950,1886,2023-01-21,Deportes,Short,1,37861,9068
16954,1886,2023-02-05,Hogar,Lampara,1,120222,32324
16953,1886,2023-02-10,Electrodomesticos,Cocina,2,264386,42180
16955,1886,2023-03-22,Deportes,Botella,1,58345,18023
16956,1886,2023-04-02,Electrodomesticos,Aspiradora,1,96446,13360
16951,1886,2023-05-01,Hogar,Termo,1,44182,12709
16952,1886,2023-09-12,Tecnologia,Smartwatch,1,313507,62891
16957,1886,2023-10-27,Hogar,Silla,1,64086,18940
16958,1887,2024-07-31,Vestuario,Chaqueta,1,54744,22849
16961,1887,2024-08-10,Electrodomesticos,Cocina,1,183700,33584
16959,1887,2024-09-04,Vestuario,Camisa,1,74005,26979
16960,1887,2024-09-21,Hogar,Mesa,2,194908,72496
16962,1887,2024-12-25,Hogar,Mesa,1,101383,21271
16963,1888,2022-05-22,Hogar,Termo,3,224602,61092
16967,1888,2022-06-19,Electrodomesticos,Licuadora,1,166504,24285
16964,1888,2022-06-26,Deportes,Raqueta,1,47055,14527
16965,1888,2023-01-08,Vestuario,Jeans,2,52294,20975
16966,1888,2023-01-10,Tecnologia,Notebook,2,176012,31473
16968,1889,2023-01-20,Vestuario,Pantalon,1,21569,5284
16970,1889,2023-01-22,Deportes,Casco,4,364321,97168
16980,1889,2023-01-25,Tecnologia,Smartphone,1,272342,62794
16979,1889,2023-01-26,Deportes,Poleron,3,296465,76917
16978,1889,2023-02-01,Vestuario,Vestido,2,52165,17747
16975,1889,2023-02-08,Vestuario,Buzo,3,53150,20576
16969,1889,2023-02-14,Hogar,Lampara,4,398099,91417
16974,1889,2023-03-06,Vestuario,Gorro,3,107567,32858
16971,1889,2023-04-10,Deportes,Balon,2,124569,32230
16976,1889,2023-04-22,Vestuario,Zapatillas,1,23198,8706
16977,1889,2023-07-06,Vestuario,Zapatillas,2,69380,26915
16973,1889,2023-11-06,Deportes,Raqueta,3,183014,51324
16972,1889,2023-12-02,Deportes,Short,2,153883,37543
16981,1890,2022-09-03,Hogar,Alfombra,1,111736,27725
16985,1890,2022-11-09,Hogar,Cortinas,1,142092,29767
16983,1890,2022-11-23,Tecnologia,Tablet,2,427995,77444
16982,1890,2022-11-24,Electrodomesticos,Microondas,1,186804,30803
16986,1890,2022-12-08,Deportes,Balon,2,223951,54851
16984,1890,2023-01-24,Deportes,Bicicleta,1,100807,27844
16987,1890,2023-02-24,Tecnologia,Audifonos,2,305496,70206
16988,1891,2023-02-07,Vestuario,Polera,1,19588,8235
16999,1891,2023-02-16,Vestuario,Gorro,1,35552,13782
16992,1891,2023-02-26,Tecnologia,Mouse,1,226293,53663
16991,1891,2023-03-01,Tecnologia,Smartphone,1,187594,31744
16995,1891,2023-03-13,Electrodomesticos,Refrigerador,1,191881,36945
16996,1891,2023-03-13,Deportes,Poleron,3,184893,46288
16989,1891,2023-03-18,Deportes,Poleron,2,164733,54485
16998,1891,2023-04-24,Deportes,Bicicleta,3,202736,56561
16990,1891,2023-06-05,Deportes,Pesas,1,25016,7049
16994,1891,2023-06-09,Electrodomesticos,Horno,3,577693,100650
16993,1891,2023-10-21,Electrodomesticos,Purificador,1,152407,27250
16997,1891,2024-07-21,Hogar,Cafetera,1,82500,25093
17000,1892,2024-02-17,Hogar,Alfombra,5,544856,150924
17010,1892,2024-03-06,Deportes,Colchoneta,1,80870,23378
17004,1892,2024-04-14,Electrodomesticos,Plancha,1,240139,35652
17002,1892,2024-04-30,Electrodomesticos,Aspiradora,1,153085,29396
17007,1892,2024-05-12,Electrodomesticos,Refrigerador,1,153072,23560
17003,1892,2024-06-07,Vestuario,Pantalon,4,105221,42848
17009,1892,2024-06-15,Vestuario,Jeans,1,33065,15349
17006,1892,2024-07-24,Vestuario,Pantalon,1,27363,9561
17005,1892,2024-08-18,Tecnologia,Monitor,1,267272,72163
17001,1892,2024-10-25,Vestuario,Gorro,1,12520,3871
17008,1892,2024-12-24,Hogar,Mesa,2,266275,65712
17011,1893,2024-04-09,Electrodomesticos,Plancha,3,275427,52746
17016,1893,2024-05-11,Vestuario,Pantalon,1,45457,14057
17013,1893,2024-06-01,Deportes,Pesas,3,235675,73927
17019,1893,2024-06-18,Tecnologia,Teclado,1,181785,35123
17015,1893,2024-07-11,Hogar,Silla,1,104968,28128
17017,1893,2024-08-16,Hogar,Sofa,1,31500,10063
17012,1893,2024-09-17,Deportes,Botella,1,50478,16680
17020,1893,2024-10-09,Deportes,Balon,1,60598,19324
17018,1893,2024-12-24,Hogar,Alfombra,2,175628,51206
17014,1893,2024-12-26,Tecnologia,Tablet,2,395203,65292
17021,1894,2022-10-20,Tecnologia,Smartwatch,2,399721,78187
17025,1894,2022-10-20,Hogar,Cafetera,1,100235,23402
17033,1894,2022-10-20,Vestuario,Zapatillas,1,38796,17817
17024,1894,2022-10-29,Tecnologia,Router,1,125881,24802
17031,1894,2022-10-31,Vestuario,Calcetines,2,120518,44404
17030,1894,2022-11-16,Tecnologia,Teclado,1,147031,23478
17022,1894,2022-12-09,Tecnologia,Tablet,2,512163,108093
17028,1894,2022-12-09,Deportes,Colchoneta,1,28409,8286
17032,1894,2022-12-28,Electrodomesticos,Secadora,1,192642,31934
17026,1894,2023-03-24,Tecnologia,Audifonos,4,724815,138846
17034,1894,2023-06-25,Vestuario,Camisa,2,69594,23662
17027,1894,2023-08-16,Vestuario,Vestido,1,25221,9331
17029,1894,2023-11-07,Hogar,Cortinas,1,57334,13529
17023,1894,2023-11-10,Vestuario,Camisa,2,67272,19121
17035,1895,2023-02-05,Electrodomesticos,Secadora,1,73912,12649
17041,1895,2023-02-10,Electrodomesticos,Plancha,1,180183,34192
17037,1895,2023-02-11,Hogar,Organizador,2,158340,43368
17043,1895,2023-02-13,Electrodomesticos,Cocina,1,102456,15961
17042,1895,2023-02-15,Deportes,Botella,4,288001,102864
17038,1895,2023-03-01,Vestuario,Gorro,2,78388,29788
17036,1895,2023-07-05,Electrodomesticos,Purificador,2,459659,64442
17040,1895,2023-07-17,Hogar,Mesa,1,94654,25770
17039,1895,2023-08-11,Electrodomesticos,Horno,2,384845,69262
17044,1896,2024-04-22,Electrodomesticos,Microondas,1,193125,28502
17047,1896,2024-04-27,Electrodomesticos,Licuadora,1,228201,43406
17045,1896,2024-05-13,Vestuario,Calcetines,4,168018,46233
17050,1896,2024-05-17,Electrodomesticos,Secadora,1,149078,25133
17048,1896,2024-05-26,Hogar,Termo,1,125368,28909
17054,1896,2024-07-11,Deportes,Colchoneta,2,165915,42773
17049,1896,2024-07-29,Tecnologia,Teclado,1,170598,30308
17053,1896,2024-08-16,Tecnologia,Tablet,1,229301,49302
17051,1896,2024-10-10,Electrodomesticos,Horno,4,801855,170664
17046,1896,2024-10-15,Hogar,Mesa,1,96665,30780
17052,1896,2024-11-10,Vestuario,Pantalon,1,52305,21037
17055,1897,2023-11-22,Electrodomesticos,Purificador,1,194851,34911
17056,1897,2023-12-03,Tecnologia,Smartphone,2,579816,124349
17058,1897,2023-12-14,Tecnologia,Router,4,1019596,216037
17059,1897,2024-02-29,Vestuario,Vestido,2,91026,30622
17057,1897,2024-03-05,Electrodomesticos,Licuadora,1,242929,48126
17060,1897,2024-10-09,Hogar,Lampara,1,72020,16587
17061,1898,2022-12-06,Deportes,Botella,4,315259,91927
17064,1898,2022-12-17,Vestuario,Gorro,4,97686,33219
17063,1898,2022-12-23,Tecnologia,Notebook,2,154000,28066
17066,1898,2023-03-27,Deportes,Balon,1,83740,23121
17068,1898,2023-05-08,Tecnologia,Smartwatch,4,308000,59812
17067,1898,2023-06-13,Tecnologia,Notebook,4,698307,129246
17071,1898,2023-06-13,Hogar,Hervidor,1,110131,22997
17062,1898,2023-08-02,Vestuario,Gorro,2,38556,15599
17069,1898,2023-09-01,Vestuario,Chaqueta,1,31982,12392
17070,1898,2023-09-23,Deportes,Botella,4,318239,81416
17065,1898,2024-04-24,Deportes,Bicicleta,1,91025,21632
17072,1899,2023-09-26,Electrodomesticos,Refrigerador,1,212454,39759
17075,1899,2023-11-15,Tecnologia,Notebook,1,301374,62583
17077,1899,2023-11-17,Tecnologia,Monitor,2,424712,63115
17073,1899,2023-11-20,Electrodomesticos,Cocina,1,270169,39088
17074,1899,2023-12-01,Deportes,Bicicleta,1,34233,11419
17076,1899,2024-02-16,Electrodomesticos,Refrigerador,4,813607,149562
17078,1900,2023-09-20,Deportes,Pesas,2,125372,32829
17083,1900,2023-09-30,Tecnologia,Smartphone,2,530807,101732
17084,1900,2023-12-07,Tecnologia,Smartwatch,3,669228,96346
17080,1900,2023-12-27,Tecnologia,Monitor,1,214542,35244
17082,1900,2024-01-07,Deportes,Raqueta,3,346195,134530
17081,1900,2024-03-29,Vestuario,Jeans,2,64570,21781
17079,1900,2024-04-06,Electrodomesticos,Lavadora,2,603111,87048
17085,1901,2023-01-01,Electrodomesticos,Horno,1,149910,24214
17091,1901,2023-01-16,Vestuario,Camisa,2,107695,45417
17087,1901,2023-02-03,Hogar,Cortinas,2,213994,53247
17088,1901,2023-04-19,Deportes,Colchoneta,1,69574,19011
17086,1901,2023-06-04,Hogar,Hervidor,1,96107,23100
17089,1901,2023-07-11,Tecnologia,Teclado,2,340339,75086
17093,1901,2023-08-30,Tecnologia,Impresora,1,181471,39287
17092,1901,2023-09-15,Hogar,Cortinas,1,116125,26314
17090,1901,2024-03-17,Hogar,Lampara,3,282733,82225
17094,1902,2023-02-23,Deportes,Guantes,3,232899,88896
17101,1902,2023-03-06,Electrodomesticos,Refrigerador,3,800625,147597
17100,1902,2023-03-13,Tecnologia,Smartphone,1,207564,39788
17102,1902,2023-03-13,Deportes,Botella,2,75203,21464
17104,1902,2023-03-13,Electrodomesticos,Plancha,2,382924,62822
17103,1902,2023-04-06,Hogar,Sofa,2,200032,61396
17098,1902,2023-06-21,Tecnologia,Tablet,2,375772,75581
17097,1902,2023-08-16,Hogar,Cortinas,2,105832,29852
17106,1902,2023-09-12,Tecnologia,Audifonos,2,464047,103234
17105,1902,2023-10-15,Electrodomesticos,Purificador,2,454258,88580
17095,1902,2023-10-16,Deportes,Poleron,1,63604,17864
17099,1902,2023-10-17,Vestuario,Chaqueta,1,47513,15653
17096,1902,2024-10-18,Vestuario,Polera,1,33459,10101
17107,1903,2023-05-13,Hogar,Alfombra,1,78409,24210
17111,1903,2023-05-18,Tecnologia,Router,2,451062,102797
17114,1903,2023-06-13,Electrodomesticos,Licuadora,1,136944,25395
17110,1903,2023-06-22,Hogar,Cafetera,1,94181,26165
17109,1903,2023-07-08,Electrodomesticos,Plancha,2,350997,65663
17116,1903,2023-07-17,Deportes,Colchoneta,2,95101,26449
17115,1903,2023-07-31,Deportes,Balon,1,24500,7689
17113,1903,2023-09-06,Electrodomesticos,Microondas,2,541912,102271
17108,1903,2023-10-24,Hogar,Cafetera,1,81782,27705
17112,1903,2023-10-26,Deportes,Raqueta,1,52015,16361
17117,1904,2024-02-23,Tecnologia,Smartwatch,5,556554,115355
17119,1904,2024-03-03,Vestuario,Gorro,1,45538,14156
17120,1904,2024-07-16,Tecnologia,Smartphone,2,403779,83561
17118,1904,2024-11-17,Tecnologia,Tablet,3,682246,117496
17121,1905,2023-01-23,Hogar,Mesa,3,248328,65030
17126,1905,2023-02-11,Deportes,Bicicleta,1,55255,16086
17124,1905,2023-02-19,Electrodomesticos,Lavadora,3,701162,121739
17122,1905,2023-02-26,Vestuario,Buzo,1,70001,21153
17123,1905,2023-03-21,Vestuario,Jeans,1,31815,11840
17127,1905,2023-03-22,Tecnologia,Smartwatch,1,184011,38157
17125,1905,2023-06-15,Tecnologia,Audifonos,1,166440,26895
17128,1906,2023-08-27,Vestuario,Jeans,1,42099,16487
17133,1906,2023-10-11,Electrodomesticos,Aspiradora,2,324522,51914
17134,1906,2023-10-13,Electrodomesticos,Secadora,1,120438,19265
17131,1906,2023-10-16,Hogar,Silla,2,134647,36055
17130,1906,2023-10-17,Tecnologia,Tablet,1,101531,18089
17132,1906,2023-11-01,Deportes,Raqueta,1,78609,20270
17136,1906,2024-02-20,Deportes,Poleron,1,24500,7283
17129,1906,2024-05-26,Deportes,Casco,1,56147,17846
17135,1906,2024-08-05,Vestuario,Pantalon,3,113611,39919
17137,1907,2022-11-21,Vestuario,Calcetines,2,60711,20391
17145,1907,2022-12-11,Hogar,Organizador,1,43763,12533
17144,1907,2022-12-17,Electrodomesticos,Secadora,1,193471,38702
17140,1907,2023-02-09,Deportes,Poleron,1,109142,32934
17143,1907,2023-02-19,Vestuario,Buzo,1,32554,12204
17141,1907,2023-04-13,Deportes,Poleron,2,133186,45718
17139,1907,2023-06-07,Hogar,Hervidor,1,56739,11421
17142,1907,2023-09-29,Hogar,Cafetera,2,88875,24853
17138,1907,2023-11-10,Deportes,Guantes,1,68300,18110
17146,1907,2024-04-03,Electrodomesticos,Lavadora,3,396981,75843
17147,1908,2023-06-29,Vestuario,Pantalon,1,31882,11327
17152,1908,2023-07-04,Hogar,Silla,1,97505,24575
17150,1908,2023-07-09,Hogar,Silla,1,64530,15237
17154,1908,2023-07-17,Vestuario,Buzo,4,68523,23723
17156,1908,2023-08-04,Electrodomesticos,Lavadora,1,99615,19071
17148,1908,2023-09-13,Vestuario,Buzo,2,65375,25760
17153,1908,2023-09-14,Electrodomesticos,Aspiradora,4,962629,204724
17151,1908,2023-12-17,Electrodomesticos,Secadora,1,160568,27620
17155,1908,2024-03-11,Electrodomesticos,Microondas,1,250479,46804
17149,1908,2024-07-19,Electrodomesticos,Horno,2,143365,26158
17157,1909,2024-10-04,Electrodomesticos,Aspiradora,2,357737,67372
17162,1909,2024-10-25,Hogar,Organizador,4,260037,71556
17160,1909,2024-11-19,Deportes,Colchoneta,2,139820,38641
17164,1909,2024-11-23,Deportes,Raqueta,1,87960,27591
17163,1909,2024-12-07,Tecnologia,Tablet,1,268935,44819
17165,1909,2024-12-24,Deportes,Short,3,245226,54169
17158,1909,2024-12-29,Electrodomesticos,Licuadora,3,568890,96683
17159,1909,2024-12-31,Electrodomesticos,Microondas,4,364836,61821
17161,1909,2024-12-31,Tecnologia,Impresora,1,220238,40597
17166,1910,2024-10-12,Hogar,Lampara,1,95123,21542
17173,1910,2024-10-24,Deportes,Casco,1,65398,13800
17169,1910,2024-11-24,Hogar,Silla,1,72126,16411
17174,1910,2024-12-02,Hogar,Sofa,1,129806,33118
17172,1910,2024-12-21,Electrodomesticos,Microondas,2,368774,57497
17171,1910,2024-12-23,Tecnologia,Smartphone,1,212129,37458
17170,1910,2024-12-27,Electrodomesticos,Microondas,2,602045,114750
17167,1910,2024-12-29,Hogar,Mesa,2,216552,53904
17175,1910,2024-12-29,Vestuario,Polera,2,83638,23583
17168,1910,2024-12-30,Electrodomesticos,Microondas,2,394199,51480
17176,1911,2024-02-20,Vestuario,Jeans,1,50766,15409
17180,1911,2024-03-04,Electrodomesticos,Aspiradora,1,185043,33576
17177,1911,2024-04-16,Electrodomesticos,Cocina,2,203533,33408
17186,1911,2024-05-04,Tecnologia,Smartphone,2,364849,81675
17179,1911,2024-05-06,Hogar,Sofa,1,31500,10078
17182,1911,2024-05-16,Deportes,Guantes,1,83461,22893
17185,1911,2024-07-06,Electrodomesticos,Plancha,1,215610,38810
17184,1911,2024-08-20,Tecnologia,Impresora,1,207905,36580
17183,1911,2024-10-14,Hogar,Silla,1,71811,18990
17181,1911,2024-11-05,Deportes,Raqueta,1,71535,20378
17178,1911,2024-12-05,Hogar,Silla,1,85937,21596
17187,1912,2023-01-11,Electrodomesticos,Secadora,1,166073,28841
17190,1912,2023-01-16,Vestuario,Camisa,2,114858,35587
17196,1912,2023-01-17,Hogar,Lampara,2,163261,47686
17194,1912,2023-02-02,Electrodomesticos,Microondas,4,795687,154915
17192,1912,2023-02-25,Tecnologia,Smartphone,2,608409,98313
17188,1912,2023-03-05,Deportes,Colchoneta,3,365633,111820
17191,1912,2023-04-24,Electrodomesticos,Purificador,1,209381,35504
17195,1912,2023-05-26,Tecnologia,Teclado,3,867642,179441
17198,1912,2023-06-13,Tecnologia,Router,2,369323,68923
17197,1912,2023-08-27,Vestuario,Camisa,1,55394,20727
17193,1912,2023-09-28,Vestuario,Vestido,1,35225,11436
17189,1912,2024-07-25,Vestuario,Calcetines,1,66654,22615
17199,1913,2024-01-27,Hogar,Lampara,1,84417,26719
17206,1913,2024-02-05,Vestuario,Vestido,1,47893,17365
17203,1913,2024-02-06,Vestuario,Buzo,1,37084,12008
17201,1913,2024-02-12,Vestuario,Calcetines,3,115401,54527
17205,1913,2024-03-01,Deportes,Guantes,4,134844,43036
17200,1913,2024-03-08,Electrodomesticos,Secadora,2,394308,62723
17204,1913,2024-03-13,Hogar,Termo,1,62996,18440
17209,1913,2024-03-24,Vestuario,Polera,1,38412,14939
17207,1913,2024-03-31,Deportes,Short,2,176414,50788
17202,1913,2024-05-23,Electrodomesticos,Licuadora,1,184711,34363
17208,1913,2024-05-31,Deportes,Colchoneta,1,88479,27011
17210,1913,2024-10-16,Vestuario,Jeans,1,44610,14586
17211,1914,2022-03-18,Tecnologia,Audifonos,1,342347,71689
17212,1914,2022-03-21,Vestuario,Gorro,3,61662,21944
17218,1914,2022-03-22,Vestuario,Calcetines,2,65512,20576
17219,1914,2022-03-26,Hogar,Hervidor,2,116551,26358
17215,1914,2022-03-30,Electrodomesticos,Refrigerador,2,416385,80777
17214,1914,2022-06-17,Electrodomesticos,Secadora,1,145350,26440
17217,1914,2022-06-21,Tecnologia,Impresora,3,1095288,232663
17220,1914,2022-07-29,Vestuario,Polera,2,43563,15297
17216,1914,2022-08-26,Vestuario,Pantalon,1,35495,11780
17213,1914,2022-10-28,Electrodomesticos,Lavadora,2,400117,81277
17221,1915,2024-10-08,Tecnologia,Notebook,2,635946,124563
17230,1915,2024-10-12,Deportes,Botella,1,72069,19418
17223,1915,2024-11-14,Deportes,Bicicleta,1,58359,15337
17228,1915,2024-12-14,Tecnologia,Teclado,1,337278,70542
17224,1915,2024-12-15,Electrodomesticos,Lavadora,2,180752,29946
17227,1915,2024-12-21,Vestuario,Zapatillas,3,64901,23700
17225,1915,2024-12-24,Electrodomesticos,Horno,3,189000,29727
17231,1915,2024-12-25,Deportes,Colchoneta,3,219593,60275
17232,1915,2024-12-26,Deportes,Balon,2,114440,33407
17222,1915,2024-12-29,Tecnologia,Smartphone,2,484362,69364
17226,1915,2024-12-29,Hogar,Organizador,1,66328,18483
17229,1915,2024-12-29,Hogar,Cafetera,1,92622,24178
17233,1915,2024-12-30,Electrodomesticos,Aspiradora,2,491514,83641
17234,1916,2023-06-02,Vestuario,Gorro,1,19780,8044
17240,1916,2023-06-05,Deportes,Guantes,1,120646,36785
17243,1916,2023-06-13,Vestuario,Chaqueta,1,28536,10689
17239,1916,2023-07-18,Hogar,Lampara,1,114253,38611
17237,1916,2023-07-26,Deportes,Bicicleta,1,122987,39660
17236,1916,2023-08-20,Electrodomesticos,Cocina,3,668378,108271
17238,1916,2023-09-08,Deportes,Pesas,1,33377,10235
17246,1916,2023-09-25,Electrodomesticos,Lavadora,2,219379,35617
17241,1916,2023-10-02,Deportes,Balon,3,249151,76639
17245,1916,2023-10-29,Tecnologia,Mouse,2,525908,97409
17242,1916,2023-11-15,Electrodomesticos,Horno,1,122220,20146
17235,1916,2023-11-30,Hogar,Lampara,1,40050,9752
17244,1916,2024-01-30,Vestuario,Jeans,1,62293,23809
17247,1917,2022-11-24,Deportes,Guantes,1,118262,29306
17251,1917,2022-12-12,Vestuario,Chaqueta,1,51941,17000
17250,1917,2023-03-02,Tecnologia,Smartwatch,3,1210532,227343
17249,1917,2023-03-16,Hogar,Silla,2,206953,51494
17248,1917,2023-05-02,Deportes,Colchoneta,1,83736,24987
17252,1917,2023-05-16,Tecnologia,Audifonos,1,180547,26540
17254,1918,2024-12-21,Deportes,Pesas,1,80990,19059
17258,1918,2024-12-22,Vestuario,Buzo,1,50043,16274
17259,1918,2024-12-22,Tecnologia,Mouse,3,619506,107096
17255,1918,2024-12-23,Tecnologia,Tablet,1,282113,60102
17264,1918,2024-12-24,Electrodomesticos,Horno,2,455433,97841
17257,1918,2024-12-27,Tecnologia,Monitor,3,566516,105798
17256,1918,2024-12-28,Vestuario,Pantalon,3,29000,9193
17261,1918,2024-12-28,Vestuario,Zapatillas,2,39535,9731
17263,1918,2024-12-28,Tecnologia,Smartwatch,2,345557,53476
17262,1918,2024-12-29,Electrodomesticos,Horno,2,405786,69698
17265,1918,2024-12-30,Vestuario,Vestido,1,24376,7330
17253,1918,2024-12-31,Electrodomesticos,Lavadora,1,242645,47230
17260,1918,2024-12-31,Electrodomesticos,Horno,1,180822,32937
17266,1919,2023-05-20,Vestuario,Chaqueta,3,150390,42691
17268,1919,2023-05-31,Tecnologia,Monitor,2,618276,120958
17270,1919,2023-07-12,Hogar,Cafetera,3,383995,83520
17269,1919,2023-07-29,Vestuario,Zapatillas,3,165351,58516
17267,1919,2023-07-31,Vestuario,Zapatillas,2,86574,28955
17271,1919,2023-09-15,Vestuario,Camisa,4,310076,96154
17272,1919,2023-10-16,Deportes,Raqueta,1,113719,42007
17273,1920,2023-09-07,Vestuario,Vestido,1,44672,15448
17279,1920,2023-09-18,Electrodomesticos,Secadora,4,594976,104537
17284,1920,2023-09-19,Hogar,Sofa,3,125758,29336
17282,1920,2023-09-23,Deportes,Guantes,1,88006,26472
17278,1920,2023-09-27,Deportes,Guantes,1,76027,26552
17287,1920,2023-10-03,Tecnologia,Monitor,4,800428,177922
17285,1920,2023-10-08,Electrodomesticos,Purificador,1,136310,26748
17286,1920,2023-10-17,Hogar,Silla,1,63891,19995
17288,1920,2023-10-24,Hogar,Hervidor,3,301011,99234
17283,1920,2023-11-01,Hogar,Alfombra,1,107471,22765
17274,1920,2023-11-06,Deportes,Poleron,2,132345,40726
17280,1920,2023-11-22,Tecnologia,Mouse,2,322171,55095
17276,1920,2023-12-19,Vestuario,Chaqueta,1,22475,5575
17277,1920,2023-12-23,Tecnologia,Router,3,709206,159714
17281,1920,2024-03-03,Vestuario,Jeans,1,51292,19185
17275,1920,2024-08-27,Vestuario,Pantalon,2,72090,21888
17289,1921,2024-10-24,Hogar,Organizador,1,70927,19227
17293,1921,2024-10-24,Tecnologia,Teclado,2,494801,96000
17294,1921,2024-11-30,Electrodomesticos,Microondas,1,78483,13260
17291,1921,2024-12-25,Vestuario,Zapatillas,1,25675,9922
17292,1921,2024-12-28,Electrodomesticos,Microondas,1,243303,42831
17290,1921,2024-12-29,Hogar,Cortinas,6,299084,84236
17295,1922,2022-04-09,Vestuario,Chaqueta,1,37625,12331
17306,1922,2022-04-15,Deportes,Bicicleta,2,157339,46771
17303,1922,2022-04-17,Hogar,Organizador,3,127222,35954
17305,1922,2022-05-03,Electrodomesticos,Lavadora,1,142428,29191
17297,1922,2022-05-11,Tecnologia,Smartphone,4,704000,146199
17304,1922,2022-06-02,Vestuario,Polera,3,146632,53243
17302,1922,2022-06-14,Hogar,Sofa,1,65544,19483
17299,1922,2022-08-03,Vestuario,Jeans,1,31738,9336
17301,1922,2022-08-04,Tecnologia,Teclado,2,484594,97657
17307,1922,2022-10-04,Vestuario,Gorro,1,36297,14179
17300,1922,2022-12-07,Deportes,Bicicleta,2,133929,41612
17296,1922,2023-02-24,Electrodomesticos,Cocina,1,138261,28782
17298,1922,2023-03-19,Electrodomesticos,Cocina,5,1316210,262446
17308,1923,2023-12-19,Hogar,Hervidor,1,137508,34998
17314,1923,2024-01-10,Hogar,Silla,1,112513,35594
17316,1923,2024-01-21,Electrodomesticos,Aspiradora,1,127893,18314
17312,1923,2024-02-04,Hogar,Cafetera,1,82006,22109
17317,1923,2024-02-08,Hogar,Sofa,1,98315,29553
17315,1923,2024-02-20,Hogar,Lampara,1,104505,30488
17311,1923,2024-05-18,Electrodomesticos,Licuadora,1,236182,44469
17313,1923,2024-05-20,Electrodomesticos,Purificador,1,110864,22808
17310,1923,2024-05-25,Hogar,Hervidor,2,149445,46784
17309,1923,2024-12-30,Deportes,Guantes,3,159223,36645
17318,1924,2024-08-12,Hogar,Cafetera,2,224934,51795
17322,1924,2024-08-29,Electrodomesticos,Secadora,1,103955,16946
17319,1924,2024-09-05,Electrodomesticos,Cocina,7,1238967,256864
17323,1924,2024-09-21,Deportes,Casco,2,101284,25057
17321,1924,2024-10-15,Electrodomesticos,Secadora,1,157588,23347
17325,1924,2024-11-12,Electrodomesticos,Refrigerador,1,291320,48492
17328,1924,2024-11-22,Electrodomesticos,Secadora,1,85604,14918
17326,1924,2024-12-21,Hogar,Silla,2,79076,23963
17324,1924,2024-12-23,Deportes,Casco,1,77169,18767
17320,1924,2024-12-30,Vestuario,Polera,3,165092,49734
17327,1924,2024-12-31,Electrodomesticos,Plancha,1,201554,32020
17329,1925,2022-01-20,Hogar,Silla,3,184407,50985
17330,1925,2022-01-24,Electrodomesticos,Purificador,2,264518,42043
17331,1925,2022-02-04,Tecnologia,Teclado,2,359902,84195
17332,1925,2022-02-09,Hogar,Termo,2,179084,41489
17334,1925,2022-03-03,Deportes,Botella,1,38381,12363
17336,1925,2022-03-03,Tecnologia,Notebook,1,179229,29923
17337,1925,2022-03-27,Hogar,Silla,1,78600,16088
17333,1925,2022-05-06,Electrodomesticos,Microondas,1,207128,38608
17335,1925,2022-06-26,Deportes,Casco,2,126062,39016
17338,1926,2023-03-02,Deportes,Balon,5,232977,67841
17339,1926,2023-03-04,Vestuario,Calcetines,4,138193,57755
17341,1926,2023-03-05,Tecnologia,Tablet,2,322111,70249
17340,1926,2023-07-12,Hogar,Lampara,1,67558,20806
17342,1926,2023-11-03,Deportes,Poleron,1,44353,11654
17343,1926,2024-01-02,Deportes,Bicicleta,2,203654,48575
17344,1927,2024-03-01,Electrodomesticos,Lavadora,1,204766,28474
17347,1927,2024-03-04,Vestuario,Vestido,2,112518,34737
17350,1927,2024-04-19,Hogar,Organizador,1,94332,28914
17349,1927,2024-05-03,Vestuario,Gorro,2,132216,41008
17348,1927,2024-10-25,Tecnologia,Smartwatch,1,164036,28658
17346,1927,2024-12-23,Hogar,Alfombra,1,69140,17024
17345,1927,2024-12-29,Electrodomesticos,Secadora,3,495728,75820
17351,1928,2023-04-05,Vestuario,Calcetines,1,28819,9652
17352,1928,2023-05-18,Deportes,Poleron,1,100701,34259
17353,1928,2023-06-10,Hogar,Cortinas,1,109566,24159
17354,1928,2024-01-10,Electrodomesticos,Licuadora,3,429872,80656
17355,1929,2023-06-18,Tecnologia,Smartwatch,2,645509,116179
17360,1929,2023-06-21,Tecnologia,Router,1,147048,29614
17359,1929,2023-06-24,Tecnologia,Mouse,2,571161,111157
17357,1929,2023-07-04,Electrodomesticos,Licuadora,3,576382,109239
17356,1929,2023-07-15,Electrodomesticos,Lavadora,2,515489,81365
17358,1929,2023-08-03,Electrodomesticos,Refrigerador,2,173910,32935
17361,1930,2023-07-31,Electrodomesticos,Horno,1,138933,25673
17368,1930,2023-09-14,Tecnologia,Teclado,2,495096,108458
17364,1930,2023-09-22,Deportes,Poleron,1,40412,15471
17366,1930,2023-12-25,Electrodomesticos,Plancha,2,237742,40323
17369,1930,2024-01-02,Vestuario,Gorro,2,87564,26737
17365,1930,2024-01-25,Hogar,Cortinas,4,512276,170596
17367,1930,2024-02-10,Tecnologia,Tablet,1,159349,31506
17362,1930,2024-02-21,Vestuario,Buzo,4,182098,75287
17363,1930,2024-04-19,Deportes,Casco,1,58990,17528
17370,1931,2023-10-02,Vestuario,Buzo,2,31343,11739
17373,1931,2023-10-03,Electrodomesticos,Secadora,2,426805,79421
17374,1931,2023-10-14,Tecnologia,Notebook,2,458869,79328
17377,1931,2023-10-19,Tecnologia,Smartwatch,5,912030,144601
17379,1931,2023-11-08,Tecnologia,Notebook,1,152399,23614
17378,1931,2023-11-09,Tecnologia,Smartwatch,3,772888,125902
17372,1931,2023-12-10,Deportes,Raqueta,4,369825,106036
17380,1931,2023-12-13,Hogar,Silla,1,73443,22525
17381,1931,2024-01-12,Electrodomesticos,Cocina,3,575155,92654
17371,1931,2024-01-18,Hogar,Hervidor,1,79316,23563
17376,1931,2024-02-01,Deportes,Balon,1,51759,13282
17375,1931,2024-02-03,Tecnologia,Notebook,1,152646,25675
17382,1931,2024-04-11,Deportes,Botella,3,221954,57649
17383,1932,2023-02-09,Hogar,Cortinas,3,307552,86582
17392,1932,2023-02-23,Vestuario,Gorro,2,39471,14996
17390,1932,2023-02-27,Hogar,Cafetera,3,281964,104419
17391,1932,2023-03-06,Hogar,Cortinas,1,125993,32842
17388,1932,2023-04-04,Vestuario,Buzo,1,22558,8804
17384,1932,2023-05-16,Deportes,Casco,1,72823,21633
17386,1932,2023-07-02,Deportes,Short,2,130127,41013
17387,1932,2023-07-06,Tecnologia,Smartwatch,1,77000,13764
17385,1932,2023-10-23,Hogar,Sofa,1,117116,27323
17389,1932,2023-12-18,Electrodomesticos,Licuadora,1,116670,20918
17393,1933,2022-01-28,Hogar,Alfombra,1,38927,11023
17397,1933,2022-03-26,Vestuario,Jeans,2,93133,33658
17398,1933,2022-05-02,Deportes,Short,1,59197,16623
17399,1933,2022-05-03,Deportes,Casco,1,52458,17552
17395,1933,2022-05-04,Tecnologia,Router,2,624271,118746
17401,1933,2022-09-30,Electrodomesticos,Aspiradora,1,166035,29976
17396,1933,2023-02-03,Electrodomesticos,Plancha,1,279863,51668
17400,1933,2023-02-27,Deportes,Raqueta,1,102469,30788
17394,1933,2023-05-12,Deportes,Raqueta,1,93161,29952
17402,1934,2023-12-21,Hogar,Termo,2,146396,38508
17410,1934,2023-12-25,Electrodomesticos,Lavadora,1,189941,22794
17406,1934,2024-01-16,Tecnologia,Smartwatch,1,145945,29740
17407,1934,2024-01-21,Vestuario,Buzo,5,178148,60104
17408,1934,2024-01-21,Tecnologia,Router,4,837597,185302
17411,1934,2024-03-03,Deportes,Balon,1,90924,34384
17409,1934,2024-03-12,Electrodomesticos,Secadora,5,918288,181351
17404,1934,2024-05-08,Vestuario,Vestido,2,59270,21837
17412,1934,2024-05-27,Vestuario,Chaqueta,2,56130,18392
17405,1934,2024-12-24,Hogar,Lampara,1,77585,22429
17403,1934,2024-12-26,Deportes,Pesas,1,63178,18436
17413,1935,2022-01-22,Electrodomesticos,Refrigerador,1,157257,30434
17418,1935,2022-01-23,Vestuario,Camisa,1,39881,12963
17415,1935,2022-02-01,Vestuario,Chaqueta,4,87791,30771
17421,1935,2022-02-12,Hogar,Silla,2,79373,27112
17423,1935,2022-03-10,Hogar,Mesa,1,82672,28144
17422,1935,2022-05-12,Hogar,Hervidor,1,51909,13619
17416,1935,2022-05-13,Tecnologia,Notebook,1,185270,39192
17414,1935,2022-05-19,Hogar,Silla,1,64690,15221
17420,1935,2022-12-21,Tecnologia,Smartphone,1,292320,55854
17417,1935,2022-12-22,Vestuario,Zapatillas,1,28832,10230
17419,1935,2023-01-30,Hogar,Cortinas,2,317476,88986
17424,1936,2023-01-27,Vestuario,Buzo,3,47584,14653
17430,1936,2023-02-12,Electrodomesticos,Licuadora,3,508850,82601
17431,1936,2023-02-12,Vestuario,Camisa,2,117532,41837
17429,1936,2023-03-23,Electrodomesticos,Purificador,3,595783,96504
17425,1936,2023-03-29,Hogar,Termo,1,110070,33070
17427,1936,2023-04-04,Vestuario,Jeans,3,106674,39887
17428,1936,2023-04-21,Deportes,Short,1,92347,22937
17433,1936,2023-07-09,Electrodomesticos,Refrigerador,5,1512918,288152
17432,1936,2023-10-22,Vestuario,Calcetines,3,56192,15903
17426,1936,2024-01-01,Hogar,Hervidor,2,182364,56882
17434,1937,2023-02-17,Deportes,Short,1,93046,24369
17436,1937,2023-03-01,Vestuario,Chaqueta,1,17585,6912
17437,1937,2023-03-03,Deportes,Colchoneta,4,269195,80830
17440,1937,2023-03-17,Electrodomesticos,Licuadora,2,384699,85543
17435,1937,2023-04-16,Hogar,Silla,1,43591,14238
17444,1937,2023-04-18,Electrodomesticos,Secadora,1,270673,46094
17441,1937,2023-07-21,Tecnologia,Audifonos,4,492672,98589
17443,1937,2023-07-29,Hogar,Sofa,1,96072,25455
17438,1937,2023-10-19,Tecnologia,Audifonos,1,129387,25981
17439,1937,2023-11-23,Deportes,Raqueta,1,43321,11781
17442,1937,2024-06-16,Deportes,Short,3,219923,77564
17445,1938,2024-03-29,Tecnologia,Notebook,1,310231,64625
17454,1938,2024-04-18,Deportes,Pesas,4,151008,40302
17453,1938,2024-04-19,Hogar,Alfombra,4,321709,111242
17456,1938,2024-04-24,Deportes,Poleron,1,61253,16519
17449,1938,2024-04-25,Deportes,Balon,3,259700,81772
17451,1938,2024-04-30,Tecnologia,Tablet,2,379732,95127
17447,1938,2024-05-18,Vestuario,Vestido,2,82194,28134
17458,1938,2024-05-18,Deportes,Pesas,1,70225,20867
17448,1938,2024-06-05,Electrodomesticos,Licuadora,1,256430,49702
17450,1938,2024-08-03,Vestuario,Vestido,1,16725,4907
17446,1938,2024-08-23,Tecnologia,Tablet,4,955476,209030
17457,1938,2024-09-07,Vestuario,Zapatillas,1,14574,4589
17455,1938,2024-12-24,Tecnologia,Router,1,184098,30101
17452,1938,2024-12-27,Deportes,Colchoneta,1,24500,7614
17459,1939,2023-02-25,Electrodomesticos,Lavadora,1,171494,35709
17462,1939,2023-03-07,Tecnologia,Smartphone,1,242954,48680
17465,1939,2023-03-21,Hogar,Termo,2,126925,39370
17460,1939,2023-04-20,Tecnologia,Notebook,1,295876,60800
17463,1939,2023-05-22,Deportes,Raqueta,1,94472,30108
17464,1939,2023-06-11,Deportes,Casco,1,46813,12999
17461,1939,2023-06-19,Deportes,Pesas,2,186516,49389
17466,1939,2023-07-09,Tecnologia,Router,1,373668,80268
17467,1940,2024-11-23,Electrodomesticos,Purificador,1,79959,12047
17474,1940,2024-12-21,Vestuario,Chaqueta,1,9416,2826
17472,1940,2024-12-22,Hogar,Alfombra,2,115084,30818
17469,1940,2024-12-23,Tecnologia,Smartwatch,2,383969,65022
17475,1940,2024-12-23,Hogar,Alfombra,1,69089,17241
17470,1940,2024-12-24,Tecnologia,Router,1,153681,23902
17473,1940,2024-12-24,Electrodomesticos,Microondas,1,125111,17205
17468,1940,2024-12-26,Hogar,Hervidor,2,134427,27981
17471,1940,2024-12-29,Electrodomesticos,Secadora,1,101308,17824
17476,1941,2023-07-27,Vestuario,Chaqueta,2,93155,30625
17481,1941,2023-09-13,Hogar,Cortinas,1,76360,17086
17480,1941,2023-10-13,Deportes,Colchoneta,1,82465,25573
17482,1941,2023-10-27,Hogar,Mesa,1,116894,31089
17477,1941,2024-04-08,Hogar,Hervidor,2,132894,34432
17478,1941,2024-05-31,Hogar,Termo,1,78777,19304
17479,1941,2024-07-07,Tecnologia,Tablet,2,244629,50153
17483,1942,2023-11-27,Electrodomesticos,Purificador,2,127867,18683
17491,1942,2023-11-27,Vestuario,Camisa,2,55083,17595
17484,1942,2023-12-14,Deportes,Poleron,1,38064,13613
17485,1942,2024-01-02,Electrodomesticos,Purificador,2,327442,73656
17489,1942,2024-01-09,Tecnologia,Audifonos,1,89778,18000
17487,1942,2024-01-29,Deportes,Pesas,2,100859,30439
17493,1942,2024-01-31,Hogar,Termo,1,97200,25202
17490,1942,2024-02-10,Hogar,Silla,2,190235,54533
17492,1942,2024-03-18,Deportes,Poleron,3,224512,52286
17494,1942,2024-05-12,Vestuario,Gorro,1,17793,5941
17488,1942,2024-05-20,Vestuario,Calcetines,2,92499,32007
17495,1942,2024-06-14,Deportes,Botella,2,141779,47007
17486,1942,2024-10-29,Hogar,Organizador,1,106525,32839
17496,1943,2024-07-12,Tecnologia,Teclado,1,158175,34595
17504,1943,2024-07-30,Electrodomesticos,Cocina,3,611598,99977
17499,1943,2024-07-31,Deportes,Short,2,103851,32698
17501,1943,2024-09-01,Hogar,Lampara,1,66278,18671
17502,1943,2024-10-09,Electrodomesticos,Horno,4,948759,148219
17497,1943,2024-10-17,Deportes,Colchoneta,2,227949,89246
17503,1943,2024-12-22,Hogar,Cortinas,2,118731,27824
17498,1943,2024-12-24,Tecnologia,Smartwatch,1,176631,34218
17500,1943,2024-12-27,Tecnologia,Impresora,1,327816,56300
17505,1944,2022-03-14,Deportes,Casco,2,80385,23721
17506,1944,2022-04-26,Hogar,Mesa,4,292809,73071
17511,1944,2022-05-14,Electrodomesticos,Plancha,1,175966,34330
17507,1944,2022-09-04,Hogar,Cafetera,2,243310,67110
17510,1944,2022-12-29,Vestuario,Pantalon,1,24520,9436
17508,1944,2023-01-13,Electrodomesticos,Microondas,2,415126,78303
17509,1944,2023-01-19,Deportes,Casco,2,88664,26954
17512,1945,2023-08-18,Vestuario,Chaqueta,2,98032,31429
17519,1945,2023-09-02,Tecnologia,Tablet,1,238619,48678
17516,1945,2023-09-12,Electrodomesticos,Aspiradora,4,1313501,207782
17518,1945,2023-09-17,Tecnologia,Tablet,1,312864,51033
17515,1945,2023-11-08,Electrodomesticos,Microondas,2,340612,57161
17517,1945,2024-01-16,Deportes,Bicicleta,1,91891,25581
17514,1945,2024-10-14,Deportes,Short,2,65586,20100
17513,1945,2024-12-30,Deportes,Guantes,3,113478,37023
17520,1946,2023-02-06,Tecnologia,Impresora,3,562704,108432
17522,1946,2023-02-23,Electrodomesticos,Refrigerador,4,1218668,210753
17521,1946,2023-03-12,Deportes,Bicicleta,2,176839,48082
17524,1946,2023-04-04,Electrodomesticos,Cocina,1,197432,32286
17523,1946,2023-08-01,Tecnologia,Notebook,1,406884,79105
17525,1946,2023-11-30,Deportes,Poleron,2,151877,56589
17526,1947,2023-08-09,Deportes,Balon,1,59637,18475
17531,1947,2023-08-10,Electrodomesticos,Aspiradora,2,126000,22834
17530,1947,2023-08-22,Hogar,Silla,3,407846,102415
17529,1947,2023-08-27,Electrodomesticos,Cocina,2,350376,50734
17533,1947,2023-08-31,Tecnologia,Impresora,2,375809,85900
17527,1947,2023-10-01,Hogar,Lampara,1,121989,29075
17528,1947,2023-10-10,Vestuario,Zapatillas,2,120719,44548
17532,1947,2023-10-14,Deportes,Bicicleta,2,246704,68811
17536,1947,2023-11-09,Tecnologia,Impresora,1,297019,38256
17535,1947,2024-01-26,Electrodomesticos,Microondas,1,178137,34389
17534,1947,2024-05-27,Hogar,Lampara,1,75450,23926
17538,1948,2024-12-24,Tecnologia,Mouse,2,208632,28369
17537,1948,2024-12-28,Hogar,Alfombra,1,77159,21754
17539,1948,2024-12-29,Deportes,Bicicleta,1,105300,30344
17540,1948,2024-12-30,Hogar,Organizador,2,257645,62389
17541,1949,2023-08-11,Hogar,Organizador,1,139644,35431
17542,1949,2023-08-13,Vestuario,Vestido,2,51532,19086
17545,1949,2023-08-16,Deportes,Raqueta,2,106418,30861
17544,1949,2023-11-16,Deportes,Balon,2,135084,36708
17543,1949,2024-05-19,Electrodomesticos,Microondas,3,439879,63155
17546,1950,2022-10-01,Electrodomesticos,Microondas,4,471321,70814
17549,1950,2022-10-26,Tecnologia,Impresora,1,238219,49039
17551,1950,2022-10-31,Deportes,Botella,1,67486,23751
17547,1950,2022-12-03,Hogar,Lampara,2,175341,54721
17552,1950,2022-12-30,Deportes,Balon,1,44789,13978
17548,1950,2023-01-25,Tecnologia,Impresora,6,2280941,429329
17550,1950,2023-02-25,Vestuario,Camisa,4,119090,43245
17553,1951,2022-03-27,Tecnologia,Mouse,3,463719,104321
17554,1951,2022-03-30,Deportes,Casco,2,171785,58371
17555,1951,2022-04-28,Hogar,Termo,2,126125,36577
17557,1951,2022-05-15,Electrodomesticos,Aspiradora,2,431807,69361
17556,1951,2022-07-11,Electrodomesticos,Purificador,2,126000,21394
17558,1951,2022-09-26,Vestuario,Gorro,2,107965,41133
17559,1952,2022-07-08,Deportes,Colchoneta,1,87766,27526
17562,1952,2022-08-01,Vestuario,Gorro,1,14686,6458
17565,1952,2022-08-09,Vestuario,Camisa,3,118188,33751
17566,1952,2022-08-15,Vestuario,Chaqueta,5,125456,47778
17560,1952,2022-12-14,Hogar,Cafetera,3,393887,104927
17564,1952,2022-12-30,Deportes,Colchoneta,2,187785,67204
17561,1952,2023-04-24,Deportes,Balon,1,24500,8238
17563,1952,2023-07-12,Tecnologia,Monitor,2,747760,149857
17567,1953,2022-08-01,Tecnologia,Mouse,1,270068,39625
17568,1953,2022-08-12,Hogar,Cafetera,2,209351,50517
17569,1953,2022-08-18,Electrodomesticos,Purificador,1,169081,35868
17570,1953,2022-11-11,Tecnologia,Smartwatch,3,865371,166729
17571,1954,2024-05-12,Electrodomesticos,Horno,2,353001,59151
17576,1954,2024-05-14,Electrodomesticos,Lavadora,1,154161,33018
17578,1954,2024-06-04,Tecnologia,Notebook,3,437708,75515
17580,1954,2024-06-11,Vestuario,Calcetines,2,89828,37835
17572,1954,2024-07-08,Deportes,Balon,3,145862,43560
17574,1954,2024-07-20,Hogar,Hervidor,1,109430,30601
17573,1954,2024-09-03,Deportes,Balon,1,64948,17228
17581,1954,2024-10-04,Electrodomesticos,Plancha,4,619367,140142
17579,1954,2024-10-13,Vestuario,Vestido,1,38327,12453
17575,1954,2024-12-27,Tecnologia,Router,2,364072,74063
17577,1954,2024-12-31,Deportes,Bicicleta,1,39063,13511
17582,1955,2023-02-22,Electrodomesticos,Purificador,1,244057,44942
17584,1955,2023-02-25,Vestuario,Chaqueta,2,52866,18577
17586,1955,2023-02-25,Electrodomesticos,Cocina,2,435368,79655
17590,1955,2023-02-25,Hogar,Cafetera,2,160690,50481
17585,1955,2023-03-08,Electrodomesticos,Horno,2,368765,52756
17589,1955,2023-04-10,Hogar,Organizador,1,48646,12258
17583,1955,2023-04-14,Electrodomesticos,Plancha,1,122543,23805
17588,1955,2023-05-09,Tecnologia,Teclado,1,241374,45119
17587,1955,2023-05-10,Hogar,Cafetera,1,31500,9598
17591,1955,2023-08-14,Tecnologia,Smartphone,2,540343,109306
17592,1956,2024-07-22,Electrodomesticos,Aspiradora,5,1556858,298954
17596,1956,2024-08-10,Vestuario,Camisa,1,49762,22162
17598,1956,2024-11-16,Vestuario,Chaqueta,2,194717,66522
17595,1956,2024-12-14,Deportes,Balon,1,77998,22977
17597,1956,2024-12-23,Electrodomesticos,Refrigerador,1,237727,53146
17594,1956,2024-12-28,Hogar,Alfombra,1,53189,13939
17593,1956,2024-12-30,Hogar,Cortinas,2,195738,50082
17599,1957,2023-07-07,Vestuario,Jeans,1,56912,19144
17604,1957,2023-07-10,Deportes,Balon,1,115694,32770
17605,1957,2023-07-16,Tecnologia,Impresora,1,190375,42856
17602,1957,2023-07-18,Vestuario,Jeans,1,79431,26876
17607,1957,2023-07-26,Electrodomesticos,Licuadora,1,86519,14385
17603,1957,2023-09-24,Hogar,Cortinas,1,160495,49658
17601,1957,2023-10-13,Tecnologia,Router,1,77000,14271
17600,1957,2023-11-11,Vestuario,Calcetines,1,34971,12430
17606,1957,2023-11-20,Deportes,Short,3,248554,63285
17608,1957,2023-12-05,Electrodomesticos,Cocina,2,229002,41572
17609,1958,2023-10-17,Hogar,Mesa,2,193884,56088
17614,1958,2023-10-17,Tecnologia,Router,1,130828,29243
17617,1958,2023-10-29,Hogar,Sofa,1,93276,29551
17616,1958,2023-11-04,Hogar,Silla,1,108727,22801
17612,1958,2023-11-10,Electrodomesticos,Horno,2,279841,52393
17610,1958,2023-11-27,Deportes,Poleron,3,221493,64293
17613,1958,2024-01-12,Vestuario,Calcetines,1,28733,9856
17618,1958,2024-04-28,Tecnologia,Audifonos,3,647685,129827
17611,1958,2024-08-02,Tecnologia,Monitor,1,327750,81337
17615,1958,2024-12-30,Hogar,Alfombra,1,146661,41023
17619,1959,2023-03-28,Vestuario,Polera,4,97279,35136
17621,1959,2023-03-31,Tecnologia,Mouse,1,298257,62317
17624,1959,2023-04-05,Electrodomesticos,Secadora,2,253170,41000
17628,1959,2023-04-24,Electrodomesticos,Refrigerador,1,89611,14670
17623,1959,2023-05-08,Electrodomesticos,Microondas,1,123807,26763
17620,1959,2023-06-18,Hogar,Lampara,1,91131,26953
17629,1959,2023-06-20,Vestuario,Vestido,1,33954,12444
17627,1959,2023-07-18,Hogar,Cortinas,4,185338,50094
17625,1959,2023-07-27,Electrodomesticos,Aspiradora,2,215159,28784
17626,1959,2023-09-19,Tecnologia,Mouse,1,243326,49903
17622,1959,2024-12-21,Electrodomesticos,Refrigerador,1,156756,25429
17630,1960,2023-09-30,Deportes,Guantes,1,70962,22871
17631,1960,2023-10-18,Deportes,Poleron,1,119745,36506
17633,1960,2023-11-05,Hogar,Mesa,2,190155,47320
17635,1960,2024-01-10,Hogar,Hervidor,1,145402,39245
17632,1960,2024-04-01,Hogar,Cortinas,3,351525,92305
17636,1960,2024-05-14,Hogar,Sofa,1,59689,15906
17634,1960,2024-06-28,Vestuario,Zapatillas,1,43253,16602
17637,1961,2023-06-10,Hogar,Sofa,1,107718,32139
17639,1961,2023-08-01,Deportes,Guantes,4,201816,53799
17643,1961,2023-08-08,Electrodomesticos,Horno,5,1083945,205083
17641,1961,2023-08-30,Vestuario,Jeans,1,76656,28361
17645,1961,2023-09-05,Tecnologia,Tablet,1,193218,34262
17638,1961,2023-09-21,Tecnologia,Impresora,3,796418,157321
17640,1961,2023-10-13,Tecnologia,Audifonos,1,152122,28086
17642,1961,2023-10-24,Vestuario,Zapatillas,3,221053,93168
17644,1961,2023-11-01,Deportes,Balon,2,70570,18289
17646,1962,2022-11-30,Electrodomesticos,Aspiradora,2,214820,29095
17648,1962,2023-02-08,Electrodomesticos,Microondas,2,504973,80645
17647,1962,2023-02-28,Hogar,Organizador,2,173785,48261
17649,1962,2023-03-25,Vestuario,Camisa,1,69376,29939
17651,1962,2023-05-16,Hogar,Sofa,1,84944,26896
17652,1962,2023-07-10,Tecnologia,Mouse,3,784442,136324
17650,1962,2023-11-06,Vestuario,Pantalon,2,38459,12029
17653,1963,2023-07-16,Tecnologia,Smartphone,1,130717,28571
17654,1963,2023-07-22,Deportes,Botella,1,58785,13739
17656,1963,2023-07-27,Hogar,Cortinas,3,228482,63558
17659,1963,2023-08-02,Vestuario,Jeans,3,163162,64164
17657,1963,2023-08-08,Electrodomesticos,Cocina,1,269465,42268
17658,1963,2023-09-01,Electrodomesticos,Cocina,3,844020,133043
17655,1963,2024-06-04,Tecnologia,Monitor,1,227965,35490
17660,1964,2022-10-28,Tecnologia,Teclado,2,456277,75739
17662,1964,2022-10-31,Hogar,Cortinas,2,248471,75464
17664,1964,2022-11-07,Vestuario,Pantalon,3,115509,37317
17665,1964,2022-11-25,Tecnologia,Tablet,2,334119,54803
17661,1964,2022-12-26,Hogar,Termo,3,200656,47242
17663,1964,2023-04-20,Electrodomesticos,Plancha,1,303881,64664
17666,1965,2023-08-05,Deportes,Poleron,3,278316,94501
17673,1965,2023-08-12,Electrodomesticos,Refrigerador,2,424630,81514
17669,1965,2023-08-30,Vestuario,Camisa,1,27314,8575
17672,1965,2023-09-01,Electrodomesticos,Refrigerador,4,363856,70301
17668,1965,2023-10-19,Vestuario,Jeans,2,58581,17897
17670,1965,2024-01-02,Vestuario,Pantalon,2,99859,31991
17671,1965,2024-06-21,Electrodomesticos,Licuadora,1,134465,24631
17667,1965,2024-10-09,Hogar,Organizador,2,141015,43751
17674,1966,2022-10-15,Vestuario,Calcetines,1,23341,8615
17675,1966,2022-11-10,Vestuario,Polera,1,15001,4769
17676,1966,2022-11-18,Tecnologia,Mouse,2,612227,109473
17677,1966,2023-01-07,Tecnologia,Router,1,265254,52932
17678,1966,2023-10-25,Tecnologia,Tablet,1,234828,38899
17679,1967,2024-03-29,Hogar,Cafetera,1,138690,44566
17680,1967,2024-04-16,Tecnologia,Tablet,1,293683,66802
17686,1967,2024-04-23,Electrodomesticos,Cocina,2,421347,71934
17683,1967,2024-05-09,Hogar,Silla,2,276650,74423
17681,1967,2024-07-18,Hogar,Cafetera,2,255901,65977
17684,1967,2024-07-23,Hogar,Sofa,2,119263,34970
17685,1967,2024-08-29,Vestuario,Polera,3,99701,36459
17687,1967,2024-11-10,Deportes,Short,1,50499,12414
17682,1967,2024-12-29,Tecnologia,Impresora,2,692842,102133
17688,1968,2023-08-07,Electrodomesticos,Secadora,2,363041,70535
17695,1968,2023-08-10,Vestuario,Pantalon,1,51217,19543
17689,1968,2023-08-26,Hogar,Sofa,1,51624,15748
17698,1968,2023-10-28,Tecnologia,Notebook,2,410632,82296
17690,1968,2023-12-21,Tecnologia,Audifonos,1,260027,46695
17693,1968,2024-02-24,Hogar,Cafetera,1,91113,24237
17692,1968,2024-03-24,Deportes,Colchoneta,3,216563,71329
17696,1968,2024-03-29,Hogar,Cafetera,1,97458,30200
17691,1968,2024-04-21,Electrodomesticos,Aspiradora,2,196717,37557
17697,1968,2024-05-22,Tecnologia,Teclado,1,145288,28991
17694,1968,2024-10-08,Tecnologia,Audifonos,1,256355,52519
17699,1969,2024-03-24,Deportes,Guantes,2,49000,14088
17701,1969,2024-03-31,Tecnologia,Monitor,1,231653,48559
17706,1969,2024-04-06,Deportes,Guantes,1,74139,21899
17703,1969,2024-04-10,Tecnologia,Mouse,1,77000,15775
17705,1969,2024-04-21,Hogar,Alfombra,1,81825,24004
17702,1969,2024-08-27,Tecnologia,Tablet,2,393062,96867
17707,1969,2024-10-25,Vestuario,Polera,2,108801,35011
17704,1969,2024-12-23,Electrodomesticos,Refrigerador,1,170003,27900
17700,1969,2024-12-24,Vestuario,Buzo,1,20616,7376
17708,1970,2023-02-28,Deportes,Colchoneta,3,311050,71278
17711,1970,2023-03-26,Hogar,Hervidor,2,159192,40285
17710,1970,2023-05-18,Deportes,Colchoneta,3,183925,56139
17709,1970,2023-10-29,Hogar,Silla,1,129825,38001
17712,1970,2023-12-07,Deportes,Botella,4,267356,70220
17713,1971,2023-02-25,Vestuario,Pantalon,3,136826,33522
17716,1971,2023-03-11,Tecnologia,Tablet,1,207983,37035
17718,1971,2023-05-09,Deportes,Poleron,1,116190,42352
17714,1971,2023-05-11,Vestuario,Gorro,1,25768,9148
17715,1971,2023-07-08,Hogar,Mesa,3,318920,79775
17717,1971,2023-07-24,Vestuario,Vestido,3,217018,87110
17719,1972,2024-11-15,Tecnologia,Router,1,261468,45193
17730,1972,2024-11-21,Hogar,Mesa,3,383569,110962
17725,1972,2024-11-24,Electrodomesticos,Aspiradora,2,313387,44874
17729,1972,2024-12-06,Electrodomesticos,Secadora,1,109258,21131
17727,1972,2024-12-21,Hogar,Lampara,3,218327,50681
17723,1972,2024-12-22,Hogar,Alfombra,1,93391,23162
17726,1972,2024-12-22,Electrodomesticos,Microondas,1,63000,10012
17721,1972,2024-12-23,Vestuario,Jeans,2,97491,30129
17728,1972,2024-12-23,Electrodomesticos,Plancha,2,319193,54723
17720,1972,2024-12-27,Hogar,Sofa,1,51926,14425
17724,1972,2024-12-28,Tecnologia,Smartphone,4,505357,89798
17722,1972,2024-12-29,Hogar,Hervidor,2,166957,32766
17731,1973,2023-01-13,Vestuario,Buzo,2,54638,20821
17737,1973,2023-03-07,Deportes,Botella,2,187790,59754
17739,1973,2023-04-11,Vestuario,Vestido,1,25787,10521
17733,1973,2023-05-11,Electrodomesticos,Lavadora,3,553429,83429
17736,1973,2023-05-11,Electrodomesticos,Plancha,2,300040,59232
17740,1973,2023-05-31,Electrodomesticos,Plancha,2,398093,82703
17738,1973,2023-07-31,Tecnologia,Smartwatch,3,901437,164841
17734,1973,2023-08-02,Hogar,Organizador,3,392446,97435
17732,1973,2023-12-30,Hogar,Sofa,3,181700,49753
17735,1973,2024-01-21,Vestuario,Jeans,1,53880,21658
17741,1974,2023-02-01,Vestuario,Zapatillas,1,31362,10955
17743,1974,2023-02-25,Hogar,Organizador,3,326503,106323
17742,1974,2023-03-30,Hogar,Sofa,2,284760,96832
17745,1974,2023-04-14,Hogar,Lampara,1,96581,30486
17746,1974,2023-05-06,Tecnologia,Smartphone,1,219395,45001
17744,1974,2023-06-29,Deportes,Colchoneta,2,139697,42485
17748,1974,2023-07-21,Tecnologia,Mouse,3,810010,169189
17749,1974,2023-09-14,Electrodomesticos,Microondas,1,162270,28760
17747,1974,2023-10-24,Deportes,Casco,1,53110,16298
17750,1974,2024-02-29,Tecnologia,Router,1,144001,29030
17751,1975,2023-10-12,Hogar,Silla,1,96374,28744
17752,1975,2023-10-31,Tecnologia,Smartphone,1,77000,13895
17753,1975,2024-01-02,Tecnologia,Audifonos,1,182847,36602
17757,1975,2024-01-21,Tecnologia,Notebook,1,185012,35391
17755,1975,2024-02-22,Electrodomesticos,Microondas,1,139047,22555
17754,1975,2024-04-06,Electrodomesticos,Plancha,1,213532,40196
17756,1975,2024-04-17,Hogar,Alfombra,1,105127,33064
17758,1976,2023-08-20,Vestuario,Buzo,4,146446,58850
17765,1976,2023-08-22,Tecnologia,Smartphone,2,425446,88491
17760,1976,2023-09-03,Deportes,Poleron,3,197343,57310
17764,1976,2023-09-05,Vestuario,Zapatillas,3,96809,32557
17761,1976,2023-11-08,Hogar,Lampara,1,63042,16918
17762,1976,2023-12-05,Hogar,Alfombra,2,205451,51090
17763,1976,2024-03-05,Electrodomesticos,Cocina,2,278055,41495
17759,1976,2024-04-19,Vestuario,Vestido,1,58133,26000
17766,1977,2022-04-23,Deportes,Botella,2,153236,47258
17767,1977,2022-05-22,Hogar,Silla,5,388228,102736
17768,1977,2022-06-07,Vestuario,Polera,2,148387,52638
17770,1977,2022-06-21,Hogar,Termo,1,122186,33742
17769,1977,2022-07-23,Tecnologia,Notebook,1,249840,48323
17771,1977,2022-09-09,Electrodomesticos,Lavadora,1,108462,20547
17772,1977,2022-12-15,Electrodomesticos,Horno,1,186678,25997
17773,1978,2022-04-19,Hogar,Hervidor,2,199019,61403
17779,1978,2022-04-20,Electrodomesticos,Refrigerador,1,146513,23869
17777,1978,2022-04-30,Tecnologia,Tablet,3,553439,114123
17774,1978,2022-06-01,Vestuario,Jeans,2,61146,22271
17783,1978,2022-06-27,Tecnologia,Notebook,3,648884,134895
17775,1978,2022-07-15,Electrodomesticos,Plancha,1,247510,35226
17778,1978,2022-07-25,Electrodomesticos,Cocina,3,802758,172326
17782,1978,2022-07-30,Tecnologia,Impresora,1,205736,40922
17776,1978,2022-11-20,Hogar,Mesa,6,522072,156076
17780,1978,2022-11-29,Electrodomesticos,Licuadora,2,266772,51370
17781,1978,2024-01-22,Deportes,Casco,1,66726,18775
17784,1979,2023-07-12,Electrodomesticos,Microondas,2,322707,56594
17786,1979,2023-07-16,Deportes,Guantes,2,196225,72094
17787,1979,2023-09-06,Tecnologia,Router,2,636398,138553
17789,1979,2023-09-20,Hogar,Cortinas,2,130359,35179
17791,1979,2024-01-14,Deportes,Raqueta,2,218604,64162
17785,1979,2024-02-28,Tecnologia,Smartwatch,1,140572,24408
17788,1979,2024-03-25,Electrodomesticos,Purificador,2,198579,35310
17792,1979,2024-05-15,Deportes,Short,2,160073,48969
17790,1979,2024-08-08,Tecnologia,Router,1,109635,22671
17793,1980,2023-03-10,Deportes,Raqueta,3,174539,58823
17797,1980,2023-03-13,Electrodomesticos,Cocina,1,227058,41868
17800,1980,2023-03-16,Hogar,Lampara,3,322891,86864
17802,1980,2023-03-21,Hogar,Sofa,1,55142,14731
17798,1980,2023-04-17,Vestuario,Vestido,1,15552,3978
17804,1980,2023-04-28,Tecnologia,Tablet,5,1358564,234677
17796,1980,2023-06-14,Deportes,Colchoneta,1,108753,32490
17803,1980,2023-06-14,Deportes,Poleron,2,145453,46603
17794,1980,2023-06-19,Vestuario,Pantalon,3,159534,54789
17799,1980,2023-06-22,Electrodomesticos,Purificador,1,209297,40157
17801,1980,2023-08-28,Deportes,Bicicleta,1,77841,24033
17795,1980,2023-11-24,Tecnologia,Monitor,1,108175,19824
17805,1981,2024-11-15,Electrodomesticos,Horno,1,111924,19689
17807,1981,2024-11-15,Vestuario,Camisa,1,42962,14220
17809,1981,2024-11-20,Deportes,Bicicleta,1,64879,17905
17812,1981,2024-12-06,Vestuario,Pantalon,2,114616,28832
17810,1981,2024-12-22,Tecnologia,Teclado,1,86318,12656
17816,1981,2024-12-23,Electrodomesticos,Licuadora,1,196624,31022
17813,1981,2024-12-24,Vestuario,Pantalon,1,30462,9234
17806,1981,2024-12-25,Deportes,Colchoneta,4,296429,86183
17811,1981,2024-12-27,Tecnologia,Audifonos,1,298179,51398
17815,1981,2024-12-27,Deportes,Balon,2,216214,54507
17814,1981,2024-12-28,Tecnologia,Monitor,3,630774,122394
17817,1981,2024-12-29,Deportes,Balon,5,413815,127817
17808,1981,2024-12-31,Tecnologia,Smartphone,2,356686,62172
17818,1982,2024-03-15,Vestuario,Camisa,4,241454,68953
17827,1982,2024-05-06,Hogar,Sofa,2,235356,68821
17825,1982,2024-05-17,Hogar,Lampara,1,115112,36551
17822,1982,2024-06-02,Tecnologia,Tablet,1,159641,33368
17821,1982,2024-06-18,Tecnologia,Smartwatch,1,112395,23387
17824,1982,2024-06-23,Tecnologia,Mouse,1,227795,52102
17826,1982,2024-06-26,Electrodomesticos,Cocina,2,515355,103555
17819,1982,2024-06-27,Tecnologia,Tablet,1,215558,37928
17820,1982,2024-07-21,Hogar,Cortinas,4,521113,141702
17828,1982,2024-10-01,Tecnologia,Router,3,343732,72913
17823,1982,2024-12-22,Vestuario,Polera,2,128560,44971
17829,1983,2023-10-03,Hogar,Mesa,2,265261,72995
17832,1983,2023-10-15,Hogar,Organizador,1,74022,22547
17837,1983,2023-10-15,Tecnologia,Router,3,584101,121877
17839,1983,2023-10-15,Tecnologia,Notebook,1,112715,24964
17838,1983,2023-10-25,Electrodomesticos,Aspiradora,2,324863,75131
17830,1983,2023-12-05,Deportes,Raqueta,2,191975,53551
17834,1983,2023-12-16,Electrodomesticos,Microondas,1,126932,22618
17836,1983,2024-01-05,Vestuario,Chaqueta,2,63220,22826
17833,1983,2024-01-06,Deportes,Pesas,2,103397,28314
17835,1983,2024-01-16,Vestuario,Buzo,3,134925,46564
17831,1983,2024-01-25,Vestuario,Calcetines,1,38884,10192
17840,1984,2024-09-29,Tecnologia,Notebook,3,421127,74293
17851,1984,2024-09-30,Hogar,Lampara,1,132363,37557
17841,1984,2024-10-11,Hogar,Termo,3,94500,25128
17842,1984,2024-10-23,Deportes,Colchoneta,1,94896,23394
17845,1984,2024-10-23,Deportes,Botella,1,81187,22708
17847,1984,2024-10-27,Tecnologia,Monitor,1,129365,25157
17848,1984,2024-11-05,Hogar,Sofa,1,64454,14586
17849,1984,2024-12-14,Electrodomesticos,Lavadora,3,671026,99330
17844,1984,2024-12-22,Tecnologia,Audifonos,5,1037952,197984
17843,1984,2024-12-27,Tecnologia,Smartphone,2,329318,62135
17846,1984,2024-12-28,Deportes,Pesas,4,316388,108012
17850,1984,2024-12-29,Deportes,Guantes,3,126767,28640
17852,1985,2023-06-03,Hogar,Termo,2,255943,70061
17855,1985,2023-07-05,Deportes,Casco,2,94392,25355
17854,1985,2023-07-17,Deportes,Bicicleta,1,70965,16448
17856,1985,2023-07-17,Tecnologia,Smartphone,1,285210,63413
17853,1985,2023-08-31,Hogar,Alfombra,2,92075,26660
17857,1986,2022-05-03,Tecnologia,Impresora,3,424218,93762
17861,1986,2022-05-22,Hogar,Termo,2,159713,41217
17859,1986,2022-05-23,Tecnologia,Audifonos,4,710059,168304
17863,1986,2022-05-26,Tecnologia,Router,2,581410,105745
17865,1986,2022-05-30,Vestuario,Chaqueta,6,482362,192300
17858,1986,2022-05-31,Tecnologia,Smartphone,3,698568,138851
17869,1986,2022-06-04,Tecnologia,Notebook,1,271395,54881
17867,1986,2022-07-18,Tecnologia,Smartwatch,2,479453,88722
17864,1986,2022-08-07,Electrodomesticos,Plancha,1,296364,47452
17866,1986,2022-09-18,Hogar,Cafetera,1,46191,11953
17868,1986,2022-11-01,Hogar,Cortinas,1,119819,34574
17860,1986,2023-02-14,Deportes,Casco,1,43759,11513
17862,1986,2023-09-29,Hogar,Silla,1,76877,20458
17870,1987,2023-03-15,Deportes,Casco,2,175322,49960
17872,1987,2023-05-06,Deportes,Poleron,2,120215,33791
17877,1987,2023-05-23,Tecnologia,Router,3,531715,105886
17874,1987,2023-06-01,Vestuario,Polera,4,211136,74340
17875,1987,2023-07-05,Hogar,Silla,1,147280,49431
17871,1987,2023-07-22,Vestuario,Camisa,2,70039,25902
17876,1987,2023-09-26,Hogar,Cafetera,1,80649,19930
17873,1987,2023-10-10,Vestuario,Vestido,1,25946,8276
17878,1987,2024-08-14,Electrodomesticos,Licuadora,1,136404,27500
17879,1988,2024-03-16,Vestuario,Polera,1,58641,18811
17882,1988,2024-04-08,Vestuario,Camisa,4,79153,24484
17880,1988,2024-05-10,Tecnologia,Smartwatch,1,192561,35016
17881,1988,2024-05-10,Deportes,Botella,1,80553,24111
17887,1988,2024-05-10,Tecnologia,Audifonos,2,288807,67831
17885,1988,2024-08-12,Deportes,Botella,1,73893,21983
17884,1988,2024-09-16,Tecnologia,Notebook,2,285348,58870
17886,1988,2024-10-31,Electrodomesticos,Licuadora,1,179797,32522
17883,1988,2024-12-24,Tecnologia,Notebook,3,956161,183096
17888,1989,2023-04-09,Hogar,Cortinas,1,100539,26249
17903,1989,2023-04-21,Tecnologia,Router,3,777485,164465
17905,1989,2023-04-22,Tecnologia,Router,2,323857,56017
17889,1989,2023-04-28,Vestuario,Polera,1,39942,11548
17900,1989,2023-05-04,Electrodomesticos,Purificador,1,148430,27601
17897,1989,2023-06-03,Deportes,Poleron,4,223170,66101
17895,1989,2023-06-04,Hogar,Termo,1,88720,25284
17893,1989,2023-06-16,Deportes,Casco,2,188762,50612
17904,1989,2023-07-04,Deportes,Short,2,219691,70851
17894,1989,2023-07-09,Hogar,Mesa,1,70147,19867
17891,1989,2023-08-06,Vestuario,Vestido,1,40187,12654
17902,1989,2023-08-18,Hogar,Cafetera,1,67912,20901
17892,1989,2023-09-29,Electrodomesticos,Plancha,1,232489,36980
17901,1989,2023-12-01,Hogar,Cortinas,1,149036,41511
17899,1989,2023-12-10,Vestuario,Jeans,1,44480,16380
17890,1989,2024-02-07,Tecnologia,Impresora,1,228744,57973
17898,1989,2024-03-14,Electrodomesticos,Aspiradora,1,284795,46374
17896,1989,2024-03-18,Deportes,Casco,1,59330,17160
17906,1990,2022-07-09,Vestuario,Calcetines,4,126725,45841
17912,1990,2022-07-14,Vestuario,Chaqueta,2,40882,15446
17908,1990,2022-07-19,Electrodomesticos,Plancha,2,412760,64942
17909,1990,2022-09-28,Electrodomesticos,Microondas,2,513418,112505
17911,1990,2023-01-08,Deportes,Bicicleta,3,359821,117908
17907,1990,2023-02-13,Deportes,Colchoneta,1,112486,30914
17910,1990,2024-01-05,Tecnologia,Audifonos,1,77683,14314
17913,1991,2022-06-15,Electrodomesticos,Cocina,2,341385,63626
17914,1991,2022-07-13,Electrodomesticos,Refrigerador,1,187938,31933
17917,1991,2022-07-20,Vestuario,Chaqueta,3,137844,47088
17915,1991,2022-08-14,Deportes,Guantes,2,115736,38500
17918,1991,2022-11-09,Hogar,Mesa,1,65150,16506
17916,1991,2023-01-31,Deportes,Casco,1,42223,11508
17919,1992,2023-04-25,Hogar,Silla,3,293219,109729
17922,1992,2023-04-30,Hogar,Lampara,3,159774,41349
17923,1992,2023-05-08,Vestuario,Gorro,1,35701,12211
17931,1992,2023-05-18,Deportes,Colchoneta,1,52738,16502
17921,1992,2023-05-20,Tecnologia,Smartwatch,2,371736,88623
17930,1992,2023-05-20,Electrodomesticos,Plancha,1,272496,56877
17926,1992,2023-07-11,Vestuario,Buzo,2,93001,36126
17928,1992,2023-07-13,Electrodomesticos,Lavadora,1,193514,37719
17920,1992,2023-10-30,Vestuario,Polera,3,132085,44176
17924,1992,2023-11-22,Tecnologia,Smartphone,1,166367,32928
17929,1992,2023-12-01,Tecnologia,Router,1,218488,47879
17927,1992,2024-01-17,Electrodomesticos,Horno,1,145473,23791
17925,1992,2024-06-13,Deportes,Botella,2,192078,56494
17932,1993,2024-09-18,Electrodomesticos,Lavadora,1,115511,21925
17938,1993,2024-11-08,Tecnologia,Mouse,2,388233,77877
17933,1993,2024-12-03,Hogar,Mesa,2,205852,51688
17939,1993,2024-12-23,Vestuario,Calcetines,1,43950,15857
17934,1993,2024-12-25,Vestuario,Buzo,1,14298,4238
17937,1993,2024-12-25,Vestuario,Buzo,4,236587,77909
17936,1993,2024-12-26,Deportes,Guantes,1,90874,24842
17935,1993,2024-12-30,Hogar,Lampara,1,79562,19190
17940,1994,2023-08-10,Tecnologia,Mouse,1,218872,44439
17945,1994,2023-10-01,Hogar,Cortinas,1,117719,25759
17946,1994,2023-10-17,Hogar,Hervidor,1,103387,30324
17942,1994,2023-10-21,Electrodomesticos,Refrigerador,1,172706,30774
17944,1994,2023-11-06,Deportes,Raqueta,4,347785,104311
17943,1994,2023-12-30,Vestuario,Zapatillas,2,64146,23716
17941,1994,2024-03-26,Electrodomesticos,Licuadora,3,581963,104122
17947,1995,2022-07-04,Vestuario,Pantalon,2,57853,23186
17952,1995,2022-08-12,Tecnologia,Tablet,1,151026,22905
17949,1995,2022-12-07,Hogar,Cafetera,3,335837,86073
17950,1995,2023-01-04,Electrodomesticos,Secadora,2,335354,68543
17948,1995,2023-11-20,Deportes,Colchoneta,1,123163,37917
17951,1995,2023-12-24,Hogar,Lampara,1,41054,11909
17953,1996,2023-05-28,Hogar,Silla,1,96330,29230
17956,1996,2023-06-10,Vestuario,Jeans,2,98110,28659
17955,1996,2023-08-04,Tecnologia,Impresora,2,370499,80829
17957,1996,2023-09-04,Electrodomesticos,Cocina,2,328064,59780
17954,1996,2023-09-08,Deportes,Balon,1,24500,6715
17959,1996,2023-10-08,Tecnologia,Teclado,1,261508,56800
17958,1996,2024-01-25,Hogar,Lampara,2,193108,53930
17960,1997,2023-01-30,Hogar,Mesa,2,215086,60456
17963,1997,2023-01-31,Hogar,Cafetera,1,56161,16439
17965,1997,2023-03-15,Electrodomesticos,Licuadora,1,268671,43282
17964,1997,2023-03-18,Electrodomesticos,Horno,4,753582,123872
17962,1997,2023-04-26,Tecnologia,Monitor,1,397025,74723
17961,1997,2024-06-25,Vestuario,Pantalon,1,82455,33329
17966,1998,2024-01-30,Deportes,Poleron,1,69592,25133
17969,1998,2024-02-07,Vestuario,Gorro,1,50995,19188
17971,1998,2024-02-24,Tecnologia,Tablet,2,261059,42889
17970,1998,2024-02-25,Vestuario,Zapatillas,2,72931,30012
17967,1998,2024-03-06,Tecnologia,Impresora,1,228230,38881
17973,1998,2024-03-17,Hogar,Alfombra,1,104962,28418
17975,1998,2024-03-25,Tecnologia,Smartwatch,1,348141,66755
17968,1998,2024-04-02,Deportes,Colchoneta,1,97504,33516
17976,1998,2024-04-27,Deportes,Guantes,1,58186,17328
17977,1998,2024-06-29,Hogar,Organizador,2,150978,45311
17974,1998,2024-08-07,Hogar,Hervidor,3,349666,78391
17972,1998,2024-09-22,Vestuario,Pantalon,1,21434,8588
17978,1999,2023-11-22,Vestuario,Buzo,1,46638,16247
17984,1999,2023-11-29,Electrodomesticos,Lavadora,1,135707,26623
17982,1999,2024-01-01,Vestuario,Chaqueta,1,23787,8861
17985,1999,2024-01-05,Vestuario,Buzo,2,97571,36954
17986,1999,2024-01-11,Hogar,Termo,1,130726,29256
17987,1999,2024-01-11,Electrodomesticos,Cocina,2,481437,96146
17983,1999,2024-02-14,Hogar,Mesa,1,133468,50451
17981,1999,2024-03-25,Electrodomesticos,Microondas,1,173540,39002
17980,1999,2024-06-16,Deportes,Short,2,227699,84305
17979,1999,2024-12-30,Tecnologia,Mouse,1,320754,69397
17988,2000,2024-09-02,Hogar,Sofa,1,98334,33895
17996,2000,2024-09-28,Deportes,Pesas,2,154804,37715
17998,2000,2024-10-03,Hogar,Mesa,1,58933,15571
17989,2000,2024-10-26,Tecnologia,Audifonos,1,205666,44043
17992,2000,2024-10-29,Tecnologia,Tablet,2,395465,80949
18000,2000,2024-11-02,Tecnologia,Router,3,613845,112998
17995,2000,2024-11-13,Electrodomesticos,Microondas,1,111323,15624
17993,2000,2024-11-16,Electrodomesticos,Horno,1,141077,23977
17991,2000,2024-11-17,Tecnologia,Audifonos,2,249234,43296
17990,2000,2024-11-23,Vestuario,Pantalon,1,18392,6780
17994,2000,2024-12-04,Deportes,Casco,3,214853,43269
17997,2000,2024-12-23,Vestuario,Buzo,1,52666,16483
17999,2000,2024-12-27,Hogar,Alfombra,1,72866,17724
