fecha,region,ciudad,latitud,longitud,eventos,poblacion
2023-02-27,Centro,Rancagua,-34.157412281150954,-70.71981478918617,41,232211
2024-11-13,Sur,Concepcion,-36.830557815902,-73.03316594153209,52,223574
2024-11-06,Centro,Rancagua,-34.1861684654682,-70.75376849856968,47,232211
2023-05-17,Sur,Temuco,-38.74357045094819,-72.59722557592511,58,282415
2024-05-01,Sur,Temuco,-38.733169738310046,-72.61316524054207,57,282415
2023-06-17,Norte,Antofagasta,-23.674137737155423,-70.40942019605718,76,425725
2024-11-01,Centro,Valparaiso,-33.06773190611648,-71.6096972025901,55,296655
2023-01-20,Centro,Rancagua,-34.16422743259648,-70.73670617994095,44,232211
2024-02-27,Centro,Rancagua,-34.1642306574771,-70.7522157053718,40,232211
2023-04-10,Sur,Concepcion,-36.82431240963809,-73.03575831397214,53,223574
2023-04-04,Sur,Concepcion,-36.822110371778464,-73.05987526107751,39,223574
2024-07-05,Norte,Iquique,-20.231775962213913,-70.12138880238447,52,191468
2024-05-22,Centro,Santiago,-33.43495181698397,-70.6715121362955,1101,5614000
2024-06-01,Norte,Arica,-18.468992378157566,-70.31592998825525,52,247552
2024-07-28,Centro,Santiago,-33.455852278399036,-70.65734268148823,1089,5614000
2023-05-28,Sur,Concepcion,-36.819041823184676,-73.02540347497536,55,223574
2024-03-12,Centro,Rancagua,-34.18731589377118,-70.73929545738237,44,232211
2023-05-13,Sur,Concepcion,-36.8260069619934,-73.07021146090787,49,223574
2024-08-12,Norte,Arica,-18.48965118836558,-70.31215865007195,59,247552
2023-03-18,Norte,Antofagasta,-23.63907362151852,-70.40186997256981,82,425725
2024-06-30,Sur,Concepcion,-36.84971197463815,-73.02657554975829,44,223574
2023-04-23,Centro,Rancagua,-34.15878021195948,-70.73800207527512,39,232211
2024-01-10,Norte,Iquique,-20.2340272312819,-70.12208858828798,40,191468
2024-01-03,Norte,Iquique,-20.228619934557397,-70.13090340388142,38,191468
2023-02-20,Centro,Rancagua,-34.1420270731939,-70.74612203463191,47,232211
2023-11-07,Centro,Santiago,-33.44688988512332,-70.67236902049294,1166,5614000
2023-11-29,Centro,Rancagua,-34.16813055989888,-70.74347495843986,40,232211
2023-08-28,Sur,Temuco,-38.7425759267524,-72.60022804072102,62,282415
2023-07-16,Centro,Rancagua,-34.15432577123391,-70.73629059335056,51,232211
2023-04-08,Sur,Temuco,-38.736610089206486,-72.57683034946133,62,282415
2024-10-03,Sur,Temuco,-38.72508780267881,-72.58235616512523,59,282415
2024-05-29,Norte,Arica,-18.485514831349022,-70.3183375841432,46,247552
2023-01-22,Norte,Arica,-18.456517217029585,-70.31227098443166,56,247552
2023-02-19,Sur,Temuco,-38.73468575055084,-72.61020253271671,66,282415
2023-06-22,Norte,Arica,-18.489466365487882,-70.31956224438336,34,247552
2024-09-01,Norte,Arica,-18.4894820315341,-70.31522296003915,48,247552
2024-06-17,Centro,Valparaiso,-33.049602823847735,-71.62146879682808,55,296655
2023-12-11,Norte,Arica,-18.459800848845383,-70.30693422861087,47,247552
2023-03-11,Sur,Concepcion,-36.82767097823238,-73.04298462356488,39,223574
2024-07-08,Norte,Arica,-18.481358762329428,-70.29859542546178,53,247552
2023-05-23,Centro,Rancagua,-34.15745500582455,-70.75530785845292,37,232211
2023-08-27,Sur,Temuco,-38.73678028446736,-72.59350135784321,55,282415
2024-12-17,Norte,Antofagasta,-23.65716618463693,-70.40356317345203,77,425725
2023-01-05,Centro,Valparaiso,-33.04514263211822,-71.6266269940022,41,296655
2024-08-28,Centro,Rancagua,-34.17306877294947,-70.74439112971658,38,232211
2024-04-24,Sur,Concepcion,-36.82762037235689,-73.05935571953614,49,223574
2024-07-27,Sur,Temuco,-38.749373593153905,-72.59263953660965,51,282415
2024-01-20,Centro,Santiago,-33.44564231195197,-70.6595609260114,1169,5614000
2024-03-03,Norte,Iquique,-20.235186516061788,-70.14673187665825,44,191468
2024-06-23,Norte,Antofagasta,-23.652441294053038,-70.3905045418447,76,425725
2024-02-26,Sur,PuertoMontt,-41.47653642571144,-72.91800404925263,53,245902
2024-03-05,Centro,Rancagua,-34.15910920636957,-70.72839160911803,41,232211
2024-09-25,Norte,Iquique,-20.229586827221638,-70.11978403228439,35,191468
2023-08-08,Centro,Rancagua,-34.180883479953955,-70.74874107761175,56,232211
2024-10-26,Sur,PuertoMontt,-41.460676937260025,-72.93649302530305,53,245902
2024-02-04,Norte,Antofagasta,-23.646011505254187,-70.40420687808403,110,425725
2024-12-06,Centro,Rancagua,-34.16773588697462,-70.7432902405247,46,232211
2024-11-08,Centro,Rancagua,-34.16434443795756,-70.741259982936,54,232211
2024-11-10,Norte,Arica,-18.45748451936268,-70.32248308542798,43,247552
2023-02-03,Norte,Arica,-18.472504946277457,-70.30866939380834,30,247552
2023-08-27,Norte,Arica,-18.486288007299876,-70.31005543096335,45,247552
2024-06-27,Norte,Iquique,-20.23279727382921,-70.11369133640324,39,191468
2024-08-09,Centro,Santiago,-33.45312290380959,-70.6771244180026,1094,5614000
2024-10-27,Sur,Temuco,-38.73957524454298,-72.57734916178909,58,282415
2023-02-25,Sur,Temuco,-38.742417828124445,-72.58928579849085,60,282415
2024-10-02,Centro,Santiago,-33.45471381362932,-70.6774190087863,1131,5614000
2024-06-14,Norte,Iquique,-20.245621901800284,-70.14367446996442,30,191468
2023-03-13,Sur,PuertoMontt,-41.473461335756376,-72.94668392175723,48,245902
2024-03-20,Norte,Arica,-18.47163381395235,-70.30347479634015,47,247552
2023-04-14,Sur,PuertoMontt,-41.48272545172717,-72.91969832367778,55,245902
2024-10-12,Sur,Temuco,-38.71387316582932,-72.58204657020316,38,282415
2023-02-02,Centro,Valparaiso,-33.034209670755715,-71.63239059866494,64,296655
2024-09-24,Centro,Rancagua,-34.16377556894063,-70.72341397218736,52,232211
2024-06-30,Sur,Concepcion,-36.826700980469795,-73.0491490619577,40,223574
2024-04-30,Sur,Concepcion,-36.8236068374484,-73.0465121434815,45,223574
2024-10-21,Centro,Santiago,-33.445213099010054,-70.66528274107168,1071,5614000
2024-08-02,Sur,PuertoMontt,-41.45604074837494,-72.94282069010515,36,245902
2024-01-29,Centro,Santiago,-33.44094689053093,-70.66113741507407,1137,5614000
2023-06-08,Norte,Antofagasta,-23.64390420106382,-70.39462379923373,115,425725
2024-08-09,Centro,Santiago,-33.469744905929865,-70.68993287992123,1109,5614000
2023-11-03,Norte,Arica,-18.468186371015054,-70.30104151243158,65,247552
2024-06-05,Sur,Concepcion,-36.81542633613204,-73.04798373564188,46,223574
2023-10-06,Sur,Temuco,-38.73327517999972,-72.58397810417084,56,282415
2023-01-26,Norte,Iquique,-20.20988056785447,-70.14804414848783,45,191468
2023-02-08,Centro,Valparaiso,-33.05277707465306,-71.61503610144922,60,296655
2024-02-27,Sur,Temuco,-38.74216287523328,-72.60100113101134,54,282415
2024-08-06,Centro,Rancagua,-34.16026467968233,-70.73231415066412,48,232211
2024-03-28,Centro,Rancagua,-34.16525915579873,-70.72344249418671,50,232211
2023-10-17,Sur,Concepcion,-36.82468328525843,-73.03739166264508,48,223574
2024-06-20,Centro,Santiago,-33.47826052410419,-70.67353153783195,1092,5614000
2024-10-07,Norte,Iquique,-20.236217683425235,-70.12998178485451,36,191468
2023-12-21,Norte,Arica,-18.49298716006374,-70.3157888837454,42,247552
2024-05-05,Norte,Iquique,-20.223570371912167,-70.13633872118967,49,191468
2024-12-03,Sur,Temuco,-38.74342449057278,-72.58730443031996,47,282415
2023-02-02,Centro,Santiago,-33.45816834925127,-70.68169154949052,1147,5614000
2023-04-16,Norte,Iquique,-20.22136025416622,-70.1371867243935,31,191468
2023-05-20,Sur,Temuco,-38.73114328487637,-72.58094128322111,58,282415
2023-11-22,Sur,PuertoMontt,-41.45906912074522,-72.94367703971051,50,245902
2024-02-18,Sur,PuertoMontt,-41.47481428150239,-72.93025361361583,41,245902
2024-06-09,Norte,Antofagasta,-23.649595265504313,-70.4061329119168,75,425725
2024-06-07,Norte,Arica,-18.488717701641864,-70.31266196812312,59,247552
2023-07-23,Norte,Iquique,-20.228515975206502,-70.13303016037098,39,191468
2024-09-03,Sur,Temuco,-38.72083417352758,-72.58613750719564,52,282415
2024-08-22,Centro,Santiago,-33.443075861403926,-70.66950205043469,1123,5614000
2023-07-13,Centro,Rancagua,-34.16645962822293,-70.74870979884227,42,232211
2024-10-26,Centro,Santiago,-33.45422994977792,-70.67464888113317,1169,5614000
2023-07-30,Centro,Valparaiso,-33.03183336759064,-71.61693820073701,48,296655
2023-04-07,Sur,PuertoMontt,-41.48307908581825,-72.94872423920586,47,245902
2024-04-01,Norte,Arica,-18.465721576367894,-70.32071067205207,39,247552
2024-02-27,Centro,Rancagua,-34.16312178379665,-70.75329724355866,49,232211
2024-07-30,Sur,Concepcion,-36.82657730628662,-73.06183337926366,38,223574
2023-08-25,Norte,Iquique,-20.217053220302184,-70.13612596779251,40,191468
2024-06-23,Centro,Rancagua,-34.17908219156817,-70.73510936524016,41,232211
2023-12-20,Sur,Temuco,-38.71916562882269,-72.60108056352891,52,282415
2024-04-27,Norte,Arica,-18.483075345193267,-70.30434522447318,40,247552
2023-11-22,Norte,Iquique,-20.22803160056115,-70.13734618057214,41,191468
2024-05-07,Sur,Concepcion,-36.81378092369192,-73.04829574370552,37,223574
2024-06-03,Sur,PuertoMontt,-41.49139414444007,-72.94292501184441,49,245902
2024-07-20,Sur,PuertoMontt,-41.465366664025964,-72.93122966980202,50,245902
2024-10-04,Norte,Arica,-18.47149519404101,-70.30726487721483,59,247552
2023-07-07,Centro,Santiago,-33.44132216513124,-70.66833575686275,1098,5614000
2024-05-27,Sur,PuertoMontt,-41.46872296982301,-72.9146566487785,40,245902
2024-02-20,Sur,Temuco,-38.72895771555841,-72.57580826766143,63,282415
2024-03-19,Sur,PuertoMontt,-41.46882272229183,-72.92814652369704,44,245902
2024-12-13,Sur,Temuco,-38.7373565220153,-72.57872490213738,64,282415
2024-04-12,Centro,Santiago,-33.449162193711274,-70.67333428620312,1158,5614000
2023-10-02,Centro,Santiago,-33.44653708186413,-70.67404478978841,1122,5614000
2023-11-02,Centro,Valparaiso,-33.035648422522655,-71.61616724333327,55,296655
2024-02-02,Sur,PuertoMontt,-41.47780182434538,-72.92276367876265,41,245902
2023-03-27,Sur,PuertoMontt,-41.46699961568085,-72.93098214434823,52,245902
2023-12-10,Norte,Arica,-18.48689553157893,-70.306769299865,49,247552
2023-09-21,Sur,Concepcion,-36.83667112852686,-73.06087818697807,45,223574
2024-07-28,Centro,Valparaiso,-33.06388035425695,-71.61836055396611,70,296655
2023-05-31,Centro,Valparaiso,-33.03118342579386,-71.63321678515199,42,296655
2024-06-25,Centro,Santiago,-33.45938357956093,-70.67838784938071,1129,5614000
2024-12-09,Norte,Antofagasta,-23.63955045493705,-70.39347367038344,66,425725
2023-01-13,Norte,Arica,-18.479957677544995,-70.3138621303851,51,247552
2024-07-09,Centro,Rancagua,-34.177160640245944,-70.73967213470536,33,232211
2023-06-14,Sur,PuertoMontt,-41.47462116075847,-72.92933809235406,52,245902
2023-12-11,Sur,PuertoMontt,-41.46539075767934,-72.93807138052674,44,245902
2024-02-28,Sur,PuertoMontt,-41.481136078810316,-72.94431200489316,44,245902
2024-08-21,Centro,Rancagua,-34.16142966780839,-70.74418335351268,60,232211
2024-07-28,Centro,Santiago,-33.44941907455342,-70.66609851289545,1074,5614000
2024-01-20,Centro,Rancagua,-34.176477783169645,-70.75205162684595,41,232211
2023-12-01,Centro,Santiago,-33.462581552554916,-70.66169126016561,1125,5614000
2023-03-23,Centro,Santiago,-33.4352349587444,-70.65835030992648,1166,5614000
2023-05-21,Sur,Concepcion,-36.833706224892346,-73.04986301810884,49,223574
2024-04-19,Centro,Valparaiso,-33.03889233868276,-71.61082550414518,69,296655
2024-12-04,Sur,Temuco,-38.71372700426852,-72.59028338323553,66,282415
2023-03-10,Norte,Antofagasta,-23.640108901679532,-70.39891047597801,83,425725
2023-10-30,Sur,Temuco,-38.72649449645098,-72.60139351738387,54,282415
2023-01-19,Norte,Iquique,-20.233580485392327,-70.13916268927696,38,191468
2024-07-24,Sur,Temuco,-38.74146397961443,-72.58893136216813,46,282415
2024-10-27,Sur,Temuco,-38.72263723243707,-72.59465888758105,41,282415
2023-05-19,Sur,Temuco,-38.75159622839326,-72.60084420995248,55,282415
2024-03-14,Centro,Valparaiso,-33.0528013053705,-71.60994464522956,52,296655
2024-04-26,Norte,Antofagasta,-23.65665815815159,-70.40388797520697,77,425725
2023-11-15,Norte,Iquique,-20.2405757054078,-70.12748383970474,36,191468
2024-08-08,Norte,Antofagasta,-23.64472624197849,-70.38838189367534,101,425725
2023-08-08,Norte,Arica,-18.46712362294217,-70.32713084260286,48,247552
2023-11-06,Sur,Concepcion,-36.82600946584846,-73.04991086761379,35,223574
2023-08-03,Norte,Arica,-18.471596857559252,-70.30548049401561,43,247552
2024-11-09,Centro,Valparaiso,-33.03473726934503,-71.60607619730204,65,296655
2023-06-21,Norte,Arica,-18.48122714131701,-70.3073659325059,45,247552
2024-11-07,Sur,PuertoMontt,-41.457786705974925,-72.92911226798164,36,245902
2023-02-16,Centro,Santiago,-33.44634620536859,-70.66738565383439,1080,5614000
2023-07-29,Norte,Arica,-18.490208473790936,-70.3031767673206,45,247552
2024-09-01,Sur,Temuco,-38.720266619761084,-72.58502246964125,54,282415
2023-10-20,Centro,Rancagua,-34.18154775514904,-70.72954076405652,44,232211
2023-08-27,Norte,Arica,-18.485683389422867,-70.32683737701201,45,247552
2023-11-23,Norte,Iquique,-20.228134335981505,-70.14910661879016,32,191468
2023-10-22,Norte,Arica,-18.46029990961946,-70.3098811627519,63,247552
2024-05-14,Sur,PuertoMontt,-41.4732386299942,-72.93881959664876,43,245902
2023-12-07,Sur,Temuco,-38.70701032084261,-72.59703923768356,52,282415
2023-05-31,Sur,Temuco,-38.73887173042411,-72.59722053846886,53,282415
2023-06-07,Sur,Concepcion,-36.82608521848965,-73.04547758495274,33,223574
2023-01-31,Sur,Concepcion,-36.80407863845448,-73.05387223892967,42,223574
2023-08-22,Centro,Rancagua,-34.184621219334666,-70.74688430960569,43,232211
2023-07-04,Sur,Temuco,-38.721594725237885,-72.60779560592985,59,282415
2023-08-04,Sur,Concepcion,-36.83989339026225,-73.0568504317951,36,223574
2023-05-18,Centro,Santiago,-33.44526958565335,-70.69562674811121,1146,5614000
2024-12-28,Centro,Valparaiso,-33.06038614235253,-71.59893223848668,59,296655
2024-01-05,Sur,Concepcion,-36.83245579204402,-73.05336928048844,26,223574
2023-02-24,Centro,Santiago,-33.43816010046035,-70.68051866736965,1094,5614000
2023-01-13,Norte,Arica,-18.47766611237732,-70.30298197434558,59,247552
2024-04-09,Sur,PuertoMontt,-41.50141598743816,-72.94096759045419,54,245902
2023-11-03,Norte,Arica,-18.479778094765127,-70.3329348138818,46,247552
2023-01-26,Sur,Concepcion,-36.81655547801173,-73.03425425453291,38,223574
2024-07-28,Norte,Arica,-18.49185153661859,-70.29274590577076,43,247552
2023-07-08,Norte,Iquique,-20.22623139736013,-70.13949913541153,44,191468
2024-06-19,Centro,Santiago,-33.4314739335894,-70.68327214667498,1104,5614000
2024-05-03,Sur,Temuco,-38.753649036041885,-72.5858953779043,58,282415
2024-07-29,Sur,PuertoMontt,-41.46765885859442,-72.93962524923688,49,245902
2023-03-25,Centro,Valparaiso,-33.04820198735352,-71.59553434192985,63,296655
2023-02-15,Centro,Valparaiso,-33.057018673600126,-71.60836557265252,64,296655
2023-12-04,Sur,Concepcion,-36.81781754283332,-73.05779065485689,34,223574
2023-08-20,Sur,PuertoMontt,-41.47918320582824,-72.93991749665015,57,245902
2023-01-11,Sur,PuertoMontt,-41.46683440307946,-72.93630374450514,63,245902
2024-06-10,Sur,Concepcion,-36.82215598193283,-73.04570838419853,40,223574
2024-01-05,Centro,Valparaiso,-33.0481494959586,-71.61327493404902,63,296655
2024-12-18,Centro,Rancagua,-34.17142500632544,-70.75924882265083,47,232211
2023-10-03,Sur,Concepcion,-36.82096267198199,-73.0383787436876,51,223574
2023-10-06,Sur,Temuco,-38.754192451810006,-72.58561392301401,49,282415
2023-12-28,Centro,Santiago,-33.46095654736546,-70.66393662061168,1113,5614000
2023-01-15,Sur,Temuco,-38.71153838481968,-72.59709076741143,63,282415
2023-09-20,Norte,Arica,-18.47129630148942,-70.32973442082715,46,247552
2023-03-04,Sur,Temuco,-38.74476486146746,-72.59574879055897,86,282415
2023-07-07,Centro,Valparaiso,-33.06038662633052,-71.6129468828017,61,296655
2024-03-25,Sur,PuertoMontt,-41.48350166153912,-72.93172834250275,60,245902
2023-02-19,Centro,Rancagua,-34.180589278489265,-70.75028564479544,41,232211
2023-06-06,Centro,Rancagua,-34.148590542272906,-70.77039662320153,45,232211
2024-08-09,Sur,Concepcion,-36.82672397503127,-73.06712396232913,48,223574
2024-05-27,Sur,PuertoMontt,-41.462496426185176,-72.93012460964984,49,245902
2023-06-22,Sur,PuertoMontt,-41.47563565950794,-72.92562000541079,52,245902
2023-08-05,Norte,Antofagasta,-23.639877749335955,-70.40744499425355,95,425725
2024-05-31,Centro,Santiago,-33.46116916865858,-70.67302821463257,1103,5614000
2024-05-03,Centro,Santiago,-33.46112880629466,-70.68759031813967,1114,5614000
2024-05-08,Centro,Valparaiso,-33.06555384407648,-71.62147225722761,54,296655
2023-04-17,Centro,Rancagua,-34.156068093923835,-70.7445306862304,45,232211
2023-12-03,Sur,Temuco,-38.72809653782793,-72.60113710656015,68,282415
2024-09-02,Norte,Iquique,-20.24526883435804,-70.11733829413956,41,191468
2023-03-17,Sur,Concepcion,-36.84166041400029,-73.0521737889869,44,223574
2024-06-21,Sur,PuertoMontt,-41.4790157973357,-72.93099048119961,48,245902
2024-05-27,Sur,Temuco,-38.738648717343466,-72.59311956229509,40,282415
2023-07-28,Norte,Iquique,-20.245570281179443,-70.13381027244706,44,191468
2023-01-28,Centro,Valparaiso,-33.04533821772208,-71.6024777597443,60,296655
2024-09-14,Centro,Santiago,-33.44397419663058,-70.66380753085495,1102,5614000
2024-01-18,Norte,Arica,-18.44990117046572,-70.31186121148446,48,247552
2023-05-19,Centro,Valparaiso,-33.055156129336,-71.60574323084238,69,296655
2023-07-23,Sur,Temuco,-38.738225862066756,-72.58941601475648,60,282415
2024-07-15,Norte,Iquique,-20.219209260038546,-70.12570923600936,44,191468
2024-10-22,Centro,Rancagua,-34.16435683250194,-70.73711652393963,39,232211
2024-06-20,Norte,Antofagasta,-23.647340992770115,-70.39714940373757,83,425725
2024-05-23,Centro,Santiago,-33.448781458588535,-70.65977190107148,1145,5614000
2024-03-28,Sur,Concepcion,-36.83672417600291,-73.03793677460048,46,223574
2024-06-17,Centro,Rancagua,-34.17569760689874,-70.75549971593715,40,232211
2024-09-01,Sur,PuertoMontt,-41.47770949338755,-72.93933444682277,44,245902
2024-02-18,Norte,Iquique,-20.23151097732837,-70.12297675234113,38,191468
2024-08-04,Norte,Iquique,-20.243989791260265,-70.1263730153046,39,191468
2023-09-03,Centro,Valparaiso,-33.04478575891245,-71.60222325371406,57,296655
2024-04-01,Centro,Rancagua,-34.18392276746037,-70.74621972467675,52,232211
2024-04-10,Centro,Rancagua,-34.16445056082188,-70.76594760779571,41,232211
2024-04-05,Norte,Iquique,-20.23579127429619,-70.14578777695687,46,191468
2024-04-02,Norte,Arica,-18.489343794640412,-70.30688471119862,66,247552
2024-05-11,Sur,Temuco,-38.74176859140516,-72.6072572465829,56,282415
2024-04-10,Norte,Arica,-18.468004445199497,-70.28491618357633,53,247552
2023-09-28,Centro,Rancagua,-34.15753825851973,-70.75360269059063,37,232211
2023-08-20,Centro,Rancagua,-34.1777995726514,-70.74735421702695,57,232211
2024-06-30,Sur,Concepcion,-36.816843914135234,-73.04685823811398,30,223574
2024-11-08,Norte,Arica,-18.480337532479762,-70.3245041028957,47,247552
2023-05-08,Norte,Arica,-18.47673612363633,-70.33134393988261,56,247552
2023-08-11,Sur,PuertoMontt,-41.48093542186902,-72.93289446018245,59,245902
2023-08-06,Norte,Antofagasta,-23.648181779022558,-70.39061911114473,84,425725
2024-09-03,Sur,PuertoMontt,-41.48089328080304,-72.93820448788686,54,245902
2024-07-20,Norte,Antofagasta,-23.643872356413347,-70.39321215299131,87,425725
2023-12-02,Sur,PuertoMontt,-41.500723021152815,-72.9402519349492,62,245902
2024-08-19,Centro,Rancagua,-34.161850049921625,-70.7536059589504,43,232211
2023-02-06,Sur,Concepcion,-36.84321897239715,-73.04619984230229,45,223574
2023-12-10,Centro,Rancagua,-34.17935821332456,-70.73851630492719,57,232211
2023-06-24,Norte,Antofagasta,-23.6560542881691,-70.39726130867979,100,425725
2023-11-09,Norte,Arica,-18.4677145790581,-70.30724788644501,51,247552
2024-11-14,Norte,Arica,-18.470771386674343,-70.31789157543501,51,247552
2023-08-19,Sur,Concepcion,-36.83429990723477,-73.04659657756842,43,223574
2023-06-03,Norte,Arica,-18.47661790251098,-70.31844696599302,48,247552
2023-02-08,Norte,Antofagasta,-23.651674034966796,-70.40057793705323,83,425725
2024-04-08,Norte,Iquique,-20.234415592088993,-70.13921066799945,33,191468
2023-06-09,Norte,Iquique,-20.22582083277006,-70.14713417379008,31,191468
2023-04-16,Sur,Temuco,-38.73730425525338,-72.58196075282102,64,282415
2023-12-19,Norte,Arica,-18.47781535577633,-70.31167134643023,67,247552
2024-09-12,Sur,PuertoMontt,-41.48839587363986,-72.93361118036196,55,245902
2023-04-14,Sur,PuertoMontt,-41.46970086765797,-72.92479683658951,46,245902
2024-06-07,Centro,Santiago,-33.44140615517173,-70.66886062356467,1170,5614000
2024-04-18,Norte,Arica,-18.497627407272216,-70.31012147330499,38,247552
2024-01-13,Sur,Concepcion,-36.822569113270006,-73.06498925304707,40,223574
2024-07-25,Sur,Temuco,-38.748911394061906,-72.59081782151759,50,282415
2023-06-13,Norte,Iquique,-20.232325810861774,-70.12614841022624,35,191468
2023-03-10,Norte,Antofagasta,-23.645803003312082,-70.40504380083294,88,425725
2024-05-07,Sur,PuertoMontt,-41.48880137773851,-72.93024402199559,47,245902
2023-10-22,Sur,PuertoMontt,-41.4807511978131,-72.93098591248173,53,245902
2023-01-27,Norte,Iquique,-20.217428664320025,-70.11612140452381,34,191468
2023-01-01,Sur,Concepcion,-36.833761937022444,-73.061770762332,52,223574
2024-06-17,Centro,Santiago,-33.44713843638282,-70.67111698402047,1103,5614000
2024-12-09,Norte,Arica,-18.459487207462573,-70.32458034786755,47,247552
2023-05-24,Sur,Concepcion,-36.798832874632296,-73.04372412551726,47,223574
2024-12-12,Norte,Iquique,-20.22917515753356,-70.13031382554588,35,191468
2023-08-23,Sur,PuertoMontt,-41.46448442781159,-72.95293224797157,42,245902
2023-04-09,Norte,Iquique,-20.225230613465357,-70.13679030133606,40,191468
2023-08-05,Norte,Arica,-18.458824014746753,-70.30672816732559,46,247552
2023-01-25,Centro,Santiago,-33.44903787411,-70.6657053642119,1163,5614000
2023-07-13,Centro,Rancagua,-34.165720819668785,-70.74676946915353,46,232211
2023-11-18,Sur,PuertoMontt,-41.484530711423645,-72.94672484544056,44,245902
2024-09-17,Sur,Temuco,-38.70965151357088,-72.58537271316911,57,282415
2023-01-04,Sur,Temuco,-38.74577508269567,-72.58762513927984,55,282415
2024-09-30,Centro,Valparaiso,-33.05142896308832,-71.62063607976775,48,296655
2023-11-30,Centro,Valparaiso,-33.04136884403587,-71.61972256155461,63,296655
2024-09-12,Sur,Temuco,-38.74181885813453,-72.59200729478233,44,282415
2024-07-05,Centro,Valparaiso,-33.04298409944378,-71.59941021414036,60,296655
2024-09-20,Norte,Arica,-18.501467985379726,-70.31400244259099,46,247552
2023-07-19,Norte,Antofagasta,-23.650252812937687,-70.385893537748,63,425725
2023-08-20,Centro,Rancagua,-34.16705762706396,-70.74786786572916,40,232211
2023-04-05,Norte,Antofagasta,-23.65320473604099,-70.4027741609304,85,425725
2024-03-10,Norte,Arica,-18.48882388403983,-70.30887098489752,56,247552
2023-11-08,Norte,Arica,-18.472172412872023,-70.32590429582255,49,247552
2023-11-21,Centro,Rancagua,-34.19760805018372,-70.75295070317569,51,232211
2023-01-13,Sur,Concepcion,-36.84629470364404,-73.05064123598454,53,223574
2024-09-04,Centro,Santiago,-33.44843220502185,-70.68008073613674,1113,5614000
2024-06-03,Norte,Antofagasta,-23.650762741292443,-70.40655168945874,85,425725
2023-06-26,Norte,Iquique,-20.239911646544684,-70.1347406303307,30,191468
2024-06-08,Sur,Temuco,-38.712542659185935,-72.58829331500509,67,282415
2024-07-22,Norte,Antofagasta,-23.63886830778323,-70.3957763415146,74,425725
2023-02-25,Sur,Concepcion,-36.82882710742777,-73.04148640443837,45,223574
2023-07-27,Norte,Arica,-18.490276518629486,-70.33050068173742,42,247552
2024-08-05,Sur,Temuco,-38.73770611335492,-72.58143917300612,66,282415
2023-04-03,Sur,PuertoMontt,-41.476970207266156,-72.93270089792425,46,245902
2024-04-12,Sur,Concepcion,-36.821325268014114,-73.03675752873139,38,223574
2024-06-02,Centro,Rancagua,-34.17074767188297,-70.7391140702883,44,232211
2024-07-09,Sur,Temuco,-38.72348812670607,-72.5902715062617,47,282415
2024-07-02,Sur,Concepcion,-36.816561814551335,-73.04457727433814,46,223574
2023-06-21,Norte,Arica,-18.50198574025296,-70.31094836635071,50,247552
2024-03-19,Sur,PuertoMontt,-41.48562591192028,-72.9219364854277,65,245902
2024-04-26,Centro,Santiago,-33.46582540358401,-70.67768715476343,1152,5614000
2024-10-20,Centro,Santiago,-33.477809464339366,-70.66853648078327,1148,5614000
2023-05-15,Sur,PuertoMontt,-41.48232171186118,-72.9578652080226,51,245902
2024-09-04,Centro,Valparaiso,-33.044254411464614,-71.59369363879296,53,296655
2024-10-26,Norte,Antofagasta,-23.66263777354524,-70.38899136534839,75,425725
2024-08-13,Sur,PuertoMontt,-41.44450656324078,-72.93314683175737,57,245902
2023-05-11,Sur,Concepcion,-36.82471794276013,-73.07116947969887,43,223574
2023-11-30,Centro,Rancagua,-34.17833154714238,-70.76139424319372,49,232211
2024-09-24,Norte,Arica,-18.47173771964555,-70.32029295489907,53,247552
2024-04-29,Norte,Iquique,-20.227615128949175,-70.14140675897737,36,191468
2023-08-29,Norte,Arica,-18.48385244880945,-70.31235935668747,52,247552
2024-10-09,Centro,Rancagua,-34.16663838000425,-70.75410015981022,36,232211
2023-10-20,Sur,Concepcion,-36.81845245221871,-73.04842030630778,45,223574
2023-04-21,Norte,Arica,-18.481376377489347,-70.30485188707411,51,247552
2024-08-30,Centro,Rancagua,-34.17097109657584,-70.74282144718569,43,232211
2023-01-14,Norte,Antofagasta,-23.652715254204296,-70.40699409724988,88,425725
2023-08-08,Centro,Rancagua,-34.1746835737157,-70.75047814677109,35,232211
2023-02-17,Norte,Antofagasta,-23.65365187234742,-70.4212650170866,87,425725
2024-11-02,Centro,Rancagua,-34.15465414306169,-70.73612726353679,56,232211
2023-01-29,Norte,Iquique,-20.230250354256242,-70.14074789824247,37,191468
2023-08-22,Centro,Valparaiso,-33.06557120618638,-71.62087166150077,58,296655
2023-11-29,Norte,Iquique,-20.216057372047807,-70.13240810888763,39,191468
2024-12-26,Centro,Santiago,-33.45484248047738,-70.66641942246771,1147,5614000
2023-07-06,Sur,Concepcion,-36.81477367305611,-73.04430130295314,30,223574
2024-07-12,Norte,Iquique,-20.21388501174325,-70.11559031946611,39,191468
2023-09-07,Centro,Rancagua,-34.1781708191249,-70.74759421888587,45,232211
2024-09-29,Norte,Iquique,-20.23832854489598,-70.122592771714,40,191468
2023-07-28,Centro,Valparaiso,-33.05487318282843,-71.61390819287894,65,296655
2023-09-07,Norte,Antofagasta,-23.641588702583473,-70.39669036265113,90,425725
2023-10-11,Sur,Concepcion,-36.830946453611446,-73.0472853925328,42,223574
2024-03-10,Norte,Antofagasta,-23.656348606615175,-70.3965154774652,82,425725
2023-10-29,Norte,Arica,-18.486924175960045,-70.30219776359064,52,247552
2024-03-19,Norte,Arica,-18.490519379318865,-70.3028696776665,42,247552
2024-01-12,Norte,Arica,-18.479176292649626,-70.29642748332363,60,247552
2024-04-15,Norte,Arica,-18.472647091792897,-70.30328017069965,51,247552
2023-01-13,Norte,Antofagasta,-23.662789467807297,-70.40647615712587,77,425725
2023-04-20,Centro,Rancagua,-34.177380966115116,-70.7342741103566,47,232211
2023-11-23,Norte,Antofagasta,-23.626942081452636,-70.40969634641003,91,425725
2023-03-31,Centro,Rancagua,-34.168282217497506,-70.75561663264395,42,232211
2023-12-16,Norte,Iquique,-20.239750306885963,-70.13408400690622,37,191468
2023-01-24,Sur,Concepcion,-36.83060734710442,-73.05375954822588,49,223574
2023-07-10,Sur,PuertoMontt,-41.47682718089893,-72.9391535341658,57,245902
2023-10-05,Norte,Iquique,-20.225782935325537,-70.11360800565822,37,191468
2024-11-11,Centro,Santiago,-33.45020056421095,-70.66379676073586,1135,5614000
2023-03-30,Norte,Arica,-18.48549124559604,-70.30668411179352,59,247552
2023-03-31,Centro,Rancagua,-34.17811974732592,-70.75232258117069,54,232211
2023-01-13,Norte,Arica,-18.484641551973233,-70.31540741107352,47,247552
2024-09-18,Centro,Rancagua,-34.16766912385609,-70.74963430718965,43,232211
2024-08-22,Sur,PuertoMontt,-41.477659244338156,-72.93946953047134,50,245902
2023-01-12,Centro,Santiago,-33.44388491540107,-70.67358111233459,1133,5614000
2024-05-26,Centro,Rancagua,-34.17200894572638,-70.74146216430798,37,232211
2024-03-12,Norte,Antofagasta,-23.623351707929896,-70.41375543102139,80,425725
2024-07-13,Centro,Rancagua,-34.164442480205814,-70.72524137911043,48,232211
2024-12-09,Sur,PuertoMontt,-41.471053819583645,-72.91145395526473,51,245902
2024-10-20,Sur,Concepcion,-36.82466824060425,-73.04008732151273,33,223574
2023-11-22,Sur,PuertoMontt,-41.460382391802476,-72.93639105794766,51,245902
2023-08-15,Centro,Valparaiso,-33.04310145942334,-71.61251153415087,67,296655
2023-01-08,Norte,Iquique,-20.249103933975295,-70.1361834528297,46,191468
2023-05-23,Centro,Rancagua,-34.16089347395705,-70.73409200315496,43,232211
2024-11-13,Sur,Concepcion,-36.82108752156055,-73.05867886227585,46,223574
2023-07-24,Norte,Iquique,-20.245975689408148,-70.14313721187692,37,191468
2023-10-26,Norte,Antofagasta,-23.64697758328114,-70.39127230987772,79,425725
2023-01-28,Sur,PuertoMontt,-41.47878116059452,-72.93219594689327,48,245902
2024-10-19,Centro,Rancagua,-34.172543833993004,-70.74954086429868,44,232211
2024-10-05,Centro,Rancagua,-34.16430688404563,-70.76176585324582,51,232211
2024-08-18,Sur,Temuco,-38.732233876263855,-72.59168277791927,60,282415
2024-11-14,Norte,Iquique,-20.241531536370456,-70.13827486654583,50,191468
2023-04-25,Centro,Santiago,-33.453848287278255,-70.66697542783068,1033,5614000
2024-11-30,Norte,Antofagasta,-23.657033271527524,-70.38993016316527,92,425725
2023-06-29,Centro,Santiago,-33.451819160029636,-70.65439872102439,1163,5614000
2024-01-03,Centro,Valparaiso,-33.02935148960296,-71.62930965982018,44,296655
2024-03-10,Centro,Valparaiso,-33.04198531549644,-71.5991553949952,47,296655
2024-10-14,Sur,PuertoMontt,-41.498246923404295,-72.91362899290796,54,245902
2023-02-21,Sur,PuertoMontt,-41.47598112142635,-72.94285958875479,55,245902
2024-09-13,Sur,Temuco,-38.73276981499235,-72.58395648723918,84,282415
2023-07-23,Norte,Arica,-18.467398659508973,-70.30794382684432,52,247552
2024-06-12,Sur,Concepcion,-36.82157134079632,-73.04279919274852,43,223574
2024-02-09,Sur,Concepcion,-36.823673328363306,-73.04250053915595,53,223574
2024-10-25,Centro,Santiago,-33.45040944425294,-70.67605501882608,1134,5614000
2024-02-17,Norte,Antofagasta,-23.633762839307945,-70.399685982648,71,425725
2023-02-04,Centro,Rancagua,-34.153465313634975,-70.7655489619153,50,232211
2024-04-18,Sur,PuertoMontt,-41.46969699155483,-72.92553025080888,33,245902
2024-06-01,Centro,Rancagua,-34.163516117589566,-70.7289037895193,48,232211
2024-03-23,Sur,Concepcion,-36.82524455231566,-73.05144160550697,39,223574
2023-04-02,Sur,Temuco,-38.73344043166117,-72.5847418117093,64,282415
2024-07-06,Norte,Arica,-18.47516133627295,-70.30555411233254,55,247552
2024-03-01,Centro,Rancagua,-34.16871886779316,-70.74101172577458,59,232211
2024-02-08,Sur,Concepcion,-36.82183878027541,-73.06278264695253,43,223574
2024-03-02,Centro,Rancagua,-34.17915489749749,-70.72833958467135,48,232211
2023-06-26,Norte,Antofagasta,-23.640040034280396,-70.4047697853838,80,425725
2023-12-30,Sur,Temuco,-38.73156858174029,-72.59277562390878,55,282415
2024-07-04,Centro,Valparaiso,-33.04182350584239,-71.60754168443094,60,296655
2024-03-25,Norte,Antofagasta,-23.646633655224388,-70.37412668367408,84,425725
2023-04-07,Norte,Arica,-18.48811237268277,-70.32826928303508,51,247552
2024-10-18,Sur,Concepcion,-36.82100493395787,-73.05001557490203,41,223574
2024-03-17,Sur,Concepcion,-36.838698588829246,-73.02553477400741,60,223574
2024-01-20,Centro,Santiago,-33.4585478546225,-70.66025692558472,1111,5614000
2024-12-16,Sur,Concepcion,-36.82489910201158,-73.061410894411,43,223574
2024-12-21,Centro,Valparaiso,-33.05207918673506,-71.60859559288711,53,296655
2023-11-15,Norte,Antofagasta,-23.632722363338146,-70.40728268390896,76,425725
2023-05-09,Sur,PuertoMontt,-41.48436622432476,-72.93149728029178,53,245902
2024-02-10,Centro,Santiago,-33.43005327621502,-70.67591474530532,1160,5614000
2023-04-18,Norte,Antofagasta,-23.658244345258044,-70.39229344642874,90,425725
2024-06-07,Centro,Santiago,-33.45257698788016,-70.652001966975,1106,5614000
2024-04-12,Sur,Temuco,-38.75588381936557,-72.59560962030821,59,282415
2023-08-05,Centro,Rancagua,-34.169926719456576,-70.73793846240456,56,232211
2024-04-14,Centro,Santiago,-33.46886228916365,-70.659213328454,1133,5614000
2023-12-18,Centro,Santiago,-33.44051443914645,-70.67876260232012,1110,5614000
2023-04-17,Sur,PuertoMontt,-41.45869105198968,-72.95688526116116,50,245902
2023-12-28,Centro,Valparaiso,-33.03973210207904,-71.59011673421647,58,296655
2023-03-11,Sur,Temuco,-38.733035077977995,-72.57255429282917,63,282415
2024-08-09,Centro,Valparaiso,-33.05934620198857,-71.61628894713105,64,296655
2023-03-29,Centro,Santiago,-33.44169548341493,-70.6511677095806,1078,5614000
2024-02-24,Sur,Concepcion,-36.81787654373778,-73.03844427723752,46,223574
2024-02-25,Sur,Temuco,-38.74680228673126,-72.5809200581363,51,282415
2024-05-16,Norte,Antofagasta,-23.65283630113458,-70.40587825691821,88,425725
2024-02-09,Centro,Rancagua,-34.16622870972319,-70.77515008656982,42,232211
2023-05-15,Centro,Rancagua,-34.180921581205006,-70.73513637815229,36,232211
2024-05-31,Centro,Rancagua,-34.18082688386304,-70.75277015803213,47,232211
2024-11-28,Centro,Santiago,-33.45857282494442,-70.66021463869468,1107,5614000
2024-01-28,Centro,Rancagua,-34.16882646111382,-70.7370492063183,42,232211
2023-11-04,Norte,Antofagasta,-23.661900736386993,-70.40453010434426,83,425725
2024-01-09,Norte,Antofagasta,-23.656544999188725,-70.40840972024043,70,425725
2023-03-21,Sur,PuertoMontt,-41.474016994329446,-72.9211572549572,54,245902
2023-02-09,Centro,Rancagua,-34.18687598618279,-70.75685392994299,61,232211
2023-08-14,Norte,Antofagasta,-23.656048029279102,-70.40860366454658,76,425725
2024-09-21,Norte,Iquique,-20.240273731455,-70.13644277361394,39,191468
2024-06-22,Norte,Arica,-18.493948725140825,-70.32440719515051,40,247552
2024-03-23,Norte,Iquique,-20.216815249045204,-70.12498977080254,42,191468
2024-02-25,Norte,Antofagasta,-23.653136877218927,-70.40968728467804,88,425725
2023-05-02,Centro,Santiago,-33.4518794160427,-70.67552197968288,1124,5614000
2023-09-13,Centro,Santiago,-33.45334178449535,-70.6725361957092,1150,5614000
2024-08-09,Sur,PuertoMontt,-41.47742951133517,-72.95990942992144,49,245902
2023-06-02,Centro,Rancagua,-34.18121248054355,-70.74892236879374,56,232211
2024-09-16,Sur,PuertoMontt,-41.4748627735174,-72.94638214544895,53,245902
2023-05-12,Centro,Santiago,-33.45288618143104,-70.67264161402731,1083,5614000
2024-04-20,Sur,Temuco,-38.73322430979064,-72.59296349025017,65,282415
2024-08-30,Centro,Valparaiso,-33.051206143430285,-71.61720958006002,47,296655
2024-03-10,Sur,Concepcion,-36.82192077578013,-73.02718616583725,44,223574
2023-01-31,Centro,Santiago,-33.44821951060234,-70.67228995041083,1166,5614000
2023-11-07,Sur,PuertoMontt,-41.46921337501182,-72.91875236340539,54,245902
2024-04-02,Centro,Rancagua,-34.17161663447189,-70.73335464349356,49,232211
2024-10-11,Centro,Santiago,-33.443358847238954,-70.65657493398729,1141,5614000
2024-02-26,Sur,Concepcion,-36.82990502545976,-73.05123456011835,50,223574
2023-04-24,Centro,Santiago,-33.44916017013779,-70.66580872164664,1132,5614000
2024-10-31,Centro,Valparaiso,-33.04844942886514,-71.62533292575148,68,296655
2023-11-30,Norte,Arica,-18.49515680736885,-70.33499785417902,45,247552
2024-12-26,Centro,Santiago,-33.45013757580305,-70.66138681730142,1139,5614000
2023-12-19,Centro,Santiago,-33.44143007227019,-70.6604961211829,1105,5614000
2023-04-26,Norte,Antofagasta,-23.664044291227167,-70.39227328659679,82,425725
2024-10-20,Sur,Temuco,-38.73392448213253,-72.59299728003788,64,282415
2024-12-16,Sur,PuertoMontt,-41.46483486271282,-72.94552217200062,53,245902
2023-02-06,Sur,Temuco,-38.73785352377137,-72.57803733483203,66,282415
2024-02-19,Norte,Arica,-18.483574604184415,-70.32092974601153,50,247552
2024-01-19,Sur,PuertoMontt,-41.46537287214855,-72.92988665274841,43,245902
2024-10-11,Norte,Iquique,-20.244436969058214,-70.13892195781494,32,191468
2023-04-11,Norte,Arica,-18.465658797804185,-70.29267852815569,51,247552
2023-08-08,Norte,Arica,-18.469370191554106,-70.33040097275808,57,247552
2024-10-26,Sur,PuertoMontt,-41.48509325765212,-72.94265280075808,49,245902
2024-04-03,Centro,Santiago,-33.44520002625299,-70.6781729788464,1047,5614000
2024-11-17,Centro,Valparaiso,-33.05705276251352,-71.61539618971489,66,296655
2024-07-14,Sur,Temuco,-38.743007015804515,-72.59966045599337,52,282415
2024-11-07,Norte,Antofagasta,-23.674707282378463,-70.3902072170253,99,425725
2023-07-17,Centro,Rancagua,-34.144624336358895,-70.73039006267709,47,232211
2023-02-18,Centro,Santiago,-33.450858805828304,-70.67024522143062,1106,5614000
2024-07-20,Norte,Arica,-18.49655511197616,-70.29902307767308,52,247552
2024-04-14,Norte,Iquique,-20.22735301961808,-70.1494711316441,50,191468
2024-11-17,Norte,Antofagasta,-23.644672442247035,-70.38139104829455,74,425725
2023-05-03,Centro,Rancagua,-34.16969375290063,-70.72846398465893,65,232211
2023-10-20,Norte,Iquique,-20.225178052761677,-70.15312176740298,38,191468
2023-02-12,Sur,PuertoMontt,-41.46041340169785,-72.93587613319195,60,245902
2024-07-11,Centro,Valparaiso,-33.05256580716626,-71.60529100575285,62,296655
2024-09-12,Norte,Iquique,-20.236344310109313,-70.14893893582607,42,191468
2024-01-25,Centro,Santiago,-33.450694601420444,-70.65178950683146,1100,5614000
2024-01-17,Centro,Rancagua,-34.175763888524166,-70.73641650450797,40,232211
2023-01-18,Norte,Arica,-18.492584853092897,-70.30254406529257,53,247552
2024-03-10,Centro,Valparaiso,-33.04018047417451,-71.6196397736188,67,296655
2024-10-05,Centro,Santiago,-33.456875713523516,-70.66626067913612,1213,5614000
2024-02-13,Sur,Concepcion,-36.83925107457457,-73.06701548102184,52,223574
2024-03-02,Centro,Rancagua,-34.171288379589,-70.76608798534359,53,232211
2023-10-17,Norte,Iquique,-20.235922128907717,-70.13717953354882,32,191468
2024-07-16,Centro,Rancagua,-34.16358184584888,-70.75551813070973,46,232211
2024-02-23,Centro,Santiago,-33.45517931545004,-70.68358862882461,1110,5614000
2024-12-22,Norte,Antofagasta,-23.65823944707028,-70.39852680740616,94,425725
2024-12-22,Norte,Antofagasta,-23.65436728280765,-70.40607381042717,78,425725
2023-11-30,Centro,Valparaiso,-33.031584121551674,-71.61065789915483,63,296655
2024-10-01,Centro,Santiago,-33.44884052607938,-70.65053077673404,1088,5614000
2024-06-14,Norte,Arica,-18.485524516659687,-70.30432034186285,40,247552
2023-02-24,Centro,Santiago,-33.45095005776115,-70.65862121678163,1119,5614000
2023-04-05,Centro,Valparaiso,-33.05501202435053,-71.62535308146353,53,296655
2023-07-14,Sur,Temuco,-38.7408610284736,-72.58413944793863,61,282415
2024-01-18,Sur,PuertoMontt,-41.476533136615984,-72.92628123724701,52,245902
2023-02-13,Centro,Santiago,-33.43303785574343,-70.6798741598378,1072,5614000
2024-02-16,Norte,Iquique,-20.24751285653907,-70.1355946630736,45,191468
2024-07-18,Sur,Concepcion,-36.832214614358655,-73.03853532649855,39,223574
2023-10-08,Norte,Iquique,-20.22931718783392,-70.13893877158566,35,191468
2023-12-12,Norte,Iquique,-20.229321930201298,-70.12996664946927,44,191468
2024-03-21,Centro,Rancagua,-34.183196782904936,-70.73389730100612,44,232211
2023-07-15,Sur,PuertoMontt,-41.47476800511038,-72.94601415886883,34,245902
2024-12-14,Sur,PuertoMontt,-41.475083290422695,-72.93754473420603,46,245902
2023-12-27,Sur,Temuco,-38.76165777557759,-72.58288621373013,54,282415
2023-02-23,Sur,Concepcion,-36.83567650215787,-73.04435006957992,46,223574
2024-05-11,Norte,Antofagasta,-23.635515065967564,-70.4054155059839,85,425725
2023-04-01,Centro,Valparaiso,-33.04367740291189,-71.62510832392203,61,296655
2023-11-16,Centro,Rancagua,-34.19878753703293,-70.72997035611391,47,232211
2023-03-08,Sur,PuertoMontt,-41.46183379413795,-72.93218110904527,41,245902
2024-04-22,Norte,Iquique,-20.218285985569075,-70.12334757586342,27,191468
2024-06-02,Norte,Arica,-18.45866893402827,-70.3136202769136,43,247552
2024-09-19,Sur,Temuco,-38.74017428314283,-72.58256864990676,49,282415
2024-04-29,Centro,Santiago,-33.456387635921665,-70.65510035373407,1082,5614000
2023-06-24,Centro,Valparaiso,-33.05433444935989,-71.61583732212362,53,296655
2023-04-09,Centro,Rancagua,-34.15872517727963,-70.75075752849231,61,232211
2023-08-15,Norte,Antofagasta,-23.646915432706216,-70.38551231425028,79,425725
2023-08-05,Norte,Arica,-18.47830917662548,-70.30690446885231,55,247552
2024-12-22,Centro,Valparaiso,-33.04659094776485,-71.60871643377703,56,296655
2023-12-19,Centro,Santiago,-33.473153836027485,-70.65963970722903,1137,5614000
2024-05-24,Norte,Iquique,-20.23446960634331,-70.15012700013978,38,191468
2024-01-03,Sur,Temuco,-38.72392341456804,-72.6006815264149,56,282415
2024-09-27,Norte,Iquique,-20.226118057136013,-70.14160076097787,35,191468
2024-02-28,Sur,Concepcion,-36.83538774470777,-73.05692964420155,45,223574
2023-01-28,Sur,PuertoMontt,-41.4764661948576,-72.92883492223339,58,245902
2023-11-15,Sur,Concepcion,-36.838272151167686,-73.07009490805228,41,223574
2023-02-28,Norte,Iquique,-20.236339467799517,-70.13223049636196,30,191468
2023-09-25,Centro,Rancagua,-34.17716927464107,-70.74279410459239,45,232211
2024-10-25,Sur,Temuco,-38.723787529335134,-72.59590956516122,49,282415
2023-04-30,Centro,Valparaiso,-33.05058974701145,-71.62142424184223,65,296655
2024-07-12,Sur,Concepcion,-36.81803395826027,-73.06475225046881,56,223574
2023-10-10,Centro,Santiago,-33.43641343353649,-70.6570315655451,1120,5614000
2023-07-28,Sur,PuertoMontt,-41.45460150910149,-72.92824334396629,49,245902
2024-08-01,Norte,Antofagasta,-23.650962736659423,-70.39479305476598,80,425725
2024-01-07,Centro,Rancagua,-34.17048787944077,-70.75641804054588,43,232211
2024-04-02,Centro,Rancagua,-34.170400480215264,-70.74488959972854,52,232211
2023-05-14,Norte,Iquique,-20.22439736796544,-70.17135025615632,41,191468
2024-10-25,Centro,Santiago,-33.447863616117964,-70.666366863417,1188,5614000
2023-03-27,Centro,Valparaiso,-33.04395310108781,-71.62771503338563,61,296655
2024-10-21,Norte,Arica,-18.474493305855695,-70.31841491025936,51,247552
2024-11-12,Centro,Rancagua,-34.1788479641072,-70.7352738859258,41,232211
2024-03-12,Centro,Valparaiso,-33.04943180469168,-71.60724516632477,58,296655
2024-12-13,Norte,Antofagasta,-23.652873072776185,-70.41346042693027,84,425725
2024-09-27,Norte,Antofagasta,-23.64733649943461,-70.42630653323712,83,425725
2024-08-12,Centro,Rancagua,-34.155792399602184,-70.73679309159066,36,232211
2023-05-17,Sur,Temuco,-38.75396392254042,-72.59821527099994,54,282415
2024-11-23,Norte,Antofagasta,-23.633066255698807,-70.41710762919338,94,425725
2023-01-05,Norte,Antofagasta,-23.649885251569682,-70.40083030703211,99,425725
2023-12-18,Norte,Antofagasta,-23.65038364030171,-70.396300320132,85,425725
2024-11-15,Sur,Concepcion,-36.81884468694637,-73.03916986702485,45,223574
2023-11-11,Norte,Arica,-18.494668982461295,-70.30735645197022,52,247552
2023-05-04,Sur,Temuco,-38.74669434417104,-72.58540452026303,54,282415
2023-08-12,Norte,Antofagasta,-23.656304158870235,-70.39233726606574,87,425725
2024-07-05,Sur,Concepcion,-36.818040999012084,-73.06731560890273,45,223574
2023-07-19,Centro,Rancagua,-34.18045610416752,-70.73493834476065,59,232211
2023-12-31,Centro,Valparaiso,-33.0481822212208,-71.6114050924857,60,296655
2024-04-19,Centro,Valparaiso,-33.04521008953969,-71.61366477674018,55,296655
2023-01-23,Sur,Concepcion,-36.81917420485812,-73.03440959919345,49,223574
2024-06-28,Centro,Santiago,-33.477408438742344,-70.67039251530193,1073,5614000
2023-06-11,Norte,Antofagasta,-23.651568587788326,-70.39081980586838,92,425725
2024-05-21,Norte,Arica,-18.4681137282841,-70.31001879811583,52,247552
2024-12-29,Centro,Santiago,-33.44055610718296,-70.6803656506536,1100,5614000
2023-01-27,Sur,PuertoMontt,-41.47541138792447,-72.9550216574167,49,245902
2023-12-19,Norte,Iquique,-20.238131845467016,-70.14912214845872,34,191468
2024-04-22,Norte,Antofagasta,-23.649456859243642,-70.4087511578832,71,425725
2023-09-05,Norte,Arica,-18.495265375865262,-70.32734704671216,48,247552
2024-07-23,Norte,Antofagasta,-23.652170075391297,-70.4139027143119,88,425725
2023-09-14,Norte,Iquique,-20.241211855046625,-70.12330572142466,34,191468
2023-03-08,Centro,Santiago,-33.443974385591524,-70.65248286133176,1143,5614000
2023-07-25,Sur,PuertoMontt,-41.473941167270574,-72.94444503355547,43,245902
2024-02-21,Sur,Concepcion,-36.8234026601498,-73.04903074827855,54,223574
2023-03-21,Centro,Valparaiso,-33.04732455086068,-71.60877353737506,74,296655
2024-08-10,Sur,PuertoMontt,-41.471409682308625,-72.92467120503328,50,245902
2023-12-12,Centro,Valparaiso,-33.041423392964845,-71.62729824347228,62,296655
2023-07-02,Norte,Arica,-18.469411126311474,-70.30940443420467,55,247552
2023-05-26,Sur,Concepcion,-36.84642047772232,-73.05194373009638,40,223574
2024-12-28,Norte,Iquique,-20.240164989305182,-70.1309064243095,29,191468
2023-08-07,Centro,Valparaiso,-33.042278539600176,-71.59620303440168,66,296655
2024-02-05,Norte,Arica,-18.460756128398202,-70.3045398677508,50,247552
2024-08-23,Norte,Arica,-18.477826243185895,-70.32605063809348,45,247552
2023-06-25,Sur,Concepcion,-36.811486885809714,-73.03936066938338,44,223574
2024-08-02,Norte,Iquique,-20.235892872578148,-70.13012081206055,32,191468
2023-11-19,Centro,Valparaiso,-33.04877714225858,-71.62150074466166,56,296655
2023-03-16,Centro,Santiago,-33.46587456951528,-70.65874679406676,1140,5614000
2024-05-18,Centro,Valparaiso,-33.038979612271504,-71.58962790207272,55,296655
2023-12-25,Sur,PuertoMontt,-41.480661532799395,-72.9353704302266,47,245902
2023-01-16,Centro,Rancagua,-34.18476142483609,-70.7575964185966,45,232211
2024-04-10,Centro,Santiago,-33.45612488084311,-70.67294302347476,1084,5614000
2023-08-10,Sur,Concepcion,-36.82065431784434,-73.04321972741371,49,223574
2024-07-14,Norte,Iquique,-20.239263961242496,-70.1458820613524,41,191468
2023-06-21,Sur,Temuco,-38.73770401628956,-72.57751706470088,54,282415
2023-11-24,Sur,Temuco,-38.74029853456811,-72.57686993995895,50,282415
2023-02-14,Centro,Rancagua,-34.155216104683014,-70.74153261832201,33,232211
2024-03-31,Centro,Valparaiso,-33.02727551716425,-71.60512634120639,57,296655
2024-10-04,Centro,Rancagua,-34.17519674672301,-70.73781920072517,41,232211
2024-09-25,Centro,Rancagua,-34.181182415863184,-70.764152324075,40,232211
2023-03-11,Centro,Valparaiso,-33.030547696236994,-71.59696924870757,68,296655
2024-06-29,Norte,Arica,-18.47468365747956,-70.29561972686403,62,247552
2023-04-01,Norte,Iquique,-20.239919244260832,-70.146302608468,38,191468
2023-10-17,Norte,Iquique,-20.224672204791478,-70.11668666803084,39,191468
2023-12-26,Centro,Santiago,-33.43955798081644,-70.66124015062441,1096,5614000
2024-03-17,Centro,Rancagua,-34.171421751864386,-70.75126404362616,45,232211
2023-11-06,Norte,Arica,-18.480663707374408,-70.31899648373056,72,247552
2023-10-30,Sur,Temuco,-38.72803546095944,-72.59693231137736,80,282415
2023-10-02,Norte,Arica,-18.480353342882932,-70.3069298391632,61,247552
2023-07-11,Sur,Concepcion,-36.82669211919557,-73.05012465875086,50,223574
2023-12-21,Sur,Temuco,-38.73757300935539,-72.58705220001282,53,282415
2024-03-08,Norte,Arica,-18.478807483315652,-70.32920023255541,45,247552
2024-11-08,Norte,Iquique,-20.219301697513725,-70.1448650034369,42,191468
2023-05-10,Centro,Santiago,-33.45338342005512,-70.6506875353308,1059,5614000
2024-02-20,Centro,Santiago,-33.45653304373138,-70.67846522296921,1171,5614000
2023-06-07,Norte,Antofagasta,-23.643737155626805,-70.39140407256848,93,425725
2023-09-23,Centro,Valparaiso,-33.048935284109966,-71.61629019888785,57,296655
2024-10-26,Centro,Valparaiso,-33.029938367294015,-71.62667324517874,46,296655
2023-03-04,Sur,Temuco,-38.73125535747436,-72.60261691920283,64,282415
2023-05-25,Norte,Iquique,-20.225322748862094,-70.14100647094622,39,191468
2024-09-08,Norte,Antofagasta,-23.652117246320397,-70.39293223911949,103,425725
2024-02-11,Centro,Rancagua,-34.16047666081877,-70.74484070136354,58,232211
2024-03-17,Centro,Santiago,-33.45016506858102,-70.67371832794113,1068,5614000
2023-05-19,Norte,Arica,-18.460796434321406,-70.29617753242995,56,247552
2024-07-09,Centro,Santiago,-33.43588589001042,-70.678709121291,1131,5614000
2024-09-15,Centro,Santiago,-33.431852392256836,-70.65738312157599,1132,5614000
2024-11-30,Centro,Santiago,-33.450672830915785,-70.65832563270683,1097,5614000
2024-11-08,Centro,Valparaiso,-33.054836231976125,-71.61484781732322,63,296655
2024-08-21,Sur,Temuco,-38.727493103874586,-72.61399935288955,69,282415
2023-12-07,Norte,Antofagasta,-23.67251077101356,-70.39847595109501,101,425725
2023-12-30,Sur,PuertoMontt,-41.49124125463269,-72.9392069936317,41,245902
2024-06-25,Sur,PuertoMontt,-41.47523335050271,-72.95003540208104,43,245902
2024-07-04,Centro,Santiago,-33.44560185504839,-70.67288056148188,1136,5614000
2024-10-30,Norte,Iquique,-20.226888332587393,-70.13800400111838,41,191468
2024-11-21,Norte,Iquique,-20.228119324411587,-70.12725720937667,43,191468
2024-07-20,Centro,Rancagua,-34.167242431906026,-70.75708538656514,40,232211
2023-12-29,Norte,Arica,-18.486376977186374,-70.29953207220473,60,247552
2024-05-18,Sur,Temuco,-38.74431085068825,-72.5984382200052,56,282415
2023-01-30,Sur,Concepcion,-36.827016583533215,-73.05457802979451,45,223574
2024-08-10,Sur,PuertoMontt,-41.48175782539114,-72.94251211088998,49,245902
2024-12-08,Centro,Valparaiso,-33.04265378606633,-71.61492843793071,68,296655
2023-04-29,Norte,Antofagasta,-23.650045154628504,-70.40240693972005,82,425725
2023-01-20,Sur,PuertoMontt,-41.46343469566284,-72.95710117038966,36,245902
2024-07-06,Sur,Concepcion,-36.815303119833004,-73.04360450781175,45,223574
2023-04-20,Centro,Valparaiso,-33.05147744265347,-71.60960901753485,55,296655
2023-04-21,Sur,Concepcion,-36.82131362835147,-73.06150437032413,36,223574
2023-10-02,Sur,Temuco,-38.75227604535173,-72.58291702291146,51,282415
2024-01-16,Centro,Valparaiso,-33.034979165487634,-71.62128857868413,53,296655
2024-01-25,Sur,Concepcion,-36.83646551474012,-73.05150563654855,40,223574
2024-11-15,Centro,Valparaiso,-33.04570409150686,-71.59372963552156,65,296655
2024-11-04,Sur,PuertoMontt,-41.475064603567205,-72.93188604302084,51,245902
2023-08-23,Sur,PuertoMontt,-41.46081394882837,-72.92872756391644,52,245902
2024-11-12,Centro,Valparaiso,-33.049517851494116,-71.59678771125407,47,296655
2024-04-10,Centro,Rancagua,-34.1864485608238,-70.7250666353083,54,232211
2024-01-22,Centro,Rancagua,-34.16478341686391,-70.75048551008827,37,232211
2023-05-20,Norte,Arica,-18.48887576739189,-70.33262804488481,48,247552
2023-08-28,Norte,Antofagasta,-23.643262016160428,-70.40372604248418,77,425725
2023-03-16,Sur,Temuco,-38.747445988070126,-72.59948782487538,53,282415
2023-10-25,Sur,Concepcion,-36.825193567053795,-73.04770753741771,46,223574
2024-08-16,Sur,Temuco,-38.73919630689698,-72.59736768741136,60,282415
2023-07-26,Sur,Concepcion,-36.82031461839543,-73.05549547586068,51,223574
2024-02-16,Sur,PuertoMontt,-41.46657630418925,-72.94159736008469,50,245902
2024-02-28,Sur,PuertoMontt,-41.48991896363417,-72.94384630694806,48,245902
2023-07-22,Centro,Valparaiso,-33.04513249984766,-71.59706458576798,69,296655
2023-02-04,Sur,Temuco,-38.712067576532256,-72.58498305281913,42,282415
2024-10-02,Centro,Santiago,-33.446459790282034,-70.66220925811025,1081,5614000
2023-04-19,Norte,Arica,-18.474628397688022,-70.30113192648707,39,247552
2023-08-09,Centro,Valparaiso,-33.03317886978778,-71.60164015520701,66,296655
2023-11-29,Centro,Rancagua,-34.17445507200869,-70.73569863059913,50,232211
2023-09-08,Sur,Concepcion,-36.828817690191734,-73.05544776418377,45,223574
2024-03-11,Norte,Arica,-18.474046660770323,-70.29864303876542,41,247552
2023-10-14,Centro,Valparaiso,-33.046134373661374,-71.61570548459454,58,296655
2024-05-09,Sur,Concepcion,-36.83566999161785,-73.05125441107488,42,223574
2024-11-04,Sur,PuertoMontt,-41.46387174700594,-72.92786958568453,39,245902
2023-04-10,Sur,Concepcion,-36.81371808021774,-73.04585504964338,51,223574
2023-04-22,Sur,PuertoMontt,-41.47209331469649,-72.92843864704355,57,245902
2024-05-02,Sur,PuertoMontt,-41.45136022853812,-72.93774071224594,45,245902
2024-09-29,Sur,Concepcion,-36.82521369051074,-73.0367402031223,46,223574
2024-04-02,Centro,Valparaiso,-33.06650786063853,-71.63026046513055,58,296655
2023-04-08,Sur,Concepcion,-36.827608353764724,-73.04883260585476,44,223574
2024-08-08,Centro,Valparaiso,-33.040660585689494,-71.61217892847912,53,296655
2024-11-04,Centro,Santiago,-33.46387599950804,-70.66167060532862,1130,5614000
2024-04-04,Norte,Iquique,-20.22988497080334,-70.1167745271695,34,191468
2024-09-18,Norte,Iquique,-20.223860773847157,-70.14587110330261,31,191468
2024-04-05,Norte,Antofagasta,-23.659123069584446,-70.41417338604525,80,425725
2023-04-19,Centro,Rancagua,-34.17439364639505,-70.74021640942075,36,232211
2024-02-14,Centro,Rancagua,-34.180006976052,-70.73264363132878,45,232211
2023-02-05,Sur,Temuco,-38.73551639522737,-72.58835497434671,58,282415
2024-10-22,Centro,Valparaiso,-33.03154324197235,-71.59641305289247,59,296655
2024-04-21,Norte,Antofagasta,-23.64669829077398,-70.38938607674345,87,425725
2024-03-13,Norte,Antofagasta,-23.652653000669837,-70.40481700341911,93,425725
2024-02-23,Sur,Temuco,-38.73591369389144,-72.58554683735603,57,282415
2023-02-22,Norte,Iquique,-20.232171756068514,-70.1347081288362,29,191468
2023-04-08,Norte,Arica,-18.473167081932928,-70.31396496157906,58,247552
2024-09-18,Sur,Temuco,-38.74824378859958,-72.59765277969983,39,282415
2023-07-02,Centro,Valparaiso,-33.044245685762654,-71.61162645252261,71,296655
2024-01-29,Sur,Temuco,-38.74159485869097,-72.5924083969739,58,282415
2024-05-17,Sur,PuertoMontt,-41.48226731463879,-72.94233918295882,43,245902
2023-10-07,Sur,PuertoMontt,-41.477654952209946,-72.94219585028696,51,245902
2024-02-29,Norte,Arica,-18.4634992409805,-70.31512100637386,43,247552
2024-11-12,Norte,Antofagasta,-23.6514272438636,-70.40806795538569,75,425725
2024-08-28,Sur,PuertoMontt,-41.474923321260945,-72.95152436928164,60,245902
2024-09-24,Norte,Arica,-18.4609851504705,-70.33572752713135,50,247552
2024-09-08,Norte,Antofagasta,-23.661893022689437,-70.40885203705376,79,425725
2024-08-24,Sur,Concepcion,-36.80842039567069,-73.04152129054052,44,223574
2023-05-11,Sur,Concepcion,-36.82469576041962,-73.0538674200015,30,223574
2023-04-22,Sur,Temuco,-38.74148883006786,-72.57397983065114,60,282415
2024-10-07,Centro,Rancagua,-34.16426662440435,-70.75493692592492,48,232211
2024-03-13,Norte,Antofagasta,-23.631506238609514,-70.39395232807063,87,425725
2024-09-18,Sur,Temuco,-38.741057717405944,-72.58789717680081,59,282415
2024-09-18,Norte,Iquique,-20.2229392087314,-70.11585176693018,44,191468
2023-04-23,Norte,Antofagasta,-23.642046057073884,-70.39558985140451,77,425725
2023-05-30,Sur,Concepcion,-36.82158146321369,-73.05922685802167,36,223574
2024-09-23,Sur,Temuco,-38.7277867650868,-72.59659235015518,61,282415
2024-08-04,Centro,Santiago,-33.46352149134463,-70.67309195519775,1134,5614000
2024-09-18,Norte,Iquique,-20.23996927190764,-70.12110180854536,47,191468
2023-08-11,Sur,Temuco,-38.73011398654883,-72.59173810071809,50,282415
2023-10-10,Centro,Valparaiso,-33.0509852613695,-71.6050077265621,51,296655
2023-03-03,Centro,Valparaiso,-33.034179584207784,-71.61727082884572,63,296655
2023-05-26,Sur,Concepcion,-36.82359475991949,-73.03243783414374,53,223574
2023-07-22,Norte,Arica,-18.47618188743065,-70.31036450279721,34,247552
2023-04-18,Norte,Antofagasta,-23.62609581432115,-70.38305464922212,82,425725
2024-09-26,Norte,Iquique,-20.240478856192638,-70.12901279396738,47,191468
2023-03-30,Sur,PuertoMontt,-41.46713062618274,-72.93341738120853,50,245902
2023-09-07,Norte,Arica,-18.455599276796537,-70.31979490159894,45,247552
2023-01-15,Norte,Arica,-18.490746646309354,-70.32050485509531,53,247552
2024-08-02,Norte,Iquique,-20.225927987744395,-70.12076040652444,29,191468
2024-12-01,Norte,Antofagasta,-23.63614359557206,-70.39563724340607,76,425725
2023-10-19,Centro,Rancagua,-34.16666714993342,-70.73096955565353,52,232211
2023-07-09,Centro,Santiago,-33.45064815495177,-70.665745563818,1089,5614000
2023-01-03,Centro,Santiago,-33.438624860627336,-70.67005722774738,1100,5614000
2024-12-08,Centro,Santiago,-33.4373499237626,-70.66223929517915,1129,5614000
2024-08-04,Norte,Iquique,-20.24126254906709,-70.13587713982709,36,191468
2024-10-07,Centro,Rancagua,-34.15874135995617,-70.72873585332263,50,232211
2023-05-21,Centro,Rancagua,-34.171610519206716,-70.75131181284985,49,232211
2024-01-25,Centro,Rancagua,-34.16835253795059,-70.72734638392679,39,232211
2024-01-05,Sur,Concepcion,-36.81864734053333,-73.07303736073273,41,223574
2023-07-06,Norte,Antofagasta,-23.656774893302863,-70.40204365580176,91,425725
2023-07-08,Norte,Arica,-18.4857542815849,-70.30053661536842,39,247552
2023-11-17,Centro,Santiago,-33.44856372343866,-70.65699898730217,1099,5614000
2023-02-12,Sur,Concepcion,-36.82390704790014,-73.04531502375161,33,223574
2023-10-04,Centro,Rancagua,-34.16960810322186,-70.73935056229692,53,232211
2023-01-24,Centro,Valparaiso,-33.03410460815959,-71.60161767662196,64,296655
2023-07-23,Centro,Santiago,-33.45151908197905,-70.67261588260129,1061,5614000
2024-08-12,Centro,Santiago,-33.45369562692733,-70.66386190096898,1125,5614000
2023-08-07,Norte,Iquique,-20.234232172927616,-70.14619743046944,28,191468
2024-07-17,Centro,Santiago,-33.446223113706594,-70.67394405338867,1144,5614000
2023-09-10,Norte,Iquique,-20.23676069437314,-70.12862597006601,33,191468
2023-06-05,Sur,PuertoMontt,-41.4644800551912,-72.93614104489555,50,245902
2024-08-29,Sur,PuertoMontt,-41.48158929902831,-72.93275112306398,44,245902
2024-06-17,Centro,Santiago,-33.44520015375099,-70.68103743256277,1037,5614000
2023-09-16,Centro,Valparaiso,-33.06808297093779,-71.62577552037179,60,296655
2024-10-06,Centro,Rancagua,-34.158875596628796,-70.73258168757862,42,232211
2023-06-22,Norte,Arica,-18.489744422357816,-70.30397770040359,51,247552
2023-04-10,Sur,PuertoMontt,-41.48678997344226,-72.9293649900598,63,245902
2023-02-07,Centro,Rancagua,-34.16869464980493,-70.73152399391512,48,232211
2023-03-30,Norte,Antofagasta,-23.653292837260366,-70.41202795077075,95,425725
2024-11-17,Centro,Valparaiso,-33.032048145812446,-71.62683502362385,56,296655
2023-11-05,Norte,Iquique,-20.21636139339687,-70.14308225213567,51,191468
2024-06-14,Sur,PuertoMontt,-41.448910877249055,-72.94928083036562,36,245902
2024-09-01,Sur,Temuco,-38.739195960937984,-72.59676576699967,54,282415
2023-07-11,Norte,Arica,-18.4837979004202,-70.30802422946061,62,247552
2024-02-26,Norte,Iquique,-20.225729872152602,-70.1432972690541,45,191468
2023-11-11,Centro,Santiago,-33.4287080609203,-70.67439047023382,1107,5614000
2023-06-02,Sur,Temuco,-38.72639987681176,-72.57003209074924,65,282415
2023-03-08,Norte,Arica,-18.49024582088917,-70.30458999308554,54,247552
2024-11-08,Norte,Antofagasta,-23.659685498910275,-70.39562776115235,97,425725
2023-02-20,Norte,Arica,-18.49349948437866,-70.32314265378362,47,247552
2023-10-03,Sur,Concepcion,-36.82621083524214,-73.04132100865236,38,223574
2024-06-24,Sur,PuertoMontt,-41.47479568517011,-72.93370476349138,42,245902
2023-11-16,Norte,Iquique,-20.225890497392474,-70.1358088826752,35,191468
2023-10-02,Norte,Arica,-18.493976202746317,-70.32515491665484,53,247552
2023-02-05,Sur,Temuco,-38.74192688506996,-72.58553723410465,53,282415
2023-05-04,Sur,PuertoMontt,-41.47813623909203,-72.92448242376236,56,245902
2024-10-01,Norte,Iquique,-20.211842816481735,-70.13588191759868,42,191468
2023-01-23,Sur,PuertoMontt,-41.48619993005492,-72.92486056512706,45,245902
2023-01-10,Sur,Concepcion,-36.8311576613175,-73.04994644125622,39,223574
2023-08-30,Sur,Temuco,-38.74997292263263,-72.58542625479616,52,282415
2024-05-25,Sur,Concepcion,-36.83857186777972,-73.04669025087507,35,223574
2024-11-23,Norte,Antofagasta,-23.641218092848817,-70.41088645190213,85,425725
2023-03-01,Sur,Temuco,-38.738783193168985,-72.5977831963285,52,282415
2023-10-21,Norte,Arica,-18.484042117817715,-70.30189662509297,57,247552
2024-04-13,Centro,Valparaiso,-33.04084921018554,-71.6065452247174,72,296655
2024-05-12,Sur,Concepcion,-36.83025958382246,-73.0513997980708,53,223574
2023-06-27,Centro,Valparaiso,-33.059834102944656,-71.60773311074182,45,296655
2024-01-01,Norte,Arica,-18.47245698314813,-70.33089758524218,54,247552
2023-10-01,Sur,PuertoMontt,-41.47022259126242,-72.92231450318428,46,245902
2023-06-26,Sur,PuertoMontt,-41.472035895214006,-72.9229312814113,58,245902
2023-09-14,Norte,Arica,-18.4682061922859,-70.3061753025374,50,247552
2023-01-30,Sur,Concepcion,-36.836372193112624,-73.05155136784656,48,223574
2023-03-18,Norte,Arica,-18.48992201599316,-70.32450975947026,54,247552
2023-06-12,Sur,Temuco,-38.72845113178539,-72.58059577438905,59,282415
2024-05-28,Norte,Arica,-18.476411084659052,-70.3118959545491,46,247552
2023-12-21,Norte,Arica,-18.4649189744334,-70.29069788062034,61,247552
2024-10-23,Norte,Arica,-18.466426967039492,-70.32186974569618,56,247552
2023-03-01,Sur,Temuco,-38.75154445980373,-72.58911209601753,65,282415
2024-09-03,Centro,Rancagua,-34.180426655805704,-70.74590418143977,44,232211
2024-11-12,Sur,Concepcion,-36.821642532815645,-73.0559831252554,54,223574
2023-02-20,Sur,Concepcion,-36.822173978720265,-73.06286761865648,61,223574
2023-09-24,Sur,Temuco,-38.74421974056212,-72.57561200918872,57,282415
2023-06-13,Sur,Concepcion,-36.831407180266076,-73.03902307007236,42,223574
2024-01-13,Centro,Santiago,-33.44577489393615,-70.67173645194124,1107,5614000
2024-09-09,Centro,Santiago,-33.437214778650045,-70.65750217134503,1117,5614000
2023-12-08,Norte,Iquique,-20.234168912330244,-70.13599133616785,45,191468
2024-10-30,Centro,Rancagua,-34.18565972109849,-70.71770193964565,31,232211
2024-04-11,Centro,Valparaiso,-33.04296353416233,-71.61060134505169,64,296655
2024-03-23,Centro,Santiago,-33.435112134746774,-70.68436226298438,1119,5614000
2024-05-23,Sur,Temuco,-38.750102747654836,-72.59528316370238,72,282415
2024-08-29,Norte,Iquique,-20.219444363282367,-70.13670709154593,39,191468
2024-10-20,Centro,Valparaiso,-33.07105161837821,-71.62843345850422,57,296655
2024-10-23,Norte,Antofagasta,-23.646532352312043,-70.39634700820201,76,425725
2024-11-22,Centro,Santiago,-33.459667039351565,-70.65050393079008,1114,5614000
2024-01-16,Sur,PuertoMontt,-41.45386445242524,-72.93527270297959,43,245902
2024-02-08,Norte,Antofagasta,-23.642383145475588,-70.41370103624563,90,425725
2024-09-05,Centro,Rancagua,-34.183781850239406,-70.73624815471523,56,232211
2024-10-02,Centro,Rancagua,-34.17340249913266,-70.73822270157228,49,232211
2023-08-07,Norte,Antofagasta,-23.66171058528834,-70.41434038943872,77,425725
2024-06-21,Centro,Rancagua,-34.184689696179454,-70.74554525224421,63,232211
2023-11-21,Norte,Antofagasta,-23.64571605010642,-70.39065951482611,73,425725
2024-10-20,Norte,Antofagasta,-23.661107958288543,-70.40190254298864,81,425725
2023-11-08,Norte,Antofagasta,-23.6569508982839,-70.39645875164395,89,425725
2024-06-09,Norte,Antofagasta,-23.66107082643013,-70.4146731437856,91,425725
2024-08-07,Sur,PuertoMontt,-41.47563069786789,-72.9457014583543,61,245902
2024-07-31,Sur,Concepcion,-36.827543947638844,-73.05663829229563,47,223574
2023-12-24,Norte,Antofagasta,-23.64810685819508,-70.39957638148059,80,425725
2023-07-04,Sur,Temuco,-38.71227677011029,-72.59086360878987,54,282415
2023-06-15,Norte,Arica,-18.500584475521233,-70.31945944949754,35,247552
2024-11-13,Norte,Iquique,-20.222568258499287,-70.14305819243044,30,191468
2024-06-24,Centro,Valparaiso,-33.0556495263248,-71.61685669074227,62,296655
2024-06-24,Norte,Arica,-18.488922297745383,-70.31901035112665,30,247552
2024-05-22,Centro,Santiago,-33.45215189048322,-70.6836775014327,1098,5614000
2023-12-29,Sur,Temuco,-38.723142809089026,-72.57936994579408,52,282415
2023-04-02,Sur,Temuco,-38.72023642917391,-72.59510985877581,54,282415
2024-11-07,Norte,Arica,-18.488586096892636,-70.31889623354715,44,247552
2024-11-22,Sur,PuertoMontt,-41.4709076215053,-72.93600404445567,30,245902
2024-01-14,Sur,Concepcion,-36.83143784151152,-73.0585269927313,36,223574
2024-05-16,Sur,Concepcion,-36.7978954607973,-73.07479001603171,55,223574
2023-08-17,Centro,Valparaiso,-33.040568765309,-71.60988437496778,70,296655
2023-09-26,Sur,Concepcion,-36.82984741602994,-73.0667338639846,42,223574
2024-12-19,Sur,PuertoMontt,-41.45578228570639,-72.93085434612907,50,245902
2024-12-18,Sur,Temuco,-38.729867671614116,-72.60081610074101,44,282415
2024-06-11,Centro,Valparaiso,-33.0366465899404,-71.62038537571898,63,296655
2024-09-16,Norte,Iquique,-20.238730157761694,-70.13326654160404,34,191468
2024-04-22,Norte,Arica,-18.468729569342177,-70.31386527649053,48,247552
2023-09-14,Norte,Iquique,-20.237924235611935,-70.1202675202881,35,191468
2023-04-21,Norte,Arica,-18.484254233718207,-70.3113640972857,48,247552
2023-04-27,Sur,PuertoMontt,-41.47577842664525,-72.93598652014839,48,245902
2023-05-04,Norte,Antofagasta,-23.62871057029883,-70.38252572611086,84,425725
2024-04-13,Norte,Arica,-18.455342318487865,-70.32646065988557,52,247552
2024-09-11,Norte,Antofagasta,-23.654076788406456,-70.39932002063591,83,425725
2024-05-17,Norte,Iquique,-20.207255630578103,-70.11918737536124,31,191468
2024-08-23,Sur,Concepcion,-36.84437712056758,-73.04949416834093,55,223574
2024-03-29,Centro,Valparaiso,-33.02786180420496,-71.62472835519172,83,296655
2023-10-16,Centro,Santiago,-33.45984913110217,-70.65983808817026,1064,5614000
2024-05-17,Norte,Antofagasta,-23.640142528716897,-70.39810079315542,70,425725
2024-06-02,Centro,Santiago,-33.445157879807425,-70.6579702166673,1139,5614000
2024-12-30,Sur,Concepcion,-36.82555253734308,-73.04917417213402,47,223574
2024-12-13,Sur,Concepcion,-36.84169390709868,-73.05259494419997,42,223574
2024-04-30,Centro,Rancagua,-34.17386528117904,-70.76155577290356,44,232211
2024-10-22,Norte,Iquique,-20.239626870046283,-70.1376812958229,40,191468
2024-02-02,Sur,PuertoMontt,-41.47055342339663,-72.9214905679979,46,245902
2023-05-08,Centro,Rancagua,-34.18538151954501,-70.73516598971582,45,232211
2023-10-19,Sur,Temuco,-38.72552843193058,-72.57855203394996,52,282415
2023-03-22,Norte,Arica,-18.457482060704155,-70.31505187437556,50,247552
2023-09-21,Sur,Temuco,-38.743547248427724,-72.60828057952662,63,282415
2024-12-13,Norte,Iquique,-20.21361479748565,-70.14481272226732,41,191468
2023-10-02,Sur,Temuco,-38.72744045779542,-72.56995055941759,57,282415
2023-12-01,Sur,Temuco,-38.72973695106997,-72.5910835636034,66,282415
2023-10-15,Sur,PuertoMontt,-41.45559747530972,-72.93600280682547,48,245902
2023-03-08,Sur,Concepcion,-36.827463099229305,-73.06035041695412,49,223574
2024-07-03,Centro,Rancagua,-34.1708716166433,-70.75237580215912,45,232211
2023-11-01,Centro,Santiago,-33.43560897365398,-70.67196043205907,1116,5614000
2024-07-04,Centro,Santiago,-33.437823341323906,-70.66778494348021,1122,5614000
2023-06-20,Centro,Santiago,-33.44676340143185,-70.67455296914262,1113,5614000
2024-05-08,Norte,Arica,-18.473838275671234,-70.31672104203277,49,247552
2023-10-05,Norte,Arica,-18.490058717033463,-70.33605290769954,40,247552
2024-01-01,Norte,Iquique,-20.226289672928605,-70.12768399651594,32,191468
2024-06-11,Centro,Rancagua,-34.16855354185556,-70.73941703574498,55,232211
2023-11-29,Sur,PuertoMontt,-41.477110046950756,-72.93514178748407,42,245902
2024-02-29,Norte,Iquique,-20.233812988735934,-70.12439326682362,41,191468
2023-01-08,Sur,Temuco,-38.73235406571469,-72.57984489549496,60,282415
2023-08-19,Centro,Rancagua,-34.17264410087409,-70.74656073884289,46,232211
2023-08-20,Norte,Arica,-18.48475332805102,-70.32083456683392,55,247552
2023-07-22,Sur,PuertoMontt,-41.48149658936245,-72.93154753221518,50,245902
2024-09-09,Sur,Temuco,-38.734260634061286,-72.57826425755636,54,282415
2023-11-11,Sur,Concepcion,-36.841433842952334,-73.03696121989624,45,223574
2023-02-05,Centro,Valparaiso,-33.04579394045558,-71.62434783724012,76,296655
2024-10-31,Sur,PuertoMontt,-41.465950030971534,-72.93011345185198,53,245902
2023-04-15,Norte,Antofagasta,-23.63308833666258,-70.405932031085,82,425725
2024-04-17,Centro,Rancagua,-34.17446524370945,-70.75194294655898,40,232211
2024-02-05,Sur,PuertoMontt,-41.47958665377497,-72.94751486246527,50,245902
2023-11-18,Norte,Antofagasta,-23.648318411969978,-70.38354398703261,96,425725
2023-09-03,Sur,Temuco,-38.74152649461528,-72.5795045597803,50,282415
2024-02-28,Norte,Antofagasta,-23.653655801249972,-70.40640937220432,94,425725
2024-03-25,Sur,PuertoMontt,-41.456002789415706,-72.938107987082,41,245902
2023-03-24,Centro,Rancagua,-34.16430021162661,-70.73542376047159,54,232211
2024-04-02,Centro,Rancagua,-34.17300608230256,-70.73989575260865,39,232211
2023-01-28,Centro,Rancagua,-34.18090966404428,-70.75099126650542,38,232211
2023-03-04,Sur,Concepcion,-36.82160634746744,-73.04682128538578,39,223574
2023-11-09,Sur,Concepcion,-36.82503076714619,-73.05505717876916,49,223574
2023-03-29,Sur,Concepcion,-36.80874523670346,-73.04672435840119,46,223574
2024-07-14,Centro,Rancagua,-34.18275704436246,-70.73945136842218,64,232211
2023-07-05,Centro,Valparaiso,-33.041702728013,-71.60695013811277,59,296655
2024-11-13,Norte,Iquique,-20.210986005868193,-70.13275296421303,43,191468
2023-03-12,Sur,Temuco,-38.7313174618375,-72.59011659810042,54,282415
2024-01-28,Norte,Arica,-18.49354644529358,-70.31643363134104,52,247552
2024-03-17,Sur,Concepcion,-36.82836262720389,-73.04908285043614,47,223574
2024-08-26,Sur,Temuco,-38.737163257827994,-72.59260322199692,54,282415
2023-08-29,Sur,Concepcion,-36.825013525802134,-73.04715296431209,43,223574
2024-10-31,Sur,Temuco,-38.75330622194879,-72.59762444909619,56,282415
2023-06-28,Centro,Santiago,-33.45604928268673,-70.66540078699069,1117,5614000
2023-09-14,Centro,Rancagua,-34.16303220717514,-70.74188544329141,48,232211
2023-09-14,Norte,Iquique,-20.235639306281822,-70.13761878501103,32,191468
2024-11-03,Norte,Arica,-18.47126705314534,-70.30234172254418,49,247552
2024-05-23,Centro,Santiago,-33.45734930245787,-70.67149193154573,1115,5614000
2024-11-05,Centro,Santiago,-33.45767747040258,-70.67693019840566,1125,5614000
2024-03-23,Norte,Iquique,-20.224716661177993,-70.14683534828542,39,191468
2024-08-05,Sur,Concepcion,-36.80439210602099,-73.05070735406727,50,223574
2024-09-05,Sur,Temuco,-38.72473190107594,-72.57918293764264,53,282415
2023-03-21,Norte,Antofagasta,-23.664948783579252,-70.40353528724629,95,425725
2023-02-24,Norte,Antofagasta,-23.643461319593293,-70.39728042908753,83,425725
2024-08-18,Sur,Concepcion,-36.828159771110734,-73.07640724033064,38,223574
2023-06-17,Sur,Concepcion,-36.82534605338508,-73.04875568174704,45,223574
2024-09-29,Centro,Rancagua,-34.17920333947327,-70.7556505413358,37,232211
2024-09-17,Norte,Iquique,-20.235921645347872,-70.13727300464379,45,191468
2024-09-01,Centro,Rancagua,-34.1838574537254,-70.75265716052567,43,232211
2023-11-14,Norte,Arica,-18.47831876386048,-70.31811204766524,52,247552
2024-12-11,Sur,Concepcion,-36.847171842280446,-73.061300400383,57,223574
2024-01-22,Sur,Concepcion,-36.82442149929311,-73.06429856032804,43,223574
2024-05-29,Centro,Valparaiso,-33.05919205481891,-71.60085471403032,57,296655
2023-06-24,Centro,Valparaiso,-33.034873084085724,-71.60609157123739,57,296655
2023-08-19,Norte,Arica,-18.48916359744072,-70.30016581000108,42,247552
2023-09-11,Sur,Concepcion,-36.80832802236005,-73.03913546099045,46,223574
2023-04-03,Sur,PuertoMontt,-41.472797791716346,-72.9336892740299,40,245902
2023-03-08,Sur,PuertoMontt,-41.467723501948385,-72.94625893246078,51,245902
2024-06-21,Norte,Antofagasta,-23.641638170778876,-70.40525297882205,105,425725
2024-10-08,Norte,Iquique,-20.228404354582878,-70.13369867144858,32,191468
2024-04-28,Centro,Rancagua,-34.1609794637814,-70.72231390378205,42,232211
2023-08-08,Sur,Temuco,-38.7332958539714,-72.58339583034467,57,282415
2023-02-17,Centro,Rancagua,-34.1597280153732,-70.76102162774683,44,232211
2024-08-09,Centro,Valparaiso,-33.04225884104413,-71.60688840988482,63,296655
2024-12-03,Sur,PuertoMontt,-41.48301710142464,-72.93839844662811,63,245902
2024-07-28,Centro,Rancagua,-34.16466288045333,-70.71896517254059,53,232211
2024-07-03,Sur,Temuco,-38.727290981083655,-72.58150570361519,57,282415
2024-11-29,Centro,Santiago,-33.45499703381322,-70.6537675959454,1189,5614000
2024-05-12,Norte,Iquique,-20.222394737097797,-70.12144087437791,43,191468
2024-10-24,Centro,Santiago,-33.463279686612324,-70.677518381354,1069,5614000
2024-05-28,Norte,Arica,-18.47270624337214,-70.2914451498301,44,247552
2023-05-04,Norte,Arica,-18.475589364855583,-70.31961864705991,41,247552
2023-04-05,Norte,Arica,-18.479425164092778,-70.32049851666518,39,247552
2023-06-11,Norte,Arica,-18.483405715984834,-70.31525283046432,55,247552
2023-07-01,Norte,Antofagasta,-23.642639940208806,-70.39564434683852,79,425725
2023-02-16,Sur,Concepcion,-36.83296981057933,-73.04102761631404,52,223574
2023-03-03,Centro,Valparaiso,-33.05232564495977,-71.61896975626293,66,296655
2024-06-30,Norte,Antofagasta,-23.63829153433997,-70.40076823964543,83,425725
2024-06-28,Centro,Santiago,-33.43270720065857,-70.67503502341656,1077,5614000
2023-09-28,Norte,Iquique,-20.22853680179489,-70.13323589994802,32,191468
2023-11-10,Sur,PuertoMontt,-41.45621122849811,-72.94045389353924,42,245902
2024-06-01,Norte,Arica,-18.489550003763984,-70.31402062248237,52,247552
2024-07-30,Norte,Iquique,-20.244051462952026,-70.13111728889702,31,191468
2024-05-16,Sur,PuertoMontt,-41.45839365819459,-72.9370784446538,53,245902
2023-02-26,Norte,Arica,-18.495310712381247,-70.31124727925601,45,247552
2023-12-31,Centro,Santiago,-33.44475184753724,-70.6781783676582,1132,5614000
2023-09-07,Sur,Concepcion,-36.83165264213589,-73.05898218947404,40,223574
2023-07-01,Norte,Iquique,-20.207747760399034,-70.13500495852219,32,191468
2024-07-09,Sur,Temuco,-38.746143277723114,-72.58192008058214,68,282415
2024-01-19,Norte,Arica,-18.470699679567716,-70.29965370238916,52,247552
2023-08-03,Centro,Santiago,-33.45507309976363,-70.66198928177978,1159,5614000
2023-03-09,Norte,Antofagasta,-23.670443791565418,-70.39315266124765,94,425725
2023-06-07,Sur,Temuco,-38.73305985977778,-72.58251989617399,72,282415
2023-12-27,Norte,Arica,-18.48320327677879,-70.30958889500148,58,247552
2023-03-04,Sur,Temuco,-38.75500303933112,-72.60400400249064,52,282415
2024-05-22,Sur,PuertoMontt,-41.462544924230976,-72.94479302641977,58,245902
2024-03-28,Centro,Santiago,-33.447352762736024,-70.67391125166546,1150,5614000
2024-11-27,Centro,Rancagua,-34.170888034943275,-70.74778266244202,37,232211
2023-02-05,Centro,Valparaiso,-33.0369508549586,-71.59568018153384,51,296655
2024-01-25,Sur,PuertoMontt,-41.47844426029046,-72.93269672247463,46,245902
2023-07-22,Centro,Valparaiso,-33.04538654462828,-71.6220151112889,55,296655
2024-01-26,Sur,Concepcion,-36.81171753577442,-73.05036956933478,47,223574
2023-12-05,Centro,Rancagua,-34.183608391690754,-70.74238688184315,46,232211
2023-01-31,Norte,Antofagasta,-23.65548016919492,-70.40248589936337,75,425725
2023-05-17,Sur,Concepcion,-36.823858789845495,-73.04941150799262,43,223574
2024-06-24,Centro,Valparaiso,-33.05083496268427,-71.61323584611196,61,296655
2024-10-02,Centro,Valparaiso,-33.04865941858077,-71.60584302550224,69,296655
2024-11-28,Norte,Arica,-18.492965967753165,-70.30492224481364,55,247552
2024-11-22,Norte,Iquique,-20.222711628017127,-70.1352289008112,46,191468
2023-01-25,Sur,PuertoMontt,-41.47282731681911,-72.94261918318344,38,245902
2024-05-04,Norte,Antofagasta,-23.659287951795008,-70.38851635631563,84,425725
2024-07-28,Sur,Temuco,-38.72441297938711,-72.60711840829882,58,282415
2024-06-25,Centro,Valparaiso,-33.038035473776645,-71.61081065507062,58,296655
2024-04-29,Sur,PuertoMontt,-41.47458148935843,-72.93058323034559,56,245902
2024-10-04,Sur,PuertoMontt,-41.473525146510035,-72.92872678447425,48,245902
2023-11-27,Sur,Temuco,-38.72917084652551,-72.59425687841095,59,282415
2023-10-30,Norte,Iquique,-20.23712725279066,-70.13569540604155,40,191468
2024-12-11,Centro,Valparaiso,-33.05698266133671,-71.5981408142972,52,296655
2023-02-28,Centro,Santiago,-33.451622208950674,-70.66068697633978,1111,5614000
2023-07-12,Centro,Rancagua,-34.150895303674815,-70.74633583037085,40,232211
2023-07-08,Norte,Antofagasta,-23.6520012313,-70.38147048797607,92,425725
2024-10-02,Sur,Temuco,-38.74443612239266,-72.59669488013431,59,282415
2024-09-27,Centro,Rancagua,-34.16876334453604,-70.75323722282404,37,232211
2024-09-02,Sur,Concepcion,-36.82461202238795,-73.04049319701441,35,223574
2024-04-27,Centro,Valparaiso,-33.04665205680922,-71.6165985573619,55,296655
2024-03-25,Centro,Valparaiso,-33.03558233120699,-71.61657994849111,62,296655
2023-11-16,Centro,Rancagua,-34.166741734505045,-70.75844171823985,50,232211
2023-04-18,Norte,Arica,-18.46729208723773,-70.31615786099498,55,247552
2023-10-26,Norte,Antofagasta,-23.65540562517982,-70.41384585191784,97,425725
2024-09-30,Sur,Temuco,-38.73375736735854,-72.5856288085497,52,282415
2024-01-15,Norte,Arica,-18.465705564121144,-70.30552026596467,48,247552
2023-03-22,Centro,Valparaiso,-33.05638340900367,-71.61083662270077,62,296655
2023-03-13,Sur,Concepcion,-36.8271938664858,-73.05616967979685,42,223574
2024-09-11,Norte,Iquique,-20.24908935704002,-70.12394311052178,43,191468
2023-04-24,Sur,Temuco,-38.75171604387792,-72.61026311029973,64,282415
2023-08-30,Centro,Rancagua,-34.16796349075214,-70.73312122421979,40,232211
2023-05-02,Sur,PuertoMontt,-41.47076993289987,-72.94818099917154,54,245902
2023-05-15,Sur,Concepcion,-36.82866530773149,-73.05485908107852,53,223574
2023-08-13,Norte,Antofagasta,-23.651649842001273,-70.39533640328291,87,425725
2024-08-17,Norte,Iquique,-20.233309935398168,-70.12372694906647,32,191468
2024-07-09,Sur,Concepcion,-36.83752114554292,-73.04573476049823,41,223574
2023-05-30,Sur,Temuco,-38.74265355373575,-72.59117172410332,60,282415
2024-12-09,Centro,Santiago,-33.44187761059236,-70.67271989675253,1125,5614000
2023-04-04,Centro,Rancagua,-34.176617849021426,-70.74011486802989,31,232211
2024-05-29,Centro,Valparaiso,-33.045668547602034,-71.61377417659212,60,296655
2023-10-23,Sur,Temuco,-38.73815854342649,-72.58446504072296,65,282415
2023-06-14,Centro,Rancagua,-34.15615987769911,-70.76012714128083,56,232211
2023-01-14,Sur,Concepcion,-36.84130786878203,-73.04015686765206,45,223574
2024-02-12,Norte,Arica,-18.46615145866135,-70.30199455916073,48,247552
2024-09-07,Norte,Arica,-18.488776903539765,-70.32308802076192,34,247552
2023-05-09,Sur,PuertoMontt,-41.471031960987645,-72.93061397126984,50,245902
2023-01-20,Centro,Santiago,-33.45521679964275,-70.68159936799803,1091,5614000
2023-02-20,Sur,PuertoMontt,-41.485628794916316,-72.92631448807771,50,245902
2023-04-22,Norte,Iquique,-20.233839174183156,-70.1259721012706,40,191468
2024-12-31,Norte,Iquique,-20.219886177556276,-70.14638588158446,38,191468
2023-01-12,Centro,Rancagua,-34.17234823195185,-70.74531157902223,48,232211
2024-03-15,Sur,Temuco,-38.73460084102958,-72.59682844435993,48,282415
2024-03-13,Centro,Santiago,-33.44535658280207,-70.66096848679945,1071,5614000
2024-08-08,Sur,Temuco,-38.74443624984422,-72.58437387177673,61,282415
2024-01-18,Centro,Rancagua,-34.15965277930234,-70.74812067415827,50,232211
2024-06-30,Norte,Antofagasta,-23.642457318649495,-70.40429134290541,84,425725
2023-06-15,Centro,Santiago,-33.4454335989938,-70.66750843262105,1100,5614000
2024-02-05,Norte,Iquique,-20.21178440729073,-70.14547099585249,39,191468
2024-09-25,Centro,Valparaiso,-33.045390940117485,-71.63485666299917,62,296655
2024-10-17,Centro,Valparaiso,-33.047369867734304,-71.60840415486261,54,296655
2023-06-09,Centro,Rancagua,-34.150747149943186,-70.74369792077935,42,232211
2023-01-16,Norte,Iquique,-20.2314339667447,-70.13841979426601,38,191468
2023-04-11,Centro,Rancagua,-34.18869748454125,-70.75426393219806,42,232211
2024-01-17,Sur,Temuco,-38.737684178525015,-72.59046848782377,59,282415
2023-06-07,Sur,PuertoMontt,-41.47119598159427,-72.92826251254387,54,245902
2023-11-05,Centro,Santiago,-33.44264369257442,-70.669631677627,1143,5614000
2024-07-31,Norte,Antofagasta,-23.65229661445011,-70.41062701375922,81,425725
2024-05-03,Centro,Valparaiso,-33.037588574934986,-71.6096297454207,58,296655
2024-11-28,Centro,Rancagua,-34.17250427218841,-70.75388524657487,39,232211
2023-09-24,Centro,Valparaiso,-33.03410350995858,-71.61772717358032,55,296655
2024-06-18,Norte,Iquique,-20.22462672993616,-70.14774470390766,33,191468
2024-05-02,Sur,PuertoMontt,-41.470167125296975,-72.93036510168366,42,245902
2023-08-05,Sur,Concepcion,-36.82276069592651,-73.03952806409293,45,223574
2023-08-10,Centro,Rancagua,-34.18333888286858,-70.74978538793255,48,232211
2024-11-27,Norte,Arica,-18.486601360330244,-70.29125206835896,57,247552
2024-04-10,Norte,Antofagasta,-23.64557086309469,-70.40319279174334,82,425725
2023-02-16,Centro,Valparaiso,-33.03390268943266,-71.59820469140716,51,296655
2024-04-05,Norte,Arica,-18.489794366390953,-70.29531847430182,66,247552
2024-08-24,Sur,Temuco,-38.73267436157116,-72.56254056629253,54,282415
2023-01-05,Norte,Iquique,-20.21732284463438,-70.12067335600453,35,191468
2023-04-13,Centro,Rancagua,-34.15522837603916,-70.74219256741881,45,232211
2024-02-15,Sur,Temuco,-38.739102050788844,-72.57068534774866,57,282415
2024-01-14,Norte,Antofagasta,-23.64772450157281,-70.40418331455913,89,425725
2023-10-09,Norte,Iquique,-20.24077287577963,-70.13465324162541,42,191468
2024-02-10,Sur,Temuco,-38.729082138274485,-72.57723754391817,57,282415
2023-08-24,Norte,Arica,-18.476944473085176,-70.29664128146602,57,247552
2023-01-15,Sur,PuertoMontt,-41.46450052746968,-72.93611263032913,47,245902
2024-02-29,Centro,Valparaiso,-33.06590365887885,-71.62055781690015,62,296655
2024-11-20,Centro,Valparaiso,-33.06507026493498,-71.60957227829813,65,296655
2024-02-04,Sur,Temuco,-38.728535721838384,-72.59822062401176,52,282415
2024-04-17,Sur,Temuco,-38.735261393945635,-72.59115182744476,57,282415
2023-06-19,Sur,Temuco,-38.73158216357277,-72.59481751724813,63,282415
2024-10-16,Centro,Valparaiso,-33.06116390846703,-71.60484212611198,68,296655
2024-02-15,Norte,Arica,-18.474404393302905,-70.31171974710068,48,247552
2023-10-18,Norte,Arica,-18.484756202226105,-70.30891310224544,43,247552
2023-04-09,Centro,Valparaiso,-33.049104495265176,-71.59535791934789,63,296655
2024-11-26,Norte,Iquique,-20.242861796119296,-70.15539697223947,45,191468
2023-04-06,Norte,Arica,-18.485540061056973,-70.3117408132306,57,247552
2023-01-02,Norte,Antofagasta,-23.625220233879023,-70.39761371479112,87,425725
2023-12-15,Centro,Santiago,-33.449684614981706,-70.67525566122433,1070,5614000
2023-09-30,Norte,Antofagasta,-23.65709302113694,-70.4111550547566,77,425725
2024-09-30,Centro,Rancagua,-34.15937948958087,-70.74206478227134,46,232211
2024-09-02,Centro,Santiago,-33.43783932461983,-70.66191843996984,1115,5614000
2023-06-25,Centro,Santiago,-33.44126791769138,-70.67173041698746,1199,5614000
2024-05-04,Centro,Valparaiso,-33.05706306895879,-71.59988746478152,53,296655
2024-10-17,Norte,Antofagasta,-23.644498348561385,-70.39955291839708,84,425725
2023-10-13,Sur,Concepcion,-36.82164012271279,-73.05594063159285,43,223574
2023-12-22,Sur,Concepcion,-36.83507533479042,-73.04679241988198,52,223574
2023-09-04,Centro,Santiago,-33.44928244404082,-70.673038668249,1088,5614000
2024-10-17,Norte,Antofagasta,-23.656226659357213,-70.40670792343238,98,425725
2023-11-28,Sur,Temuco,-38.73350381036686,-72.58818211861487,76,282415
2024-01-25,Sur,PuertoMontt,-41.47471485213813,-72.93775868711921,51,245902
2023-10-17,Norte,Iquique,-20.218861374750027,-70.14663632776168,46,191468
2023-11-16,Sur,Concepcion,-36.82129110947165,-73.02427446675739,40,223574
2024-08-28,Sur,Temuco,-38.75210929416456,-72.58201949604852,56,282415
2024-02-06,Centro,Rancagua,-34.1771291409387,-70.7346013399071,43,232211
2023-01-20,Centro,Santiago,-33.45467133245705,-70.66083201358815,1104,5614000
2023-02-05,Norte,Arica,-18.481261929207374,-70.31924499977889,54,247552
2023-02-06,Centro,Valparaiso,-33.07284388919623,-71.61129284464313,61,296655
2023-11-21,Norte,Antofagasta,-23.635666119833402,-70.4099181997019,91,425725
2024-09-22,Sur,PuertoMontt,-41.48449068665806,-72.93933269312562,55,245902
2024-11-27,Sur,PuertoMontt,-41.46615717700422,-72.93519649697213,46,245902
2023-08-15,Sur,Concepcion,-36.82463697799789,-73.04431665709063,46,223574
2024-09-22,Norte,Arica,-18.498020008750483,-70.31481407121223,53,247552
2024-11-03,Centro,Valparaiso,-33.05565109647541,-71.62130164603217,48,296655
2024-12-12,Centro,Valparaiso,-33.03930119254764,-71.61636664424329,55,296655
2024-08-25,Norte,Arica,-18.47121280257503,-70.3278882673662,61,247552
2023-08-05,Norte,Antofagasta,-23.64679714551257,-70.40615637749555,80,425725
2023-04-11,Sur,Concepcion,-36.84243462925391,-73.03969933998222,50,223574
2023-06-19,Norte,Iquique,-20.21614307099867,-70.1460752670469,41,191468
2023-10-25,Norte,Arica,-18.47044325485596,-70.30654871672807,60,247552
2024-03-25,Sur,Temuco,-38.74619868672696,-72.58082937893448,59,282415
2023-09-26,Centro,Valparaiso,-33.052848592920576,-71.61052433748046,61,296655
2024-01-16,Sur,PuertoMontt,-41.46631162127797,-72.92456850923217,52,245902
2023-01-04,Centro,Santiago,-33.429101248554566,-70.6616549899928,1118,5614000
2024-11-01,Centro,Rancagua,-34.17682743091707,-70.76856531119549,46,232211
2024-08-21,Centro,Valparaiso,-33.03511771047357,-71.61622539066995,60,296655
2024-09-24,Centro,Valparaiso,-33.038424942655126,-71.6191529576712,63,296655
2024-10-20,Sur,PuertoMontt,-41.48828370683582,-72.93670193909723,40,245902
2024-09-18,Centro,Valparaiso,-33.04138115762198,-71.62428481221082,61,296655
2023-07-02,Centro,Santiago,-33.45820742685489,-70.68242687256513,1116,5614000
2024-06-12,Norte,Arica,-18.472156059322874,-70.31526260667009,41,247552
2023-04-21,Centro,Valparaiso,-33.05774518865227,-71.60928207282704,59,296655
2024-09-01,Sur,PuertoMontt,-41.487876883640666,-72.93807229877535,39,245902
2024-11-11,Norte,Iquique,-20.22576826880818,-70.14762655523857,32,191468
2023-09-19,Norte,Antofagasta,-23.657265478517687,-70.39617120834889,78,425725
2024-07-01,Centro,Santiago,-33.45672680272611,-70.67311538539687,1079,5614000
2024-12-30,Norte,Iquique,-20.249673755252285,-70.13765596320371,41,191468
2023-04-23,Centro,Santiago,-33.45094491682005,-70.65089181826322,1089,5614000
2024-01-28,Sur,Concepcion,-36.82851099591758,-73.05375800012385,41,223574
2023-02-20,Norte,Iquique,-20.241667376990783,-70.14148656230437,44,191468
2023-05-18,Norte,Arica,-18.492744295226743,-70.30101386986742,56,247552
2024-06-18,Centro,Valparaiso,-33.04224442269144,-71.61664497536869,65,296655
2023-12-23,Norte,Antofagasta,-23.657670237152068,-70.40374052251246,81,425725
2024-03-30,Norte,Antofagasta,-23.650310745737865,-70.39902108772624,73,425725
2024-05-24,Centro,Rancagua,-34.173964109127375,-70.7474325699072,43,232211
2024-05-07,Sur,Concepcion,-36.82063409463376,-73.04249238138027,52,223574
2023-07-22,Norte,Antofagasta,-23.656777057257866,-70.39591102209629,92,425725
2023-02-28,Norte,Arica,-18.48539680801791,-70.32296184528205,48,247552
2024-04-11,Centro,Valparaiso,-33.03088966285295,-71.60544749149189,55,296655
2023-06-24,Centro,Santiago,-33.454044361540774,-70.68521878477418,1132,5614000
2023-10-12,Norte,Antofagasta,-23.66541661320366,-70.39269470951464,94,425725
2023-07-04,Sur,Temuco,-38.747863996823945,-72.60502640033796,50,282415
2024-10-22,Sur,Temuco,-38.75554161001669,-72.59111174056224,49,282415
2024-07-07,Sur,PuertoMontt,-41.476400432879075,-72.94058146062005,38,245902
2023-05-14,Centro,Valparaiso,-33.05112569584212,-71.59543188337213,55,296655
2023-05-14,Norte,Antofagasta,-23.660073502271658,-70.40043958344388,86,425725
2023-08-31,Norte,Antofagasta,-23.669032576357633,-70.38255500138158,77,425725
2024-03-28,Norte,Arica,-18.486173158104958,-70.31967231207973,47,247552
2024-01-08,Sur,PuertoMontt,-41.47419758592881,-72.93126810867216,43,245902
2023-11-04,Sur,Concepcion,-36.83733830946809,-73.07107039612795,43,223574
2024-05-22,Centro,Rancagua,-34.17688387456634,-70.72349620169877,42,232211
2024-12-04,Sur,Temuco,-38.73303180215903,-72.5923415150149,56,282415
2023-05-05,Centro,Rancagua,-34.16416410151914,-70.75694213669884,46,232211
2024-07-20,Sur,PuertoMontt,-41.47480704280165,-72.9505529468456,56,245902
2023-06-24,Sur,Concepcion,-36.82656694493609,-73.04863973310862,37,223574
2024-12-05,Sur,Concepcion,-36.83999554587125,-73.04644750252189,47,223574
2023-04-04,Sur,Concepcion,-36.820588018382814,-73.04600431977404,37,223574
2023-09-26,Sur,PuertoMontt,-41.490325777772924,-72.93746723159568,61,245902
2024-10-07,Norte,Antofagasta,-23.657316285413533,-70.41138174894387,86,425725
2023-02-28,Centro,Rancagua,-34.18411515406673,-70.74446019776737,44,232211
2023-11-02,Norte,Iquique,-20.22258259079541,-70.13349548562304,30,191468
2024-11-27,Centro,Valparaiso,-33.03757765715624,-71.61594366555053,61,296655
2023-06-16,Sur,PuertoMontt,-41.477345267358864,-72.93851014476547,43,245902
2023-10-13,Centro,Valparaiso,-33.070333003842926,-71.60742285016217,57,296655
2024-06-07,Centro,Valparaiso,-33.03971363241213,-71.60054280882092,53,296655
2024-04-11,Norte,Arica,-18.47172356843498,-70.3120842324815,48,247552
2024-01-25,Centro,Valparaiso,-33.03935263038224,-71.61247174499563,51,296655
2023-03-29,Sur,Temuco,-38.73840836544005,-72.58748071343095,60,282415
2024-02-18,Norte,Antofagasta,-23.643515641799564,-70.39690301854046,75,425725
2023-01-07,Norte,Iquique,-20.218788770382343,-70.13326683432408,49,191468
2023-01-15,Norte,Arica,-18.493424200424194,-70.31164149942805,43,247552
2024-09-30,Sur,Concepcion,-36.8321642491955,-73.04684087720621,50,223574
2024-02-07,Norte,Antofagasta,-23.651371097272087,-70.40048138024247,81,425725
2024-11-21,Centro,Santiago,-33.44344558314957,-70.66406106270288,1111,5614000
2023-01-06,Norte,Iquique,-20.23069901120959,-70.15427113340313,31,191468
2023-04-14,Sur,Temuco,-38.729595291737326,-72.59599188176917,61,282415
2024-08-07,Centro,Rancagua,-34.172627587432764,-70.72875392412001,47,232211
2023-05-08,Norte,Arica,-18.467514861802325,-70.31032675929676,43,247552
2023-12-18,Centro,Rancagua,-34.17043521732082,-70.74341960562383,46,232211
2023-07-04,Norte,Arica,-18.493100914488622,-70.32409951678277,52,247552
2023-12-20,Norte,Iquique,-20.23595047397883,-70.13359180342951,42,191468
2023-10-15,Sur,Temuco,-38.718799760602224,-72.59409789280174,54,282415
2024-08-10,Centro,Valparaiso,-33.04591765470159,-71.61443148728286,64,296655
2023-08-04,Sur,Temuco,-38.737585671703954,-72.582251589499,59,282415
2024-03-19,Norte,Arica,-18.493302961141747,-70.31025943160256,54,247552
2024-10-10,Norte,Iquique,-20.220161091463343,-70.12687153368597,52,191468
2023-11-16,Sur,Concepcion,-36.834746684668,-73.04405185229093,46,223574
2024-12-19,Sur,Temuco,-38.74185964173998,-72.58538761476801,71,282415
2024-12-16,Norte,Iquique,-20.229469103451763,-70.13395933428949,33,191468
2024-08-25,Sur,Concepcion,-36.81895012692597,-73.0534213406122,43,223574
2024-02-11,Centro,Santiago,-33.45650159665069,-70.66386478387803,1103,5614000
2024-11-24,Norte,Arica,-18.496687042718655,-70.31867796818392,50,247552
2023-05-25,Sur,PuertoMontt,-41.47314869439586,-72.93460214908791,51,245902
2024-08-16,Centro,Valparaiso,-33.05407744184673,-71.59200224151303,73,296655
2024-11-17,Sur,Temuco,-38.738360085603944,-72.58079261698178,58,282415
2024-11-16,Norte,Antofagasta,-23.64350299316589,-70.38918053037965,92,425725
2023-07-20,Norte,Arica,-18.4832842083749,-70.31177334556314,49,247552
2023-01-28,Sur,PuertoMontt,-41.48154170733831,-72.93275934011479,52,245902
2023-12-14,Norte,Arica,-18.485046272700345,-70.30836053307368,55,247552
2024-03-19,Centro,Santiago,-33.42797149554448,-70.66992146042497,1080,5614000
2023-11-25,Sur,PuertoMontt,-41.47620195559046,-72.95566868742414,63,245902
2023-09-01,Centro,Rancagua,-34.172998816985114,-70.74748610161812,43,232211
2024-09-04,Norte,Antofagasta,-23.655154057023434,-70.39783628031788,79,425725
2024-03-28,Centro,Rancagua,-34.168902986562166,-70.7548238486012,49,232211
2023-08-04,Norte,Arica,-18.480232340257274,-70.29174839126549,60,247552
2023-03-29,Centro,Rancagua,-34.16210612476452,-70.75146618275684,42,232211
2024-05-05,Sur,PuertoMontt,-41.45027303246072,-72.94856227647202,55,245902
2024-09-16,Centro,Rancagua,-34.17484078947914,-70.73793912857677,39,232211
2024-05-08,Norte,Antofagasta,-23.64576551182748,-70.404296515545,80,425725
2023-10-06,Sur,Temuco,-38.733465158543346,-72.59435958858411,56,282415
2024-10-25,Norte,Antofagasta,-23.64519096283451,-70.38267054813568,86,425725
2024-01-31,Norte,Iquique,-20.201457144977084,-70.13635981795478,37,191468
2024-03-03,Centro,Santiago,-33.445438180285294,-70.68168648804998,1108,5614000
2023-02-21,Sur,Temuco,-38.73279303946861,-72.60623472823453,51,282415
2024-09-13,Norte,Iquique,-20.23138088357139,-70.1564894564005,41,191468
2023-12-11,Sur,Temuco,-38.758818615000294,-72.59665762459048,61,282415
2024-06-26,Norte,Iquique,-20.23168483382959,-70.12135061766851,47,191468
2023-06-12,Sur,Concepcion,-36.8234432278715,-73.0480246730297,55,223574
2023-08-08,Sur,Temuco,-38.722651085194094,-72.59693413032959,50,282415
2024-02-10,Norte,Iquique,-20.22923399170272,-70.13808464061071,36,191468
2023-09-30,Norte,Antofagasta,-23.64605838802316,-70.4077502240974,78,425725
2024-06-04,Norte,Antofagasta,-23.653602160893303,-70.38215916326243,92,425725
2023-12-28,Norte,Iquique,-20.23966641614563,-70.12990803344063,39,191468
2024-05-11,Sur,Concepcion,-36.84178433150762,-73.02737904647407,54,223574
2024-12-25,Centro,Santiago,-33.43320620458163,-70.66811932389477,1139,5614000
2024-11-13,Norte,Iquique,-20.23299053397412,-70.13839540836146,45,191468
2023-07-11,Centro,Valparaiso,-33.04053699816435,-71.61841212913887,64,296655
2023-03-02,Norte,Antofagasta,-23.65755026370432,-70.39491827450387,84,425725
2024-09-05,Centro,Valparaiso,-33.04825725594496,-71.62272416481736,55,296655
2023-09-26,Norte,Iquique,-20.2216765007333,-70.1307901461157,33,191468
2023-01-12,Norte,Antofagasta,-23.66791332964873,-70.39575728338052,74,425725
2023-05-06,Sur,Concepcion,-36.818263081234974,-73.05071613512912,42,223574
2024-04-06,Norte,Antofagasta,-23.64525602912056,-70.39868186977392,81,425725
2023-06-15,Centro,Valparaiso,-33.05350713397444,-71.61382222686636,56,296655
2024-01-18,Centro,Rancagua,-34.15124225812973,-70.7302194330848,54,232211
2023-03-06,Norte,Iquique,-20.23238095058186,-70.13549929046843,32,191468
2023-06-06,Centro,Santiago,-33.46590998307874,-70.66552560678147,1097,5614000
2023-06-08,Sur,PuertoMontt,-41.46974171534747,-72.93229503922076,55,245902
2023-11-18,Sur,PuertoMontt,-41.468836231566925,-72.93620818814583,51,245902
2023-02-26,Sur,Temuco,-38.73043800704816,-72.59113880069755,49,282415
2023-10-27,Centro,Rancagua,-34.174813147882546,-70.75513068459838,51,232211
2024-11-04,Sur,Concepcion,-36.806845413207405,-73.03010214176408,56,223574
2023-12-20,Sur,PuertoMontt,-41.46614568613142,-72.92368499209547,46,245902
2024-03-02,Centro,Rancagua,-34.17849589743632,-70.71837783153387,46,232211
2023-02-25,Centro,Rancagua,-34.16974623963949,-70.74698847344672,46,232211
2023-12-06,Sur,PuertoMontt,-41.48067570427372,-72.94410514910832,55,245902
2023-04-19,Norte,Arica,-18.479707736689768,-70.30185575579308,58,247552
2023-06-24,Sur,PuertoMontt,-41.47476337833237,-72.93030159153189,46,245902
2024-08-27,Sur,Concepcion,-36.83192718263107,-73.05957047423523,51,223574
2024-09-27,Norte,Iquique,-20.221885226400723,-70.13653426040763,32,191468
2023-03-14,Centro,Valparaiso,-33.05952487310084,-71.60152546079188,44,296655
2024-06-23,Sur,PuertoMontt,-41.47852875496034,-72.92151694708883,42,245902
2023-03-01,Norte,Arica,-18.472915943509037,-70.3122507882199,51,247552
2024-07-12,Centro,Valparaiso,-33.04837963579687,-71.60275899230147,58,296655
2024-04-23,Norte,Arica,-18.47218057905801,-70.31189324858842,51,247552
2024-03-31,Sur,Concepcion,-36.82484488715855,-73.04674911201744,39,223574
2024-05-30,Sur,PuertoMontt,-41.48267550239136,-72.9297568315011,48,245902
2023-01-02,Centro,Valparaiso,-33.029698112290816,-71.61139864963388,62,296655
2024-03-17,Centro,Santiago,-33.443108665637666,-70.66336559709396,1123,5614000
2023-10-21,Norte,Iquique,-20.238194985176893,-70.14008452768542,32,191468
2024-05-19,Sur,Concepcion,-36.82716666679919,-73.046615048373,54,223574
2023-03-25,Sur,Concepcion,-36.82679724371795,-73.04968840838683,29,223574
2023-02-20,Sur,Temuco,-38.73788798628098,-72.5861025935853,59,282415
2024-06-13,Sur,Temuco,-38.73560032467792,-72.60701476664414,54,282415
2023-05-05,Sur,Concepcion,-36.82509314888991,-73.05193784648834,37,223574
2024-07-30,Sur,Temuco,-38.738465209663374,-72.60472610167632,44,282415
2024-10-21,Sur,PuertoMontt,-41.47142263144598,-72.93175985477257,47,245902
2023-09-25,Centro,Rancagua,-34.177015838518386,-70.7480810935803,52,232211
2023-07-25,Centro,Santiago,-33.45700738992938,-70.67575843720371,1045,5614000
2023-05-31,Norte,Arica,-18.460415867294724,-70.31110562142993,48,247552
2023-01-21,Centro,Valparaiso,-33.044792044211974,-71.6385844691774,56,296655
2024-02-01,Norte,Iquique,-20.2286343925568,-70.14672578143055,32,191468
2024-04-28,Centro,Valparaiso,-33.039643479569676,-71.63279194194367,63,296655
2024-03-31,Centro,Rancagua,-34.183312354412706,-70.74396529887508,46,232211
2023-10-07,Norte,Antofagasta,-23.64331811078172,-70.41347424462448,63,425725
2024-03-18,Centro,Valparaiso,-33.057383580420854,-71.61040990831671,52,296655
2023-12-06,Centro,Valparaiso,-33.041840425520405,-71.62029568449255,44,296655
2024-03-10,Centro,Santiago,-33.45969849645913,-70.66343855445803,1082,5614000
2023-10-09,Sur,Concepcion,-36.82558149991694,-73.04780891992365,57,223574
2024-02-19,Centro,Rancagua,-34.16706202092343,-70.73603191797766,45,232211
2023-03-10,Sur,Concepcion,-36.83518323868151,-73.04870681512958,50,223574
2024-10-22,Norte,Antofagasta,-23.65292600575164,-70.41946116411557,83,425725
2023-05-24,Norte,Arica,-18.46595349651034,-70.33487399381131,52,247552
2024-02-22,Centro,Rancagua,-34.17446240543459,-70.73749670201317,37,232211
2023-08-14,Sur,PuertoMontt,-41.47446257850219,-72.92705163883404,49,245902
2023-01-09,Norte,Iquique,-20.22899703238779,-70.14615626689479,34,191468
2024-12-18,Sur,Temuco,-38.75867877839908,-72.59812223016726,60,282415
2024-03-07,Sur,PuertoMontt,-41.468920125185335,-72.91210949275002,40,245902
2023-01-27,Norte,Arica,-18.475532309484446,-70.3089258181526,44,247552
2023-10-19,Centro,Santiago,-33.46827891200988,-70.68772716473657,1109,5614000
2024-02-19,Centro,Santiago,-33.46741635858477,-70.64914824285273,1117,5614000
2023-07-06,Sur,PuertoMontt,-41.463623388547944,-72.96329169349046,41,245902
2024-04-21,Norte,Antofagasta,-23.64917829901212,-70.40035165233883,84,425725
2024-08-24,Sur,Temuco,-38.72511771447035,-72.59411831556608,50,282415
2024-10-01,Norte,Iquique,-20.237958964994025,-70.13303850779069,40,191468
2023-09-16,Sur,Temuco,-38.729348602294976,-72.58532860926991,46,282415
2024-04-28,Sur,Temuco,-38.71844476746656,-72.60104591691713,55,282415
2023-12-09,Norte,Antofagasta,-23.632907814268425,-70.39010017455394,87,425725
2023-07-22,Centro,Rancagua,-34.14857931277503,-70.74838899058966,36,232211
2023-03-28,Centro,Rancagua,-34.16860594864631,-70.75708110195164,45,232211
2023-02-09,Norte,Antofagasta,-23.65696865645111,-70.38225383550213,86,425725
2024-07-06,Sur,PuertoMontt,-41.47710490074058,-72.93273782919127,63,245902
2023-12-10,Sur,Temuco,-38.738632028770226,-72.59003055419721,53,282415
2023-07-01,Centro,Santiago,-33.44765666948896,-70.6614842218715,1111,5614000
2024-11-11,Norte,Arica,-18.47739048020308,-70.33301134322026,44,247552
2023-05-14,Norte,Arica,-18.468843585882222,-70.28830933295201,45,247552
2023-11-30,Centro,Valparaiso,-33.044179401313414,-71.60871166160801,62,296655
2024-12-14,Centro,Santiago,-33.447668480162605,-70.67841345482276,1103,5614000
2023-07-31,Norte,Iquique,-20.23217698762409,-70.12851663538483,37,191468
2024-10-09,Sur,Concepcion,-36.82493673361037,-73.06852296390602,42,223574
2024-03-23,Norte,Arica,-18.485241751542866,-70.31002313207479,48,247552
2023-08-10,Centro,Rancagua,-34.18765260673578,-70.75972293402445,54,232211
2024-03-13,Norte,Antofagasta,-23.644825567876868,-70.40397508982926,79,425725
2024-09-15,Norte,Antofagasta,-23.658295867938286,-70.40996912769022,93,425725
2024-01-16,Centro,Valparaiso,-33.043002656688046,-71.61925809391116,66,296655
2023-05-08,Sur,Concepcion,-36.83917971887538,-73.05345030453599,45,223574
2023-10-31,Norte,Iquique,-20.23976922340931,-70.12885965567416,27,191468
2023-04-14,Norte,Antofagasta,-23.636986934694157,-70.38823678633455,85,425725
2024-11-19,Sur,Concepcion,-36.8326490193174,-73.04014605208354,53,223574
2024-08-07,Sur,Concepcion,-36.82497318711596,-73.05396933802427,39,223574
2023-07-25,Norte,Arica,-18.481254243262462,-70.2925066492718,56,247552
2023-01-22,Sur,PuertoMontt,-41.477901033276964,-72.9322286834002,47,245902
2024-06-04,Sur,Temuco,-38.73812399999642,-72.58164971406094,58,282415
2024-11-19,Sur,Temuco,-38.72827400120329,-72.59059437221684,65,282415
2024-05-11,Centro,Santiago,-33.44797959165291,-70.67742352017271,1164,5614000
2024-01-01,Norte,Arica,-18.482670762570265,-70.3125724583568,41,247552
2024-10-27,Norte,Iquique,-20.2340626497411,-70.14562003181503,40,191468
2023-06-24,Centro,Rancagua,-34.1740643483505,-70.75064201743133,45,232211
2024-04-13,Sur,Temuco,-38.752386859298475,-72.57860290639589,61,282415
2024-04-18,Norte,Arica,-18.477623193447204,-70.30695222051352,50,247552
2023-04-17,Sur,Concepcion,-36.825526848719065,-73.05464274860549,44,223574
2023-09-25,Sur,Concepcion,-36.833023863408584,-73.06987879142555,45,223574
2023-08-08,Sur,Concepcion,-36.802363744710426,-73.0829457808573,42,223574
2024-01-11,Sur,Concepcion,-36.823184133167025,-73.05202795602762,41,223574
2024-02-09,Sur,Temuco,-38.74068470155717,-72.58356386846359,53,282415
2023-01-27,Sur,PuertoMontt,-41.48807268096618,-72.92053087502201,51,245902
2023-03-08,Sur,Temuco,-38.72947497110863,-72.58689558163336,62,282415
2023-01-14,Centro,Valparaiso,-33.03839616064219,-71.6005479565988,61,296655
2024-09-05,Centro,Valparaiso,-33.05560455348105,-71.59376595128101,60,296655
2023-04-12,Norte,Arica,-18.483210036375652,-70.31084592116319,57,247552
2024-08-05,Centro,Santiago,-33.46149889608688,-70.65594749773264,1135,5614000
2024-09-19,Sur,Temuco,-38.72782258028682,-72.57929753804696,65,282415
2023-01-07,Centro,Rancagua,-34.181987517627284,-70.73921306433787,45,232211
2023-12-23,Norte,Iquique,-20.227767066141503,-70.13649138983568,35,191468
2023-03-10,Sur,PuertoMontt,-41.48693500494773,-72.94158648935758,56,245902
2024-11-09,Sur,PuertoMontt,-41.47355593984286,-72.93134516783516,56,245902
2024-01-17,Sur,Temuco,-38.73220328191002,-72.58050886595397,67,282415
2023-08-31,Norte,Arica,-18.481471162567146,-70.29625651843796,45,247552
2024-10-07,Sur,Concepcion,-36.809649213270255,-73.04709825470543,53,223574
2024-07-18,Centro,Rancagua,-34.16985668577146,-70.73245241873826,57,232211
2024-06-23,Norte,Antofagasta,-23.65718330830986,-70.39079206256062,70,425725
2024-08-03,Sur,Temuco,-38.74599577748653,-72.59726717627102,71,282415
2024-07-15,Centro,Santiago,-33.45498183203218,-70.68334782597978,1098,5614000
2024-11-05,Sur,Temuco,-38.74023674173331,-72.59006979127419,49,282415
2024-04-13,Centro,Santiago,-33.46468157320675,-70.6642506706861,1161,5614000
2024-07-17,Norte,Antofagasta,-23.64542764293516,-70.40577458149403,98,425725
2023-10-03,Sur,Temuco,-38.74502457927307,-72.5825066911765,61,282415
2024-12-20,Norte,Iquique,-20.22667505510531,-70.15214625786014,52,191468
2024-07-29,Centro,Santiago,-33.443940675347676,-70.6665478178002,1081,5614000
2023-07-08,Norte,Iquique,-20.220694577580673,-70.13259352671818,37,191468
2024-12-23,Centro,Santiago,-33.45024928300289,-70.65317051118262,1145,5614000
2024-08-10,Centro,Rancagua,-34.17280077436917,-70.73892022985444,41,232211
2023-04-07,Norte,Iquique,-20.247641866335965,-70.12794907627786,41,191468
2024-12-13,Norte,Iquique,-20.214522075980064,-70.14576159589845,39,191468
2024-09-21,Centro,Valparaiso,-33.056732120816186,-71.61343969566968,64,296655
2023-01-04,Sur,PuertoMontt,-41.480325272829404,-72.93469376286777,46,245902
2023-11-25,Sur,Concepcion,-36.826179812082835,-73.06482813416153,61,223574
2023-05-15,Sur,PuertoMontt,-41.473607672408654,-72.93605484832567,57,245902
2024-10-11,Norte,Antofagasta,-23.642852705598752,-70.39671531676436,107,425725
2023-10-22,Centro,Rancagua,-34.167652901567756,-70.74763981977127,37,232211
2024-10-10,Centro,Santiago,-33.46300789000518,-70.66962538229107,1166,5614000
2024-08-27,Centro,Rancagua,-34.175804614772815,-70.74755373268133,51,232211
2023-07-26,Centro,Rancagua,-34.1848387773356,-70.74921071171033,50,232211
2024-04-15,Centro,Santiago,-33.4617774192751,-70.66525187172584,1093,5614000
2023-01-27,Centro,Valparaiso,-33.04920520711542,-71.6193410917326,72,296655
2024-05-18,Centro,Rancagua,-34.16987459824598,-70.73770513182866,50,232211
2024-09-07,Centro,Santiago,-33.43959995190098,-70.67765211057373,1087,5614000
2024-12-16,Norte,Arica,-18.46262669372996,-70.3007531764091,46,247552
2023-10-31,Centro,Santiago,-33.47634988143222,-70.68221732135781,1093,5614000
2023-04-25,Norte,Arica,-18.48169389734062,-70.30989666947536,51,247552
2024-06-08,Sur,PuertoMontt,-41.45661758755007,-72.94151915209775,46,245902
2023-09-22,Centro,Rancagua,-34.17531569085184,-70.74504739358196,53,232211
2024-10-31,Centro,Rancagua,-34.1707033836947,-70.75305694446617,38,232211
2024-12-18,Centro,Santiago,-33.466795954140515,-70.66340604582682,1128,5614000
2023-02-18,Centro,Rancagua,-34.19269721391774,-70.73866784458853,51,232211
2024-06-23,Norte,Arica,-18.477554581932196,-70.31351082794544,60,247552
2023-05-31,Centro,Rancagua,-34.17441809191338,-70.74382663002177,48,232211
2024-04-05,Sur,Concepcion,-36.818158704509536,-73.05011077481596,39,223574
2024-05-21,Sur,Temuco,-38.73834746084249,-72.60681612011791,63,282415
2023-10-12,Centro,Santiago,-33.45944161159298,-70.6778902961112,1120,5614000
2024-10-04,Norte,Iquique,-20.224258281342077,-70.13732606264944,27,191468
2023-02-26,Norte,Antofagasta,-23.63891983802383,-70.421701592923,83,425725
2024-08-31,Centro,Santiago,-33.44681153870115,-70.66184543367558,1140,5614000
2024-04-29,Norte,Arica,-18.488096623809415,-70.31516327345246,58,247552
2023-03-11,Norte,Antofagasta,-23.647367847784082,-70.41244338539434,106,425725
2023-04-13,Norte,Iquique,-20.22933734808611,-70.13621158871756,38,191468
2024-05-14,Sur,Concepcion,-36.82646788601619,-73.03672207666045,56,223574
2023-05-05,Centro,Santiago,-33.43340557869052,-70.67686792442154,1200,5614000
2024-01-13,Norte,Arica,-18.482555342517525,-70.31099848594503,51,247552
2024-08-14,Centro,Rancagua,-34.15769816608913,-70.73866404644174,51,232211
2023-09-15,Norte,Antofagasta,-23.658959165099493,-70.3887533310842,80,425725
2024-10-15,Centro,Valparaiso,-33.046680398148425,-71.6081884432584,54,296655
2023-09-14,Norte,Antofagasta,-23.660033931504106,-70.38997350173148,74,425725
2023-01-30,Centro,Rancagua,-34.155245393633216,-70.76958891372307,47,232211
2023-01-02,Centro,Rancagua,-34.186679815748896,-70.74210804861865,53,232211
2024-04-12,Sur,Temuco,-38.72193441847262,-72.59113190532669,59,282415
2024-01-11,Centro,Valparaiso,-33.03937679251168,-71.62866710874121,64,296655
2024-10-12,Centro,Valparaiso,-33.04232346529786,-71.60411695042971,55,296655
2023-06-06,Norte,Antofagasta,-23.657702477732997,-70.39779636347565,91,425725
2023-03-22,Norte,Arica,-18.476482669553977,-70.28033215307825,63,247552
2024-11-14,Norte,Arica,-18.47261203556626,-70.29538465052777,51,247552
2023-02-11,Sur,Temuco,-38.75606585792025,-72.57838478585269,54,282415
2023-05-12,Sur,Temuco,-38.71959945615158,-72.57876350012488,60,282415
2023-12-05,Centro,Rancagua,-34.159216065981056,-70.74102224715949,54,232211
2023-01-17,Centro,Santiago,-33.456300831825814,-70.66284549692601,1146,5614000
2023-01-30,Sur,PuertoMontt,-41.48248369459239,-72.93319000792714,49,245902
2024-03-25,Centro,Rancagua,-34.16770620162834,-70.75041595759322,42,232211
2023-07-18,Sur,Concepcion,-36.80204226421768,-73.06671952534785,44,223574
2023-01-28,Norte,Arica,-18.481748155433934,-70.29777216515026,39,247552
2024-11-17,Norte,Antofagasta,-23.64876141873889,-70.40850182536157,98,425725
2024-04-27,Sur,Temuco,-38.72705536197998,-72.5939453464255,59,282415
2024-07-05,Centro,Santiago,-33.45809145313771,-70.67584084603592,1178,5614000
2023-01-14,Centro,Santiago,-33.458912018266474,-70.67410060751676,1098,5614000
2024-11-10,Sur,PuertoMontt,-41.46888053001357,-72.94214424684249,50,245902
2023-04-19,Centro,Valparaiso,-33.054010689808514,-71.5979257632497,49,296655
2023-05-24,Centro,Valparaiso,-33.062483147758705,-71.59868893352164,56,296655
2024-05-30,Norte,Arica,-18.475540035554786,-70.32279446560524,55,247552
2024-09-09,Norte,Arica,-18.471825101142826,-70.30288763230155,45,247552
2024-02-11,Norte,Iquique,-20.228749084624607,-70.13604357294274,31,191468
2024-07-04,Norte,Iquique,-20.22751107872878,-70.14936925970649,25,191468
2024-02-21,Sur,PuertoMontt,-41.45090217356216,-72.92905021515459,60,245902
2024-04-09,Norte,Antofagasta,-23.635145201919915,-70.39347239208537,83,425725
2023-05-25,Centro,Rancagua,-34.16222322125047,-70.74017905871506,47,232211
2024-11-27,Sur,Concepcion,-36.806617796339104,-73.0436095154934,39,223574
2023-03-19,Sur,Temuco,-38.72354613293075,-72.58824451800663,51,282415
2023-06-10,Norte,Antofagasta,-23.63571064147901,-70.39506661047609,82,425725
2023-11-19,Sur,PuertoMontt,-41.46977877875609,-72.92853347059905,60,245902
2024-10-18,Centro,Rancagua,-34.16233301831904,-70.73260426555753,40,232211
2023-06-16,Sur,Concepcion,-36.83384236789304,-73.04196730289624,48,223574
2024-10-22,Norte,Iquique,-20.22489111858817,-70.13220428270081,41,191468
2024-06-15,Norte,Iquique,-20.231398612403474,-70.13711319308615,41,191468
2023-03-09,Centro,Santiago,-33.45106734692198,-70.66786337532108,1099,5614000
2024-08-09,Centro,Santiago,-33.44149340152948,-70.64841475149665,1120,5614000
2023-01-30,Centro,Valparaiso,-33.055782337544215,-71.62015232832258,56,296655
2023-09-12,Sur,Temuco,-38.72518897348802,-72.59479893343335,66,282415
2023-05-08,Centro,Valparaiso,-33.04738409213931,-71.61327266609705,60,296655
2024-07-18,Sur,Concepcion,-36.85545629465168,-73.03854240100249,48,223574
2023-12-20,Norte,Iquique,-20.241140032380873,-70.13693779858316,27,191468
2024-08-02,Norte,Iquique,-20.236307384114667,-70.12612201926702,33,191468
2024-02-07,Centro,Rancagua,-34.168195566413516,-70.74965625364925,39,232211
2023-01-16,Centro,Santiago,-33.445577606812684,-70.6987748186734,1134,5614000
2024-04-28,Norte,Arica,-18.47539234340693,-70.31354769075305,45,247552
2023-03-24,Sur,PuertoMontt,-41.481878269875544,-72.93360426758389,57,245902
2023-10-08,Norte,Iquique,-20.240311963621522,-70.12554995196764,42,191468
2024-10-24,Sur,PuertoMontt,-41.47274054218608,-72.93863803225544,48,245902
2024-04-18,Sur,Temuco,-38.73067608071118,-72.57873723081111,60,282415
2024-11-12,Sur,Concepcion,-36.83168490358765,-73.05102700509487,34,223574
2024-06-15,Sur,Concepcion,-36.830523332547216,-73.04358581549846,35,223574
2023-05-05,Sur,PuertoMontt,-41.46381589704904,-72.93890450631292,43,245902
2023-10-29,Sur,PuertoMontt,-41.479698254713334,-72.93227780436817,43,245902
2024-09-09,Norte,Arica,-18.49275114331487,-70.30727651239798,51,247552
2023-06-19,Sur,PuertoMontt,-41.472688887435346,-72.93973418447088,46,245902
2023-08-31,Centro,Valparaiso,-33.053348773602394,-71.62933161991894,61,296655
2024-11-05,Norte,Arica,-18.495020243341052,-70.32294307426064,54,247552
2023-08-20,Centro,Valparaiso,-33.06707013760864,-71.61355235279545,60,296655
2024-09-02,Norte,Iquique,-20.225055314402066,-70.13398935277864,33,191468
2023-02-18,Norte,Iquique,-20.21645077494812,-70.1368122820818,39,191468
2023-04-21,Norte,Antofagasta,-23.65800267324655,-70.38691814990031,85,425725
2024-08-22,Centro,Rancagua,-34.177504381412426,-70.74635285793087,62,232211
2024-09-11,Sur,Concepcion,-36.82429663633807,-73.02590491148054,47,223574
2023-04-30,Centro,Rancagua,-34.170508389293474,-70.73395429182058,43,232211
2023-08-18,Norte,Arica,-18.47065436389815,-70.3201372106114,43,247552
2023-09-28,Sur,Concepcion,-36.82642329331053,-73.06353254584849,48,223574
2024-11-25,Sur,Temuco,-38.72070717926397,-72.59674313402891,53,282415
2023-11-14,Sur,Concepcion,-36.85013779956436,-73.04628369316153,51,223574
2024-01-15,Norte,Antofagasta,-23.639845312159643,-70.41628112188403,90,425725
2023-09-26,Sur,Temuco,-38.732321415997966,-72.597222909158,42,282415
2024-01-14,Centro,Valparaiso,-33.05035288346841,-71.60717590704981,62,296655
2023-11-29,Centro,Rancagua,-34.168635961015426,-70.73752188205737,58,232211
2023-08-11,Centro,Santiago,-33.44779686233349,-70.66490481727281,1144,5614000
2023-11-13,Norte,Iquique,-20.23680714038303,-70.13491044620145,45,191468
2024-02-12,Centro,Rancagua,-34.186016171433934,-70.7557090055765,45,232211
2023-09-07,Norte,Antofagasta,-23.63757431158603,-70.39642123515442,106,425725
2024-02-06,Centro,Valparaiso,-33.057113509541324,-71.60019988077941,45,296655
2024-10-05,Centro,Santiago,-33.44434514400232,-70.6708401738163,1104,5614000
2023-11-23,Centro,Rancagua,-34.1663244157068,-70.73402793424373,41,232211
2023-08-15,Sur,Concepcion,-36.84545160226642,-73.04354374185266,35,223574
2023-12-07,Centro,Santiago,-33.4440303715481,-70.67651980471683,1104,5614000
2024-10-10,Norte,Arica,-18.490340321046613,-70.3243343421027,51,247552
2023-03-03,Norte,Arica,-18.492109412655136,-70.29495413080066,53,247552
2024-01-13,Centro,Rancagua,-34.18046527088571,-70.75440394387473,40,232211
2023-05-30,Norte,Arica,-18.48959437029179,-70.30617985294906,61,247552
2024-03-12,Sur,PuertoMontt,-41.475856082566594,-72.95066772862647,37,245902
2023-10-28,Norte,Iquique,-20.22608602223361,-70.13520719127725,39,191468
2024-06-23,Norte,Iquique,-20.208151224739893,-70.15144172500241,46,191468
2023-08-13,Sur,PuertoMontt,-41.47840838956701,-72.93945345717037,51,245902
2023-11-02,Sur,Temuco,-38.73691267318725,-72.58537918241542,54,282415
2024-06-26,Norte,Iquique,-20.241633603727806,-70.1184692019934,34,191468
2024-06-24,Norte,Iquique,-20.22774275619815,-70.12672061129491,40,191468
2023-05-01,Sur,PuertoMontt,-41.46606645889362,-72.94053620718864,38,245902
2023-02-11,Norte,Iquique,-20.244981096023402,-70.14896027344479,25,191468
2024-02-15,Sur,Concepcion,-36.845680993108246,-73.04269011946538,47,223574
2024-01-05,Sur,Temuco,-38.75114168696484,-72.5797391548105,54,282415
2023-05-08,Centro,Valparaiso,-33.05205076516577,-71.60277699894357,57,296655
2023-03-16,Sur,Temuco,-38.745697100525476,-72.59196541992506,45,282415
2023-03-22,Norte,Iquique,-20.22987593347872,-70.12988925106137,29,191468
2024-12-02,Sur,Concepcion,-36.827170718567906,-73.05293338818234,43,223574
2023-08-24,Norte,Iquique,-20.225331769238775,-70.11865775566,45,191468
2024-06-06,Norte,Arica,-18.473464162731762,-70.31604777560237,51,247552
2024-10-27,Centro,Santiago,-33.45772366480479,-70.65428673982277,1166,5614000
2023-03-28,Centro,Valparaiso,-33.05904082446856,-71.60752738861896,56,296655
2023-12-28,Centro,Rancagua,-34.18088668538156,-70.75046916562536,41,232211
2023-03-10,Centro,Rancagua,-34.16861397518419,-70.74851369021101,44,232211
2024-05-04,Centro,Santiago,-33.4491070037422,-70.6613178126053,1154,5614000
2024-05-18,Norte,Arica,-18.494560159474126,-70.31797834906389,49,247552
2023-12-31,Centro,Valparaiso,-33.019390234389114,-71.60882034309881,61,296655
2023-05-24,Sur,PuertoMontt,-41.476159480099014,-72.94188822241456,48,245902
2023-09-23,Sur,Concepcion,-36.813215109726436,-73.04431617721892,48,223574
2024-07-28,Centro,Rancagua,-34.17290516957408,-70.74632204807055,53,232211
2024-10-22,Norte,Iquique,-20.22231202319639,-70.13854469486049,31,191468
2024-11-15,Norte,Iquique,-20.25797953407569,-70.13722813563757,34,191468
2024-11-30,Norte,Iquique,-20.250709141109567,-70.14730965046428,40,191468
2023-02-27,Norte,Arica,-18.477194331343494,-70.31350862748256,51,247552
2023-07-29,Centro,Santiago,-33.455118888317436,-70.66348119256087,1121,5614000
2024-08-31,Norte,Iquique,-20.233928524500488,-70.13847855880609,44,191468
2024-12-20,Norte,Antofagasta,-23.653665953850737,-70.40209284791939,93,425725
2023-02-23,Centro,Rancagua,-34.164457079306715,-70.74942660295011,47,232211
2023-11-01,Sur,PuertoMontt,-41.47576460971762,-72.93427614350318,42,245902
2023-03-06,Sur,Temuco,-38.73912380032945,-72.58005293626093,57,282415
2023-10-29,Centro,Santiago,-33.43922075296095,-70.67566225477698,1114,5614000
2024-01-01,Sur,Concepcion,-36.839729566614004,-73.06023021928054,36,223574
2023-08-21,Centro,Santiago,-33.44497746941321,-70.67867283708335,1143,5614000
2023-03-05,Sur,Temuco,-38.757720074739346,-72.60058648234399,67,282415
2023-08-09,Sur,PuertoMontt,-41.472450674140134,-72.94392674493317,54,245902
2023-07-08,Norte,Iquique,-20.212240525826218,-70.13592380756243,37,191468
2023-11-24,Centro,Valparaiso,-33.0459252885102,-71.61894571059099,50,296655
2024-03-31,Norte,Antofagasta,-23.64814776813672,-70.40377075590814,102,425725
2024-02-17,Sur,Temuco,-38.73905671021049,-72.59467172266962,58,282415
2023-05-13,Norte,Antofagasta,-23.636864648832216,-70.39509996068415,94,425725
2023-02-16,Sur,PuertoMontt,-41.47022411600573,-72.94629145354486,47,245902
2023-09-30,Sur,Concepcion,-36.82026404879369,-73.02984989563882,37,223574
2024-03-29,Norte,Iquique,-20.218044845561085,-70.14429668749287,41,191468
2024-10-08,Sur,Temuco,-38.73291276800475,-72.57378845678966,51,282415
2024-01-15,Norte,Iquique,-20.22730919478774,-70.14868260950315,38,191468
2023-07-26,Sur,PuertoMontt,-41.45546030431301,-72.92712424524447,38,245902
2024-08-31,Sur,Concepcion,-36.8330625392611,-73.05580228664776,49,223574
2023-09-08,Sur,Concepcion,-36.83801457773381,-73.05318154553399,43,223574
2024-10-20,Sur,PuertoMontt,-41.47561591547372,-72.94307706015194,52,245902
2023-08-23,Centro,Rancagua,-34.176871274855195,-70.7496310281087,50,232211
2023-03-03,Sur,PuertoMontt,-41.48563782467807,-72.92533998060625,62,245902
2024-06-15,Sur,Temuco,-38.724757404578455,-72.58692761415642,61,282415
2024-10-19,Sur,PuertoMontt,-41.47619475641946,-72.94122235175742,44,245902
2024-10-04,Centro,Valparaiso,-33.04105835249137,-71.62568254780402,59,296655
2023-06-02,Norte,Antofagasta,-23.65246253740556,-70.38871584760257,82,425725
2023-12-24,Norte,Iquique,-20.23599214693026,-70.13826081614812,43,191468
2024-09-29,Norte,Antofagasta,-23.65111383553102,-70.40182701578352,79,425725
2023-02-04,Norte,Antofagasta,-23.664824074504438,-70.39409971732795,71,425725
2024-10-15,Centro,Rancagua,-34.19892932329881,-70.73899717424719,56,232211
2023-06-03,Centro,Valparaiso,-33.053474677563216,-71.62569958685661,61,296655
2023-03-16,Sur,Concepcion,-36.820759032559145,-73.04281710340794,48,223574
2024-09-14,Centro,Valparaiso,-33.04307664335641,-71.62987603938537,66,296655
2023-10-30,Sur,Temuco,-38.734255492716656,-72.5979373370544,37,282415
2023-05-17,Centro,Valparaiso,-33.06425749788177,-71.60870741570636,69,296655
2023-07-30,Centro,Valparaiso,-33.03712896240744,-71.60112355069937,61,296655
2024-09-14,Centro,Santiago,-33.45849527605988,-70.66227945975963,1119,5614000
2023-12-23,Norte,Iquique,-20.232133577411016,-70.12245609466154,24,191468
2023-07-28,Sur,Concepcion,-36.82691323041436,-73.03554313588697,45,223574
2023-05-28,Sur,Concepcion,-36.830201574455394,-73.04671421728037,40,223574
2023-12-09,Norte,Iquique,-20.229201662230274,-70.11646069409369,48,191468
2024-01-23,Sur,PuertoMontt,-41.46226721943244,-72.9479109075302,52,245902
2024-02-22,Sur,Concepcion,-36.82036758493478,-73.03970649382742,44,223574
2024-02-17,Sur,Concepcion,-36.83788471576723,-73.05406452893585,43,223574
2024-08-23,Sur,Temuco,-38.72579407611673,-72.59195665408973,56,282415
2024-09-12,Sur,Concepcion,-36.836416302747594,-73.05090176606092,49,223574
2024-01-16,Norte,Antofagasta,-23.65963616571086,-70.40406839924543,89,425725
2023-05-18,Centro,Valparaiso,-33.04026569278535,-71.61027120196044,68,296655
2024-06-30,Sur,PuertoMontt,-41.46421040847669,-72.93490568795306,48,245902
2023-01-17,Centro,Valparaiso,-33.04616331803658,-71.6262647090206,67,296655
2023-12-05,Centro,Valparaiso,-33.02527795292345,-71.59188558925884,61,296655
2023-01-04,Norte,Arica,-18.484132656852317,-70.29694118486248,43,247552
2023-04-16,Sur,Temuco,-38.75399502561568,-72.5901592277125,60,282415
2023-07-02,Norte,Arica,-18.477556471388247,-70.30396944190048,60,247552
2024-08-09,Norte,Antofagasta,-23.64797899077982,-70.38403455584725,91,425725
2024-12-12,Norte,Antofagasta,-23.648738397164237,-70.40200592928683,86,425725
2023-08-08,Centro,Valparaiso,-33.06512766619704,-71.62657946226564,63,296655
2024-11-26,Centro,Santiago,-33.459808102877396,-70.6777994025744,1068,5614000
2024-08-17,Centro,Santiago,-33.445226924993925,-70.65543218437051,1166,5614000
2024-09-17,Norte,Iquique,-20.2253265971007,-70.12943445622585,27,191468
2023-12-06,Centro,Rancagua,-34.17226979235457,-70.74848142770544,45,232211
2024-05-16,Sur,Temuco,-38.759480989062844,-72.57161992027274,58,282415
2024-08-16,Sur,PuertoMontt,-41.47097569134105,-72.93911745729747,61,245902
2024-03-15,Sur,PuertoMontt,-41.475723803639355,-72.93488296206499,49,245902
2023-05-08,Norte,Antofagasta,-23.643352068084,-70.41318444289027,72,425725
2024-12-09,Norte,Arica,-18.46318795813566,-70.31267353642093,39,247552
2024-03-31,Norte,Arica,-18.463621809617557,-70.3073068358187,35,247552
2023-05-03,Centro,Valparaiso,-33.0441748755704,-71.61914350650594,55,296655
2023-09-21,Centro,Santiago,-33.456395321248166,-70.64965732971014,1200,5614000
2023-12-03,Norte,Antofagasta,-23.646320905668773,-70.40105932388317,75,425725
2024-05-07,Sur,Temuco,-38.74082527889338,-72.58908591848328,56,282415
2023-02-14,Norte,Arica,-18.47772784463886,-70.32150051704456,49,247552
2024-10-11,Centro,Rancagua,-34.17707091432759,-70.75443041654341,36,232211
2023-07-29,Sur,PuertoMontt,-41.488372854234456,-72.93728521118413,54,245902
2023-03-22,Centro,Santiago,-33.45592597454685,-70.66413068481198,1094,5614000
2024-08-15,Sur,PuertoMontt,-41.48351525543062,-72.91553650894515,60,245902
2023-03-09,Sur,Temuco,-38.72642162785903,-72.5881495099293,47,282415
2023-03-18,Centro,Santiago,-33.42967555551208,-70.66950170113287,1194,5614000
2023-01-12,Centro,Rancagua,-34.187520170631274,-70.75609080844657,42,232211
2023-03-25,Sur,Concepcion,-36.833299277337304,-73.03710206610823,41,223574
2024-08-17,Sur,PuertoMontt,-41.47342811097153,-72.93639778972829,48,245902
2023-01-04,Centro,Valparaiso,-33.04087428323049,-71.62672262939502,58,296655
2024-03-30,Norte,Antofagasta,-23.649677647499043,-70.40384070427756,109,425725
2024-01-02,Norte,Iquique,-20.22529172591692,-70.13960932311639,30,191468
2024-10-29,Sur,PuertoMontt,-41.459219582583096,-72.91549615569187,60,245902
2024-01-01,Centro,Valparaiso,-33.044388580014015,-71.61137272401591,52,296655
2023-09-17,Norte,Iquique,-20.228654607462826,-70.12765779841031,45,191468
2023-03-23,Centro,Rancagua,-34.15764462845205,-70.74270247583044,46,232211
2024-01-10,Norte,Antofagasta,-23.643846638019834,-70.41122834405421,76,425725
2024-04-11,Norte,Iquique,-20.22782768354771,-70.12643894304163,48,191468
2024-03-28,Norte,Antofagasta,-23.641657999501817,-70.37825250209359,82,425725
2023-09-22,Norte,Antofagasta,-23.645628195892332,-70.38557386876231,80,425725
2024-08-17,Centro,Rancagua,-34.15665621510691,-70.74932453121426,49,232211
2024-07-10,Sur,Concepcion,-36.81064980407438,-73.04381706076629,48,223574
2024-04-21,Norte,Antofagasta,-23.64870928091107,-70.41219698791271,91,425725
2024-03-17,Norte,Antofagasta,-23.654350063877597,-70.39602011675495,74,425725
2024-02-02,Centro,Valparaiso,-33.03427777807426,-71.6139641374115,56,296655
2023-02-15,Norte,Arica,-18.480941724062486,-70.33528697085855,55,247552
2023-12-19,Norte,Antofagasta,-23.652324719695763,-70.3911838994377,85,425725
2024-12-11,Sur,Temuco,-38.72860487014555,-72.59092146879651,70,282415
2024-01-07,Sur,PuertoMontt,-41.4666112094647,-72.9352099144427,41,245902
2023-09-16,Sur,Temuco,-38.74904220125453,-72.59727899830567,45,282415
2023-03-17,Centro,Rancagua,-34.16538497891679,-70.7356143947899,46,232211
2024-08-14,Centro,Valparaiso,-33.05226289213107,-71.60618940985235,71,296655
2023-05-23,Sur,Temuco,-38.748228103363324,-72.58429230089591,47,282415
2024-07-09,Centro,Valparaiso,-33.05785163268812,-71.61244694456755,56,296655
2023-09-12,Sur,Temuco,-38.73290507405324,-72.59709135659216,65,282415
2023-07-28,Centro,Rancagua,-34.165992481913804,-70.7291207774477,42,232211
2023-10-23,Sur,Concepcion,-36.82777114137692,-73.01807903496815,30,223574
2024-12-27,Centro,Rancagua,-34.172546142117305,-70.74893631049225,35,232211
2023-10-30,Norte,Antofagasta,-23.651413596709055,-70.4191267916528,106,425725
2024-12-07,Centro,Santiago,-33.45461304314032,-70.67862548763127,1152,5614000
2024-10-02,Norte,Iquique,-20.24168713655253,-70.1322548984185,44,191468
2023-07-26,Centro,Santiago,-33.453503959734114,-70.66019183791295,1131,5614000
2023-06-19,Centro,Santiago,-33.444872567868444,-70.69433098415797,1083,5614000
2023-12-08,Norte,Iquique,-20.22488100496418,-70.13934608300171,40,191468
2023-02-04,Sur,PuertoMontt,-41.474133476504925,-72.9349776700054,54,245902
2023-09-07,Sur,Concepcion,-36.82862882055337,-73.04717167253982,51,223574
2023-08-18,Centro,Santiago,-33.44142799173658,-70.67739358201867,1086,5614000
2023-07-21,Sur,PuertoMontt,-41.45563873331,-72.94397310506996,48,245902
2023-06-28,Sur,PuertoMontt,-41.46884168163267,-72.92727687182801,42,245902
2024-05-14,Sur,Temuco,-38.73223328349043,-72.58535920688908,55,282415
2023-03-22,Norte,Iquique,-20.248058216028674,-70.14869293760198,35,191468
2024-06-16,Centro,Valparaiso,-33.04177875663346,-71.60998223347022,73,296655
2024-11-30,Centro,Valparaiso,-33.04693956047581,-71.5976430389508,58,296655
2024-03-04,Norte,Arica,-18.47488315614166,-70.31879423870265,54,247552
2024-12-05,Sur,PuertoMontt,-41.462101474365525,-72.93298697720194,48,245902
2024-07-19,Norte,Iquique,-20.234313352503452,-70.1383205186919,48,191468
2023-06-13,Norte,Iquique,-20.229686316328305,-70.12805655421008,38,191468
2024-01-05,Centro,Rancagua,-34.157435001401666,-70.75152391028664,44,232211
2024-11-18,Centro,Valparaiso,-33.059452640416836,-71.6157936405945,61,296655
2023-08-04,Sur,Concepcion,-36.806457050997615,-73.05764547082246,47,223574
2023-08-07,Norte,Iquique,-20.243733714906828,-70.13295494163081,33,191468
2024-02-10,Sur,Concepcion,-36.82342769692993,-73.04954513373127,48,223574
2023-08-22,Sur,Temuco,-38.74024213998529,-72.57804662532286,57,282415
2023-05-22,Sur,PuertoMontt,-41.47545870948278,-72.94882575178237,46,245902
2023-10-27,Norte,Iquique,-20.21892610515666,-70.15323742169562,40,191468
2024-03-16,Norte,Iquique,-20.227165636186673,-70.13346438629955,38,191468
2024-02-24,Centro,Santiago,-33.429774706691965,-70.65287778936118,1072,5614000
2023-03-03,Centro,Valparaiso,-33.030934089543564,-71.60749420615021,63,296655
2023-08-28,Norte,Antofagasta,-23.64287370595574,-70.37752966921087,78,425725
2023-03-10,Norte,Arica,-18.478327101090613,-70.29028815740926,46,247552
2023-01-21,Norte,Antofagasta,-23.6424277431099,-70.3908345663818,73,425725
2024-03-02,Centro,Valparaiso,-33.02850092238382,-71.602300273897,69,296655
2024-07-15,Sur,Concepcion,-36.824843365673395,-73.03934482206871,46,223574
2024-10-28,Norte,Iquique,-20.238752356180004,-70.14590043936728,41,191468
2024-10-12,Sur,PuertoMontt,-41.46904849520463,-72.93644324596144,52,245902
2023-07-16,Sur,PuertoMontt,-41.470166392106755,-72.94680166716168,42,245902
2024-09-13,Sur,Temuco,-38.71543056814348,-72.59774021604757,49,282415
2024-06-24,Sur,Concepcion,-36.847001391572235,-73.05661924516977,41,223574
2023-10-07,Sur,Temuco,-38.73501957595094,-72.59252990247084,67,282415
2023-03-29,Centro,Valparaiso,-33.04643699646195,-71.61299669398188,67,296655
2023-07-23,Sur,PuertoMontt,-41.465713816664184,-72.92413569689664,54,245902
2024-02-24,Sur,Concepcion,-36.81190236737269,-73.05358995585571,40,223574
2023-11-11,Centro,Santiago,-33.441475318786615,-70.67373264114808,1108,5614000
2023-09-24,Sur,PuertoMontt,-41.46521651766799,-72.94634301396361,66,245902
2024-11-13,Sur,PuertoMontt,-41.473575764693955,-72.92747510770042,42,245902
2023-08-10,Norte,Iquique,-20.24676001616031,-70.1314580625562,29,191468
2024-04-07,Norte,Iquique,-20.23526165474283,-70.13605622622278,46,191468
2024-01-23,Centro,Valparaiso,-33.03233308381866,-71.62033082955551,60,296655
2024-06-09,Centro,Santiago,-33.45706580838669,-70.66863344527293,1096,5614000
2023-01-14,Centro,Santiago,-33.441568421457994,-70.68567191328911,1102,5614000
2024-03-13,Sur,Temuco,-38.7292067550927,-72.59510548597488,50,282415
2024-06-15,Centro,Santiago,-33.46744376737187,-70.67942025257656,1071,5614000
2023-05-15,Centro,Rancagua,-34.170170065235276,-70.75121636123366,45,232211
2023-10-30,Centro,Valparaiso,-33.047983474050596,-71.61114709098318,59,296655
2023-08-10,Sur,Concepcion,-36.82313734551307,-73.07327247491844,43,223574
2023-04-15,Norte,Iquique,-20.22699123893491,-70.12320924961577,39,191468
2023-10-27,Norte,Arica,-18.488053030189832,-70.30524343179479,54,247552
2023-05-21,Norte,Iquique,-20.218660619214198,-70.1282163562157,31,191468
2024-05-19,Centro,Valparaiso,-33.04932523104071,-71.59258986668202,56,296655
2023-11-17,Centro,Santiago,-33.43845106270609,-70.66627601001557,1189,5614000
2024-08-08,Centro,Valparaiso,-33.04129131635121,-71.61829552229506,61,296655
2023-10-10,Centro,Rancagua,-34.170529177098125,-70.74358144762657,54,232211
2024-04-24,Norte,Arica,-18.472929639007834,-70.31576784338064,45,247552
2024-09-30,Centro,Santiago,-33.44079021320357,-70.67431643053375,1134,5614000
2023-05-31,Centro,Rancagua,-34.15520401985752,-70.75881797303023,58,232211
2023-04-25,Norte,Antofagasta,-23.65622098505972,-70.39467089207676,80,425725
2024-07-20,Norte,Arica,-18.497919746493587,-70.30917958292511,53,247552
2024-09-14,Centro,Valparaiso,-33.04856959696357,-71.61049287860394,68,296655
2024-12-19,Norte,Antofagasta,-23.655200484060742,-70.39703738432154,91,425725
2023-05-21,Sur,PuertoMontt,-41.46421084551771,-72.9448986768539,51,245902
2023-06-11,Centro,Santiago,-33.4466974395878,-70.66557725419827,1185,5614000
2024-11-12,Sur,PuertoMontt,-41.48507739273036,-72.92468005060417,50,245902
2023-03-24,Norte,Iquique,-20.213533172991056,-70.11250156917698,36,191468
2023-08-13,Sur,Concepcion,-36.82579901895009,-73.03746808092268,36,223574
2023-07-28,Norte,Arica,-18.458690651887224,-70.30467769767198,46,247552
2024-09-10,Norte,Arica,-18.48090903975556,-70.32259283549675,45,247552
2024-07-22,Norte,Iquique,-20.228627924702263,-70.14262680759151,32,191468
2023-02-16,Centro,Rancagua,-34.17856483504923,-70.748785248232,49,232211
2024-09-14,Centro,Santiago,-33.44594007765463,-70.66063065000591,1156,5614000
2023-08-31,Sur,Concepcion,-36.83395245375636,-73.04333509298257,32,223574
2023-07-09,Norte,Antofagasta,-23.64266613524987,-70.40179430131626,118,425725
2023-09-16,Centro,Valparaiso,-33.0463324259701,-71.62123009889353,52,296655
2024-07-04,Sur,Temuco,-38.725102469824954,-72.58491944324022,62,282415
2023-07-09,Norte,Arica,-18.49562344917827,-70.31213059261682,55,247552
2023-12-08,Norte,Iquique,-20.214893663749983,-70.14554691362237,33,191468
2024-11-07,Sur,Temuco,-38.74577728051059,-72.5863175588586,54,282415
2024-08-03,Centro,Rancagua,-34.17213007142732,-70.76106328511699,49,232211
2023-09-05,Sur,Concepcion,-36.824442084077646,-73.05662433857199,39,223574
2024-06-18,Centro,Valparaiso,-33.04773195818225,-71.61266634076902,57,296655
2023-06-27,Norte,Antofagasta,-23.654506297217782,-70.39806878959241,86,425725
2023-08-26,Centro,Rancagua,-34.1538492177954,-70.73882438183543,41,232211
2023-08-13,Norte,Antofagasta,-23.629977229467208,-70.38531872444287,68,425725
2024-11-15,Norte,Arica,-18.49197321981161,-70.31541057311948,46,247552
2024-12-13,Centro,Valparaiso,-33.04477322595169,-71.6316434545579,69,296655
2023-10-13,Centro,Rancagua,-34.157795197466896,-70.7606734408452,47,232211
2023-07-03,Norte,Antofagasta,-23.646079435009117,-70.40795576189491,93,425725
2024-09-01,Centro,Santiago,-33.43937489135604,-70.64868991373274,1145,5614000
2024-10-30,Norte,Arica,-18.475619764282932,-70.31613314742707,37,247552
2023-04-18,Sur,Concepcion,-36.83017579177906,-73.04541902835403,44,223574
2024-11-06,Norte,Antofagasta,-23.65045930469187,-70.40097867432344,83,425725
2024-08-02,Norte,Iquique,-20.230995011873436,-70.13807600896244,50,191468
2024-05-15,Sur,PuertoMontt,-41.461820178764604,-72.95701674764935,51,245902
2023-02-06,Norte,Iquique,-20.23515747207213,-70.14988959390125,35,191468
2024-04-20,Norte,Arica,-18.471780431555366,-70.30467265775131,51,247552
2023-10-01,Norte,Arica,-18.476879739306455,-70.30512041009149,51,247552
2023-01-19,Norte,Iquique,-20.215726964220156,-70.128675255629,45,191468
2024-06-01,Centro,Santiago,-33.432858961492826,-70.66085022181676,1148,5614000
2024-05-09,Centro,Valparaiso,-33.04791646519178,-71.61576224833067,52,296655
2024-10-08,Sur,PuertoMontt,-41.462112702267866,-72.93428178048288,36,245902
2024-11-25,Centro,Valparaiso,-33.048755807464495,-71.61374504858344,58,296655
2024-04-30,Centro,Rancagua,-34.17425277103984,-70.73085022405553,49,232211
2023-10-16,Norte,Iquique,-20.240454987403307,-70.14276508888551,35,191468
2023-03-27,Sur,Concepcion,-36.84637396522324,-73.06136199234773,62,223574
2024-10-02,Sur,PuertoMontt,-41.45227342733607,-72.94373781273295,50,245902
2024-07-28,Sur,PuertoMontt,-41.49100855744228,-72.95991182611016,51,245902
2023-09-24,Norte,Iquique,-20.23645434941948,-70.1542073674625,31,191468
2023-06-05,Sur,Temuco,-38.74766699000576,-72.58291135798504,50,282415
2023-08-02,Centro,Santiago,-33.46018860575815,-70.65815068134292,1116,5614000
2024-01-27,Norte,Iquique,-20.228872536447405,-70.12669866116212,28,191468
2024-02-15,Sur,Temuco,-38.73126071391324,-72.57337710174824,54,282415
2023-04-14,Sur,Concepcion,-36.82053583115803,-73.05201842949917,39,223574
2023-05-22,Norte,Antofagasta,-23.647746220714765,-70.405339319835,73,425725
2023-12-21,Centro,Rancagua,-34.183887478548115,-70.75660670731952,49,232211
2024-11-05,Sur,PuertoMontt,-41.47236191203679,-72.94443824008201,40,245902
2024-05-06,Centro,Valparaiso,-33.03401452199678,-71.61659902582906,62,296655
2023-11-12,Sur,PuertoMontt,-41.475858850221265,-72.93849332014179,44,245902
2024-03-22,Centro,Santiago,-33.46239931369637,-70.6572012725129,1124,5614000
2024-12-01,Centro,Valparaiso,-33.03079164350294,-71.61452000507322,62,296655
2023-01-27,Centro,Santiago,-33.453901099224545,-70.68723131354699,1139,5614000
2023-12-07,Sur,PuertoMontt,-41.468135717496125,-72.92972704258025,57,245902
2023-11-29,Centro,Valparaiso,-33.0468524661557,-71.60977270269922,59,296655
2023-09-19,Sur,Concepcion,-36.81275693828907,-73.04756364065734,51,223574
2024-05-01,Sur,Temuco,-38.73787108152197,-72.58540620771973,66,282415
2023-03-26,Sur,Concepcion,-36.82212803530328,-73.03891639536128,42,223574
2024-02-17,Centro,Valparaiso,-33.03451111339042,-71.60735815411938,53,296655
2023-12-16,Norte,Iquique,-20.216943921055734,-70.13530287038725,43,191468
2024-04-29,Centro,Santiago,-33.45989195139327,-70.67164717491733,1099,5614000
2023-04-29,Centro,Rancagua,-34.165201753671425,-70.74414664438456,54,232211
2024-11-15,Norte,Arica,-18.47580386934561,-70.30708938961627,45,247552
2023-01-29,Sur,PuertoMontt,-41.46619210976939,-72.92905673081805,53,245902
2024-12-18,Norte,Antofagasta,-23.6660608873218,-70.39921963259224,78,425725
2023-09-30,Norte,Antofagasta,-23.664824822257483,-70.39186833446085,104,425725
2024-09-10,Centro,Rancagua,-34.17037015473016,-70.7578227523616,39,232211
2024-05-28,Norte,Arica,-18.47305139475907,-70.32461500096501,42,247552
2024-12-13,Centro,Santiago,-33.45193297532669,-70.65047970910904,1119,5614000
2024-03-16,Centro,Santiago,-33.45952563324742,-70.65714632867474,1180,5614000
2024-08-22,Centro,Santiago,-33.460462442999955,-70.65846230061429,1110,5614000
2024-02-01,Centro,Valparaiso,-33.0491709174305,-71.60718373126348,63,296655
2023-06-16,Sur,Temuco,-38.72677998912334,-72.60011037638331,46,282415
2023-07-10,Sur,Concepcion,-36.821552490364844,-73.0460357334354,29,223574
2023-04-18,Sur,PuertoMontt,-41.4715928824653,-72.92657406850134,51,245902
2023-03-27,Sur,PuertoMontt,-41.48623076253917,-72.92764264888366,56,245902
2023-09-14,Sur,Temuco,-38.72774484756417,-72.58030052416025,51,282415
2023-02-03,Sur,PuertoMontt,-41.48321230242422,-72.93148970193909,53,245902
2024-11-03,Norte,Antofagasta,-23.665795548780476,-70.40887206293276,97,425725
2024-02-02,Norte,Iquique,-20.230832393681005,-70.13820784538524,41,191468
2023-11-24,Centro,Valparaiso,-33.033560438336494,-71.61232831623883,61,296655
2023-05-14,Centro,Rancagua,-34.17355022343132,-70.74823760265701,44,232211
2023-04-19,Sur,Concepcion,-36.81566037678895,-73.03194289428303,54,223574
2024-10-04,Centro,Rancagua,-34.17043296032273,-70.74337938813747,46,232211
2023-07-28,Centro,Valparaiso,-33.0630564145331,-71.61217417948076,55,296655
2024-02-05,Centro,Rancagua,-34.186356033111444,-70.75938243397512,52,232211
2024-11-25,Norte,Antofagasta,-23.648839381651637,-70.41732264355677,93,425725
2024-01-05,Norte,Antofagasta,-23.631972546765635,-70.39209619866024,81,425725
2023-02-14,Norte,Antofagasta,-23.652925318632654,-70.4013761516024,85,425725
2024-07-30,Norte,Antofagasta,-23.64265535877404,-70.39830132403706,92,425725
2024-04-14,Sur,Concepcion,-36.83006681767313,-73.05428570133998,47,223574
2023-05-15,Centro,Santiago,-33.45235315642812,-70.68234473391189,1160,5614000
2023-03-29,Norte,Iquique,-20.223430923045,-70.13016702291002,35,191468
2024-08-27,Norte,Iquique,-20.22256537912512,-70.1274236368916,49,191468
2024-08-17,Sur,Concepcion,-36.81580158259175,-73.08183791229065,47,223574
2024-06-12,Norte,Iquique,-20.231996333519447,-70.12351333560628,46,191468
2024-03-12,Norte,Antofagasta,-23.652888178939506,-70.41086223405723,84,425725
2024-07-09,Norte,Antofagasta,-23.646072692341974,-70.4204753952419,83,425725
2024-04-12,Norte,Antofagasta,-23.64772334927722,-70.41717039270159,81,425725
2023-09-08,Centro,Valparaiso,-33.041652288055836,-71.60140152578495,52,296655
2023-12-19,Norte,Arica,-18.474575906246965,-70.31003296079005,68,247552
2024-03-16,Sur,Temuco,-38.738136888360415,-72.60019528467383,53,282415
2024-08-03,Sur,PuertoMontt,-41.46505160339026,-72.92716325930611,52,245902
2023-03-19,Centro,Valparaiso,-33.04666338008717,-71.60929384063311,52,296655
2023-12-29,Norte,Antofagasta,-23.65906122479213,-70.39985536346572,104,425725
2024-11-19,Centro,Santiago,-33.453818915717854,-70.67958705972342,1108,5614000
2023-12-12,Sur,Concepcion,-36.817815500311355,-73.05372157777299,43,223574
2024-09-17,Norte,Antofagasta,-23.63044194769646,-70.42113217799572,84,425725
2024-04-24,Centro,Santiago,-33.45304111839057,-70.65312171063725,1196,5614000
2024-01-19,Sur,Concepcion,-36.81989080358984,-73.05116947366041,36,223574
2023-09-27,Sur,PuertoMontt,-41.48622479202841,-72.94592974738538,48,245902
2023-05-17,Norte,Arica,-18.46887723832317,-70.3209436315111,54,247552
2024-06-08,Norte,Iquique,-20.227367919603605,-70.14577495536331,45,191468
2023-05-13,Centro,Rancagua,-34.17570248365444,-70.73269780251235,53,232211
2023-10-20,Norte,Iquique,-20.218085111452513,-70.15672682993117,36,191468
2024-05-27,Norte,Arica,-18.4748125571726,-70.31021758505217,61,247552
2023-03-05,Norte,Iquique,-20.23224100432018,-70.12916968360992,45,191468
2023-12-28,Norte,Antofagasta,-23.64923615242654,-70.38832325559984,84,425725
2024-02-10,Norte,Antofagasta,-23.632790366257545,-70.40668238302624,80,425725
2023-08-21,Norte,Arica,-18.491437178381446,-70.31023294308635,45,247552
2023-04-11,Centro,Santiago,-33.45452984303045,-70.65507246789537,1055,5614000
2024-05-09,Centro,Santiago,-33.43680423181109,-70.66957549967445,1152,5614000
2024-12-17,Centro,Santiago,-33.45840442732178,-70.6832389490973,1144,5614000
2023-05-07,Centro,Santiago,-33.45455545919656,-70.67943070113647,1130,5614000
2024-06-02,Sur,PuertoMontt,-41.48910256391467,-72.93320957865895,45,245902
2023-09-13,Sur,Concepcion,-36.82980101111752,-73.04360865239536,61,223574
2023-08-27,Norte,Antofagasta,-23.648536823205873,-70.39294354979214,96,425725
2023-05-14,Centro,Santiago,-33.447327176485125,-70.66486871344809,1142,5614000
2023-04-27,Centro,Valparaiso,-33.05006434643117,-71.5998876976313,62,296655
2024-12-12,Sur,PuertoMontt,-41.46738114397939,-72.91841744391546,42,245902
2023-11-13,Norte,Arica,-18.47428514095369,-70.32353380547009,46,247552
2023-08-06,Centro,Rancagua,-34.15925374995718,-70.72772780233107,47,232211
2024-02-06,Centro,Valparaiso,-33.04947338157314,-71.60492743657171,67,296655
2023-01-13,Centro,Rancagua,-34.16927890674556,-70.73947900521199,46,232211
2024-01-18,Centro,Santiago,-33.43869524599108,-70.65152435104649,1093,5614000
2024-03-23,Norte,Antofagasta,-23.65585921493522,-70.40278262608375,82,425725
2023-01-03,Sur,PuertoMontt,-41.476517684548135,-72.92369900823122,53,245902
2024-12-14,Norte,Antofagasta,-23.658832958667837,-70.40597297859374,81,425725
2024-12-04,Sur,PuertoMontt,-41.48027998720885,-72.92248748143744,45,245902
2023-11-04,Norte,Arica,-18.46475429179013,-70.31420914364041,42,247552
2023-04-11,Sur,Concepcion,-36.82296963134573,-73.05976099341548,39,223574
2024-02-13,Norte,Iquique,-20.224655269435353,-70.13740806429269,44,191468
2024-01-09,Centro,Rancagua,-34.16703677546816,-70.74049576770818,45,232211
2023-12-12,Sur,Temuco,-38.740217658730685,-72.6094134933264,41,282415
2024-10-21,Sur,Concepcion,-36.82952592623714,-73.03866628501608,45,223574
2024-01-26,Norte,Antofagasta,-23.66614709307981,-70.41442408436733,71,425725
2023-05-04,Norte,Antofagasta,-23.652478567648195,-70.39850422378818,79,425725
2023-09-25,Sur,Concepcion,-36.836599683893255,-73.0473747153633,49,223574
2024-03-13,Norte,Antofagasta,-23.64802313947135,-70.39577810414225,79,425725
2023-06-17,Centro,Rancagua,-34.16241610010237,-70.74647523080318,59,232211
2023-11-01,Sur,PuertoMontt,-41.44887675245037,-72.93242169942582,71,245902
2023-05-19,Norte,Arica,-18.464917140523642,-70.32477391921186,39,247552
2024-12-12,Centro,Valparaiso,-33.057769360344324,-71.60394528967186,65,296655
2024-07-25,Norte,Arica,-18.457054598565726,-70.31897620415539,45,247552
2024-05-29,Norte,Arica,-18.45610789164437,-70.31314304288193,38,247552
2024-07-10,Norte,Arica,-18.478833716088374,-70.31674851242309,49,247552
2023-11-24,Norte,Arica,-18.47164455913913,-70.31994877702067,47,247552
2024-09-14,Centro,Santiago,-33.455762343009894,-70.66647516328766,1112,5614000
2023-02-03,Norte,Antofagasta,-23.655917778711036,-70.39245078709662,96,425725
2023-03-04,Sur,Temuco,-38.72507791788521,-72.61151892053377,66,282415
2024-01-18,Norte,Antofagasta,-23.644698458210865,-70.40354837831997,83,425725
2024-06-18,Sur,Concepcion,-36.81262729571875,-73.03128906834503,43,223574
2024-07-05,Centro,Santiago,-33.458002560763404,-70.671074598843,1099,5614000
2024-01-08,Norte,Arica,-18.470684417027144,-70.32166018239822,59,247552
2023-12-17,Centro,Valparaiso,-33.05131191749993,-71.60835924753133,61,296655
2023-07-06,Centro,Valparaiso,-33.05043181722672,-71.59867546970263,57,296655
2023-12-12,Norte,Arica,-18.47900792179702,-70.31050312067953,44,247552
2024-04-04,Centro,Valparaiso,-33.05884691156743,-71.63143184008612,60,296655
2024-05-31,Norte,Antofagasta,-23.659979882192676,-70.4167626856955,89,425725
2024-11-26,Centro,Valparaiso,-33.035141645804934,-71.60675219949356,56,296655
2023-05-28,Sur,Temuco,-38.748002472989214,-72.57229064031868,42,282415
2024-05-13,Sur,Concepcion,-36.85429141461959,-73.04182563072841,41,223574
2023-10-16,Norte,Iquique,-20.228713370362193,-70.132030457431,36,191468
2023-02-09,Sur,PuertoMontt,-41.47941358235873,-72.96402172958065,44,245902
2024-07-27,Sur,PuertoMontt,-41.48651518484421,-72.93659144167283,50,245902
2023-02-07,Sur,PuertoMontt,-41.477918364858695,-72.93833501127823,47,245902
2023-12-30,Norte,Iquique,-20.231046818275193,-70.15222758400334,36,191468
2023-11-16,Sur,Concepcion,-36.842856481951685,-73.05377767631381,48,223574
2024-07-16,Centro,Valparaiso,-33.02605098391321,-71.61641102394253,55,296655
2023-01-29,Centro,Rancagua,-34.17934204264663,-70.7391809064123,43,232211
2023-05-25,Sur,PuertoMontt,-41.5000584557641,-72.94074333631025,52,245902
2023-08-11,Sur,Temuco,-38.736736808477524,-72.57027826331517,71,282415
2023-11-19,Centro,Valparaiso,-33.05821639444123,-71.62020254553,51,296655
2024-06-15,Centro,Valparaiso,-33.05375681107616,-71.59926647242789,49,296655
2024-07-23,Sur,PuertoMontt,-41.47478170715201,-72.91894664218398,49,245902
2024-04-20,Centro,Santiago,-33.46170573843982,-70.65298522740164,1116,5614000
2023-08-14,Sur,PuertoMontt,-41.47844677384541,-72.93035798269042,43,245902
2024-09-28,Centro,Valparaiso,-33.05355360042384,-71.60467491386898,57,296655
2024-03-03,Norte,Arica,-18.46811368388193,-70.30815846519819,48,247552
2023-12-23,Sur,Concepcion,-36.822597997921214,-73.0678448710542,53,223574
2024-10-19,Norte,Antofagasta,-23.643983274493785,-70.39460777284845,77,425725
2023-07-16,Norte,Arica,-18.497843727035747,-70.32611076861978,33,247552
2024-05-23,Sur,Temuco,-38.74038258826644,-72.60840059800778,59,282415
2023-03-09,Norte,Iquique,-20.22857127948455,-70.12652221222899,42,191468
2023-07-04,Norte,Iquique,-20.223287701856346,-70.12961458735373,38,191468
2024-02-09,Sur,Concepcion,-36.832921003178534,-73.06680588106465,41,223574
2023-01-29,Sur,Temuco,-38.751606105918995,-72.60311834760203,52,282415
2023-02-02,Sur,Concepcion,-36.80829523759374,-73.04207559447872,38,223574
2024-06-25,Centro,Rancagua,-34.15604973121346,-70.7543655022935,60,232211
2023-12-01,Centro,Rancagua,-34.18551541465218,-70.74845309844196,45,232211
2023-03-19,Norte,Arica,-18.502069390442827,-70.29142565905676,47,247552
2024-08-19,Norte,Arica,-18.48685783635206,-70.30737998713566,39,247552
2023-09-20,Centro,Rancagua,-34.1593182100695,-70.75635303935583,29,232211
2023-10-28,Sur,Temuco,-38.729621337706185,-72.59097861866933,60,282415
2024-07-17,Sur,Concepcion,-36.83388551733469,-73.0463784153392,40,223574
2023-05-31,Centro,Valparaiso,-33.050358052007255,-71.59870391807205,60,296655
2023-06-14,Sur,Temuco,-38.74842230136212,-72.61864859093666,58,282415
2023-09-20,Norte,Arica,-18.46798911013176,-70.30296812452677,40,247552
2023-10-14,Sur,Concepcion,-36.828026880427025,-73.04303483180429,46,223574
2024-08-24,Norte,Antofagasta,-23.658425042632366,-70.39825049973311,77,425725
2024-11-23,Centro,Rancagua,-34.185779220320605,-70.75855704053271,41,232211
2023-03-31,Centro,Valparaiso,-33.06140729979158,-71.6087830582894,61,296655
2024-04-05,Norte,Antofagasta,-23.65251970428565,-70.3987162808559,87,425725
2023-02-02,Norte,Antofagasta,-23.653541507477122,-70.40611673475058,82,425725
2023-10-13,Sur,Concepcion,-36.830625912851175,-73.03686156147644,44,223574
2024-12-31,Sur,Temuco,-38.74524239424297,-72.59504684956123,57,282415
2023-08-11,Sur,Concepcion,-36.83153842266233,-73.07701031502687,58,223574
2024-06-18,Centro,Valparaiso,-33.03212134643523,-71.61412456602515,65,296655
2023-11-01,Norte,Antofagasta,-23.636887030655597,-70.3962783259085,79,425725
2023-11-27,Norte,Antofagasta,-23.64465836039945,-70.4084543144625,69,425725
2024-08-08,Centro,Valparaiso,-33.05265786732195,-71.60880297416192,51,296655
2023-06-18,Centro,Rancagua,-34.18361335718143,-70.73787794060699,42,232211
2023-02-20,Centro,Santiago,-33.45884289912321,-70.67089005569689,1096,5614000
2024-04-30,Sur,Concepcion,-36.83640776660482,-73.03783121878514,53,223574
2024-12-12,Norte,Antofagasta,-23.65893473351907,-70.40468885817998,74,425725
2024-10-07,Sur,PuertoMontt,-41.46202710200809,-72.926616156727,49,245902
2023-11-09,Sur,Temuco,-38.744705733332836,-72.58873794980889,57,282415
2024-04-02,Sur,PuertoMontt,-41.47353027692375,-72.93319858594894,48,245902
2023-02-09,Centro,Valparaiso,-33.05416028652004,-71.61510976365771,57,296655
2023-02-04,Centro,Valparaiso,-33.039837432554414,-71.61753833940121,59,296655
2024-09-18,Centro,Valparaiso,-33.04370796697601,-71.6224713707363,60,296655
2023-11-07,Centro,Rancagua,-34.162850974782344,-70.73772645330739,38,232211
2023-03-01,Sur,PuertoMontt,-41.47499318767943,-72.92340502929318,42,245902
2023-12-17,Norte,Arica,-18.491513150639495,-70.32086523277361,57,247552
2024-02-23,Centro,Rancagua,-34.1543072433535,-70.74551763545928,39,232211
2023-08-23,Centro,Valparaiso,-33.052995322385634,-71.61126829700713,45,296655
2023-07-23,Norte,Iquique,-20.23388245216878,-70.1446641903775,37,191468
2024-08-01,Sur,Concepcion,-36.82623089873431,-73.03485705849505,50,223574
2024-05-04,Sur,PuertoMontt,-41.47977151223973,-72.93247367736782,48,245902
2024-10-23,Centro,Santiago,-33.460743053333054,-70.67403864938134,1157,5614000
2024-12-29,Centro,Valparaiso,-33.06431610704889,-71.60945327703745,44,296655
2024-01-20,Centro,Rancagua,-34.166150235141714,-70.72761864747255,51,232211
2023-05-24,Norte,Arica,-18.472793549026385,-70.30093865831952,52,247552
2024-05-10,Norte,Antofagasta,-23.669681800787647,-70.40705340105721,81,425725
2023-01-22,Sur,Temuco,-38.7452816348014,-72.59657722305268,44,282415
2023-05-06,Norte,Arica,-18.467782997167383,-70.31983816449757,46,247552
2023-11-20,Sur,Concepcion,-36.837775439861026,-73.04390902885443,45,223574
2024-07-24,Norte,Antofagasta,-23.64025428331223,-70.41859724387001,80,425725
2023-03-03,Centro,Rancagua,-34.1760784106888,-70.73326321823096,53,232211
2023-04-14,Centro,Santiago,-33.44745816696714,-70.6767643786866,1056,5614000
2024-03-02,Centro,Rancagua,-34.17394909989316,-70.72541808092117,53,232211
2024-03-01,Norte,Arica,-18.465599290492253,-70.32009800412376,46,247552
2023-07-12,Sur,Concepcion,-36.82923882112544,-73.05159193129644,47,223574
2024-06-04,Centro,Santiago,-33.45904704786397,-70.66755127104366,1117,5614000
2023-11-01,Centro,Valparaiso,-33.0364324262094,-71.62709714571147,62,296655
2023-06-23,Centro,Rancagua,-34.18185573504827,-70.74494159607198,46,232211
2023-12-21,Sur,Concepcion,-36.811665274477015,-73.03076131345445,37,223574
2024-07-30,Centro,Valparaiso,-33.03822268336416,-71.60210729405442,71,296655
2024-11-14,Centro,Rancagua,-34.1688145046028,-70.76316153510504,52,232211
2023-04-20,Norte,Arica,-18.479249194120577,-70.32258130490901,59,247552
2024-06-02,Sur,PuertoMontt,-41.47994564788575,-72.94308073797903,51,245902
2024-06-20,Norte,Arica,-18.488864468869544,-70.2952126442793,56,247552
2023-07-16,Centro,Rancagua,-34.1613953819755,-70.73714121768181,42,232211
2024-08-21,Centro,Rancagua,-34.17331078928536,-70.73902684266078,37,232211
2023-11-18,Norte,Iquique,-20.229641303375605,-70.13653088775784,45,191468
2024-11-01,Norte,Arica,-18.47095187394011,-70.31035593649271,50,247552
2024-10-18,Norte,Antofagasta,-23.663126897415367,-70.39892916602486,83,425725
2024-12-25,Centro,Valparaiso,-33.0410333631968,-71.60197047914822,57,296655
2024-08-02,Centro,Santiago,-33.44415384626442,-70.67530079081952,1075,5614000
2023-06-20,Centro,Valparaiso,-33.03792252935558,-71.60508456098567,61,296655
2023-04-13,Norte,Arica,-18.48517486878134,-70.29520879352923,48,247552
2024-01-07,Sur,PuertoMontt,-41.45869549715533,-72.92905604723049,39,245902
2024-05-28,Centro,Rancagua,-34.179652023068826,-70.7409494853193,52,232211
2023-11-17,Norte,Iquique,-20.247604042298153,-70.1418023998131,45,191468
2024-08-28,Centro,Santiago,-33.445711797862145,-70.67720292359942,1127,5614000
2023-04-16,Centro,Santiago,-33.45769815312017,-70.66546926795742,1133,5614000
2023-02-20,Norte,Iquique,-20.211267289561345,-70.13294743609724,38,191468
2023-05-07,Centro,Rancagua,-34.17768662113678,-70.74451325492055,43,232211
2024-12-24,Centro,Rancagua,-34.1772319391711,-70.73751699639762,47,232211
2024-02-18,Sur,PuertoMontt,-41.477556049663754,-72.92672202511187,53,245902
2024-09-23,Sur,Temuco,-38.747481707648085,-72.57683346165126,46,282415
2023-03-26,Sur,PuertoMontt,-41.49194259852173,-72.92114504765927,61,245902
2023-05-05,Norte,Arica,-18.48797796338636,-70.31320028690133,44,247552
2024-09-05,Sur,Temuco,-38.73660197761394,-72.58149328123275,69,282415
2024-04-24,Sur,Concepcion,-36.82422555833211,-73.0368045154425,36,223574
2024-12-24,Sur,Temuco,-38.74756630125489,-72.58780270002144,62,282415
2023-04-15,Sur,Temuco,-38.741312302555095,-72.59619689821965,46,282415
2024-02-13,Norte,Iquique,-20.22540443776724,-70.13500230465522,39,191468
2023-01-12,Centro,Valparaiso,-33.04166852475759,-71.62281485111909,57,296655
2024-02-17,Norte,Iquique,-20.235120002882685,-70.15212915814554,35,191468
2024-08-14,Centro,Santiago,-33.45354816088736,-70.67698238857804,1164,5614000
2023-05-15,Sur,PuertoMontt,-41.4529656518605,-72.94043415807721,53,245902
2024-01-20,Norte,Arica,-18.472923668512664,-70.31092117269945,49,247552
2023-03-04,Norte,Antofagasta,-23.661551577358377,-70.41448386883638,99,425725
2024-01-30,Sur,Temuco,-38.74041579477127,-72.58481981651241,51,282415
2023-01-24,Sur,Concepcion,-36.8282604171879,-73.04725797628446,46,223574
2024-09-08,Centro,Rancagua,-34.179175725424024,-70.7302523968926,52,232211
2023-04-24,Sur,Concepcion,-36.822485833381315,-73.04942496723619,38,223574
2024-11-05,Sur,Temuco,-38.73735446272888,-72.59478921085444,57,282415
2024-06-24,Centro,Santiago,-33.444659670797996,-70.66141132762611,1178,5614000
2023-06-11,Norte,Arica,-18.47432737765831,-70.30132964309398,51,247552
2024-03-15,Sur,Concepcion,-36.823345172041215,-73.0442953888302,51,223574
2024-08-14,Norte,Antofagasta,-23.64040883403675,-70.39923475211135,88,425725
2024-08-12,Centro,Rancagua,-34.17268691303109,-70.75057485513283,38,232211
2024-01-28,Norte,Antofagasta,-23.6415219238355,-70.40496649139398,97,425725
2024-02-26,Norte,Antofagasta,-23.66508287735572,-70.40788837047256,85,425725
2024-11-12,Norte,Iquique,-20.229059028066352,-70.14607394697057,32,191468
2024-01-04,Centro,Santiago,-33.4454123466878,-70.66020935404016,1122,5614000
2024-03-11,Norte,Iquique,-20.24967683342706,-70.13998019508503,27,191468
2024-08-28,Norte,Antofagasta,-23.659078098069763,-70.40407710065224,94,425725
2024-12-19,Sur,Concepcion,-36.82666584237359,-73.03557790269733,34,223574
2024-07-17,Centro,Rancagua,-34.17379345407198,-70.74637870208927,41,232211
2024-01-08,Norte,Antofagasta,-23.658670439615538,-70.4099106992183,71,425725
2024-09-16,Sur,Temuco,-38.73572425077475,-72.58432001922225,53,282415
2023-08-18,Centro,Valparaiso,-33.053342970634866,-71.61038974324529,67,296655
2024-05-31,Centro,Rancagua,-34.19221399031906,-70.74861450551471,44,232211
2024-03-06,Sur,Temuco,-38.732677820037374,-72.58490922988919,56,282415
2024-09-01,Centro,Rancagua,-34.18869972654614,-70.74481019319217,48,232211
2023-11-13,Sur,Concepcion,-36.83509836159876,-73.05320654519632,59,223574
2024-11-09,Norte,Iquique,-20.24180297401659,-70.1354970503186,35,191468
2023-12-28,Sur,PuertoMontt,-41.46257223810278,-72.9389220844833,51,245902
2023-07-02,Sur,Concepcion,-36.8399837643736,-73.05454798178627,48,223574
2023-02-12,Norte,Arica,-18.479239212634063,-70.31213506023948,52,247552
2023-04-14,Sur,Temuco,-38.726107107533736,-72.58427142007417,57,282415
2024-11-12,Sur,Concepcion,-36.84127712483743,-73.03075816992276,56,223574
2023-08-15,Norte,Arica,-18.483928611529382,-70.31836952265678,47,247552
2023-12-24,Centro,Santiago,-33.445271574142694,-70.66793257245871,1166,5614000
2023-01-21,Centro,Santiago,-33.4457868618818,-70.67427583151043,1114,5614000
2023-09-11,Centro,Santiago,-33.44335729176582,-70.65531484486156,1099,5614000
2023-11-18,Sur,Concepcion,-36.84008664355316,-73.05149477087664,32,223574
2024-04-22,Norte,Arica,-18.468802461800173,-70.31878239779054,60,247552
2024-02-01,Sur,Temuco,-38.73419984924315,-72.5812491827012,57,282415
2023-03-26,Centro,Santiago,-33.437098970592515,-70.65355655874458,1076,5614000
2024-05-27,Centro,Santiago,-33.439646819473694,-70.65417191334757,1074,5614000
2023-07-13,Norte,Iquique,-20.228594979218997,-70.15177612592629,32,191468
2023-06-26,Norte,Arica,-18.479553305661295,-70.32182627974248,47,247552
2024-10-01,Sur,Temuco,-38.72992117483359,-72.58763794684353,48,282415
2024-06-02,Norte,Iquique,-20.247815196751905,-70.130802788109,34,191468
2024-02-08,Sur,Concepcion,-36.828424560107116,-73.05274568395491,38,223574
2024-05-01,Centro,Rancagua,-34.17695965382636,-70.73519964602102,32,232211
2023-03-29,Norte,Iquique,-20.240642826955803,-70.14394136549201,33,191468
2024-01-28,Norte,Antofagasta,-23.640320246555287,-70.38599377603965,88,425725
2023-06-06,Centro,Santiago,-33.44611300812856,-70.6749698672051,1132,5614000
2023-04-19,Sur,Concepcion,-36.809718059187055,-73.06636800724557,35,223574
2024-05-05,Centro,Valparaiso,-33.03624409484549,-71.60009988363696,56,296655
2024-07-08,Sur,Temuco,-38.75916174408199,-72.58391689346952,45,282415
2023-09-16,Sur,Concepcion,-36.81629465041697,-73.06218436528627,50,223574
2023-10-14,Norte,Arica,-18.47098410514243,-70.29516452851458,51,247552
2024-02-17,Centro,Santiago,-33.448439376874845,-70.67310474101654,1102,5614000
2024-10-12,Sur,Temuco,-38.72177614049392,-72.59399843545187,49,282415
2023-10-18,Sur,Temuco,-38.73201867869089,-72.59568562351572,65,282415
2024-12-01,Centro,Rancagua,-34.14459963421932,-70.74406230766068,43,232211
2023-04-19,Sur,Temuco,-38.73086620929203,-72.58434613162817,56,282415
2023-11-01,Centro,Santiago,-33.45698702046546,-70.66773425489605,1158,5614000
2023-11-11,Norte,Iquique,-20.220561795723107,-70.13017027539564,49,191468
2024-06-22,Sur,PuertoMontt,-41.48391891845435,-72.94327480171033,50,245902
2024-04-27,Norte,Antofagasta,-23.648819957163088,-70.3864036922752,89,425725
2024-09-10,Centro,Valparaiso,-33.055649691011915,-71.63032892327632,53,296655
2023-07-24,Centro,Santiago,-33.45023597060696,-70.66567108453347,1144,5614000
2024-07-19,Sur,Concepcion,-36.83009437578913,-73.0353272640981,43,223574
2023-08-10,Sur,Concepcion,-36.8277249870517,-73.04820902560118,43,223574
2023-08-26,Norte,Iquique,-20.2362348863389,-70.1556163656315,35,191468
2023-01-30,Norte,Iquique,-20.21317973535545,-70.1453226544315,40,191468
2023-06-23,Centro,Rancagua,-34.18068829370345,-70.74536899526163,51,232211
2023-02-20,Centro,Rancagua,-34.16689113799431,-70.73200034474085,53,232211
2024-02-12,Centro,Rancagua,-34.17649972677551,-70.756976865505,50,232211
2023-08-02,Centro,Rancagua,-34.17876566634742,-70.74570932975841,46,232211
2023-09-09,Centro,Santiago,-33.46053965590482,-70.66913066280976,1143,5614000
2024-03-29,Norte,Antofagasta,-23.646666194018106,-70.3950799960503,82,425725
2024-05-25,Sur,Concepcion,-36.82529014941758,-73.04345526886506,49,223574
2023-10-11,Norte,Antofagasta,-23.643179108423713,-70.41228763637814,95,425725
2023-07-09,Sur,PuertoMontt,-41.46472813666108,-72.93538033900624,32,245902
2023-09-07,Norte,Antofagasta,-23.650732977264102,-70.40478072016968,109,425725
2023-03-01,Norte,Antofagasta,-23.646403780070212,-70.39072887821432,111,425725
2023-03-11,Centro,Rancagua,-34.17364586546528,-70.72566402334729,53,232211
2023-08-16,Centro,Santiago,-33.43136430146246,-70.65619814755213,1130,5614000
2023-04-16,Sur,Temuco,-38.74157844897828,-72.59086804519265,60,282415
2023-09-23,Centro,Valparaiso,-33.04222209618397,-71.61307929013384,64,296655
2024-04-16,Centro,Santiago,-33.446390313599075,-70.66220163321482,1129,5614000
2023-06-10,Centro,Rancagua,-34.166009352563634,-70.74229793080222,47,232211
2024-05-03,Centro,Rancagua,-34.159172908432105,-70.74453691880278,50,232211
2023-11-10,Sur,Concepcion,-36.81635579205267,-73.02835378021665,41,223574
2024-01-25,Sur,Concepcion,-36.83417682604091,-73.04981122030647,46,223574
2023-08-16,Sur,Concepcion,-36.81721814400091,-73.03918399765291,47,223574
2024-05-14,Centro,Rancagua,-34.1563623371304,-70.72756437335383,63,232211
2024-09-05,Sur,Temuco,-38.74332023904457,-72.60479966262889,39,282415
2024-01-22,Norte,Iquique,-20.215819303226326,-70.1349383101046,35,191468
2023-07-07,Sur,PuertoMontt,-41.482312231281725,-72.93807434086655,45,245902
2024-09-10,Sur,Temuco,-38.71784720303634,-72.58811332334075,62,282415
2023-03-24,Norte,Antofagasta,-23.64260945855055,-70.39395266362371,79,425725
2024-08-28,Norte,Arica,-18.47824053189777,-70.30990871680909,49,247552
2024-03-28,Norte,Iquique,-20.229424560755348,-70.14191863215612,46,191468
2023-11-04,Norte,Iquique,-20.23913652679087,-70.16494451953982,44,191468
2024-08-16,Centro,Valparaiso,-33.052781594648835,-71.61421147102428,49,296655
2024-06-04,Sur,Concepcion,-36.832322684189144,-73.06515679740764,43,223574
2024-06-21,Centro,Valparaiso,-33.04651355418792,-71.61118217682169,70,296655
2024-11-29,Centro,Valparaiso,-33.03224664356709,-71.62688571571617,46,296655
2023-11-04,Norte,Arica,-18.471180236868733,-70.30431994488576,62,247552
2023-12-01,Norte,Arica,-18.491349739790735,-70.31151304607259,60,247552
2023-03-18,Centro,Valparaiso,-33.05202763888413,-71.61947842052525,52,296655
2023-12-21,Centro,Santiago,-33.45289047080888,-70.67423181403903,1106,5614000
2024-02-29,Centro,Santiago,-33.4609340343447,-70.67975140045695,1114,5614000
2023-03-13,Sur,Concepcion,-36.82336982757006,-73.06442700871558,46,223574
2024-11-17,Centro,Valparaiso,-33.04584392303018,-71.61557619119613,54,296655
2024-06-11,Norte,Arica,-18.464907897650715,-70.31116238229767,65,247552
2024-10-26,Sur,Temuco,-38.73189741599756,-72.5823432419605,55,282415
2024-08-22,Centro,Santiago,-33.45275828468134,-70.66684433478326,1141,5614000
2024-08-06,Centro,Rancagua,-34.16200895429976,-70.74797594059184,61,232211
2023-08-27,Centro,Valparaiso,-33.04463844199127,-71.61431703663271,61,296655
2023-08-21,Sur,PuertoMontt,-41.459829805346686,-72.93205487994679,47,245902
2024-02-13,Sur,Temuco,-38.740572261352206,-72.59618557482429,55,282415
2023-01-19,Sur,Concepcion,-36.83626543586004,-73.06138388914654,48,223574
2024-10-03,Centro,Rancagua,-34.17610259711642,-70.7370755586573,50,232211
2023-07-28,Norte,Antofagasta,-23.64727178054875,-70.40522916540526,74,425725
2023-05-13,Centro,Santiago,-33.43985990479632,-70.66041041157744,1118,5614000
2023-10-05,Centro,Santiago,-33.447904497114465,-70.6508411408027,1144,5614000
2024-01-31,Norte,Antofagasta,-23.65880678116732,-70.39681310113063,86,425725
2024-07-31,Centro,Santiago,-33.44808590886805,-70.66321025332557,1121,5614000
2024-08-23,Centro,Valparaiso,-33.036875063526765,-71.61521160028673,64,296655
2024-01-28,Norte,Arica,-18.482184913853043,-70.29455734686148,57,247552
2023-01-01,Norte,Iquique,-20.23030657196949,-70.13914495412565,48,191468
2024-11-11,Norte,Antofagasta,-23.646816630795378,-70.38816224432361,75,425725
2024-03-12,Sur,Temuco,-38.71879712353167,-72.59213486495717,58,282415
2024-01-15,Centro,Valparaiso,-33.06834561964022,-71.61249165599837,57,296655
2024-01-07,Sur,Concepcion,-36.82935298878361,-73.04741069669633,45,223574
2024-12-16,Centro,Santiago,-33.447673589726385,-70.67237082050471,1175,5614000
2023-08-14,Centro,Valparaiso,-33.05432016306346,-71.61728137033732,70,296655
2024-07-31,Norte,Antofagasta,-23.652402865115285,-70.40667502162408,84,425725
2024-09-05,Norte,Iquique,-20.228153839562168,-70.13771042428621,41,191468
2023-07-01,Sur,Temuco,-38.746323903667175,-72.5759179371908,49,282415
2024-10-07,Sur,Concepcion,-36.8243707751532,-73.04105405535462,44,223574
2023-07-17,Norte,Arica,-18.47044841009022,-70.32346827682969,44,247552
2023-01-20,Centro,Santiago,-33.44738897058088,-70.67300939848576,1182,5614000
2023-01-04,Sur,Temuco,-38.760417690957446,-72.58528802219001,58,282415
2023-12-08,Centro,Valparaiso,-33.05482111233613,-71.60552136193444,62,296655
2024-11-24,Norte,Arica,-18.47371369700745,-70.30831627096896,55,247552
2024-09-06,Norte,Arica,-18.479510709740083,-70.31309164775985,37,247552
2024-11-15,Centro,Rancagua,-34.15973661810693,-70.74083515729285,68,232211
2024-05-14,Norte,Antofagasta,-23.66339327361509,-70.39233252628944,95,425725
2023-03-26,Sur,PuertoMontt,-41.46645713708148,-72.93474947631049,50,245902
2023-12-08,Sur,Temuco,-38.73030918122792,-72.60367899605559,54,282415
2024-12-18,Norte,Antofagasta,-23.65259972288321,-70.39653202345006,92,425725
2023-03-23,Centro,Valparaiso,-33.07016004710475,-71.61630731161317,61,296655
2024-12-06,Centro,Rancagua,-34.147263852746136,-70.75203983208577,48,232211
2024-09-05,Norte,Arica,-18.464493530765186,-70.3175119908836,59,247552
2023-03-13,Norte,Antofagasta,-23.656554907569276,-70.38135983333048,100,425725
2023-05-13,Norte,Arica,-18.478705191346812,-70.32621096378216,54,247552
2024-02-05,Centro,Santiago,-33.44454540627605,-70.6845355556954,1125,5614000
2023-04-17,Centro,Valparaiso,-33.04136362203347,-71.6248761358945,64,296655
2023-03-04,Sur,Concepcion,-36.828833208749124,-73.05933360549733,33,223574
2024-04-22,Centro,Santiago,-33.443053150150185,-70.67140265549396,1054,5614000
2023-05-10,Centro,Rancagua,-34.173352127889835,-70.73488646566433,50,232211
2023-03-17,Sur,PuertoMontt,-41.458227130411956,-72.94470392353865,54,245902
2024-07-07,Centro,Valparaiso,-33.03166365189403,-71.6252836734212,67,296655
2023-07-21,Centro,Valparaiso,-33.05008639433896,-71.63411977082278,67,296655
2023-05-08,Norte,Antofagasta,-23.653981376021658,-70.41045728970781,81,425725
2024-07-08,Norte,Iquique,-20.234098048955115,-70.1472365130716,33,191468
2023-09-15,Norte,Arica,-18.488484617266202,-70.30110739432754,49,247552
2023-10-31,Sur,Concepcion,-36.827754884861925,-73.02776161571906,35,223574
2023-03-01,Centro,Santiago,-33.44549995284209,-70.66133833714765,1105,5614000
2023-03-06,Norte,Iquique,-20.21589375799711,-70.1232649848229,40,191468
2023-09-29,Centro,Rancagua,-34.17175791863247,-70.75258706938628,44,232211
2024-11-14,Norte,Iquique,-20.224045102481337,-70.116230709811,35,191468
2024-08-14,Norte,Antofagasta,-23.647127436195277,-70.39854372865051,74,425725
2023-10-21,Sur,Concepcion,-36.826865747377475,-73.05189690861123,37,223574
2023-11-30,Centro,Rancagua,-34.14125492861668,-70.74131480836232,53,232211
2024-08-16,Centro,Santiago,-33.44490720432914,-70.6706047249512,1076,5614000
2023-10-20,Norte,Arica,-18.480858549661146,-70.30248290774487,48,247552
2024-02-06,Centro,Valparaiso,-33.03118256617029,-71.62596360099002,58,296655
2023-04-11,Sur,Concepcion,-36.820052358845565,-73.05395639102127,47,223574
2023-07-26,Norte,Iquique,-20.23781838604606,-70.1300814942634,47,191468
2024-01-27,Sur,PuertoMontt,-41.45558984819762,-72.95049173794497,43,245902
2024-03-07,Sur,PuertoMontt,-41.493549250459075,-72.92288314390285,46,245902
2024-02-15,Sur,PuertoMontt,-41.46825863903304,-72.9397533392166,49,245902
2023-10-20,Norte,Antofagasta,-23.6569609239504,-70.4056144101334,89,425725
2023-07-31,Sur,Concepcion,-36.820358668931874,-73.03495527265028,43,223574
2024-03-02,Centro,Rancagua,-34.178355185866465,-70.73653753030374,50,232211
2023-05-15,Sur,PuertoMontt,-41.47019577186091,-72.94124172398617,37,245902
2023-04-08,Centro,Valparaiso,-33.04608212932405,-71.619567355132,51,296655
2023-06-13,Norte,Iquique,-20.22896515992164,-70.13191398905397,36,191468
2023-04-19,Centro,Santiago,-33.44900882354757,-70.68434381562972,1130,5614000
2024-07-08,Sur,PuertoMontt,-41.48204065380549,-72.93926615672294,53,245902
2024-12-05,Centro,Rancagua,-34.17559446154225,-70.7432424078264,49,232211
2023-06-11,Norte,Antofagasta,-23.65261610344818,-70.3955038559107,63,425725
2023-12-09,Centro,Rancagua,-34.17323806457606,-70.74242615094451,58,232211
2024-03-03,Norte,Antofagasta,-23.65423896159239,-70.40195845960716,80,425725
2024-11-09,Norte,Antofagasta,-23.659182463499707,-70.40089742221636,72,425725
2023-12-25,Centro,Valparaiso,-33.061031900015905,-71.61911435814562,68,296655
2024-11-23,Centro,Valparaiso,-33.05093391541865,-71.62377424708018,58,296655
2024-09-15,Centro,Valparaiso,-33.0386921877311,-71.58762318370357,57,296655
2023-10-27,Centro,Rancagua,-34.16723417189386,-70.73115978871284,42,232211
2023-07-24,Norte,Iquique,-20.219724069389304,-70.11929454133453,48,191468
2023-11-30,Centro,Valparaiso,-33.04586016149264,-71.60641459259342,62,296655
2023-01-05,Norte,Antofagasta,-23.646001903983723,-70.40377344130408,59,425725
2023-07-28,Centro,Valparaiso,-33.03671562158509,-71.59962748729654,62,296655
2024-08-25,Sur,Temuco,-38.732541140910946,-72.58624788329311,59,282415
2024-10-10,Sur,Temuco,-38.7288499581139,-72.59638212686212,58,282415
2024-11-25,Sur,Concepcion,-36.82832901350328,-73.04575249901393,25,223574
2023-09-10,Sur,Temuco,-38.745140957052286,-72.59392423151881,69,282415
2024-07-31,Norte,Antofagasta,-23.663961054272548,-70.39032647367833,79,425725
2024-04-07,Norte,Antofagasta,-23.661347654119606,-70.38770861670388,90,425725
2024-07-24,Norte,Iquique,-20.233467246867306,-70.13196821578828,40,191468
2024-08-11,Norte,Arica,-18.46148976426425,-70.30649994991475,57,247552
2024-05-24,Norte,Arica,-18.480432538815545,-70.30716054035666,37,247552
2024-04-15,Centro,Rancagua,-34.182656539424904,-70.7445089038242,39,232211
2023-07-26,Centro,Santiago,-33.44577409777419,-70.67052212019357,1171,5614000
2024-07-09,Norte,Antofagasta,-23.671032942566935,-70.39978077792262,74,425725
2024-01-20,Sur,PuertoMontt,-41.47033848621113,-72.94676718252366,39,245902
2024-01-11,Norte,Iquique,-20.22958651455129,-70.13325697558433,47,191468
2024-06-20,Sur,Concepcion,-36.83162346125459,-73.03410284344463,28,223574
2024-06-13,Sur,PuertoMontt,-41.47370746841484,-72.95147188865909,44,245902
2024-08-21,Sur,PuertoMontt,-41.47126266427756,-72.9522397880907,43,245902
2024-02-06,Sur,Concepcion,-36.82420829782836,-73.06481566664476,42,223574
2023-05-07,Centro,Valparaiso,-33.05338214178429,-71.60304408100554,59,296655
2024-11-28,Centro,Valparaiso,-33.05492769163051,-71.62015970994962,63,296655
2023-01-20,Centro,Santiago,-33.44937873912731,-70.67742299678778,1069,5614000
2023-08-30,Centro,Rancagua,-34.17852826491769,-70.74267637311092,40,232211
2023-07-24,Norte,Iquique,-20.2203969998829,-70.13098080895867,38,191468
2024-06-02,Norte,Iquique,-20.22773986516865,-70.12292279156905,50,191468
2023-01-09,Centro,Santiago,-33.44686797244415,-70.64321996737264,1131,5614000
2024-10-02,Centro,Valparaiso,-33.05552189997829,-71.60229464537748,50,296655
2023-11-08,Sur,Concepcion,-36.8201336597916,-73.04356002943996,37,223574
2023-03-07,Centro,Santiago,-33.442146466189726,-70.66423267880738,1087,5614000
2023-05-21,Norte,Arica,-18.495685983214894,-70.3142511911807,53,247552
2023-03-04,Norte,Iquique,-20.22656041849898,-70.12349805828167,32,191468
2024-11-18,Sur,PuertoMontt,-41.46632202902146,-72.93879436849315,38,245902
2024-01-06,Norte,Antofagasta,-23.622286542176557,-70.40262999123027,104,425725
2023-01-13,Sur,PuertoMontt,-41.46940315774703,-72.93437391914252,39,245902
2023-12-22,Centro,Santiago,-33.45596629862917,-70.68533261562439,1087,5614000
2023-08-26,Centro,Santiago,-33.421099846114494,-70.67192406841264,1084,5614000
2023-01-12,Sur,Concepcion,-36.848910655468934,-73.0437745049642,31,223574
2024-06-04,Sur,PuertoMontt,-41.47725455783016,-72.94241565199663,53,245902
2023-07-21,Centro,Santiago,-33.45132955234099,-70.6716718678683,1137,5614000
2024-08-16,Centro,Valparaiso,-33.05280079079874,-71.61130653133074,54,296655
2024-02-25,Sur,Concepcion,-36.82822640322218,-73.04149683804143,52,223574
2023-03-02,Sur,Concepcion,-36.84450551765186,-73.03635711728064,51,223574
2023-11-24,Centro,Rancagua,-34.16597159892733,-70.73820227295289,51,232211
2024-03-21,Norte,Iquique,-20.247812946995793,-70.13191604127762,42,191468
2024-09-06,Norte,Antofagasta,-23.648452290287572,-70.3881929383182,72,425725
2024-03-07,Sur,Concepcion,-36.832995062357504,-73.05247487931537,44,223574
2023-05-02,Sur,PuertoMontt,-41.479809393162576,-72.95373681406419,43,245902
2023-06-04,Norte,Iquique,-20.252050399292454,-70.12531829584785,36,191468
2024-05-04,Sur,PuertoMontt,-41.47762365648282,-72.92937919547022,42,245902
2024-08-04,Sur,Concepcion,-36.834637907882005,-73.04790551043276,39,223574
2023-05-15,Norte,Arica,-18.478280975089262,-70.3096294561262,56,247552
2023-01-06,Centro,Santiago,-33.47095586919891,-70.67406597114955,1042,5614000
2024-12-18,Norte,Arica,-18.480153495376626,-70.31036094871023,49,247552
2024-11-03,Norte,Iquique,-20.217064272950036,-70.139566164151,45,191468
2024-05-14,Sur,PuertoMontt,-41.46957202868224,-72.95298412763204,37,245902
2023-02-08,Sur,Temuco,-38.72616047579968,-72.59397636421866,58,282415
2024-06-12,Norte,Antofagasta,-23.640027339635314,-70.39081457185982,88,425725
2023-12-17,Sur,Concepcion,-36.84545170220026,-73.04604062030289,42,223574
2023-06-16,Norte,Arica,-18.481366165466692,-70.32573356203186,44,247552
2024-11-05,Centro,Valparaiso,-33.0476814614491,-71.62712199498084,62,296655
2023-07-21,Centro,Rancagua,-34.164105413715035,-70.75033039643743,55,232211
2023-12-16,Norte,Arica,-18.47235946984131,-70.3009128369774,57,247552
2024-09-08,Norte,Antofagasta,-23.631674431217252,-70.40112975069987,85,425725
2024-03-07,Norte,Antofagasta,-23.66760431969528,-70.39213193604462,81,425725
2024-04-19,Norte,Antofagasta,-23.656455500635797,-70.39977023864705,86,425725
2024-10-14,Centro,Santiago,-33.45589313631769,-70.66870977661385,1122,5614000
2024-05-25,Centro,Rancagua,-34.16485716370732,-70.7335628601456,41,232211
2024-01-26,Centro,Rancagua,-34.174971689112034,-70.72584024839158,49,232211
2024-03-26,Sur,Concepcion,-36.81760015974089,-73.04869301505079,46,223574
2024-08-20,Centro,Santiago,-33.44853937177707,-70.6704496617999,1088,5614000
2023-02-11,Sur,Temuco,-38.73649952442478,-72.57596126999277,66,282415
2024-01-09,Centro,Santiago,-33.46317512997214,-70.66045309144856,1131,5614000
2024-09-11,Centro,Valparaiso,-33.042613616191986,-71.5945568763677,52,296655
2023-02-26,Norte,Iquique,-20.23315055122266,-70.12950320258744,34,191468
2023-03-12,Sur,Temuco,-38.730871428264145,-72.59816900530491,53,282415
2024-12-15,Sur,Temuco,-38.71891585463388,-72.60225952826924,57,282415
2023-01-16,Norte,Antofagasta,-23.652691294642665,-70.39666512189076,75,425725
2023-02-14,Sur,Concepcion,-36.81541803299424,-73.05963216651533,37,223574
2023-04-14,Centro,Valparaiso,-33.043927640918966,-71.61531080704543,71,296655
2024-06-13,Norte,Arica,-18.496791590958644,-70.31603465448944,52,247552
2024-01-01,Sur,PuertoMontt,-41.468163921517636,-72.9324460121022,53,245902
2024-12-15,Norte,Antofagasta,-23.657622869366318,-70.38032084520181,81,425725
2024-07-02,Sur,Temuco,-38.74847567554546,-72.5791022206096,50,282415
2023-04-08,Norte,Antofagasta,-23.63090489847195,-70.40676451566257,94,425725
2024-12-06,Sur,Concepcion,-36.83356513602364,-73.0515971641155,46,223574
2023-06-03,Norte,Antofagasta,-23.654085663530534,-70.37826569881493,74,425725
2023-07-11,Centro,Rancagua,-34.170276704823195,-70.75633899029519,30,232211
2024-06-17,Norte,Antofagasta,-23.670577530742104,-70.39518782474289,98,425725
2023-07-22,Sur,PuertoMontt,-41.472351953342844,-72.94415417672313,57,245902
2023-04-16,Sur,PuertoMontt,-41.47262923187035,-72.94750977019875,36,245902
2023-10-15,Sur,Temuco,-38.73882198448694,-72.59401805803545,72,282415
2023-06-27,Sur,PuertoMontt,-41.46807194132553,-72.94703565010668,50,245902
2023-12-13,Norte,Arica,-18.48675341406478,-70.29549813238559,59,247552
2023-02-18,Centro,Santiago,-33.459125080386954,-70.65820271854794,1160,5614000
2024-05-13,Centro,Rancagua,-34.18163663175398,-70.75939160575054,42,232211
2023-08-09,Norte,Antofagasta,-23.645048395058456,-70.39103680637935,90,425725
2024-10-22,Centro,Rancagua,-34.13621919920676,-70.75308967560781,38,232211
2024-05-01,Sur,Temuco,-38.72338995029908,-72.58698468110842,51,282415
2024-10-21,Centro,Rancagua,-34.16859940374744,-70.75695823947802,44,232211
2024-06-29,Centro,Valparaiso,-33.04311923527752,-71.6224792927931,63,296655
2024-05-14,Norte,Arica,-18.486994200942426,-70.3316144227169,50,247552
2023-03-16,Sur,Concepcion,-36.835115434831046,-73.0554468728572,48,223574
2023-10-14,Norte,Iquique,-20.232898433105316,-70.13838903818953,32,191468
2023-01-02,Sur,Temuco,-38.73778423738849,-72.58710441367413,60,282415
2024-09-24,Centro,Santiago,-33.45323438495026,-70.65460043749847,1160,5614000
2024-02-16,Sur,Concepcion,-36.81977479516652,-73.05082974511166,41,223574
2023-10-04,Sur,Temuco,-38.74378414591791,-72.59230698797562,63,282415
2023-09-27,Norte,Arica,-18.472239228107988,-70.29862379414422,49,247552
2024-08-08,Centro,Valparaiso,-33.044075888557735,-71.61345636822986,63,296655
2024-08-03,Sur,PuertoMontt,-41.46278078448681,-72.92750797957416,59,245902
2023-11-08,Centro,Santiago,-33.43491007294023,-70.68418467356955,1120,5614000
2023-12-26,Sur,Concepcion,-36.81324073813919,-73.04620957005937,52,223574
2023-12-05,Sur,Concepcion,-36.82438865447368,-73.04388816605433,46,223574
2023-11-06,Norte,Antofagasta,-23.655124321475792,-70.40002360078589,78,425725
2024-01-12,Sur,Temuco,-38.73118193064721,-72.57917801424871,64,282415
2023-05-30,Centro,Valparaiso,-33.03804059517886,-71.61706747180135,62,296655
2024-05-17,Sur,Concepcion,-36.840582605401046,-73.05423782651536,40,223574
2023-12-05,Centro,Santiago,-33.45150138397411,-70.65833680355107,1108,5614000
2024-10-06,Centro,Valparaiso,-33.043348717377114,-71.61434017446705,59,296655
2024-03-28,Centro,Valparaiso,-33.03674487897855,-71.61906132838048,62,296655
2024-03-08,Centro,Valparaiso,-33.04812688600999,-71.6207422121518,55,296655
2024-02-29,Sur,Concepcion,-36.84706427954962,-73.06186707460384,49,223574
2023-11-05,Sur,Temuco,-38.732502884293844,-72.58034649040678,54,282415
2024-11-16,Centro,Valparaiso,-33.03255037534848,-71.60951227349994,59,296655
2024-04-12,Centro,Rancagua,-34.19069018212065,-70.74097926178206,45,232211
2024-06-14,Sur,Temuco,-38.723298193107176,-72.59686387446595,49,282415
2023-06-13,Norte,Iquique,-20.236951152360273,-70.11472764689319,41,191468
2024-03-02,Centro,Valparaiso,-33.0473472852207,-71.60284606638898,57,296655
2023-08-08,Centro,Rancagua,-34.17629378460506,-70.73280280137598,44,232211
2023-06-12,Centro,Rancagua,-34.156315552559505,-70.75602893970755,54,232211
2023-04-04,Sur,PuertoMontt,-41.47002830642141,-72.93908481929006,48,245902
2024-11-12,Norte,Arica,-18.46551367992209,-70.31855375049017,47,247552
2023-04-15,Norte,Iquique,-20.22783347111937,-70.1224289617907,41,191468
2023-07-16,Norte,Iquique,-20.23688102638714,-70.12535727354695,41,191468
2023-07-04,Norte,Iquique,-20.231632860572475,-70.12287672918946,33,191468
2023-12-16,Norte,Antofagasta,-23.65153946507688,-70.40981089787432,79,425725
2024-06-01,Norte,Iquique,-20.229643677033966,-70.14730576510635,42,191468
2023-12-22,Norte,Antofagasta,-23.6611809740671,-70.40213473861253,92,425725
2024-10-24,Centro,Rancagua,-34.17986565156492,-70.74374023656401,38,232211
2024-05-18,Sur,Concepcion,-36.82735132070492,-73.0541027976172,38,223574
2024-09-13,Centro,Rancagua,-34.16227584204659,-70.7466181829149,37,232211
2023-07-17,Norte,Arica,-18.471868873907212,-70.31137888961803,44,247552
2023-05-31,Centro,Valparaiso,-33.042923995403335,-71.63185335342665,60,296655
2023-03-17,Centro,Valparaiso,-33.0536718760579,-71.58738811700472,50,296655
2024-06-06,Norte,Antofagasta,-23.639370199544214,-70.38486555385838,103,425725
2023-01-24,Norte,Arica,-18.481121678007433,-70.30585329531523,53,247552
2024-01-16,Norte,Iquique,-20.23449756098579,-70.12165836289367,47,191468
2023-04-17,Centro,Rancagua,-34.18288634800852,-70.7482250107519,56,232211
2023-08-19,Sur,PuertoMontt,-41.44709548361223,-72.949506323388,40,245902
2023-06-26,Sur,Temuco,-38.72059583058526,-72.59664176425485,69,282415
2023-04-10,Sur,Temuco,-38.741417915567496,-72.59193973831607,52,282415
2024-08-05,Norte,Arica,-18.482434197823444,-70.31397524082692,66,247552
2023-07-01,Sur,Temuco,-38.72774745052454,-72.602287293993,69,282415
2023-02-17,Norte,Iquique,-20.217569204911584,-70.14366146576454,34,191468
2024-10-25,Norte,Iquique,-20.22886874636009,-70.14473265459549,46,191468
2024-09-17,Centro,Santiago,-33.4537770925402,-70.65697931550677,1143,5614000
2023-03-04,Centro,Valparaiso,-33.052833571837326,-71.60617027548537,57,296655
2023-02-16,Sur,PuertoMontt,-41.47893503920572,-72.91943413716606,56,245902
2024-04-29,Norte,Iquique,-20.213401909221563,-70.13892442153768,45,191468
2023-07-17,Centro,Santiago,-33.44861961088753,-70.67649184933695,1113,5614000
2023-09-21,Norte,Antofagasta,-23.643958787281274,-70.38540333595324,85,425725
2023-11-07,Centro,Rancagua,-34.155708291240124,-70.75068068201091,42,232211
2023-01-01,Centro,Valparaiso,-33.02641931897479,-71.60463316626672,52,296655
2023-12-25,Centro,Santiago,-33.44473990150234,-70.66487122175528,1082,5614000
2024-06-29,Centro,Santiago,-33.456336815002665,-70.66367044401103,1123,5614000
2024-11-10,Norte,Antofagasta,-23.654927068473448,-70.4021523326857,91,425725
2024-11-09,Norte,Iquique,-20.21591960449928,-70.1370645145721,38,191468
2023-03-02,Sur,PuertoMontt,-41.481375887075096,-72.93033471862469,38,245902
2023-11-14,Sur,Concepcion,-36.8269657087751,-73.0541008733129,40,223574
2023-02-22,Norte,Antofagasta,-23.651707456289934,-70.40742724828475,82,425725
2023-11-14,Centro,Rancagua,-34.17594028187047,-70.73128437463585,47,232211
2023-04-22,Centro,Santiago,-33.453509552649095,-70.6841737458324,1068,5614000
2024-10-08,Centro,Valparaiso,-33.0630887475581,-71.60454284343652,74,296655
2023-05-05,Sur,PuertoMontt,-41.467349516988996,-72.9352313321392,51,245902
2024-09-06,Sur,PuertoMontt,-41.4788841951901,-72.96026133456172,43,245902
2024-01-15,Centro,Santiago,-33.43759074035397,-70.6640823028274,1122,5614000
2024-04-18,Norte,Iquique,-20.232292578852405,-70.15809041491858,29,191468
2023-12-03,Sur,PuertoMontt,-41.489069952473265,-72.94456837181767,58,245902
2023-11-22,Sur,PuertoMontt,-41.47225940182469,-72.94392413743778,49,245902
2024-08-22,Sur,Concepcion,-36.83388363188465,-73.04682029363451,48,223574
2023-03-24,Norte,Iquique,-20.23421227593543,-70.13282685951621,32,191468
2024-04-05,Centro,Santiago,-33.456468454205094,-70.66415305406113,1128,5614000
2023-05-27,Norte,Arica,-18.486554494709882,-70.31844068444882,45,247552
2023-02-15,Sur,Temuco,-38.723657500018305,-72.59005572089995,51,282415
2024-04-07,Sur,Temuco,-38.74710976472113,-72.59727200226027,50,282415
2023-11-24,Norte,Iquique,-20.22944514248791,-70.15005752335333,46,191468
2024-10-19,Sur,Temuco,-38.73286132106761,-72.59601805533252,62,282415
2024-06-24,Sur,Temuco,-38.7262740360123,-72.57186405223823,44,282415
2024-02-08,Centro,Santiago,-33.441727821862195,-70.66661423836914,1091,5614000
2024-06-23,Centro,Santiago,-33.45988165094277,-70.66115396125441,1137,5614000
2024-08-11,Centro,Valparaiso,-33.0414295874489,-71.61041754227836,52,296655
2023-04-12,Norte,Iquique,-20.242833491481253,-70.13064041660941,48,191468
2023-06-11,Sur,Concepcion,-36.83785814848534,-73.04105432612592,43,223574
2023-05-28,Norte,Arica,-18.479752515909734,-70.3157090052615,56,247552
2024-10-25,Centro,Valparaiso,-33.063159188143324,-71.60917590163399,68,296655
2023-04-16,Centro,Valparaiso,-33.051817842868225,-71.61956422097141,65,296655
2024-06-06,Norte,Arica,-18.494024730206604,-70.30307866264577,58,247552
2024-01-09,Norte,Arica,-18.494675070720337,-70.30990724909584,47,247552
2024-12-14,Sur,Temuco,-38.735683802062375,-72.57490269906208,53,282415
2023-07-22,Norte,Iquique,-20.236057397531386,-70.13431895937511,42,191468
2024-12-17,Norte,Antofagasta,-23.650241796118042,-70.40603087073252,85,425725
2024-11-27,Centro,Santiago,-33.452235964952074,-70.68093998747017,1087,5614000
2024-11-19,Sur,Temuco,-38.73010849815099,-72.59466011518192,63,282415
2023-07-30,Norte,Arica,-18.48485621907055,-70.32043911850931,52,247552
2023-10-06,Norte,Arica,-18.4769227622953,-70.30271132647705,44,247552
2023-05-28,Norte,Arica,-18.47896191711581,-70.31888947520724,47,247552
2024-03-28,Centro,Rancagua,-34.18226384168397,-70.73923853162721,38,232211
2024-11-10,Centro,Valparaiso,-33.05416294709456,-71.6120491521596,55,296655
2024-05-02,Centro,Santiago,-33.44972347273925,-70.65448327661683,1146,5614000
2024-10-14,Norte,Antofagasta,-23.654642286215996,-70.41562506045634,89,425725
2023-04-30,Norte,Arica,-18.47162922861287,-70.33674382771302,46,247552
2023-06-02,Norte,Antofagasta,-23.664538583749263,-70.40284615491167,86,425725
2023-06-16,Sur,Temuco,-38.71804756017285,-72.58664972221955,42,282415
2024-01-16,Sur,PuertoMontt,-41.499562330189164,-72.93797110571963,42,245902
2024-06-11,Centro,Santiago,-33.44756366970517,-70.67761000691011,1096,5614000
2023-04-23,Sur,Temuco,-38.74142520448255,-72.58611634593339,66,282415
2023-11-03,Norte,Iquique,-20.232089196432337,-70.14891454042308,37,191468
2023-03-03,Centro,Valparaiso,-33.05749029274851,-71.612449408254,61,296655
2023-11-08,Norte,Antofagasta,-23.645589394899993,-70.39342248358636,75,425725
2023-03-19,Sur,PuertoMontt,-41.46623273934052,-72.9277223745501,40,245902
2024-08-11,Centro,Rancagua,-34.17209855219465,-70.74329038550138,48,232211
2024-02-26,Centro,Santiago,-33.4691381709854,-70.66308742131551,1123,5614000
2023-03-04,Norte,Iquique,-20.22122006958549,-70.11688727719232,46,191468
2023-07-20,Sur,PuertoMontt,-41.46531538169216,-72.94249368446916,46,245902
2023-03-01,Sur,Temuco,-38.73589372515959,-72.58389013993181,48,282415
2023-07-06,Centro,Valparaiso,-33.053734605336395,-71.61490520545838,59,296655
2024-01-13,Sur,PuertoMontt,-41.47935116033579,-72.94689152016214,53,245902
2024-05-03,Centro,Valparaiso,-33.0567840194912,-71.6087246038181,66,296655
2024-05-06,Sur,Concepcion,-36.82826088107808,-73.06503345806559,47,223574
2023-12-20,Norte,Antofagasta,-23.655689208850294,-70.41662326062915,97,425725
2024-01-07,Norte,Iquique,-20.23784600841259,-70.13973007859065,50,191468
2023-02-23,Centro,Valparaiso,-33.057366185923264,-71.59686894966494,51,296655
2024-03-14,Norte,Iquique,-20.235780743335358,-70.12449008398919,41,191468
2023-11-23,Sur,Concepcion,-36.83164676941505,-73.06082235046541,40,223574
2024-05-15,Centro,Valparaiso,-33.05458291607143,-71.62396933442265,51,296655
2024-01-08,Centro,Rancagua,-34.187978656861006,-70.75640434812753,44,232211
2024-04-17,Norte,Arica,-18.477842422949404,-70.3057265444236,50,247552
2023-02-05,Sur,PuertoMontt,-41.469156605889054,-72.93573415112402,50,245902
2024-01-20,Norte,Antofagasta,-23.655098749385797,-70.41254814817759,82,425725
2023-08-02,Sur,Concepcion,-36.8489370542957,-73.0473339092701,44,223574
2024-08-17,Sur,Temuco,-38.732176637500295,-72.58809222218807,55,282415
2023-08-15,Centro,Rancagua,-34.165029028837395,-70.73521392699865,43,232211
2023-08-27,Centro,Valparaiso,-33.02817488198685,-71.60584504957284,74,296655
2023-04-14,Centro,Santiago,-33.440473066787796,-70.68367503388538,1154,5614000
2023-06-10,Centro,Rancagua,-34.164450468364876,-70.75265844466956,37,232211
2024-12-12,Centro,Rancagua,-34.163060523889776,-70.73658651225098,53,232211
2023-10-07,Sur,Temuco,-38.74277073093437,-72.58522716058803,42,282415
2024-04-24,Sur,Temuco,-38.74351276988239,-72.6120477895839,65,282415
2024-08-18,Sur,PuertoMontt,-41.46498823600571,-72.92698740278779,48,245902
2023-09-01,Centro,Santiago,-33.445038257648726,-70.6879247703707,1157,5614000
2024-01-15,Centro,Santiago,-33.45673616377397,-70.66832059374434,1115,5614000
2023-03-24,Centro,Santiago,-33.42531602914115,-70.67518420340852,1155,5614000
2023-11-02,Norte,Antofagasta,-23.660227015164864,-70.39588204275317,82,425725
2023-04-16,Centro,Rancagua,-34.164895622715754,-70.76376691359982,57,232211
2023-08-10,Norte,Antofagasta,-23.64721582929164,-70.41167535288852,90,425725
2024-10-23,Sur,Temuco,-38.729796291636404,-72.58348601633664,37,282415
2024-08-02,Centro,Rancagua,-34.19198185077277,-70.75506045910146,51,232211
2024-07-29,Sur,PuertoMontt,-41.476311805752786,-72.92200026848997,58,245902
2023-06-01,Sur,Concepcion,-36.819991431973804,-73.07240031914937,32,223574
2023-12-10,Sur,Concepcion,-36.80622585612643,-73.05808405534503,43,223574
2024-07-13,Sur,Temuco,-38.720297359715964,-72.59581658545352,47,282415
2023-06-08,Sur,Temuco,-38.715570983777106,-72.60421046014481,64,282415
2023-01-03,Centro,Santiago,-33.460957786578014,-70.65918849954063,1102,5614000
2023-11-04,Centro,Santiago,-33.462176405772944,-70.67289331522213,1069,5614000
2023-10-22,Centro,Rancagua,-34.18631861499545,-70.72939566478874,39,232211
2024-04-07,Sur,PuertoMontt,-41.46886517967852,-72.94388201410764,50,245902
2024-12-01,Sur,Concepcion,-36.828312304743456,-73.03192291056904,51,223574
2024-03-24,Centro,Valparaiso,-33.04474997739553,-71.60941161259932,66,296655
2024-03-13,Sur,Temuco,-38.729663001808454,-72.59147946166594,59,282415
2024-10-02,Centro,Valparaiso,-33.0439065917929,-71.61809691685599,52,296655
2023-10-05,Sur,Temuco,-38.73752785263849,-72.58344604405795,50,282415
2024-02-08,Sur,PuertoMontt,-41.47353718169925,-72.94865978857187,44,245902
2024-10-15,Norte,Arica,-18.484128016699525,-70.31098789510725,48,247552
2024-07-29,Sur,Concepcion,-36.81758137604282,-73.0508229663696,46,223574
2024-08-08,Centro,Valparaiso,-33.04567613291037,-71.60372049333297,57,296655
2024-02-22,Centro,Valparaiso,-33.028195465385004,-71.62578192113621,54,296655
2023-07-28,Centro,Santiago,-33.45292574747683,-70.64710106068168,1112,5614000
2023-09-06,Norte,Arica,-18.479834951254595,-70.31873800508582,51,247552
2024-09-20,Norte,Iquique,-20.22828257211366,-70.1466063138352,29,191468
2023-09-28,Norte,Arica,-18.474094059374153,-70.32682545597918,43,247552
2023-02-09,Sur,PuertoMontt,-41.502536813315956,-72.93895446076064,52,245902
2024-09-17,Norte,Iquique,-20.23095211941339,-70.14667285290888,45,191468
2024-05-03,Centro,Santiago,-33.449729530153206,-70.66477124339161,1088,5614000
2023-03-12,Norte,Arica,-18.497243506523535,-70.31000189476069,49,247552
2024-02-08,Sur,Temuco,-38.747556828846356,-72.5968290566903,65,282415
2024-01-03,Norte,Iquique,-20.217540300107643,-70.15148128258504,40,191468
2024-08-14,Norte,Iquique,-20.22155753083737,-70.14741584281796,31,191468
2024-10-25,Centro,Rancagua,-34.17189483036847,-70.75233626561874,40,232211
2024-11-24,Norte,Iquique,-20.231003373028443,-70.13517018112451,44,191468
2023-03-19,Centro,Valparaiso,-33.03671109304454,-71.62194517732314,54,296655
2024-01-30,Centro,Santiago,-33.4635975389958,-70.67822114103261,1180,5614000
2024-09-01,Centro,Rancagua,-34.165097363075006,-70.75271644827885,41,232211
2024-04-11,Centro,Santiago,-33.43939067864989,-70.67969255253978,1143,5614000
2024-03-10,Norte,Iquique,-20.22786362405009,-70.14541085693145,32,191468
2023-01-17,Norte,Iquique,-20.22532889293655,-70.13150876872146,32,191468
2023-04-29,Sur,Concepcion,-36.82519962320327,-73.0516959309527,54,223574
2023-12-20,Centro,Rancagua,-34.154781136103146,-70.7434847849172,34,232211
2023-09-01,Norte,Antofagasta,-23.64196971854499,-70.38720528098789,74,425725
2024-05-12,Sur,Concepcion,-36.834292410799314,-73.04384762135483,46,223574
2023-02-28,Sur,PuertoMontt,-41.45810850968335,-72.9253595009735,68,245902
2024-05-16,Centro,Valparaiso,-33.03250739328641,-71.60034544791907,66,296655
2023-03-13,Centro,Santiago,-33.44657569035138,-70.66655108158909,1120,5614000
2023-08-14,Norte,Iquique,-20.247306333069407,-70.14053792384613,38,191468
2024-02-07,Sur,Temuco,-38.72746483089601,-72.58824992704331,60,282415
2024-03-24,Centro,Rancagua,-34.17778185851605,-70.73810455611502,45,232211
2024-12-21,Norte,Iquique,-20.23625113217389,-70.13259433502427,39,191468
2023-08-25,Centro,Rancagua,-34.15604188144068,-70.76280402314495,55,232211
2023-05-02,Norte,Antofagasta,-23.659636710904394,-70.39701254768057,84,425725
2023-12-27,Centro,Valparaiso,-33.06090348486235,-71.59444638747242,59,296655
2023-04-01,Norte,Iquique,-20.2240453808453,-70.13861862266785,33,191468
2024-06-06,Norte,Antofagasta,-23.63438289851527,-70.40848838906938,82,425725
2023-03-03,Norte,Antofagasta,-23.65232880718023,-70.39245100071852,89,425725
2024-03-18,Sur,Concepcion,-36.83016831901099,-73.04867036729013,45,223574
2024-08-01,Norte,Antofagasta,-23.653342688609097,-70.39875913661677,87,425725
2024-08-15,Norte,Antofagasta,-23.66446282917116,-70.39721986011958,83,425725
2023-12-15,Norte,Iquique,-20.213842242512456,-70.13337069336244,44,191468
2023-02-17,Sur,Temuco,-38.74831133148412,-72.5821404550532,62,282415
2024-08-03,Centro,Rancagua,-34.1607555318352,-70.76712033033417,37,232211
2024-01-25,Sur,PuertoMontt,-41.46460780024308,-72.93714584614476,53,245902
2023-08-22,Centro,Valparaiso,-33.07111623518661,-71.60932920462889,47,296655
2024-06-19,Sur,Temuco,-38.730484478666995,-72.57725033387385,51,282415
2024-07-11,Centro,Rancagua,-34.15731821725405,-70.73752547614674,55,232211
2024-06-10,Sur,Concepcion,-36.81757447781833,-73.050496563038,35,223574
2023-09-26,Norte,Iquique,-20.220024910034418,-70.12934825461946,43,191468
2024-11-23,Centro,Valparaiso,-33.03507795077518,-71.59514720273208,71,296655
2023-03-25,Sur,Temuco,-38.72827165411517,-72.56446114756295,63,282415
2024-12-27,Norte,Antofagasta,-23.646700862490448,-70.38974662886633,90,425725
2024-07-07,Centro,Rancagua,-34.16822064095124,-70.74366537377794,45,232211
2023-04-23,Sur,Temuco,-38.72478623816701,-72.58715892468794,54,282415
2024-12-08,Norte,Arica,-18.469497487623713,-70.31545159720443,52,247552
2024-05-24,Norte,Antofagasta,-23.64950382940703,-70.38164565264115,86,425725
2023-10-05,Centro,Rancagua,-34.17584229186985,-70.73986806773519,56,232211
2023-08-20,Norte,Arica,-18.47046440627526,-70.30736144542107,40,247552
2023-07-20,Norte,Arica,-18.487392341574648,-70.31642866509938,44,247552
2024-10-16,Sur,PuertoMontt,-41.49008432710361,-72.93088429189905,40,245902
2024-12-17,Sur,PuertoMontt,-41.49548882400685,-72.92043767037634,54,245902
2024-05-30,Centro,Rancagua,-34.193965704181906,-70.74253583328114,47,232211
2024-01-30,Norte,Arica,-18.46178383502836,-70.30279772355124,46,247552
2023-12-01,Sur,Temuco,-38.73226935460442,-72.57607721771583,48,282415
2024-11-13,Norte,Iquique,-20.227648461456532,-70.13453375789442,38,191468
2023-02-02,Norte,Iquique,-20.212032232653293,-70.12829291762036,39,191468
2024-11-27,Centro,Valparaiso,-33.050329476183585,-71.6091645289112,51,296655
2024-10-15,Centro,Santiago,-33.464982694355996,-70.66555818314333,1088,5614000
2024-06-25,Norte,Iquique,-20.23205264138613,-70.13644523364125,43,191468
2024-09-09,Sur,Concepcion,-36.809260656465796,-73.06132335795954,60,223574
2023-02-03,Centro,Santiago,-33.45015920829335,-70.66142973900051,1068,5614000
2023-10-31,Sur,Concepcion,-36.8449989631954,-73.05140970806748,39,223574
2023-02-14,Sur,Temuco,-38.734602818205374,-72.59991977455171,69,282415
2023-08-15,Centro,Santiago,-33.461875741043855,-70.649842950265,1181,5614000
2024-02-07,Centro,Valparaiso,-33.03175887483546,-71.61230153856431,59,296655
2023-05-08,Centro,Santiago,-33.450375100081786,-70.67204838644696,1100,5614000
2023-03-18,Sur,PuertoMontt,-41.48591774776364,-72.93259585894793,51,245902
2023-09-29,Norte,Iquique,-20.22148337318469,-70.14242407808665,38,191468
2023-12-07,Centro,Santiago,-33.45909928803684,-70.67816424965226,1124,5614000
2023-03-18,Sur,Temuco,-38.72533142196185,-72.5917207989486,68,282415
2024-11-16,Sur,PuertoMontt,-41.476714455298,-72.9306671719446,51,245902
2024-03-28,Sur,Temuco,-38.722120728372694,-72.58757610951952,60,282415
2023-03-02,Sur,Concepcion,-36.8272742406599,-73.04971743863221,45,223574
2023-07-13,Centro,Rancagua,-34.165988136897255,-70.72877136574314,50,232211
2024-09-26,Sur,Concepcion,-36.85038027527119,-73.04262321850264,42,223574
2023-10-19,Sur,Temuco,-38.75060378495122,-72.58394855862876,55,282415
2023-09-26,Centro,Rancagua,-34.15901537248544,-70.73931067803069,42,232211
2024-11-18,Sur,Temuco,-38.725900187298556,-72.57410775189885,66,282415
2024-06-30,Centro,Valparaiso,-33.04753630724964,-71.60458459799386,58,296655
2023-01-30,Norte,Antofagasta,-23.658655104408496,-70.41006577732986,68,425725
2024-02-11,Norte,Iquique,-20.261991803965348,-70.12888130857031,42,191468
2024-04-15,Norte,Antofagasta,-23.651872745420512,-70.4006193683812,80,425725
2023-08-07,Centro,Valparaiso,-33.03011650052963,-71.61745528422772,65,296655
2024-07-28,Norte,Arica,-18.476423940468774,-70.32136259993062,56,247552
2024-04-14,Centro,Rancagua,-34.182901626208164,-70.75527283165934,46,232211
2023-05-06,Sur,Concepcion,-36.83247275938469,-73.04888863092837,44,223574
2023-02-24,Sur,Temuco,-38.7380610284915,-72.58074685333393,70,282415
2024-03-02,Norte,Iquique,-20.230757639721126,-70.14082721414108,39,191468
2024-09-28,Centro,Rancagua,-34.15943772395493,-70.7585480268146,46,232211
2023-08-25,Sur,Temuco,-38.74018312691378,-72.601510526267,46,282415
2023-07-01,Norte,Arica,-18.489817154812563,-70.30619091496372,51,247552
2023-10-11,Norte,Arica,-18.487508716823807,-70.31933840239645,56,247552
2023-08-20,Norte,Arica,-18.470044211749425,-70.31585829872812,51,247552
2023-12-08,Norte,Antofagasta,-23.642676599433177,-70.39034266023545,94,425725
2024-10-17,Norte,Iquique,-20.234430082809343,-70.12432242508275,44,191468
2023-10-04,Centro,Santiago,-33.463040422618214,-70.63846845609176,1075,5614000
2023-01-07,Norte,Iquique,-20.23899967273803,-70.13801562190247,42,191468
2024-06-20,Norte,Antofagasta,-23.650262170481707,-70.39476594116888,88,425725
2023-03-22,Centro,Rancagua,-34.16160192625262,-70.73808157996997,59,232211
2023-08-22,Norte,Iquique,-20.25064503871749,-70.14546652347641,29,191468
2023-02-26,Sur,Temuco,-38.739429992494564,-72.58355047828975,52,282415
2024-12-25,Norte,Arica,-18.47541333315224,-70.32374346241421,51,247552
2024-03-31,Sur,Concepcion,-36.84060975873167,-73.0361304193677,47,223574
2023-08-04,Norte,Antofagasta,-23.65283397043339,-70.39842038058293,83,425725
2024-03-22,Norte,Iquique,-20.217210273118848,-70.13910998497293,34,191468
2023-07-11,Sur,Temuco,-38.74614138399666,-72.59535560254312,66,282415
2024-05-08,Centro,Valparaiso,-33.046076860285304,-71.61506677711799,53,296655
2023-07-10,Centro,Valparaiso,-33.05287917890804,-71.62390371172145,67,296655
2023-02-03,Norte,Iquique,-20.233428870341836,-70.14236039074667,45,191468
2024-10-23,Sur,PuertoMontt,-41.46559561663126,-72.94007496686129,46,245902
2023-06-06,Sur,Temuco,-38.74529060411494,-72.59264830820558,49,282415
2023-01-01,Norte,Iquique,-20.218577712219197,-70.13936121534107,43,191468
2023-04-04,Sur,Temuco,-38.73341310026398,-72.59390366484739,44,282415
2024-05-01,Sur,Temuco,-38.74549358104014,-72.58698407310564,53,282415
2024-10-25,Norte,Arica,-18.474674659692806,-70.31099440696684,45,247552
2023-03-16,Centro,Valparaiso,-33.03827475617915,-71.60786484086314,54,296655
2023-02-14,Sur,Temuco,-38.72627543068896,-72.58295740526883,53,282415
2023-08-10,Norte,Arica,-18.476051812677124,-70.31420079905321,45,247552
2023-08-31,Sur,Concepcion,-36.80580281742104,-73.05392190901361,43,223574
2024-08-04,Norte,Arica,-18.47203402741444,-70.32353888295906,47,247552
2023-08-08,Sur,PuertoMontt,-41.46623443080756,-72.94612955390534,50,245902
2024-07-20,Norte,Iquique,-20.21530819184,-70.12930109344963,30,191468
2023-02-09,Sur,Concepcion,-36.82543965427598,-73.03673188948792,45,223574
2024-04-20,Centro,Valparaiso,-33.04561481583394,-71.60581723210323,57,296655
2023-01-21,Sur,PuertoMontt,-41.47414544781368,-72.92562486034367,45,245902
2023-05-09,Sur,Concepcion,-36.83824553974477,-73.05324848125848,36,223574
2024-12-06,Norte,Iquique,-20.2275381254572,-70.13925547343383,40,191468
2024-08-25,Sur,Temuco,-38.747576012500865,-72.58600451624598,68,282415
2024-01-27,Norte,Antofagasta,-23.659362022136616,-70.38614391713814,89,425725
2024-06-26,Norte,Antofagasta,-23.650417880729943,-70.38244394408352,77,425725
2024-08-07,Centro,Santiago,-33.44580167920198,-70.6628976491601,1024,5614000
2024-10-27,Norte,Iquique,-20.235326342511915,-70.11213780358335,42,191468
2023-06-01,Centro,Santiago,-33.455929728348686,-70.67553992180325,1112,5614000
2023-04-20,Norte,Iquique,-20.231831447508668,-70.13808847886332,45,191468
2024-09-10,Norte,Antofagasta,-23.65107245350705,-70.39248546379095,90,425725
2023-03-19,Sur,Temuco,-38.73368662890114,-72.58129785259017,58,282415
2023-12-26,Centro,Valparaiso,-33.043653397167255,-71.60267428891402,66,296655
2024-10-12,Centro,Santiago,-33.435172087411985,-70.67880073679122,1158,5614000
2023-09-18,Sur,Concepcion,-36.83222054510737,-73.06351682503698,35,223574
2023-03-23,Norte,Iquique,-20.22993273600641,-70.13282448796384,44,191468
2024-03-11,Centro,Rancagua,-34.18296466119166,-70.74317776530664,59,232211
2024-02-16,Sur,Concepcion,-36.83294804921621,-73.05086387541309,49,223574
2023-11-06,Centro,Rancagua,-34.16894599379721,-70.73883987777562,48,232211
2024-05-22,Centro,Valparaiso,-33.03877705180033,-71.6102601853315,60,296655
2024-02-29,Sur,Concepcion,-36.825567024566695,-73.05351133754837,41,223574
2024-04-20,Centro,Valparaiso,-33.0479728906293,-71.62431958213098,69,296655
2023-06-22,Sur,Temuco,-38.74268823481889,-72.58616028332645,38,282415
2024-06-13,Centro,Santiago,-33.43842140155389,-70.67419740725427,1120,5614000
2023-05-24,Centro,Santiago,-33.452336161949425,-70.67263901718229,1167,5614000
2024-08-13,Sur,PuertoMontt,-41.47881188840267,-72.92694818071644,48,245902
2024-02-17,Norte,Arica,-18.468287256687972,-70.30596625936519,55,247552
2024-05-30,Sur,Concepcion,-36.82898154833774,-73.04789214438196,50,223574
2023-11-09,Norte,Antofagasta,-23.64517429454598,-70.4021804221625,99,425725
2023-09-27,Centro,Rancagua,-34.1721111838647,-70.75422199848725,52,232211
2023-03-15,Sur,PuertoMontt,-41.470724758360426,-72.93610441950214,49,245902
2024-12-21,Sur,Concepcion,-36.82640138457006,-73.05263625754708,39,223574
2024-07-20,Centro,Santiago,-33.460576943666915,-70.6624675819404,1134,5614000
2024-01-25,Centro,Santiago,-33.45303704597425,-70.67275115412554,1159,5614000
2023-05-09,Norte,Arica,-18.472704825814272,-70.31658804847054,57,247552
2024-07-03,Sur,PuertoMontt,-41.476783866285835,-72.92190421513244,47,245902
2023-11-21,Centro,Valparaiso,-33.050370289234046,-71.61185605120896,75,296655
2023-07-07,Sur,Concepcion,-36.817815731275715,-73.04732891945153,42,223574
2024-05-24,Sur,Concepcion,-36.818519871891844,-73.04360005353895,40,223574
2023-12-29,Sur,Concepcion,-36.845711989981936,-73.03103372390721,32,223574
2023-09-13,Sur,Temuco,-38.738931066772224,-72.58044618054319,59,282415
2024-03-06,Norte,Antofagasta,-23.647600132244627,-70.39202510761635,87,425725
2024-09-01,Centro,Rancagua,-34.177148269616296,-70.74639431046937,41,232211
2023-11-13,Sur,Concepcion,-36.82317066688078,-73.04725383156247,46,223574
2024-07-10,Sur,Concepcion,-36.81590219592008,-73.05610883452171,50,223574
2023-04-07,Norte,Iquique,-20.228140547589174,-70.14014802932023,35,191468
2024-08-21,Centro,Rancagua,-34.164795515953514,-70.73878616951743,48,232211
2024-10-23,Sur,Temuco,-38.739283253036646,-72.5975139674449,60,282415
2023-04-18,Centro,Rancagua,-34.180279392963165,-70.74474510492507,46,232211
2023-07-01,Sur,Temuco,-38.73892643991141,-72.60792714193717,58,282415
2023-02-04,Norte,Iquique,-20.229579588045613,-70.13326960781382,34,191468
2024-12-25,Sur,Temuco,-38.738312347313645,-72.58768286699642,47,282415
2023-02-14,Centro,Santiago,-33.441096230939245,-70.66661552867646,1108,5614000
2024-12-27,Centro,Rancagua,-34.172810389143436,-70.74703031682834,50,232211
2024-01-26,Norte,Iquique,-20.234387096198457,-70.12308322997244,43,191468
2024-02-13,Norte,Antofagasta,-23.641717443854983,-70.39770050245936,90,425725
2023-01-24,Centro,Valparaiso,-33.03141250390071,-71.61884140475344,59,296655
2023-02-26,Centro,Rancagua,-34.17986899342706,-70.73213060378666,51,232211
2023-05-25,Sur,Temuco,-38.76267060180216,-72.57821448863245,65,282415
2023-04-29,Sur,PuertoMontt,-41.480926213534005,-72.94039816653965,59,245902
2024-04-20,Centro,Rancagua,-34.18074593238393,-70.74293997869233,48,232211
2023-12-14,Norte,Antofagasta,-23.656759246703505,-70.39568887382607,66,425725
2024-12-29,Sur,Temuco,-38.74743007511877,-72.60251405311384,50,282415
2024-09-05,Centro,Santiago,-33.45871527640623,-70.68905462513938,1112,5614000
2024-05-13,Sur,Concepcion,-36.83378054301567,-73.06099440064318,40,223574
2023-02-19,Centro,Santiago,-33.455815147673256,-70.67903681988868,1120,5614000
2024-09-21,Sur,Concepcion,-36.81610769058143,-73.04818473475692,40,223574
2023-07-20,Centro,Santiago,-33.44781508153356,-70.66538027175885,1170,5614000
2023-03-16,Norte,Arica,-18.481486079273363,-70.32553570154234,43,247552
2023-04-11,Centro,Valparaiso,-33.04742190441489,-71.59344302512986,64,296655
2023-08-24,Sur,Temuco,-38.721727956665745,-72.59892214547654,58,282415
2023-04-29,Sur,Concepcion,-36.82362633409134,-73.05557516947161,52,223574
2024-01-08,Sur,PuertoMontt,-41.47846627444098,-72.94976054880182,37,245902
2023-05-15,Norte,Antofagasta,-23.661472463988545,-70.39492729345886,84,425725
2024-07-10,Centro,Santiago,-33.43930690043677,-70.66913394749113,1099,5614000
2024-05-16,Centro,Valparaiso,-33.031452452582265,-71.6214046685324,64,296655
2024-11-30,Sur,PuertoMontt,-41.47666630936033,-72.93406400463016,58,245902
2024-07-21,Sur,Temuco,-38.7260628340451,-72.59851379482514,54,282415
2024-03-30,Norte,Antofagasta,-23.666893120238083,-70.42288082744308,82,425725
2023-01-10,Norte,Iquique,-20.23560126547817,-70.13851213861022,30,191468
2024-06-20,Sur,Concepcion,-36.813250356275475,-73.06539078888304,29,223574
2024-12-12,Centro,Rancagua,-34.17349188998343,-70.75135598065819,58,232211
2024-08-28,Norte,Arica,-18.500856633777286,-70.30393154056084,66,247552
2023-08-13,Sur,PuertoMontt,-41.46104285816156,-72.92956448868685,53,245902
2023-10-22,Centro,Rancagua,-34.192244417407174,-70.74939304633111,37,232211
2024-08-17,Norte,Arica,-18.454153303855072,-70.31633416516797,63,247552
2023-08-16,Centro,Santiago,-33.45581373274951,-70.69116472173613,1083,5614000
2023-11-08,Centro,Valparaiso,-33.04861776979451,-71.62605328258437,60,296655
2024-09-04,Centro,Santiago,-33.450595227969345,-70.67355235865139,1139,5614000
2024-06-13,Norte,Arica,-18.476454920441913,-70.30579711041905,56,247552
2024-06-21,Norte,Antofagasta,-23.65123873057827,-70.41145604320354,80,425725
2024-03-25,Norte,Iquique,-20.23073169047334,-70.14963724697053,25,191468
2024-05-08,Centro,Valparaiso,-33.04221174001875,-71.6082730669422,52,296655
2024-10-17,Sur,Temuco,-38.72298563843296,-72.57261556462846,53,282415
2024-02-20,Sur,Concepcion,-36.81456836469792,-73.05564176092467,45,223574
2023-03-25,Centro,Valparaiso,-33.054741450047764,-71.61796828448395,40,296655
2023-08-28,Sur,PuertoMontt,-41.47029447501569,-72.93315010576849,55,245902
2023-12-28,Sur,Concepcion,-36.84409050736365,-73.04093764069727,36,223574
2023-10-16,Centro,Rancagua,-34.178741693564845,-70.72955448850588,54,232211
2024-10-03,Sur,Concepcion,-36.82359837716596,-73.03417800906843,45,223574
2023-02-01,Centro,Rancagua,-34.15870525371598,-70.75783694005428,40,232211
2024-01-06,Centro,Rancagua,-34.168723151780895,-70.7453159678403,43,232211
2023-11-18,Norte,Arica,-18.477655782001694,-70.31511917082238,42,247552
2024-11-19,Centro,Rancagua,-34.17625480249834,-70.74898291653608,47,232211
2023-11-11,Norte,Iquique,-20.218993544856836,-70.14941734863991,29,191468
2023-12-14,Norte,Antofagasta,-23.64241700979191,-70.39133627748741,101,425725
2024-06-28,Centro,Valparaiso,-33.034644642791655,-71.60978522458187,60,296655
2023-12-02,Norte,Iquique,-20.235756678982387,-70.12632798686161,39,191468
2023-01-27,Centro,Rancagua,-34.16832613503009,-70.74911355601927,53,232211
2023-01-08,Sur,PuertoMontt,-41.48181009528718,-72.9273978339127,57,245902
2023-11-14,Centro,Valparaiso,-33.04319775708422,-71.61194835280801,54,296655
2024-09-29,Sur,PuertoMontt,-41.47742532214903,-72.92474460626308,56,245902
2024-01-13,Norte,Iquique,-20.23681980489744,-70.14623523906833,43,191468
2024-05-02,Norte,Iquique,-20.22525928287686,-70.1423566764344,36,191468
2023-11-13,Sur,Concepcion,-36.81739070045694,-73.05337209943099,52,223574
2024-09-20,Sur,Concepcion,-36.83418326024754,-73.03122309171177,33,223574
2024-10-03,Norte,Arica,-18.462097509219653,-70.3027944473655,52,247552
2023-04-03,Norte,Arica,-18.486458186720753,-70.32636538841797,48,247552
2024-05-16,Sur,PuertoMontt,-41.48017130946167,-72.92628578338851,51,245902
2023-11-02,Sur,Concepcion,-36.82619344450219,-73.0498655618477,51,223574
2023-11-13,Norte,Iquique,-20.245487393332223,-70.16430350268558,49,191468
2023-08-30,Sur,Concepcion,-36.818040054275464,-73.06494859143284,39,223574
2023-01-05,Centro,Rancagua,-34.17027169000771,-70.72795395599498,56,232211
2023-02-05,Norte,Iquique,-20.232883873911216,-70.15138159875228,40,191468
2023-04-22,Norte,Arica,-18.48108623578895,-70.33470145753195,45,247552
2023-08-16,Centro,Santiago,-33.42857818843543,-70.6857916411269,1150,5614000
2024-01-22,Sur,Concepcion,-36.82720142837976,-73.04410796107958,33,223574
2023-10-21,Centro,Santiago,-33.44000823322367,-70.68867671433367,1111,5614000
2023-10-09,Centro,Valparaiso,-33.05035066703856,-71.59419902280062,64,296655
2024-11-28,Centro,Rancagua,-34.154650412755466,-70.75064202299889,47,232211
2024-12-31,Sur,PuertoMontt,-41.47574823085907,-72.95564918364576,45,245902
2023-04-17,Sur,PuertoMontt,-41.48925312882982,-72.95762226297549,57,245902
2023-03-16,Norte,Antofagasta,-23.643530378093974,-70.37828055566415,81,425725
2023-09-27,Sur,Temuco,-38.764057445267085,-72.5904276344531,72,282415
2024-07-21,Norte,Iquique,-20.240315303632183,-70.13555120779822,39,191468
2023-02-15,Centro,Santiago,-33.455455863739985,-70.66903150209365,1116,5614000
2023-11-21,Norte,Arica,-18.458221477278443,-70.31473137471764,42,247552
2023-10-23,Centro,Rancagua,-34.17544329616824,-70.74272936002777,50,232211
2024-08-31,Sur,Temuco,-38.73369065336258,-72.59804622939707,52,282415
2024-05-02,Sur,Concepcion,-36.82390827009502,-73.0515957289208,38,223574
2023-03-30,Norte,Iquique,-20.22716199891685,-70.14058166037694,52,191468
2024-06-18,Centro,Santiago,-33.44970458352917,-70.66099122913847,1128,5614000
2024-11-07,Centro,Rancagua,-34.1855385547938,-70.74897309932379,48,232211
2024-03-27,Sur,Temuco,-38.75035086523429,-72.59982979489531,63,282415
2024-11-24,Sur,PuertoMontt,-41.48086722335789,-72.927038599338,51,245902
2023-02-27,Centro,Rancagua,-34.17241957122051,-70.75001097660746,38,232211
2023-03-26,Norte,Antofagasta,-23.655602917208768,-70.39609856268551,86,425725
2023-07-08,Sur,Temuco,-38.733991242986676,-72.58046616984946,57,282415
2023-03-26,Sur,PuertoMontt,-41.48512841263366,-72.9318629309454,40,245902
2024-05-28,Centro,Santiago,-33.435487889253096,-70.64908426781406,1097,5614000
2024-11-28,Sur,Temuco,-38.745636625589846,-72.57966816134038,51,282415
2023-09-16,Norte,Arica,-18.483088117992295,-70.30424951322348,54,247552
2023-04-02,Centro,Santiago,-33.46979830968395,-70.67439738346704,1166,5614000
2024-09-25,Sur,Temuco,-38.72200828625336,-72.56701021417184,63,282415
2024-09-27,Sur,PuertoMontt,-41.49339466181501,-72.94689708251309,45,245902
2023-10-05,Centro,Rancagua,-34.17052726353683,-70.7342045015905,41,232211
2023-07-31,Norte,Iquique,-20.252635778216263,-70.13691137929817,38,191468
2023-08-14,Norte,Arica,-18.4693094189135,-70.3099141429737,38,247552
2024-07-12,Sur,PuertoMontt,-41.474204299399894,-72.94577791792697,46,245902
2023-04-03,Centro,Santiago,-33.44938966089628,-70.66677309384883,1113,5614000
2023-05-14,Norte,Iquique,-20.230716660857244,-70.14376070912428,42,191468
2023-08-23,Sur,Temuco,-38.74535435115482,-72.60838399171293,54,282415
2024-11-03,Sur,Concepcion,-36.845832715531984,-73.04750991779696,55,223574
2024-09-01,Centro,Rancagua,-34.165417985746636,-70.73838083316271,42,232211
2024-04-06,Centro,Santiago,-33.45128716146587,-70.67090222548788,1072,5614000
2024-12-08,Norte,Iquique,-20.24053093316482,-70.13086459589196,31,191468
2024-07-28,Centro,Santiago,-33.44351890282644,-70.66739514981955,1127,5614000
2023-12-11,Norte,Iquique,-20.222876044498168,-70.13748699895949,42,191468
2023-06-13,Centro,Rancagua,-34.17669171943336,-70.7402412896083,56,232211
2023-04-17,Norte,Iquique,-20.238304434683545,-70.12635235562217,36,191468
2024-06-25,Sur,PuertoMontt,-41.465286389729705,-72.95393676547991,56,245902
2024-10-13,Sur,PuertoMontt,-41.464705514305706,-72.92873065327134,44,245902
2024-10-14,Centro,Valparaiso,-33.04001674605092,-71.61609368043393,61,296655
2023-07-03,Centro,Rancagua,-34.17523337372111,-70.76309639530112,51,232211
2023-02-15,Norte,Antofagasta,-23.633499512264727,-70.41327296732322,74,425725
2023-10-10,Sur,PuertoMontt,-41.46139131777277,-72.92228336684305,41,245902
2024-07-30,Sur,PuertoMontt,-41.472865610579326,-72.92554433243177,35,245902
2023-07-15,Centro,Santiago,-33.447143556980734,-70.66218087032507,1141,5614000
2024-06-16,Norte,Arica,-18.44733854859173,-70.31424585160181,56,247552
2024-10-31,Norte,Arica,-18.475436649629067,-70.29107298822355,52,247552
2024-07-09,Norte,Antofagasta,-23.65518563073064,-70.39805644679063,93,425725
2023-07-27,Centro,Valparaiso,-33.03500017152944,-71.6068528972872,48,296655
2024-03-31,Norte,Arica,-18.493211939298227,-70.31831196352888,51,247552
2023-08-26,Centro,Santiago,-33.44227984672146,-70.66376930132236,1124,5614000
2024-07-27,Sur,Concepcion,-36.81875118213744,-73.05028592532918,55,223574
2023-12-12,Norte,Antofagasta,-23.636761985551374,-70.37675734774035,87,425725
2024-06-15,Norte,Iquique,-20.234303235154172,-70.14101509538595,40,191468
2023-12-05,Centro,Rancagua,-34.16451507031763,-70.74062213419451,50,232211
2024-12-17,Centro,Rancagua,-34.16852719751469,-70.74414082108794,47,232211
2024-01-07,Centro,Rancagua,-34.16571270237749,-70.73122579890553,47,232211
2023-06-06,Sur,Concepcion,-36.834744334156674,-73.04926421483702,36,223574
2023-02-19,Centro,Valparaiso,-33.02072862684419,-71.60688794693424,57,296655
2024-12-22,Norte,Iquique,-20.230194321042084,-70.10994709317922,36,191468
2024-03-28,Norte,Arica,-18.465301050058322,-70.32243496792633,55,247552
2023-07-18,Centro,Valparaiso,-33.0594196545435,-71.63575508741121,51,296655
2024-04-18,Centro,Rancagua,-34.149020780778095,-70.75984942735909,51,232211
2023-05-05,Sur,PuertoMontt,-41.47587119102507,-72.94041059887034,53,245902
2024-06-10,Sur,Temuco,-38.74246544539824,-72.5901181730597,48,282415
2024-09-09,Sur,PuertoMontt,-41.46649830247374,-72.92709728548957,38,245902
2023-12-05,Norte,Arica,-18.47777970932848,-70.32896983161736,57,247552
2024-03-30,Norte,Antofagasta,-23.648599732034178,-70.39917350305815,88,425725
2023-08-21,Sur,Temuco,-38.76148681402097,-72.59759152463975,49,282415
2024-05-13,Norte,Arica,-18.45853159021851,-70.29016269879415,53,247552
2023-07-11,Norte,Arica,-18.4876257174286,-70.32390323976061,48,247552
2023-12-17,Norte,Iquique,-20.2197290443234,-70.15384058599226,32,191468
2023-07-06,Sur,Concepcion,-36.832748659093184,-73.03847684242366,52,223574
2024-02-23,Sur,PuertoMontt,-41.48298514239501,-72.92266489469294,59,245902
2024-02-06,Centro,Santiago,-33.438891497398856,-70.67648627370372,1114,5614000
2024-12-21,Centro,Rancagua,-34.154344886094385,-70.7346156850649,56,232211
2024-09-06,Centro,Santiago,-33.43066324470011,-70.66599017915047,1174,5614000
2024-04-26,Sur,PuertoMontt,-41.476763489565386,-72.92970202377093,50,245902
2024-11-20,Sur,PuertoMontt,-41.49034641079566,-72.93361136786407,54,245902
2024-04-23,Sur,Temuco,-38.74001598876978,-72.58757729753349,52,282415
2023-11-06,Sur,Concepcion,-36.83673196121998,-73.05103611011909,51,223574
2024-12-16,Centro,Valparaiso,-33.0363270636175,-71.61898417739773,62,296655
2023-02-15,Norte,Arica,-18.47981704846972,-70.3348619035657,51,247552
2023-09-01,Norte,Arica,-18.469476075926156,-70.29882632796448,49,247552
2024-08-27,Sur,Temuco,-38.73555619734651,-72.58924472282288,59,282415
2023-02-16,Sur,Temuco,-38.73453824433649,-72.57657771115272,64,282415
2023-11-09,Sur,Temuco,-38.74538632471687,-72.6037967916272,63,282415
2023-06-29,Norte,Antofagasta,-23.648050866628846,-70.40721676738836,80,425725
2024-10-25,Sur,Concepcion,-36.822900101431735,-73.03340118777705,45,223574
2023-12-25,Centro,Valparaiso,-33.040549940855215,-71.6151254036683,72,296655
2024-09-25,Sur,Concepcion,-36.837148573810666,-73.04973391519943,39,223574
2023-03-07,Centro,Valparaiso,-33.031998610005125,-71.63256910142346,71,296655
2023-07-18,Norte,Antofagasta,-23.64127296294457,-70.41474032943098,83,425725
2023-05-13,Centro,Rancagua,-34.18773993663073,-70.75347781852275,42,232211
2023-12-16,Norte,Antofagasta,-23.671673821605193,-70.3874507972276,83,425725
2023-09-05,Centro,Santiago,-33.44447478771004,-70.67101684691907,1107,5614000
2024-12-12,Centro,Valparaiso,-33.04441033105225,-71.6133040509022,54,296655
2024-02-14,Sur,Temuco,-38.737168397979985,-72.58740142930799,46,282415
2023-09-16,Norte,Arica,-18.463252148018988,-70.31100433882878,55,247552
2023-01-24,Centro,Santiago,-33.452630520525496,-70.67245473528058,1169,5614000
2024-11-01,Norte,Iquique,-20.201464712956625,-70.14998895374643,32,191468
2023-12-25,Norte,Antofagasta,-23.64122649363074,-70.41994728467785,83,425725
2023-08-31,Sur,Temuco,-38.748689736614594,-72.60508204408474,66,282415
2024-08-23,Norte,Antofagasta,-23.646136458959923,-70.3900217981246,96,425725
2024-02-09,Centro,Santiago,-33.46773723825447,-70.67049798330656,1171,5614000
2024-12-07,Norte,Antofagasta,-23.643249176780273,-70.39106621851886,94,425725
2023-11-15,Sur,PuertoMontt,-41.477175144580805,-72.94790548952486,62,245902
2023-10-03,Norte,Antofagasta,-23.64087496696509,-70.38486069343514,70,425725
2024-01-13,Sur,Temuco,-38.73961691062352,-72.58264241544762,51,282415
2023-07-10,Centro,Rancagua,-34.17390279563086,-70.74496183773861,40,232211
2024-08-24,Sur,Concepcion,-36.827971931780496,-73.0547520048618,39,223574
2024-08-07,Norte,Arica,-18.48414552130463,-70.30818703376079,52,247552
2023-12-22,Sur,PuertoMontt,-41.474110832685845,-72.94635624560954,61,245902
2023-08-30,Centro,Rancagua,-34.15499668051286,-70.75204149366964,51,232211
2023-01-07,Sur,Concepcion,-36.839426960111396,-73.05730340655795,52,223574
2024-10-23,Centro,Santiago,-33.45371563619843,-70.66754089730289,1176,5614000
2023-11-20,Centro,Valparaiso,-33.0617550048124,-71.6282846729076,51,296655
2023-09-03,Norte,Iquique,-20.23562820502811,-70.13650047805429,29,191468
2024-02-22,Norte,Antofagasta,-23.64789240333384,-70.38738070043544,81,425725
2023-05-13,Centro,Valparaiso,-33.04561039854826,-71.62417772375544,67,296655
2023-03-09,Norte,Iquique,-20.231805507446627,-70.12437994736061,51,191468
2024-12-15,Sur,Temuco,-38.733281089129235,-72.5853878174419,40,282415
2024-03-13,Centro,Santiago,-33.4493916937583,-70.64733356229917,1093,5614000
2024-01-26,Norte,Antofagasta,-23.65145722482788,-70.41964856103014,80,425725
2024-01-18,Sur,PuertoMontt,-41.470351974877204,-72.94892879959293,47,245902
2024-01-29,Norte,Iquique,-20.24321729080002,-70.13675630491004,35,191468
2023-04-02,Centro,Rancagua,-34.17412783484182,-70.76120783802394,48,232211
2024-07-21,Norte,Arica,-18.490451657965636,-70.30457868253562,64,247552
2023-05-14,Centro,Santiago,-33.449108500825076,-70.67227526197806,1160,5614000
2023-12-15,Norte,Iquique,-20.22124198320615,-70.12743192702165,39,191468
2023-05-18,Sur,Concepcion,-36.82379096533248,-73.03319048830343,48,223574
2023-05-09,Centro,Rancagua,-34.17527435109892,-70.74009412176409,45,232211
2024-02-01,Centro,Valparaiso,-33.055036469884435,-71.61370488811842,53,296655
2023-01-07,Centro,Rancagua,-34.16746720547297,-70.73901756694487,48,232211
2023-10-07,Norte,Arica,-18.46845562412729,-70.32314550145493,44,247552
2024-11-18,Norte,Antofagasta,-23.63158812155297,-70.39961377942966,87,425725
2024-06-08,Norte,Arica,-18.476523785306476,-70.29880179050313,51,247552
2024-04-26,Centro,Santiago,-33.45768704979899,-70.66575972344526,1145,5614000
2024-04-26,Norte,Antofagasta,-23.632342939875596,-70.38689389933336,69,425725
2024-07-27,Sur,Concepcion,-36.84310846618187,-73.0473945739929,30,223574
2024-03-23,Sur,Temuco,-38.74060891754631,-72.59201660675332,53,282415
2023-09-18,Norte,Antofagasta,-23.660279430620225,-70.41384172387502,89,425725
2024-10-22,Sur,Temuco,-38.71935097852322,-72.57071610786173,56,282415
2024-03-13,Norte,Arica,-18.475395007985934,-70.32401594875346,53,247552
2023-09-18,Norte,Arica,-18.48594889261175,-70.31579387661488,47,247552
2024-12-06,Norte,Arica,-18.481530826463082,-70.32260135094829,50,247552
2023-08-13,Norte,Antofagasta,-23.634397825992448,-70.39484502392769,93,425725
2024-02-07,Sur,Temuco,-38.73373106625386,-72.5882184636193,57,282415
2023-08-09,Centro,Santiago,-33.446069321363446,-70.66633437973977,1046,5614000
2023-01-28,Norte,Arica,-18.49386835376184,-70.3062330370842,47,247552
2023-02-26,Centro,Rancagua,-34.160144528636415,-70.74124110662939,48,232211
2024-02-21,Centro,Rancagua,-34.197986844008305,-70.73999836575423,50,232211
2023-12-20,Sur,Concepcion,-36.83264333292805,-73.05051874121209,55,223574
2023-11-28,Norte,Iquique,-20.249481310983924,-70.14309028329346,30,191468
2023-03-07,Centro,Valparaiso,-33.05269611251481,-71.62038500123207,67,296655
2024-01-19,Norte,Arica,-18.485316387482648,-70.31107820478373,58,247552
2023-12-15,Norte,Arica,-18.471482156264543,-70.32139885157,51,247552
2023-09-03,Sur,Concepcion,-36.83093505550713,-73.03812889226977,50,223574
2023-07-26,Sur,Temuco,-38.732588841844475,-72.60054315463877,46,282415
2024-01-04,Norte,Arica,-18.480147364970662,-70.32056678384518,38,247552
2023-07-03,Sur,PuertoMontt,-41.46236229174565,-72.93791143390644,46,245902
2024-06-13,Norte,Arica,-18.465976731375363,-70.31672752627783,50,247552
2023-04-29,Sur,PuertoMontt,-41.47399142046603,-72.91985249930084,56,245902
2024-06-19,Norte,Antofagasta,-23.662122332115075,-70.39375217386959,86,425725
2023-05-10,Norte,Arica,-18.468021925278503,-70.30080113132101,45,247552
2023-07-06,Centro,Valparaiso,-33.03339392539695,-71.62296586359308,52,296655
2024-03-24,Norte,Antofagasta,-23.648604252505447,-70.40952658348411,94,425725
2023-08-14,Sur,Temuco,-38.733314313715105,-72.58154301391711,48,282415
2024-12-31,Sur,Concepcion,-36.84257730270423,-73.05469995546426,30,223574
2023-06-30,Sur,PuertoMontt,-41.46824931986568,-72.93999254172346,62,245902
2024-03-15,Norte,Antofagasta,-23.65143231615938,-70.40842268809976,104,425725
2024-03-07,Centro,Santiago,-33.46596852863372,-70.66357028369761,1087,5614000
2023-06-25,Centro,Santiago,-33.44995676460325,-70.66934709457149,1130,5614000
2024-08-20,Centro,Santiago,-33.4542239964755,-70.68559833879803,1148,5614000
2023-06-10,Centro,Valparaiso,-33.058247707433516,-71.63019620647282,61,296655
2024-12-28,Sur,PuertoMontt,-41.475866757337656,-72.93696922698896,44,245902
2024-09-28,Centro,Valparaiso,-33.04336572504708,-71.62136848471589,58,296655
2024-05-14,Norte,Antofagasta,-23.652460427758925,-70.42025259470017,86,425725
2024-08-17,Sur,Temuco,-38.756390130752024,-72.59749100925247,52,282415
2024-02-10,Sur,PuertoMontt,-41.46173254188554,-72.94508844759225,39,245902
2024-12-31,Sur,Temuco,-38.73657360254036,-72.60637317139998,59,282415
2023-12-28,Norte,Antofagasta,-23.635846961329865,-70.41423390849577,98,425725
2023-04-22,Norte,Iquique,-20.232867535843887,-70.11902875785023,44,191468
2024-11-24,Sur,Concepcion,-36.826423826351515,-73.03521525954159,54,223574
2023-05-29,Centro,Santiago,-33.440258621577286,-70.68935535170064,1079,5614000
2024-04-28,Norte,Arica,-18.49546082194109,-70.31530721213932,45,247552
2023-07-03,Norte,Iquique,-20.222323017401138,-70.11988638465417,32,191468
2023-11-20,Norte,Arica,-18.48823265865684,-70.30898785270718,44,247552
2024-12-31,Centro,Santiago,-33.442431645990276,-70.66823620051206,1113,5614000
2024-05-22,Sur,Concepcion,-36.82596001695166,-73.05744696139075,47,223574
2023-09-14,Norte,Antofagasta,-23.65833550422003,-70.40054039837493,68,425725
2024-12-23,Sur,Temuco,-38.728566380224976,-72.58311413441028,64,282415
2023-09-03,Sur,PuertoMontt,-41.484930079277746,-72.92838150325505,37,245902
2024-01-12,Centro,Santiago,-33.45036854054312,-70.66834009951681,1102,5614000
2024-03-14,Sur,PuertoMontt,-41.47945798503903,-72.93674967517507,51,245902
2023-11-30,Centro,Valparaiso,-33.04823580814646,-71.62141922076498,56,296655
2024-11-01,Norte,Antofagasta,-23.64831304766436,-70.40267232964716,84,425725
2023-08-03,Sur,Temuco,-38.716421719611326,-72.59931578191316,55,282415
2023-06-07,Centro,Santiago,-33.45604734355951,-70.6770426028924,1119,5614000
2024-08-11,Centro,Rancagua,-34.15426469496032,-70.7398675589304,33,232211
2024-05-14,Centro,Rancagua,-34.15306178467568,-70.73715163840858,60,232211
2023-07-14,Sur,Concepcion,-36.84676099190573,-73.04571443551235,55,223574
2024-07-28,Centro,Rancagua,-34.19917795045169,-70.73048809227058,47,232211
2023-05-31,Centro,Santiago,-33.471319777787265,-70.67140782831807,1103,5614000
2023-04-14,Norte,Iquique,-20.235013847260017,-70.13169937939531,33,191468
2023-07-29,Norte,Antofagasta,-23.63548169097498,-70.41378380670473,95,425725
2023-01-02,Norte,Arica,-18.47358499649322,-70.31674938439156,55,247552
2023-03-11,Norte,Arica,-18.479996773974378,-70.31429963799386,44,247552
2023-04-07,Norte,Arica,-18.47127291964076,-70.30427062957976,55,247552
2024-07-13,Sur,PuertoMontt,-41.468152887198585,-72.93570439735943,50,245902
2024-11-24,Norte,Antofagasta,-23.643447714082892,-70.4024736891285,91,425725
2024-01-11,Sur,PuertoMontt,-41.479903823486765,-72.92642357871864,47,245902
2023-06-25,Norte,Antofagasta,-23.65618675152327,-70.39418175260111,87,425725
2023-11-28,Centro,Rancagua,-34.1633250524684,-70.73968589606275,60,232211
2024-07-14,Sur,Concepcion,-36.84649267048494,-73.04846919639316,38,223574
2024-06-18,Centro,Rancagua,-34.165459705570825,-70.73917653596126,66,232211
2023-02-09,Norte,Antofagasta,-23.64705753981889,-70.3945302978482,78,425725
2023-12-17,Sur,PuertoMontt,-41.47904143564404,-72.94638975726593,57,245902
2024-11-09,Sur,PuertoMontt,-41.47632106177185,-72.92399726837594,55,245902
2023-01-13,Sur,Temuco,-38.73713446776095,-72.58976595741457,55,282415
2024-09-07,Norte,Iquique,-20.23724919601371,-70.13304541113132,40,191468
2023-04-24,Norte,Arica,-18.47861036534973,-70.31858715896392,38,247552
2023-01-17,Norte,Iquique,-20.236731541252855,-70.1215606175213,41,191468
2024-06-16,Norte,Arica,-18.483648510999213,-70.32043026788682,42,247552
2024-09-21,Centro,Rancagua,-34.16918213938461,-70.74319888304386,50,232211
2024-05-04,Norte,Iquique,-20.230309383640094,-70.11871059652512,32,191468
2024-12-03,Norte,Iquique,-20.2204463638096,-70.13122098259608,34,191468
2023-11-26,Centro,Santiago,-33.4549288492485,-70.67418089964957,1149,5614000
2023-07-01,Norte,Arica,-18.464139582450116,-70.30793037296132,54,247552
2024-05-16,Sur,Concepcion,-36.835884452376916,-73.05429342405048,49,223574
2024-05-26,Sur,PuertoMontt,-41.47099515931198,-72.92730543080856,45,245902
2024-01-28,Centro,Valparaiso,-33.03918058075678,-71.61170708275662,60,296655
2024-05-26,Sur,Temuco,-38.740961622378755,-72.60812395626013,48,282415
2024-01-11,Centro,Santiago,-33.44786466687447,-70.65061932461116,1086,5614000
2024-10-02,Norte,Antofagasta,-23.648732321579566,-70.38883017997388,76,425725
2024-12-21,Norte,Antofagasta,-23.644470774246656,-70.41247640835248,79,425725
2024-05-14,Centro,Rancagua,-34.15912120135791,-70.72660908270034,59,232211
2023-06-25,Norte,Arica,-18.47107311507394,-70.31886344498498,35,247552
2024-09-12,Centro,Valparaiso,-33.04313005589234,-71.6185064675814,65,296655
2023-09-01,Sur,Temuco,-38.72342162239359,-72.5807295094448,46,282415
2023-03-28,Centro,Valparaiso,-33.064597156413036,-71.60352236955617,46,296655
2024-03-02,Sur,PuertoMontt,-41.46068917547137,-72.92563263340197,46,245902
2024-04-27,Centro,Valparaiso,-33.06277072583241,-71.60486843689343,46,296655
2024-07-25,Sur,PuertoMontt,-41.47229295795708,-72.93988232570726,48,245902
2024-09-15,Norte,Iquique,-20.23871925500375,-70.12904627021047,32,191468
2023-01-02,Norte,Iquique,-20.231403946673044,-70.13480021584373,35,191468
2023-11-29,Norte,Arica,-18.489528373971943,-70.30512645015074,48,247552
2023-05-13,Sur,PuertoMontt,-41.457807443224446,-72.92991750942691,50,245902
2024-09-03,Sur,Temuco,-38.715686886129134,-72.59591216852485,58,282415
2023-02-02,Norte,Antofagasta,-23.639191277698373,-70.42769920488554,97,425725
2023-09-26,Sur,PuertoMontt,-41.4732780023503,-72.93928007777649,45,245902
2023-01-21,Centro,Santiago,-33.466134168291106,-70.67102422802614,1034,5614000
2024-05-13,Centro,Valparaiso,-33.06062222271013,-71.60647777619796,48,296655
2024-10-30,Sur,Concepcion,-36.82105334391724,-73.04709710456798,51,223574
2024-10-31,Centro,Valparaiso,-33.041701478161386,-71.60753170711256,57,296655
2023-04-22,Norte,Antofagasta,-23.661281404417203,-70.38879424268605,93,425725
2023-08-09,Norte,Iquique,-20.22686315980096,-70.12592651658665,52,191468
2024-02-10,Sur,Temuco,-38.71699930639204,-72.59292082549324,57,282415
2024-06-10,Sur,PuertoMontt,-41.4743616574982,-72.93358222649628,47,245902
2024-01-07,Centro,Valparaiso,-33.044863731234386,-71.59888303672365,56,296655
2023-07-28,Sur,Concepcion,-36.81665389354172,-73.05663323065535,50,223574
2023-10-18,Norte,Arica,-18.473424606654095,-70.3125944932894,55,247552
2023-12-08,Sur,Temuco,-38.75439627300174,-72.59882638360261,63,282415
2023-08-25,Norte,Antofagasta,-23.64593275710969,-70.3838053686184,113,425725
2023-04-17,Centro,Santiago,-33.445980556162546,-70.66070361280022,1128,5614000
2023-06-20,Sur,Concepcion,-36.84570773842243,-73.04638528001489,36,223574
2024-04-12,Sur,Temuco,-38.73977263983497,-72.58177750840956,61,282415
2024-05-05,Centro,Santiago,-33.463782131809296,-70.67382883005241,1118,5614000
2024-02-25,Sur,Concepcion,-36.8136309405777,-73.04504624376717,35,223574
2023-08-17,Centro,Santiago,-33.44307382245265,-70.674030931931,1108,5614000
2023-02-22,Norte,Antofagasta,-23.652380783392744,-70.39790554979626,111,425725
2023-08-29,Centro,Rancagua,-34.17584506847465,-70.72983960439318,40,232211
2024-01-05,Sur,Concepcion,-36.83650372516391,-73.04756944318699,29,223574
2024-07-24,Sur,PuertoMontt,-41.46644800455349,-72.94457960560484,42,245902
2023-11-29,Sur,Concepcion,-36.82780850024954,-73.05006631000937,40,223574
2023-04-14,Norte,Antofagasta,-23.653479553582788,-70.39933146795158,77,425725
2023-04-27,Norte,Arica,-18.48293718165618,-70.33086118900829,47,247552
2024-10-08,Centro,Santiago,-33.442755362327084,-70.66836568203902,1160,5614000
2023-01-24,Norte,Arica,-18.470945118131112,-70.3051163550512,43,247552
2024-04-28,Norte,Iquique,-20.23208600010106,-70.16924426378435,37,191468
2023-09-04,Centro,Santiago,-33.4332390053333,-70.66049811545324,1097,5614000
2024-01-07,Norte,Antofagasta,-23.655002393025594,-70.3965183106243,82,425725
2024-10-07,Norte,Arica,-18.47628150488486,-70.34357437010549,52,247552
2024-01-17,Centro,Valparaiso,-33.047954191328024,-71.61208425317443,68,296655
2023-09-18,Norte,Antofagasta,-23.63195257557725,-70.39379718979595,89,425725
2023-10-28,Centro,Valparaiso,-33.061319899582664,-71.61669134126208,52,296655
2024-06-16,Norte,Iquique,-20.237853688369015,-70.12408179944411,36,191468
2023-02-08,Centro,Santiago,-33.45127823691765,-70.68557832751112,1050,5614000
2024-01-06,Norte,Antofagasta,-23.650781762716,-70.41796315729819,67,425725
2024-03-25,Sur,Temuco,-38.73051817658625,-72.58935099282185,59,282415
2023-09-19,Norte,Arica,-18.47888857867098,-70.32338694063701,44,247552
2024-02-17,Norte,Antofagasta,-23.62138053599154,-70.3793627013962,74,425725
2024-07-21,Centro,Rancagua,-34.1681309217554,-70.73458548585734,37,232211
2023-02-16,Sur,Temuco,-38.73422627150468,-72.58180909478769,52,282415
2023-02-16,Norte,Antofagasta,-23.650359615780406,-70.3908152390778,83,425725
2024-03-04,Sur,PuertoMontt,-41.47715957832804,-72.9449210242751,39,245902
2024-10-25,Norte,Arica,-18.47997795829937,-70.30147636519777,51,247552
2023-09-24,Sur,PuertoMontt,-41.47530041603908,-72.94607071321757,63,245902
2024-05-30,Centro,Santiago,-33.43548738677795,-70.67608697104232,1089,5614000
2024-09-14,Sur,Temuco,-38.72806811803681,-72.59888702070643,49,282415
2023-09-14,Sur,Concepcion,-36.84543393579458,-73.06126392923497,43,223574
2024-11-04,Norte,Antofagasta,-23.65351283913318,-70.3761640799096,92,425725
2024-12-09,Norte,Arica,-18.461366535090963,-70.31486747279963,49,247552
2024-12-10,Norte,Arica,-18.48184446520538,-70.32386317891572,47,247552
2024-10-29,Sur,PuertoMontt,-41.46769422158576,-72.93508837121163,49,245902
2023-04-13,Centro,Valparaiso,-33.05273784879391,-71.60208540539683,47,296655
2023-11-11,Sur,Concepcion,-36.84658401632017,-73.04659758465358,51,223574
2024-03-13,Sur,Concepcion,-36.824338538218164,-73.05224717972499,55,223574
2024-02-14,Norte,Arica,-18.48002072365478,-70.31327093975746,42,247552
2023-12-14,Sur,PuertoMontt,-41.46283377874173,-72.94263559804138,58,245902
2024-10-05,Sur,Concepcion,-36.81897084864025,-73.05043995021919,33,223574
2023-12-14,Norte,Antofagasta,-23.66463709436746,-70.3839619083234,82,425725
2023-07-20,Norte,Arica,-18.48490142306528,-70.31899356909523,49,247552
2023-05-03,Centro,Rancagua,-34.158997572293785,-70.73919328871524,53,232211
2024-09-01,Norte,Iquique,-20.217140124148862,-70.12269467383045,47,191468
2023-09-30,Centro,Santiago,-33.460140848337716,-70.66331927016458,1086,5614000
2024-09-06,Sur,Concepcion,-36.798865962291586,-73.05954366123274,43,223574
2024-12-11,Sur,Concepcion,-36.84598575953932,-73.03720730743595,39,223574
2023-01-01,Norte,Antofagasta,-23.657189420079774,-70.38689222904584,86,425725
2023-09-12,Norte,Arica,-18.47468831627536,-70.31267834215876,46,247552
2024-08-08,Sur,PuertoMontt,-41.461198258597264,-72.93203340530196,52,245902
2023-06-27,Norte,Iquique,-20.24287858161465,-70.12906328547076,41,191468
2024-12-16,Norte,Antofagasta,-23.651943488376297,-70.38620827401111,89,425725
2024-08-04,Norte,Iquique,-20.24019138012176,-70.12346411358507,40,191468
2024-11-17,Sur,PuertoMontt,-41.48050335639617,-72.92561560549204,42,245902
2024-07-27,Centro,Santiago,-33.46620243824113,-70.66869249680636,1133,5614000
2024-04-24,Centro,Valparaiso,-33.05630826835957,-71.60062364785965,60,296655
2024-01-22,Centro,Rancagua,-34.155134902303814,-70.74811957686765,45,232211
2023-08-31,Centro,Valparaiso,-33.03241760570525,-71.60061829995094,60,296655
2024-07-31,Sur,Temuco,-38.73655222684541,-72.60389851939615,61,282415
2023-12-18,Norte,Antofagasta,-23.662415523307743,-70.40624820703891,90,425725
2024-06-07,Centro,Rancagua,-34.17237665353395,-70.75408070820063,47,232211
2023-04-04,Sur,PuertoMontt,-41.49153832772383,-72.94127434891358,54,245902
2024-11-02,Norte,Antofagasta,-23.657172560813596,-70.40643333362021,77,425725
2023-08-03,Sur,Temuco,-38.739733135056184,-72.58744683435525,47,282415
2024-06-17,Centro,Rancagua,-34.17029407062158,-70.76218281245002,48,232211
2023-07-29,Centro,Santiago,-33.46296972592729,-70.67109744146397,1145,5614000
2024-11-14,Centro,Valparaiso,-33.05508701224534,-71.61037603449597,62,296655
2023-04-01,Sur,Concepcion,-36.82204577197411,-73.0269997816365,44,223574
2024-10-03,Norte,Antofagasta,-23.66084003813602,-70.41195034084481,79,425725
2023-10-11,Norte,Antofagasta,-23.634502261508377,-70.39089214344564,77,425725
2023-10-25,Centro,Valparaiso,-33.06687311464513,-71.6186134430713,58,296655
2023-04-21,Norte,Iquique,-20.23777771850331,-70.13652140179396,40,191468
2023-09-15,Norte,Antofagasta,-23.64296123647066,-70.40589212170437,81,425725
2023-11-06,Sur,PuertoMontt,-41.48292490334949,-72.9402365342328,41,245902
2024-02-13,Sur,PuertoMontt,-41.46790779462569,-72.94748737500926,56,245902
2024-10-27,Centro,Santiago,-33.44801102786731,-70.66553702221539,1120,5614000
2023-10-30,Sur,Concepcion,-36.826177302421755,-73.04830954525252,50,223574
2023-01-16,Sur,PuertoMontt,-41.4676288458864,-72.92642775257659,51,245902
2024-09-25,Sur,Concepcion,-36.83017275305031,-73.04649627181448,47,223574
2024-06-28,Norte,Iquique,-20.223179827931915,-70.13509601409075,28,191468
2023-07-12,Sur,Temuco,-38.73986237424409,-72.59572274910367,53,282415
2023-03-01,Sur,PuertoMontt,-41.46725564800627,-72.94546511273178,42,245902
2023-04-15,Norte,Arica,-18.46408324262646,-70.2996480013209,60,247552
2024-05-08,Norte,Arica,-18.47385900523869,-70.32216543698607,51,247552
2023-03-16,Sur,Concepcion,-36.84652872739146,-73.05295285105746,47,223574
2023-01-02,Centro,Rancagua,-34.16395251136216,-70.75762197436961,41,232211
2024-12-12,Norte,Antofagasta,-23.646684055601366,-70.41288705366824,85,425725
2023-12-30,Centro,Santiago,-33.44228718596153,-70.67062596116511,1132,5614000
2023-04-06,Sur,Concepcion,-36.80369386988855,-73.05305054412926,35,223574
2024-01-05,Centro,Rancagua,-34.17299976513853,-70.73896638952276,43,232211
2023-10-12,Sur,PuertoMontt,-41.45891384558534,-72.91880862955908,41,245902
2023-12-04,Norte,Iquique,-20.23276025706349,-70.13903166945647,55,191468
2024-04-10,Centro,Valparaiso,-33.03727395455731,-71.60677181153643,56,296655
2024-03-29,Norte,Iquique,-20.223452038656998,-70.13892327101588,36,191468
2023-05-30,Centro,Valparaiso,-33.04319884167208,-71.60791607044727,49,296655
2024-03-03,Sur,Temuco,-38.76124204355979,-72.59806101753455,56,282415
2024-05-21,Centro,Valparaiso,-33.0361608366739,-71.61967658315267,62,296655
2023-10-18,Centro,Valparaiso,-33.04598438475844,-71.60264791230425,63,296655
2024-07-18,Centro,Rancagua,-34.186346606722516,-70.75155750915371,56,232211
2024-06-29,Centro,Valparaiso,-33.021136167708235,-71.62256863926008,65,296655
2024-03-30,Sur,PuertoMontt,-41.48656585214026,-72.94736147625369,61,245902
2024-08-21,Norte,Antofagasta,-23.645534882707295,-70.38348150162146,93,425725
2023-07-12,Centro,Valparaiso,-33.037091910521276,-71.63248139927681,69,296655
2024-03-11,Norte,Antofagasta,-23.638027597855665,-70.40825756739706,97,425725
2023-08-25,Centro,Valparaiso,-33.05419320198445,-71.60526538609868,63,296655
2023-02-16,Norte,Antofagasta,-23.63656212252613,-70.4061716219939,91,425725
2023-08-13,Norte,Antofagasta,-23.664150885348537,-70.40835377176917,97,425725
2023-09-30,Centro,Rancagua,-34.18010279412979,-70.76017573608338,48,232211
2023-10-19,Sur,PuertoMontt,-41.48318449620869,-72.9269117414375,58,245902
2024-10-09,Sur,PuertoMontt,-41.47618965543876,-72.94218540079066,44,245902
2024-07-15,Sur,Concepcion,-36.826728662784056,-73.04878415483203,56,223574
2023-04-29,Sur,Temuco,-38.736456109521065,-72.58519613774548,58,282415
2024-04-12,Norte,Iquique,-20.239017623846905,-70.13145936633896,34,191468
2024-02-01,Centro,Valparaiso,-33.048707477776766,-71.62570457633663,67,296655
2024-09-22,Sur,Temuco,-38.74618038860746,-72.57795910118718,56,282415
2023-05-15,Centro,Rancagua,-34.164208769664945,-70.75346730627047,62,232211
2024-09-19,Centro,Rancagua,-34.159705524304776,-70.74952713972277,39,232211
2024-08-26,Sur,Temuco,-38.742950581298274,-72.59245371452293,57,282415
2024-12-30,Norte,Iquique,-20.21953022406212,-70.14613174675466,41,191468
2023-04-11,Norte,Iquique,-20.235135279254887,-70.12992195071098,28,191468
2024-08-21,Norte,Antofagasta,-23.648397707488414,-70.41430703991814,87,425725
2024-03-09,Centro,Valparaiso,-33.05922775971646,-71.59584116897346,58,296655
2024-04-12,Sur,Concepcion,-36.835208742596095,-73.06276082399683,52,223574
2024-01-12,Norte,Iquique,-20.230975028039236,-70.1473034974026,31,191468
2023-07-09,Norte,Arica,-18.472608472130684,-70.32157251761573,55,247552
2023-12-22,Norte,Arica,-18.476756376443877,-70.30438243698781,55,247552
2024-01-25,Sur,Temuco,-38.748209254966206,-72.60072271302579,48,282415
2024-02-15,Sur,Concepcion,-36.807107202046765,-73.06605718179917,60,223574
2023-11-23,Sur,Temuco,-38.74260799836362,-72.60102290179105,51,282415
2023-10-01,Sur,Temuco,-38.75723565877185,-72.58132358016589,46,282415
2024-02-29,Sur,Concepcion,-36.83009239165635,-73.06100436911849,38,223574
2023-04-15,Sur,PuertoMontt,-41.47347669067093,-72.93284408850262,49,245902
2023-01-08,Centro,Valparaiso,-33.04287572937648,-71.62449294008181,71,296655
2024-05-10,Sur,PuertoMontt,-41.47546153919705,-72.93374901567311,51,245902
2023-07-15,Centro,Rancagua,-34.16557213448209,-70.74003733704276,36,232211
2023-03-11,Centro,Rancagua,-34.17728991875118,-70.73897505929885,49,232211
2024-10-11,Norte,Arica,-18.485742346720365,-70.31821644016308,43,247552
2024-10-13,Sur,Concepcion,-36.831714175696455,-73.05188409350691,57,223574
2023-03-19,Centro,Valparaiso,-33.03900950793035,-71.6091762589943,61,296655
2024-09-23,Centro,Santiago,-33.46817842701171,-70.66990693224201,1113,5614000
2023-02-16,Norte,Arica,-18.470862780843476,-70.30834646415747,46,247552
2023-10-26,Sur,PuertoMontt,-41.47649464826854,-72.91425924492086,51,245902
2024-06-03,Norte,Iquique,-20.241307572528097,-70.12284266533513,34,191468
2023-05-12,Norte,Antofagasta,-23.649278475536782,-70.40443522661084,86,425725
2023-07-15,Centro,Santiago,-33.430375502272746,-70.64285302862329,1164,5614000
2024-08-06,Norte,Arica,-18.47627104506555,-70.30425809529257,51,247552
2023-12-04,Sur,PuertoMontt,-41.479403964988585,-72.94394801342106,45,245902
2024-11-19,Centro,Santiago,-33.450523191578036,-70.6755841052945,1126,5614000
2024-07-10,Centro,Santiago,-33.45461692484627,-70.66552103928309,1107,5614000
2024-10-29,Sur,Concepcion,-36.81894951152923,-73.05875943009927,51,223574
2024-05-21,Sur,Temuco,-38.734441202744726,-72.59207104554122,62,282415
2024-07-09,Sur,PuertoMontt,-41.47946450672561,-72.95103994332807,49,245902
2024-09-18,Centro,Rancagua,-34.178902090394125,-70.75499580411488,42,232211
2024-12-25,Norte,Iquique,-20.23280053164039,-70.15081479985349,39,191468
2023-08-14,Sur,PuertoMontt,-41.464394083386956,-72.94307088251966,58,245902
2023-06-26,Centro,Santiago,-33.46483005994156,-70.65568906961087,1064,5614000
2023-05-25,Norte,Iquique,-20.22591200080815,-70.13719561114183,46,191468
2024-12-09,Norte,Antofagasta,-23.649991011713542,-70.40950325270366,98,425725
2024-12-23,Sur,Concepcion,-36.845931432641315,-73.06288336714168,35,223574
2024-10-19,Centro,Rancagua,-34.155298883233876,-70.74282347654122,51,232211
2023-03-03,Norte,Antofagasta,-23.64132363845737,-70.41322254240035,92,425725
2024-09-25,Centro,Rancagua,-34.160752615297156,-70.7464867829578,42,232211
2023-01-08,Sur,PuertoMontt,-41.464529020543154,-72.9346172116291,47,245902
2024-05-22,Norte,Iquique,-20.221702153148883,-70.13605741180744,33,191468
2024-08-04,Norte,Antofagasta,-23.647715491238433,-70.39271752758918,72,425725
2024-10-12,Centro,Rancagua,-34.175953136096226,-70.72447074976468,53,232211
2024-02-18,Sur,PuertoMontt,-41.46518168199998,-72.91865320474395,53,245902
2024-12-08,Sur,Temuco,-38.72140748041737,-72.60709054744383,68,282415
2023-01-26,Centro,Santiago,-33.442222578488604,-70.67108886246395,1131,5614000
2023-03-14,Sur,PuertoMontt,-41.46504649885083,-72.93087052194613,42,245902
2024-12-14,Norte,Arica,-18.47071395117458,-70.31395967414569,43,247552
2023-04-28,Sur,Temuco,-38.740822145194855,-72.59590783709271,53,282415
2023-10-24,Centro,Valparaiso,-33.048319875324545,-71.61463404607785,67,296655
2024-01-15,Norte,Iquique,-20.235115477345513,-70.13885019910082,40,191468
2023-07-10,Centro,Valparaiso,-33.05410481772574,-71.62774446569144,61,296655
2024-04-25,Centro,Valparaiso,-33.044482677270146,-71.59767801733135,63,296655
2024-10-07,Norte,Iquique,-20.231833311200546,-70.14005670304078,36,191468
2023-12-25,Sur,PuertoMontt,-41.463678065047716,-72.95512866668862,61,245902
2023-05-09,Centro,Valparaiso,-33.0415181843889,-71.62254962333165,53,296655
2024-05-29,Sur,PuertoMontt,-41.46878806371538,-72.93513374083659,49,245902
2024-07-16,Norte,Arica,-18.47817377649219,-70.28999887686973,42,247552
2023-08-09,Sur,PuertoMontt,-41.45712468952759,-72.92691243716949,44,245902
2023-04-02,Norte,Arica,-18.474511366574557,-70.317205415321,61,247552
2024-11-07,Norte,Antofagasta,-23.656443648124757,-70.3981385641489,101,425725
2024-08-04,Sur,Concepcion,-36.83761519395823,-73.05560895104267,56,223574
2024-03-28,Sur,PuertoMontt,-41.46118374736143,-72.93530875082152,50,245902
2024-02-29,Centro,Rancagua,-34.165881766659545,-70.75667360886304,43,232211
2023-04-18,Sur,PuertoMontt,-41.48845783426427,-72.89294038771341,53,245902
2024-01-12,Sur,Concepcion,-36.8166875003161,-73.05389083472177,46,223574
2024-09-22,Centro,Santiago,-33.455827276100585,-70.68143107931162,1130,5614000
2023-03-17,Sur,Concepcion,-36.82290435807863,-73.0489297728044,39,223574
2024-07-30,Norte,Antofagasta,-23.646177749579415,-70.39716000994235,74,425725
2023-09-27,Centro,Rancagua,-34.160107939063636,-70.727077687441,44,232211
2024-03-25,Sur,PuertoMontt,-41.46793427784362,-72.91769461928318,46,245902
2023-12-15,Sur,Temuco,-38.74992677862723,-72.57452386519039,49,282415
2023-12-20,Centro,Rancagua,-34.17022532561501,-70.72952697853987,39,232211
2023-10-18,Norte,Iquique,-20.21933808725722,-70.15422500358046,28,191468
2023-05-23,Centro,Santiago,-33.45559257858525,-70.67434945020445,1098,5614000
2023-11-05,Sur,Temuco,-38.726974758388245,-72.5865077771206,57,282415
2024-03-04,Centro,Valparaiso,-33.03460506520124,-71.60910824246476,44,296655
2023-09-20,Sur,Concepcion,-36.837519207533674,-73.0399342243159,51,223574
2023-06-06,Centro,Valparaiso,-33.054151637187715,-71.59968193234677,64,296655
2024-08-15,Centro,Rancagua,-34.17137855462178,-70.7596422445092,43,232211
2024-05-14,Norte,Arica,-18.49536605905066,-70.3062705359217,51,247552
2023-03-08,Sur,Concepcion,-36.83915248175606,-73.04832893185414,50,223574
2023-03-23,Sur,PuertoMontt,-41.459692172159336,-72.94642156711055,58,245902
2024-09-26,Centro,Rancagua,-34.15208134254352,-70.74468304069207,52,232211
2024-11-08,Sur,Concepcion,-36.836858201436506,-73.04420047077758,40,223574
2023-06-19,Norte,Iquique,-20.230532905814215,-70.14387529149829,45,191468
2024-09-23,Sur,Concepcion,-36.81776699916798,-73.0263616987441,44,223574
2024-05-06,Norte,Iquique,-20.222616551604272,-70.13052782775917,32,191468
2024-03-13,Sur,Concepcion,-36.84356935796083,-73.051773712612,49,223574
2023-12-10,Sur,PuertoMontt,-41.4769129328688,-72.9375320682705,49,245902
2024-12-17,Norte,Iquique,-20.213061110585688,-70.12139755276807,42,191468
2024-07-19,Centro,Valparaiso,-33.04825063464566,-71.60080308156653,63,296655
2024-04-04,Sur,Temuco,-38.74175421147743,-72.59838174469344,54,282415
2023-03-17,Norte,Antofagasta,-23.655191717490403,-70.41025210640365,89,425725
2024-02-22,Sur,Temuco,-38.73573650381626,-72.5815528189456,65,282415
2024-02-26,Sur,Concepcion,-36.81203901560691,-73.05625526261048,45,223574
2023-02-08,Norte,Iquique,-20.25043070579723,-70.13477766972268,43,191468
2023-06-09,Centro,Rancagua,-34.17925861334135,-70.74960603524056,52,232211
2024-08-09,Centro,Santiago,-33.45091118013235,-70.6862572373933,1161,5614000
2024-01-24,Norte,Antofagasta,-23.665735161483692,-70.39624442788268,83,425725
2024-06-04,Centro,Rancagua,-34.16925205658047,-70.75795762849306,37,232211
2024-04-01,Sur,Temuco,-38.730951890301135,-72.59065700395637,57,282415
2024-12-18,Centro,Rancagua,-34.158522049520165,-70.7386824144942,42,232211
2023-12-24,Sur,Temuco,-38.746991175859485,-72.58030223164083,52,282415
2024-03-02,Norte,Antofagasta,-23.660009463086745,-70.39072983596824,78,425725
2024-12-07,Sur,PuertoMontt,-41.46528463697524,-72.95468632904429,51,245902
2024-01-31,Norte,Antofagasta,-23.626563358530134,-70.40910140948527,90,425725
2023-12-02,Centro,Rancagua,-34.15604075919275,-70.74611836300022,37,232211
2024-10-20,Sur,PuertoMontt,-41.45656221589723,-72.91832306885745,51,245902
2024-11-12,Centro,Rancagua,-34.162666715245265,-70.73176047188701,35,232211
2023-07-28,Centro,Santiago,-33.453732753064166,-70.66362231026538,1093,5614000
2024-10-01,Sur,Concepcion,-36.83391139240346,-73.05616616377276,42,223574
2023-10-28,Sur,Concepcion,-36.824231628857504,-73.04099062355648,45,223574
2023-10-25,Centro,Valparaiso,-33.05209338743084,-71.59069016119948,61,296655
2023-06-06,Centro,Santiago,-33.45127011022084,-70.66999917143828,1061,5614000
2023-12-30,Sur,Concepcion,-36.809190126411536,-73.05439454256822,45,223574
2023-11-04,Norte,Arica,-18.459671015326187,-70.32738851600347,47,247552
2024-07-15,Norte,Arica,-18.479974492491365,-70.30176674765137,41,247552
2024-02-25,Centro,Valparaiso,-33.03032270784801,-71.61417309628551,48,296655
2024-02-23,Norte,Antofagasta,-23.670585118727992,-70.39988128592405,72,425725
2024-07-27,Centro,Rancagua,-34.17954145630306,-70.74776924788958,44,232211
2024-12-16,Centro,Rancagua,-34.169688594353026,-70.74221500903408,43,232211
2024-05-16,Sur,Concepcion,-36.827889562526025,-73.03758881063654,41,223574
2023-06-03,Norte,Antofagasta,-23.628704376693133,-70.408162387217,96,425725
2023-03-13,Norte,Iquique,-20.237671451374972,-70.12783421457362,38,191468
2023-02-08,Norte,Antofagasta,-23.654221040336676,-70.39635654976786,77,425725
2023-01-20,Norte,Iquique,-20.217499328613705,-70.14531179952527,38,191468
2023-09-23,Norte,Antofagasta,-23.647458686370424,-70.4109093878418,86,425725
2024-10-31,Centro,Santiago,-33.454261616190585,-70.67763580873344,1111,5614000
2024-02-27,Sur,Temuco,-38.74381380004724,-72.59636265302032,45,282415
2024-09-05,Norte,Iquique,-20.23592418002577,-70.13430011841017,45,191468
2023-02-17,Centro,Valparaiso,-33.054841952884125,-71.62176591192225,67,296655
2024-07-15,Centro,Valparaiso,-33.052271148488764,-71.59864611989838,52,296655
2024-09-20,Centro,Santiago,-33.453601618779146,-70.68094504923302,1137,5614000
2024-05-22,Centro,Valparaiso,-33.02862995949489,-71.59881603218865,62,296655
2023-10-30,Norte,Iquique,-20.23746063532929,-70.15482904127913,46,191468
2023-03-12,Norte,Antofagasta,-23.647987695854187,-70.41196297706306,87,425725
2024-02-14,Sur,Temuco,-38.72716170345756,-72.60443212796763,59,282415
2024-02-17,Norte,Antofagasta,-23.648538081053648,-70.39557829919535,95,425725
2023-06-26,Centro,Rancagua,-34.19562968218142,-70.74052817274715,53,232211
2023-06-01,Sur,Temuco,-38.73330463538758,-72.6072546870777,62,282415
2023-11-23,Centro,Valparaiso,-33.0590443997194,-71.60252111104892,53,296655
2023-02-06,Centro,Rancagua,-34.17980903144642,-70.73798211268365,62,232211
2024-08-21,Sur,Temuco,-38.738589052272424,-72.60105462397088,55,282415
2024-07-18,Norte,Iquique,-20.23809529156096,-70.13257978688004,39,191468
2023-01-25,Centro,Rancagua,-34.1789943385351,-70.74391667269917,48,232211
2024-05-26,Sur,PuertoMontt,-41.483666423713544,-72.95348338925922,71,245902
2023-08-09,Norte,Antofagasta,-23.65186306289505,-70.40066644375366,98,425725
2023-11-13,Norte,Arica,-18.47746103379028,-70.32366625700367,41,247552
2023-06-03,Norte,Iquique,-20.22831029318966,-70.15330186943024,40,191468
2024-08-10,Centro,Santiago,-33.44963898336999,-70.68266251268625,1130,5614000
2023-11-04,Centro,Rancagua,-34.17740757838211,-70.7348754784266,56,232211
2024-08-30,Sur,Concepcion,-36.839373500763315,-73.06824103638326,54,223574
2023-04-04,Norte,Antofagasta,-23.635091376757973,-70.39181612845513,101,425725
2024-11-20,Norte,Iquique,-20.217488876115738,-70.12744470192267,35,191468
2023-09-14,Centro,Rancagua,-34.172853215885404,-70.75169317440383,43,232211
2023-04-10,Centro,Rancagua,-34.166991407839866,-70.75069959937552,36,232211
2023-04-17,Norte,Iquique,-20.234481740487837,-70.13241088587284,39,191468
2024-08-28,Centro,Santiago,-33.451829999470355,-70.67010877802413,1074,5614000
2023-07-10,Centro,Santiago,-33.44013484475894,-70.64502609630604,1135,5614000
2023-07-16,Centro,Rancagua,-34.16789350262681,-70.75627910018261,47,232211
2024-12-27,Centro,Rancagua,-34.16479248596712,-70.74087101846422,36,232211
2023-12-12,Sur,Concepcion,-36.82168345292691,-73.03481001597861,41,223574
2024-07-14,Centro,Santiago,-33.45550282384214,-70.67302726776798,1125,5614000
2023-09-03,Centro,Rancagua,-34.16564534788521,-70.73487974698878,56,232211
2024-02-13,Sur,PuertoMontt,-41.472721823382244,-72.92366231188335,54,245902
2023-04-17,Norte,Antofagasta,-23.64597712955656,-70.38745415602014,92,425725
2023-05-05,Norte,Iquique,-20.20412597313388,-70.13003009873634,44,191468
2023-03-08,Centro,Valparaiso,-33.05547505711685,-71.6053862286851,79,296655
2024-05-27,Norte,Iquique,-20.203959208036995,-70.1470665340408,42,191468
2024-11-29,Norte,Antofagasta,-23.655793724356197,-70.42037824398554,69,425725
2023-02-10,Norte,Iquique,-20.22154225911502,-70.14384661804417,36,191468
2023-02-03,Norte,Iquique,-20.24836034387462,-70.13668708390564,43,191468
2024-10-02,Centro,Rancagua,-34.17833376880284,-70.74151241766323,46,232211
2023-07-21,Norte,Iquique,-20.226094721871526,-70.12501161369143,50,191468
2024-07-21,Norte,Iquique,-20.24145754744874,-70.1382375827163,36,191468
2024-07-17,Sur,PuertoMontt,-41.483121671083126,-72.9438695551813,53,245902
2024-05-12,Centro,Rancagua,-34.16862967626423,-70.75647860087642,58,232211
2023-07-20,Norte,Antofagasta,-23.663308423202754,-70.40448485696491,81,425725
2023-11-05,Norte,Antofagasta,-23.64593556153839,-70.38805622905927,90,425725
2024-02-12,Norte,Arica,-18.475592487036394,-70.29305496401095,47,247552
2023-10-17,Sur,Temuco,-38.729571602442824,-72.58094020489933,56,282415
2024-01-10,Centro,Rancagua,-34.16877233164037,-70.74892029375167,50,232211
2023-01-04,Sur,Temuco,-38.741188017023426,-72.58416494302652,64,282415
2023-05-11,Centro,Rancagua,-34.173679691304166,-70.74900566083488,49,232211
2024-03-28,Sur,Temuco,-38.711897701311244,-72.57427278494002,56,282415
2024-08-11,Centro,Valparaiso,-33.058793368000444,-71.62725957994986,53,296655
2024-11-08,Sur,Temuco,-38.730780509811794,-72.58481142772841,52,282415
2023-08-25,Norte,Antofagasta,-23.642653379772245,-70.39998295700808,84,425725
2024-09-08,Norte,Antofagasta,-23.65909331561236,-70.41463645761735,89,425725
2023-11-04,Sur,Temuco,-38.752178133578525,-72.59285130920205,69,282415
2023-05-05,Sur,Concepcion,-36.84131546580128,-73.0503395168981,38,223574
2024-11-21,Centro,Valparaiso,-33.04659120805149,-71.62015414050344,54,296655
2024-08-14,Sur,Temuco,-38.76723568446099,-72.58456324618827,63,282415
2024-04-10,Norte,Iquique,-20.24185556210086,-70.11719396374335,29,191468
2023-07-12,Sur,PuertoMontt,-41.49021974003807,-72.94968835380357,49,245902
2023-05-09,Centro,Valparaiso,-33.04869004044165,-71.628770645286,53,296655
2023-07-28,Norte,Antofagasta,-23.64049590308866,-70.3958865165292,86,425725
2024-05-29,Norte,Iquique,-20.226516847789025,-70.12606915637599,39,191468
2023-03-06,Norte,Iquique,-20.222257612602196,-70.13285828228666,32,191468
2024-04-29,Norte,Antofagasta,-23.64719194519741,-70.39457879877898,87,425725
2023-08-30,Norte,Iquique,-20.223321535675503,-70.11915106653046,33,191468
2024-06-29,Centro,Valparaiso,-33.04998321819287,-71.62269205638253,65,296655
2024-07-07,Centro,Rancagua,-34.168532240766694,-70.73263923326344,42,232211
2023-12-15,Norte,Antofagasta,-23.65714930201298,-70.39519624120747,90,425725
2024-07-01,Sur,PuertoMontt,-41.4816949381654,-72.9401326605978,49,245902
2023-10-09,Sur,Concepcion,-36.825757163746005,-73.06579548276434,36,223574
2024-12-02,Sur,Concepcion,-36.80006770031559,-73.04620515356453,44,223574
2023-09-02,Sur,PuertoMontt,-41.4739455259292,-72.94353614410811,49,245902
2023-03-27,Sur,Concepcion,-36.83691555039847,-73.05205496086843,43,223574
2023-04-23,Sur,PuertoMontt,-41.45831766014833,-72.92257311136825,49,245902
2024-01-20,Centro,Santiago,-33.438096793105125,-70.67906371812352,1125,5614000
2024-10-01,Centro,Rancagua,-34.16334410359253,-70.7505063906099,52,232211
2023-11-10,Sur,Concepcion,-36.820856450602875,-73.06102417171601,41,223574
2024-04-02,Sur,Temuco,-38.733138316889715,-72.59455740255355,70,282415
2024-04-21,Sur,PuertoMontt,-41.47063804630278,-72.9444001818506,37,245902
2023-12-27,Centro,Valparaiso,-33.066277912509804,-71.60528536815043,53,296655
2024-02-22,Sur,Concepcion,-36.8264547404588,-73.04842192299165,49,223574
2024-08-30,Sur,Temuco,-38.73614666991211,-72.5839558066588,73,282415
2024-04-28,Centro,Santiago,-33.46318266437269,-70.64733187323476,1178,5614000
2024-12-10,Norte,Antofagasta,-23.65492159835149,-70.40997894353106,97,425725
2023-05-16,Centro,Santiago,-33.457094462178425,-70.66400532332699,1067,5614000
2024-02-13,Centro,Rancagua,-34.19466303999161,-70.7469873556564,49,232211
2023-11-22,Sur,PuertoMontt,-41.481599778689564,-72.92712443491786,42,245902
2023-09-11,Centro,Santiago,-33.4464089714564,-70.67204333933616,1068,5614000
2024-03-04,Centro,Rancagua,-34.17254430258756,-70.73969826581535,51,232211
2023-10-31,Norte,Antofagasta,-23.643100005237677,-70.40398637947955,84,425725
2024-11-03,Norte,Antofagasta,-23.65784438640941,-70.4036220161949,86,425725
2024-08-09,Sur,Concepcion,-36.83244559127566,-73.05352920746144,55,223574
2023-02-24,Centro,Rancagua,-34.165331682780426,-70.74951319000128,51,232211
2024-05-11,Centro,Valparaiso,-33.06439294495227,-71.6053247831261,81,296655
2023-02-12,Centro,Valparaiso,-33.04382204459424,-71.59586412872254,57,296655
2024-04-15,Centro,Rancagua,-34.1801790370329,-70.7456232145853,52,232211
2023-09-23,Centro,Santiago,-33.43108869009122,-70.68396330864512,1142,5614000
2023-12-21,Sur,PuertoMontt,-41.472902411633775,-72.93049210229765,41,245902
2023-04-04,Norte,Arica,-18.462773995158432,-70.30675635627476,47,247552
2024-03-21,Sur,PuertoMontt,-41.45192286095225,-72.936760104275,45,245902
2023-09-25,Norte,Arica,-18.47856632843784,-70.31825867122281,59,247552
2024-11-19,Norte,Arica,-18.476606842499994,-70.29855674485563,57,247552
2024-07-09,Sur,Temuco,-38.72336579547013,-72.59933804402792,64,282415
2024-04-20,Norte,Antofagasta,-23.64739431478859,-70.40362233225173,92,425725
2023-01-01,Sur,Temuco,-38.7498180261184,-72.57695616338246,56,282415
2023-02-15,Norte,Arica,-18.463545237194044,-70.31084073591954,41,247552
2023-10-24,Centro,Valparaiso,-33.04342591047142,-71.60728910071384,46,296655
2023-03-24,Norte,Arica,-18.494489924722373,-70.31194743990521,50,247552
2023-07-05,Norte,Arica,-18.477259152644375,-70.32064079781274,44,247552
2023-12-28,Norte,Antofagasta,-23.654583336034328,-70.38861736457687,84,425725
2024-11-25,Sur,Temuco,-38.72875528826059,-72.59538877630149,58,282415
2024-09-22,Centro,Santiago,-33.45220612865583,-70.66754838693755,1134,5614000
2023-12-05,Norte,Iquique,-20.23417187093185,-70.14597226740943,29,191468
2024-12-02,Sur,Concepcion,-36.813826555110644,-73.06746358441329,46,223574
2023-01-01,Centro,Rancagua,-34.17370845582581,-70.73259553603198,41,232211
2024-12-24,Centro,Valparaiso,-33.04567317932244,-71.6303034368017,56,296655
2024-11-19,Sur,Temuco,-38.746566955823326,-72.59778087576196,51,282415
2024-09-22,Centro,Rancagua,-34.16687414127913,-70.74422297781553,48,232211
2024-04-27,Norte,Iquique,-20.219805437131487,-70.13054301533508,34,191468
2024-05-24,Centro,Santiago,-33.448419037648804,-70.67111489567652,1100,5614000
2024-06-21,Norte,Antofagasta,-23.6655453044925,-70.39564262116559,86,425725
2024-09-15,Norte,Iquique,-20.239163370811838,-70.1343968458077,37,191468
2024-11-08,Centro,Santiago,-33.44942262901212,-70.67833802093408,1118,5614000
2023-07-03,Sur,PuertoMontt,-41.478255703220206,-72.93365803771847,54,245902
2024-10-10,Centro,Santiago,-33.433985522860496,-70.67439944903691,1118,5614000
2023-09-03,Norte,Antofagasta,-23.630522516617567,-70.4003794042968,77,425725
2023-12-17,Centro,Santiago,-33.44838489276878,-70.64778430285944,1098,5614000
2023-07-15,Sur,Temuco,-38.7336894793394,-72.58843452331115,60,282415
2024-05-13,Centro,Santiago,-33.43860217219593,-70.6814463911986,1158,5614000
2024-02-04,Sur,Concepcion,-36.814196174065955,-73.05847708446356,37,223574
2024-11-01,Sur,PuertoMontt,-41.47956799839996,-72.9487937447688,48,245902
2023-05-19,Centro,Valparaiso,-33.044912885950275,-71.60802746078586,55,296655
2023-01-19,Norte,Arica,-18.493951264323965,-70.30404372113419,46,247552
2024-01-03,Centro,Rancagua,-34.17680162324602,-70.75612560070468,41,232211
2024-11-10,Sur,Temuco,-38.73060721101583,-72.5808359113516,68,282415
2023-07-28,Norte,Antofagasta,-23.666064109301065,-70.38838424087903,79,425725
2024-01-15,Sur,Temuco,-38.73654255940482,-72.59542995528106,65,282415
2024-03-31,Norte,Iquique,-20.25801980687168,-70.13784821902594,31,191468
2024-02-19,Centro,Santiago,-33.45721502784039,-70.65806974083047,1133,5614000
2023-07-17,Centro,Rancagua,-34.168740800691886,-70.75154382510286,59,232211
2024-10-22,Sur,Temuco,-38.75433382245787,-72.59222944642208,55,282415
2024-07-13,Sur,PuertoMontt,-41.46705607084901,-72.92900741866329,50,245902
2024-12-22,Sur,PuertoMontt,-41.48056598255652,-72.93214969737802,43,245902
2024-11-18,Sur,PuertoMontt,-41.46300887548416,-72.93351239398673,53,245902
2024-08-12,Centro,Santiago,-33.46691887026808,-70.66097324888237,1107,5614000
2023-03-26,Norte,Antofagasta,-23.643480921999352,-70.4104848047734,82,425725
2024-11-26,Norte,Iquique,-20.241702034769563,-70.12936746759408,25,191468
2023-12-06,Norte,Arica,-18.48246307166387,-70.31580607523776,43,247552
2024-01-22,Centro,Santiago,-33.4444300259144,-70.66909648197769,1099,5614000
2024-08-02,Centro,Santiago,-33.45608354647519,-70.67000821351095,1074,5614000
2023-09-23,Sur,Temuco,-38.73903542665182,-72.59022178737331,68,282415
2024-10-24,Norte,Antofagasta,-23.655626219199874,-70.40158500185898,85,425725
2023-01-25,Norte,Arica,-18.481393575655858,-70.31227061176071,56,247552
2024-01-18,Sur,Temuco,-38.73879067698917,-72.5968478803852,54,282415
2023-02-21,Centro,Santiago,-33.440033370514435,-70.66394883425284,1115,5614000
2023-01-29,Norte,Iquique,-20.237222052206473,-70.1353634470349,50,191468
2023-01-27,Centro,Rancagua,-34.17745462774325,-70.7442420901076,41,232211
2023-09-11,Sur,Concepcion,-36.84056887473298,-73.0392692653191,45,223574
2024-02-15,Centro,Santiago,-33.46260817519152,-70.67202405612541,1110,5614000
2023-02-24,Sur,Temuco,-38.753249647442814,-72.58027771236664,66,282415
2024-11-25,Centro,Rancagua,-34.15923511588874,-70.7434586770995,56,232211
2024-11-06,Centro,Santiago,-33.46053036895473,-70.6891403414151,1119,5614000
2024-10-13,Sur,Temuco,-38.731704048049075,-72.58808254596966,50,282415
2023-01-05,Norte,Iquique,-20.2126890393386,-70.1304276611996,36,191468
2024-02-20,Sur,Concepcion,-36.844148352499985,-73.05272051092055,52,223574
2023-06-16,Sur,Concepcion,-36.83261237774785,-73.04591152226374,42,223574
2023-08-27,Sur,Temuco,-38.735460753917714,-72.58605738420913,57,282415
2024-12-09,Norte,Iquique,-20.212940840844315,-70.13877959783451,41,191468
2023-12-29,Sur,Concepcion,-36.826757895276636,-73.0630404459876,45,223574
2023-07-31,Centro,Santiago,-33.467694590880456,-70.67867527509271,1105,5614000
2023-02-10,Sur,PuertoMontt,-41.46792773216496,-72.93834527038725,52,245902
2024-07-03,Sur,PuertoMontt,-41.47445960391867,-72.9125682008804,59,245902
2024-07-02,Centro,Santiago,-33.45249382347854,-70.6648553912795,1164,5614000
2023-11-15,Centro,Valparaiso,-33.04917582645078,-71.61123649142534,57,296655
2023-04-07,Centro,Valparaiso,-33.0391939385004,-71.60348830541662,61,296655
2023-08-15,Sur,Concepcion,-36.83686659421976,-73.06057161365494,44,223574
2023-10-30,Norte,Arica,-18.477909522191528,-70.30492586624577,54,247552
2023-05-27,Norte,Antofagasta,-23.66652519720844,-70.40439946609828,83,425725
2023-05-15,Norte,Arica,-18.487124293507097,-70.32880182387703,55,247552
2023-06-20,Norte,Antofagasta,-23.65150651829118,-70.39003715165445,83,425725
2024-10-11,Sur,PuertoMontt,-41.46549237626922,-72.94524464208814,44,245902
2024-06-13,Centro,Valparaiso,-33.0485747191638,-71.59598326729561,57,296655
2024-02-15,Norte,Antofagasta,-23.643406811851413,-70.43434733855305,86,425725
2023-10-15,Norte,Antofagasta,-23.644995406508823,-70.3959690402353,89,425725
2024-09-16,Norte,Arica,-18.474975364180594,-70.32262246657581,34,247552
2024-12-20,Sur,PuertoMontt,-41.461231824666925,-72.949224443336,59,245902
2024-10-17,Sur,Concepcion,-36.83446505838015,-73.0416299552992,51,223574
2024-02-26,Centro,Valparaiso,-33.04443639574126,-71.60206362705583,43,296655
2024-10-03,Centro,Valparaiso,-33.030546107391224,-71.60564338068703,45,296655
2024-08-20,Sur,Concepcion,-36.83109516951748,-73.0487870385146,38,223574
2024-10-16,Norte,Arica,-18.491901714147733,-70.29772725125675,54,247552
2023-06-12,Centro,Rancagua,-34.18814571902897,-70.72178166663716,51,232211
2024-09-22,Sur,PuertoMontt,-41.47584530117584,-72.92229671329123,56,245902
2023-03-26,Norte,Arica,-18.480096067728507,-70.32252093489886,54,247552
2023-08-23,Norte,Arica,-18.483904601257013,-70.29346582909014,49,247552
2023-11-16,Norte,Arica,-18.479782824882374,-70.31516111553101,49,247552
2023-01-18,Norte,Arica,-18.47560008732953,-70.31767367671765,48,247552
2023-09-10,Sur,PuertoMontt,-41.48076303195111,-72.92004117109705,36,245902
2023-07-29,Sur,PuertoMontt,-41.46443230104704,-72.9447651811561,50,245902
2024-04-04,Centro,Santiago,-33.42548363402155,-70.67436335163822,1124,5614000
2023-06-22,Sur,Concepcion,-36.82714317278373,-73.03626347085145,51,223574
2023-02-12,Centro,Rancagua,-34.17309220250065,-70.75564505606731,50,232211
2024-06-25,Centro,Rancagua,-34.17558309064344,-70.76399216071621,58,232211
2024-06-21,Sur,Concepcion,-36.82308092573414,-73.05552191593256,41,223574
2023-08-27,Norte,Antofagasta,-23.644996858488614,-70.39113107907232,71,425725
2023-08-30,Centro,Rancagua,-34.170225560557185,-70.73063116307584,35,232211
2024-11-26,Norte,Arica,-18.481143718989074,-70.3117102955943,45,247552
2024-08-21,Centro,Valparaiso,-33.03650865983467,-71.5991018036342,74,296655
2024-04-24,Centro,Valparaiso,-33.04323640655549,-71.60828151633127,55,296655
2024-11-30,Sur,PuertoMontt,-41.48306430488593,-72.94469022450156,51,245902
2024-06-06,Centro,Rancagua,-34.15549310770539,-70.72778548118376,60,232211
2024-09-10,Centro,Rancagua,-34.15812418244378,-70.74812060064632,47,232211
2023-10-03,Centro,Santiago,-33.44624829308528,-70.67959971785882,1033,5614000
2024-05-19,Norte,Antofagasta,-23.66074744273211,-70.40203040934576,96,425725
2023-02-11,Norte,Antofagasta,-23.638117372472006,-70.40189054633777,98,425725
2024-02-23,Centro,Rancagua,-34.156685043366004,-70.74198294875742,50,232211
2023-11-24,Centro,Valparaiso,-33.05395196063093,-71.60941626220296,60,296655
2024-07-07,Sur,Concepcion,-36.82970485144763,-73.04533426183201,35,223574
2023-08-17,Centro,Valparaiso,-33.041116475776455,-71.61629212250082,66,296655
2023-11-26,Sur,Temuco,-38.743118588547055,-72.59935258880192,67,282415
2024-02-28,Sur,Temuco,-38.73690101534068,-72.59203619543261,55,282415
2024-05-17,Centro,Valparaiso,-33.04822323264535,-71.61719983469985,52,296655
2023-06-09,Sur,Concepcion,-36.84231063046045,-73.07238730785444,46,223574
2023-06-30,Sur,Temuco,-38.733373453526546,-72.5707425313968,64,282415
2023-07-03,Norte,Iquique,-20.216403035708005,-70.12209233268892,39,191468
2024-01-06,Sur,Concepcion,-36.814864883900626,-73.07572834903617,36,223574
2024-01-07,Sur,Concepcion,-36.82778644558821,-73.05382502860476,51,223574
2023-01-11,Sur,Concepcion,-36.81876739123349,-73.03999177125293,54,223574
2024-08-27,Centro,Valparaiso,-33.03962085706871,-71.59135494259748,62,296655
2024-01-09,Sur,PuertoMontt,-41.43582521607782,-72.94335969188735,47,245902
2024-04-16,Sur,Concepcion,-36.84086256761373,-73.03081723503836,43,223574
2023-10-02,Norte,Arica,-18.486164051685062,-70.30208738414517,55,247552
2024-11-15,Centro,Valparaiso,-33.04466280108964,-71.61595726438442,52,296655
2023-07-02,Sur,PuertoMontt,-41.46439396288662,-72.95237941648408,37,245902
2024-07-19,Sur,Concepcion,-36.83720746677979,-73.05027192225216,33,223574
2024-02-15,Norte,Antofagasta,-23.660893354029493,-70.39064787952859,83,425725
2023-03-18,Sur,Temuco,-38.74446577210911,-72.57147095235166,57,282415
2024-08-05,Norte,Iquique,-20.222050111855484,-70.1297605697687,48,191468
2023-11-25,Sur,Temuco,-38.731612399123144,-72.58138930862657,62,282415
2024-10-20,Norte,Iquique,-20.2154016296011,-70.11943788993081,39,191468
2023-05-14,Norte,Arica,-18.47516299452011,-70.30341557756701,53,247552
2024-05-09,Sur,Concepcion,-36.84276057815633,-73.04604495548035,45,223574
2023-10-25,Centro,Valparaiso,-33.065552622823255,-71.60021467389649,52,296655
2023-09-03,Norte,Arica,-18.49453744751351,-70.31119794636946,40,247552
2023-09-17,Centro,Santiago,-33.440572155743084,-70.66618362104096,1119,5614000
2024-07-02,Sur,Concepcion,-36.84229514408177,-73.0423685652478,41,223574
2024-10-19,Centro,Valparaiso,-33.05666508773415,-71.61994079609312,65,296655
2023-11-16,Sur,Concepcion,-36.83680582656575,-73.04934921042182,52,223574
2024-01-02,Sur,Temuco,-38.72713288897785,-72.58296880307749,53,282415
2024-01-05,Norte,Antofagasta,-23.64623011363222,-70.38094858581225,80,425725
2024-01-18,Centro,Santiago,-33.446371133177294,-70.66365406699875,1066,5614000
2023-06-14,Centro,Rancagua,-34.156545123605824,-70.74372254487342,48,232211
2024-10-03,Centro,Valparaiso,-33.035160745353416,-71.61338676106925,66,296655
2023-09-30,Norte,Antofagasta,-23.64045381634359,-70.40316448340357,84,425725
2024-05-21,Sur,Temuco,-38.718699898666856,-72.59134024120564,52,282415
2023-06-02,Sur,Temuco,-38.74236934540452,-72.58413508412292,54,282415
2024-11-06,Centro,Valparaiso,-33.03355257208303,-71.6147740454344,61,296655
2023-09-12,Norte,Arica,-18.466698676114763,-70.3142178155687,49,247552
2024-12-11,Norte,Iquique,-20.217192690299584,-70.14411964632593,32,191468
2023-10-16,Norte,Iquique,-20.225590787490383,-70.14891740149602,31,191468
2023-07-15,Norte,Antofagasta,-23.649503725340438,-70.40491980921186,76,425725
2024-03-30,Centro,Santiago,-33.44674339240011,-70.66137185297885,1153,5614000
2024-12-09,Norte,Iquique,-20.22548221759909,-70.15205744212851,31,191468
2024-08-29,Norte,Antofagasta,-23.6502875453012,-70.39791074518554,88,425725
2023-01-15,Norte,Antofagasta,-23.638565734201364,-70.38928450962129,73,425725
2024-04-17,Sur,PuertoMontt,-41.469265641959716,-72.93443756130844,49,245902
2024-08-31,Centro,Rancagua,-34.16472598606266,-70.7411524715877,32,232211
2024-10-25,Norte,Antofagasta,-23.62994670871817,-70.3992813289782,69,425725
2023-08-03,Sur,Temuco,-38.72859960523461,-72.5977938425073,55,282415
2024-07-31,Sur,Concepcion,-36.827886325828096,-73.06828066563381,43,223574
2023-09-26,Centro,Rancagua,-34.17798976052624,-70.74119235388463,50,232211
2023-03-23,Norte,Iquique,-20.23144652327177,-70.1417438111397,47,191468
2024-01-30,Sur,Temuco,-38.76513456497892,-72.57673419915997,60,282415
2024-07-03,Norte,Iquique,-20.221427262700583,-70.1348317718959,38,191468
2024-07-02,Sur,PuertoMontt,-41.46270483169127,-72.92152568808851,59,245902
2023-08-27,Sur,Temuco,-38.75387658864238,-72.60062363520264,60,282415
2023-10-16,Sur,PuertoMontt,-41.48433572289671,-72.93200055744765,52,245902
2023-03-09,Centro,Valparaiso,-33.06809100626672,-71.64170607581018,69,296655
2024-04-05,Norte,Antofagasta,-23.643595111112347,-70.37093063484167,101,425725
2024-01-13,Norte,Antofagasta,-23.637423573200444,-70.39958581897696,93,425725
2024-08-24,Centro,Rancagua,-34.17824073443901,-70.74658514741131,45,232211
2023-05-18,Norte,Iquique,-20.22184565275632,-70.14097764245068,31,191468
2023-02-09,Norte,Arica,-18.485180414410667,-70.30077678736792,53,247552
2023-09-22,Norte,Antofagasta,-23.630680094776054,-70.40932797585653,85,425725
2023-01-06,Centro,Rancagua,-34.17096519748344,-70.74341037222902,48,232211
2024-09-15,Centro,Rancagua,-34.190806171091836,-70.75504753234459,47,232211
2024-01-19,Centro,Valparaiso,-33.056491696910044,-71.61686104360831,69,296655
2024-10-26,Sur,Concepcion,-36.82930040519099,-73.04921728374599,52,223574
2023-04-04,Centro,Santiago,-33.44335759046491,-70.69714896241042,1112,5614000
2024-04-28,Sur,Concepcion,-36.83740889882611,-73.05269556338762,37,223574
2023-07-25,Centro,Valparaiso,-33.037159300359384,-71.59992153135599,52,296655
2024-11-05,Sur,Temuco,-38.743332323444626,-72.61613398939018,48,282415
2024-06-17,Norte,Iquique,-20.244255794225772,-70.13395165095166,46,191468
2023-06-30,Centro,Rancagua,-34.17869395198319,-70.73930292058276,50,232211
2024-05-27,Centro,Rancagua,-34.167312652281346,-70.74007076368537,43,232211
2024-04-15,Norte,Arica,-18.476105319074627,-70.3140003163916,39,247552
2024-06-12,Sur,Temuco,-38.75026473165303,-72.58173362515892,56,282415
2024-12-21,Norte,Antofagasta,-23.676993547754627,-70.40453628078578,89,425725
2024-12-31,Norte,Arica,-18.455273205397088,-70.31937737787374,42,247552
2023-04-15,Norte,Iquique,-20.21779511816497,-70.14512772393596,36,191468
2023-02-02,Centro,Rancagua,-34.16586794004845,-70.751386731452,41,232211
2023-03-07,Centro,Valparaiso,-33.0634238761473,-71.6142815488504,66,296655
2023-04-15,Norte,Arica,-18.488540137308753,-70.30719407329968,64,247552
2024-05-19,Norte,Arica,-18.465489739027785,-70.30574933184455,55,247552
2023-11-30,Sur,PuertoMontt,-41.48488889097154,-72.94182955049533,42,245902
2024-05-19,Centro,Valparaiso,-33.04549538505961,-71.6235345004785,67,296655
2023-03-31,Centro,Rancagua,-34.17814948365267,-70.7587968108178,39,232211
2024-03-26,Centro,Santiago,-33.460842421962155,-70.67305937397282,1139,5614000
2023-03-26,Norte,Arica,-18.486432282759587,-70.31669723774466,49,247552
2024-03-07,Sur,Concepcion,-36.82643465366005,-73.05456819954726,42,223574
2024-01-26,Centro,Rancagua,-34.17727399394971,-70.73163611030802,43,232211
2024-04-18,Norte,Antofagasta,-23.644553664245517,-70.39909567956484,88,425725
2024-11-17,Norte,Antofagasta,-23.65783507111805,-70.39588516930993,80,425725
2023-06-05,Sur,Concepcion,-36.81942954622624,-73.04568351352735,39,223574
2024-07-08,Centro,Santiago,-33.463842563686384,-70.66973983697734,1083,5614000
2023-01-25,Sur,Concepcion,-36.81305859465304,-73.04142405602256,52,223574
2024-03-24,Norte,Iquique,-20.244405489902935,-70.13665345845067,33,191468
2024-09-09,Norte,Iquique,-20.239702117510337,-70.1260713735498,28,191468
2024-01-30,Norte,Antofagasta,-23.660412380104503,-70.4023492477302,82,425725
2023-07-10,Sur,Temuco,-38.73121202697424,-72.59786468153325,64,282415
2023-05-11,Centro,Santiago,-33.455553845727515,-70.6692012698089,1122,5614000
2023-04-29,Centro,Valparaiso,-33.04254121750067,-71.61222674693221,58,296655
2024-09-03,Sur,Temuco,-38.71967586496286,-72.597460918421,44,282415
2023-11-02,Centro,Valparaiso,-33.04195090887102,-71.60387830247943,57,296655
2024-06-06,Centro,Valparaiso,-33.038526158110976,-71.62035957175607,67,296655
2023-09-13,Norte,Iquique,-20.235823686676973,-70.13308969270881,40,191468
2023-10-08,Norte,Antofagasta,-23.65232244868789,-70.39286965383319,78,425725
2023-12-29,Sur,Temuco,-38.73530102390788,-72.5875903118877,64,282415
2024-07-24,Sur,PuertoMontt,-41.4626907127922,-72.93239900414498,47,245902
2023-07-01,Norte,Iquique,-20.24284287570035,-70.13588887133126,34,191468
2023-04-11,Norte,Iquique,-20.240478702549492,-70.13783132687489,44,191468
2024-06-15,Sur,Temuco,-38.729229469522174,-72.56864844614219,54,282415
2024-07-14,Norte,Antofagasta,-23.66620662096231,-70.38942112971604,80,425725
2023-09-25,Norte,Iquique,-20.234821095422117,-70.13121372070442,44,191468
2023-07-26,Norte,Antofagasta,-23.65381420506448,-70.41538444598139,90,425725
2023-08-17,Centro,Valparaiso,-33.054846854382646,-71.6213449796805,62,296655
2023-12-06,Centro,Santiago,-33.45027761456032,-70.68523904582686,1117,5614000
2024-08-21,Centro,Rancagua,-34.16756552248165,-70.74565444808681,55,232211
2024-10-16,Centro,Rancagua,-34.16404626937291,-70.75060294167056,46,232211
2024-08-12,Sur,PuertoMontt,-41.48601658704699,-72.93404783902395,45,245902
2023-10-01,Centro,Santiago,-33.44677579313373,-70.68338426578238,1081,5614000
2023-03-28,Norte,Iquique,-20.22133641037347,-70.13720292864224,43,191468
2024-04-23,Sur,Temuco,-38.735525119875234,-72.58128543001051,63,282415
2023-10-23,Centro,Rancagua,-34.167398802235255,-70.75028612978956,51,232211
2023-07-25,Sur,Temuco,-38.72693850589794,-72.55818594799402,65,282415
2023-09-25,Norte,Arica,-18.480889574229508,-70.30710253002506,45,247552
2023-10-31,Sur,Temuco,-38.751812045272985,-72.58409791193597,65,282415
2023-06-29,Centro,Santiago,-33.449357405125966,-70.67459967956319,1194,5614000
2024-11-21,Sur,PuertoMontt,-41.47770371711865,-72.93344634811844,53,245902
2023-09-06,Norte,Arica,-18.466425134672104,-70.3181256151757,57,247552
2023-02-24,Sur,PuertoMontt,-41.461843081423524,-72.94542534748585,42,245902
2024-08-07,Norte,Antofagasta,-23.64247132826482,-70.40062428361085,80,425725
2024-02-03,Norte,Iquique,-20.234593665782853,-70.14148538712065,32,191468
2024-10-29,Sur,Concepcion,-36.8229593982255,-73.04486844951973,40,223574
2023-02-27,Centro,Valparaiso,-33.042049644504,-71.61645838353648,52,296655
2023-11-06,Centro,Rancagua,-34.1734204367092,-70.75083362825961,38,232211
2024-04-03,Sur,PuertoMontt,-41.48170024457721,-72.95797247325999,48,245902
2024-08-31,Centro,Santiago,-33.43209673481797,-70.65700164753707,1130,5614000
2023-07-21,Sur,Temuco,-38.72875799457326,-72.60165456694487,62,282415
2024-03-28,Sur,Concepcion,-36.822928552958345,-73.0520107171678,45,223574
2023-07-05,Norte,Iquique,-20.22330023068544,-70.14212664947044,35,191468
2023-05-03,Norte,Antofagasta,-23.653365159877726,-70.41011486885924,106,425725
2024-05-17,Sur,Temuco,-38.73020973823326,-72.57718297192964,51,282415
2024-09-17,Norte,Arica,-18.471807868765563,-70.32345625049584,45,247552
2024-03-18,Sur,Temuco,-38.748906836319655,-72.57720184261058,57,282415
2023-03-18,Norte,Iquique,-20.23291681874872,-70.12325285076722,39,191468
2024-03-28,Sur,PuertoMontt,-41.49977400342531,-72.93660674422328,42,245902
2023-09-21,Centro,Santiago,-33.43939855777281,-70.67177679971618,1106,5614000
2024-11-05,Norte,Arica,-18.49430577598427,-70.31215849525348,53,247552
2023-02-11,Sur,PuertoMontt,-41.46678237450742,-72.93592301828677,46,245902
2024-02-14,Sur,Concepcion,-36.82854547926515,-73.05540126913824,41,223574
2024-10-09,Centro,Rancagua,-34.17091355974669,-70.73249274766377,37,232211
2023-09-13,Centro,Valparaiso,-33.05121950312404,-71.60362781431824,65,296655
2023-12-02,Sur,PuertoMontt,-41.463566668775044,-72.93270884670962,48,245902
2024-07-27,Sur,Concepcion,-36.824370628954036,-73.04972368946989,44,223574
2024-08-06,Norte,Antofagasta,-23.645870335588317,-70.4000480276798,83,425725
2023-09-02,Sur,Concepcion,-36.830356677118665,-73.04738729629598,46,223574
2024-10-29,Sur,Concepcion,-36.84157813353941,-73.04810854928436,36,223574
2023-09-19,Sur,Temuco,-38.74324775253979,-72.5804610135481,50,282415
2023-06-23,Centro,Rancagua,-34.164360680230814,-70.74408992851193,43,232211
2023-12-31,Norte,Antofagasta,-23.639613884416256,-70.41733346444202,80,425725
2023-10-24,Sur,Temuco,-38.7652838699764,-72.5948903685281,45,282415
2024-07-02,Norte,Antofagasta,-23.627929410321553,-70.39960622482248,93,425725
2024-07-06,Norte,Arica,-18.483584755119836,-70.30369352419362,44,247552
2023-06-21,Sur,PuertoMontt,-41.47421657668515,-72.96601580201336,48,245902
2024-10-14,Sur,Concepcion,-36.83281035663403,-73.06677633872516,52,223574
2023-05-28,Sur,Concepcion,-36.82943207500891,-73.05843784002428,54,223574
2023-05-21,Sur,Temuco,-38.7322580385112,-72.60261900540327,54,282415
2024-01-10,Centro,Santiago,-33.4568628449981,-70.64713025404353,1111,5614000
2023-06-07,Norte,Iquique,-20.23704977161443,-70.15766984930633,45,191468
2023-09-07,Norte,Arica,-18.460020688379025,-70.30622768791312,56,247552
2023-09-23,Norte,Iquique,-20.236423516208813,-70.12213295708673,34,191468
2023-01-10,Centro,Santiago,-33.43882446852148,-70.6613475712689,1090,5614000
2024-10-22,Sur,Concepcion,-36.81390123368183,-73.0364191409152,38,223574
2024-03-20,Sur,Concepcion,-36.81750319133546,-73.04455625602895,41,223574
2024-02-08,Sur,Temuco,-38.72669049912102,-72.5874042257188,62,282415
2023-08-30,Sur,Concepcion,-36.82453939020937,-73.05917473665951,54,223574
2024-06-06,Centro,Valparaiso,-33.02412584767161,-71.61526039765467,62,296655
2023-12-03,Norte,Antofagasta,-23.636568246409546,-70.41135826800536,85,425725
2023-10-10,Centro,Santiago,-33.452950130805384,-70.66932436575357,1132,5614000
2024-02-26,Norte,Iquique,-20.239259092719443,-70.14190311610716,37,191468
2024-06-22,Centro,Rancagua,-34.17021911634309,-70.77170168756686,48,232211
2023-01-21,Sur,PuertoMontt,-41.45549563073321,-72.94480898280666,48,245902
2023-04-28,Norte,Iquique,-20.225056613893685,-70.13311120677554,41,191468
2024-10-21,Centro,Santiago,-33.45583468190096,-70.67979799850967,1158,5614000
2024-02-20,Centro,Valparaiso,-33.057446929280424,-71.6251410837843,66,296655
2023-08-07,Centro,Santiago,-33.44367887397549,-70.67442289185446,1096,5614000
2024-09-07,Centro,Santiago,-33.465337863494895,-70.65481510157134,1121,5614000
2023-03-26,Norte,Arica,-18.494434220418114,-70.32029788526064,44,247552
2023-12-24,Centro,Valparaiso,-33.04654285835906,-71.60492006450542,51,296655
2023-01-19,Sur,Concepcion,-36.821195498131715,-73.02745397144903,45,223574
2024-06-18,Centro,Valparaiso,-33.03756372867235,-71.61860970266827,76,296655
2024-01-20,Norte,Iquique,-20.241917271765956,-70.12921735691498,50,191468
2024-02-03,Centro,Santiago,-33.447187801972156,-70.64482779776466,1110,5614000
2024-02-01,Centro,Rancagua,-34.18190148719976,-70.75306253823224,53,232211
2024-12-19,Centro,Valparaiso,-33.070708268072025,-71.62478732114614,56,296655
2024-02-07,Norte,Iquique,-20.228500063488788,-70.13278758871856,32,191468
2023-09-07,Sur,PuertoMontt,-41.48278144392537,-72.92791916319194,60,245902
2023-08-12,Sur,Concepcion,-36.815800339774,-73.03570469050045,59,223574
2024-04-21,Sur,Concepcion,-36.83498744689452,-73.03964087707675,69,223574
2024-07-14,Centro,Valparaiso,-33.05847375157628,-71.60808594382117,62,296655
2023-01-23,Norte,Iquique,-20.225257947414942,-70.1349254771382,43,191468
2023-06-29,Sur,Concepcion,-36.83732469821997,-73.03349058772189,44,223574
2023-09-18,Sur,PuertoMontt,-41.465308714887456,-72.93630423751473,52,245902
2023-11-19,Sur,Temuco,-38.736940866405796,-72.5918545425947,57,282415
2024-05-06,Sur,Temuco,-38.73821750861916,-72.57799281186495,60,282415
2023-10-09,Norte,Antofagasta,-23.641290609986267,-70.38843189082955,78,425725
2024-07-26,Norte,Antofagasta,-23.65534731843514,-70.39090564518021,89,425725
2023-01-10,Norte,Arica,-18.483391890947885,-70.31291600681541,51,247552
2023-08-17,Norte,Iquique,-20.234527656619317,-70.13569712177488,38,191468
2023-09-09,Sur,PuertoMontt,-41.47351916902402,-72.93768332847537,43,245902
2023-05-28,Centro,Rancagua,-34.17425852913911,-70.72924520982839,50,232211
2024-05-12,Sur,Temuco,-38.7404443924866,-72.59347680679576,54,282415
2024-08-09,Norte,Iquique,-20.217131500845156,-70.13194488761931,35,191468
2023-12-29,Norte,Antofagasta,-23.658677936284306,-70.39287180895812,91,425725
2023-08-01,Norte,Arica,-18.476195076786414,-70.31297114383078,45,247552
2024-07-03,Sur,Temuco,-38.74438534884647,-72.60081965440158,51,282415
2023-03-10,Sur,PuertoMontt,-41.46435730588474,-72.94593022274367,46,245902
2024-07-29,Sur,Temuco,-38.73473151775651,-72.5954325814348,55,282415
2024-04-01,Sur,PuertoMontt,-41.476033698432026,-72.95020085407947,48,245902
2024-09-27,Sur,PuertoMontt,-41.481030197487065,-72.92800594687971,47,245902
2024-06-12,Norte,Iquique,-20.205980250342712,-70.14331466694513,46,191468
2023-03-16,Centro,Santiago,-33.44840883272136,-70.66013221735918,1068,5614000
2023-02-16,Centro,Rancagua,-34.16768389084707,-70.73333042813852,46,232211
2023-05-01,Sur,Concepcion,-36.83718964129102,-73.05543124842896,41,223574
2023-11-15,Sur,Concepcion,-36.82606830223485,-73.04192892045177,43,223574
2024-11-16,Sur,Temuco,-38.732229424732566,-72.59906386165979,50,282415
2024-12-31,Sur,Temuco,-38.7355626299478,-72.5813318190333,61,282415
2023-01-29,Sur,Temuco,-38.73379945190149,-72.59019756285502,52,282415
2024-03-18,Sur,Temuco,-38.74123685650941,-72.58844229438324,60,282415
2023-10-29,Norte,Antofagasta,-23.640710144000735,-70.38832447033937,71,425725
2023-01-20,Norte,Iquique,-20.245004583494527,-70.12680433072424,55,191468
2023-07-14,Sur,Temuco,-38.74387973194974,-72.58756543260965,55,282415
2024-12-08,Centro,Valparaiso,-33.07236772678901,-71.62440016991215,65,296655
2023-12-18,Sur,Temuco,-38.73871242430364,-72.57538188785796,58,282415
2023-09-12,Sur,Concepcion,-36.82026873234311,-73.04762848664878,35,223574
2024-03-20,Norte,Antofagasta,-23.64876199298827,-70.4119631290347,98,425725
2024-03-17,Sur,Temuco,-38.71133690038771,-72.60250657813096,53,282415
2024-05-05,Centro,Rancagua,-34.164043408335715,-70.73197309730412,38,232211
2024-01-07,Norte,Iquique,-20.209919645615976,-70.1174290384116,31,191468
2024-02-29,Centro,Rancagua,-34.19636935365018,-70.73190815638978,40,232211
2023-01-19,Norte,Iquique,-20.229619122243474,-70.1356058079863,38,191468
2023-07-24,Centro,Santiago,-33.481853880907785,-70.67552016553682,1139,5614000
2023-05-13,Centro,Valparaiso,-33.03536520060874,-71.60902066371672,65,296655
2023-12-05,Centro,Valparaiso,-33.061808248934554,-71.60024525232099,63,296655
2023-07-04,Norte,Iquique,-20.214161880191508,-70.13362636837769,32,191468
2024-08-06,Centro,Rancagua,-34.1701846793541,-70.75025580244899,46,232211
2023-04-28,Centro,Santiago,-33.468411194025144,-70.6731075325811,1146,5614000
2023-02-04,Norte,Antofagasta,-23.639225581346594,-70.37081974979193,58,425725
2024-09-26,Norte,Arica,-18.480231757338043,-70.31653535632407,61,247552
2023-08-18,Sur,Concepcion,-36.82436018676249,-73.05835498712166,35,223574
2024-08-04,Centro,Valparaiso,-33.0363960065839,-71.62198222706954,59,296655
2023-11-29,Sur,Concepcion,-36.84828501828665,-73.04635265839785,52,223574
2023-01-13,Sur,Concepcion,-36.832290425989335,-73.0544910496453,52,223574
2023-11-27,Norte,Iquique,-20.238593689429816,-70.12881853703476,33,191468
2023-09-06,Centro,Santiago,-33.431638274212645,-70.68443369345542,1123,5614000
2024-11-29,Sur,PuertoMontt,-41.45658681650378,-72.93144466815242,44,245902
2023-10-14,Sur,Temuco,-38.74080750702015,-72.59608024652528,55,282415
2023-12-23,Sur,PuertoMontt,-41.488655166031336,-72.93481323183589,43,245902
2024-12-08,Norte,Arica,-18.475235907983024,-70.33534026091105,38,247552
2023-05-19,Sur,Concepcion,-36.83604006622261,-73.04387938094442,42,223574
2023-08-08,Centro,Santiago,-33.45846846375532,-70.67135175036601,1113,5614000
2023-07-20,Norte,Iquique,-20.22158332548282,-70.13554765908339,46,191468
2024-06-08,Norte,Antofagasta,-23.67098711588825,-70.39554419106793,72,425725
2024-03-22,Norte,Arica,-18.468858017751035,-70.31065846044153,43,247552
2023-06-12,Centro,Rancagua,-34.170045210473326,-70.74057512999356,47,232211
2024-01-14,Norte,Antofagasta,-23.65672715593113,-70.41340255264569,97,425725
2023-05-05,Sur,PuertoMontt,-41.47357847055889,-72.9421386592096,54,245902
2023-11-19,Sur,Temuco,-38.73713607708205,-72.58730209143197,48,282415
2023-02-24,Centro,Santiago,-33.44280821566594,-70.68960012570953,1101,5614000
2023-10-31,Norte,Arica,-18.48438580604418,-70.30541728810644,45,247552
2023-04-04,Sur,Temuco,-38.73977862160045,-72.59976135456637,53,282415
2024-05-15,Norte,Antofagasta,-23.656966901257285,-70.39594119533207,97,425725
2023-11-21,Centro,Santiago,-33.46676914645617,-70.65581433068122,1131,5614000
2024-08-12,Norte,Antofagasta,-23.646213629495133,-70.39902776683543,78,425725
2023-06-08,Norte,Arica,-18.476345417734024,-70.30456911444709,49,247552
2024-09-14,Sur,Concepcion,-36.82647256708357,-73.06210903029711,41,223574
2024-11-08,Centro,Rancagua,-34.166081247148796,-70.74449385985727,53,232211
2024-03-28,Centro,Rancagua,-34.15657571372242,-70.72058750931558,42,232211
2024-08-15,Norte,Arica,-18.473602568843003,-70.32770229559543,61,247552
2023-09-18,Sur,PuertoMontt,-41.4724106047255,-72.91415736807969,67,245902
2023-04-15,Centro,Valparaiso,-33.059174239112956,-71.60993427940869,56,296655
2023-03-01,Centro,Rancagua,-34.17867495113382,-70.7605835540519,54,232211
2024-09-28,Norte,Antofagasta,-23.646971256081414,-70.38248479245956,68,425725
2023-07-30,Centro,Valparaiso,-33.043799769735884,-71.61019451407725,62,296655
2024-06-16,Norte,Iquique,-20.231799928163,-70.12509588859153,44,191468
2024-11-24,Centro,Santiago,-33.44363822740589,-70.67887494352291,1097,5614000
2024-02-25,Norte,Iquique,-20.221873513111703,-70.13296880190791,41,191468
2024-08-05,Centro,Santiago,-33.45824279920044,-70.6700148210006,1135,5614000
2024-04-12,Centro,Rancagua,-34.172634455593034,-70.74098950666658,43,232211
2024-09-27,Sur,Temuco,-38.73816304619081,-72.59348445100308,54,282415
2023-10-27,Centro,Santiago,-33.451948922727006,-70.67259736718495,1105,5614000
2024-06-14,Sur,PuertoMontt,-41.46364529466393,-72.91425709736279,47,245902
2023-06-24,Centro,Valparaiso,-33.05339829737847,-71.62039689459725,65,296655
2024-06-06,Centro,Rancagua,-34.166685375406885,-70.74575049703496,52,232211
2024-06-17,Sur,PuertoMontt,-41.45570400090148,-72.9508255361877,47,245902
2024-02-21,Centro,Valparaiso,-33.04448871456329,-71.60226336521947,61,296655
2024-04-27,Norte,Arica,-18.475177837937796,-70.29387311045564,50,247552
2024-07-27,Centro,Santiago,-33.439577557657834,-70.67537663615846,1133,5614000
2023-02-18,Sur,Temuco,-38.72743293397703,-72.57432497650578,66,282415
2023-02-09,Norte,Iquique,-20.22728427931186,-70.12430874730448,42,191468
2023-01-11,Centro,Santiago,-33.44696743648257,-70.66591663949369,1090,5614000
2024-05-13,Centro,Santiago,-33.45317599469921,-70.67488843854596,1146,5614000
2023-09-29,Centro,Valparaiso,-33.04890716193146,-71.60623206430569,61,296655
2023-02-13,Centro,Valparaiso,-33.03224747774616,-71.60952654364498,76,296655
2024-01-16,Sur,Temuco,-38.73684735190387,-72.57533030966086,53,282415
2024-07-11,Norte,Iquique,-20.230429430921024,-70.13793007344432,40,191468
2023-05-26,Norte,Arica,-18.47221234084011,-70.31696046125913,51,247552
2023-03-22,Sur,Temuco,-38.7231898938308,-72.60797588249397,54,282415
2023-05-24,Norte,Antofagasta,-23.64473319689999,-70.4105887895338,77,425725
2024-11-15,Centro,Valparaiso,-33.04181858390692,-71.6049919550211,56,296655
2024-04-30,Centro,Santiago,-33.45959115773262,-70.6894439753623,1145,5614000
2023-05-08,Sur,Concepcion,-36.82063407509463,-73.03823814377103,47,223574
2024-12-01,Centro,Valparaiso,-33.06141643485481,-71.60904631140212,51,296655
2024-12-21,Sur,PuertoMontt,-41.45194149407442,-72.94689854677611,59,245902
2023-12-19,Centro,Rancagua,-34.18936341999169,-70.74590431170547,43,232211
2024-05-18,Sur,PuertoMontt,-41.470519719031564,-72.92564182746204,57,245902
2023-10-30,Sur,PuertoMontt,-41.48099331974864,-72.93176589473377,44,245902
2023-08-09,Centro,Rancagua,-34.16737288551696,-70.75753567295985,41,232211
2024-02-26,Norte,Iquique,-20.224041589304417,-70.12931320240443,40,191468
2023-10-12,Sur,Temuco,-38.7235220494431,-72.57670463829324,58,282415
2024-12-20,Norte,Antofagasta,-23.650196784854582,-70.41573954043382,91,425725
2024-10-04,Sur,PuertoMontt,-41.473440923519284,-72.93612186423069,54,245902
2024-08-25,Centro,Valparaiso,-33.04620855272634,-71.60736891311635,62,296655
2023-03-04,Sur,PuertoMontt,-41.482726914288214,-72.94338559079921,45,245902
2023-07-07,Norte,Arica,-18.463736788143425,-70.3151665281266,43,247552
2023-05-04,Centro,Santiago,-33.432668968135005,-70.66417557328501,1151,5614000
2023-10-17,Centro,Valparaiso,-33.068330261493934,-71.62564837334983,58,296655
2023-09-04,Norte,Antofagasta,-23.64915875824205,-70.41143471836156,94,425725
2023-10-14,Norte,Arica,-18.486793873471495,-70.3079215061474,57,247552
2023-07-31,Centro,Santiago,-33.45217171745223,-70.66380997968707,1081,5614000
2023-07-12,Centro,Rancagua,-34.158843024981,-70.75247800878071,51,232211
2024-12-21,Sur,Temuco,-38.730402156224784,-72.59545295797973,43,282415
2024-05-24,Norte,Arica,-18.494109687632164,-70.32184867130857,35,247552
2024-08-02,Norte,Antofagasta,-23.628344588935537,-70.38728282757066,100,425725
2023-08-18,Sur,PuertoMontt,-41.45545211642375,-72.94637066580776,37,245902
2024-08-25,Sur,PuertoMontt,-41.47619593295685,-72.9481577680971,54,245902
2024-01-19,Norte,Antofagasta,-23.63684213689313,-70.41771724732878,89,425725
2023-05-05,Norte,Antofagasta,-23.66156597311192,-70.40390177561409,87,425725
2023-09-04,Norte,Arica,-18.49267243244149,-70.30931278129893,43,247552
2024-06-07,Norte,Arica,-18.493435397270527,-70.31603200950482,49,247552
2024-04-11,Norte,Arica,-18.481155086543257,-70.30969465836691,47,247552
2023-08-16,Sur,Temuco,-38.73279036218607,-72.59016935904792,55,282415
2024-12-30,Centro,Valparaiso,-33.03810628965592,-71.60316850079691,65,296655
2024-11-23,Sur,Temuco,-38.74457427285875,-72.57728040566302,57,282415
2024-01-04,Sur,Concepcion,-36.8102516506092,-73.04834518988774,41,223574
2024-12-09,Norte,Iquique,-20.22234970308825,-70.12951657614325,41,191468
2023-08-02,Centro,Rancagua,-34.15830307584931,-70.73550840433079,48,232211
2024-07-02,Sur,Temuco,-38.74413786428005,-72.60005608607506,47,282415
2024-12-24,Norte,Iquique,-20.213438361906185,-70.13194542574996,29,191468
2023-06-13,Norte,Iquique,-20.222961297033414,-70.13176702089245,31,191468
2024-08-27,Norte,Iquique,-20.223595367383545,-70.11868216241706,40,191468
2024-01-31,Centro,Valparaiso,-33.04336879337874,-71.62297173499994,55,296655
2024-01-30,Centro,Rancagua,-34.16720546139638,-70.75358309835478,35,232211
2024-05-29,Centro,Valparaiso,-33.0697215404037,-71.6083859734897,61,296655
2023-09-15,Norte,Antofagasta,-23.63556749737361,-70.39700734193927,78,425725
2023-07-25,Sur,Temuco,-38.749430225839795,-72.60393982733933,58,282415
2024-06-24,Sur,Concepcion,-36.826094469596626,-73.03498346719336,38,223574
2023-03-11,Norte,Antofagasta,-23.645983214952945,-70.39298405321283,97,425725
2024-12-10,Norte,Iquique,-20.236491061577812,-70.11928137556002,22,191468
2023-06-10,Centro,Rancagua,-34.17165484523643,-70.742656903876,49,232211
2024-01-23,Sur,Concepcion,-36.83397422020463,-73.04078070578389,47,223574
2024-04-30,Norte,Arica,-18.476920188990526,-70.30567425691424,46,247552
2024-12-01,Sur,Concepcion,-36.82402734362143,-73.0598242305587,34,223574
2024-02-05,Norte,Antofagasta,-23.649369531134987,-70.38650569584553,84,425725
2023-01-28,Sur,Concepcion,-36.83408103595681,-73.05866814579767,57,223574
2024-12-24,Norte,Arica,-18.495758030486492,-70.3071942332743,37,247552
2024-01-23,Norte,Arica,-18.466854475328432,-70.31458332897942,50,247552
2024-09-19,Sur,PuertoMontt,-41.46817256906465,-72.92399772887732,48,245902
2024-11-04,Sur,PuertoMontt,-41.46659414758305,-72.92990964827322,37,245902
2023-04-27,Centro,Santiago,-33.439603589749126,-70.67325733070588,1111,5614000
2024-09-24,Sur,PuertoMontt,-41.45836482678547,-72.93296866584701,52,245902
2024-03-26,Norte,Arica,-18.494566598192005,-70.32552363151011,52,247552
2024-02-02,Sur,PuertoMontt,-41.48021499352191,-72.9245517738097,44,245902
2023-09-06,Sur,Concepcion,-36.813297430031625,-73.06061114960168,36,223574
2023-05-07,Centro,Valparaiso,-33.041053396166255,-71.61466345734605,53,296655
2023-02-16,Sur,Concepcion,-36.81781781801634,-73.05250650336534,52,223574
2023-11-06,Centro,Rancagua,-34.18455735574205,-70.73987285249049,46,232211
2023-01-28,Norte,Antofagasta,-23.662477464675337,-70.39684356889099,84,425725
2023-04-20,Norte,Iquique,-20.253167928807645,-70.13007510262003,40,191468
2024-01-09,Norte,Antofagasta,-23.668253871384866,-70.37335806609072,94,425725
2023-09-18,Sur,Concepcion,-36.840458912570845,-73.0488832569738,49,223574
2024-01-30,Centro,Rancagua,-34.18168766382243,-70.74010170404136,48,232211
2024-01-06,Norte,Arica,-18.480141891532234,-70.31503380600725,53,247552
2023-12-14,Centro,Santiago,-33.46790702215924,-70.66343502905518,1128,5614000
2024-08-25,Norte,Iquique,-20.22846754387831,-70.1256330624275,54,191468
2024-03-18,Norte,Arica,-18.476353789911734,-70.31234676041464,47,247552
2023-05-12,Sur,Concepcion,-36.827172664619034,-73.04323360897894,50,223574
2023-11-28,Norte,Iquique,-20.22331843781492,-70.14321891539701,42,191468
2024-05-01,Sur,Temuco,-38.72954058671635,-72.60680575012972,51,282415
2024-02-11,Sur,PuertoMontt,-41.47287045210101,-72.93118790612877,47,245902
2023-10-18,Sur,PuertoMontt,-41.47493927714736,-72.95024999505355,53,245902
2024-03-20,Centro,Santiago,-33.43896129237845,-70.6581981349846,1143,5614000
2024-11-04,Sur,PuertoMontt,-41.47122024810625,-72.92439586572661,43,245902
2024-05-22,Sur,Temuco,-38.7464332249309,-72.60955321618012,67,282415
2023-04-03,Norte,Arica,-18.47838726034676,-70.29857898956321,53,247552
2023-08-31,Norte,Antofagasta,-23.666818589125235,-70.4040833165598,83,425725
2023-12-19,Centro,Rancagua,-34.16218573753076,-70.7368366744218,53,232211
2023-03-08,Sur,PuertoMontt,-41.48760522839473,-72.93821244069882,44,245902
2023-10-03,Centro,Valparaiso,-33.049623624723914,-71.61725502820215,60,296655
2023-07-14,Centro,Valparaiso,-33.053991240865955,-71.61453303822499,57,296655
2024-10-31,Sur,PuertoMontt,-41.46066810932426,-72.94464777249394,45,245902
2023-08-27,Centro,Valparaiso,-33.037135032335634,-71.6216929814578,49,296655
2023-03-27,Sur,Temuco,-38.73158279635569,-72.60177789127198,59,282415
2024-05-28,Norte,Antofagasta,-23.635709830506766,-70.39055394857864,76,425725
2023-07-17,Sur,Concepcion,-36.82671413960062,-73.06329979917012,32,223574
2024-01-28,Sur,Concepcion,-36.817258823248515,-73.03939642440108,47,223574
2024-12-30,Norte,Iquique,-20.233316134982303,-70.1373171244602,51,191468
2024-02-06,Norte,Arica,-18.475709918393733,-70.29990771951293,45,247552
2023-05-31,Sur,PuertoMontt,-41.464284816912766,-72.93551836541756,39,245902
2024-07-02,Centro,Rancagua,-34.167946057138366,-70.75781302407097,41,232211
2023-07-09,Sur,Concepcion,-36.81793198252245,-73.04740005461137,53,223574
2023-04-16,Centro,Valparaiso,-33.041941745260665,-71.60454228111551,68,296655
2024-09-12,Sur,Temuco,-38.741801015950465,-72.5849700607307,56,282415
2024-03-14,Centro,Rancagua,-34.16784763118476,-70.7361096634205,49,232211
2024-05-03,Sur,Temuco,-38.72364516277072,-72.60330771987623,60,282415
2024-04-06,Sur,Temuco,-38.75509211111305,-72.58112816193915,48,282415
2024-05-24,Centro,Rancagua,-34.18085333928255,-70.73891517474722,44,232211
2024-05-20,Centro,Valparaiso,-33.03661809624097,-71.60913573605548,60,296655
2024-12-15,Norte,Arica,-18.494653376342004,-70.30426078718821,58,247552
2023-07-04,Sur,PuertoMontt,-41.4733247877391,-72.93117303529596,44,245902
2023-08-13,Norte,Iquique,-20.229907151455798,-70.1271760598937,29,191468
2024-09-04,Sur,Concepcion,-36.83977374368215,-73.04655348248683,55,223574
2024-11-13,Centro,Valparaiso,-33.034946138807626,-71.61444093471187,61,296655
2023-01-15,Centro,Santiago,-33.4216022727377,-70.65689608766372,1064,5614000
2024-08-17,Sur,PuertoMontt,-41.476372631782176,-72.93728410604407,59,245902
2023-10-18,Sur,PuertoMontt,-41.45496506135532,-72.93719066903368,43,245902
2024-11-10,Centro,Valparaiso,-33.040908665814136,-71.6150521054831,70,296655
2023-05-02,Centro,Rancagua,-34.16350201168351,-70.74298847476014,52,232211
2024-10-04,Sur,Temuco,-38.72528135676914,-72.6074973059094,41,282415
2024-12-03,Sur,Concepcion,-36.83729138270445,-73.04729882199918,47,223574
2024-05-20,Sur,Temuco,-38.73717473689286,-72.57880220536367,56,282415
2023-11-10,Norte,Arica,-18.464149144588752,-70.30508947707821,50,247552
2023-05-04,Sur,PuertoMontt,-41.49868304096487,-72.93467156785178,48,245902
2023-02-23,Sur,Concepcion,-36.82398944585416,-73.08011246686918,30,223574
2024-09-22,Norte,Iquique,-20.230032491588215,-70.14242704715357,36,191468
2024-09-12,Centro,Valparaiso,-33.047891045173905,-71.60319199704944,51,296655
2023-08-16,Centro,Rancagua,-34.15669680096174,-70.74185479979704,49,232211
2023-04-03,Centro,Santiago,-33.438429345360326,-70.670111833078,1094,5614000
2024-05-25,Norte,Iquique,-20.213564685695744,-70.12013075362765,38,191468
2023-09-06,Centro,Valparaiso,-33.04549283699083,-71.61505239346353,61,296655
2023-11-19,Centro,Santiago,-33.446514147427074,-70.66527777602928,1180,5614000
2024-01-09,Centro,Valparaiso,-33.03557882755893,-71.61073664435902,56,296655
2023-09-10,Norte,Iquique,-20.238005431041106,-70.13885277560863,28,191468
2024-01-18,Centro,Valparaiso,-33.05581293481041,-71.62928545141352,52,296655
2023-11-10,Sur,Concepcion,-36.84103298947916,-73.03950306339858,40,223574
2023-05-25,Norte,Antofagasta,-23.66046770417031,-70.38743871493035,105,425725
2023-01-25,Centro,Rancagua,-34.16926276881681,-70.75223829307936,42,232211
2024-05-04,Sur,Temuco,-38.73653511788121,-72.59294279262117,57,282415
2023-02-27,Sur,Concepcion,-36.83527273259448,-73.0480001297813,45,223574
2024-03-22,Sur,Temuco,-38.72859410470088,-72.58200055661568,59,282415
2024-05-18,Centro,Santiago,-33.4540088034826,-70.6645230112144,1156,5614000
2023-11-27,Norte,Arica,-18.478503055374823,-70.33266389039854,54,247552
2023-09-23,Centro,Valparaiso,-33.05139225979033,-71.60526903765435,58,296655
2024-11-02,Norte,Iquique,-20.236557373639172,-70.1413994725767,42,191468
2024-01-13,Sur,PuertoMontt,-41.47511409006787,-72.93483761964845,62,245902
2024-05-01,Centro,Santiago,-33.44049335255576,-70.68706789715004,1145,5614000
2024-09-26,Centro,Rancagua,-34.16764147595024,-70.72215610036042,56,232211
2023-02-23,Centro,Valparaiso,-33.04235368664595,-71.60534789970565,57,296655
2023-03-05,Sur,Concepcion,-36.823792119888815,-73.04732230057628,49,223574
2023-03-05,Norte,Antofagasta,-23.66296890761356,-70.39303917928157,79,425725
2023-03-11,Sur,Concepcion,-36.82205758248818,-73.04842807647869,37,223574
2024-09-21,Sur,Concepcion,-36.83069564935294,-73.04297380758067,45,223574
2023-09-13,Norte,Iquique,-20.21891065606328,-70.14218137621737,31,191468
2024-05-30,Norte,Arica,-18.47117161422647,-70.31665317726618,42,247552
2023-05-14,Sur,PuertoMontt,-41.475308197773224,-72.92805154736274,57,245902
2023-06-21,Centro,Santiago,-33.445507204783134,-70.6583002783375,1144,5614000
2023-10-02,Sur,Concepcion,-36.84223884745892,-73.0579372412045,34,223574
2023-04-09,Sur,Temuco,-38.7274001030651,-72.58183869948583,35,282415
2024-09-16,Centro,Santiago,-33.458574489783885,-70.68801244348526,1131,5614000
2023-09-25,Sur,Concepcion,-36.823430747061515,-73.06348160650599,44,223574
2024-08-24,Centro,Valparaiso,-33.064407547929065,-71.5931681855142,56,296655
2024-08-19,Norte,Antofagasta,-23.659833149226234,-70.40398436997715,68,425725
2023-09-03,Norte,Arica,-18.47266231880109,-70.30908361171365,47,247552
2024-09-11,Norte,Arica,-18.48068743011234,-70.29974624464863,57,247552
2023-04-26,Sur,Concepcion,-36.829774831681284,-73.05568036149053,39,223574
2023-07-28,Sur,PuertoMontt,-41.47247933166383,-72.94664553343988,52,245902
2024-05-26,Norte,Antofagasta,-23.678178530874266,-70.40164047546779,78,425725
2024-05-14,Centro,Santiago,-33.436117893068385,-70.67255513401325,1147,5614000
2023-09-19,Sur,Concepcion,-36.81202465129712,-73.05695343932635,47,223574
2024-12-22,Sur,PuertoMontt,-41.46611603937167,-72.96831770506327,52,245902
2023-09-29,Sur,Concepcion,-36.807632911597054,-73.04628294631382,52,223574
2024-12-27,Sur,Concepcion,-36.81444188543206,-73.05455592132601,44,223574
2024-03-02,Centro,Santiago,-33.43390248317705,-70.67974628988972,1131,5614000
2023-10-08,Centro,Rancagua,-34.17516738689387,-70.75363569532003,41,232211
2023-05-09,Sur,Temuco,-38.73547405932328,-72.56956147362632,61,282415
2024-10-25,Norte,Iquique,-20.228995991149304,-70.13324265899884,40,191468
2024-12-06,Norte,Iquique,-20.226365701789614,-70.1356657816252,40,191468
2024-02-20,Centro,Santiago,-33.45260906724169,-70.66690584375047,1175,5614000
2023-06-13,Sur,PuertoMontt,-41.46606067354659,-72.92784526472099,52,245902
2023-05-15,Norte,Arica,-18.491257580298075,-70.30543023935113,51,247552
2023-11-09,Norte,Arica,-18.47893363543765,-70.31301592169646,37,247552
2023-03-24,Sur,Concepcion,-36.8204016467228,-73.05514995270471,46,223574
2023-02-16,Norte,Antofagasta,-23.65957342335658,-70.40439215975341,113,425725
2023-05-31,Centro,Santiago,-33.456747957025144,-70.6807927301806,1108,5614000
2024-08-10,Centro,Valparaiso,-33.035341430946616,-71.61673707854703,78,296655
2023-10-10,Centro,Rancagua,-34.15924070930814,-70.73153751525695,34,232211
2023-05-02,Sur,Concepcion,-36.82156590097884,-73.04917045721895,42,223574
2024-08-19,Sur,Concepcion,-36.83275416364098,-73.03279949998284,36,223574
2024-09-13,Norte,Iquique,-20.224301728239663,-70.11188523535628,34,191468
2023-08-30,Norte,Arica,-18.483120531963998,-70.30994757438177,56,247552
2023-06-18,Norte,Antofagasta,-23.64855445465728,-70.39816759646989,84,425725
2024-05-22,Centro,Rancagua,-34.16174424059872,-70.74820071878048,53,232211
2024-04-05,Centro,Valparaiso,-33.030967013740714,-71.61025906774265,72,296655
2023-04-11,Centro,Rancagua,-34.18161187509505,-70.75430535640136,49,232211
2024-10-17,Sur,Concepcion,-36.813637298952564,-73.03783153159667,39,223574
2024-05-28,Centro,Rancagua,-34.180635706889746,-70.74319404498465,49,232211
2023-12-25,Norte,Iquique,-20.23081922920221,-70.12494173762015,36,191468
2023-01-26,Norte,Antofagasta,-23.654406557006652,-70.39547198416844,93,425725
2024-01-09,Norte,Arica,-18.467316808663785,-70.30771485499156,58,247552
2024-11-04,Norte,Iquique,-20.253374420405393,-70.14314152679033,48,191468
2023-02-26,Sur,Temuco,-38.735018844182605,-72.58854396433618,61,282415
2023-05-02,Norte,Iquique,-20.244291653439664,-70.1250487466774,33,191468
2023-08-07,Sur,PuertoMontt,-41.470858957233645,-72.94341995853328,56,245902
2023-03-20,Sur,Concepcion,-36.833711350382984,-73.06319474426452,45,223574
2023-07-01,Centro,Rancagua,-34.15898534515656,-70.73094744286463,40,232211
2024-10-28,Sur,PuertoMontt,-41.48362655241581,-72.94198912527031,51,245902
2023-10-10,Centro,Valparaiso,-33.03044008326161,-71.6249748113445,55,296655
2024-12-11,Sur,PuertoMontt,-41.47489661889781,-72.93919829779851,52,245902
2023-12-06,Centro,Santiago,-33.45520975175861,-70.67616394561736,1175,5614000
2024-03-10,Sur,Temuco,-38.72982029288312,-72.59189592172811,66,282415
2024-09-20,Sur,Temuco,-38.73085578978423,-72.58675494681151,42,282415
2024-06-10,Centro,Valparaiso,-33.05248689019514,-71.61635019411244,60,296655
2024-08-15,Norte,Arica,-18.488781525681762,-70.30878600785229,52,247552
2024-10-19,Sur,Concepcion,-36.83025739734569,-73.05351663641977,44,223574
2023-09-27,Norte,Iquique,-20.23011107452425,-70.13769140182926,29,191468
2024-03-09,Norte,Antofagasta,-23.64430775167175,-70.40235896615319,87,425725
2024-03-23,Norte,Arica,-18.479936933846684,-70.30243117124468,51,247552
2024-12-01,Sur,Concepcion,-36.84061152268948,-73.03684638247175,42,223574
2024-06-27,Sur,Temuco,-38.738996458594535,-72.57060182969718,64,282415
2024-04-02,Norte,Arica,-18.47340812323248,-70.30913092387053,48,247552
2024-12-02,Sur,Concepcion,-36.836145911098384,-73.04646780788984,57,223574
2023-08-20,Norte,Arica,-18.480956540293498,-70.31145853088611,55,247552
2024-12-22,Centro,Valparaiso,-33.04517710821549,-71.60608630388657,49,296655
2023-06-19,Sur,Concepcion,-36.83353003561047,-73.0603075560147,36,223574
2024-11-29,Sur,Concepcion,-36.828051877889656,-73.04606248761286,39,223574
2023-07-13,Sur,Concepcion,-36.81939879169009,-73.06310572569497,38,223574
2023-10-07,Sur,Concepcion,-36.822539275809554,-73.05844213622233,41,223574
2024-04-06,Norte,Antofagasta,-23.639026546513307,-70.40021767755802,103,425725
2023-11-16,Sur,PuertoMontt,-41.46466410430571,-72.9378659823434,54,245902
2024-06-12,Norte,Arica,-18.47616725557171,-70.31062408669335,61,247552
2023-07-30,Norte,Arica,-18.462761232025507,-70.311120485536,58,247552
2023-11-04,Sur,PuertoMontt,-41.47004184609505,-72.92783536001201,49,245902
2023-03-26,Centro,Valparaiso,-33.04048488222458,-71.5986149725831,64,296655
2024-09-30,Norte,Arica,-18.483316037205395,-70.30476379333902,42,247552
2023-11-25,Norte,Arica,-18.473046624587944,-70.32786854537919,44,247552
2023-11-25,Norte,Antofagasta,-23.660721432567055,-70.41598528584882,96,425725
2023-02-12,Sur,Concepcion,-36.8137194749243,-73.04974696801774,43,223574
2024-08-12,Sur,PuertoMontt,-41.47275405526954,-72.92936540286806,55,245902
2023-06-11,Sur,Temuco,-38.729455043551155,-72.58370879823435,66,282415
2024-12-10,Sur,Concepcion,-36.8315737942782,-73.04573047248304,38,223574
2024-01-01,Centro,Santiago,-33.43474678282548,-70.67228092926261,1098,5614000
2023-09-19,Sur,Concepcion,-36.820176694146404,-73.05352356201742,37,223574
2024-09-02,Sur,Temuco,-38.724258869264645,-72.5942452003616,56,282415
2023-08-26,Sur,Temuco,-38.73583210564506,-72.59267465705285,52,282415
2023-01-25,Sur,PuertoMontt,-41.454155458179436,-72.94503149662528,56,245902
2024-08-29,Centro,Valparaiso,-33.041506102778776,-71.62081631990377,60,296655
2024-11-19,Centro,Santiago,-33.44560478735103,-70.68164344252837,1115,5614000
2023-09-19,Sur,Concepcion,-36.82382450229074,-73.03852627172213,27,223574
2024-03-29,Norte,Antofagasta,-23.64501331595501,-70.41217977112414,85,425725
2023-04-28,Sur,PuertoMontt,-41.472266513998726,-72.94937117047763,58,245902
2024-06-24,Norte,Antofagasta,-23.656233211016936,-70.40219924521949,79,425725
2023-08-14,Sur,Concepcion,-36.82322712172719,-73.05470950107416,44,223574
2023-06-25,Sur,Concepcion,-36.8298423750454,-73.06114582851217,41,223574
2023-01-16,Centro,Valparaiso,-33.05903792992397,-71.60850364986925,53,296655
2024-07-18,Centro,Valparaiso,-33.04318486518881,-71.62011596473695,70,296655
2024-01-14,Sur,Temuco,-38.73241001845537,-72.57501913232538,73,282415
2023-12-13,Norte,Antofagasta,-23.63488065761606,-70.39370379702571,89,425725
2023-07-07,Norte,Antofagasta,-23.653255923738072,-70.39169138883247,101,425725
2023-09-22,Norte,Antofagasta,-23.622760834965867,-70.39004064616684,95,425725
2024-09-12,Norte,Antofagasta,-23.665155251647494,-70.40231885231161,105,425725
2024-04-04,Sur,Concepcion,-36.83122026384237,-73.04886640273662,52,223574
2024-01-10,Sur,Concepcion,-36.82680716584555,-73.04130533482207,36,223574
2024-04-18,Norte,Iquique,-20.22712472013651,-70.12627012620113,40,191468
2023-10-10,Centro,Rancagua,-34.17226364309124,-70.73207872314714,54,232211
2023-06-12,Centro,Valparaiso,-33.035874404853594,-71.59312965568394,52,296655
2024-12-10,Norte,Antofagasta,-23.65583565831136,-70.41409050682589,108,425725
2023-07-27,Centro,Valparaiso,-33.060112619281654,-71.59601024025298,55,296655
2024-01-01,Norte,Arica,-18.477490482656354,-70.30322928912551,42,247552
2024-09-23,Centro,Rancagua,-34.16014231850638,-70.7374258975761,44,232211
2023-11-25,Sur,Temuco,-38.73811976049095,-72.58582714702987,51,282415
2023-02-06,Norte,Iquique,-20.238407459623748,-70.13231565114738,30,191468
2023-01-08,Norte,Antofagasta,-23.652742344231637,-70.3904245663824,80,425725
2023-09-29,Centro,Valparaiso,-33.072721629777945,-71.6128732169121,48,296655
2024-08-27,Norte,Iquique,-20.25416276340325,-70.13922065840814,34,191468
2024-06-18,Norte,Arica,-18.47613900327064,-70.3130349284098,50,247552
2024-04-19,Centro,Rancagua,-34.179965744100784,-70.7245034943403,42,232211
2024-09-26,Norte,Antofagasta,-23.652900732353363,-70.40220613311338,96,425725
2023-08-01,Sur,PuertoMontt,-41.468308452621336,-72.93553966307188,51,245902
2024-11-05,Sur,Concepcion,-36.820179196892845,-73.04609321089416,43,223574
2024-10-28,Norte,Antofagasta,-23.6468932460738,-70.39177308074397,95,425725
2024-02-17,Centro,Santiago,-33.44318208780177,-70.68328352472918,1111,5614000
2023-06-08,Centro,Santiago,-33.438400628811976,-70.67329580119191,1093,5614000
2023-12-19,Norte,Arica,-18.467376073819306,-70.29773819608633,55,247552
2023-06-22,Norte,Arica,-18.4652352940505,-70.31133645249254,52,247552
2024-11-24,Sur,Temuco,-38.72702627609252,-72.58515091658604,43,282415
2024-08-13,Centro,Santiago,-33.439742227239535,-70.67608515564089,1130,5614000
2023-08-18,Sur,Temuco,-38.738976912277636,-72.59010666051194,72,282415
2023-04-24,Norte,Arica,-18.47120922242021,-70.31660747785395,49,247552
2024-03-24,Norte,Antofagasta,-23.65846357275026,-70.39514829692344,84,425725
2024-01-23,Norte,Arica,-18.485054436592453,-70.3256845621014,48,247552
2023-08-06,Centro,Rancagua,-34.176412659243,-70.72870726911508,42,232211
2024-05-01,Centro,Santiago,-33.46121129430645,-70.66258732732982,1132,5614000
2024-07-19,Centro,Rancagua,-34.17394328952866,-70.73317154742642,39,232211
2023-06-17,Centro,Santiago,-33.45153822974248,-70.67600476364055,1121,5614000
2023-03-21,Sur,PuertoMontt,-41.46683553043065,-72.94877341098561,59,245902
2024-06-05,Centro,Valparaiso,-33.04863356970526,-71.59377928496532,46,296655
2023-08-05,Centro,Rancagua,-34.16066185861135,-70.74223104891868,45,232211
2024-03-11,Norte,Iquique,-20.230736122367478,-70.14824033788531,47,191468
2024-01-26,Sur,Concepcion,-36.83188040081913,-73.04381980246961,44,223574
2023-06-12,Sur,Temuco,-38.73172458408322,-72.58152104994743,56,282415
2023-05-13,Sur,PuertoMontt,-41.485285067968235,-72.93241330147201,48,245902
2024-07-21,Norte,Arica,-18.471835693571457,-70.32146438716114,54,247552
2023-08-01,Norte,Iquique,-20.229602902725375,-70.12784573027143,43,191468
2024-06-15,Centro,Santiago,-33.44159974802669,-70.67352172323973,1124,5614000
2024-04-09,Centro,Santiago,-33.448223010643254,-70.66343579054693,1148,5614000
2024-04-10,Centro,Rancagua,-34.18060312101045,-70.7461655935339,47,232211
2024-09-08,Centro,Santiago,-33.444195055051956,-70.67614998415758,1092,5614000
2024-05-14,Norte,Iquique,-20.219307152004326,-70.14485903245794,37,191468
2024-04-14,Norte,Iquique,-20.249907218922644,-70.13968434577491,43,191468
2024-05-25,Sur,PuertoMontt,-41.4691341306779,-72.94758279597393,52,245902
2024-01-09,Sur,Temuco,-38.73606395082405,-72.59198694733614,63,282415
2024-09-13,Sur,Concepcion,-36.841021536822396,-73.05189008294653,48,223574
2024-01-17,Centro,Valparaiso,-33.04984572076981,-71.62659668999612,69,296655
2024-07-05,Centro,Santiago,-33.42825632681335,-70.65692542669835,1160,5614000
2023-01-10,Norte,Antofagasta,-23.64815336447616,-70.41027244733722,88,425725
2023-12-16,Norte,Iquique,-20.237085205377,-70.12768072286322,31,191468
2023-08-11,Centro,Rancagua,-34.18111750961324,-70.73925454234417,42,232211
2024-01-20,Norte,Antofagasta,-23.64609560617948,-70.40034046026977,90,425725
2024-07-18,Norte,Arica,-18.47357083567628,-70.320681572025,50,247552
2023-12-16,Centro,Santiago,-33.448225211679016,-70.66298446664649,1151,5614000
2023-07-06,Centro,Rancagua,-34.1724699818969,-70.75357043612746,50,232211
2023-10-05,Centro,Santiago,-33.46607283412383,-70.67975372739603,1066,5614000
2024-05-18,Sur,Temuco,-38.720426169843854,-72.57435012814024,38,282415
2023-06-17,Centro,Santiago,-33.441616523368566,-70.66256167709561,1124,5614000
2023-03-29,Norte,Iquique,-20.22918461652089,-70.1405913046632,46,191468
2024-10-18,Centro,Santiago,-33.44093454456857,-70.6693435742082,1093,5614000
2024-08-02,Norte,Arica,-18.485578357952285,-70.31206510677663,43,247552
2023-06-18,Centro,Santiago,-33.43856467796763,-70.66702230985105,1105,5614000
2023-07-30,Norte,Antofagasta,-23.67248138302121,-70.3797772672477,86,425725
2024-01-20,Sur,Concepcion,-36.84947378013285,-73.0622980802734,39,223574
2024-06-08,Centro,Santiago,-33.464453216528966,-70.66760331714848,1121,5614000
2024-09-28,Norte,Arica,-18.462865074555374,-70.30779924137549,40,247552
2023-05-16,Sur,Concepcion,-36.80596833774166,-73.0574499722676,45,223574
2024-04-29,Sur,Temuco,-38.74078248607786,-72.59006803662622,54,282415
2023-10-11,Sur,PuertoMontt,-41.47209074719243,-72.95392527363418,47,245902
2023-08-30,Centro,Valparaiso,-33.06085013049466,-71.62008656575354,52,296655
2024-03-20,Norte,Arica,-18.46596696983104,-70.32136225563899,55,247552
2023-02-13,Centro,Rancagua,-34.193831514453734,-70.74276158217882,46,232211
2024-10-30,Norte,Arica,-18.479296668296037,-70.32518509667221,52,247552
2024-08-14,Norte,Iquique,-20.23852616626572,-70.13665632032625,44,191468
2024-06-24,Sur,Temuco,-38.73158014663757,-72.60658225853116,53,282415
2023-08-29,Centro,Valparaiso,-33.04850325650245,-71.6015978604295,57,296655
2023-03-14,Centro,Rancagua,-34.16863864090451,-70.74783021148383,51,232211
2024-08-31,Sur,Concepcion,-36.83026902484096,-73.04937851867349,45,223574
2024-06-10,Norte,Arica,-18.472048253200246,-70.30796027643976,55,247552
2024-10-09,Norte,Antofagasta,-23.65867754360552,-70.38651745336993,93,425725
2024-10-12,Norte,Arica,-18.491165478116347,-70.31908719383445,54,247552
2024-12-14,Norte,Iquique,-20.217980154863504,-70.15393077631968,33,191468
2023-01-07,Norte,Iquique,-20.219718456899052,-70.13913121255419,41,191468
2024-07-14,Centro,Santiago,-33.4666625034724,-70.66466777529753,1174,5614000
2024-10-14,Sur,Temuco,-38.74624507191882,-72.59563229830745,66,282415
2024-11-22,Norte,Arica,-18.471393298940882,-70.31118293434507,60,247552
2024-11-17,Norte,Iquique,-20.225379265724865,-70.11959129417646,39,191468
2023-10-19,Sur,Concepcion,-36.833168798387234,-73.0614808561571,40,223574
2023-11-20,Sur,PuertoMontt,-41.468562061694605,-72.9280789736566,38,245902
2024-12-23,Centro,Santiago,-33.456500651283676,-70.68472765414026,1177,5614000
2023-12-31,Norte,Arica,-18.494772122468945,-70.30684631979491,51,247552
2023-11-04,Norte,Antofagasta,-23.66239428723795,-70.381966304434,86,425725
2024-09-13,Sur,Concepcion,-36.830105499877256,-73.05207134842618,42,223574
2024-01-04,Sur,Concepcion,-36.82597816807777,-73.04669650696405,46,223574
2024-06-14,Norte,Iquique,-20.223223130078665,-70.13700033500656,45,191468
2024-12-14,Centro,Valparaiso,-33.03819645364696,-71.59633559918231,76,296655
2023-11-15,Sur,PuertoMontt,-41.46979904014456,-72.9185136886649,50,245902
2024-12-21,Norte,Arica,-18.469568365146618,-70.31271867007713,47,247552
2023-06-26,Centro,Rancagua,-34.16435807522239,-70.739890201529,46,232211
2023-01-14,Norte,Antofagasta,-23.64762562673907,-70.39760459554734,86,425725
2024-09-22,Norte,Antofagasta,-23.650824309545268,-70.4028109786635,94,425725
2024-03-24,Norte,Antofagasta,-23.65421199803667,-70.39949541602354,97,425725
2023-10-29,Centro,Rancagua,-34.17916870706063,-70.75583189580382,41,232211
2023-05-26,Centro,Valparaiso,-33.044181357169585,-71.62856123061674,65,296655
2023-04-05,Sur,PuertoMontt,-41.47727248398992,-72.93322455040135,51,245902
2023-02-24,Centro,Santiago,-33.44363902299314,-70.68510991342266,1150,5614000
2024-05-12,Norte,Iquique,-20.23125678973998,-70.1499604387662,45,191468
2024-06-28,Sur,PuertoMontt,-41.47127523435783,-72.926430632741,51,245902
2024-12-23,Sur,PuertoMontt,-41.47347927176689,-72.95056659894006,41,245902
2024-05-16,Centro,Valparaiso,-33.05156814364098,-71.6136617290978,69,296655
2023-10-12,Centro,Santiago,-33.445322525680204,-70.6764741384149,1188,5614000
2024-05-14,Norte,Arica,-18.497764676102392,-70.29865386343005,45,247552
2024-07-20,Centro,Valparaiso,-33.035951829194616,-71.60548109951931,63,296655
2024-04-18,Centro,Rancagua,-34.17008399380536,-70.73240224981075,51,232211
2024-11-04,Centro,Rancagua,-34.179547846430715,-70.73162328070923,40,232211
2023-11-11,Sur,Temuco,-38.73074181560782,-72.58761140534911,54,282415
2023-03-15,Centro,Rancagua,-34.1801538893682,-70.74325833474458,54,232211
2024-01-04,Sur,PuertoMontt,-41.46691803158873,-72.93146217355266,60,245902
2024-02-25,Centro,Valparaiso,-33.05005303163476,-71.6331678588396,58,296655
2024-04-21,Sur,Temuco,-38.72770765470858,-72.58020964226625,61,282415
2023-11-25,Sur,Temuco,-38.72555893564944,-72.58583020546669,59,282415
2023-06-18,Norte,Arica,-18.467916907600227,-70.3208087618443,55,247552
2023-07-27,Centro,Valparaiso,-33.04740151386453,-71.62512194727633,41,296655
2023-08-12,Sur,PuertoMontt,-41.46956013423533,-72.93739105649868,50,245902
2024-09-05,Sur,Concepcion,-36.82939756370724,-73.04559742694849,43,223574
2023-03-20,Norte,Arica,-18.462827560263612,-70.30041232591768,42,247552
2023-11-17,Norte,Iquique,-20.224015836375163,-70.12895675305427,42,191468
2024-08-05,Norte,Iquique,-20.238068020665843,-70.13260932858952,32,191468
2024-09-28,Norte,Arica,-18.4771366935816,-70.31251412278759,50,247552
2024-10-23,Centro,Santiago,-33.456698328188196,-70.66476393095546,1090,5614000
2023-10-09,Norte,Antofagasta,-23.636924028313825,-70.4045896162718,78,425725
2023-08-11,Norte,Antofagasta,-23.661958623862894,-70.41995956096564,92,425725
2024-02-26,Sur,PuertoMontt,-41.45775428402279,-72.93355872385042,48,245902
2023-10-26,Norte,Iquique,-20.233633865338692,-70.12784783680169,32,191468
2024-09-23,Sur,PuertoMontt,-41.48720965661965,-72.92815490991697,52,245902
2023-09-05,Sur,PuertoMontt,-41.46013686057706,-72.93158834249112,58,245902
2024-06-28,Sur,Concepcion,-36.832532957681,-73.05427289309071,43,223574
2023-04-11,Norte,Antofagasta,-23.643049483496362,-70.41178613576375,72,425725
2024-11-13,Sur,Temuco,-38.73391245337162,-72.59092574106047,58,282415
2023-09-19,Norte,Arica,-18.464900922131918,-70.31212745625947,47,247552
2024-12-30,Sur,Concepcion,-36.81793208327671,-73.05619959413777,38,223574
2023-09-30,Centro,Valparaiso,-33.04052710694068,-71.61519524099995,57,296655
2024-08-01,Centro,Rancagua,-34.171462900593426,-70.76357778777731,41,232211
2023-11-01,Norte,Arica,-18.480348498613843,-70.32343926955842,41,247552
2024-03-04,Sur,Concepcion,-36.82255563243275,-73.04399578996588,45,223574
2024-06-17,Norte,Antofagasta,-23.643646992414578,-70.36803654728749,87,425725
2023-09-19,Sur,Concepcion,-36.83651281652609,-73.04543885950618,52,223574
2024-07-25,Centro,Santiago,-33.45833573258602,-70.68279343400114,1158,5614000
2023-12-27,Centro,Valparaiso,-33.03798421281088,-71.62603983456283,65,296655
2023-09-05,Sur,PuertoMontt,-41.47608788286122,-72.94401651249709,60,245902
2023-05-03,Centro,Rancagua,-34.15358914133855,-70.74123858334234,48,232211
2024-06-04,Centro,Valparaiso,-33.046264690180216,-71.61173314796102,63,296655
2023-09-25,Centro,Santiago,-33.43770318167322,-70.66907620480987,1093,5614000
2023-05-23,Centro,Rancagua,-34.169164245878875,-70.74437478437366,37,232211
2024-05-11,Norte,Antofagasta,-23.651494457308115,-70.3948029243247,86,425725
2024-02-15,Norte,Antofagasta,-23.644601445249005,-70.3977947370834,74,425725
2023-10-05,Norte,Arica,-18.465217593535648,-70.32364098458122,54,247552
2023-09-09,Centro,Valparaiso,-33.055926568905264,-71.62480290501888,59,296655
2024-08-10,Sur,PuertoMontt,-41.462662705401875,-72.94118771994673,50,245902
2023-08-22,Norte,Iquique,-20.226472430941865,-70.13561798490115,44,191468
2024-01-05,Norte,Antofagasta,-23.648786653306512,-70.40819156766236,80,425725
2024-01-30,Centro,Valparaiso,-33.04122062428502,-71.61789256539473,55,296655
2023-07-04,Norte,Antofagasta,-23.666883662016662,-70.40991582625472,71,425725
2023-09-12,Norte,Iquique,-20.233915642290416,-70.11495026344467,39,191468
2023-09-27,Centro,Valparaiso,-33.04655331155531,-71.62241063001787,69,296655
2024-06-28,Centro,Santiago,-33.46975406290657,-70.6795074346458,1103,5614000
2024-08-24,Sur,Concepcion,-36.82044078356976,-73.0475267242235,44,223574
2024-06-29,Sur,Concepcion,-36.80823183058729,-73.04050919234804,50,223574
2024-10-21,Centro,Rancagua,-34.16138535484477,-70.75761480774656,32,232211
2023-02-14,Sur,Temuco,-38.736628972907184,-72.59949752081215,45,282415
2023-10-21,Norte,Iquique,-20.223153221078988,-70.13581159312771,31,191468
2023-02-20,Norte,Antofagasta,-23.64981449232301,-70.40506562926154,77,425725
2023-07-18,Centro,Santiago,-33.457516481942726,-70.6525226585081,1109,5614000
2023-09-06,Sur,Temuco,-38.73195712170932,-72.58081112286058,45,282415
2024-08-27,Norte,Antofagasta,-23.663807778416743,-70.40721092981194,98,425725
2023-09-20,Sur,Concepcion,-36.84238159139088,-73.04216051676929,65,223574
2023-10-27,Norte,Antofagasta,-23.64067030727139,-70.40462797782949,98,425725
2024-08-26,Centro,Valparaiso,-33.04079863091631,-71.61695415161196,61,296655
2024-09-28,Sur,Concepcion,-36.8474123784729,-73.03827476261954,51,223574
2023-05-07,Norte,Antofagasta,-23.654360126493824,-70.40505556421266,102,425725
2024-10-04,Sur,Temuco,-38.726933486795765,-72.60279863870187,43,282415
2023-12-20,Sur,Concepcion,-36.82370373866546,-73.05558902768875,54,223574
2024-01-13,Centro,Valparaiso,-33.04611978178821,-71.60776196098043,59,296655
2023-02-03,Centro,Rancagua,-34.172477054656085,-70.74580129831327,41,232211
2023-08-06,Sur,Temuco,-38.740188966740305,-72.57573434495299,63,282415
2024-09-13,Norte,Arica,-18.4819670636023,-70.3138164327344,59,247552
2024-01-03,Sur,Temuco,-38.74284681123344,-72.59585767117642,67,282415
2023-12-14,Centro,Valparaiso,-33.0516451148992,-71.62174872863366,64,296655
2024-07-13,Centro,Valparaiso,-33.03995832262983,-71.61488084676304,73,296655
2023-07-11,Sur,PuertoMontt,-41.470831318672495,-72.94830019115132,38,245902
2024-03-31,Norte,Iquique,-20.231924704025005,-70.12400836461104,50,191468
2024-06-28,Centro,Rancagua,-34.17426784171011,-70.75167054125531,46,232211
2023-05-05,Sur,PuertoMontt,-41.46813148748971,-72.92826367036736,43,245902
2023-01-15,Norte,Iquique,-20.234242066741047,-70.13514142256741,22,191468
2024-01-30,Centro,Valparaiso,-33.05173198848477,-71.61576951609173,81,296655
2024-12-20,Norte,Arica,-18.4961354624107,-70.29920897226494,56,247552
2024-10-04,Centro,Valparaiso,-33.05162160139325,-71.62136586241732,70,296655
2023-04-21,Norte,Antofagasta,-23.642021438469428,-70.39762427522588,77,425725
2024-08-17,Sur,Concepcion,-36.829056027224794,-73.05115599621523,42,223574
2023-03-20,Sur,PuertoMontt,-41.46556371290061,-72.93163676704314,38,245902
2023-08-10,Sur,Concepcion,-36.816853297497204,-73.03569191975177,42,223574
2024-04-22,Sur,Temuco,-38.741528181757886,-72.58670148242167,52,282415
2023-07-18,Sur,Concepcion,-36.836093773310395,-73.05818240379368,34,223574
2024-03-01,Norte,Arica,-18.48264556026272,-70.32011001790192,45,247552
2024-04-24,Sur,PuertoMontt,-41.46825829315805,-72.93858514154276,55,245902
2024-02-07,Norte,Arica,-18.462227006201754,-70.3074705571092,42,247552
2023-08-03,Sur,Concepcion,-36.8276315071257,-73.04749933933827,41,223574
2023-03-20,Norte,Iquique,-20.21984179308723,-70.1325325188111,37,191468
2024-01-01,Centro,Rancagua,-34.163863882112,-70.72723229393317,39,232211
2023-04-10,Sur,PuertoMontt,-41.46685590791631,-72.92144078212917,48,245902
2024-05-23,Norte,Iquique,-20.22642099111728,-70.13633930421742,35,191468
2024-04-13,Sur,Concepcion,-36.84054452467515,-73.03153760977963,39,223574
2023-11-10,Sur,Temuco,-38.747154939726464,-72.59329467970574,54,282415
2024-06-19,Centro,Valparaiso,-33.043587345603086,-71.6179692437252,65,296655
2023-05-28,Centro,Valparaiso,-33.04924783971776,-71.628152661832,68,296655
2024-08-20,Centro,Rancagua,-34.18033603381975,-70.73707453818189,38,232211
2023-11-09,Norte,Iquique,-20.243163655321208,-70.13805067729861,38,191468
2023-01-28,Centro,Valparaiso,-33.03468207352852,-71.60651538439029,56,296655
2024-02-23,Norte,Arica,-18.476580881716387,-70.31380767945764,52,247552
2024-09-03,Norte,Antofagasta,-23.656410652844006,-70.39575804561605,89,425725
2024-10-13,Sur,Temuco,-38.734014245852215,-72.57365314216503,66,282415
2024-04-08,Sur,Temuco,-38.73312943430917,-72.59818929231155,57,282415
2023-10-07,Norte,Antofagasta,-23.65008214376055,-70.39865900493345,83,425725
2024-02-14,Sur,Temuco,-38.73838473478128,-72.58967360709443,57,282415
2023-10-28,Centro,Valparaiso,-33.05102022200702,-71.60672303764231,59,296655
2023-08-06,Sur,PuertoMontt,-41.45840852689196,-72.94672693461484,39,245902
2024-07-02,Centro,Santiago,-33.44853537967052,-70.66013175708255,1105,5614000
2023-07-11,Centro,Rancagua,-34.16891349069343,-70.75222230796741,42,232211
2024-10-15,Norte,Antofagasta,-23.628243419197194,-70.41499828678938,83,425725
2024-09-22,Norte,Antofagasta,-23.647602253174508,-70.40156038425447,81,425725
2023-09-19,Norte,Arica,-18.4592131987661,-70.29076877140815,37,247552
2023-07-23,Centro,Santiago,-33.45430309609176,-70.6624705598034,1123,5614000
2023-01-30,Centro,Valparaiso,-33.04661292632012,-71.61518728156169,62,296655
2023-12-11,Sur,Temuco,-38.73376688010562,-72.56791889564867,66,282415
2023-04-02,Centro,Valparaiso,-33.05239137673182,-71.59771514825262,65,296655
2023-07-16,Centro,Santiago,-33.45423927455855,-70.68497747505486,1190,5614000
2023-08-25,Sur,Concepcion,-36.82751788403477,-73.05993409729118,48,223574
2023-01-12,Sur,PuertoMontt,-41.46503604880482,-72.92381360402679,48,245902
2024-07-22,Sur,Temuco,-38.747014195969214,-72.60384508289927,51,282415
2024-02-20,Sur,Temuco,-38.724238736862645,-72.59029277184594,62,282415
2023-03-26,Centro,Rancagua,-34.17112885425789,-70.73957956239325,49,232211
2023-11-22,Norte,Iquique,-20.23443022032191,-70.12179271712162,43,191468
2023-11-18,Centro,Santiago,-33.45158766782636,-70.64402671890264,1121,5614000
2024-04-09,Centro,Valparaiso,-33.02740217264274,-71.62259362328997,63,296655
2024-08-08,Sur,Temuco,-38.725356809547186,-72.58966923291284,53,282415
2024-11-19,Norte,Arica,-18.485869776795376,-70.31421286234337,55,247552
2024-04-22,Centro,Valparaiso,-33.04370529631587,-71.61272959322763,63,296655
2023-10-12,Centro,Valparaiso,-33.052017062122566,-71.6052390482811,56,296655
2023-12-20,Norte,Antofagasta,-23.65057683519777,-70.39434438008821,84,425725
2023-11-17,Sur,PuertoMontt,-41.47181027172813,-72.91141061644234,51,245902
2024-07-26,Centro,Valparaiso,-33.03619398319959,-71.61748797572515,64,296655
2023-09-06,Sur,Temuco,-38.71715525768288,-72.59507868197097,55,282415
2024-08-01,Sur,Concepcion,-36.801824957878324,-73.04418554784469,37,223574
2024-01-04,Sur,Concepcion,-36.836785466574206,-73.03433145069621,45,223574
2024-05-25,Sur,PuertoMontt,-41.47250655316675,-72.94512429110294,50,245902
2024-03-03,Centro,Valparaiso,-33.05079015381778,-71.60202231174665,63,296655
2023-06-10,Centro,Santiago,-33.45434096569661,-70.67363406427486,1134,5614000
2023-07-19,Sur,PuertoMontt,-41.47355194555403,-72.94630909032578,48,245902
2023-12-31,Norte,Iquique,-20.224265463249598,-70.13459817626463,40,191468
2024-09-16,Norte,Arica,-18.471935603750214,-70.31478078754331,43,247552
2023-08-10,Sur,Concepcion,-36.8208859232148,-73.03261869825204,47,223574
2023-02-17,Centro,Santiago,-33.452504811938205,-70.67268499920782,1124,5614000
2024-03-06,Norte,Iquique,-20.22395494582003,-70.14128907972096,38,191468
2023-05-25,Centro,Santiago,-33.451376348297686,-70.67265171270314,1102,5614000
2023-08-18,Sur,PuertoMontt,-41.45701394432744,-72.94635928945584,42,245902
2024-01-18,Centro,Rancagua,-34.17673619178348,-70.73733020617648,56,232211
2023-08-15,Sur,Concepcion,-36.82827090691293,-73.04775166954069,40,223574
2023-05-04,Centro,Rancagua,-34.15650608941393,-70.74097440680404,51,232211
2023-09-07,Sur,Concepcion,-36.834405715397544,-73.05188717144156,66,223574
2023-09-22,Sur,Temuco,-38.720030872201605,-72.5966013197851,58,282415
2024-12-19,Centro,Rancagua,-34.1683862381741,-70.75082500308532,42,232211
2023-12-20,Norte,Iquique,-20.223914034187906,-70.13631042047173,37,191468
2024-12-07,Norte,Arica,-18.471984215129044,-70.31399572829115,48,247552
2023-05-27,Norte,Arica,-18.483864564432633,-70.33216587740979,58,247552
2024-03-27,Centro,Rancagua,-34.16759090860666,-70.74996721698217,55,232211
2023-04-07,Norte,Iquique,-20.236028544633307,-70.15106534863182,31,191468
2024-02-04,Sur,PuertoMontt,-41.46760219049407,-72.94311893297332,38,245902
2023-08-04,Norte,Arica,-18.484602485560856,-70.3058186271281,56,247552
2023-07-19,Norte,Iquique,-20.233668851131313,-70.14785872074827,37,191468
2024-09-26,Sur,Temuco,-38.751925423295575,-72.57855772433734,53,282415
2024-02-28,Sur,PuertoMontt,-41.465046654745926,-72.92981039622562,50,245902
2023-04-29,Norte,Arica,-18.486448680535126,-70.30084089596407,57,247552
2024-08-25,Sur,PuertoMontt,-41.483532050595876,-72.92289642123241,44,245902
2024-02-18,Norte,Arica,-18.48265487191147,-70.31598016431178,47,247552
2024-05-07,Norte,Arica,-18.478682827086747,-70.3101252714211,50,247552
2024-07-12,Norte,Antofagasta,-23.662751195549962,-70.39514351332274,92,425725
2024-03-02,Sur,PuertoMontt,-41.467843564367975,-72.94519621658553,46,245902
2023-07-07,Norte,Antofagasta,-23.64412191135778,-70.39840769819264,102,425725
2023-08-18,Norte,Arica,-18.47338247812308,-70.31557416744235,45,247552
2024-04-10,Centro,Rancagua,-34.17503327632003,-70.74163583588597,52,232211
2023-02-06,Centro,Valparaiso,-33.044464020837964,-71.61617993151147,59,296655
2023-05-07,Norte,Arica,-18.480202062163695,-70.31135268380875,46,247552
2023-07-17,Norte,Arica,-18.478271995992927,-70.30365173525428,46,247552
2024-05-26,Centro,Rancagua,-34.1646887617387,-70.75619896013045,52,232211
2024-11-22,Centro,Santiago,-33.470739138298185,-70.65641135116242,1091,5614000
2024-09-25,Sur,PuertoMontt,-41.4580598626066,-72.95295515669086,54,245902
2024-06-23,Centro,Rancagua,-34.169721288425755,-70.72920141714029,40,232211
2024-08-21,Centro,Santiago,-33.443824687441776,-70.66477067630967,1047,5614000
2024-12-03,Norte,Iquique,-20.236135897402214,-70.13923894277121,31,191468
2023-05-20,Centro,Rancagua,-34.17168731493817,-70.74259295283309,46,232211
2024-02-26,Centro,Rancagua,-34.16826750441614,-70.74052706055478,61,232211
2023-02-27,Centro,Santiago,-33.45920423674931,-70.67926827860994,1127,5614000
2024-07-22,Norte,Arica,-18.508864504755152,-70.32361947383596,50,247552
2023-06-26,Sur,PuertoMontt,-41.476782394339,-72.95944459151222,55,245902
2023-06-06,Norte,Arica,-18.460268263537337,-70.29621569015787,54,247552
2023-04-29,Sur,Temuco,-38.72885446277955,-72.57968287139708,40,282415
2024-09-12,Sur,PuertoMontt,-41.47282420564526,-72.93767626555984,48,245902
2024-09-20,Sur,PuertoMontt,-41.45234762546972,-72.93148574892963,48,245902
2023-05-22,Norte,Antofagasta,-23.656465239194212,-70.39445314885066,75,425725
2023-03-01,Norte,Iquique,-20.239915470237623,-70.13614070665284,34,191468
2024-02-03,Sur,Concepcion,-36.826353243981245,-73.04277724798845,47,223574
2023-08-28,Sur,Concepcion,-36.84467204608856,-73.06129539955401,43,223574
2024-05-25,Centro,Rancagua,-34.149626861968514,-70.734787990294,40,232211
2023-08-28,Centro,Valparaiso,-33.03889582014435,-71.60686764219932,55,296655
2023-11-06,Sur,PuertoMontt,-41.4624046453482,-72.93890304293144,58,245902
2024-01-16,Norte,Antofagasta,-23.64172414671345,-70.40477876826078,81,425725
2023-07-30,Sur,Temuco,-38.72778577496591,-72.57553713017322,49,282415
2024-03-22,Sur,Concepcion,-36.816606631539,-73.03375051341025,34,223574
2024-03-24,Norte,Antofagasta,-23.662681096088985,-70.39803345803136,103,425725
2023-10-01,Centro,Santiago,-33.441731226733076,-70.66176831003328,1085,5614000
2024-07-11,Norte,Iquique,-20.241708698863775,-70.12335845443928,40,191468
2023-01-17,Centro,Valparaiso,-33.05706625089203,-71.62289618467229,58,296655
2023-12-12,Sur,Temuco,-38.737953789055844,-72.59832020769892,54,282415
2023-07-31,Norte,Antofagasta,-23.642153459943827,-70.40705453369253,90,425725
2023-11-16,Norte,Iquique,-20.243051576176875,-70.14910383191825,36,191468
2024-04-01,Norte,Antofagasta,-23.656432177418598,-70.40187730163858,95,425725
2024-06-24,Centro,Santiago,-33.43185871616346,-70.66388475338044,1122,5614000
2023-04-01,Norte,Iquique,-20.222417697044644,-70.1382984901929,47,191468
2024-08-17,Centro,Rancagua,-34.185142109638775,-70.74063230239473,50,232211
2024-03-11,Centro,Valparaiso,-33.03519967462131,-71.59569828566661,48,296655
2023-09-28,Norte,Arica,-18.482118907194927,-70.31004156986391,43,247552
2023-06-28,Sur,Temuco,-38.722011962335145,-72.5962127671821,54,282415
2023-03-07,Sur,PuertoMontt,-41.458363197694666,-72.93266892881083,46,245902
2023-08-05,Norte,Antofagasta,-23.6498889315005,-70.42025863503424,95,425725
2024-12-09,Centro,Valparaiso,-33.056056615262634,-71.60870786643463,61,296655
2023-12-27,Centro,Rancagua,-34.184808780178855,-70.75202445217599,56,232211
2024-07-11,Norte,Antofagasta,-23.639492382002196,-70.41133020144714,70,425725
2024-10-11,Sur,Concepcion,-36.834909868879926,-73.05420717015883,39,223574
2023-01-04,Sur,PuertoMontt,-41.46671646238884,-72.94167189500035,51,245902
2024-04-03,Norte,Iquique,-20.24765077586902,-70.12581269830062,31,191468
2023-08-14,Centro,Rancagua,-34.15450224463534,-70.74686430147898,59,232211
2024-10-15,Centro,Valparaiso,-33.02855972323976,-71.61612123624712,57,296655
2023-09-22,Centro,Santiago,-33.44524601465158,-70.68160505829282,1127,5614000
2023-08-30,Norte,Arica,-18.471525073738043,-70.29501712771686,55,247552
2024-09-15,Sur,PuertoMontt,-41.48068194693646,-72.93868220257785,46,245902
2024-05-18,Norte,Iquique,-20.229941297090324,-70.12830704965438,35,191468
2023-04-22,Norte,Arica,-18.473283342319483,-70.31616529262789,27,247552
2023-12-12,Sur,Temuco,-38.74110612388328,-72.58973871930398,63,282415
2024-10-01,Norte,Arica,-18.48553445291714,-70.32994285623319,44,247552
2024-02-22,Sur,Temuco,-38.73855966321835,-72.5806336647923,54,282415
2024-08-06,Sur,Concepcion,-36.81546932885232,-73.04136325936487,50,223574
2023-08-09,Norte,Arica,-18.487106143559867,-70.32234959687487,58,247552
2023-05-20,Sur,PuertoMontt,-41.479190173508904,-72.93289945412188,56,245902
2023-12-03,Sur,PuertoMontt,-41.46543541008198,-72.94436450096346,58,245902
2024-03-24,Centro,Valparaiso,-33.04009524813345,-71.6048945531193,51,296655
2023-09-22,Centro,Valparaiso,-33.048098090204995,-71.63252383522313,57,296655
2024-04-13,Norte,Iquique,-20.245344978606784,-70.1415475055426,35,191468
2023-05-14,Centro,Santiago,-33.444986326479004,-70.67483464481319,1167,5614000
2023-05-22,Sur,Temuco,-38.72479950463725,-72.58961080301972,48,282415
2023-04-24,Norte,Antofagasta,-23.671553315109538,-70.39965687886567,76,425725
2023-03-24,Norte,Antofagasta,-23.64307800512136,-70.40334876806966,104,425725
2023-12-04,Sur,PuertoMontt,-41.45779725468555,-72.94520675627126,52,245902
2023-09-01,Sur,PuertoMontt,-41.4541125793992,-72.91154648715482,59,245902
2023-10-10,Sur,PuertoMontt,-41.47143807574947,-72.9398049574927,41,245902
2024-05-23,Norte,Antofagasta,-23.65484814377922,-70.39287939569515,82,425725
2024-06-12,Centro,Valparaiso,-33.054232444942876,-71.60237148717906,54,296655
2023-07-26,Sur,Temuco,-38.75318763435955,-72.58239161060251,49,282415
2023-04-26,Sur,Concepcion,-36.81951109612597,-73.04506714557286,36,223574
2024-01-06,Norte,Antofagasta,-23.651092277937792,-70.39677007546368,99,425725
2023-11-28,Centro,Rancagua,-34.16433331693887,-70.73033294313967,41,232211
2024-05-02,Centro,Rancagua,-34.17075318258963,-70.75244721956611,44,232211
2024-10-06,Sur,PuertoMontt,-41.47312365639841,-72.93386208138804,48,245902
2024-08-20,Norte,Arica,-18.491222029356386,-70.31945081170976,46,247552
2024-12-16,Centro,Valparaiso,-33.029648963350574,-71.61551864062339,59,296655
2024-08-22,Sur,PuertoMontt,-41.46573497777455,-72.93658073166802,43,245902
2024-01-11,Sur,Temuco,-38.724142449601715,-72.5808481935103,57,282415
2024-11-10,Sur,PuertoMontt,-41.47054311747205,-72.90558745181565,53,245902
2024-11-19,Norte,Iquique,-20.231664356276422,-70.14924610235373,43,191468
2023-03-15,Sur,Concepcion,-36.82295327656312,-73.02467940653153,41,223574
2023-04-06,Sur,PuertoMontt,-41.480746215776435,-72.93922615450643,54,245902
2024-11-08,Centro,Santiago,-33.4656726526969,-70.67967213868259,1121,5614000
2023-03-13,Sur,Temuco,-38.74565549233822,-72.6151305629853,54,282415
2023-10-24,Norte,Arica,-18.477897448699473,-70.30788738216076,49,247552
2024-10-25,Centro,Santiago,-33.45329285826517,-70.6763177127492,1143,5614000
2024-11-15,Norte,Arica,-18.48078327565899,-70.31240691739332,37,247552
2023-04-19,Centro,Valparaiso,-33.05907536767508,-71.605172103802,59,296655
2024-04-05,Sur,Temuco,-38.72683109803734,-72.60308197175554,63,282415
2024-05-12,Sur,Temuco,-38.73718990272454,-72.60302228747523,47,282415
2024-03-14,Centro,Santiago,-33.452303539777404,-70.66030637211722,1090,5614000
2023-06-21,Norte,Arica,-18.479591805835447,-70.30713360311918,54,247552
2024-11-01,Norte,Arica,-18.486596872183902,-70.3155054612496,47,247552
2024-10-08,Norte,Iquique,-20.23399538367634,-70.14104685710258,41,191468
2024-04-02,Centro,Valparaiso,-33.06250165494564,-71.63502119308733,58,296655
2024-07-15,Centro,Santiago,-33.43699325233285,-70.67719425208396,1072,5614000
2023-06-25,Centro,Rancagua,-34.16019671918065,-70.72795394042937,41,232211
2024-03-13,Norte,Arica,-18.47922558944269,-70.30542004772413,46,247552
2024-04-06,Centro,Valparaiso,-33.04667273519437,-71.6074951029213,52,296655
2023-07-30,Norte,Iquique,-20.248444634169037,-70.12403369817953,37,191468
2024-10-29,Sur,Temuco,-38.72280225169993,-72.58608134983785,68,282415
2024-06-19,Norte,Antofagasta,-23.651315289433416,-70.38644480024044,85,425725
2024-06-08,Centro,Valparaiso,-33.05341891961871,-71.63209698433486,57,296655
2024-03-06,Centro,Valparaiso,-33.05612367596536,-71.62117511807662,53,296655
2024-02-28,Sur,PuertoMontt,-41.47503288526373,-72.92522973999701,42,245902
2023-12-11,Sur,Temuco,-38.73245455947375,-72.60699352026424,60,282415
2023-10-03,Centro,Santiago,-33.43684309663739,-70.65460141916691,1102,5614000
2024-03-20,Centro,Santiago,-33.433448092242315,-70.67643584836779,1170,5614000
2024-09-09,Centro,Santiago,-33.449670269873394,-70.68164036367648,1096,5614000
2023-03-22,Centro,Rancagua,-34.18866410086954,-70.7596140489539,44,232211
2024-03-01,Centro,Santiago,-33.465140984570446,-70.64844026473017,1095,5614000
2023-11-25,Centro,Santiago,-33.456788543727754,-70.67877577821181,1151,5614000
2023-10-15,Centro,Rancagua,-34.16684327793818,-70.74165583813938,56,232211
2023-06-28,Norte,Iquique,-20.236217813262012,-70.14312823677342,40,191468
2024-10-09,Centro,Valparaiso,-33.04487587289602,-71.61681398324703,55,296655
2023-07-09,Sur,Concepcion,-36.8365764741803,-73.04362365817542,46,223574
2024-06-07,Sur,Concepcion,-36.833894875573534,-73.0588355743972,42,223574
2024-08-01,Sur,Temuco,-38.738705532719685,-72.61032263716096,53,282415
2023-02-22,Norte,Arica,-18.492745754882918,-70.32606092363075,46,247552
2023-07-31,Norte,Antofagasta,-23.6552990454706,-70.39356150297267,99,425725
2024-03-21,Sur,Concepcion,-36.83603668299884,-73.04392936280853,50,223574
2023-01-09,Centro,Rancagua,-34.16605773075081,-70.75271488072296,42,232211
2023-09-02,Centro,Rancagua,-34.173776510833136,-70.74793878435582,44,232211
2023-12-04,Sur,Temuco,-38.72596577051832,-72.5864747048938,59,282415
2023-02-23,Centro,Valparaiso,-33.04650614497618,-71.61832614535348,48,296655
2023-06-25,Sur,Temuco,-38.71102517518799,-72.59027131452598,53,282415
2023-10-25,Norte,Arica,-18.47622900710549,-70.31299933127222,50,247552
2024-06-11,Sur,Temuco,-38.724358254086354,-72.60956926531867,52,282415
2023-11-03,Sur,PuertoMontt,-41.44632225738217,-72.95535765634664,50,245902
2024-02-28,Centro,Rancagua,-34.165598446089874,-70.74407141917285,47,232211
2023-03-09,Sur,Temuco,-38.73372190092219,-72.58774450795009,54,282415
2023-06-18,Norte,Iquique,-20.229329132525944,-70.15507345323044,44,191468
2023-01-23,Sur,Temuco,-38.730427371122346,-72.58710278449425,49,282415
2024-10-25,Centro,Rancagua,-34.17577912721064,-70.75273623702657,36,232211
2023-07-08,Centro,Valparaiso,-33.03551813480315,-71.61329532209047,56,296655
2024-04-22,Sur,Temuco,-38.73215884414406,-72.59995676395272,57,282415
2024-12-03,Centro,Santiago,-33.44753564224869,-70.662589674254,1154,5614000
2023-01-30,Sur,Temuco,-38.7359113977257,-72.58572613546507,64,282415
2024-01-10,Norte,Antofagasta,-23.65384728430844,-70.38963984373345,100,425725
2024-09-11,Sur,PuertoMontt,-41.46629975113767,-72.92362084556575,66,245902
2024-11-02,Norte,Antofagasta,-23.63838947612763,-70.39321793593933,95,425725
2023-07-07,Norte,Arica,-18.47981064734711,-70.32359145845003,42,247552
2023-01-26,Centro,Valparaiso,-33.061976954144185,-71.60128037274252,54,296655
2024-03-16,Norte,Antofagasta,-23.63638942759796,-70.40062356109298,69,425725
2024-08-02,Sur,PuertoMontt,-41.478200239729695,-72.93474934620177,44,245902
2024-01-22,Centro,Santiago,-33.468074532646774,-70.66947391141605,1112,5614000
2024-07-23,Norte,Arica,-18.482631237054168,-70.32261533634282,56,247552
2023-09-28,Centro,Valparaiso,-33.027276676543515,-71.6119956367819,52,296655
2024-12-20,Centro,Rancagua,-34.175627950234094,-70.73660442815333,49,232211
2023-11-06,Norte,Iquique,-20.222755638666847,-70.1551113966292,35,191468
2023-06-20,Centro,Valparaiso,-33.05206898602285,-71.60720194173336,60,296655
2024-07-11,Norte,Iquique,-20.238788710939108,-70.1268772336726,51,191468
2023-06-09,Sur,Temuco,-38.73293522381634,-72.59696914990222,63,282415
2023-04-29,Norte,Arica,-18.47159231884781,-70.31801885242928,50,247552
2023-09-08,Norte,Arica,-18.474849477534203,-70.31591145926103,52,247552
2023-10-08,Norte,Iquique,-20.2151873555457,-70.11877536034513,42,191468
2024-09-29,Centro,Rancagua,-34.160052610232135,-70.73811804438299,46,232211
2024-09-29,Sur,PuertoMontt,-41.47469906746067,-72.9127926281279,47,245902
2024-11-27,Sur,Temuco,-38.732376474820285,-72.59517727142544,63,282415
2024-08-31,Sur,Temuco,-38.75470152470953,-72.58395244285217,76,282415
2024-04-17,Centro,Rancagua,-34.18285234653158,-70.74545214465738,44,232211
2023-04-26,Norte,Antofagasta,-23.649859544771264,-70.39728131303546,89,425725
2024-10-03,Centro,Santiago,-33.4484365952194,-70.67360427137359,1080,5614000
2024-01-17,Norte,Arica,-18.484709690663205,-70.31997008802458,42,247552
2023-09-20,Sur,Concepcion,-36.82301254108596,-73.05215726251474,38,223574
2024-05-26,Norte,Arica,-18.4875187443923,-70.30876834748402,54,247552
2024-09-05,Norte,Antofagasta,-23.66655150764028,-70.39538344501831,71,425725
2024-10-11,Centro,Santiago,-33.434355680431686,-70.68313126161976,1184,5614000
2023-10-25,Norte,Iquique,-20.228451478661324,-70.13514901427321,41,191468
2024-05-02,Centro,Santiago,-33.4485187695505,-70.66783967237697,1172,5614000
2024-08-06,Sur,Concepcion,-36.81544188660184,-73.05033747135393,50,223574
2023-04-25,Norte,Antofagasta,-23.640782178300125,-70.40136676190225,91,425725
2023-03-05,Norte,Antofagasta,-23.66745094505222,-70.39576654008415,79,425725
2023-04-29,Sur,PuertoMontt,-41.45017982067571,-72.92366938008983,46,245902
2024-09-20,Sur,PuertoMontt,-41.483709421196245,-72.94066970079095,51,245902
2024-06-24,Centro,Santiago,-33.45337959511495,-70.67550672355961,1113,5614000
2023-04-19,Sur,PuertoMontt,-41.48055266555145,-72.93289783406138,57,245902
2024-09-16,Centro,Rancagua,-34.16949530181426,-70.74049138498484,47,232211
2023-06-29,Norte,Iquique,-20.21566075016193,-70.13711758318122,35,191468
2024-04-22,Norte,Antofagasta,-23.64623341830486,-70.41852148461892,75,425725
2024-04-28,Norte,Arica,-18.47129989639078,-70.32599388998577,44,247552
2024-02-04,Centro,Rancagua,-34.17644086384234,-70.76709000614068,46,232211
2023-05-07,Sur,Temuco,-38.71854259051268,-72.58887253917692,59,282415
2023-09-17,Norte,Iquique,-20.199985866003857,-70.1589465158326,25,191468
2023-03-03,Centro,Valparaiso,-33.085909161352454,-71.60192180370959,72,296655
2023-12-05,Norte,Iquique,-20.226805666687298,-70.11111021782958,38,191468
2023-05-30,Centro,Valparaiso,-33.05272680639263,-71.61386075852388,65,296655
2024-01-14,Centro,Valparaiso,-33.05581606334741,-71.63190811587123,60,296655
2023-03-21,Centro,Santiago,-33.45267359344693,-70.66817631478814,1112,5614000
2023-01-17,Sur,PuertoMontt,-41.468137814781194,-72.93749394438652,60,245902
2023-10-23,Sur,PuertoMontt,-41.4838296730084,-72.95019675530445,44,245902
2024-11-22,Sur,Temuco,-38.751450476695545,-72.58446388611051,71,282415
2024-01-22,Norte,Arica,-18.46312044785929,-70.31986978473967,58,247552
2024-08-02,Centro,Valparaiso,-33.06414732835011,-71.60196446246584,54,296655
2023-10-04,Centro,Rancagua,-34.17193657875983,-70.74234893453107,40,232211
2024-11-06,Norte,Iquique,-20.231880715599274,-70.14828112238989,34,191468
2023-05-19,Centro,Valparaiso,-33.05554732562834,-71.60559664072748,62,296655
2023-07-03,Norte,Arica,-18.484954306407854,-70.31402675060235,41,247552
2024-04-08,Centro,Valparaiso,-33.032822346142716,-71.63044215578803,59,296655
2024-02-12,Sur,Concepcion,-36.818131994345514,-73.04936413545634,57,223574
2023-02-25,Centro,Santiago,-33.43361098846584,-70.66543419576395,1198,5614000
2024-08-10,Centro,Santiago,-33.46661398110249,-70.66127926790853,1110,5614000
2023-08-07,Centro,Santiago,-33.448150836497014,-70.66887902780903,1141,5614000
2024-11-16,Sur,Temuco,-38.72635650742371,-72.59258379744374,62,282415
2024-02-18,Norte,Iquique,-20.240094938015588,-70.14643340960006,34,191468
2023-10-30,Centro,Santiago,-33.44426172155062,-70.6559686975955,1126,5614000
2023-07-29,Sur,PuertoMontt,-41.46733127093629,-72.93877601684142,54,245902
2024-12-13,Sur,Temuco,-38.72869508021454,-72.59411089811057,53,282415
2023-10-23,Centro,Santiago,-33.441019018620416,-70.67009038972343,1131,5614000
2023-03-14,Centro,Valparaiso,-33.04899300920066,-71.61252001797034,63,296655
2023-04-21,Sur,Concepcion,-36.84147590174969,-73.06503771828115,45,223574
2023-09-23,Sur,Temuco,-38.752896599626354,-72.59094718082504,47,282415
2023-04-10,Centro,Valparaiso,-33.0455108830145,-71.61621844450818,60,296655
2023-06-11,Norte,Iquique,-20.210107509628678,-70.14009471803529,40,191468
2023-08-16,Sur,PuertoMontt,-41.47722994672274,-72.92410690351365,52,245902
2023-09-14,Sur,Concepcion,-36.8193110675363,-73.04822239402797,47,223574
2023-05-01,Sur,Concepcion,-36.83842012290631,-73.05184836711378,37,223574
2024-05-28,Norte,Antofagasta,-23.64895769461648,-70.39457357323332,80,425725
2024-12-07,Centro,Santiago,-33.45252459980294,-70.65637700769132,1099,5614000
2024-11-30,Centro,Santiago,-33.44798847860507,-70.66718794524961,1112,5614000
2023-08-15,Norte,Arica,-18.47891391247318,-70.31247834182076,48,247552
2024-05-25,Sur,Concepcion,-36.83020316035592,-73.05490510522152,41,223574
2024-12-17,Norte,Arica,-18.48044289332323,-70.31402301087077,55,247552
2024-02-02,Centro,Santiago,-33.44358821084579,-70.66713351206828,1103,5614000
2024-04-20,Norte,Iquique,-20.22156967959696,-70.14465076403653,39,191468
2024-02-18,Centro,Santiago,-33.444705716018206,-70.67235690891404,1152,5614000
2024-01-08,Sur,Temuco,-38.73237808023662,-72.5926920584598,52,282415
2024-04-10,Sur,Temuco,-38.73869459811866,-72.59350557014817,42,282415
2024-09-27,Sur,Temuco,-38.731160870693515,-72.59087308751783,61,282415
2023-01-13,Sur,Concepcion,-36.81761477342063,-73.04859357268457,51,223574
2024-03-25,Norte,Antofagasta,-23.66820901567139,-70.40609383812361,111,425725
2023-05-11,Centro,Rancagua,-34.156664785521855,-70.75232468184707,50,232211
2024-01-17,Norte,Iquique,-20.232887022456783,-70.13419599767875,50,191468
2023-01-08,Sur,Concepcion,-36.83829433308002,-73.03340506765528,48,223574
2023-09-30,Sur,Temuco,-38.76125351382746,-72.59964924633671,47,282415
2023-05-06,Centro,Valparaiso,-33.04673449305323,-71.60860994147514,40,296655
2023-07-28,Sur,PuertoMontt,-41.47256566386647,-72.94949405821058,48,245902
2023-07-24,Sur,PuertoMontt,-41.45816606868403,-72.93761507639319,38,245902
2024-10-26,Centro,Valparaiso,-33.06889807690691,-71.60553870955619,57,296655
2024-08-28,Centro,Valparaiso,-33.027587623068,-71.61571950421508,52,296655
2023-11-18,Norte,Antofagasta,-23.637170045317934,-70.39122143973002,91,425725
2023-11-29,Norte,Iquique,-20.229155932131253,-70.11867046688641,47,191468
2023-07-10,Centro,Rancagua,-34.18419103514664,-70.75260794502388,48,232211
2023-10-30,Sur,Temuco,-38.73209595584454,-72.58668802143454,55,282415
2024-08-05,Centro,Rancagua,-34.194268834002706,-70.74324676782855,46,232211
2024-02-14,Norte,Antofagasta,-23.638325409779473,-70.4084989967895,81,425725
2023-06-24,Norte,Iquique,-20.24320489824652,-70.13309574860742,45,191468
2024-05-07,Norte,Iquique,-20.236553242177315,-70.1451276681384,36,191468
2024-08-11,Norte,Iquique,-20.23203919657897,-70.1211658094806,54,191468
2024-10-09,Sur,Concepcion,-36.80679733383252,-73.03536207100383,58,223574
2023-05-12,Sur,Temuco,-38.73112496101941,-72.6019048650896,59,282415
2024-04-27,Centro,Santiago,-33.46089061508193,-70.67280906751387,1141,5614000
2024-10-30,Sur,Temuco,-38.733455724966156,-72.59034988765038,42,282415
2023-02-14,Centro,Rancagua,-34.1861440814448,-70.75064109944387,43,232211
2024-10-12,Centro,Valparaiso,-33.04466875890599,-71.61439058552261,55,296655
2024-04-23,Sur,Temuco,-38.72837260246778,-72.59303515308972,60,282415
2023-09-28,Centro,Santiago,-33.44181696075038,-70.66194987418939,1117,5614000
2024-02-08,Norte,Antofagasta,-23.65118361000072,-70.39113342804387,90,425725
2024-08-19,Sur,Temuco,-38.751980859405265,-72.57971661734248,72,282415
2024-08-14,Sur,PuertoMontt,-41.47551546984028,-72.92104030166195,49,245902
2023-09-06,Norte,Antofagasta,-23.648324986052923,-70.3763861322385,81,425725
2023-05-03,Centro,Valparaiso,-33.033615008400176,-71.61457678099826,60,296655
2024-10-19,Sur,Concepcion,-36.808834626883645,-73.07098341216971,46,223574
2023-09-09,Norte,Antofagasta,-23.65004710240423,-70.39221088074918,91,425725
2024-10-27,Norte,Iquique,-20.258802441032692,-70.1131957249595,43,191468
2023-08-15,Sur,Temuco,-38.73886308550115,-72.59627789573153,48,282415
2023-01-03,Norte,Iquique,-20.230898445267435,-70.16070540159151,37,191468
2024-11-17,Sur,Temuco,-38.73267582090808,-72.57948054585725,52,282415
2024-07-10,Centro,Valparaiso,-33.068091538860536,-71.61479378430809,66,296655
2023-07-11,Sur,Temuco,-38.73763915623458,-72.60170932788688,55,282415
2023-07-08,Centro,Valparaiso,-33.05106257389839,-71.60173988262265,62,296655
2023-06-01,Norte,Iquique,-20.235499187724084,-70.14243750068131,46,191468
2024-02-10,Centro,Valparaiso,-33.056458257341156,-71.60275907152882,50,296655
2023-07-04,Centro,Valparaiso,-33.05563311062362,-71.61445743562449,50,296655
2023-04-06,Norte,Antofagasta,-23.660851294162192,-70.40127976049972,89,425725
2023-06-21,Norte,Iquique,-20.224575829217482,-70.10861901079303,34,191468
2023-05-18,Sur,PuertoMontt,-41.472302005961566,-72.93257568744455,51,245902
2023-08-05,Norte,Antofagasta,-23.646694779555204,-70.42271446534393,104,425725
2024-11-24,Sur,Temuco,-38.71711703079658,-72.59054391553555,47,282415
2023-06-07,Norte,Iquique,-20.241524625825846,-70.12621344363812,30,191468
2024-07-08,Centro,Valparaiso,-33.03964963939316,-71.60701032009753,55,296655
2024-02-23,Sur,Temuco,-38.732719667117024,-72.58346381217707,67,282415
2023-07-03,Sur,PuertoMontt,-41.465436226079355,-72.94495239947975,53,245902
2024-05-21,Norte,Iquique,-20.223901985341758,-70.1347601332151,32,191468
2024-01-20,Centro,Valparaiso,-33.05057538914172,-71.61220769883816,62,296655
2023-08-26,Sur,Concepcion,-36.83058592452889,-73.0650096868571,46,223574
2024-11-30,Sur,Temuco,-38.74496230559135,-72.58713813931433,54,282415
2024-03-18,Centro,Rancagua,-34.17422196691147,-70.75287691840754,39,232211
2023-03-08,Centro,Santiago,-33.439386853230786,-70.67742161819353,1090,5614000
2024-06-18,Norte,Antofagasta,-23.651892428337593,-70.39170932143689,71,425725
2023-09-14,Centro,Rancagua,-34.16532621878026,-70.75014979437678,50,232211
2024-02-27,Sur,Concepcion,-36.83358461636662,-73.04981708628465,38,223574
2023-12-21,Sur,Temuco,-38.74210601531875,-72.59936940769236,57,282415
2023-01-25,Centro,Valparaiso,-33.03743776844837,-71.6100092471953,68,296655
2024-05-17,Norte,Arica,-18.47929828050909,-70.30878271065976,51,247552
2024-01-07,Sur,PuertoMontt,-41.48053288100306,-72.9349358215744,52,245902
2024-01-20,Centro,Rancagua,-34.177159060134166,-70.75628257023104,49,232211
2023-12-08,Sur,Temuco,-38.724680920901285,-72.57982050277039,56,282415
2024-10-06,Sur,Temuco,-38.729269378098394,-72.58027723735523,48,282415
2024-07-01,Sur,Concepcion,-36.82740349270043,-73.04865594760088,44,223574
2023-08-01,Centro,Valparaiso,-33.056487756205215,-71.60631096750099,59,296655
2024-11-13,Norte,Iquique,-20.24637185572376,-70.1274142864818,34,191468
2023-03-27,Norte,Antofagasta,-23.655484872048717,-70.39240478972366,91,425725
2023-05-04,Norte,Arica,-18.473760175253304,-70.3220480416214,44,247552
2023-07-13,Norte,Arica,-18.464341176186938,-70.31484730758456,46,247552
2023-11-16,Norte,Arica,-18.484679045791168,-70.31151996373566,36,247552
2023-01-04,Norte,Iquique,-20.25694047215564,-70.13090011417373,37,191468
2024-02-28,Centro,Valparaiso,-33.04919459398127,-71.60194941260858,54,296655
2024-01-05,Sur,Concepcion,-36.824964405546346,-73.04541014170836,36,223574
2024-12-04,Sur,Temuco,-38.74563466305045,-72.609138573631,47,282415
2023-01-04,Norte,Iquique,-20.218380471998596,-70.14286338113588,35,191468
2023-09-10,Centro,Rancagua,-34.18072010708489,-70.73477303215006,46,232211
2024-05-08,Centro,Santiago,-33.43084493805537,-70.65682251766827,1172,5614000
2023-10-24,Centro,Santiago,-33.44559953625558,-70.66019760482888,1107,5614000
2023-12-28,Sur,Temuco,-38.71951137634787,-72.59498444642942,54,282415
2024-11-03,Centro,Santiago,-33.43760090880075,-70.6621269230166,1127,5614000
2024-03-03,Centro,Valparaiso,-33.04448521287,-71.6138689839339,71,296655
2024-07-03,Norte,Arica,-18.484426702977792,-70.31192889494211,41,247552
2023-10-13,Sur,Temuco,-38.73562880122481,-72.59930083256144,60,282415
2024-03-24,Sur,Temuco,-38.74604213226894,-72.60846573747179,63,282415
2023-04-23,Centro,Valparaiso,-33.041139831391604,-71.60325607169962,67,296655
2023-12-14,Centro,Rancagua,-34.15596624457698,-70.76003385790754,60,232211
2023-11-12,Centro,Rancagua,-34.17964457665033,-70.73892361487013,48,232211
2023-01-07,Centro,Santiago,-33.44392370191907,-70.68145354308595,1097,5614000
2023-09-13,Norte,Arica,-18.489887511706,-70.32312268487105,52,247552
2023-06-29,Centro,Santiago,-33.435763909207786,-70.65768975183646,1197,5614000
2023-10-25,Sur,PuertoMontt,-41.47401523964338,-72.93109781804044,48,245902
2023-05-17,Norte,Antofagasta,-23.65981263990292,-70.42189685627763,80,425725
2023-01-20,Centro,Rancagua,-34.17340267908231,-70.74957026495528,49,232211
2023-12-15,Centro,Valparaiso,-33.04828847014295,-71.62367304883131,69,296655
2024-10-19,Sur,PuertoMontt,-41.46562593479918,-72.93672524399824,48,245902
2023-01-30,Sur,Concepcion,-36.823817850014876,-73.0440355231227,53,223574
2023-12-01,Sur,PuertoMontt,-41.484252525198706,-72.92530991307221,46,245902
2024-07-22,Sur,PuertoMontt,-41.46320173473521,-72.94156993146431,49,245902
2023-07-20,Sur,Temuco,-38.734472485677685,-72.57936602869346,50,282415
2024-06-24,Norte,Arica,-18.49577358094466,-70.31387653085605,47,247552
2024-04-30,Sur,Temuco,-38.728218016019376,-72.59996964668058,57,282415
2024-10-12,Centro,Santiago,-33.4320313197633,-70.66668814997959,1143,5614000
2023-02-18,Centro,Valparaiso,-33.06411435996237,-71.61332970609007,58,296655
2023-04-07,Sur,Concepcion,-36.850346288970876,-73.03277000842925,36,223574
2024-05-08,Sur,Concepcion,-36.82114131496749,-73.05454655124736,55,223574
2024-04-20,Sur,Temuco,-38.7412869425699,-72.59494415653049,53,282415
2024-03-24,Norte,Antofagasta,-23.65253383348019,-70.40088863460791,90,425725
2023-08-09,Sur,PuertoMontt,-41.47840801085836,-72.93300587918806,43,245902
2023-01-27,Norte,Arica,-18.477698160265284,-70.32139193954097,57,247552
2023-11-28,Centro,Rancagua,-34.15382225909935,-70.74623906502715,58,232211
2023-10-20,Centro,Santiago,-33.456857776004604,-70.68759336886289,1102,5614000
2024-07-06,Sur,Temuco,-38.73341012144917,-72.58726597252051,54,282415
2023-11-10,Norte,Arica,-18.469769358180365,-70.30250344159347,43,247552
2023-03-04,Norte,Antofagasta,-23.65629997880424,-70.39027358888572,92,425725
2024-06-13,Sur,Temuco,-38.746366803328556,-72.58888367511852,54,282415
2024-11-19,Centro,Rancagua,-34.15889308646712,-70.73053064349382,39,232211
2024-12-14,Sur,Concepcion,-36.83836084009052,-73.06102613479779,36,223574
2024-01-14,Sur,Concepcion,-36.835821306402806,-73.04345959454541,32,223574
2024-03-20,Centro,Santiago,-33.44105227673728,-70.65467345446879,1058,5614000
2024-08-28,Norte,Iquique,-20.218130836114565,-70.13371384287089,34,191468
2023-12-22,Sur,PuertoMontt,-41.49169684785907,-72.9543073183985,48,245902
2023-10-15,Sur,PuertoMontt,-41.469350042997036,-72.93729155025304,45,245902
2024-06-14,Sur,Concepcion,-36.82586172169369,-73.05796626103745,47,223574
2023-12-06,Norte,Iquique,-20.22986658940128,-70.14210681899819,33,191468
2024-01-15,Centro,Rancagua,-34.173414449380445,-70.75612072904018,48,232211
2024-02-09,Sur,Temuco,-38.71877890359403,-72.58680682389723,51,282415
2024-09-30,Centro,Rancagua,-34.14830293301729,-70.75463758248407,41,232211
2024-09-04,Norte,Antofagasta,-23.65156014035315,-70.40313133592298,81,425725
2023-01-14,Norte,Arica,-18.468611383630478,-70.31225685346548,56,247552
2024-10-04,Sur,Concepcion,-36.828227738092814,-73.04453434147732,42,223574
2024-11-27,Sur,PuertoMontt,-41.46230237577112,-72.93572428266395,44,245902
2024-02-08,Sur,Temuco,-38.72586988681988,-72.58811345298773,54,282415
2024-06-18,Sur,Concepcion,-36.827599100705235,-73.0171668979007,52,223574
2024-09-26,Centro,Valparaiso,-33.044708708622586,-71.61363724749975,60,296655
2023-01-20,Norte,Iquique,-20.22768421905309,-70.13082220551063,40,191468
2023-08-05,Centro,Santiago,-33.44037537210883,-70.65912257663334,1150,5614000
2024-04-06,Sur,Concepcion,-36.82404432917899,-73.05527245771955,41,223574
2023-10-15,Centro,Santiago,-33.44316587316136,-70.67934273608464,1119,5614000
2024-10-18,Norte,Arica,-18.464135377874104,-70.31307193528227,48,247552
2023-08-31,Sur,Concepcion,-36.81473051266086,-73.06033715851214,54,223574
2024-09-13,Norte,Arica,-18.484695053485385,-70.30436910638649,58,247552
2024-12-21,Centro,Santiago,-33.45001916045958,-70.68293208994183,1153,5614000
2023-10-21,Sur,Concepcion,-36.83233144910978,-73.04310590446141,49,223574
2024-09-10,Centro,Rancagua,-34.16741736538508,-70.76759275081999,55,232211
2024-07-09,Sur,PuertoMontt,-41.46967838293416,-72.95036325765523,59,245902
2023-03-14,Sur,PuertoMontt,-41.49531409882819,-72.93652535798716,41,245902
2023-07-28,Sur,Temuco,-38.730298395703926,-72.57971215294872,51,282415
2024-06-24,Centro,Valparaiso,-33.04791337419221,-71.60844813773112,63,296655
2024-09-13,Norte,Iquique,-20.236307872077482,-70.12044636614986,40,191468
2024-09-27,Norte,Antofagasta,-23.64936382008219,-70.39150102608399,92,425725
2024-06-13,Centro,Valparaiso,-33.043772146376924,-71.61895450003301,61,296655
2023-04-25,Centro,Rancagua,-34.201259836034424,-70.73831349441812,49,232211
2023-08-06,Centro,Santiago,-33.45428595376693,-70.66926782497688,1121,5614000
2023-09-09,Sur,Temuco,-38.73937265681494,-72.6093033166506,66,282415
2023-01-18,Sur,Temuco,-38.72435835646652,-72.58902168006372,56,282415
2023-12-13,Norte,Antofagasta,-23.64054835295809,-70.38907100587534,83,425725
2024-01-24,Sur,Concepcion,-36.83560836344633,-73.04060158882257,51,223574
2023-09-13,Sur,Temuco,-38.74668898347069,-72.57250662181714,56,282415
2023-01-20,Centro,Valparaiso,-33.04837107541432,-71.60885322507025,57,296655
2023-04-22,Centro,Santiago,-33.43111701736357,-70.65035390684467,1111,5614000
2023-01-29,Centro,Rancagua,-34.15467376707753,-70.73818351391526,39,232211
2024-09-29,Sur,PuertoMontt,-41.47579176889689,-72.9392794269496,47,245902
2024-03-11,Norte,Antofagasta,-23.647789566410065,-70.40258931919423,83,425725
2024-03-14,Centro,Valparaiso,-33.05595081893714,-71.61978112875417,64,296655
2023-05-28,Sur,PuertoMontt,-41.47204215226232,-72.92548499910838,52,245902
2023-11-23,Centro,Santiago,-33.45367784633658,-70.67587115207338,1109,5614000
2023-09-11,Norte,Iquique,-20.234669611130062,-70.14571242257469,39,191468
2024-12-21,Norte,Arica,-18.470407870932235,-70.31361694987943,60,247552
2024-04-09,Norte,Arica,-18.483239833036148,-70.31430315371021,39,247552
2024-04-06,Norte,Antofagasta,-23.63882272476098,-70.40401282196748,91,425725
2023-08-02,Norte,Arica,-18.467510751309717,-70.32098761493104,43,247552
2023-10-04,Centro,Rancagua,-34.1464459154321,-70.7387082954719,60,232211
2024-07-23,Sur,Concepcion,-36.83097372671306,-73.05407171446078,34,223574
2024-09-25,Norte,Iquique,-20.24007036459242,-70.14003675973639,30,191468
2024-09-12,Centro,Valparaiso,-33.05959607334333,-71.61122223070073,51,296655
2023-11-23,Norte,Iquique,-20.231319090445492,-70.12754654035189,26,191468
2023-09-15,Centro,Santiago,-33.45843221957285,-70.68024671396208,1109,5614000
2024-05-08,Norte,Arica,-18.472789658088523,-70.32185744899853,47,247552
2023-03-06,Sur,Concepcion,-36.84045497801772,-73.04631553572209,46,223574
2023-07-16,Centro,Rancagua,-34.17984440025342,-70.73807966936823,49,232211
2024-04-11,Norte,Iquique,-20.227866926409195,-70.13120258453172,52,191468
2023-06-14,Norte,Antofagasta,-23.654632001380936,-70.40269132428683,61,425725
2024-05-13,Sur,PuertoMontt,-41.47321179606196,-72.9383632202589,37,245902
2024-02-09,Sur,PuertoMontt,-41.46790741160846,-72.94157645010445,45,245902
2024-11-08,Centro,Valparaiso,-33.044199102965244,-71.61553895633223,57,296655
2023-04-22,Sur,PuertoMontt,-41.455467256824164,-72.93282806661443,52,245902
2024-02-11,Norte,Iquique,-20.224810409751132,-70.14156810289028,35,191468
2023-08-27,Centro,Santiago,-33.4437473956297,-70.66259556919707,1125,5614000
2023-06-02,Centro,Valparaiso,-33.04010576971897,-71.61366755925889,59,296655
2024-02-20,Norte,Arica,-18.474570467790507,-70.323251504844,49,247552
2023-10-13,Norte,Antofagasta,-23.65251037356401,-70.3911773747321,93,425725
2024-04-26,Centro,Valparaiso,-33.05069267893779,-71.62083122945452,76,296655
2024-04-24,Sur,PuertoMontt,-41.45958513341239,-72.93578596826092,43,245902
2024-02-19,Norte,Iquique,-20.246052801239713,-70.14096025761701,45,191468
2023-01-12,Sur,PuertoMontt,-41.43886038930288,-72.95761735991876,45,245902
2024-04-10,Centro,Santiago,-33.44612644821711,-70.67142621261485,1145,5614000
2024-09-13,Centro,Rancagua,-34.17356014460686,-70.74851245979352,41,232211
2024-11-22,Centro,Rancagua,-34.16270936596584,-70.7474200587226,38,232211
2024-05-20,Norte,Arica,-18.468316794126874,-70.325406058787,44,247552
2024-06-20,Centro,Rancagua,-34.15762932526861,-70.7411000750535,46,232211
2024-08-13,Sur,PuertoMontt,-41.45522834256566,-72.9442589857245,41,245902
2024-07-27,Centro,Valparaiso,-33.051327686947324,-71.62228098204662,52,296655
2024-07-11,Centro,Santiago,-33.46550089757898,-70.67431685780107,1139,5614000
2024-02-27,Sur,Temuco,-38.73510415977909,-72.59352239193659,62,282415
2024-10-16,Centro,Santiago,-33.44219926581468,-70.66426156619642,1120,5614000
2023-03-28,Norte,Iquique,-20.238784051066744,-70.13414159296642,31,191468
2023-07-02,Norte,Arica,-18.479468956408233,-70.31019516399839,51,247552
2023-02-09,Sur,Temuco,-38.73071353807264,-72.60995561706567,56,282415
2024-08-01,Norte,Antofagasta,-23.637808753990697,-70.38896596629175,101,425725
2023-06-09,Norte,Antofagasta,-23.64415683588335,-70.40279810958275,82,425725
2023-08-18,Norte,Arica,-18.47923228460919,-70.31011330753238,49,247552
2023-05-01,Norte,Arica,-18.490137003859203,-70.31470710375584,58,247552
2024-11-20,Norte,Iquique,-20.246974120105985,-70.13654281961756,33,191468
2023-12-20,Sur,Concepcion,-36.84494866615019,-73.03901985680515,42,223574
2023-10-13,Sur,PuertoMontt,-41.478418622309626,-72.92593369767401,46,245902
2023-09-05,Norte,Arica,-18.47182075934765,-70.29751771467667,51,247552
2024-05-21,Sur,PuertoMontt,-41.46956179060935,-72.93508554262142,59,245902
2023-08-28,Centro,Rancagua,-34.1717384887986,-70.7384878696984,39,232211
2024-05-06,Centro,Santiago,-33.45771726467263,-70.6672965388339,1118,5614000
2024-03-08,Sur,PuertoMontt,-41.4624831878567,-72.93607887998446,50,245902
2024-09-12,Centro,Santiago,-33.455907312861726,-70.67449215975559,1148,5614000
2024-03-19,Norte,Iquique,-20.244457590352535,-70.14630604690856,34,191468
2024-12-12,Sur,Concepcion,-36.83234475323562,-73.0527291907823,48,223574
2023-06-24,Centro,Valparaiso,-33.05463440545329,-71.618444647787,67,296655
2023-07-30,Sur,PuertoMontt,-41.47845787333108,-72.94087798646108,44,245902
2024-01-08,Centro,Valparaiso,-33.036213866768875,-71.62212509588942,71,296655
2023-07-14,Sur,PuertoMontt,-41.47574902224638,-72.94603131522811,51,245902
2023-02-18,Sur,Temuco,-38.7392005519669,-72.5998577008467,46,282415
2024-11-08,Norte,Antofagasta,-23.648561139023684,-70.40894461349642,75,425725
2023-04-30,Sur,PuertoMontt,-41.483591974907895,-72.94329119978292,45,245902
2023-04-29,Norte,Iquique,-20.239409693388524,-70.12162403633451,33,191468
2024-01-25,Norte,Iquique,-20.237480788237335,-70.14252082068201,42,191468
2024-12-11,Sur,PuertoMontt,-41.47023542650702,-72.94574912486709,46,245902
2023-10-10,Centro,Valparaiso,-33.032153401922265,-71.60850340309837,49,296655
2023-01-15,Sur,PuertoMontt,-41.447790995195696,-72.92849867128366,44,245902
2024-08-06,Centro,Santiago,-33.43989784067253,-70.66575548145659,1090,5614000
2024-07-28,Sur,Temuco,-38.736851889771856,-72.59747485586078,60,282415
2023-12-26,Norte,Iquique,-20.219856290605957,-70.12570908086141,31,191468
2024-12-22,Sur,PuertoMontt,-41.493876002091035,-72.92974934706407,51,245902
2024-06-06,Sur,Temuco,-38.741258867145106,-72.58745897724823,53,282415
2024-12-07,Norte,Arica,-18.478476927781628,-70.32521098025204,45,247552
2023-07-17,Sur,Temuco,-38.74070069225394,-72.57715759253854,49,282415
2023-10-31,Centro,Santiago,-33.45153200420171,-70.65496862979175,1091,5614000
2024-03-17,Sur,PuertoMontt,-41.472091931902746,-72.9275837346032,53,245902
2023-02-22,Sur,PuertoMontt,-41.48267258572763,-72.92918820811288,46,245902
2024-05-19,Norte,Arica,-18.477716001818038,-70.30644796983842,39,247552
2024-05-16,Centro,Valparaiso,-33.03988862836004,-71.59740297353196,57,296655
2024-05-03,Centro,Valparaiso,-33.049389687082204,-71.60904537284584,72,296655
2024-11-11,Sur,Temuco,-38.720304827191406,-72.55885774775814,63,282415
2023-11-11,Centro,Rancagua,-34.169587199574885,-70.74099512779866,38,232211
2024-12-29,Centro,Rancagua,-34.163067934940166,-70.76041010441871,43,232211
2023-06-10,Norte,Iquique,-20.243145248957923,-70.12680207271865,46,191468
2024-12-19,Norte,Iquique,-20.23632229831358,-70.14686113456283,56,191468
2023-07-16,Norte,Arica,-18.47028842251262,-70.32731000019359,47,247552
2024-04-20,Sur,PuertoMontt,-41.479309338920686,-72.92953809506314,46,245902
2024-06-08,Centro,Santiago,-33.43692791068479,-70.68769032442214,1146,5614000
2024-06-15,Centro,Valparaiso,-33.04835644815351,-71.60298068947155,64,296655
2023-01-16,Centro,Rancagua,-34.159408635548324,-70.74892517685193,60,232211
2024-07-04,Centro,Valparaiso,-33.043674961627964,-71.61677491017512,64,296655
2023-01-14,Norte,Iquique,-20.225647692680607,-70.12678148702346,35,191468
2024-11-08,Norte,Arica,-18.470621978064138,-70.30413147247471,50,247552
2023-11-21,Centro,Rancagua,-34.17092141879636,-70.73619852285803,44,232211
2024-02-09,Centro,Santiago,-33.451176529653765,-70.67727423638185,1116,5614000
2023-12-22,Centro,Rancagua,-34.17518228893439,-70.75965364465993,43,232211
2024-06-13,Sur,PuertoMontt,-41.46797222604741,-72.94344488663364,43,245902
2023-12-02,Norte,Iquique,-20.23473848413818,-70.12785689349252,34,191468
2024-12-28,Centro,Santiago,-33.44220233578696,-70.66361335964196,1084,5614000
2024-08-18,Centro,Valparaiso,-33.03503681424557,-71.61841708626592,72,296655
2024-11-24,Norte,Antofagasta,-23.65641113168389,-70.40506843345985,89,425725
2023-11-22,Norte,Iquique,-20.232515034321455,-70.13264906481159,28,191468
2024-04-10,Norte,Arica,-18.484413167103167,-70.29630125950582,50,247552
2024-03-26,Sur,PuertoMontt,-41.47994317477131,-72.93115640776249,42,245902
2023-08-31,Centro,Rancagua,-34.17504936140913,-70.74967664807417,50,232211
2024-08-29,Centro,Santiago,-33.466231666291314,-70.66274516005663,1149,5614000
2023-03-08,Centro,Valparaiso,-33.060893774250765,-71.60489284046415,60,296655
2023-10-20,Centro,Valparaiso,-33.06052057019012,-71.60350362434359,41,296655
2023-06-06,Sur,Temuco,-38.735203366393314,-72.59559861006255,55,282415
2024-02-04,Sur,Temuco,-38.723849897440545,-72.60857020060016,55,282415
2023-04-02,Centro,Rancagua,-34.1733397738242,-70.74555066904611,42,232211
2023-11-29,Norte,Arica,-18.476878052172193,-70.32158451581412,52,247552
2024-01-21,Sur,PuertoMontt,-41.48200805767557,-72.93176815437454,57,245902
2024-02-04,Sur,PuertoMontt,-41.45848773698947,-72.95169488375143,39,245902
2023-05-17,Centro,Rancagua,-34.16967489146725,-70.7429717253179,44,232211
2024-03-01,Sur,PuertoMontt,-41.46045142567912,-72.93111746338349,52,245902
2024-06-29,Centro,Santiago,-33.46106225371964,-70.68436980503071,1150,5614000
2023-08-26,Norte,Iquique,-20.23053500084111,-70.12980916088537,43,191468
2023-11-20,Sur,Concepcion,-36.80979165863686,-73.04472890529983,41,223574
2023-08-22,Centro,Valparaiso,-33.02929218526468,-71.60929038437588,52,296655
2023-11-27,Norte,Antofagasta,-23.641594285242608,-70.37022985174913,84,425725
2023-10-27,Norte,Iquique,-20.25399455580508,-70.13575058377702,32,191468
2023-01-09,Centro,Santiago,-33.44803316800523,-70.65771405205453,1117,5614000
2024-12-26,Centro,Rancagua,-34.16653778204851,-70.72893328519284,50,232211
2024-07-27,Centro,Rancagua,-34.17689416193582,-70.7336122254631,63,232211
2024-09-17,Centro,Rancagua,-34.17431017146456,-70.73786436954606,50,232211
2023-03-13,Centro,Valparaiso,-33.04735109893468,-71.58941611942674,64,296655
2024-11-13,Norte,Antofagasta,-23.65438671419785,-70.38795003432391,75,425725
2023-06-07,Centro,Rancagua,-34.169024150914105,-70.75883352661862,44,232211
2024-01-18,Norte,Iquique,-20.228636569094217,-70.14735913082727,35,191468
2024-04-25,Centro,Rancagua,-34.15966674984497,-70.75349295033337,48,232211
2023-08-10,Sur,PuertoMontt,-41.481140819386745,-72.93255089099395,46,245902
2023-03-10,Centro,Rancagua,-34.16761856419928,-70.75097387963403,45,232211
2024-04-01,Norte,Iquique,-20.232460360722726,-70.14564309862546,28,191468
2024-11-06,Centro,Rancagua,-34.186849441482664,-70.74566470208272,47,232211
2023-12-30,Sur,Concepcion,-36.82249681720936,-73.04398212372217,58,223574
2024-06-13,Norte,Antofagasta,-23.647508891097598,-70.40542108295772,92,425725
2023-06-18,Norte,Iquique,-20.234693724854168,-70.13174734304111,47,191468
2023-08-03,Norte,Arica,-18.49040575465147,-70.31361197428599,44,247552
2023-09-09,Centro,Rancagua,-34.1951155817678,-70.72413899202172,50,232211
2023-11-23,Sur,Temuco,-38.71596315781464,-72.60175305633211,51,282415
2023-02-06,Sur,PuertoMontt,-41.47609741333802,-72.93856991667673,42,245902
2024-12-28,Centro,Santiago,-33.45756710824928,-70.67264348174453,1119,5614000
2023-02-21,Sur,PuertoMontt,-41.453851225697846,-72.93158132554578,39,245902
2023-05-20,Norte,Antofagasta,-23.6371057272203,-70.3942583240539,92,425725
2023-08-02,Norte,Iquique,-20.246576501011734,-70.14677220259254,32,191468
2023-01-15,Norte,Iquique,-20.2386247053883,-70.14077265376588,36,191468
2023-02-06,Norte,Antofagasta,-23.65308489295431,-70.39285037125727,80,425725
2024-08-15,Norte,Iquique,-20.23160538530273,-70.11743188460032,42,191468
2024-08-07,Sur,Concepcion,-36.81987485551057,-73.05271612135809,54,223574
2023-09-05,Sur,Concepcion,-36.81869262119121,-73.05268778963261,48,223574
2023-11-27,Centro,Santiago,-33.454136233179355,-70.67592410836038,1146,5614000
2023-02-22,Sur,Concepcion,-36.81605549000858,-73.04953307648537,48,223574
2024-01-19,Centro,Rancagua,-34.175840943542,-70.73541099935017,43,232211
2024-12-12,Sur,Concepcion,-36.82612835089514,-73.06111630770242,46,223574
2023-01-03,Sur,Concepcion,-36.84818320444544,-73.03260518192593,35,223574
2023-03-01,Sur,Concepcion,-36.82738526474396,-73.04682674938924,37,223574
2023-01-31,Centro,Rancagua,-34.16596535320279,-70.74260707574989,36,232211
2023-03-09,Norte,Antofagasta,-23.64825649501291,-70.39362795916705,103,425725
2024-11-19,Norte,Iquique,-20.2247590428269,-70.13065089211658,35,191468
2024-08-18,Centro,Rancagua,-34.1747861513484,-70.75529722417171,51,232211
2024-05-28,Centro,Santiago,-33.45680313740365,-70.66670964506922,1110,5614000
2024-10-17,Centro,Santiago,-33.45537957850355,-70.6800759656716,1112,5614000
2023-09-07,Centro,Santiago,-33.460143362934545,-70.68600017032803,1155,5614000
2023-05-31,Centro,Santiago,-33.451104536315874,-70.65656314947715,1173,5614000
2023-08-21,Centro,Valparaiso,-33.057212273975885,-71.60245197158328,49,296655
2023-12-16,Sur,Concepcion,-36.82281378733379,-73.06079975961873,40,223574
2023-06-16,Sur,Concepcion,-36.82805851378311,-73.05652979509807,40,223574
2024-11-25,Sur,Temuco,-38.72525690464868,-72.59134339689716,67,282415
2024-01-05,Sur,PuertoMontt,-41.47233198690365,-72.94341219536284,44,245902
2023-01-09,Centro,Rancagua,-34.17857857223792,-70.74863349677867,40,232211
2024-04-18,Sur,PuertoMontt,-41.494051793954725,-72.91913638587147,49,245902
2024-02-28,Norte,Antofagasta,-23.655715203256936,-70.40154652851407,76,425725
2024-04-18,Norte,Arica,-18.478272405677888,-70.31804738166689,33,247552
2024-05-30,Centro,Valparaiso,-33.060644953627346,-71.6188308790515,72,296655
2023-11-22,Sur,Temuco,-38.7282881715186,-72.58038892138599,59,282415
2024-01-06,Norte,Arica,-18.473686031482266,-70.3018840174205,49,247552
2024-07-09,Norte,Antofagasta,-23.643488048219513,-70.40752984100116,75,425725
2024-01-09,Centro,Rancagua,-34.15400553158003,-70.72777565467469,43,232211
2024-04-01,Sur,Temuco,-38.7283032164867,-72.57579476475877,72,282415
2023-04-11,Norte,Arica,-18.465128226596256,-70.3293973205066,56,247552
2024-08-17,Sur,Concepcion,-36.830530497767526,-73.03243475623937,40,223574
2024-09-23,Norte,Antofagasta,-23.65087713572782,-70.40091970256198,110,425725
2024-01-25,Norte,Antofagasta,-23.65856807120171,-70.39240872751769,71,425725
2024-03-20,Sur,PuertoMontt,-41.46954854298547,-72.93438556011466,57,245902
2023-03-17,Centro,Rancagua,-34.1662707165141,-70.75722709601966,47,232211
2023-09-21,Norte,Iquique,-20.234180316879986,-70.14559967715364,37,191468
2023-10-18,Sur,Temuco,-38.727105119939246,-72.58281739809172,59,282415
2023-10-08,Centro,Rancagua,-34.19327928671182,-70.74519270297469,43,232211
2023-12-15,Centro,Santiago,-33.443607698259875,-70.67374413749795,1133,5614000
2023-11-20,Centro,Santiago,-33.44147083809062,-70.67030040613881,1159,5614000
2024-07-20,Norte,Antofagasta,-23.657839656290893,-70.39165870668941,73,425725
2023-01-30,Norte,Iquique,-20.24082170600027,-70.12740095871132,36,191468
2023-08-25,Norte,Iquique,-20.232648971301984,-70.14530207562635,41,191468
2024-10-17,Centro,Rancagua,-34.16772145314018,-70.75587709635397,35,232211
2024-11-12,Norte,Antofagasta,-23.66318757215693,-70.39532855251349,64,425725
2023-06-15,Centro,Valparaiso,-33.05568198694689,-71.62479813428949,62,296655
2024-01-24,Norte,Antofagasta,-23.66523996814357,-70.38770006864382,85,425725
2023-05-18,Sur,Concepcion,-36.83159788591341,-73.05329384716384,47,223574
2024-02-19,Centro,Rancagua,-34.185812008678056,-70.74067466548647,35,232211
2024-06-07,Norte,Iquique,-20.22529099918842,-70.15255636576636,38,191468
2023-05-24,Centro,Santiago,-33.45666033805231,-70.68772027653048,1140,5614000
2023-12-05,Centro,Santiago,-33.45493553718656,-70.66164695900211,1171,5614000
2023-03-29,Sur,Temuco,-38.746187803135385,-72.58629719588389,58,282415
2024-11-02,Centro,Rancagua,-34.173456323165084,-70.71811795729401,49,232211
2024-09-25,Norte,Antofagasta,-23.65069104753914,-70.39895288652963,78,425725
2024-05-14,Sur,Concepcion,-36.82689776699283,-73.06777770517989,39,223574
2024-06-13,Sur,Temuco,-38.74010150232416,-72.60051830634387,66,282415
2024-10-18,Centro,Valparaiso,-33.050298122187684,-71.60163113369745,57,296655
2023-08-01,Norte,Arica,-18.471339343049607,-70.31660357546713,55,247552
2023-02-20,Centro,Valparaiso,-33.04167008580667,-71.62871724057085,62,296655
2024-12-16,Centro,Valparaiso,-33.04526440109371,-71.60405753794885,74,296655
2024-11-15,Sur,Temuco,-38.7217791450978,-72.59351660642012,65,282415
2024-05-23,Norte,Antofagasta,-23.65624330093369,-70.38142245675178,85,425725
2023-06-08,Centro,Rancagua,-34.16511934412565,-70.76454582942004,47,232211
2024-11-07,Norte,Iquique,-20.262670454634787,-70.13599724213125,33,191468
2023-05-16,Norte,Antofagasta,-23.64670572336,-70.39997880827066,75,425725
2023-08-14,Norte,Arica,-18.48982539566243,-70.3193754669234,57,247552
2024-03-07,Norte,Arica,-18.489512633405432,-70.31448408039967,43,247552
2024-06-27,Sur,PuertoMontt,-41.47868826746089,-72.91441625434537,57,245902
2024-04-07,Centro,Valparaiso,-33.04904896211465,-71.62191144003197,60,296655
2023-08-29,Centro,Santiago,-33.43407301800068,-70.65985276658388,1091,5614000
2024-09-25,Centro,Rancagua,-34.17204619192699,-70.75174186481293,39,232211
2023-09-29,Norte,Arica,-18.472527566855533,-70.32149261369113,50,247552
2023-06-17,Centro,Valparaiso,-33.047312654085786,-71.61250175958418,55,296655
2024-05-12,Norte,Iquique,-20.229106271542456,-70.13582535483987,34,191468
2023-10-21,Centro,Rancagua,-34.15690005063927,-70.73148135303465,48,232211
2024-09-30,Centro,Rancagua,-34.17811867689695,-70.73467641711012,35,232211
2023-06-20,Centro,Rancagua,-34.174086925859584,-70.73696767721421,57,232211
2023-12-15,Centro,Santiago,-33.45532551941323,-70.66970738245834,1096,5614000
2024-10-21,Norte,Arica,-18.473120466138962,-70.31958338170776,43,247552
2023-07-31,Centro,Valparaiso,-33.04226691146242,-71.60707405926922,69,296655
2023-10-21,Norte,Iquique,-20.241562619227953,-70.12237152682027,39,191468
2024-07-29,Centro,Santiago,-33.44112056577236,-70.67453648347445,1094,5614000
2024-06-15,Norte,Iquique,-20.212994651607982,-70.1308518110645,36,191468
2024-10-15,Sur,Concepcion,-36.8359178823359,-73.02302132165471,41,223574
2024-02-15,Norte,Arica,-18.483629977839687,-70.3004326482025,73,247552
2024-05-18,Centro,Santiago,-33.46359154856261,-70.65731907143429,1103,5614000
2024-01-11,Norte,Antofagasta,-23.65154494580965,-70.40011358680653,76,425725
2024-01-07,Sur,Concepcion,-36.835233137842415,-73.06718859144857,56,223574
2023-04-29,Centro,Santiago,-33.446978464424014,-70.67937471412569,1164,5614000
2024-10-13,Norte,Arica,-18.494467674021504,-70.33184495604148,46,247552
2023-07-10,Norte,Antofagasta,-23.650387948034936,-70.3926721082839,73,425725
2024-10-12,Sur,PuertoMontt,-41.46989364345842,-72.94711759719883,62,245902
2023-12-09,Norte,Antofagasta,-23.654392291874714,-70.40563614715329,86,425725
2024-05-13,Norte,Iquique,-20.223425405430532,-70.14683587724222,45,191468
2023-05-07,Sur,PuertoMontt,-41.46861406345309,-72.92888896512265,65,245902
2024-03-19,Sur,Temuco,-38.72371476985057,-72.58745107207234,58,282415
2023-12-12,Sur,Concepcion,-36.84363186727184,-73.04135842684539,42,223574
2023-09-27,Sur,Temuco,-38.74228672266843,-72.58046512144692,60,282415
2024-10-17,Sur,Concepcion,-36.81691323837038,-73.06132732502303,34,223574
2024-01-09,Centro,Santiago,-33.44703054156819,-70.65735258238533,1133,5614000
2023-04-26,Sur,PuertoMontt,-41.47782876326012,-72.9432365913488,56,245902
2024-11-03,Norte,Arica,-18.475253291604105,-70.29287429169293,48,247552
2024-01-08,Sur,Temuco,-38.73357998039849,-72.58997788256714,53,282415
2023-09-11,Centro,Santiago,-33.44286112569652,-70.66613459716376,1113,5614000
2024-06-03,Norte,Antofagasta,-23.648897574012842,-70.39835736687957,86,425725
2024-10-04,Norte,Antofagasta,-23.64550441455777,-70.40186067187045,78,425725
2024-07-14,Centro,Santiago,-33.43245659805416,-70.65717284296665,1119,5614000
2024-02-21,Norte,Arica,-18.47869554310422,-70.30873454467674,49,247552
2023-12-30,Centro,Valparaiso,-33.04102025774599,-71.61123213552688,68,296655
2024-04-16,Sur,Temuco,-38.72033968578855,-72.59561651721955,63,282415
2024-12-18,Sur,Temuco,-38.73074652760652,-72.59290009578373,54,282415
2024-04-27,Centro,Rancagua,-34.17258543854949,-70.74575251216105,40,232211
2023-02-17,Norte,Antofagasta,-23.663247370362335,-70.41386067797268,81,425725
2023-11-29,Centro,Valparaiso,-33.06357116592919,-71.60854737224697,64,296655
2023-10-18,Norte,Iquique,-20.223023205548213,-70.14353813650479,37,191468
2023-02-06,Norte,Iquique,-20.25345298254509,-70.12932320780796,36,191468
2024-06-17,Norte,Antofagasta,-23.6396530594301,-70.40485258037916,83,425725
2023-10-19,Sur,Concepcion,-36.83417934858792,-73.06074602828632,38,223574
2023-05-10,Centro,Santiago,-33.454330774189295,-70.66520344885986,1192,5614000
2024-10-23,Sur,Concepcion,-36.82648752025479,-73.04566199078678,32,223574
2024-01-31,Norte,Antofagasta,-23.658637452957358,-70.39963960899782,93,425725
2024-09-12,Centro,Rancagua,-34.192161278049745,-70.75756832562823,46,232211
2024-01-15,Sur,Concepcion,-36.833909981996406,-73.06404202891227,44,223574
2024-12-15,Sur,PuertoMontt,-41.46065629081677,-72.9323233385637,48,245902
2023-08-13,Sur,PuertoMontt,-41.47786326771323,-72.95074935915939,61,245902
2023-09-25,Norte,Arica,-18.48076288760327,-70.31056897212272,58,247552
2024-04-09,Sur,PuertoMontt,-41.48185108491493,-72.93147461619769,44,245902
2024-01-28,Sur,Temuco,-38.726937129637435,-72.57082227211274,73,282415
2024-09-17,Centro,Santiago,-33.45053997674196,-70.6723436284089,1040,5614000
2023-09-07,Norte,Antofagasta,-23.659326131118824,-70.41911465833438,100,425725
2023-09-25,Norte,Arica,-18.482605660669222,-70.32113184222369,62,247552
2024-01-29,Sur,Concepcion,-36.816626280819364,-73.05275708327352,39,223574
2023-02-09,Sur,PuertoMontt,-41.484663983838615,-72.92958228712519,51,245902
2024-04-29,Norte,Iquique,-20.23528817613973,-70.12883243544422,35,191468
2024-11-18,Centro,Rancagua,-34.171590923691674,-70.7435915721806,45,232211
2024-06-16,Norte,Iquique,-20.25235872734616,-70.13471751810933,32,191468
2024-11-27,Norte,Antofagasta,-23.6537100252753,-70.37640486518677,75,425725
2023-10-21,Norte,Arica,-18.4884446994653,-70.2980234675346,41,247552
2023-05-19,Norte,Arica,-18.481253306495216,-70.3190833390887,57,247552
2024-12-04,Norte,Arica,-18.481579826922783,-70.3214510802871,53,247552
2023-09-02,Centro,Rancagua,-34.164737470908655,-70.77152574856748,50,232211
2023-04-21,Centro,Valparaiso,-33.044403250990044,-71.63674279845091,53,296655
2024-11-16,Sur,PuertoMontt,-41.461835553526655,-72.9413108988473,49,245902
2024-09-28,Centro,Rancagua,-34.18659972851791,-70.7493608573734,53,232211
2023-10-23,Centro,Rancagua,-34.18327280881722,-70.73148588235418,42,232211
2024-07-18,Sur,Concepcion,-36.83159029141365,-73.04404957090543,46,223574
2024-12-03,Norte,Iquique,-20.241150671265096,-70.1369870629842,43,191468
2024-10-14,Centro,Rancagua,-34.16963046096833,-70.7689084686519,54,232211
2024-06-07,Norte,Antofagasta,-23.655500102338515,-70.38360502540674,82,425725
2023-09-16,Sur,Temuco,-38.73632035325033,-72.58387233978617,53,282415
2023-10-11,Centro,Valparaiso,-33.055919233127504,-71.62886692495796,45,296655
2023-05-28,Sur,PuertoMontt,-41.47404391408109,-72.92159815378858,53,245902
2024-09-30,Centro,Rancagua,-34.172994587598765,-70.73563720523595,49,232211
2023-04-16,Centro,Rancagua,-34.15276822121223,-70.74385772252496,43,232211
2024-10-08,Centro,Valparaiso,-33.05480582937094,-71.62065134693498,52,296655
2023-06-05,Sur,PuertoMontt,-41.47316038452624,-72.93292343340792,53,245902
2024-09-23,Norte,Arica,-18.481109911624003,-70.3175803492788,42,247552
2024-12-27,Sur,Concepcion,-36.831856966316124,-73.03287273306675,44,223574
2023-04-02,Sur,Temuco,-38.74287016266257,-72.59316675426453,59,282415
2023-03-28,Centro,Valparaiso,-33.045903953627054,-71.59863440140121,51,296655
2023-01-07,Sur,Temuco,-38.72750940179521,-72.59280031394515,54,282415
2024-11-24,Centro,Valparaiso,-33.04087271821156,-71.611738561732,64,296655
2024-07-25,Sur,Concepcion,-36.82477956908845,-73.03524497003497,48,223574
2024-02-09,Norte,Antofagasta,-23.63900365769748,-70.39190617592439,92,425725
2024-04-13,Sur,PuertoMontt,-41.48436757484017,-72.93366813221213,46,245902
2023-08-18,Norte,Arica,-18.47129625607943,-70.29839427657744,45,247552
2024-09-07,Norte,Iquique,-20.22981392878431,-70.14062160606973,30,191468
2024-06-05,Norte,Iquique,-20.23714667306505,-70.12414782501013,31,191468
2023-06-30,Sur,PuertoMontt,-41.475584513855225,-72.94536859277284,40,245902
2023-10-01,Norte,Iquique,-20.22213189684191,-70.14011269957031,35,191468
2024-11-17,Centro,Valparaiso,-33.06282603546076,-71.59178687622098,58,296655
2024-07-05,Sur,Temuco,-38.73346428113294,-72.57475535162386,55,282415
2024-08-18,Norte,Arica,-18.4765069792231,-70.31393837749248,46,247552
2024-12-10,Centro,Rancagua,-34.14843223005284,-70.7307843309958,53,232211
2024-11-11,Norte,Iquique,-20.224029285249358,-70.11941708788568,49,191468
2024-02-27,Sur,Temuco,-38.719802821941514,-72.59885293650176,58,282415
2024-03-05,Norte,Arica,-18.480697994018076,-70.30087062290221,46,247552
2024-05-20,Sur,PuertoMontt,-41.494593721908835,-72.90807435015836,52,245902
2024-11-12,Centro,Valparaiso,-33.045313924392325,-71.62598305522192,52,296655
2024-02-11,Norte,Iquique,-20.252511418305637,-70.14315695606712,48,191468
2023-08-29,Centro,Valparaiso,-33.03620949388049,-71.60669465195227,61,296655
2024-10-12,Centro,Rancagua,-34.15920725909239,-70.75740575064056,45,232211
2024-04-28,Norte,Arica,-18.474386857910698,-70.31512196413428,41,247552
2023-09-29,Centro,Rancagua,-34.167290783792566,-70.74031583330049,43,232211
2024-10-06,Sur,Temuco,-38.72296421856123,-72.58692548173183,56,282415
2024-05-18,Sur,Temuco,-38.72268589026795,-72.58804563053084,57,282415
2023-08-17,Sur,Concepcion,-36.81219567951004,-73.04118606600929,46,223574
2023-01-31,Centro,Valparaiso,-33.04951697675665,-71.62661756207761,56,296655
2023-02-19,Sur,Temuco,-38.7326076919753,-72.57738054122197,54,282415
2024-01-13,Sur,PuertoMontt,-41.48136125256956,-72.94526244162473,44,245902
2024-10-19,Centro,Valparaiso,-33.04924187061085,-71.61106718994633,57,296655
2023-06-19,Norte,Antofagasta,-23.643649847098327,-70.40097790947142,98,425725
2024-04-27,Sur,PuertoMontt,-41.473629101085294,-72.93563768286033,40,245902
2024-05-05,Centro,Rancagua,-34.15591366680916,-70.74433684927523,46,232211
2024-01-07,Centro,Valparaiso,-33.035145765223426,-71.60315642765548,72,296655
2024-07-20,Norte,Antofagasta,-23.659748226893402,-70.40398107309233,90,425725
2023-05-22,Sur,Concepcion,-36.83904798955016,-73.05060663507251,48,223574
2024-03-25,Norte,Antofagasta,-23.65376482571464,-70.39264111316352,73,425725
2024-11-20,Norte,Iquique,-20.222724290478446,-70.13997511395833,41,191468
2023-04-24,Norte,Iquique,-20.22148103706819,-70.13703485528319,39,191468
2023-06-13,Centro,Rancagua,-34.182313475869215,-70.75242862526952,46,232211
2024-01-14,Centro,Santiago,-33.447811022035886,-70.67159851603998,1157,5614000
2023-02-18,Centro,Santiago,-33.4476569983674,-70.65444349164775,1098,5614000
2024-09-22,Norte,Antofagasta,-23.63823773901359,-70.39575369153921,86,425725
2024-05-13,Sur,Temuco,-38.72163126739218,-72.58374632153227,56,282415
2024-03-12,Centro,Valparaiso,-33.058537267605786,-71.6038225065801,60,296655
2024-02-04,Sur,Temuco,-38.73899447053955,-72.59490372726344,52,282415
2023-12-19,Centro,Santiago,-33.450669730384845,-70.6707039538647,1139,5614000
2024-07-11,Sur,Temuco,-38.72666420791514,-72.60709067436841,66,282415
2024-04-29,Sur,Temuco,-38.72938299699737,-72.59875159076489,61,282415
2023-03-29,Norte,Arica,-18.464281478199013,-70.31106327297468,49,247552
2023-09-18,Centro,Santiago,-33.45590670317689,-70.66193727721112,1108,5614000
2023-08-02,Sur,Temuco,-38.73625180974516,-72.58398640398032,66,282415
2023-09-18,Sur,Concepcion,-36.8360568674858,-73.02496177578831,37,223574
2023-05-06,Sur,PuertoMontt,-41.46025009034393,-72.92717612042398,48,245902
2023-01-09,Centro,Rancagua,-34.19684179577839,-70.75714174737662,42,232211
2023-11-15,Norte,Antofagasta,-23.651356678838077,-70.38257880056358,86,425725
2023-11-30,Centro,Rancagua,-34.15851089518332,-70.75591809286482,43,232211
2023-09-11,Norte,Arica,-18.47595203683871,-70.31447955634896,47,247552
2023-11-27,Centro,Valparaiso,-33.02998567575106,-71.59292858213911,59,296655
2023-06-19,Centro,Rancagua,-34.1764997180201,-70.74257168260112,47,232211
2024-04-05,Norte,Iquique,-20.225222983802443,-70.13201454628057,34,191468
2024-10-11,Norte,Arica,-18.461646299680627,-70.30824487717155,46,247552
2023-07-19,Centro,Valparaiso,-33.02523767543557,-71.62822253501342,53,296655
2024-02-20,Sur,PuertoMontt,-41.4697583301598,-72.93168312553759,41,245902
2023-03-29,Centro,Valparaiso,-33.043776592441205,-71.60552970610335,68,296655
2024-09-23,Sur,Temuco,-38.73864268234311,-72.60815746400789,70,282415
2023-10-14,Sur,PuertoMontt,-41.46687334524305,-72.94148332466891,43,245902
2024-01-28,Norte,Antofagasta,-23.6242387585305,-70.38375727313027,96,425725
2023-04-24,Norte,Iquique,-20.238238431448586,-70.14096241589937,34,191468
2023-12-19,Sur,Concepcion,-36.809979145196905,-73.05823255229589,48,223574
2024-06-01,Sur,PuertoMontt,-41.45609427802094,-72.92692342249744,53,245902
2023-07-18,Norte,Iquique,-20.24639043892355,-70.14622154802996,33,191468
2023-04-30,Sur,Temuco,-38.74984065412077,-72.58217664558374,63,282415
2023-05-29,Centro,Valparaiso,-33.037897762277716,-71.60539350321004,58,296655
2023-07-23,Norte,Iquique,-20.223737462155928,-70.14918863190309,37,191468
2024-02-05,Sur,PuertoMontt,-41.47520024981738,-72.92877373900946,58,245902
2024-08-07,Centro,Valparaiso,-33.04573671053567,-71.61015542397527,74,296655
2023-02-11,Centro,Rancagua,-34.175673094326605,-70.74616600450369,50,232211
2023-08-08,Norte,Arica,-18.480927079577704,-70.30845707457047,41,247552
2023-09-06,Sur,Concepcion,-36.851325101257785,-73.06003679632967,46,223574
2023-04-26,Centro,Santiago,-33.46001045328292,-70.66376255778182,1146,5614000
2024-09-28,Centro,Valparaiso,-33.04497180593996,-71.60194853759357,44,296655
2024-07-08,Centro,Rancagua,-34.16506254174864,-70.74915111158643,55,232211
2023-12-13,Norte,Iquique,-20.22689332316778,-70.12917446806854,35,191468
2024-08-02,Norte,Iquique,-20.228581140653493,-70.1436831774901,35,191468
2023-10-21,Sur,Temuco,-38.73467824448145,-72.57533841667679,51,282415
2023-07-18,Centro,Rancagua,-34.171581175022645,-70.73979920415918,57,232211
2024-02-16,Norte,Antofagasta,-23.62718758893651,-70.40485878798101,85,425725
2023-09-22,Norte,Arica,-18.488513729555304,-70.30363167616851,61,247552
2023-01-10,Centro,Santiago,-33.46785428706812,-70.66593008729886,1063,5614000
2023-12-25,Centro,Valparaiso,-33.03918558981537,-71.61279428850685,62,296655
2023-12-25,Norte,Antofagasta,-23.642279964649187,-70.40201802256507,85,425725
2024-07-26,Centro,Santiago,-33.45778709078794,-70.66667804266145,1124,5614000
2023-11-01,Centro,Santiago,-33.46057010010938,-70.66771993206946,1127,5614000
2023-02-04,Norte,Antofagasta,-23.655305568581117,-70.3985991399023,84,425725
2023-02-01,Centro,Valparaiso,-33.046472970739266,-71.61808990259685,43,296655
2023-07-26,Norte,Arica,-18.49655861824084,-70.31102709521552,52,247552
2023-06-14,Sur,PuertoMontt,-41.4824764560642,-72.9558426801001,61,245902
2024-01-26,Norte,Iquique,-20.22727936177736,-70.11445943181691,40,191468
2024-07-12,Sur,Concepcion,-36.838330349816935,-73.02958914262054,50,223574
2023-10-11,Centro,Valparaiso,-33.05151416454976,-71.62531451675049,64,296655
2024-01-30,Norte,Arica,-18.475231183515735,-70.30654591767258,59,247552
2023-09-03,Sur,PuertoMontt,-41.47200627564955,-72.93587299217602,48,245902
2024-03-15,Norte,Arica,-18.476321440963318,-70.31543607379581,38,247552
2023-02-28,Norte,Iquique,-20.23630456383833,-70.1281713149105,24,191468
2024-09-11,Sur,PuertoMontt,-41.47973553570843,-72.93726622922043,46,245902
2023-03-10,Norte,Antofagasta,-23.644750399438443,-70.40942810686421,94,425725
2023-09-24,Norte,Arica,-18.475505835612324,-70.32425821747815,62,247552
2023-05-01,Centro,Valparaiso,-33.075241506242584,-71.59358227518315,62,296655
2024-09-09,Centro,Rancagua,-34.18821105117518,-70.74464222029461,56,232211
2023-06-29,Sur,Concepcion,-36.82448341197804,-73.03598082916557,38,223574
2024-04-24,Sur,Temuco,-38.73785868312159,-72.59443782059019,56,282415
2024-02-02,Centro,Santiago,-33.435026293009116,-70.66085022422634,1127,5614000
2024-12-19,Sur,PuertoMontt,-41.45414682289531,-72.93876584283369,45,245902
2023-10-07,Centro,Santiago,-33.44287550594742,-70.67551186583754,1126,5614000
2023-12-20,Centro,Rancagua,-34.1573235355431,-70.7327124681244,54,232211
2023-12-24,Sur,Temuco,-38.73009343979153,-72.59629620260063,56,282415
2024-12-04,Norte,Arica,-18.469303906490264,-70.30478325309028,56,247552
2023-04-01,Norte,Iquique,-20.22078650339062,-70.1424546459126,44,191468
2023-12-26,Centro,Rancagua,-34.172442737814485,-70.75210640357295,46,232211
2023-04-13,Sur,PuertoMontt,-41.477189675787784,-72.93420310114026,48,245902
2024-02-04,Sur,Concepcion,-36.830789866067995,-73.03720530716687,42,223574
2024-09-25,Centro,Valparaiso,-33.03639951323985,-71.59601430501324,75,296655
2023-08-31,Sur,PuertoMontt,-41.481097942530376,-72.93295085899939,48,245902
2023-03-19,Norte,Arica,-18.491772043730574,-70.31522798209949,55,247552
2024-06-19,Sur,Concepcion,-36.80498256834408,-73.03181269371393,41,223574
2023-02-02,Sur,Temuco,-38.730339042557254,-72.58592797796658,44,282415
2023-06-20,Sur,Temuco,-38.72939206675834,-72.58118380107048,52,282415
2023-03-13,Sur,Temuco,-38.726512375673536,-72.5918914909858,54,282415
2023-03-01,Norte,Arica,-18.470025206553466,-70.2943598018943,62,247552
2024-09-07,Norte,Arica,-18.490055971007035,-70.30483117965211,43,247552
2024-06-11,Centro,Valparaiso,-33.04356018159612,-71.59961245982421,55,296655
2023-05-02,Sur,PuertoMontt,-41.471497729581145,-72.94233894321121,36,245902
2023-09-20,Norte,Arica,-18.47731240105164,-70.3092456619284,46,247552
2024-09-27,Sur,PuertoMontt,-41.47844537560746,-72.93864786477758,42,245902
2023-10-26,Sur,Concepcion,-36.82403145264047,-73.04804026000329,34,223574
2024-05-13,Sur,Concepcion,-36.83476078162159,-73.0547093189685,38,223574
2024-03-08,Sur,Concepcion,-36.815464087019635,-73.04733396500293,46,223574
2024-03-20,Norte,Arica,-18.476060973945028,-70.30001173366466,61,247552
2023-04-03,Centro,Valparaiso,-33.050974008246115,-71.62149186223037,47,296655
2024-07-08,Sur,Temuco,-38.73987728494096,-72.58046931536516,74,282415
2023-01-21,Centro,Rancagua,-34.18497443371463,-70.75677466570592,44,232211
2023-08-02,Centro,Valparaiso,-33.03972791637604,-71.5991844998966,64,296655
2023-04-28,Sur,PuertoMontt,-41.45795550490381,-72.93938413316299,51,245902
2024-10-18,Norte,Antofagasta,-23.641128116997077,-70.40442646760815,94,425725
2024-05-01,Centro,Rancagua,-34.1769375724997,-70.73894341377428,53,232211
2023-03-28,Centro,Valparaiso,-33.062159998978274,-71.60546987400532,61,296655
2024-12-08,Sur,Temuco,-38.75344952785632,-72.59667808562014,58,282415
2023-05-09,Sur,Temuco,-38.74585655291135,-72.60799854041201,45,282415
2024-03-10,Sur,PuertoMontt,-41.482118634308584,-72.9310705328822,41,245902
2023-08-16,Norte,Arica,-18.451959189088107,-70.32232504788097,43,247552
2023-04-28,Sur,PuertoMontt,-41.472493043570445,-72.92855597460039,51,245902
2024-07-28,Norte,Antofagasta,-23.66332740931915,-70.41130719207254,86,425725
2023-10-07,Norte,Arica,-18.471298742261986,-70.31436374303615,41,247552
2024-10-19,Centro,Santiago,-33.439212980509055,-70.66850589355982,1083,5614000
2024-08-02,Norte,Arica,-18.464084461658235,-70.32229935199265,46,247552
2023-01-26,Centro,Rancagua,-34.171797540632774,-70.73801783015284,38,232211
2024-09-09,Centro,Santiago,-33.450982476939835,-70.66021723046423,1108,5614000
2024-03-05,Centro,Valparaiso,-33.0637679804455,-71.61741389255062,72,296655
2023-09-13,Sur,PuertoMontt,-41.474547481851424,-72.94617262666787,43,245902
2024-02-01,Sur,PuertoMontt,-41.478249974617036,-72.94051863054507,58,245902
2024-04-17,Centro,Valparaiso,-33.04202660650698,-71.58437025059298,51,296655
2024-02-06,Norte,Iquique,-20.24414320905019,-70.1438145230327,40,191468
2023-10-06,Centro,Rancagua,-34.16886857754756,-70.74693817823021,51,232211
2023-02-21,Centro,Rancagua,-34.17881375259552,-70.73079501880854,46,232211
2024-06-14,Centro,Santiago,-33.459030991451264,-70.66482170378417,1129,5614000
2024-01-08,Sur,Concepcion,-36.82714427908508,-73.04826834827428,42,223574
2023-07-22,Sur,PuertoMontt,-41.446869653251994,-72.94775645071334,47,245902
2023-01-06,Centro,Santiago,-33.45611433585301,-70.6825615484706,1211,5614000
2024-10-18,Centro,Rancagua,-34.177626433144624,-70.73851738506221,40,232211
2024-05-06,Norte,Antofagasta,-23.638723758358296,-70.38641376276486,66,425725
2023-11-18,Centro,Rancagua,-34.16694537325388,-70.75357360520998,45,232211
2023-01-18,Norte,Iquique,-20.2278353448964,-70.12829103414278,48,191468
2024-09-24,Norte,Iquique,-20.222900245499165,-70.11555594077538,47,191468
2024-08-26,Norte,Arica,-18.4635301091397,-70.3296128283237,45,247552
2024-01-03,Norte,Arica,-18.44668993268859,-70.320336127439,57,247552
2023-06-29,Norte,Antofagasta,-23.6509283581084,-70.38351011610366,83,425725
2023-06-10,Sur,PuertoMontt,-41.46731723593351,-72.92697051467965,51,245902
2023-02-15,Centro,Rancagua,-34.15332450990751,-70.73991910076515,49,232211
2024-06-13,Norte,Iquique,-20.227023261450277,-70.14656701626235,32,191468
2024-05-27,Sur,PuertoMontt,-41.47695751034928,-72.93361269734288,54,245902
2024-04-22,Norte,Arica,-18.471765029523112,-70.30170698894565,53,247552
2024-07-17,Sur,PuertoMontt,-41.463749500576064,-72.93120678679385,57,245902
2023-12-08,Centro,Valparaiso,-33.04624453246749,-71.61919240470813,60,296655
2024-11-24,Centro,Valparaiso,-33.041114046862916,-71.60163900639438,58,296655
2023-03-07,Centro,Santiago,-33.439555618057376,-70.68366606002903,1054,5614000
2024-03-07,Sur,Concepcion,-36.83265818455233,-73.04588576447311,66,223574
2023-09-17,Centro,Valparaiso,-33.04166490187151,-71.62404222909392,58,296655
2024-01-26,Norte,Antofagasta,-23.67039746735233,-70.4040885099969,82,425725
2024-10-04,Norte,Arica,-18.47172139238215,-70.31058543190133,42,247552
2024-10-20,Centro,Rancagua,-34.182421789532455,-70.74660755966069,42,232211
2024-04-05,Norte,Iquique,-20.231493803528096,-70.14670926944429,34,191468
2024-05-03,Centro,Rancagua,-34.161972492806775,-70.75296830681228,45,232211
2024-12-08,Norte,Antofagasta,-23.65392623214866,-70.39776184318363,83,425725
2023-03-23,Norte,Antofagasta,-23.65441737851865,-70.37908391802819,81,425725
2023-03-31,Centro,Santiago,-33.463718448161174,-70.67704113815755,1101,5614000
2023-02-07,Centro,Santiago,-33.46238757294137,-70.66530077250016,1115,5614000
2023-01-31,Sur,PuertoMontt,-41.486863587565566,-72.93406130206247,47,245902
2023-04-07,Sur,Temuco,-38.72348963046396,-72.6015197597376,58,282415
2024-03-06,Norte,Antofagasta,-23.667848841372447,-70.39106494677928,78,425725
2024-01-15,Centro,Santiago,-33.46008785745911,-70.67118072768162,1127,5614000
2024-12-24,Sur,Concepcion,-36.842080138555275,-73.0486055259983,37,223574
2024-06-27,Sur,Temuco,-38.730137471729044,-72.59150083627222,68,282415
2024-10-12,Centro,Santiago,-33.44551948759668,-70.65992452787584,1172,5614000
2024-05-31,Norte,Iquique,-20.224295853102173,-70.13026752068215,40,191468
2024-01-07,Centro,Valparaiso,-33.03664851667118,-71.60520146829117,52,296655
2024-06-18,Norte,Arica,-18.483017338297316,-70.31740693825824,58,247552
2023-02-12,Norte,Iquique,-20.224108852286484,-70.16328855913945,34,191468
2024-05-16,Sur,Temuco,-38.723116751866065,-72.59823045834278,58,282415
2023-08-24,Norte,Iquique,-20.250620168121173,-70.12863963494169,46,191468
2023-04-05,Norte,Antofagasta,-23.656842602861367,-70.40111193428305,94,425725
2023-09-13,Sur,Concepcion,-36.840226159153424,-73.05840524389876,37,223574
2024-01-02,Sur,Concepcion,-36.83367473046231,-73.04135912304173,43,223574
2023-05-13,Centro,Santiago,-33.445280747225674,-70.65637682310086,1099,5614000
2024-12-31,Sur,Temuco,-38.73959317091752,-72.58332825084017,44,282415
2024-01-07,Norte,Arica,-18.465055849119366,-70.31833949821393,49,247552
2023-07-24,Norte,Antofagasta,-23.64067418454968,-70.38394711371336,94,425725
2023-07-24,Sur,PuertoMontt,-41.47013784150048,-72.92367073118625,54,245902
2024-05-27,Centro,Rancagua,-34.163462735350095,-70.72685641976912,42,232211
2024-11-22,Norte,Antofagasta,-23.665083288360158,-70.40354488211622,97,425725
2024-01-10,Norte,Arica,-18.487671272562444,-70.31836895838532,50,247552
2024-09-21,Centro,Rancagua,-34.1676956857055,-70.75717870466964,46,232211
2024-01-26,Centro,Santiago,-33.452854974191766,-70.66832379206019,1186,5614000
2024-01-18,Norte,Antofagasta,-23.656407761793464,-70.3925091466837,85,425725
2023-06-13,Sur,PuertoMontt,-41.478099861596924,-72.9391198013131,55,245902
2024-11-09,Centro,Santiago,-33.46624957203112,-70.66264207193663,1115,5614000
2023-06-04,Centro,Rancagua,-34.18237379612235,-70.71588484628374,49,232211
2024-04-21,Norte,Antofagasta,-23.646762243172336,-70.39914054424825,79,425725
2023-01-15,Sur,Temuco,-38.727052983924,-72.5856486949304,68,282415
2024-08-09,Norte,Antofagasta,-23.649925223789424,-70.40288678684306,80,425725
2024-04-10,Norte,Antofagasta,-23.643407600752916,-70.40675027143024,85,425725
2023-06-06,Norte,Arica,-18.46546233170869,-70.30119990686651,48,247552
2023-06-08,Sur,Concepcion,-36.83495854869485,-73.0662699746937,54,223574
2023-08-15,Centro,Valparaiso,-33.042740248625705,-71.61944666863207,50,296655
2023-11-16,Centro,Valparaiso,-33.05723268449665,-71.58603166853467,47,296655
2023-08-04,Norte,Arica,-18.466533813580444,-70.30542241435118,52,247552
2023-10-07,Sur,PuertoMontt,-41.470909391495596,-72.94324095192526,60,245902
2024-03-14,Centro,Santiago,-33.44107036632688,-70.66398762549,1186,5614000
2024-01-09,Norte,Iquique,-20.21364094943522,-70.13443511976132,35,191468
2023-04-30,Norte,Antofagasta,-23.622383336585585,-70.39832652379305,92,425725
2023-12-21,Sur,Concepcion,-36.822055623249874,-73.05194001673958,42,223574
2023-04-25,Sur,Concepcion,-36.816741592755854,-73.05811505117656,40,223574
2024-10-28,Centro,Santiago,-33.44074369679348,-70.67073385538214,1145,5614000
2023-01-06,Norte,Antofagasta,-23.674385812183033,-70.40566042149047,80,425725
2023-02-01,Norte,Iquique,-20.23936677495044,-70.14101325976254,35,191468
2024-01-30,Sur,Temuco,-38.74915261983443,-72.57903899425077,39,282415
2023-10-13,Sur,Concepcion,-36.833927975714424,-73.0644226724848,40,223574
2024-10-08,Sur,Temuco,-38.74417001711318,-72.57809002580629,53,282415
2023-07-10,Centro,Santiago,-33.45082947394798,-70.65801277446668,1135,5614000
2023-03-22,Norte,Iquique,-20.23786617495961,-70.13210580104848,49,191468
2023-02-05,Sur,PuertoMontt,-41.46173047519173,-72.93136809554889,52,245902
2023-05-09,Norte,Antofagasta,-23.664232567869167,-70.40150217440323,78,425725
2023-12-22,Sur,Concepcion,-36.81979706914721,-73.04589519780814,52,223574
2024-11-15,Centro,Rancagua,-34.17444893924705,-70.75226860754553,45,232211
2023-10-27,Centro,Valparaiso,-33.046892506333556,-71.60634226790316,53,296655
2023-05-22,Norte,Antofagasta,-23.66684655904582,-70.37662732219226,80,425725
2023-07-25,Sur,Concepcion,-36.82550711350639,-73.05702621592388,53,223574
2023-04-19,Norte,Arica,-18.491997158567003,-70.3095097235675,53,247552
2023-04-12,Centro,Santiago,-33.44502573670747,-70.68375150722657,1130,5614000
2024-03-07,Centro,Rancagua,-34.163010464659216,-70.73400181435761,51,232211
2023-09-26,Norte,Iquique,-20.22850015270216,-70.12127577982925,31,191468
2023-10-27,Norte,Arica,-18.475474069029225,-70.32701338680164,44,247552
2023-10-26,Sur,Concepcion,-36.83189134648173,-73.06550497840246,44,223574
2023-06-17,Norte,Antofagasta,-23.63829602251531,-70.39873886967406,90,425725
2023-01-13,Centro,Valparaiso,-33.05142146231255,-71.62044104351685,61,296655
2023-09-10,Norte,Iquique,-20.226473033592914,-70.1203443273294,43,191468
2024-08-29,Sur,PuertoMontt,-41.47720324044896,-72.9443243227585,41,245902
2023-01-11,Sur,PuertoMontt,-41.46653152415388,-72.94186259828831,55,245902
2024-08-07,Norte,Arica,-18.482924999736294,-70.33519776509459,55,247552
2024-09-03,Norte,Iquique,-20.234901061755586,-70.1465567990582,47,191468
2024-09-11,Sur,Temuco,-38.73546475144637,-72.59660541281325,59,282415
2023-06-09,Centro,Rancagua,-34.15875115843424,-70.73721189792195,45,232211
2023-03-13,Centro,Valparaiso,-33.0374991755618,-71.60911505727863,67,296655
2024-06-22,Norte,Arica,-18.50357764861455,-70.29708797885212,63,247552
2023-08-06,Sur,PuertoMontt,-41.47529030846047,-72.9529552495482,50,245902
2023-11-01,Sur,Concepcion,-36.831311871984774,-73.03857644018717,40,223574
2024-07-16,Norte,Arica,-18.474790195031183,-70.3044003455587,37,247552
2024-07-04,Sur,Temuco,-38.723407631299715,-72.59180349768535,83,282415
2023-07-29,Sur,Temuco,-38.73980038796599,-72.58269212245374,44,282415
2023-04-08,Sur,PuertoMontt,-41.44857837698829,-72.94068248404868,52,245902
2024-01-17,Centro,Valparaiso,-33.072882854717534,-71.59367269572876,64,296655
2024-02-18,Sur,PuertoMontt,-41.46227915765652,-72.93750119590828,49,245902
2023-03-27,Centro,Valparaiso,-33.04730605053451,-71.61258234652674,57,296655
2023-04-24,Norte,Arica,-18.48776285896207,-70.32256419550353,52,247552
2024-01-07,Sur,PuertoMontt,-41.48846752052522,-72.91995997889575,41,245902
2024-05-12,Norte,Arica,-18.479094493070075,-70.31200830553698,44,247552
2024-12-28,Sur,Concepcion,-36.82555800478802,-73.05421756073056,50,223574
2024-02-17,Norte,Arica,-18.478762563604956,-70.28933911935822,48,247552
2024-03-24,Norte,Antofagasta,-23.638110016542292,-70.40123531594942,82,425725
2023-02-26,Centro,Valparaiso,-33.04806660764908,-71.61134869183233,60,296655
2023-08-24,Norte,Antofagasta,-23.630202580757707,-70.4077871567545,71,425725
2024-08-18,Norte,Antofagasta,-23.659105331008774,-70.41518615499142,80,425725
2024-02-16,Centro,Rancagua,-34.1763873997885,-70.73554788431791,52,232211
2024-08-28,Sur,Concepcion,-36.822053554197865,-73.03860155438792,40,223574
2024-01-14,Sur,Temuco,-38.753023536941036,-72.5650840646097,54,282415
2023-07-19,Sur,PuertoMontt,-41.48420997953034,-72.94678016741162,43,245902
2023-06-28,Norte,Arica,-18.484948839979186,-70.29885476048425,41,247552
2024-05-26,Norte,Arica,-18.473551612102057,-70.31715085372076,42,247552
2023-09-10,Norte,Antofagasta,-23.67211146252878,-70.39403615964741,63,425725
2023-06-01,Centro,Santiago,-33.452323037318166,-70.66279781649503,1172,5614000
2023-08-22,Sur,Temuco,-38.72772813648694,-72.57795423377327,56,282415
2023-01-26,Norte,Arica,-18.478881865163164,-70.30457208695452,51,247552
2023-10-20,Sur,Temuco,-38.74345736033021,-72.58701541661102,51,282415
2024-11-02,Sur,PuertoMontt,-41.46799555826645,-72.94044163840888,60,245902
2024-06-01,Centro,Valparaiso,-33.050829246796894,-71.60275462822905,62,296655
2023-09-05,Norte,Iquique,-20.230048363215168,-70.12987898050925,41,191468
2023-06-04,Centro,Rancagua,-34.17439181746876,-70.73703458569702,50,232211
2024-02-09,Centro,Rancagua,-34.1868673422937,-70.72876941488072,42,232211
2024-04-22,Centro,Santiago,-33.453004680068545,-70.67037271215703,1113,5614000
2023-03-28,Sur,PuertoMontt,-41.474992649876306,-72.93300925242059,57,245902
2024-04-02,Sur,Temuco,-38.7245339673033,-72.59055468933163,54,282415
2023-01-16,Centro,Santiago,-33.456236565228465,-70.68634775395323,1137,5614000
2023-10-30,Centro,Santiago,-33.459067485652625,-70.67671465681893,1122,5614000
2023-02-18,Centro,Valparaiso,-33.02034070542115,-71.63004704872881,58,296655
2023-12-14,Norte,Arica,-18.46567932512116,-70.31442330923915,62,247552
2023-04-15,Norte,Arica,-18.464982624815743,-70.28915363269913,66,247552
2023-07-02,Sur,Concepcion,-36.81688451348516,-73.05028066607746,52,223574
2023-11-10,Sur,Temuco,-38.751670697704455,-72.5958866277775,41,282415
2023-02-17,Sur,PuertoMontt,-41.453724435618724,-72.93990101094228,48,245902
2024-01-25,Sur,Temuco,-38.73871505961823,-72.59253967439831,51,282415
2024-07-16,Centro,Valparaiso,-33.053953296167116,-71.61186858343244,50,296655
2023-05-08,Sur,Temuco,-38.7403278986622,-72.57907959416072,57,282415
2023-10-13,Centro,Valparaiso,-33.05261341069539,-71.6186951866851,53,296655
2024-09-04,Centro,Rancagua,-34.16389448179979,-70.73731762261136,56,232211
2023-08-20,Norte,Antofagasta,-23.622159931806863,-70.40051489802282,85,425725
2024-08-20,Sur,Temuco,-38.749570247645714,-72.59270010196266,43,282415
2023-08-18,Sur,Concepcion,-36.849577450594396,-73.04562347207536,47,223574
2023-07-18,Norte,Iquique,-20.22361463827672,-70.1261645275983,34,191468
2024-09-21,Sur,PuertoMontt,-41.46964926036782,-72.9363745099235,59,245902
2023-07-02,Sur,Concepcion,-36.826557537725975,-73.03717411933832,40,223574
2023-12-30,Sur,PuertoMontt,-41.45025308050863,-72.94215727181287,51,245902
2023-03-06,Norte,Antofagasta,-23.65750608724563,-70.40381265599073,94,425725
2024-10-31,Sur,Temuco,-38.73204763048311,-72.57726084032488,62,282415
2024-06-09,Sur,PuertoMontt,-41.47726383929389,-72.93823593239871,48,245902
2024-11-28,Sur,Temuco,-38.7440460983808,-72.60026152373827,58,282415
2024-04-22,Centro,Santiago,-33.457648245223695,-70.66141537898565,1141,5614000
2024-08-21,Norte,Arica,-18.474817487030034,-70.31315732669258,45,247552
2024-07-30,Centro,Valparaiso,-33.05543965155444,-71.62230711529664,61,296655
2024-05-22,Sur,PuertoMontt,-41.481078942983956,-72.93181765058162,47,245902
2023-10-30,Norte,Antofagasta,-23.643747842079453,-70.40168760574393,91,425725
2024-10-06,Centro,Santiago,-33.4229416740501,-70.66725487275993,1083,5614000
2024-07-07,Norte,Arica,-18.481730612335355,-70.3068424656152,42,247552
2024-10-05,Sur,Temuco,-38.74170035151801,-72.57707628668713,56,282415
2024-04-12,Centro,Rancagua,-34.16680055057275,-70.74627589233877,50,232211
2023-03-20,Sur,PuertoMontt,-41.46618698254189,-72.92686636649263,49,245902
2023-04-29,Norte,Antofagasta,-23.6432069955539,-70.41209704499354,96,425725
2024-02-28,Norte,Antofagasta,-23.665734843037942,-70.40484829133868,78,425725
2023-07-10,Norte,Iquique,-20.231733754747122,-70.11810739674459,27,191468
2023-07-04,Sur,PuertoMontt,-41.48190449059991,-72.95092061608335,45,245902
2023-10-24,Centro,Valparaiso,-33.03846091512198,-71.60682314446035,61,296655
2024-07-27,Norte,Antofagasta,-23.660922430348354,-70.41121294703314,93,425725
2023-08-06,Sur,PuertoMontt,-41.48418013077193,-72.94019621107094,52,245902
2024-07-07,Norte,Iquique,-20.229993468304713,-70.11793554449615,33,191468
2024-06-10,Sur,PuertoMontt,-41.47333315991578,-72.9547172948532,44,245902
2023-07-03,Norte,Arica,-18.46812557314491,-70.30510021634957,53,247552
2024-09-14,Sur,Concepcion,-36.81332994886001,-73.0494147045191,36,223574
2024-06-23,Sur,PuertoMontt,-41.468831626235755,-72.94199714905582,46,245902
2023-04-22,Sur,Temuco,-38.73183649016275,-72.5887676483351,73,282415
2024-08-26,Norte,Arica,-18.46530895936911,-70.31464958972978,39,247552
2024-08-31,Sur,Concepcion,-36.81651425182125,-73.05209822856794,57,223574
2024-04-20,Sur,Temuco,-38.72884821612687,-72.57872206090764,66,282415
2024-02-11,Centro,Valparaiso,-33.05236718534617,-71.60315133353204,57,296655
2024-08-20,Sur,Temuco,-38.75774466739919,-72.58368058494761,54,282415
2024-11-01,Norte,Antofagasta,-23.65053015229932,-70.41100439835793,75,425725
2023-12-24,Sur,PuertoMontt,-41.475813817105845,-72.93722956501932,63,245902
2024-05-12,Sur,PuertoMontt,-41.46523205715464,-72.9344440954515,53,245902
2023-05-21,Norte,Antofagasta,-23.64619224212641,-70.39282144496796,75,425725
2024-11-25,Norte,Antofagasta,-23.64124543751561,-70.3847099212495,81,425725
2024-06-29,Sur,Concepcion,-36.834711475165555,-73.05291009016337,36,223574
2024-06-24,Sur,Temuco,-38.731135264974476,-72.59442249159542,58,282415
2023-07-18,Centro,Valparaiso,-33.04925781242137,-71.61084317010318,61,296655
2024-09-19,Centro,Santiago,-33.46268830645598,-70.66374815760526,1088,5614000
2023-08-18,Sur,Temuco,-38.735757443877795,-72.5949452749128,49,282415
2023-10-27,Sur,PuertoMontt,-41.487357139151484,-72.92689984877686,53,245902
2023-04-13,Sur,Concepcion,-36.81722171112398,-73.05294896526422,45,223574
2024-09-30,Norte,Antofagasta,-23.655435516633734,-70.40390074689941,69,425725
2024-05-21,Centro,Rancagua,-34.17499614244393,-70.74521755461303,45,232211
2024-11-12,Centro,Valparaiso,-33.03726083300431,-71.62795959953431,65,296655
2023-08-26,Norte,Arica,-18.49210468718089,-70.31077593544329,67,247552
2024-11-09,Sur,Temuco,-38.73409466870621,-72.6083237496992,51,282415
2024-12-08,Centro,Santiago,-33.432149368799315,-70.66090927817038,1099,5614000
2023-08-25,Norte,Iquique,-20.233163454438557,-70.12547003238794,38,191468
2023-09-18,Centro,Santiago,-33.45902893002786,-70.67613372960004,1062,5614000
2024-06-30,Sur,PuertoMontt,-41.46948765844323,-72.94749548222248,61,245902
2024-09-18,Sur,PuertoMontt,-41.47586708287011,-72.92678009368456,42,245902
2023-05-27,Norte,Antofagasta,-23.66607715005788,-70.4073401958805,93,425725
2024-05-13,Sur,Concepcion,-36.83319710380451,-73.04912339675741,38,223574
2024-04-15,Sur,PuertoMontt,-41.46371983754064,-72.93865449521574,46,245902
2023-05-12,Sur,PuertoMontt,-41.449055334966715,-72.93945092076565,48,245902
2023-06-20,Norte,Antofagasta,-23.644829408652296,-70.40090617070345,79,425725
2023-09-12,Centro,Rancagua,-34.17770109379164,-70.7438844685004,54,232211
2023-11-20,Sur,Concepcion,-36.83251594242616,-73.05113189091901,49,223574
2024-02-13,Sur,Temuco,-38.74616862592167,-72.58771798049656,56,282415
2023-10-20,Sur,Concepcion,-36.82208814607666,-73.04014541394554,51,223574
2024-09-07,Sur,Temuco,-38.748155344388316,-72.58236717476,64,282415
2024-10-26,Norte,Antofagasta,-23.6572765061803,-70.39703197311272,90,425725
2023-01-17,Norte,Iquique,-20.226503167664337,-70.13476020915353,48,191468
2023-08-24,Norte,Iquique,-20.226357810298637,-70.1393522286782,42,191468
2023-04-02,Centro,Santiago,-33.441460047013265,-70.66023963571021,1138,5614000
2024-05-05,Sur,Concepcion,-36.82855358722243,-73.04455838507644,51,223574
2024-09-02,Norte,Iquique,-20.242526804047777,-70.11593925981683,34,191468
2023-09-08,Centro,Santiago,-33.46033730027607,-70.67147546895214,1146,5614000
2023-09-14,Centro,Valparaiso,-33.046631223768586,-71.62215090951825,80,296655
2024-05-16,Centro,Santiago,-33.45249693634808,-70.67345600777814,1086,5614000
2023-03-04,Centro,Santiago,-33.45572070489934,-70.65880351978014,1141,5614000
2024-03-09,Centro,Santiago,-33.461232649033086,-70.68409674646496,1143,5614000
2024-03-25,Norte,Arica,-18.469110449810138,-70.29331475645742,55,247552
2024-09-27,Sur,PuertoMontt,-41.47582646115785,-72.92879649728246,49,245902
2024-04-12,Centro,Valparaiso,-33.04227480095792,-71.61319901565298,60,296655
2023-08-06,Centro,Rancagua,-34.1972520056257,-70.74978457262294,39,232211
2023-12-19,Sur,PuertoMontt,-41.4672529644141,-72.94231029483777,52,245902
2023-02-08,Centro,Valparaiso,-33.05234882302052,-71.61282887848427,70,296655
2023-03-21,Norte,Antofagasta,-23.660587111640623,-70.40209402635526,80,425725
2023-12-28,Sur,Concepcion,-36.82239086744332,-73.04701553723481,40,223574
2024-05-26,Sur,Concepcion,-36.82834881580605,-73.05940510251422,53,223574
2024-12-19,Sur,PuertoMontt,-41.47094786339972,-72.93296174661229,38,245902
2024-02-10,Sur,Concepcion,-36.83386924611251,-73.06771905313835,41,223574
2023-08-24,Sur,PuertoMontt,-41.488914445375734,-72.9195934658357,50,245902
2024-05-26,Norte,Antofagasta,-23.65607300346221,-70.3862334502612,86,425725
2023-02-02,Centro,Rancagua,-34.173120436732844,-70.74222778020768,43,232211
2023-05-23,Norte,Antofagasta,-23.646412030576546,-70.40157904307294,90,425725
2024-10-24,Centro,Rancagua,-34.17718079692997,-70.73613771747165,45,232211
2023-12-12,Centro,Valparaiso,-33.03704268023108,-71.60182894960498,46,296655
2023-09-30,Sur,Concepcion,-36.83067840630714,-73.05831152869497,55,223574
2024-11-25,Centro,Santiago,-33.446607841505624,-70.67617371416978,1105,5614000
2024-09-08,Norte,Antofagasta,-23.639127796320107,-70.40925697317152,87,425725
2024-11-30,Norte,Antofagasta,-23.651923401618447,-70.40499271204189,94,425725
2024-11-10,Sur,Temuco,-38.73945447880874,-72.60593817189798,49,282415
2023-05-20,Sur,Concepcion,-36.82239600071925,-73.05558037505,38,223574
2024-01-14,Norte,Iquique,-20.216470310171097,-70.15348946249176,51,191468
2023-12-22,Sur,Concepcion,-36.82071090586315,-73.03650441886012,37,223574
2024-07-22,Sur,Temuco,-38.738092300261094,-72.60871912794995,59,282415
2023-10-24,Centro,Santiago,-33.455315548823705,-70.66522572641863,1144,5614000
2024-04-09,Sur,PuertoMontt,-41.47937458261379,-72.9394626774871,59,245902
2023-03-02,Centro,Valparaiso,-33.04274784904647,-71.62202004235789,53,296655
2023-11-22,Centro,Valparaiso,-33.05545600845936,-71.62374844076946,49,296655
2024-12-03,Sur,Temuco,-38.74171145386766,-72.59374803040345,63,282415
2023-01-09,Sur,Concepcion,-36.81038557234951,-73.05393038454866,37,223574
2023-11-22,Sur,PuertoMontt,-41.475522235161286,-72.94346622218202,40,245902
2024-01-15,Centro,Valparaiso,-33.04041219212099,-71.62293960770711,54,296655
2024-09-21,Centro,Valparaiso,-33.05351216299069,-71.62623596674545,50,296655
2023-02-14,Sur,Temuco,-38.72422595694171,-72.59473955544806,55,282415
2024-04-10,Sur,Temuco,-38.73218868425261,-72.58558012909387,54,282415
2023-09-25,Centro,Rancagua,-34.17847007836655,-70.73334940985043,46,232211
2023-05-19,Centro,Santiago,-33.44804270538602,-70.65971568629234,1158,5614000
2024-07-31,Sur,PuertoMontt,-41.47570916943466,-72.93163861740865,42,245902
2023-08-10,Centro,Santiago,-33.45573328953709,-70.65901755662553,1117,5614000
2023-12-28,Centro,Rancagua,-34.161003532797295,-70.76385912545585,43,232211
2024-12-17,Centro,Valparaiso,-33.03971094673132,-71.62177814539555,63,296655
2024-02-12,Sur,PuertoMontt,-41.48877246087764,-72.91851124004356,56,245902
2024-04-09,Centro,Valparaiso,-33.040164440447874,-71.61056752034987,57,296655
2023-08-12,Centro,Santiago,-33.44058566979911,-70.6468688259647,1092,5614000
2023-03-01,Sur,PuertoMontt,-41.46940148655272,-72.93467589435856,47,245902
2023-10-15,Norte,Antofagasta,-23.669154546801906,-70.40082113620186,88,425725
2024-07-05,Sur,PuertoMontt,-41.474671668321875,-72.93540063739333,47,245902
2023-04-20,Centro,Rancagua,-34.16838017178593,-70.739948448176,43,232211
2024-09-29,Norte,Arica,-18.479319837566244,-70.32195892945049,57,247552
2024-01-07,Norte,Antofagasta,-23.645531201810346,-70.40111550649601,87,425725
2023-05-18,Centro,Rancagua,-34.170839073137174,-70.7359240844635,60,232211
2024-05-10,Sur,Temuco,-38.71720162136743,-72.58146491636477,66,282415
2023-10-30,Centro,Valparaiso,-33.04515964675647,-71.60321173669944,71,296655
2024-10-09,Centro,Santiago,-33.45495686752889,-70.68479825247242,1069,5614000
2024-02-03,Norte,Arica,-18.4856102380348,-70.31571533948063,42,247552
2024-10-16,Centro,Rancagua,-34.181289422022125,-70.7245758356536,58,232211
2023-12-23,Norte,Arica,-18.480297600044114,-70.31972447984008,61,247552
2023-03-01,Sur,Concepcion,-36.823534013376246,-73.0350215989899,50,223574
2023-01-02,Norte,Arica,-18.475580322288486,-70.31816575758832,49,247552
2023-07-01,Sur,Temuco,-38.72264843838018,-72.58570609601954,51,282415
2023-03-09,Centro,Rancagua,-34.17642697185557,-70.73735421402814,50,232211
2023-06-10,Sur,Concepcion,-36.80613115441032,-73.04106775871578,41,223574
2024-11-18,Sur,PuertoMontt,-41.46815566936258,-72.94324825241797,38,245902
2024-09-07,Norte,Arica,-18.47420537272602,-70.31474566200897,51,247552
2023-07-01,Norte,Arica,-18.474551178280166,-70.30594892197026,43,247552
2023-03-29,Centro,Santiago,-33.44568436906695,-70.67552536468992,1058,5614000
2023-04-08,Norte,Iquique,-20.246997908480015,-70.13626656702668,44,191468
2024-01-19,Norte,Antofagasta,-23.64343650070317,-70.39332390213617,85,425725
2024-05-25,Norte,Antofagasta,-23.640715428317606,-70.38633238050855,83,425725
2024-11-21,Sur,PuertoMontt,-41.46638193545084,-72.93233679508381,32,245902
2024-09-12,Norte,Arica,-18.46502259753554,-70.30844667429737,53,247552
2024-03-03,Norte,Iquique,-20.236056948589788,-70.13958483771357,48,191468
2024-05-17,Sur,PuertoMontt,-41.475764761377356,-72.92748867741889,56,245902
2024-06-09,Norte,Arica,-18.479529406509513,-70.31593187578066,44,247552
2023-02-15,Centro,Santiago,-33.43337090260825,-70.68370153425049,1175,5614000
2023-05-07,Norte,Antofagasta,-23.653271195410035,-70.39801259586231,92,425725
2024-05-12,Norte,Antofagasta,-23.66265189159563,-70.39780847349921,95,425725
2024-09-28,Centro,Rancagua,-34.17836485315123,-70.73764417242056,58,232211
2024-08-20,Sur,Temuco,-38.73917445354975,-72.59011664107256,58,282415
2024-07-03,Sur,PuertoMontt,-41.468927396803934,-72.94102184073394,46,245902
2024-10-24,Centro,Santiago,-33.4512150620861,-70.67758911860433,1148,5614000
2024-03-22,Centro,Santiago,-33.43956949701299,-70.67911591860396,1208,5614000
2023-05-12,Sur,PuertoMontt,-41.482547287665454,-72.9344031843608,52,245902
2024-12-31,Norte,Arica,-18.481782196779275,-70.31363092859429,54,247552
2023-02-22,Sur,PuertoMontt,-41.48746282284705,-72.92976716936174,46,245902
2024-06-30,Sur,PuertoMontt,-41.46456261927577,-72.94650217429145,56,245902
2024-05-19,Centro,Santiago,-33.45413245662776,-70.6570068749804,1081,5614000
2023-02-10,Centro,Valparaiso,-33.0334132677076,-71.60852631616493,63,296655
2023-02-16,Sur,PuertoMontt,-41.46687230017409,-72.91779490166802,49,245902
2023-10-05,Sur,Concepcion,-36.83167796211487,-73.05478031706257,48,223574
2023-12-18,Norte,Iquique,-20.217216778592203,-70.14101715377336,46,191468
2023-03-11,Sur,Temuco,-38.737631332103874,-72.60414124391262,58,282415
2023-11-15,Centro,Valparaiso,-33.05163348456781,-71.6089286573615,62,296655
2024-11-30,Sur,Temuco,-38.73202162558678,-72.59643866949449,52,282415
2023-01-04,Sur,PuertoMontt,-41.478752026062295,-72.9509320458152,58,245902
2023-05-27,Centro,Rancagua,-34.17869501105816,-70.74807030019319,35,232211
2023-11-06,Sur,PuertoMontt,-41.477212690933264,-72.93491254428862,70,245902
2024-03-21,Sur,Concepcion,-36.832444073737726,-73.037223944288,37,223574
2024-03-22,Centro,Valparaiso,-33.051022107226196,-71.61679941128281,53,296655
2024-10-21,Sur,Temuco,-38.72989087762109,-72.60007307088262,59,282415
2023-12-18,Centro,Valparaiso,-33.05673438111696,-71.61168186681962,52,296655
2023-03-19,Sur,PuertoMontt,-41.47249867466125,-72.93935125770729,48,245902
2024-03-27,Norte,Arica,-18.4890720870918,-70.32007254105505,63,247552
2023-01-24,Centro,Rancagua,-34.157026475558844,-70.72885204219618,42,232211
2023-07-28,Centro,Santiago,-33.44945767802617,-70.67378560957037,1124,5614000
2023-09-14,Centro,Santiago,-33.43740002386895,-70.669336407596,1164,5614000
2024-07-17,Norte,Antofagasta,-23.63997982315005,-70.39874743458074,90,425725
2024-02-29,Sur,PuertoMontt,-41.47543169086575,-72.94922405660422,48,245902
2023-01-14,Norte,Arica,-18.473554730641183,-70.31676002544143,59,247552
2024-04-10,Sur,Concepcion,-36.826150542737174,-73.06421903035019,46,223574
2023-11-27,Norte,Iquique,-20.22346911671369,-70.14990347238917,45,191468
2024-04-12,Centro,Santiago,-33.43333402508299,-70.66355755987483,1110,5614000
2024-11-04,Centro,Valparaiso,-33.05277278246537,-71.59868265591037,60,296655
2024-01-29,Sur,Temuco,-38.748400414136626,-72.60041199785222,39,282415
2023-07-07,Norte,Iquique,-20.24174272756322,-70.13982096707495,43,191468
2024-07-02,Sur,Concepcion,-36.83704674104903,-73.05756195622243,43,223574
2024-11-06,Norte,Iquique,-20.24520983825542,-70.13361860505093,43,191468
2023-09-19,Centro,Valparaiso,-33.049202646436314,-71.61758039582747,36,296655
2023-01-11,Norte,Antofagasta,-23.640139982148433,-70.40064861110932,94,425725
2023-06-27,Norte,Iquique,-20.22126892243732,-70.12712125823901,42,191468
2023-09-17,Sur,Concepcion,-36.82103436803019,-73.03817424065704,30,223574
2023-09-09,Sur,Concepcion,-36.829989195262215,-73.046224875099,44,223574
2024-02-12,Norte,Arica,-18.493197195634824,-70.31258933510907,55,247552
2023-04-08,Centro,Santiago,-33.46175635700333,-70.67713599523746,1126,5614000
2024-06-07,Norte,Arica,-18.475769634392613,-70.31635138079962,58,247552
2023-07-07,Sur,Concepcion,-36.835766038264815,-73.04932905558968,57,223574
2023-09-09,Centro,Rancagua,-34.16133457578094,-70.74987142838525,38,232211
2023-07-22,Norte,Iquique,-20.229389738500117,-70.13667701426326,45,191468
2023-09-12,Norte,Antofagasta,-23.639928719013334,-70.39913008445453,90,425725
2024-06-20,Centro,Santiago,-33.43691248205525,-70.663206510432,1130,5614000
2023-08-28,Norte,Antofagasta,-23.64760714420075,-70.39822491129554,97,425725
2023-12-04,Centro,Valparaiso,-33.04696129367905,-71.62083302236185,54,296655
2023-10-16,Norte,Arica,-18.47342690202693,-70.30492450095964,43,247552
2023-02-08,Sur,Concepcion,-36.837759407123066,-73.0455944458011,48,223574
2024-05-08,Sur,PuertoMontt,-41.47511791804878,-72.94200046798898,43,245902
2023-05-31,Centro,Valparaiso,-33.076359863425225,-71.6245792302221,61,296655
2023-08-24,Centro,Rancagua,-34.165251852859996,-70.76116384248253,51,232211
2023-10-18,Centro,Santiago,-33.45830397281054,-70.66845227555135,1165,5614000
2024-04-29,Sur,PuertoMontt,-41.48607251459973,-72.93577370428187,51,245902
2023-10-14,Norte,Antofagasta,-23.641864162932748,-70.39482373839083,93,425725
2024-02-04,Sur,Temuco,-38.726816412042936,-72.59866157530178,49,282415
2023-07-16,Norte,Arica,-18.478756851863945,-70.32988089115071,43,247552
2024-11-06,Centro,Santiago,-33.45309997171507,-70.6802469184679,1060,5614000
2024-11-06,Centro,Rancagua,-34.16386174848894,-70.74359990342516,54,232211
2024-03-04,Centro,Rancagua,-34.16940737384848,-70.74031810752575,41,232211
2023-10-13,Norte,Antofagasta,-23.6571727550737,-70.39223066519997,77,425725
2023-05-01,Norte,Iquique,-20.230634128307706,-70.15336438615047,40,191468
2024-04-06,Sur,Concepcion,-36.83002107472757,-73.03844662565032,34,223574
2023-04-22,Norte,Antofagasta,-23.635569675944694,-70.39834686546251,74,425725
2023-03-11,Sur,Concepcion,-36.841543301249494,-73.0532159319006,45,223574
2023-02-12,Norte,Arica,-18.510916699769606,-70.31814049762443,59,247552
2024-02-07,Centro,Rancagua,-34.169705288807876,-70.74173689023714,47,232211
2023-03-19,Norte,Arica,-18.466307814844974,-70.29989281593193,53,247552
2024-10-13,Centro,Rancagua,-34.18117965580369,-70.757631961342,39,232211
2024-01-27,Sur,Temuco,-38.7300521327218,-72.61872448329568,58,282415
2024-08-22,Centro,Valparaiso,-33.0441639100271,-71.6259345070346,51,296655
2023-01-30,Sur,PuertoMontt,-41.45739685860977,-72.92785213447796,43,245902
2023-06-10,Centro,Rancagua,-34.16678026862606,-70.7414469949536,39,232211
2023-05-30,Sur,Temuco,-38.741500576159936,-72.60635243948842,59,282415
2024-07-22,Norte,Antofagasta,-23.66247994469324,-70.40307912839964,86,425725
2024-09-24,Centro,Santiago,-33.43265361770544,-70.65375387883263,1131,5614000
2023-01-23,Norte,Arica,-18.486609956350602,-70.31899639355775,43,247552
2023-09-14,Sur,Concepcion,-36.827935039286935,-73.04162275578506,53,223574
2024-09-22,Centro,Santiago,-33.45457083071363,-70.66783414111877,1157,5614000
2023-09-16,Norte,Iquique,-20.22325225095788,-70.14931085766425,46,191468
2023-07-15,Norte,Arica,-18.460212296385752,-70.30944247492518,47,247552
2024-06-05,Centro,Valparaiso,-33.06158711957648,-71.61428976667311,54,296655
2024-07-15,Centro,Rancagua,-34.16133837757573,-70.73430710682818,47,232211
2024-08-26,Centro,Santiago,-33.470842697530294,-70.66254600838131,1079,5614000
2023-08-20,Norte,Arica,-18.47531944323086,-70.31452675418026,52,247552
2023-11-17,Centro,Santiago,-33.4567702939517,-70.65951668734368,1158,5614000
2024-07-06,Sur,PuertoMontt,-41.46742925661332,-72.93265949226051,63,245902
2024-12-27,Norte,Arica,-18.484651395213472,-70.33738388635263,43,247552
2024-01-08,Norte,Iquique,-20.239188069367508,-70.13262863288881,36,191468
2024-03-15,Centro,Santiago,-33.43529771103763,-70.66833868360077,1166,5614000
2023-12-18,Sur,Temuco,-38.724013867790376,-72.5917110434588,69,282415
2023-04-05,Sur,Temuco,-38.72720233626485,-72.59933438662232,59,282415
2024-11-11,Sur,Concepcion,-36.83650079128325,-73.0393223352451,35,223574
2023-12-11,Sur,Temuco,-38.73623699831431,-72.58326973349297,61,282415
2023-11-22,Sur,Temuco,-38.73088146940177,-72.58970681836543,59,282415
2023-08-17,Sur,Concepcion,-36.82235450695306,-73.0369768761676,47,223574
2024-11-18,Norte,Iquique,-20.251112642981244,-70.11991054956978,35,191468
2023-04-23,Sur,PuertoMontt,-41.47033236690524,-72.92591854272628,39,245902
2023-01-17,Norte,Arica,-18.484636177966237,-70.30125787673668,41,247552
2024-07-13,Centro,Santiago,-33.44793293240548,-70.66168318076218,1075,5614000
2024-12-05,Sur,PuertoMontt,-41.47496084708498,-72.93708239032114,48,245902
2023-10-10,Norte,Arica,-18.47498762472116,-70.3305437023099,64,247552
2023-11-30,Norte,Antofagasta,-23.628157820395085,-70.39734826891168,75,425725
2024-10-11,Sur,Concepcion,-36.824576629207066,-73.06163708650321,47,223574
2024-02-28,Norte,Antofagasta,-23.644308501701076,-70.3835258914488,98,425725
2023-11-27,Centro,Rancagua,-34.1759969785277,-70.74133898348944,37,232211
2023-11-17,Norte,Iquique,-20.233455727456573,-70.13943864353676,32,191468
2023-10-12,Centro,Rancagua,-34.1891521627803,-70.76973203150257,38,232211
2024-03-25,Norte,Antofagasta,-23.661716621852165,-70.38120262475789,89,425725
2024-06-24,Norte,Iquique,-20.226560509380562,-70.13867183378296,38,191468
2024-01-07,Norte,Arica,-18.47841311657402,-70.31776798846734,52,247552
2024-05-04,Sur,Concepcion,-36.82082034890694,-73.04019589877093,45,223574
2023-06-04,Norte,Antofagasta,-23.656314252182558,-70.39605395109444,92,425725
2024-01-28,Centro,Rancagua,-34.16556186404505,-70.74409983110726,49,232211
2023-11-06,Sur,Temuco,-38.73013156891482,-72.5824575716369,62,282415
2024-09-26,Norte,Arica,-18.484774602057595,-70.30044332758013,52,247552
2023-08-28,Norte,Iquique,-20.22580288145047,-70.1412637103867,43,191468
2024-01-25,Sur,Temuco,-38.73200791039295,-72.58456050637655,54,282415
2024-06-03,Norte,Arica,-18.487881433379542,-70.30761950502298,45,247552
2023-01-11,Centro,Valparaiso,-33.05724609790924,-71.61540676033408,64,296655
2023-04-29,Norte,Arica,-18.4797648467245,-70.32754693803423,43,247552
2023-02-08,Centro,Santiago,-33.42758122965566,-70.66043017120832,1085,5614000
2024-07-01,Centro,Santiago,-33.44498037984257,-70.68195263376964,1085,5614000
2023-05-24,Norte,Arica,-18.475327939993427,-70.31866570990216,57,247552
2024-01-14,Centro,Santiago,-33.456374905788174,-70.66809202213008,1151,5614000
2023-11-23,Centro,Valparaiso,-33.03403278472973,-71.61251339261143,51,296655
2023-10-10,Centro,Santiago,-33.47079546304378,-70.65346609685626,1125,5614000
2024-09-27,Norte,Arica,-18.472707232309173,-70.31519469447204,54,247552
2024-12-20,Centro,Valparaiso,-33.02393161344386,-71.62388358497219,43,296655
2024-04-26,Norte,Iquique,-20.227685855382603,-70.12979401349263,33,191468
2024-11-15,Sur,Temuco,-38.73227895638252,-72.60879404016057,53,282415
2024-01-20,Sur,Temuco,-38.73169877152479,-72.59763092021826,55,282415
2024-10-06,Sur,Concepcion,-36.84078374605122,-73.04406185483548,44,223574
2024-03-13,Centro,Santiago,-33.449208499499726,-70.66242362605279,1167,5614000
2023-02-06,Centro,Valparaiso,-33.05599948428773,-71.60232382249018,67,296655
2024-09-02,Norte,Iquique,-20.233708406717845,-70.13346275824696,31,191468
2024-04-30,Centro,Santiago,-33.45494238634618,-70.67227022388528,1124,5614000
2023-01-12,Sur,PuertoMontt,-41.46672327498411,-72.93791519541517,50,245902
2024-04-01,Sur,PuertoMontt,-41.467125010882484,-72.93749958710875,57,245902
2024-11-07,Sur,Concepcion,-36.83179247571939,-73.04244543035956,30,223574
2024-07-05,Sur,Concepcion,-36.8162532297096,-73.05140304831122,51,223574
2023-08-29,Norte,Iquique,-20.217624139234832,-70.14962785388936,33,191468
2023-01-23,Sur,Temuco,-38.72500781409718,-72.60324029899361,58,282415
2024-02-28,Sur,Concepcion,-36.82880798111204,-73.04430911231665,42,223574
2024-01-06,Centro,Rancagua,-34.170870318253954,-70.74692512122344,43,232211
2023-01-22,Norte,Iquique,-20.22644543449498,-70.13280856009577,24,191468
2023-06-25,Centro,Santiago,-33.47367584411969,-70.67388967162675,1135,5614000
2024-02-23,Centro,Valparaiso,-33.04218516073443,-71.61527345178688,61,296655
2024-03-20,Norte,Antofagasta,-23.646004224475696,-70.39919975629327,64,425725
2023-04-25,Centro,Valparaiso,-33.04089584387111,-71.60960992763476,52,296655
2023-10-11,Norte,Arica,-18.487437819180684,-70.31885966477061,62,247552
2024-01-03,Centro,Santiago,-33.44814565816945,-70.66683078520109,1103,5614000
2024-02-27,Centro,Valparaiso,-33.03362446935049,-71.608380206021,76,296655
2024-09-25,Sur,Concepcion,-36.83247591752242,-73.05205831152729,35,223574
2024-12-23,Centro,Valparaiso,-33.03684172275861,-71.57989748536451,65,296655
2023-05-19,Norte,Antofagasta,-23.659589835026935,-70.3924871740678,89,425725
2023-11-20,Centro,Rancagua,-34.17193650950979,-70.73634835665565,47,232211
2024-04-01,Centro,Rancagua,-34.16672660088528,-70.74281803663035,45,232211
2024-11-12,Centro,Rancagua,-34.15637241871333,-70.74383273271171,53,232211
2024-10-27,Sur,Concepcion,-36.79579857225604,-73.04063889333318,39,223574
2023-01-06,Sur,Concepcion,-36.80664636939793,-73.04342802364954,48,223574
2023-09-12,Centro,Santiago,-33.435948047930424,-70.66749863240203,1079,5614000
2024-11-01,Norte,Iquique,-20.213213453813133,-70.14100258576238,37,191468
2023-01-30,Centro,Rancagua,-34.18747997394195,-70.74632518588405,46,232211
2024-12-04,Sur,PuertoMontt,-41.46100914702783,-72.94242587893714,44,245902
2023-02-11,Sur,Temuco,-38.740214903821865,-72.59211964575614,37,282415
2023-01-04,Sur,PuertoMontt,-41.47528976723677,-72.94281119598604,49,245902
2023-02-15,Norte,Arica,-18.484910628791877,-70.30878293102926,69,247552
2023-01-12,Sur,Temuco,-38.735837526185875,-72.60067789997281,59,282415
2024-12-08,Norte,Iquique,-20.221758903304096,-70.1539438708874,31,191468
2023-12-14,Centro,Santiago,-33.44702656744316,-70.69043628678905,1108,5614000
2023-05-01,Norte,Antofagasta,-23.66802661825797,-70.39837308425372,85,425725
2024-10-20,Norte,Arica,-18.466711553199403,-70.31068060900306,52,247552
2024-04-20,Centro,Rancagua,-34.15785608826191,-70.76530955468651,46,232211
2024-05-18,Centro,Valparaiso,-33.034689715710435,-71.59010332406838,61,296655
2024-08-28,Sur,PuertoMontt,-41.472458012410875,-72.92942998477922,38,245902
2024-03-31,Norte,Antofagasta,-23.6503877246547,-70.40358056462,85,425725
2024-09-27,Sur,Concepcion,-36.826041986751946,-73.04391573033392,43,223574
2023-02-22,Sur,PuertoMontt,-41.470111518422875,-72.93546773892874,69,245902
2023-07-02,Centro,Rancagua,-34.1657684956598,-70.73162596984426,51,232211
2024-08-04,Sur,Concepcion,-36.813827846403754,-73.05198648624692,35,223574
2024-04-09,Sur,Temuco,-38.7325979192079,-72.59055481211456,61,282415
2023-11-09,Centro,Rancagua,-34.17502551569234,-70.74418250194711,46,232211
2024-03-11,Centro,Santiago,-33.4447602859146,-70.67528464891721,1129,5614000
2023-03-31,Norte,Arica,-18.47722132406983,-70.30267831517875,56,247552
2024-03-10,Centro,Rancagua,-34.15858554383631,-70.73794760261839,43,232211
2024-08-27,Norte,Antofagasta,-23.66974811122762,-70.40463482829708,97,425725
2024-09-30,Centro,Valparaiso,-33.05461546156599,-71.62040617511055,49,296655
2024-01-28,Sur,PuertoMontt,-41.48320448632139,-72.93385311797941,50,245902
2024-07-07,Sur,Concepcion,-36.83567326238178,-73.05373749287637,55,223574
2023-06-29,Norte,Iquique,-20.216816141757487,-70.13693208185258,33,191468
2023-05-10,Norte,Antofagasta,-23.647436200976802,-70.40963085380321,81,425725
2023-03-07,Centro,Santiago,-33.454135297971135,-70.67794839512244,1150,5614000
2023-01-09,Sur,Temuco,-38.73093326976481,-72.57355425232912,64,282415
2024-06-24,Norte,Iquique,-20.236078567886846,-70.1393393513644,37,191468
2024-01-12,Sur,Concepcion,-36.824364775226336,-73.04327849379636,48,223574
2023-04-10,Sur,Temuco,-38.73283476254077,-72.61644676128104,48,282415
2024-10-15,Norte,Iquique,-20.22740062112418,-70.13289421399315,47,191468
2024-12-20,Sur,Concepcion,-36.82527169523373,-73.04952972547426,32,223574
2024-04-06,Sur,Temuco,-38.75210231880285,-72.5968137752814,56,282415
2023-06-12,Norte,Arica,-18.48080665946624,-70.30625172933196,58,247552
2024-08-13,Sur,Temuco,-38.73763807940775,-72.59773010563711,51,282415
2024-10-11,Norte,Arica,-18.477850732134023,-70.3139905197314,44,247552
2023-01-22,Norte,Antofagasta,-23.657674579141542,-70.39488150305549,93,425725
2023-02-25,Centro,Santiago,-33.45760661750102,-70.6842257168054,1107,5614000
2024-03-23,Centro,Rancagua,-34.16993235224941,-70.75149560215489,53,232211
2024-06-15,Norte,Arica,-18.470915598481806,-70.3207708371637,58,247552
2023-12-05,Sur,PuertoMontt,-41.48057454620442,-72.94777657142873,60,245902
2023-06-28,Norte,Iquique,-20.23336690515841,-70.12064753371581,38,191468
2023-11-22,Sur,Concepcion,-36.82833204571907,-73.05320228609102,41,223574
2023-07-07,Norte,Arica,-18.485310899256113,-70.32326563568924,65,247552
2024-08-26,Centro,Valparaiso,-33.017532137416765,-71.60975386313393,64,296655
2024-06-04,Sur,Temuco,-38.74516003172062,-72.59236934515984,59,282415
2023-04-11,Norte,Arica,-18.48862125289578,-70.3041100162017,60,247552
2023-10-24,Centro,Valparaiso,-33.0492963682424,-71.61279354126957,59,296655
2023-07-18,Centro,Valparaiso,-33.045551897560564,-71.60527618290328,63,296655
2023-04-26,Norte,Antofagasta,-23.65090881754536,-70.3852230367092,82,425725
2024-07-10,Centro,Santiago,-33.44363943617294,-70.66213815238106,1171,5614000
2023-12-08,Norte,Antofagasta,-23.634695674527197,-70.40465515446311,71,425725
2024-10-23,Norte,Antofagasta,-23.643008231493194,-70.38950484174158,88,425725
2023-05-15,Norte,Iquique,-20.24538987913173,-70.13967918541931,34,191468
2023-12-19,Norte,Iquique,-20.23275805558218,-70.14535823997147,41,191468
2023-06-03,Norte,Arica,-18.487699373645178,-70.3219974240635,51,247552
2023-02-06,Sur,Temuco,-38.741390547336636,-72.58952878247472,63,282415
2024-12-14,Centro,Valparaiso,-33.06106227808559,-71.61033811479308,55,296655
2023-10-15,Centro,Rancagua,-34.177657090999865,-70.74148182495396,59,232211
2023-02-18,Centro,Valparaiso,-33.04718212847724,-71.6048372286033,52,296655
2023-05-14,Norte,Arica,-18.481989200967394,-70.31008575145256,55,247552
2024-08-28,Sur,PuertoMontt,-41.47977160820806,-72.92571668299954,45,245902
2024-10-21,Centro,Santiago,-33.43173800268751,-70.66001316137041,1147,5614000
2024-12-20,Norte,Antofagasta,-23.64666269992609,-70.41444143983989,83,425725
2024-09-22,Centro,Rancagua,-34.1684175856782,-70.74915764305133,48,232211
2024-11-06,Norte,Antofagasta,-23.652362624570085,-70.39793661968324,85,425725
2023-08-11,Sur,Concepcion,-36.825277779716686,-73.06410977179192,56,223574
2023-04-24,Norte,Antofagasta,-23.652206313838334,-70.40384065000744,86,425725
2024-06-21,Centro,Valparaiso,-33.05588006926765,-71.59289261111508,70,296655
2024-01-29,Centro,Santiago,-33.462029727707545,-70.6754607244172,1189,5614000
2024-08-17,Centro,Santiago,-33.45503872227581,-70.69309341930085,1144,5614000
2024-07-21,Norte,Iquique,-20.236019635673294,-70.13002185826116,36,191468
2024-08-09,Sur,Temuco,-38.74145849562145,-72.59005666350619,61,282415
2023-10-25,Centro,Santiago,-33.45053362725713,-70.65912323848647,1135,5614000
2024-09-07,Centro,Valparaiso,-33.026772118164814,-71.61910065309104,64,296655
2023-07-18,Norte,Arica,-18.47876136976875,-70.32388034890272,42,247552
2023-01-09,Norte,Iquique,-20.23760150491496,-70.13250671526323,30,191468
2024-12-01,Norte,Arica,-18.468754778242428,-70.30234147953111,50,247552
2024-04-25,Norte,Iquique,-20.2254917179834,-70.13124190420149,32,191468
2024-12-24,Sur,Temuco,-38.74827066578133,-72.58122807060018,64,282415
2023-05-17,Sur,Concepcion,-36.81399397030826,-73.05280990306177,49,223574
2023-07-18,Norte,Antofagasta,-23.660293710344316,-70.38147341671521,86,425725
2023-01-28,Centro,Valparaiso,-33.04960846358552,-71.59778963993797,60,296655
2023-10-11,Norte,Arica,-18.47545200230872,-70.31553002692483,53,247552
2024-11-24,Norte,Antofagasta,-23.64603474199319,-70.4152091521746,94,425725
2024-05-29,Centro,Santiago,-33.44944417090147,-70.65469606259572,1085,5614000
2023-09-20,Norte,Arica,-18.44826050175741,-70.31096057607088,52,247552
2023-02-04,Sur,PuertoMontt,-41.46593397326343,-72.92877288143396,54,245902
2024-04-16,Norte,Iquique,-20.223201903065576,-70.14090804123381,43,191468
2023-08-05,Norte,Iquique,-20.237863430109794,-70.14432425666591,31,191468
2024-01-28,Norte,Iquique,-20.229463692812786,-70.13686257200939,43,191468
2024-11-19,Norte,Arica,-18.486200225022202,-70.31136965954731,38,247552
2024-09-14,Sur,Concepcion,-36.83020499245453,-73.04975847775957,40,223574
2023-12-30,Centro,Santiago,-33.447921222752946,-70.68529340482323,1149,5614000
2023-12-18,Norte,Iquique,-20.216581005649957,-70.12184840935875,34,191468
2023-10-15,Norte,Iquique,-20.229724122328616,-70.138783222059,35,191468
2024-11-11,Sur,Temuco,-38.72439565354143,-72.59572444571829,67,282415
2023-11-21,Norte,Arica,-18.469050474194177,-70.34294879810672,34,247552
2023-04-25,Sur,Temuco,-38.737493662717995,-72.5848199905912,63,282415
2024-02-29,Norte,Antofagasta,-23.66269469734134,-70.39898103684126,78,425725
2024-07-11,Centro,Santiago,-33.45285296800529,-70.67418758535496,1096,5614000
2024-11-24,Centro,Santiago,-33.47065043725352,-70.66675695357763,1156,5614000
2024-08-09,Norte,Antofagasta,-23.64817344014532,-70.41978358519779,81,425725
2023-07-28,Centro,Santiago,-33.42754363553315,-70.67986219394015,1158,5614000
2023-05-27,Norte,Iquique,-20.230328434370414,-70.14187391868133,31,191468
2024-01-29,Norte,Antofagasta,-23.63557345279815,-70.39825619218949,68,425725
2024-07-19,Norte,Arica,-18.47191617052894,-70.32300424008054,35,247552
2024-12-05,Sur,Temuco,-38.733898318782785,-72.58034329821484,53,282415
2023-07-20,Centro,Valparaiso,-33.06311900263314,-71.60266841978726,58,296655
2023-12-25,Centro,Rancagua,-34.163081276761254,-70.74334384929288,42,232211
2024-01-17,Sur,PuertoMontt,-41.48711606176852,-72.9267060772883,48,245902
2023-08-21,Centro,Santiago,-33.44101351110675,-70.67032691509239,1132,5614000
2024-05-04,Centro,Valparaiso,-33.04591347107995,-71.6087850097654,53,296655
2023-02-27,Norte,Arica,-18.488104828580845,-70.3193553477488,41,247552
2024-05-23,Centro,Rancagua,-34.182800848446824,-70.74098950613283,35,232211
2024-06-17,Sur,Temuco,-38.71984533612877,-72.58209132728618,56,282415
2024-10-29,Sur,PuertoMontt,-41.45987516780074,-72.9318506901627,44,245902
2023-05-12,Sur,PuertoMontt,-41.47270370180022,-72.95306714215451,42,245902
2023-02-04,Norte,Iquique,-20.22938809193723,-70.12203985945142,34,191468
2024-12-18,Centro,Valparaiso,-33.0533670571035,-71.62467585210902,63,296655
2024-11-28,Centro,Valparaiso,-33.02945109640727,-71.60968780597011,69,296655
2023-04-05,Sur,Temuco,-38.71694711692126,-72.60505740160252,53,282415
2023-09-20,Centro,Santiago,-33.447269857186555,-70.66326452642912,1090,5614000
2024-04-08,Sur,Temuco,-38.732680062411816,-72.56939527769593,48,282415
2024-02-21,Sur,PuertoMontt,-41.462104505982815,-72.93794101560232,55,245902
2024-01-17,Centro,Valparaiso,-33.06838028177322,-71.6071716734567,66,296655
2024-04-09,Centro,Rancagua,-34.16964847875526,-70.75313097379139,57,232211
2023-07-27,Centro,Rancagua,-34.17755364219195,-70.73783104127203,37,232211
2024-12-21,Centro,Valparaiso,-33.031562096662455,-71.61520831442536,54,296655
2023-12-08,Sur,PuertoMontt,-41.45636522284046,-72.93908210121857,53,245902
2023-05-14,Centro,Valparaiso,-33.05393394720707,-71.61685143431478,58,296655
2024-12-16,Norte,Arica,-18.49064008265502,-70.31845936158312,56,247552
2023-12-26,Sur,Concepcion,-36.82181365829992,-73.05517151351995,49,223574
2023-07-28,Sur,Temuco,-38.73912024638049,-72.58187891183627,53,282415
2023-08-18,Centro,Valparaiso,-33.05637434493319,-71.59560200987461,57,296655
2024-03-04,Sur,PuertoMontt,-41.477745930332425,-72.93378479326934,40,245902
2024-12-29,Centro,Santiago,-33.445333169822796,-70.67482636933875,1194,5614000
2023-11-22,Norte,Iquique,-20.222121791483683,-70.13990885693335,39,191468
2023-08-14,Sur,Temuco,-38.72938511679116,-72.59770057500978,58,282415
2023-12-20,Centro,Valparaiso,-33.041356284435224,-71.61094870846956,65,296655
2024-11-29,Centro,Santiago,-33.454357844065356,-70.67974490381313,1137,5614000
2023-03-27,Centro,Valparaiso,-33.05817327919845,-71.60373204780481,52,296655
2024-10-16,Sur,PuertoMontt,-41.46772674942267,-72.93731862673224,45,245902
2023-03-28,Sur,Temuco,-38.71853626071814,-72.58756525500355,60,282415
2023-07-22,Norte,Antofagasta,-23.638098238501726,-70.40363761568491,107,425725
2024-05-23,Sur,PuertoMontt,-41.47789377871333,-72.94343206613237,51,245902
2024-12-14,Sur,Temuco,-38.730354387907205,-72.59786330654264,50,282415
2023-09-06,Centro,Santiago,-33.437786151768236,-70.67313697971589,1070,5614000
2023-02-01,Centro,Rancagua,-34.188222447916125,-70.73990882519138,45,232211
2023-10-28,Norte,Iquique,-20.23253424570729,-70.14937873973386,38,191468
2023-10-29,Norte,Iquique,-20.230581388318225,-70.1477690747094,32,191468
2024-07-10,Sur,Concepcion,-36.827177118970596,-73.03764516184408,56,223574
2024-04-08,Norte,Iquique,-20.226194562172097,-70.14420763360012,42,191468
2023-07-09,Norte,Arica,-18.499736845612567,-70.30862376559521,49,247552
2024-11-18,Centro,Santiago,-33.4523456188005,-70.65985891739348,1075,5614000
2023-04-27,Norte,Iquique,-20.248168139593147,-70.12970900011571,51,191468
2024-10-08,Sur,Concepcion,-36.815499664229655,-73.03243604251809,40,223574
2024-09-06,Norte,Arica,-18.470614520696326,-70.31269532379997,47,247552
2023-08-04,Sur,Concepcion,-36.82540709412009,-73.05118288343455,40,223574
2024-06-10,Norte,Antofagasta,-23.652881025445826,-70.42722809997727,80,425725
2024-07-09,Sur,PuertoMontt,-41.47309465703054,-72.93032529450126,38,245902
2024-02-24,Centro,Valparaiso,-33.04953100848074,-71.61699681386085,71,296655
2024-05-26,Norte,Antofagasta,-23.64655424740265,-70.39849740905395,68,425725
2024-09-21,Norte,Antofagasta,-23.652859157496145,-70.38801420807923,63,425725
2023-03-07,Norte,Antofagasta,-23.635774315564507,-70.4082475315237,83,425725
2023-09-05,Centro,Santiago,-33.43289568230653,-70.67425571115781,1157,5614000
2023-08-25,Sur,Concepcion,-36.838768570185294,-73.04109850298173,51,223574
2024-05-13,Sur,Concepcion,-36.83331527236434,-73.05984037282578,43,223574
2023-07-07,Sur,PuertoMontt,-41.468527201559716,-72.92485684080769,53,245902
2024-01-28,Norte,Iquique,-20.223926305096697,-70.13263428946959,38,191468
2023-04-07,Norte,Iquique,-20.23992942311954,-70.13854977132499,41,191468
2024-08-10,Centro,Valparaiso,-33.05480138639553,-71.60953694369162,58,296655
2024-02-25,Sur,Temuco,-38.72682764895444,-72.59060612774036,54,282415
2023-06-21,Centro,Rancagua,-34.16789029147467,-70.75676036031066,35,232211
2023-11-12,Sur,Temuco,-38.722003878529314,-72.59472961722241,60,282415
2024-11-27,Norte,Iquique,-20.225222012989928,-70.13253367039424,29,191468
2023-05-11,Norte,Antofagasta,-23.632710861768814,-70.42039017486627,87,425725
2024-08-07,Norte,Iquique,-20.25149457656026,-70.13630580366149,36,191468
2024-06-19,Centro,Valparaiso,-33.05034164378735,-71.60374022163441,66,296655
2023-02-13,Sur,PuertoMontt,-41.469456707958,-72.94199131633793,53,245902
2024-05-03,Centro,Valparaiso,-33.03267129631025,-71.62425128362145,66,296655
2023-03-30,Sur,Temuco,-38.73019698915014,-72.61507611385785,59,282415
2024-11-20,Norte,Antofagasta,-23.64719960243208,-70.38946817581731,81,425725
2024-01-20,Norte,Iquique,-20.23875715184391,-70.1201172754702,41,191468
2023-11-14,Sur,PuertoMontt,-41.47461750564132,-72.93370472247963,45,245902
2024-04-28,Norte,Iquique,-20.22044218213048,-70.12638179709066,39,191468
2023-10-04,Norte,Antofagasta,-23.65309664635196,-70.40334001987031,95,425725
2023-06-23,Sur,Concepcion,-36.81911610535068,-73.05231693876652,41,223574
2023-11-09,Sur,Temuco,-38.72946198108408,-72.57262314891383,48,282415
2023-02-11,Norte,Antofagasta,-23.664455504295347,-70.40206544596545,77,425725
2024-09-30,Sur,Concepcion,-36.83221751367827,-73.03035904015537,35,223574
2023-12-24,Sur,PuertoMontt,-41.473261181182345,-72.93350695745748,53,245902
2024-06-21,Centro,Santiago,-33.454703041330134,-70.66058682696371,1169,5614000
2024-09-17,Sur,Temuco,-38.73656338923059,-72.59383363853121,52,282415
2024-10-12,Centro,Rancagua,-34.1650407306817,-70.7361193984936,45,232211
2024-04-26,Norte,Arica,-18.484066631871315,-70.33435733723537,42,247552
2023-05-08,Sur,Temuco,-38.738983180455406,-72.59522704980473,48,282415
2023-06-30,Sur,Temuco,-38.736116913637495,-72.60431401839796,65,282415
2023-07-04,Sur,PuertoMontt,-41.46365086020792,-72.94193234306645,55,245902
2024-04-24,Norte,Antofagasta,-23.6507055038007,-70.4008674462584,91,425725
2023-11-24,Sur,PuertoMontt,-41.49268244370597,-72.94511366254923,45,245902
2024-05-23,Centro,Rancagua,-34.15810530030768,-70.75731761087569,35,232211
2023-05-01,Norte,Arica,-18.465138320442893,-70.31991765077579,56,247552
2024-07-22,Sur,Temuco,-38.71608400391759,-72.56901978727198,61,282415
2024-06-09,Sur,Concepcion,-36.83623367825625,-73.05008124826523,46,223574
2024-07-26,Centro,Santiago,-33.454600604583966,-70.6646330505258,1100,5614000
2024-06-02,Centro,Rancagua,-34.18195645773119,-70.73567667044833,46,232211
2024-01-11,Centro,Rancagua,-34.1515376378414,-70.76799823330603,46,232211
2024-01-31,Norte,Antofagasta,-23.6465806283961,-70.41083395667341,94,425725
2024-01-10,Sur,PuertoMontt,-41.47238240277303,-72.93187067717727,46,245902
2023-08-18,Centro,Rancagua,-34.178337996911885,-70.74793243856496,40,232211
2024-01-01,Centro,Santiago,-33.45076618693452,-70.65657413002232,1097,5614000
2024-10-08,Centro,Rancagua,-34.15955554841822,-70.73088918065238,45,232211
2023-07-27,Centro,Valparaiso,-33.04444491957442,-71.62245014039581,59,296655
2024-12-02,Norte,Antofagasta,-23.632618760925787,-70.39288479195821,102,425725
2024-08-19,Sur,PuertoMontt,-41.474900664083314,-72.94516644261745,55,245902
2024-11-23,Sur,PuertoMontt,-41.47503573107816,-72.91865069757475,56,245902
2024-06-30,Centro,Santiago,-33.45733760504497,-70.6760532551363,1091,5614000
2024-01-15,Centro,Valparaiso,-33.04719638753761,-71.61267617584554,55,296655
2024-02-14,Norte,Arica,-18.491987172079615,-70.30831152780556,44,247552
2023-12-08,Sur,Concepcion,-36.81889730015306,-73.06625318368279,44,223574
2023-09-20,Sur,PuertoMontt,-41.45841550980509,-72.9461783708314,49,245902
2024-04-27,Norte,Iquique,-20.23275818215815,-70.13685572070473,40,191468
2023-12-23,Sur,Concepcion,-36.83612032967721,-73.06485081159822,34,223574
2023-08-15,Norte,Antofagasta,-23.63895833125858,-70.39795267173275,69,425725
2023-04-25,Norte,Antofagasta,-23.650726028738397,-70.38340086557409,91,425725
2024-12-03,Centro,Rancagua,-34.18529825168651,-70.74310425152673,45,232211
2024-09-17,Norte,Arica,-18.48037482977574,-70.31952385856508,46,247552
2023-12-18,Centro,Rancagua,-34.16691554963418,-70.74894466429508,36,232211
2024-04-18,Centro,Valparaiso,-33.03653154375404,-71.62605251648516,46,296655
2023-03-16,Sur,PuertoMontt,-41.476455305981595,-72.94640836145399,46,245902
2024-11-27,Norte,Antofagasta,-23.658094939899392,-70.40960124573881,86,425725
2024-04-07,Norte,Arica,-18.481081429548947,-70.30776208784421,46,247552
2023-07-01,Sur,PuertoMontt,-41.46523696136337,-72.94098600904599,47,245902
2024-10-06,Centro,Santiago,-33.447821348831404,-70.67169478162678,1149,5614000
2023-11-02,Norte,Arica,-18.487906123493826,-70.31363847989776,43,247552
2023-07-13,Sur,Concepcion,-36.82840309581878,-73.04146281904721,47,223574
2024-11-02,Norte,Arica,-18.487643523455354,-70.31963189142714,43,247552
2023-05-01,Centro,Rancagua,-34.184136553695666,-70.73619672063907,57,232211
2024-04-06,Sur,Temuco,-38.746657444871126,-72.58438112372842,60,282415
2024-03-07,Sur,Temuco,-38.73755746481669,-72.60237918985966,49,282415
2023-08-15,Sur,Concepcion,-36.83192149945783,-73.05104458104374,38,223574
2024-02-04,Norte,Iquique,-20.227077410228116,-70.12327495398794,32,191468
2024-09-05,Sur,Temuco,-38.73357019587025,-72.58181890579945,57,282415
2024-12-10,Sur,Temuco,-38.73758305681987,-72.59940761959366,39,282415
2024-11-01,Norte,Iquique,-20.20943660148594,-70.13488217533514,41,191468
2024-06-11,Sur,Concepcion,-36.82757958980669,-73.05963879738506,34,223574
2024-10-15,Centro,Rancagua,-34.18682347029615,-70.73821324862077,55,232211
2023-08-26,Centro,Santiago,-33.43749257444255,-70.66730606156317,1102,5614000
2024-09-29,Sur,Concepcion,-36.834465042085945,-73.03970858194705,39,223574
2023-05-24,Norte,Arica,-18.473229968692902,-70.30266940065074,54,247552
2024-07-11,Sur,PuertoMontt,-41.460301326227516,-72.92146818962345,62,245902
2024-03-29,Norte,Iquique,-20.214859342234433,-70.13375999754365,45,191468
2024-01-19,Sur,PuertoMontt,-41.47913171059582,-72.91979981097978,46,245902
2024-03-01,Norte,Antofagasta,-23.66417800527409,-70.3790751664391,83,425725
2023-05-03,Norte,Iquique,-20.22125760287149,-70.14896665298075,40,191468
2023-05-28,Centro,Rancagua,-34.16600521622004,-70.74740225445655,48,232211
2023-11-23,Norte,Antofagasta,-23.660619259740386,-70.40486382046423,88,425725
2023-01-29,Norte,Antofagasta,-23.6617604747527,-70.41481960216116,78,425725
2023-03-18,Centro,Rancagua,-34.17075362932585,-70.75202953198136,41,232211
2023-03-19,Centro,Rancagua,-34.16844551098366,-70.75044247372125,37,232211
2023-02-25,Sur,Temuco,-38.72430393163769,-72.56178372566708,51,282415
2024-02-17,Sur,PuertoMontt,-41.47362058003803,-72.93353522968799,47,245902
2023-07-10,Norte,Iquique,-20.234906123067905,-70.15815118693936,41,191468
2023-12-23,Norte,Arica,-18.48761961630763,-70.32946840381733,57,247552
2023-02-12,Sur,PuertoMontt,-41.489830205851796,-72.93638518197452,50,245902
2023-06-19,Sur,Concepcion,-36.831897939206385,-73.05222642341631,47,223574
2024-02-18,Norte,Antofagasta,-23.657521856222363,-70.40429480707797,96,425725
2024-10-20,Sur,PuertoMontt,-41.47583908718444,-72.92934601300485,48,245902
2023-04-06,Sur,PuertoMontt,-41.46665372530192,-72.91110444113369,48,245902
2024-12-25,Centro,Santiago,-33.4431761832871,-70.65434924773388,1093,5614000
2024-04-19,Sur,PuertoMontt,-41.46095374769382,-72.9420469216514,48,245902
2024-02-22,Centro,Valparaiso,-33.051806342580456,-71.6269997521942,55,296655
2023-05-07,Centro,Rancagua,-34.16633266859527,-70.74810136446035,40,232211
2023-05-04,Norte,Arica,-18.473279603207384,-70.31857225045391,57,247552
2024-02-05,Sur,Concepcion,-36.815387524500785,-73.05002043481434,41,223574
2024-07-31,Norte,Antofagasta,-23.64926201926583,-70.37532578016426,99,425725
2024-02-24,Sur,Concepcion,-36.81456078685437,-73.04166871993091,42,223574
2024-06-30,Centro,Valparaiso,-33.05734550794344,-71.59757839233235,71,296655
2024-05-26,Sur,Temuco,-38.733995976766614,-72.58173723439839,48,282415
2023-11-01,Centro,Rancagua,-34.1688903770296,-70.75048759860577,43,232211
2024-11-10,Sur,Temuco,-38.7252988909489,-72.58865269676103,69,282415
2024-05-30,Centro,Valparaiso,-33.045672135577774,-71.62302073524516,60,296655
2023-03-26,Norte,Antofagasta,-23.650613623659687,-70.4026117997246,109,425725
2024-10-18,Centro,Santiago,-33.453715088048604,-70.6682793882888,1156,5614000
2023-04-25,Norte,Iquique,-20.22569731678361,-70.14521149021837,46,191468
2023-12-29,Norte,Arica,-18.491976168040047,-70.33095928975582,54,247552
2023-06-27,Centro,Santiago,-33.475730384086425,-70.6719091916911,1141,5614000
2023-07-16,Sur,Concepcion,-36.8307044542055,-73.04521005178599,49,223574
2024-02-23,Sur,Temuco,-38.73076613683423,-72.58737744023537,60,282415
2023-11-19,Sur,Temuco,-38.732812268587026,-72.58508573486202,50,282415
2024-04-14,Norte,Arica,-18.47518613070267,-70.33269910935032,54,247552
2023-03-07,Norte,Arica,-18.471450813151694,-70.3334200555083,54,247552
2024-11-17,Sur,PuertoMontt,-41.459397203996126,-72.94252956768753,52,245902
2023-02-12,Centro,Valparaiso,-33.056858281346884,-71.62286901140685,43,296655
2023-01-20,Centro,Santiago,-33.455208842191816,-70.67999443964167,1180,5614000
2023-12-10,Centro,Rancagua,-34.1634795167336,-70.75816757283081,53,232211
2024-04-06,Centro,Santiago,-33.44799362332766,-70.67905169868337,1174,5614000
2023-11-08,Norte,Arica,-18.47309081978286,-70.30636213615507,50,247552
2024-05-28,Centro,Santiago,-33.45477323947744,-70.69086083756949,1105,5614000
2023-06-27,Centro,Valparaiso,-33.04414125555248,-71.62034975565554,61,296655
2023-09-04,Centro,Santiago,-33.44456526853609,-70.6870398560216,1090,5614000
2023-03-30,Centro,Rancagua,-34.170690911773306,-70.72908565263941,34,232211
2024-04-05,Sur,PuertoMontt,-41.48117223893649,-72.92705714676359,50,245902
2024-12-23,Centro,Valparaiso,-33.05071088997387,-71.62180807130522,59,296655
2024-03-06,Sur,Temuco,-38.7516804117633,-72.58602744334642,60,282415
2023-11-20,Norte,Arica,-18.47494506870929,-70.30910250440796,51,247552
2024-01-07,Sur,PuertoMontt,-41.467377011067484,-72.94558658257776,60,245902
2023-08-28,Centro,Rancagua,-34.16998858421093,-70.74678475873137,50,232211
2024-04-24,Norte,Antofagasta,-23.650969631500264,-70.39618247920552,84,425725
2023-09-09,Centro,Rancagua,-34.174608796302316,-70.73035418488246,48,232211
2024-09-14,Sur,PuertoMontt,-41.46305858928563,-72.93553230081305,40,245902
2024-09-11,Norte,Antofagasta,-23.64484962708088,-70.41227241841433,84,425725
2024-02-20,Norte,Iquique,-20.23303577115571,-70.13569340827472,36,191468
2024-02-25,Centro,Santiago,-33.45057622579504,-70.65662719790309,1099,5614000
2023-05-06,Centro,Valparaiso,-33.05782937842834,-71.60630468033649,61,296655
2024-02-04,Norte,Arica,-18.471506066951086,-70.315139112665,45,247552
2023-12-10,Norte,Antofagasta,-23.644372383182198,-70.39666540556932,102,425725
2024-02-21,Sur,Temuco,-38.720618650941084,-72.60216552945528,49,282415
2024-02-24,Centro,Santiago,-33.438457371370205,-70.66967790270694,1167,5614000
2023-06-28,Centro,Valparaiso,-33.043537127607884,-71.61051207569898,58,296655
2024-10-20,Norte,Antofagasta,-23.64749734970468,-70.37437992661422,84,425725
2023-01-29,Centro,Valparaiso,-33.03755964288163,-71.6102071462904,60,296655
2023-05-23,Norte,Antofagasta,-23.648080314008123,-70.39051985351635,82,425725
2024-03-19,Sur,Concepcion,-36.83091457278819,-73.05159987661395,38,223574
2023-01-09,Centro,Rancagua,-34.162303248560804,-70.74888918896194,48,232211
2023-05-26,Sur,PuertoMontt,-41.4680060957713,-72.92893703568025,56,245902
2023-02-23,Sur,PuertoMontt,-41.49505089448093,-72.9487883881012,46,245902
2024-09-09,Sur,PuertoMontt,-41.461205603144016,-72.95079778550539,39,245902
2023-03-07,Sur,Concepcion,-36.826088073310494,-73.05542306417641,35,223574
2024-10-23,Sur,Concepcion,-36.821361246862516,-73.04130612361718,58,223574
2024-05-14,Centro,Valparaiso,-33.04144990580461,-71.6108516568147,57,296655
2023-05-12,Norte,Arica,-18.488038376683395,-70.32484915884925,50,247552
2023-12-31,Norte,Arica,-18.473342830420766,-70.3097495683348,44,247552
2023-04-27,Sur,Temuco,-38.74431483472946,-72.60099486858769,53,282415
2024-07-13,Centro,Rancagua,-34.1790467161914,-70.73288707944208,57,232211
2023-09-10,Sur,Temuco,-38.73292782651786,-72.58651424999131,56,282415
2024-09-05,Norte,Antofagasta,-23.650146718881622,-70.41251203099212,90,425725
2024-02-15,Norte,Arica,-18.485907624465106,-70.33038786343089,47,247552
2024-05-06,Sur,Temuco,-38.730250926373785,-72.60495470672556,55,282415
2024-05-10,Sur,PuertoMontt,-41.494423127310505,-72.93409934334134,49,245902
2023-05-01,Norte,Iquique,-20.230434092512652,-70.14408739947986,43,191468
2023-06-28,Norte,Arica,-18.4639568648203,-70.3011402502913,50,247552
2023-05-09,Sur,Concepcion,-36.79622431306679,-73.05762012473103,51,223574
2024-03-02,Centro,Santiago,-33.45736198320246,-70.68225981258398,1108,5614000
2024-12-17,Centro,Valparaiso,-33.03311380018862,-71.60751594890537,57,296655
2024-11-01,Norte,Antofagasta,-23.652942793424412,-70.40717537664969,96,425725
2024-02-13,Sur,Temuco,-38.71547079100901,-72.59310757655273,54,282415
2023-01-12,Sur,Concepcion,-36.83540902840227,-73.03500842320112,37,223574
2024-05-01,Norte,Iquique,-20.21627277703288,-70.12651966579921,32,191468
2024-05-12,Norte,Iquique,-20.22196125036932,-70.14322606475754,34,191468
2023-06-18,Centro,Valparaiso,-33.04880888917768,-71.6058302596896,72,296655
2023-01-19,Norte,Arica,-18.467290111710533,-70.31822371797016,48,247552
2024-02-18,Sur,Concepcion,-36.82190544087903,-73.0504400565158,47,223574
2024-09-04,Centro,Rancagua,-34.16642124435237,-70.74806820616175,53,232211
2024-03-05,Sur,Temuco,-38.7336243251067,-72.56816062238418,52,282415
2024-10-18,Sur,Temuco,-38.74771947151876,-72.58851597682364,48,282415
2023-11-01,Sur,PuertoMontt,-41.46923904881372,-72.94222953470106,57,245902
2023-05-21,Norte,Antofagasta,-23.64958613369251,-70.39563275709493,75,425725
2023-04-24,Centro,Rancagua,-34.1629049274988,-70.74377470900943,38,232211
2024-10-14,Centro,Rancagua,-34.18273162999571,-70.75275112747543,43,232211
2024-01-21,Centro,Rancagua,-34.167293631400554,-70.73489838521127,54,232211
2023-12-09,Sur,Temuco,-38.72646501533654,-72.60314893808423,45,282415
2023-09-25,Centro,Rancagua,-34.200047132010695,-70.72818457141605,57,232211
2023-07-27,Centro,Santiago,-33.44406133194618,-70.67872876367214,1126,5614000
2023-06-15,Sur,Temuco,-38.72979611648182,-72.59044697761384,58,282415
2023-12-05,Norte,Arica,-18.487083078793837,-70.30834868114806,45,247552
2024-12-05,Centro,Rancagua,-34.17438727528429,-70.74608580831809,40,232211
2024-03-31,Sur,Temuco,-38.72741779246849,-72.598909134836,54,282415
2024-07-23,Centro,Valparaiso,-33.054743959429345,-71.59575857142694,61,296655
2023-03-25,Sur,Temuco,-38.75104001516055,-72.59079395549347,62,282415
2024-06-29,Centro,Santiago,-33.453776861307865,-70.65943865497374,1134,5614000
2024-04-16,Norte,Arica,-18.473027167209363,-70.29593321435787,42,247552
2023-11-10,Sur,PuertoMontt,-41.47155732538153,-72.93052701572995,50,245902
2023-10-15,Norte,Antofagasta,-23.663536196034737,-70.39950553580216,102,425725
2024-06-28,Sur,PuertoMontt,-41.48345004996476,-72.93157940864967,50,245902
2024-01-11,Centro,Santiago,-33.46956214207194,-70.6728100069113,1122,5614000
2023-11-18,Centro,Rancagua,-34.166417776861735,-70.73750030812724,58,232211
2023-07-28,Centro,Santiago,-33.45691909950827,-70.65894005339649,1149,5614000
2024-05-15,Centro,Santiago,-33.44018673074619,-70.65470007020747,1086,5614000
2023-03-21,Sur,Temuco,-38.71084326835648,-72.58848005217028,71,282415
2024-01-21,Centro,Santiago,-33.46976945847789,-70.64953011387072,1122,5614000
2023-11-24,Sur,Concepcion,-36.82484402772425,-73.05284474814658,53,223574
2023-03-12,Norte,Antofagasta,-23.64858016900599,-70.40087821025826,101,425725
2023-06-21,Sur,PuertoMontt,-41.46268167283785,-72.94944758252443,53,245902
2023-06-07,Sur,Temuco,-38.73557474378238,-72.58820386198163,64,282415
2024-09-17,Centro,Santiago,-33.443642420813994,-70.66312193056416,1151,5614000
2024-05-24,Norte,Antofagasta,-23.651944488558048,-70.3745815413801,96,425725
2023-08-19,Sur,Concepcion,-36.82131035977292,-73.05457622566679,43,223574
2024-12-23,Norte,Arica,-18.485482534526344,-70.31277850070455,41,247552
2024-01-28,Centro,Rancagua,-34.16965147122381,-70.73692608112249,47,232211
2024-06-14,Sur,Temuco,-38.743551983166384,-72.58472354732397,62,282415
2023-08-20,Centro,Santiago,-33.46225200148563,-70.66976178316983,1117,5614000
2024-12-28,Sur,Temuco,-38.73298454901764,-72.5748630071049,51,282415
2023-12-28,Sur,Temuco,-38.74423144554748,-72.58975928477545,63,282415
2024-07-11,Centro,Valparaiso,-33.048063759859225,-71.61738187025281,60,296655
2023-07-17,Centro,Santiago,-33.45782633690227,-70.66642640874888,1096,5614000
2024-08-26,Norte,Antofagasta,-23.665606855012964,-70.41323983168337,73,425725
2024-07-21,Centro,Valparaiso,-33.030449269385834,-71.62598991935035,70,296655
2023-12-23,Norte,Antofagasta,-23.654474811368818,-70.40380192731547,92,425725
2024-12-23,Centro,Rancagua,-34.18865844930168,-70.75271827368674,43,232211
2024-05-18,Norte,Iquique,-20.21930392500773,-70.14259655309912,37,191468
2023-03-07,Sur,Temuco,-38.71577750069858,-72.58811917916762,62,282415
2023-05-28,Sur,PuertoMontt,-41.48233963528892,-72.94549611774578,55,245902
2024-02-11,Norte,Arica,-18.470300493196284,-70.30878840655124,57,247552
2024-07-03,Norte,Antofagasta,-23.648362100752117,-70.40736428207937,88,425725
2024-11-14,Norte,Arica,-18.465641122620912,-70.33516970183705,41,247552
2023-03-01,Norte,Iquique,-20.24025992006525,-70.14335987626524,31,191468
2023-11-26,Sur,PuertoMontt,-41.47976004078793,-72.92303347040269,60,245902
2024-10-07,Sur,Concepcion,-36.833378844701805,-73.06043304779816,44,223574
2024-09-23,Centro,Santiago,-33.438768079463756,-70.66523488691125,1119,5614000
2023-05-31,Centro,Rancagua,-34.17297766916401,-70.73771837927997,46,232211
2023-08-14,Norte,Arica,-18.49102669916967,-70.3096825744554,52,247552
2023-08-23,Norte,Arica,-18.48112190558127,-70.32507632948602,51,247552
2023-10-09,Sur,PuertoMontt,-41.45365567664649,-72.92425177842898,42,245902
2023-10-22,Centro,Santiago,-33.45398400911478,-70.66818645657379,1171,5614000
2024-04-13,Norte,Iquique,-20.21844824315978,-70.14486219904038,35,191468
2024-12-07,Centro,Rancagua,-34.19086903785277,-70.74442082035883,54,232211
2024-07-24,Centro,Valparaiso,-33.053724243936536,-71.6105299183328,61,296655
2023-05-26,Sur,PuertoMontt,-41.49450508041998,-72.94166514198702,57,245902
2024-10-25,Sur,PuertoMontt,-41.46307675536253,-72.947385774161,48,245902
2024-12-04,Sur,Temuco,-38.731555942277346,-72.58856341474268,52,282415
2024-01-13,Norte,Antofagasta,-23.658534760544,-70.40293463204954,82,425725
2024-04-18,Norte,Iquique,-20.232307385316805,-70.13437905169702,37,191468
2024-08-04,Sur,Concepcion,-36.83070003070533,-73.02950172137352,51,223574
2023-10-15,Norte,Iquique,-20.23522020563914,-70.14165331117728,44,191468
2023-07-08,Norte,Iquique,-20.232697852614496,-70.14945327446763,44,191468
2024-11-21,Centro,Rancagua,-34.162871008107444,-70.74406656971048,48,232211
2024-07-17,Centro,Santiago,-33.434395103473584,-70.68123263035937,1142,5614000
2023-12-19,Norte,Arica,-18.470186427126844,-70.31525042775831,54,247552
2024-05-04,Centro,Santiago,-33.441532783831015,-70.66532362023122,1126,5614000
2024-03-30,Norte,Arica,-18.457490248062754,-70.30696440765428,53,247552
2024-04-27,Norte,Antofagasta,-23.66218932787771,-70.40451311217798,83,425725
2024-08-16,Centro,Valparaiso,-33.03708640123651,-71.6222307835008,76,296655
2023-01-31,Sur,Concepcion,-36.83038931245454,-73.06087577652978,65,223574
2024-04-17,Sur,PuertoMontt,-41.479714064912905,-72.94520385322315,51,245902
2023-02-09,Sur,PuertoMontt,-41.483963638605495,-72.93793052227788,67,245902
2023-06-02,Centro,Santiago,-33.44299039460934,-70.6644685679688,1111,5614000
2023-10-22,Sur,Temuco,-38.73636406906292,-72.59235308344124,45,282415
2023-10-26,Centro,Santiago,-33.4658727702058,-70.66319090081419,1071,5614000
2024-04-22,Centro,Valparaiso,-33.04441158757276,-71.60757132183753,65,296655
2024-03-25,Norte,Iquique,-20.210103711252167,-70.11686535250995,38,191468
2023-11-01,Centro,Santiago,-33.44924974222222,-70.67960951824791,1122,5614000
2023-04-03,Norte,Arica,-18.47775577095454,-70.29653291081117,57,247552
2023-08-08,Centro,Valparaiso,-33.056558260322596,-71.60737456133945,76,296655
2023-02-28,Centro,Santiago,-33.456694264424875,-70.66937889771918,1098,5614000
2024-06-08,Centro,Valparaiso,-33.051434420345736,-71.5994902541062,61,296655
2023-07-20,Norte,Iquique,-20.23440212755022,-70.17159672613658,44,191468
2023-11-18,Norte,Antofagasta,-23.67029465207815,-70.3976640973976,72,425725
2024-12-16,Centro,Santiago,-33.46322221710954,-70.66632736224808,1133,5614000
2024-12-07,Norte,Arica,-18.46207279933473,-70.31416145627345,44,247552
2024-01-23,Centro,Rancagua,-34.16168020600576,-70.73989585539087,50,232211
2024-05-18,Norte,Iquique,-20.225371558601037,-70.13923199903996,30,191468
2024-07-09,Norte,Antofagasta,-23.64750626175321,-70.40066151726782,92,425725
2024-05-12,Centro,Valparaiso,-33.05675239634261,-71.61400034511726,58,296655
2024-02-19,Sur,Concepcion,-36.826682428124045,-73.06468859766794,36,223574
2023-06-24,Norte,Antofagasta,-23.651805205916713,-70.39603862858121,81,425725
2023-05-15,Centro,Valparaiso,-33.05114867837006,-71.59104826797648,59,296655
2024-11-02,Sur,Concepcion,-36.83333262960472,-73.03801860996006,41,223574
2023-04-04,Sur,Concepcion,-36.83412816532422,-73.04510608517447,35,223574
2024-07-31,Norte,Iquique,-20.236009845966507,-70.12979000750228,29,191468
2024-08-16,Centro,Valparaiso,-33.041926233345144,-71.59481631468061,63,296655
2023-08-26,Centro,Rancagua,-34.17730577494779,-70.73648402719137,38,232211
2024-06-18,Centro,Santiago,-33.44361794280948,-70.66666798284301,1145,5614000
2023-01-28,Sur,Temuco,-38.73711764387852,-72.58559030674142,58,282415
2023-10-14,Centro,Santiago,-33.43796795068979,-70.67791232156722,1123,5614000
2024-09-17,Sur,PuertoMontt,-41.470501103076124,-72.94986268863535,39,245902
2023-10-07,Norte,Iquique,-20.2300457694599,-70.13384786539982,37,191468
2024-12-25,Centro,Valparaiso,-33.03992694581149,-71.631902198345,48,296655
2023-09-04,Sur,PuertoMontt,-41.482528389893716,-72.93453064677358,57,245902
2023-10-17,Sur,Concepcion,-36.83058421835631,-73.04202231503295,40,223574
2023-10-02,Sur,PuertoMontt,-41.4836972561225,-72.94199047709206,48,245902
2023-03-13,Norte,Iquique,-20.243453688229877,-70.13866726536513,36,191468
2024-12-12,Centro,Santiago,-33.444773040559795,-70.66438208855928,1218,5614000
2024-06-27,Norte,Iquique,-20.215491902043556,-70.13247386891533,29,191468
2024-03-07,Sur,Concepcion,-36.818780972412476,-73.05829706563941,46,223574
2023-03-13,Norte,Iquique,-20.22525303836841,-70.1214022025868,34,191468
2024-07-28,Centro,Valparaiso,-33.05192890573574,-71.59677295249193,73,296655
2023-12-06,Norte,Iquique,-20.24557965876819,-70.13905918182478,41,191468
2023-10-19,Centro,Valparaiso,-33.04225869909019,-71.6076039221436,56,296655
2024-04-13,Norte,Arica,-18.47455775054539,-70.30660798824269,50,247552
2023-07-11,Norte,Antofagasta,-23.638794158905746,-70.4055669309897,85,425725
2024-06-21,Centro,Santiago,-33.44587258695684,-70.67443910442229,1108,5614000
2024-08-05,Centro,Valparaiso,-33.03056533720199,-71.59382687656134,61,296655
2024-12-12,Centro,Rancagua,-34.15861589307847,-70.7528390949769,44,232211
2024-11-13,Sur,Concepcion,-36.82969632495067,-73.03684033119576,51,223574
2024-04-25,Norte,Iquique,-20.227495671233896,-70.14682609510511,40,191468
2024-09-13,Sur,Temuco,-38.74040040553519,-72.60297502121423,48,282415
2023-10-23,Centro,Santiago,-33.44470229822462,-70.67894608019905,1166,5614000
2023-12-22,Norte,Iquique,-20.2252270649712,-70.11338146387642,36,191468
2024-10-24,Centro,Rancagua,-34.16344132647383,-70.7543024233409,44,232211
2024-04-14,Sur,Concepcion,-36.81856366892918,-73.06307610282202,52,223574
2023-09-09,Sur,Concepcion,-36.82503065813772,-73.05086458796754,42,223574
2024-03-30,Norte,Antofagasta,-23.65060544984223,-70.40818077702222,95,425725
2024-03-09,Centro,Santiago,-33.43495673914667,-70.67139554733247,1090,5614000
2024-08-19,Norte,Iquique,-20.23993649007111,-70.1411418814306,34,191468
2023-03-19,Centro,Santiago,-33.45027229340563,-70.68531643693876,1141,5614000
2023-11-09,Norte,Iquique,-20.238889606286,-70.12936360318275,29,191468
2024-07-29,Centro,Santiago,-33.44173573331451,-70.65937025952357,1111,5614000
2024-03-19,Norte,Iquique,-20.250294816789935,-70.135548054215,32,191468
2023-08-17,Centro,Santiago,-33.45079947956073,-70.65764046566342,1099,5614000
2023-02-19,Norte,Iquique,-20.24490606801083,-70.11537559820358,45,191468
2023-09-02,Sur,Temuco,-38.736458768656185,-72.58186112563209,62,282415
2023-09-14,Norte,Antofagasta,-23.645128697926335,-70.39219236289759,82,425725
2024-09-11,Sur,PuertoMontt,-41.477405818536766,-72.93706773696891,49,245902
2024-01-27,Sur,Temuco,-38.74375034412616,-72.59666638273042,62,282415
2023-02-02,Norte,Arica,-18.479406368921566,-70.30232314817769,57,247552
2023-05-25,Norte,Antofagasta,-23.667357567166388,-70.38689233035642,90,425725
2023-02-18,Centro,Valparaiso,-33.041639247589345,-71.61475289358948,57,296655
2023-10-03,Centro,Valparaiso,-33.06502893628292,-71.59942784320492,51,296655
2023-11-09,Norte,Arica,-18.494919435997986,-70.30079544131294,48,247552
2024-02-22,Centro,Valparaiso,-33.04657160393741,-71.62125076989639,79,296655
2024-11-24,Sur,PuertoMontt,-41.48057932860716,-72.92613643639417,48,245902
2023-12-19,Centro,Valparaiso,-33.03455340896155,-71.61190618370955,47,296655
2024-09-29,Sur,PuertoMontt,-41.48856945083474,-72.94394462667995,49,245902
2024-10-11,Norte,Antofagasta,-23.654748522120645,-70.40299258559753,85,425725
2023-09-28,Sur,Temuco,-38.727283484302895,-72.58727602673684,55,282415
2024-07-30,Centro,Santiago,-33.449769240699645,-70.6627336893409,1116,5614000
2023-03-17,Centro,Valparaiso,-33.048182995994836,-71.6351699438699,72,296655
2023-08-28,Norte,Arica,-18.477905552198223,-70.32037968398654,44,247552
2023-06-12,Norte,Arica,-18.468452442935657,-70.31529934068853,38,247552
2023-08-25,Centro,Valparaiso,-33.045559864708736,-71.59100153830137,71,296655
2024-06-02,Norte,Arica,-18.4739670269194,-70.34015548309158,49,247552
2023-01-17,Norte,Antofagasta,-23.652625099155244,-70.4030474157421,69,425725
2023-02-28,Sur,Concepcion,-36.828397481239996,-73.03397202671844,42,223574
2024-07-25,Centro,Rancagua,-34.16542953261454,-70.7513426497536,53,232211
2023-12-20,Sur,PuertoMontt,-41.47442893459927,-72.93164280640276,45,245902
2023-01-23,Norte,Iquique,-20.20539695323522,-70.14156202706266,49,191468
2024-05-09,Centro,Rancagua,-34.17120377977612,-70.7480500492381,48,232211
2024-06-04,Centro,Santiago,-33.44041991136537,-70.68127358774306,1147,5614000
2024-08-04,Centro,Santiago,-33.43793363581745,-70.67662355797647,1150,5614000
2023-03-03,Sur,Temuco,-38.72070006602516,-72.59314009949416,53,282415
2024-08-27,Centro,Rancagua,-34.163861292802665,-70.75721680258594,43,232211
2024-10-10,Sur,PuertoMontt,-41.46624901862188,-72.9301566452883,50,245902
2024-07-18,Sur,PuertoMontt,-41.46735142136121,-72.94819441268113,57,245902
2023-10-08,Norte,Iquique,-20.231062498307548,-70.12583470602375,40,191468
2023-01-03,Norte,Antofagasta,-23.640608830011832,-70.4071721664589,96,425725
2024-06-10,Norte,Arica,-18.48294149418326,-70.30564933783742,66,247552
2024-12-31,Centro,Valparaiso,-33.04550379190222,-71.63012271034803,63,296655
2024-06-15,Sur,PuertoMontt,-41.489336924625256,-72.92193523593073,47,245902
2024-05-19,Norte,Arica,-18.488889690554974,-70.29930637099852,39,247552
2023-06-05,Norte,Iquique,-20.234964887696655,-70.11361615268663,34,191468
2024-02-29,Norte,Arica,-18.47292641390057,-70.30667392424765,44,247552
2023-02-21,Norte,Antofagasta,-23.649714850944108,-70.39916136256383,102,425725
2023-06-09,Sur,PuertoMontt,-41.47049835571113,-72.945625563677,47,245902
2024-02-12,Norte,Iquique,-20.23159718640743,-70.12738159869598,43,191468
2023-01-10,Sur,PuertoMontt,-41.47335418647324,-72.93220584595356,56,245902
2023-10-03,Centro,Rancagua,-34.15656409129596,-70.73211283576516,51,232211
2024-01-28,Sur,Temuco,-38.729523947064045,-72.61262070635091,56,282415
2023-10-15,Norte,Antofagasta,-23.64075016191635,-70.39345152437011,80,425725
2023-04-20,Centro,Valparaiso,-33.06992110788353,-71.61013520272287,66,296655
2024-12-01,Centro,Valparaiso,-33.06346833036485,-71.62404395397097,61,296655
2023-09-08,Norte,Arica,-18.4701297651641,-70.32745155813183,50,247552
2023-10-13,Norte,Antofagasta,-23.651768582513245,-70.40486068327633,88,425725
2024-11-22,Centro,Valparaiso,-33.0509700927389,-71.60541167913614,59,296655
2023-08-15,Norte,Arica,-18.4787272544671,-70.30466947573754,58,247552
2023-04-28,Norte,Iquique,-20.24358722345579,-70.1372761634655,42,191468
2023-01-31,Sur,Concepcion,-36.83000210526379,-73.04196145378953,51,223574
2023-09-06,Centro,Santiago,-33.454491207579636,-70.6721692807217,1127,5614000
2024-01-01,Norte,Antofagasta,-23.65384650525082,-70.40460502738787,92,425725
2023-07-26,Norte,Arica,-18.486452210357847,-70.31808076147433,56,247552
2024-07-24,Sur,PuertoMontt,-41.466556350357635,-72.949219309546,47,245902
2024-11-29,Norte,Arica,-18.494993196775802,-70.31946989883241,54,247552
2024-07-01,Centro,Rancagua,-34.17320887707719,-70.7363056331769,47,232211
2024-11-28,Centro,Rancagua,-34.16556283614662,-70.74314954761049,47,232211
2023-03-31,Centro,Santiago,-33.4384687789845,-70.67585143294046,1084,5614000
2024-06-23,Centro,Valparaiso,-33.01967864969884,-71.61271373756695,66,296655
2023-06-05,Sur,Temuco,-38.729599145553955,-72.60842834283962,53,282415
2024-05-21,Centro,Valparaiso,-33.04178107702406,-71.60191633979824,66,296655
2024-07-15,Norte,Arica,-18.483386429539717,-70.32257272884742,43,247552
2024-02-16,Norte,Antofagasta,-23.64405515221412,-70.3950998794584,79,425725
2024-05-03,Sur,Concepcion,-36.829153131395366,-73.0296432400471,51,223574
2023-04-18,Centro,Rancagua,-34.16225007802792,-70.74331472909832,41,232211
2023-04-25,Norte,Antofagasta,-23.651985467809176,-70.40632451763835,110,425725
2024-04-21,Centro,Santiago,-33.43422832131631,-70.69076755154957,1125,5614000
2023-11-09,Centro,Santiago,-33.4683151192373,-70.68558271478126,1105,5614000
2023-07-05,Norte,Iquique,-20.219088196821126,-70.1354573759916,43,191468
2024-09-22,Sur,PuertoMontt,-41.47754382524967,-72.94628094674606,50,245902
2024-12-22,Norte,Iquique,-20.21037669108807,-70.1286870647438,30,191468
2024-07-03,Sur,Temuco,-38.7379299869825,-72.61105335293135,66,282415
2024-08-18,Sur,PuertoMontt,-41.485727265415356,-72.93457818350355,42,245902
2023-01-03,Sur,Temuco,-38.73167520910035,-72.59789737314921,55,282415
2024-02-01,Centro,Santiago,-33.425134215625356,-70.6611536669965,1174,5614000
2024-05-29,Sur,Temuco,-38.74200645190048,-72.58925328310066,63,282415
2024-08-03,Norte,Antofagasta,-23.649220604933884,-70.38719103558687,85,425725
2023-11-03,Centro,Valparaiso,-33.047888285409606,-71.59701809287088,67,296655
2024-11-16,Norte,Antofagasta,-23.653761998989843,-70.40836470774104,76,425725
2024-01-01,Norte,Arica,-18.4902209639698,-70.33060856873315,51,247552
2023-12-03,Centro,Rancagua,-34.16757371084696,-70.75133488546784,51,232211
2024-07-06,Centro,Rancagua,-34.16623001123882,-70.75609037248348,54,232211
2024-11-25,Centro,Valparaiso,-33.04870301294869,-71.6122492793856,58,296655
2023-09-14,Centro,Santiago,-33.45999947643861,-70.67511346168864,1156,5614000
2023-07-01,Sur,PuertoMontt,-41.452187593225034,-72.91979053429908,45,245902
2024-08-29,Norte,Antofagasta,-23.653514071396945,-70.38899253818575,77,425725
2024-09-19,Sur,Concepcion,-36.82551069406116,-73.03333089465181,45,223574
2023-01-01,Sur,Temuco,-38.733740046894056,-72.59503467219216,55,282415
2023-08-19,Sur,PuertoMontt,-41.46821746819274,-72.94424057165935,42,245902
2023-11-26,Centro,Valparaiso,-33.04603034060939,-71.60605216479645,52,296655
2024-02-27,Sur,PuertoMontt,-41.47141324869653,-72.94181641148963,46,245902
2024-06-16,Norte,Arica,-18.464012526912622,-70.32122210163288,49,247552
2023-10-30,Sur,Concepcion,-36.82437658967391,-73.0375899313983,49,223574
2023-10-14,Norte,Iquique,-20.237360114257854,-70.12873097584794,30,191468
2024-11-17,Centro,Rancagua,-34.174846314459394,-70.72879150739415,47,232211
2023-08-06,Sur,Temuco,-38.72196920554562,-72.58439914320452,59,282415
2024-12-04,Centro,Rancagua,-34.15891455605842,-70.75356265679551,45,232211
2023-10-12,Norte,Arica,-18.480986928321176,-70.30480547959104,45,247552
2023-03-19,Norte,Antofagasta,-23.636039696960797,-70.41417945257446,63,425725
2023-06-09,Norte,Arica,-18.481710976641853,-70.30969095622804,47,247552
2024-04-11,Sur,Temuco,-38.72601921547885,-72.58307559107367,65,282415
2023-09-14,Norte,Arica,-18.467416439908206,-70.31505230403839,46,247552
2023-04-12,Sur,Temuco,-38.71778854630856,-72.59376411892437,60,282415
2023-12-06,Norte,Iquique,-20.2354867355052,-70.1375976441749,32,191468
2023-07-23,Sur,Concepcion,-36.824563742367566,-73.03001622279935,33,223574
2024-03-24,Norte,Iquique,-20.23291943550141,-70.15197222437443,42,191468
2023-03-06,Norte,Arica,-18.472004182374338,-70.3380641002178,36,247552
2024-07-10,Sur,Concepcion,-36.83980635907369,-73.0584243251317,41,223574
2024-07-23,Centro,Santiago,-33.445553419888164,-70.67156570317954,1165,5614000
2024-03-03,Sur,Temuco,-38.73034369956582,-72.60495690351443,66,282415
2024-07-29,Norte,Iquique,-20.219205528574918,-70.13893265370754,52,191468
2023-01-03,Norte,Iquique,-20.25930606779512,-70.13851142272698,49,191468
2023-09-07,Centro,Valparaiso,-33.040825097926394,-71.62442131451822,56,296655
2023-01-01,Norte,Iquique,-20.240793681632013,-70.14470963065675,30,191468
2024-05-06,Centro,Santiago,-33.46608712427081,-70.6618064720395,1111,5614000
2023-04-11,Sur,Temuco,-38.74554755790837,-72.59680282324645,62,282415
2023-09-23,Sur,Concepcion,-36.84590812509929,-73.04146565134432,40,223574
2024-02-22,Norte,Antofagasta,-23.64767727951052,-70.40385608558137,64,425725
2023-06-30,Centro,Valparaiso,-33.03291023064305,-71.63142419460566,60,296655
2023-02-18,Norte,Antofagasta,-23.641459231732686,-70.39429234499931,94,425725
2023-08-08,Centro,Rancagua,-34.163430440624474,-70.74923833196668,48,232211
2024-08-29,Centro,Valparaiso,-33.060388413794726,-71.61245216515309,51,296655
2024-06-23,Centro,Santiago,-33.440265314954836,-70.6759142225312,1117,5614000
2023-09-29,Sur,Temuco,-38.71950619896196,-72.57913927504765,47,282415
2024-10-30,Norte,Arica,-18.47251180258538,-70.31455578488756,45,247552
2024-04-25,Norte,Antofagasta,-23.65538238945857,-70.39785988341139,83,425725
2023-07-29,Norte,Iquique,-20.236124830512473,-70.13092251262738,44,191468
2023-05-25,Centro,Valparaiso,-33.03579154487507,-71.63299470254297,54,296655
2024-01-09,Centro,Santiago,-33.452637348208576,-70.6738999910956,1112,5614000
2023-05-06,Centro,Rancagua,-34.180272110234355,-70.75991768058464,40,232211
2023-06-26,Centro,Santiago,-33.462436844389146,-70.66703945667236,1155,5614000
2023-09-27,Sur,Concepcion,-36.83468413801485,-73.04578316592509,61,223574
2023-02-18,Sur,PuertoMontt,-41.47437343174447,-72.95955622842125,50,245902
2024-11-05,Norte,Iquique,-20.248642904637222,-70.14058090806171,43,191468
2024-11-13,Norte,Arica,-18.479496538099113,-70.29746087909606,42,247552
2024-04-09,Centro,Rancagua,-34.16409068721093,-70.75537811215361,49,232211
2023-01-19,Norte,Arica,-18.47726439786703,-70.30724868485626,63,247552
2024-05-23,Centro,Valparaiso,-33.069007472352624,-71.6101997082284,59,296655
2023-08-10,Centro,Rancagua,-34.15740158950141,-70.74399128362347,45,232211
2023-11-10,Norte,Iquique,-20.234897679381593,-70.1376355566879,32,191468
2023-11-29,Centro,Valparaiso,-33.03156483707825,-71.61963194259302,75,296655
2023-04-02,Sur,Concepcion,-36.81932019846148,-73.07375215673729,47,223574
2024-08-17,Centro,Valparaiso,-33.044172152367594,-71.62212224855134,57,296655
2023-12-06,Sur,Concepcion,-36.815162882525975,-73.04597003016286,46,223574
2024-09-14,Sur,PuertoMontt,-41.465628498746554,-72.94425391749029,49,245902
2023-04-03,Centro,Rancagua,-34.1867175521954,-70.73317864945176,55,232211
2023-06-14,Centro,Valparaiso,-33.03841338919619,-71.62218114994647,57,296655
2024-02-26,Centro,Rancagua,-34.16634205897504,-70.72785709372866,46,232211
2024-01-26,Centro,Santiago,-33.427585164303004,-70.674286127884,1068,5614000
2024-09-27,Norte,Arica,-18.461746685522012,-70.30673717935422,40,247552
2023-04-25,Sur,Concepcion,-36.81751960906038,-73.03441037795497,54,223574
2023-03-30,Norte,Antofagasta,-23.6469685341994,-70.40306596026726,82,425725
2023-04-05,Centro,Valparaiso,-33.032118168281514,-71.60186032696468,59,296655
2023-10-31,Sur,PuertoMontt,-41.45939965455278,-72.94928010657667,56,245902
2024-08-06,Centro,Santiago,-33.45785488873863,-70.6679207340378,1064,5614000
2024-10-17,Centro,Valparaiso,-33.03326893189276,-71.6156011377948,56,296655
2023-07-13,Centro,Rancagua,-34.185425513161704,-70.75878207127985,40,232211
2024-10-27,Centro,Santiago,-33.44870004025736,-70.66422760512104,1161,5614000
2023-11-05,Centro,Valparaiso,-33.057764616309136,-71.61179152698283,69,296655
2023-01-10,Centro,Santiago,-33.44679655366566,-70.67332347050632,1121,5614000
2024-08-16,Norte,Antofagasta,-23.660524781056246,-70.40407552934897,85,425725
2024-05-17,Centro,Valparaiso,-33.05355875482831,-71.60100610616954,57,296655
2024-02-03,Centro,Santiago,-33.44574919899462,-70.6621760333006,1155,5614000
2024-08-21,Sur,Temuco,-38.7421583224287,-72.58630905011009,55,282415
2023-10-09,Norte,Arica,-18.48451427569386,-70.3170894093529,45,247552
2023-08-19,Centro,Valparaiso,-33.04028341654973,-71.58461307881373,60,296655
2024-01-10,Sur,PuertoMontt,-41.483402233683485,-72.93810782019908,48,245902
2024-10-29,Sur,Temuco,-38.7348558146981,-72.57653972191865,59,282415
2024-10-22,Norte,Arica,-18.46631253151127,-70.29034262906566,38,247552
2024-09-02,Norte,Arica,-18.48171260377878,-70.31136409014638,48,247552
2023-12-04,Sur,Concepcion,-36.83351315279948,-73.05898864592108,34,223574
2024-10-21,Centro,Rancagua,-34.15754016277731,-70.73897642387105,45,232211
2024-10-27,Norte,Iquique,-20.239413541817033,-70.1373918174584,36,191468
2023-10-15,Sur,Temuco,-38.7509289012331,-72.58834844718012,47,282415
2023-03-13,Centro,Santiago,-33.44866436767752,-70.66655406897458,1195,5614000
2024-08-27,Norte,Iquique,-20.231423136122203,-70.12703471576637,38,191468
2024-02-15,Centro,Santiago,-33.45507807308508,-70.66853959374102,1122,5614000
2024-02-21,Centro,Santiago,-33.439993230816086,-70.6629765075431,1135,5614000
2024-11-06,Sur,Concepcion,-36.82392859114191,-73.04924331226862,51,223574
2023-08-12,Sur,Concepcion,-36.82610943701847,-73.04796007636408,51,223574
2024-09-22,Norte,Arica,-18.47899307747938,-70.30946062244638,51,247552
2023-07-07,Norte,Antofagasta,-23.64538330079785,-70.41954735839651,93,425725
2023-01-21,Sur,Temuco,-38.72606968371299,-72.59685362468377,47,282415
2023-04-18,Sur,Temuco,-38.74158949452788,-72.59555883519172,46,282415
2024-03-21,Norte,Antofagasta,-23.666628727301077,-70.38818390166189,85,425725
2023-02-03,Centro,Santiago,-33.45044373338061,-70.6623281270069,1129,5614000
2023-10-01,Sur,Concepcion,-36.8160250381599,-73.04210917889758,43,223574
2024-06-07,Norte,Iquique,-20.2235985996299,-70.11693635055322,39,191468
2023-02-21,Centro,Valparaiso,-33.04413351155921,-71.61186780901389,47,296655
2023-05-15,Centro,Santiago,-33.44962632401005,-70.66674834750492,1139,5614000
2024-02-19,Centro,Valparaiso,-33.05834986791498,-71.6135373621036,48,296655
2023-02-01,Centro,Santiago,-33.461959783333555,-70.67200628128313,1146,5614000
2024-05-18,Sur,Concepcion,-36.817362457527445,-73.06350519939609,42,223574
2023-09-23,Norte,Antofagasta,-23.663433893550067,-70.41067059454315,74,425725
2024-01-05,Norte,Antofagasta,-23.654106204974536,-70.39321452391479,84,425725
2023-04-14,Norte,Antofagasta,-23.6424729066918,-70.38919651146693,81,425725
2024-05-29,Centro,Valparaiso,-33.043645183855624,-71.59618127822239,64,296655
2024-11-10,Norte,Arica,-18.47315877124746,-70.31586657771489,49,247552
2024-01-09,Centro,Rancagua,-34.17516024895558,-70.76619464414873,39,232211
2023-01-05,Sur,Concepcion,-36.823822168516024,-73.04851212960071,32,223574
2023-12-21,Norte,Iquique,-20.23203780055868,-70.1396713002215,30,191468
2024-09-27,Centro,Valparaiso,-33.03834431823026,-71.60359344377838,53,296655
2024-05-30,Sur,PuertoMontt,-41.49533214965322,-72.96249145733351,45,245902
2023-03-03,Sur,Concepcion,-36.81674494816693,-73.04044651616063,38,223574
2024-11-16,Centro,Rancagua,-34.16534823671838,-70.75283468399054,57,232211
2024-01-17,Sur,PuertoMontt,-41.47428475828862,-72.94130763334174,50,245902
2023-10-02,Norte,Iquique,-20.221689240614097,-70.13509239283192,41,191468
2023-11-28,Centro,Santiago,-33.46012394870759,-70.673214724617,1097,5614000
2024-11-26,Centro,Valparaiso,-33.052936100235634,-71.6137254348087,60,296655
2023-02-16,Sur,Concepcion,-36.83804824830512,-73.0477540148468,49,223574
2023-07-01,Sur,Temuco,-38.725127295191044,-72.57847546800392,52,282415
2024-02-01,Norte,Iquique,-20.22763669390421,-70.13577678369118,39,191468
2023-09-26,Sur,Concepcion,-36.82290199912588,-73.05194580269418,47,223574
2024-03-26,Sur,PuertoMontt,-41.48763139580797,-72.93132409418685,43,245902
2023-07-30,Norte,Antofagasta,-23.66129299807782,-70.39451381064528,83,425725
2023-11-19,Sur,Concepcion,-36.83017114538636,-73.04099052040259,54,223574
2023-09-22,Sur,PuertoMontt,-41.45729317693844,-72.9456213303554,53,245902
2023-01-04,Norte,Antofagasta,-23.67834887097925,-70.39549012360415,70,425725
2024-02-23,Norte,Arica,-18.47928943366021,-70.30506886131494,47,247552
2023-07-30,Sur,Temuco,-38.737886580097644,-72.57391058054098,49,282415
2023-10-02,Centro,Valparaiso,-33.040168626518096,-71.63160029925062,59,296655
2023-04-17,Sur,Concepcion,-36.84144561846017,-73.0521167587415,61,223574
2023-02-12,Norte,Arica,-18.48320045766749,-70.31814795468567,45,247552
2023-11-06,Centro,Santiago,-33.44409448483298,-70.67150448916254,1121,5614000
2024-06-26,Centro,Santiago,-33.47207184038,-70.65651877417588,1068,5614000
2023-01-31,Norte,Arica,-18.454811813965406,-70.31638137103073,51,247552
2024-07-24,Centro,Valparaiso,-33.06536580596843,-71.617760157961,68,296655
2023-01-03,Centro,Santiago,-33.431653618808106,-70.68504359401213,1168,5614000
2023-08-27,Centro,Santiago,-33.43382577776885,-70.67629472622818,1175,5614000
2023-10-13,Sur,Concepcion,-36.82065583470228,-73.04642063910109,47,223574
2024-07-16,Norte,Arica,-18.476433720342804,-70.29461774806255,49,247552
2023-11-28,Norte,Iquique,-20.24170730658412,-70.12776310788023,39,191468
2024-06-26,Norte,Arica,-18.47386182930999,-70.30442090275905,42,247552
2024-10-03,Sur,Temuco,-38.75323486470774,-72.57570311972367,53,282415
2024-04-30,Sur,Concepcion,-36.836081004534876,-73.04557676760707,34,223574
2024-06-25,Norte,Antofagasta,-23.67265348088713,-70.38969417114637,88,425725
2024-12-24,Norte,Antofagasta,-23.651653926316275,-70.4031837352558,82,425725
2024-06-14,Norte,Iquique,-20.222617076449144,-70.12702877709431,38,191468
2024-09-23,Sur,PuertoMontt,-41.49104111000369,-72.9493437466237,51,245902
2023-12-24,Centro,Valparaiso,-33.04786315650636,-71.61533841697441,57,296655
2023-10-01,Sur,Concepcion,-36.8196169465471,-73.05416021166236,36,223574
2023-01-20,Norte,Arica,-18.479235638949124,-70.31667521456947,46,247552
2024-06-09,Sur,Concepcion,-36.82925043055274,-73.04930304148672,41,223574
2023-05-31,Centro,Valparaiso,-33.035138992895384,-71.60783748739965,54,296655
2024-07-06,Centro,Rancagua,-34.16137177113307,-70.72983439335886,34,232211
2023-08-06,Sur,Temuco,-38.74116794680623,-72.57808153933506,55,282415
2023-02-14,Norte,Antofagasta,-23.632141599521354,-70.40578914974472,85,425725
2023-10-06,Sur,Concepcion,-36.82910967385344,-73.05259459768331,46,223574
2024-07-31,Norte,Iquique,-20.232401641166273,-70.14242670743388,37,191468
2023-07-09,Norte,Antofagasta,-23.647152252620778,-70.38616023828283,81,425725
2023-01-09,Norte,Iquique,-20.223632109602242,-70.11645966048478,37,191468
2024-04-09,Sur,Temuco,-38.73236996743636,-72.601469131097,63,282415
2024-05-09,Norte,Arica,-18.47272251931188,-70.33147635738288,40,247552
2024-10-01,Sur,Temuco,-38.74097859889796,-72.57678182546098,58,282415
2023-03-22,Sur,Concepcion,-36.840387958986284,-73.07102883886624,44,223574
2024-04-23,Centro,Rancagua,-34.16874089836238,-70.75649607331188,41,232211
2023-05-12,Centro,Valparaiso,-33.03606062151511,-71.59869587656918,64,296655
2023-02-12,Norte,Iquique,-20.23699579188875,-70.1465092399643,47,191468
2024-04-04,Norte,Antofagasta,-23.64719012470775,-70.40642703787817,86,425725
2023-06-20,Norte,Antofagasta,-23.65938169367057,-70.39592506789768,83,425725
2024-11-03,Centro,Rancagua,-34.18528791342573,-70.74396737281816,63,232211
2024-03-03,Norte,Arica,-18.491059034571784,-70.32304905493403,51,247552
2023-06-25,Centro,Valparaiso,-33.06802655226987,-71.61415032133101,52,296655
2023-10-18,Centro,Rancagua,-34.17780817029442,-70.73744302974112,41,232211
2023-05-23,Sur,Temuco,-38.73485210999894,-72.57937872430686,55,282415
2024-01-07,Norte,Arica,-18.480900189311527,-70.31768339514291,53,247552
2023-02-19,Sur,Temuco,-38.72588063497231,-72.5960163495214,61,282415
2024-03-06,Centro,Rancagua,-34.196567069663416,-70.73650268821267,58,232211
2024-04-17,Sur,Temuco,-38.74024135459533,-72.60085171187667,59,282415
2024-02-20,Norte,Iquique,-20.228161727914763,-70.1385658390964,32,191468
2024-07-06,Centro,Valparaiso,-33.042435500963094,-71.60972696800884,60,296655
2023-08-18,Norte,Arica,-18.495444629178195,-70.30863117839937,61,247552
2024-07-19,Norte,Iquique,-20.226614893514046,-70.13920962488751,39,191468
2024-08-30,Centro,Rancagua,-34.179824510875456,-70.73578024418971,57,232211
2023-11-12,Norte,Iquique,-20.2431992307703,-70.1437177482603,42,191468
2023-08-23,Norte,Arica,-18.488801004019844,-70.31378282086382,38,247552
2024-06-08,Centro,Rancagua,-34.18522267673477,-70.74787140116588,37,232211
2023-09-16,Sur,PuertoMontt,-41.45283576529946,-72.93565345343774,48,245902
2024-06-20,Norte,Antofagasta,-23.653553873403425,-70.39877040887775,69,425725
2024-05-03,Norte,Iquique,-20.223954754074636,-70.14638855444267,47,191468
2024-08-26,Centro,Santiago,-33.45700584524873,-70.6701394589172,1120,5614000
2024-01-18,Norte,Antofagasta,-23.659962508587473,-70.3967458686513,100,425725
2023-01-17,Sur,Concepcion,-36.84869234947445,-73.05079548727434,44,223574
2023-02-23,Norte,Iquique,-20.212545789274955,-70.13128270085261,36,191468
2024-04-02,Centro,Valparaiso,-33.0509642806536,-71.6069882365484,46,296655
2024-04-23,Centro,Valparaiso,-33.054294045799395,-71.61041227811582,62,296655
2023-02-18,Centro,Rancagua,-34.16357613544025,-70.7412727445127,41,232211
2023-12-07,Centro,Santiago,-33.444581942398884,-70.66596721267892,1187,5614000
2023-05-15,Norte,Antofagasta,-23.63210300063491,-70.40522039217366,87,425725
2023-10-03,Norte,Iquique,-20.22588394366194,-70.13643696492834,43,191468
2023-11-26,Sur,Concepcion,-36.84558397383039,-73.03212133240174,41,223574
2024-04-11,Centro,Rancagua,-34.17248532995662,-70.75049521107931,40,232211
2023-05-25,Centro,Rancagua,-34.18112725475563,-70.75120676531694,43,232211
2023-06-09,Norte,Antofagasta,-23.644124760748774,-70.40701559685483,83,425725
2023-07-22,Norte,Antofagasta,-23.65425688888622,-70.39704705458438,95,425725
2023-08-18,Sur,Concepcion,-36.83943693351557,-73.03663339586804,49,223574
2023-10-14,Norte,Arica,-18.48335118258819,-70.32568744233957,36,247552
2023-08-01,Centro,Santiago,-33.45216797113701,-70.67672038636027,1088,5614000
2024-02-24,Norte,Iquique,-20.238918095831956,-70.13260123424841,35,191468
2023-04-25,Sur,Concepcion,-36.81835055523701,-73.04374981501138,55,223574
2023-01-14,Norte,Iquique,-20.23585270876461,-70.1223769736403,28,191468
2023-09-20,Centro,Santiago,-33.45013704289493,-70.67588875355652,1106,5614000
2024-02-19,Centro,Valparaiso,-33.047099091318756,-71.626041167986,65,296655
2024-11-29,Centro,Valparaiso,-33.04373578820933,-71.62421830521221,56,296655
2024-04-20,Norte,Arica,-18.461660612580992,-70.29237898174985,48,247552
2023-02-24,Norte,Arica,-18.47566166109515,-70.33202309628534,39,247552
2024-05-16,Sur,Concepcion,-36.81818609698852,-73.05085694435718,28,223574
2024-04-26,Norte,Antofagasta,-23.64905271859976,-70.3908865426011,72,425725
2023-03-22,Sur,Concepcion,-36.83526068652756,-73.03782628342087,49,223574
2024-10-16,Centro,Santiago,-33.448518678017365,-70.66588250746682,1069,5614000
2024-01-27,Norte,Arica,-18.47204859739833,-70.31605719945996,47,247552
2023-12-31,Centro,Valparaiso,-33.05586939324054,-71.59924945255182,68,296655
2024-07-30,Norte,Iquique,-20.21074263042376,-70.13405596407235,42,191468
2023-10-26,Centro,Rancagua,-34.192108844614985,-70.74610020897705,38,232211
2023-01-14,Norte,Antofagasta,-23.6494175735929,-70.38150392315502,83,425725
2024-12-03,Centro,Rancagua,-34.19337138303706,-70.73992632104449,39,232211
2023-09-28,Norte,Antofagasta,-23.642850647977383,-70.39479540640022,76,425725
2024-07-11,Centro,Valparaiso,-33.05988508778328,-71.6218334648431,58,296655
2023-05-11,Sur,Concepcion,-36.821687394703474,-73.08075004806565,47,223574
2024-04-05,Sur,Temuco,-38.73427332728574,-72.59244786111371,54,282415
2023-11-07,Sur,Temuco,-38.734663736354555,-72.58856335824186,50,282415
2024-06-21,Sur,PuertoMontt,-41.47539913610176,-72.93946781178383,48,245902
2023-03-23,Sur,Temuco,-38.72999949000587,-72.60408727327304,55,282415
2023-07-18,Centro,Valparaiso,-33.043398095613355,-71.60598104535292,72,296655
2023-01-27,Norte,Arica,-18.476085541897437,-70.30598575579877,41,247552
2024-09-22,Sur,Concepcion,-36.827316328544335,-73.05451477905966,50,223574
2023-08-03,Centro,Valparaiso,-33.050287382519436,-71.60637498308547,58,296655
2024-07-27,Sur,Temuco,-38.736487104249804,-72.58694156611143,66,282415
2024-05-25,Norte,Arica,-18.485788980159526,-70.31730760794322,48,247552
2024-11-08,Centro,Rancagua,-34.18274132126807,-70.74969195819527,44,232211
2024-03-19,Sur,PuertoMontt,-41.48037913974131,-72.95147507194771,56,245902
2023-07-12,Centro,Santiago,-33.43862751273986,-70.69058744066025,1059,5614000
2023-11-20,Norte,Arica,-18.47719387194644,-70.32210007205475,48,247552
2024-08-06,Norte,Antofagasta,-23.651870240637493,-70.39170985598797,76,425725
2023-05-24,Sur,PuertoMontt,-41.48654732570981,-72.91126830003176,46,245902
2023-12-02,Centro,Valparaiso,-33.045935544833306,-71.62969333848218,46,296655
2023-07-18,Centro,Valparaiso,-33.046906501762635,-71.61047692636416,63,296655
2023-04-12,Norte,Arica,-18.48238043703948,-70.30741871340348,64,247552
2024-11-12,Centro,Valparaiso,-33.04946788778478,-71.60567790667157,57,296655
2023-09-05,Sur,PuertoMontt,-41.4637989729617,-72.94488320046966,47,245902
2023-12-24,Norte,Iquique,-20.218572504201248,-70.1338505845386,38,191468
2024-08-05,Norte,Iquique,-20.21419258381492,-70.13607215357641,34,191468
2023-04-25,Norte,Arica,-18.49106685260425,-70.32356713210828,55,247552
2023-04-18,Sur,PuertoMontt,-41.4647311155922,-72.93442733071853,43,245902
2023-05-05,Sur,Concepcion,-36.820687244296174,-73.05925686422131,48,223574
2024-12-25,Sur,Concepcion,-36.83166297966284,-73.04492497187174,38,223574
2024-07-14,Norte,Antofagasta,-23.64811028546665,-70.40590265045715,76,425725
2024-04-06,Sur,Concepcion,-36.823702857634885,-73.06006005558196,42,223574
2024-12-14,Norte,Arica,-18.474503417916885,-70.30030087368893,38,247552
2023-02-25,Centro,Valparaiso,-33.063824739261,-71.59182799587016,57,296655
2023-02-19,Sur,Concepcion,-36.83423369692684,-73.060655786752,34,223574
2023-09-11,Centro,Rancagua,-34.17026861606604,-70.75189756340647,51,232211
2023-11-27,Sur,PuertoMontt,-41.47471975774412,-72.94787576853348,54,245902
2023-12-25,Sur,PuertoMontt,-41.480470461347565,-72.92125498251568,47,245902
2023-01-01,Centro,Santiago,-33.4257356479504,-70.66336703770436,1124,5614000
2024-10-30,Centro,Rancagua,-34.17456653268456,-70.76247079539942,38,232211
2023-05-12,Centro,Santiago,-33.44399607801139,-70.66861087913504,1131,5614000
2024-10-17,Sur,Concepcion,-36.84102849691762,-73.0440648841894,38,223574
2024-07-29,Sur,PuertoMontt,-41.47138676324817,-72.9397015492823,62,245902
2024-01-25,Sur,PuertoMontt,-41.468185454286015,-72.93907827929688,49,245902
2023-04-28,Centro,Valparaiso,-33.04700148900509,-71.60864307092118,65,296655
2023-04-19,Centro,Rancagua,-34.174777825596735,-70.75332020410987,36,232211
2023-04-05,Centro,Rancagua,-34.169386687616644,-70.73456414332642,43,232211
2024-12-30,Norte,Iquique,-20.232655624256463,-70.14648959727124,45,191468
2023-02-12,Centro,Rancagua,-34.17132521535496,-70.73165549118222,35,232211
2023-12-24,Norte,Iquique,-20.24527722592172,-70.1290521087484,41,191468
2024-02-14,Centro,Rancagua,-34.17177122225828,-70.72521598854414,41,232211
2024-06-27,Sur,Temuco,-38.731943266156705,-72.57428632110741,55,282415
2023-01-08,Centro,Rancagua,-34.17320173639488,-70.73970858071023,51,232211
2024-06-27,Norte,Arica,-18.467552285175188,-70.31118884035949,53,247552
2023-05-15,Centro,Santiago,-33.44194718767784,-70.66267359498322,1088,5614000
2023-08-03,Norte,Iquique,-20.24536877470824,-70.15080504078725,38,191468
2023-10-12,Centro,Santiago,-33.45415605199878,-70.6614561581473,1084,5614000
2023-08-16,Centro,Rancagua,-34.14708813526884,-70.74016150257577,50,232211
2023-07-06,Centro,Santiago,-33.45131866555535,-70.66140808759641,1094,5614000
2024-05-19,Norte,Arica,-18.465052892850018,-70.30619885475811,39,247552
2023-08-18,Centro,Valparaiso,-33.04905681289067,-71.62421156122659,50,296655
2024-11-01,Sur,Temuco,-38.753950351123144,-72.58362914850517,67,282415
2023-03-27,Sur,Temuco,-38.74649872076639,-72.58619461829524,56,282415
2023-01-17,Centro,Santiago,-33.44766477223832,-70.66995433536492,1128,5614000
2024-11-11,Centro,Rancagua,-34.177494295512744,-70.74562171263352,35,232211
2024-01-04,Sur,PuertoMontt,-41.455423005893365,-72.94334591724326,55,245902
2024-07-24,Norte,Arica,-18.48936247681964,-70.30018373573591,35,247552
2024-12-18,Sur,PuertoMontt,-41.473758501977244,-72.9204824484997,39,245902
2024-02-05,Sur,Concepcion,-36.8209801640356,-73.03805931991627,32,223574
2024-01-26,Norte,Arica,-18.464214258974167,-70.32339159370918,42,247552
2024-07-18,Centro,Santiago,-33.437128536137465,-70.66202113325335,1126,5614000
2024-08-09,Norte,Iquique,-20.228389647837613,-70.13718580519597,37,191468
2024-03-04,Centro,Valparaiso,-33.04772110848649,-71.6188180729079,53,296655
2024-09-08,Sur,PuertoMontt,-41.47718929605741,-72.93193486315556,44,245902
2023-09-02,Sur,Concepcion,-36.82817015444113,-73.06207318808292,57,223574
2023-06-30,Sur,PuertoMontt,-41.47958984905445,-72.93408801934395,49,245902
2024-07-14,Sur,Concepcion,-36.85978912541072,-73.04820019918297,55,223574
2024-04-20,Norte,Antofagasta,-23.655426339043963,-70.40152018775133,72,425725
2023-11-06,Sur,PuertoMontt,-41.46809782686401,-72.9495551567007,43,245902
2023-10-11,Centro,Valparaiso,-33.0524677396033,-71.62642913554588,65,296655
2023-02-17,Norte,Antofagasta,-23.650207946115213,-70.4051268792752,86,425725
2023-11-28,Norte,Antofagasta,-23.639449511480176,-70.40893320673104,80,425725
2024-09-27,Norte,Iquique,-20.235764150554637,-70.1307530267714,27,191468
2023-10-15,Norte,Arica,-18.476632689912375,-70.31769339712997,43,247552
2024-06-19,Norte,Antofagasta,-23.65918192793448,-70.39827738005391,110,425725
2023-09-29,Centro,Valparaiso,-33.03628299071086,-71.61028820635141,77,296655
2023-09-16,Sur,Temuco,-38.72693025938526,-72.61102973679527,58,282415
2024-05-09,Norte,Arica,-18.494899011649085,-70.29948046318539,58,247552
2023-04-29,Centro,Santiago,-33.43228114748509,-70.68975234594392,1130,5614000
2023-03-25,Sur,PuertoMontt,-41.480433816026746,-72.92028546285312,57,245902
2023-10-31,Norte,Iquique,-20.23580499897815,-70.1509880740329,34,191468
2024-12-07,Sur,Concepcion,-36.81214480305239,-73.04130147348494,45,223574
2023-06-10,Sur,Temuco,-38.730871671723385,-72.59934901656344,51,282415
2024-11-30,Norte,Iquique,-20.247903583342097,-70.1375198403746,41,191468
2024-01-06,Norte,Arica,-18.501423185392795,-70.32916610257472,59,247552
2023-06-07,Sur,Temuco,-38.729561589862676,-72.6073142673749,63,282415
2023-09-30,Centro,Rancagua,-34.17897071541147,-70.7400112363437,50,232211
2024-11-24,Sur,Concepcion,-36.83367687536618,-73.0509886307622,40,223574
2024-01-12,Norte,Antofagasta,-23.644417967711743,-70.4000907008949,82,425725
2023-08-31,Centro,Santiago,-33.43874414422096,-70.68263212232014,1137,5614000
2024-01-12,Sur,Temuco,-38.73077254993384,-72.59982722302445,55,282415
2024-12-17,Norte,Arica,-18.486233169085455,-70.31272189070378,59,247552
2023-10-07,Sur,Concepcion,-36.833860594396995,-73.05953554581069,40,223574
2023-11-29,Norte,Arica,-18.475304149636518,-70.30978274278958,42,247552
2024-06-20,Norte,Antofagasta,-23.66419618726177,-70.38910982752368,96,425725
2023-09-25,Norte,Iquique,-20.249943568736935,-70.14999761484223,38,191468
2023-05-29,Centro,Santiago,-33.45765085387822,-70.66866131971643,1114,5614000
2023-01-20,Centro,Valparaiso,-33.027491004408894,-71.61719132512698,45,296655
2023-12-16,Norte,Iquique,-20.240016191649147,-70.12729892972797,24,191468
2024-09-28,Centro,Valparaiso,-33.06316257204285,-71.6174472230795,53,296655
2024-09-02,Centro,Santiago,-33.4481959752701,-70.67366203822222,1116,5614000
2024-06-19,Norte,Arica,-18.47323774763403,-70.30712180988493,50,247552
2024-01-04,Sur,Concepcion,-36.84174098712327,-73.0469346835676,51,223574
2023-01-18,Norte,Antofagasta,-23.64275126603137,-70.38724189729842,101,425725
2024-12-04,Norte,Arica,-18.473989368519014,-70.28455926979362,55,247552
2023-08-21,Norte,Antofagasta,-23.662010226826073,-70.40227868154942,97,425725
2024-11-18,Norte,Arica,-18.483114232166034,-70.30377484108,50,247552
2023-03-30,Norte,Antofagasta,-23.66272221961907,-70.38941375623696,83,425725
2023-09-21,Sur,PuertoMontt,-41.46603701382075,-72.95006354340465,43,245902
2023-10-29,Norte,Iquique,-20.229471875553365,-70.13442708122003,40,191468
2023-04-17,Centro,Rancagua,-34.161876449067016,-70.73875960687758,48,232211
2023-09-04,Sur,Concepcion,-36.822089363566015,-73.05626793858028,51,223574
2024-02-12,Norte,Arica,-18.477133840863864,-70.3126296590265,57,247552
2024-10-15,Norte,Arica,-18.460274020165755,-70.30132615197421,41,247552
2023-07-11,Norte,Arica,-18.476977719570783,-70.31710793322243,56,247552
2023-04-06,Centro,Rancagua,-34.17626779207281,-70.7373748746163,55,232211
2024-11-05,Centro,Santiago,-33.43068785782809,-70.64913642280398,1168,5614000
2024-05-27,Centro,Valparaiso,-33.04535642524385,-71.59530292300731,70,296655
2024-03-22,Sur,PuertoMontt,-41.48190424294622,-72.93660937766101,44,245902
2023-01-11,Sur,PuertoMontt,-41.464466762485124,-72.95550046496416,46,245902
2023-06-13,Sur,Temuco,-38.72392906772399,-72.59121963275344,50,282415
2023-06-19,Norte,Arica,-18.472591152257277,-70.32268670169096,53,247552
2024-11-08,Norte,Arica,-18.47163200064299,-70.31876464596988,52,247552
2024-03-12,Centro,Santiago,-33.46531976610695,-70.67546036656205,1183,5614000
2023-05-22,Centro,Valparaiso,-33.05999739337218,-71.62906266323475,68,296655
2023-02-02,Centro,Rancagua,-34.17851544476007,-70.73303216164948,45,232211
2024-06-26,Centro,Santiago,-33.43984784112392,-70.67783259398242,1147,5614000
2024-11-25,Sur,PuertoMontt,-41.476649094336835,-72.93470166866365,40,245902
2024-10-25,Centro,Santiago,-33.442220319339604,-70.67146185123946,1116,5614000
2023-05-26,Norte,Antofagasta,-23.655453553585534,-70.40669754909553,77,425725
2023-07-08,Sur,Temuco,-38.72132658884863,-72.58245576701374,52,282415
2024-09-09,Centro,Santiago,-33.4483560851298,-70.66716144399474,1127,5614000
2024-03-06,Norte,Iquique,-20.229681076473877,-70.14326146996184,38,191468
2024-01-08,Norte,Antofagasta,-23.653774587393848,-70.39057965050819,70,425725
2024-08-23,Norte,Arica,-18.472061002715947,-70.31565608375173,53,247552
2024-02-19,Centro,Valparaiso,-33.04191501795472,-71.60499282866384,54,296655
2023-06-27,Norte,Arica,-18.479579572885026,-70.30939539730984,61,247552
2024-04-15,Norte,Antofagasta,-23.644243564833975,-70.40349593707623,97,425725
2024-10-18,Centro,Rancagua,-34.18973849556574,-70.74142949349202,46,232211
2023-05-29,Sur,Temuco,-38.749078424817014,-72.59475044929131,45,282415
2023-05-17,Sur,Temuco,-38.73181616484988,-72.60249462838377,60,282415
2024-03-26,Centro,Valparaiso,-33.048103366748435,-71.61306015839362,57,296655
2023-02-24,Centro,Valparaiso,-33.027906281013856,-71.60681557304014,72,296655
2024-11-21,Centro,Valparaiso,-33.04677817528344,-71.61308941290997,73,296655
2023-11-02,Centro,Santiago,-33.448226310587955,-70.66783941603487,1076,5614000
2023-11-19,Sur,Temuco,-38.73721787765003,-72.58279380487085,60,282415
2024-11-22,Norte,Antofagasta,-23.63294144203831,-70.39667603508236,82,425725
2024-02-24,Norte,Antofagasta,-23.64999127467476,-70.42363231173404,75,425725
2023-11-19,Sur,Concepcion,-36.82581246021455,-73.06948040244255,41,223574
2024-12-30,Norte,Arica,-18.467844896241353,-70.31309661170506,55,247552
2024-06-20,Sur,Temuco,-38.739829769760405,-72.5857619568815,67,282415
2023-05-04,Norte,Iquique,-20.236668789027053,-70.13480529648089,38,191468
2023-06-08,Sur,Temuco,-38.73109639943748,-72.60312684429715,63,282415
2024-03-14,Norte,Antofagasta,-23.647041429438787,-70.41909055224069,94,425725
2024-05-13,Norte,Iquique,-20.227684052464436,-70.1387261458611,31,191468
2024-08-26,Sur,Temuco,-38.74272333131031,-72.5757573493357,63,282415
2024-12-01,Norte,Antofagasta,-23.63741040410693,-70.39647931335256,75,425725
2024-04-28,Sur,PuertoMontt,-41.464617205529116,-72.93852227555765,42,245902
2023-06-23,Norte,Iquique,-20.231174380476254,-70.12298447890585,29,191468
2024-07-01,Centro,Rancagua,-34.16864044288706,-70.73545270357249,35,232211
2023-10-26,Centro,Rancagua,-34.16663821825684,-70.7271437954971,39,232211
2023-06-02,Centro,Valparaiso,-33.036847424409224,-71.61455750402558,58,296655
2024-12-13,Centro,Valparaiso,-33.04353257431226,-71.60411692730742,58,296655
2023-05-28,Centro,Rancagua,-34.169590301809166,-70.73986606627405,56,232211
2023-05-28,Norte,Arica,-18.45957693158393,-70.30401518206705,49,247552
2023-07-25,Norte,Arica,-18.483914686614884,-70.31683818383601,47,247552
2024-02-17,Centro,Valparaiso,-33.052126070380254,-71.62004917417012,70,296655
2024-08-23,Norte,Iquique,-20.23419954795863,-70.12465881129778,40,191468
2024-03-01,Sur,Temuco,-38.746668429531006,-72.59196570217635,46,282415
2023-06-14,Sur,Temuco,-38.72844321952147,-72.60576465877625,55,282415
2024-03-05,Centro,Santiago,-33.451930286512315,-70.66431148334601,1091,5614000
2023-12-20,Norte,Arica,-18.481617776473428,-70.30406055152794,39,247552
2024-12-22,Sur,Concepcion,-36.82758542344747,-73.05823592144992,51,223574
2023-07-07,Norte,Iquique,-20.234953340226948,-70.1304032309493,32,191468
2024-04-09,Norte,Iquique,-20.22483327116501,-70.1532239639708,34,191468
2024-01-31,Centro,Valparaiso,-33.06845744405541,-71.60316486942392,52,296655
2023-05-27,Norte,Arica,-18.48046685211587,-70.29154966505929,38,247552
2024-03-27,Sur,Temuco,-38.735698197500874,-72.58117211995825,58,282415
2023-06-16,Norte,Iquique,-20.238505264595332,-70.14800434585192,50,191468
2024-08-04,Centro,Valparaiso,-33.057379608656724,-71.60316621980714,58,296655
2024-11-03,Centro,Santiago,-33.45116388958422,-70.65504588397224,1101,5614000
2023-12-10,Sur,Temuco,-38.73022586545627,-72.59328711764627,54,282415
2024-07-12,Centro,Santiago,-33.44297690515939,-70.65684113943018,1138,5614000
2023-06-21,Centro,Santiago,-33.4464890102709,-70.66537602071773,1104,5614000
2024-05-05,Sur,Temuco,-38.730778214518374,-72.5829908250932,47,282415
2024-07-18,Centro,Santiago,-33.457943205951366,-70.67752393955018,1104,5614000
2023-09-21,Norte,Iquique,-20.228693360571533,-70.14446953434683,46,191468
2023-07-15,Sur,PuertoMontt,-41.46615183508349,-72.92864132471608,50,245902
2024-10-24,Norte,Arica,-18.471813653371743,-70.29537860353571,46,247552
2023-01-22,Centro,Valparaiso,-33.062625858841734,-71.59831132287297,75,296655
2023-10-11,Sur,Temuco,-38.75336083001974,-72.59064012582316,45,282415
2024-09-01,Sur,PuertoMontt,-41.463644451540475,-72.94585250612184,30,245902
2023-09-22,Norte,Antofagasta,-23.666634121993347,-70.41454949973193,84,425725
2023-06-19,Norte,Iquique,-20.22427231085754,-70.13806912280111,30,191468
2023-12-25,Sur,Temuco,-38.7453500380034,-72.56343372334433,58,282415
2024-01-28,Sur,PuertoMontt,-41.47191624140791,-72.9279521913407,45,245902
2023-11-19,Centro,Santiago,-33.45117507120062,-70.66800387336201,1146,5614000
2024-03-15,Sur,Temuco,-38.747850496320474,-72.58111685527308,52,282415
2024-06-17,Norte,Arica,-18.47089470655512,-70.30965822692448,51,247552
2023-08-20,Centro,Santiago,-33.444367507668,-70.67849639096386,1114,5614000
2024-04-26,Sur,Concepcion,-36.813223325422804,-73.05543640469774,37,223574
2024-09-26,Sur,PuertoMontt,-41.49078786416273,-72.93934616961663,39,245902
2023-02-06,Centro,Rancagua,-34.1656400600333,-70.738930618954,44,232211
2024-04-23,Centro,Santiago,-33.44549567633886,-70.66905847803903,1109,5614000
2023-02-27,Sur,PuertoMontt,-41.4822069608579,-72.94840719705007,54,245902
2023-04-29,Centro,Valparaiso,-33.04436477760545,-71.62196309616897,56,296655
2023-08-15,Norte,Iquique,-20.23370348731962,-70.13786300847009,40,191468
2023-06-30,Norte,Iquique,-20.24344471334333,-70.14197572998613,34,191468
2024-01-13,Sur,Concepcion,-36.83537127176822,-73.03378429572463,43,223574
2023-11-21,Norte,Iquique,-20.21454122076841,-70.13248751196433,40,191468
2023-01-11,Norte,Arica,-18.465634044704775,-70.31944762308193,47,247552
2024-07-06,Norte,Arica,-18.483663934496754,-70.31204271174745,43,247552
2023-04-01,Norte,Iquique,-20.239694351320505,-70.13476053190708,39,191468
2024-07-22,Norte,Arica,-18.470943206675283,-70.32689109058246,55,247552
2024-11-10,Norte,Iquique,-20.232458845631232,-70.14883773015542,37,191468
2023-05-16,Centro,Santiago,-33.44385165144016,-70.66325244209925,1171,5614000
2023-02-09,Centro,Santiago,-33.44664087935877,-70.68551819654789,1136,5614000
2024-09-16,Sur,PuertoMontt,-41.480207746106025,-72.93191873492489,48,245902
2023-10-29,Centro,Rancagua,-34.16352080082784,-70.74757482561087,40,232211
2024-10-02,Centro,Santiago,-33.45202985767496,-70.67135284795937,1104,5614000
2024-10-03,Centro,Valparaiso,-33.06224086890914,-71.61668518346819,70,296655
2023-04-15,Sur,Concepcion,-36.818304313752634,-73.05349970807018,53,223574
2024-01-17,Sur,Temuco,-38.736529106808185,-72.62368941856607,52,282415
2023-03-25,Norte,Antofagasta,-23.63535030851435,-70.40491667725723,86,425725
2024-12-05,Norte,Arica,-18.491393036976664,-70.31046652653143,47,247552
2024-08-08,Centro,Santiago,-33.45421349125529,-70.68962428815726,1179,5614000
2023-05-08,Sur,PuertoMontt,-41.46789258153844,-72.93453161772021,45,245902
2023-08-06,Centro,Rancagua,-34.172519372987566,-70.7351660974799,32,232211
2023-01-24,Centro,Rancagua,-34.16428112307266,-70.74989251764299,44,232211
2023-04-26,Sur,Concepcion,-36.817107858647375,-73.05363966042809,48,223574
2024-01-30,Centro,Rancagua,-34.17451430047536,-70.74417963865632,62,232211
2024-05-21,Sur,Concepcion,-36.82967117528104,-73.04086331574145,46,223574
2024-05-04,Norte,Iquique,-20.241231486494755,-70.12945367295102,29,191468
2023-04-24,Norte,Arica,-18.471116413148554,-70.30928449035125,47,247552
2023-09-19,Sur,Temuco,-38.728250901985774,-72.58977690400854,62,282415
2023-10-26,Norte,Iquique,-20.23269180789397,-70.13647476078387,45,191468
2023-12-06,Centro,Santiago,-33.456647559242725,-70.67275890501047,1077,5614000
2023-02-02,Norte,Iquique,-20.234139367574375,-70.12969777220454,36,191468
2023-06-21,Norte,Iquique,-20.22233863266735,-70.1209054701235,35,191468
2023-02-18,Centro,Santiago,-33.441492974799374,-70.66275228500062,1107,5614000
2024-08-23,Norte,Antofagasta,-23.624083484485144,-70.38968951711955,98,425725
2023-06-05,Norte,Arica,-18.484087686488742,-70.307605284733,50,247552
2024-05-01,Norte,Antofagasta,-23.63951970577181,-70.39087506006089,87,425725
2024-07-20,Centro,Santiago,-33.44091637584961,-70.67731047557173,1133,5614000
2024-03-26,Sur,Temuco,-38.73865123110802,-72.58095255952293,57,282415
2023-08-26,Norte,Arica,-18.46678373973907,-70.30603952105383,45,247552
2024-08-26,Centro,Rancagua,-34.17732532540604,-70.73659751650334,42,232211
2023-03-09,Centro,Santiago,-33.447626091436845,-70.67106244214357,1137,5614000
2023-04-15,Sur,Temuco,-38.735567620055754,-72.59860590532024,56,282415
2024-08-02,Norte,Iquique,-20.221813832114215,-70.14639518226224,36,191468
2023-03-21,Sur,Concepcion,-36.82704331648501,-73.03997835802514,49,223574
2024-02-06,Norte,Arica,-18.470999604565115,-70.30951484628076,52,247552
2023-12-18,Centro,Valparaiso,-33.03384001677529,-71.61424351734941,52,296655
2024-04-01,Sur,Concepcion,-36.823677894705945,-73.03953893415884,54,223574
2023-05-20,Norte,Iquique,-20.228610980266534,-70.12888137067667,27,191468
2023-08-28,Norte,Arica,-18.461742386030007,-70.29663420051048,53,247552
2024-08-01,Norte,Iquique,-20.22656974405706,-70.12928915182778,51,191468
2023-09-10,Centro,Rancagua,-34.16041235236987,-70.73620207406813,51,232211
2023-02-21,Norte,Iquique,-20.238706414588716,-70.11757580488181,31,191468
2023-06-19,Norte,Arica,-18.487595304289588,-70.30868481311869,53,247552
2024-08-09,Centro,Rancagua,-34.16134652326608,-70.74809977304636,58,232211
2024-10-17,Centro,Valparaiso,-33.0464470215309,-71.59016432219595,58,296655
2024-04-06,Norte,Iquique,-20.213789095917274,-70.15389093892776,42,191468
2024-04-29,Centro,Valparaiso,-33.0376868851539,-71.61746435624862,56,296655
2023-10-31,Sur,Concepcion,-36.8239649357761,-73.05642593875734,42,223574
2023-11-16,Centro,Valparaiso,-33.03255090263236,-71.60091348775647,79,296655
2023-10-28,Norte,Arica,-18.479618995893293,-70.30604040727357,51,247552
2024-02-27,Sur,PuertoMontt,-41.45470502588831,-72.93438235272035,43,245902
2023-11-15,Sur,Temuco,-38.72784649490858,-72.58446785104863,58,282415
2024-02-05,Norte,Arica,-18.463086250852427,-70.30640230054493,45,247552
2023-08-07,Centro,Santiago,-33.45018177915203,-70.67503911853983,1090,5614000
2023-02-11,Sur,PuertoMontt,-41.477326514639344,-72.9411456950267,54,245902
2023-03-10,Sur,Temuco,-38.73703271144663,-72.59442471089393,41,282415
2023-08-11,Norte,Arica,-18.459313149872248,-70.30148691190631,38,247552
2023-08-21,Centro,Valparaiso,-33.06501556046701,-71.59622579980169,70,296655
2024-05-07,Sur,Temuco,-38.72960970767114,-72.59719088580641,60,282415
2023-04-26,Norte,Antofagasta,-23.649753112157295,-70.39960332573501,73,425725
2024-04-14,Centro,Valparaiso,-33.035081390368646,-71.61041833677612,65,296655
2023-09-24,Sur,Concepcion,-36.82550760175187,-73.05463252731403,44,223574
2024-10-13,Norte,Iquique,-20.243211709365042,-70.12649370139972,31,191468
2023-08-17,Norte,Iquique,-20.23743806447372,-70.13332517705011,38,191468
2024-06-19,Norte,Arica,-18.47955109027796,-70.32381151177617,56,247552
2024-10-12,Norte,Iquique,-20.237695457298212,-70.12525483040548,48,191468
2023-11-02,Norte,Arica,-18.46969157484228,-70.3144700427389,50,247552
2023-02-26,Norte,Arica,-18.479869602428643,-70.32869418822926,38,247552
2024-11-17,Norte,Iquique,-20.22528669884055,-70.13327086917728,48,191468
2023-05-28,Centro,Rancagua,-34.16878838495429,-70.75251154205421,48,232211
2024-06-09,Sur,Concepcion,-36.82757481295308,-73.03640342984758,41,223574
2023-06-23,Norte,Antofagasta,-23.66113140946869,-70.39129898755544,103,425725
2024-05-24,Norte,Antofagasta,-23.651664967069607,-70.38974871688288,77,425725
2024-10-06,Norte,Iquique,-20.218769450181053,-70.13642413516853,27,191468
2024-11-16,Centro,Valparaiso,-33.043744473694666,-71.62072857181914,68,296655
2024-05-31,Norte,Iquique,-20.22788156341024,-70.1428997948525,39,191468
2024-11-07,Sur,PuertoMontt,-41.472798754031565,-72.92470953552747,58,245902
2024-02-20,Centro,Rancagua,-34.182046139641315,-70.76274731074096,57,232211
2024-04-22,Sur,Temuco,-38.73656336039704,-72.5894082800634,62,282415
2023-04-20,Sur,Concepcion,-36.825026534970824,-73.05382844835707,45,223574
2024-10-12,Sur,Concepcion,-36.82785781281541,-73.04520462349342,32,223574
2024-06-14,Norte,Antofagasta,-23.646804269988163,-70.39917972399796,74,425725
2024-04-06,Centro,Rancagua,-34.17181509905251,-70.7409837889256,50,232211
2023-06-20,Norte,Antofagasta,-23.6459469235234,-70.40976241980316,81,425725
2023-05-27,Centro,Valparaiso,-33.03924432493915,-71.5936705382955,63,296655
2024-03-02,Norte,Antofagasta,-23.653138025120118,-70.4133987076751,80,425725
2023-08-01,Norte,Arica,-18.47996759995699,-70.31506347268133,59,247552
2024-04-23,Norte,Arica,-18.48406731163404,-70.31510090703398,60,247552
2024-03-19,Sur,Temuco,-38.740945796483174,-72.59841361688106,65,282415
2024-06-25,Centro,Valparaiso,-33.050031430303484,-71.60168896746997,58,296655
2023-04-22,Norte,Antofagasta,-23.639314848266647,-70.4079701321419,76,425725
2024-04-09,Norte,Iquique,-20.20896525751353,-70.15225430682288,38,191468
2023-05-07,Centro,Valparaiso,-33.02051961515834,-71.61929089956509,55,296655
2024-09-10,Norte,Antofagasta,-23.66458223115152,-70.40798992234791,92,425725
2024-11-25,Norte,Antofagasta,-23.661077246787293,-70.38793848759441,83,425725
2024-04-06,Centro,Valparaiso,-33.04439515079395,-71.61783916088906,67,296655
2024-01-20,Centro,Valparaiso,-33.065569435762704,-71.6107378999018,46,296655
2023-04-10,Sur,PuertoMontt,-41.455458879274055,-72.92137898687251,46,245902
2024-03-03,Centro,Rancagua,-34.1723066651221,-70.74838022606964,45,232211
2024-09-29,Sur,PuertoMontt,-41.450430137630015,-72.92786253984421,48,245902
2024-02-26,Norte,Arica,-18.475256456167948,-70.3097937787165,48,247552
2024-12-23,Sur,Concepcion,-36.83745663748223,-73.04895815096626,40,223574
2024-05-14,Sur,Temuco,-38.74448420977808,-72.5826101428199,55,282415
2024-08-05,Norte,Antofagasta,-23.649293430981878,-70.38814463205625,93,425725
2024-07-08,Sur,Concepcion,-36.830593999643135,-73.04470847137272,53,223574
2023-02-04,Sur,PuertoMontt,-41.4533601630793,-72.93280913614049,44,245902
2023-08-14,Centro,Valparaiso,-33.04552576344039,-71.5981179130155,63,296655
2023-06-27,Norte,Antofagasta,-23.657046509146845,-70.39085822031564,93,425725
2024-11-01,Sur,PuertoMontt,-41.465850222629705,-72.94620714024072,60,245902
2023-05-13,Centro,Rancagua,-34.17800262424095,-70.73227908480477,53,232211
2023-03-09,Sur,Temuco,-38.75640796260249,-72.58200062037243,54,282415
2023-04-28,Centro,Valparaiso,-33.03811032451157,-71.59426221398806,61,296655
2024-01-08,Sur,PuertoMontt,-41.467916972133274,-72.92292819689895,44,245902
2024-12-03,Norte,Arica,-18.48178860496739,-70.32639982534084,48,247552
2023-05-16,Centro,Rancagua,-34.16941647492573,-70.74400662146913,57,232211
2023-02-12,Sur,Temuco,-38.727383634062356,-72.59678918886095,70,282415
2023-10-26,Norte,Antofagasta,-23.65170552404672,-70.40318254111526,59,425725
2024-10-24,Sur,PuertoMontt,-41.474475402228485,-72.93163420460542,43,245902
2024-12-23,Norte,Iquique,-20.23044784814599,-70.13240394040584,37,191468
2024-05-03,Norte,Antofagasta,-23.657218773366278,-70.40461951993622,88,425725
2023-01-19,Sur,Concepcion,-36.825247169393364,-73.03957054896787,39,223574
2024-03-07,Sur,Concepcion,-36.83448463247928,-73.06125543683993,38,223574
2023-07-19,Sur,Concepcion,-36.82825744016486,-73.05770740295546,45,223574
2023-12-16,Centro,Valparaiso,-33.041669258141624,-71.61223368609016,57,296655
2023-09-15,Sur,PuertoMontt,-41.4666758821602,-72.93400370309867,48,245902
2024-04-02,Centro,Santiago,-33.45100342984767,-70.65784872292168,1102,5614000
2023-12-10,Centro,Santiago,-33.45148967286144,-70.66325705434576,1099,5614000
2023-08-27,Norte,Antofagasta,-23.6538735571751,-70.39527253792208,78,425725
2024-08-30,Norte,Arica,-18.46728919503923,-70.30433200048344,42,247552
2024-07-02,Centro,Santiago,-33.46176820720582,-70.67392904798321,1094,5614000
2023-03-05,Sur,Temuco,-38.732855391102376,-72.59201370041667,54,282415
2024-04-26,Centro,Valparaiso,-33.04370311588632,-71.62487400434465,65,296655
2023-10-17,Norte,Arica,-18.495081877975004,-70.34518101806907,40,247552
2023-04-19,Norte,Arica,-18.460627374468302,-70.32619191278013,48,247552
2024-10-20,Sur,Concepcion,-36.813242075397426,-73.04732558870025,39,223574
2024-08-07,Centro,Santiago,-33.435297423230956,-70.68289195900894,1110,5614000
2024-05-29,Sur,Temuco,-38.73106259590524,-72.57639864347792,61,282415
2023-05-28,Norte,Antofagasta,-23.644260588046745,-70.38891177370975,70,425725
2023-07-12,Sur,PuertoMontt,-41.485375916300285,-72.94068750340712,52,245902
2023-06-28,Sur,Concepcion,-36.82920058301365,-73.02963836685339,44,223574
2023-07-27,Centro,Rancagua,-34.17750722801408,-70.73403643655685,55,232211
2024-11-28,Centro,Valparaiso,-33.055030939062306,-71.61190999408284,64,296655
2023-11-01,Centro,Valparaiso,-33.042037721123904,-71.6078636445279,53,296655
2024-12-27,Norte,Arica,-18.47221886069816,-70.32127947323625,48,247552
2024-10-10,Centro,Santiago,-33.44865228781729,-70.68243186514192,1157,5614000
2024-12-18,Norte,Iquique,-20.24253353273113,-70.11618229713392,43,191468
2024-09-27,Sur,PuertoMontt,-41.47724838169296,-72.9257659280253,49,245902
2024-05-26,Centro,Valparaiso,-33.05575284721115,-71.62359414378378,54,296655
2023-05-22,Norte,Iquique,-20.231649505503093,-70.15253364508004,32,191468
2023-08-05,Norte,Iquique,-20.23987361399142,-70.13710714405086,36,191468
2023-02-24,Sur,Concepcion,-36.820463127382,-73.05866971654375,44,223574
2023-09-25,Centro,Santiago,-33.455811873451694,-70.67227484547008,1194,5614000
2024-11-04,Norte,Iquique,-20.24562065542179,-70.15148019172308,44,191468
2023-04-22,Centro,Santiago,-33.460295797621505,-70.6495405744955,1082,5614000
2024-03-05,Sur,PuertoMontt,-41.45893882880638,-72.94180855795399,54,245902
2024-11-10,Sur,PuertoMontt,-41.46903027926943,-72.93024923842783,50,245902
2024-08-02,Sur,PuertoMontt,-41.45914942004555,-72.94177459840313,44,245902
2023-02-21,Norte,Iquique,-20.231778685947575,-70.13371196068923,47,191468
2023-12-25,Centro,Rancagua,-34.18778936783134,-70.74247604795495,56,232211
2023-09-27,Sur,Concepcion,-36.81997761600318,-73.04559276073716,40,223574
2024-08-27,Sur,PuertoMontt,-41.46581642077353,-72.94145290044331,52,245902
2023-08-14,Centro,Rancagua,-34.16386484660664,-70.74824641401104,35,232211
2023-12-09,Norte,Iquique,-20.211382490421133,-70.13820133257163,44,191468
2023-04-11,Sur,Temuco,-38.726433207162444,-72.59988376351718,55,282415
2023-05-04,Norte,Arica,-18.493437749995365,-70.3154562292875,57,247552
2023-08-26,Sur,Temuco,-38.71380082374213,-72.58991699380981,70,282415
2023-08-20,Norte,Arica,-18.471499653985855,-70.30922535071986,60,247552
2023-12-04,Sur,Temuco,-38.73436282949522,-72.58085607168191,48,282415
2023-11-26,Sur,PuertoMontt,-41.47756216837573,-72.93338859261641,38,245902
2023-05-30,Centro,Valparaiso,-33.04966115349826,-71.60305798753161,65,296655
2024-01-27,Centro,Rancagua,-34.17553697951792,-70.73618599628148,53,232211
2024-11-16,Sur,Temuco,-38.739250472342576,-72.59754596586589,54,282415
2023-04-14,Sur,PuertoMontt,-41.469246403014175,-72.9392987057515,52,245902
2024-02-08,Sur,Temuco,-38.72994521460111,-72.60660266607348,48,282415
2024-10-24,Centro,Valparaiso,-33.049792913841635,-71.61286490154689,57,296655
2024-01-12,Centro,Valparaiso,-33.05034296097529,-71.61683776879067,57,296655
2023-12-07,Sur,Concepcion,-36.842078362877004,-73.04119315267427,55,223574
2023-05-25,Sur,Temuco,-38.747926700271385,-72.59399635134339,54,282415
2024-02-05,Sur,PuertoMontt,-41.4771265466784,-72.91820227125143,41,245902
2023-02-26,Sur,PuertoMontt,-41.48197325724742,-72.95542415458603,54,245902
2024-12-08,Centro,Santiago,-33.446988584401986,-70.65867524124063,1142,5614000
2024-12-27,Norte,Iquique,-20.235359801103794,-70.14616083562979,28,191468
2024-01-04,Norte,Antofagasta,-23.64948269801389,-70.39912587960181,100,425725
2023-08-22,Centro,Rancagua,-34.1598220487051,-70.74451644394956,43,232211
2024-11-16,Sur,Temuco,-38.73029230127252,-72.5792965556419,45,282415
2023-05-10,Centro,Santiago,-33.44965712402447,-70.64467967436147,1112,5614000
2024-06-08,Sur,PuertoMontt,-41.47750489361109,-72.94454821232071,57,245902
2024-09-30,Norte,Arica,-18.473557028625777,-70.30479143746709,38,247552
2023-06-29,Centro,Valparaiso,-33.05184131779307,-71.6066351290865,69,296655
2024-12-24,Sur,Concepcion,-36.833927561956045,-73.0388351922855,50,223574
2023-01-06,Norte,Antofagasta,-23.641709691243594,-70.38143428336528,91,425725
2024-01-26,Sur,PuertoMontt,-41.47099440756818,-72.95041769280314,53,245902
2024-11-06,Centro,Rancagua,-34.15420050423809,-70.74233558144478,47,232211
2024-04-24,Norte,Iquique,-20.231824021639724,-70.12819749185489,36,191468
2024-01-08,Norte,Iquique,-20.239747064781092,-70.12840528375759,49,191468
2024-02-15,Centro,Valparaiso,-33.04479862158608,-71.60985433585415,59,296655
2023-10-11,Sur,PuertoMontt,-41.46168312450564,-72.9324684510562,48,245902
2024-07-09,Centro,Rancagua,-34.167278260200376,-70.73934225821046,44,232211
2024-05-04,Centro,Santiago,-33.442900475048155,-70.67547666493213,1110,5614000
2023-05-21,Norte,Iquique,-20.22965743012227,-70.12953670083452,47,191468
2024-11-11,Centro,Rancagua,-34.18751994844395,-70.7629124989964,43,232211
2024-05-20,Sur,Temuco,-38.7343926305753,-72.57984306254654,75,282415
2024-07-17,Centro,Santiago,-33.444004599373024,-70.64851007289958,1056,5614000
2023-12-15,Centro,Santiago,-33.45325407351043,-70.68380780486324,1119,5614000
2024-08-10,Centro,Rancagua,-34.18570939378799,-70.74289719646553,45,232211
2023-01-22,Norte,Iquique,-20.23580736698243,-70.14544937788197,40,191468
2024-11-03,Norte,Iquique,-20.234847465012407,-70.1291651363034,39,191468
2024-10-07,Sur,Concepcion,-36.83604708322544,-73.05118154308028,43,223574
2023-07-22,Sur,Temuco,-38.72723442128164,-72.5855976472994,66,282415
2023-07-23,Norte,Iquique,-20.223287447214528,-70.13898677713406,42,191468
2023-10-16,Norte,Arica,-18.461955742123685,-70.3072680461317,49,247552
2024-05-27,Sur,Concepcion,-36.84599008293008,-73.05646650278497,48,223574
2024-08-25,Sur,Concepcion,-36.848363466334916,-73.05652101670117,46,223574
2024-10-10,Sur,Temuco,-38.731444576572514,-72.56808449584886,55,282415
2023-03-19,Norte,Arica,-18.48039404638075,-70.30849149691552,42,247552
2024-08-08,Centro,Santiago,-33.44734912226314,-70.66610241599798,1059,5614000
2024-09-12,Norte,Arica,-18.488004540371108,-70.33152165828504,50,247552
2023-08-04,Centro,Santiago,-33.432902929786785,-70.67316340054387,1112,5614000
2023-08-01,Centro,Rancagua,-34.161966812447865,-70.75191891184576,50,232211
2023-10-14,Centro,Rancagua,-34.162047366987686,-70.72967505608416,47,232211
2024-08-11,Centro,Rancagua,-34.17298694514281,-70.73464881283834,51,232211
2023-03-16,Norte,Arica,-18.47911628708559,-70.31352973953547,51,247552
2023-10-22,Sur,Temuco,-38.74136850545286,-72.60673435365833,55,282415
2024-05-28,Norte,Antofagasta,-23.671396836933457,-70.4001946966157,88,425725
2023-05-03,Norte,Iquique,-20.236881775803177,-70.13313998503428,38,191468
2024-08-17,Sur,PuertoMontt,-41.47609810166313,-72.94635283873782,51,245902
2023-03-20,Sur,Concepcion,-36.82455466430956,-73.03833218510245,46,223574
2023-05-16,Centro,Santiago,-33.454646118378434,-70.669792784626,1142,5614000
2023-02-17,Centro,Rancagua,-34.17885348346327,-70.74162662782182,49,232211
2024-08-05,Norte,Antofagasta,-23.6543763222535,-70.38452510927587,85,425725
2023-11-08,Norte,Iquique,-20.245175564535195,-70.12281930718135,26,191468
2023-05-16,Centro,Valparaiso,-33.03868951300083,-71.62402427354962,62,296655
2024-08-06,Centro,Valparaiso,-33.056518127414094,-71.61330421127066,72,296655
2023-01-18,Norte,Iquique,-20.23780694710518,-70.15294742299501,48,191468
2024-09-24,Sur,Temuco,-38.7246256512019,-72.57747010597367,53,282415
2024-03-06,Norte,Arica,-18.474376237639586,-70.30784367838257,41,247552
2024-04-29,Sur,Concepcion,-36.84318722674211,-73.04959171798369,52,223574
2023-12-26,Sur,PuertoMontt,-41.45810262404542,-72.93632926433872,48,245902
2023-04-18,Sur,Temuco,-38.72994432774815,-72.58298368138995,55,282415
2023-12-28,Sur,Temuco,-38.755852002700635,-72.58803352401637,54,282415
2023-08-19,Norte,Iquique,-20.242731067682882,-70.12498502100807,39,191468
2024-12-02,Centro,Valparaiso,-33.06172023951822,-71.61217535361797,49,296655
2023-10-01,Centro,Santiago,-33.44813074212311,-70.66736039014127,1109,5614000
2023-08-27,Centro,Rancagua,-34.17508022443498,-70.74848368879653,57,232211
2023-07-30,Norte,Antofagasta,-23.66466901428445,-70.40694476040213,88,425725
2024-01-01,Norte,Iquique,-20.229712954241833,-70.13928491040458,51,191468
2024-04-06,Sur,PuertoMontt,-41.47801446880787,-72.94029859855517,50,245902
2024-09-28,Centro,Valparaiso,-33.05747121763899,-71.60897237388856,66,296655
2024-02-27,Norte,Arica,-18.48791660412487,-70.32798024517469,59,247552
2023-01-24,Sur,Temuco,-38.72638219401402,-72.61696555412846,67,282415
2024-05-10,Centro,Rancagua,-34.17571898814043,-70.74187341085268,46,232211
2023-07-21,Centro,Valparaiso,-33.044422308184096,-71.6159881154851,59,296655
2023-07-06,Norte,Arica,-18.474842688159125,-70.30697970421177,41,247552
2023-10-15,Sur,PuertoMontt,-41.447211233319386,-72.94631248467732,53,245902
2023-08-12,Centro,Rancagua,-34.171953345898274,-70.73872116633358,38,232211
2024-06-30,Norte,Iquique,-20.23510827534241,-70.12057626968897,46,191468
2023-05-09,Sur,PuertoMontt,-41.46986437308542,-72.9432735473222,44,245902
2023-01-24,Norte,Arica,-18.472432664682465,-70.30939307659948,45,247552
2023-07-12,Sur,PuertoMontt,-41.45651264097863,-72.95677546593463,46,245902
2023-03-12,Norte,Arica,-18.472495109473723,-70.32637839181889,45,247552
2024-08-31,Norte,Iquique,-20.239430655797026,-70.13812013337517,43,191468
2023-02-09,Sur,PuertoMontt,-41.46229245685277,-72.93998731688892,38,245902
2023-09-04,Centro,Rancagua,-34.19119579239926,-70.74491419068919,42,232211
2023-09-29,Centro,Rancagua,-34.16503949760342,-70.73911162053435,51,232211
2023-07-05,Sur,Concepcion,-36.81604685477853,-73.0469056537284,50,223574
2024-02-05,Norte,Iquique,-20.221037645887527,-70.12243405020186,42,191468
2023-12-12,Centro,Rancagua,-34.16009365243388,-70.74095557238992,57,232211
2024-02-11,Norte,Iquique,-20.219377363974395,-70.12048351289297,35,191468
2023-04-18,Sur,Temuco,-38.74102539366157,-72.60570266757496,50,282415
2023-09-29,Sur,Concepcion,-36.83445461925627,-73.06891988223175,43,223574
2023-01-24,Norte,Iquique,-20.234192886079914,-70.14215440755768,42,191468
2023-12-26,Norte,Arica,-18.48108916473167,-70.29421979180864,59,247552
2024-07-08,Sur,Temuco,-38.73596463019963,-72.59581170101613,60,282415
2024-11-01,Norte,Iquique,-20.19995378287086,-70.13139467368667,41,191468
2023-06-24,Centro,Santiago,-33.43942185396942,-70.66734691715537,1112,5614000
2024-12-25,Norte,Arica,-18.481737085056363,-70.33794861927224,34,247552
2024-04-12,Norte,Antofagasta,-23.64079110467829,-70.41962674272521,89,425725
2023-02-15,Sur,Concepcion,-36.83694275867055,-73.04964428666992,38,223574
2024-12-16,Sur,PuertoMontt,-41.46837066532043,-72.95411956888371,62,245902
2024-10-16,Sur,Temuco,-38.71638413428621,-72.58154694045145,50,282415
2023-03-18,Sur,Temuco,-38.74004187173073,-72.60435516050933,69,282415
2024-10-06,Centro,Rancagua,-34.18152250578193,-70.74024779869252,60,232211
2024-01-19,Norte,Antofagasta,-23.65567409857969,-70.39553268540702,93,425725
2024-09-17,Centro,Valparaiso,-33.059136038437714,-71.6209576417111,60,296655
2023-02-14,Norte,Iquique,-20.222395701381036,-70.1395178805854,43,191468
2024-04-16,Sur,Temuco,-38.74152390906114,-72.60016220336857,54,282415
2024-02-05,Sur,PuertoMontt,-41.466076708023884,-72.94225589140888,48,245902
2023-02-01,Centro,Rancagua,-34.167171746245735,-70.74695245428873,57,232211
2023-12-19,Sur,Concepcion,-36.82919217128151,-73.04499369108413,48,223574
2024-12-21,Centro,Santiago,-33.460982395232854,-70.66730174916383,1175,5614000
2024-05-24,Norte,Iquique,-20.22039246596306,-70.13585803631464,49,191468
2023-07-15,Sur,PuertoMontt,-41.47521708540567,-72.92899521591433,53,245902
2024-04-03,Norte,Arica,-18.50328697923359,-70.3150728961134,54,247552
2023-04-06,Centro,Rancagua,-34.17872259758814,-70.73060023013704,46,232211
2024-12-10,Norte,Arica,-18.480012716621705,-70.31062044253369,55,247552
2024-04-10,Norte,Iquique,-20.234456079078505,-70.14058718994946,31,191468
2024-07-21,Sur,Concepcion,-36.839503561214876,-73.04135692451874,33,223574
2023-08-22,Norte,Arica,-18.47655181718891,-70.30464428819698,52,247552
2023-05-02,Norte,Arica,-18.48352508051441,-70.3043377221357,59,247552
2023-12-12,Norte,Iquique,-20.242529382316327,-70.1285444969699,44,191468
2023-01-17,Norte,Arica,-18.4776289156826,-70.31565036288548,51,247552
2024-05-21,Centro,Rancagua,-34.18090739324479,-70.7492775822235,36,232211
2023-12-09,Sur,Temuco,-38.7349165711012,-72.58979358967987,51,282415
2024-06-20,Norte,Arica,-18.488349580230565,-70.30355656572962,58,247552
2023-04-16,Norte,Arica,-18.48382168920647,-70.3215461462778,42,247552
2023-01-03,Sur,Concepcion,-36.82669595491644,-73.04475837223163,43,223574
2024-10-18,Norte,Antofagasta,-23.6457296914892,-70.40078141480468,97,425725
2024-03-14,Centro,Valparaiso,-33.043075902327416,-71.60802418453932,65,296655
2024-03-26,Centro,Rancagua,-34.17159969267043,-70.74129499049343,44,232211
2023-03-14,Norte,Iquique,-20.235739309643236,-70.12890165562085,37,191468
2023-06-13,Sur,Temuco,-38.751702536823146,-72.58735787479532,53,282415
2024-06-03,Sur,Temuco,-38.741485013539716,-72.59654798237985,68,282415
2024-10-12,Sur,PuertoMontt,-41.49395069102362,-72.93663564128903,46,245902
2024-11-20,Norte,Arica,-18.477503995497514,-70.3201716042134,43,247552
2024-09-21,Centro,Valparaiso,-33.04993742919186,-71.60829196716178,59,296655
2023-01-26,Norte,Iquique,-20.22913701360711,-70.13395841859084,35,191468
2024-10-06,Norte,Arica,-18.476693492123054,-70.32325881898909,55,247552
2024-03-11,Centro,Santiago,-33.43741127592435,-70.66729642864647,1182,5614000
2023-07-23,Centro,Rancagua,-34.1827192329397,-70.72405140331122,47,232211
2024-07-12,Centro,Rancagua,-34.16821125058199,-70.7485241314606,49,232211
2023-09-07,Norte,Arica,-18.483059148499887,-70.31822439654633,47,247552
2024-04-10,Centro,Rancagua,-34.169536891052964,-70.73040679573313,44,232211
2023-09-09,Norte,Arica,-18.49454338273226,-70.32806754212373,47,247552
2024-08-15,Sur,Concepcion,-36.83826909479026,-73.04278729884221,35,223574
2024-04-17,Norte,Iquique,-20.229380350126014,-70.12687535711756,44,191468
2023-10-08,Norte,Arica,-18.47621108980334,-70.30927832330363,51,247552
2023-08-18,Sur,Temuco,-38.749123413391956,-72.57512736454154,68,282415
2024-08-21,Sur,PuertoMontt,-41.45854315750527,-72.93089901122164,66,245902
2024-10-07,Sur,Concepcion,-36.82238246816955,-73.05153878822267,40,223574
2023-11-01,Centro,Valparaiso,-33.06990310063347,-71.59601590486511,65,296655
2023-01-25,Norte,Antofagasta,-23.648436386283862,-70.4105768126782,85,425725
2024-08-16,Norte,Arica,-18.484476349438886,-70.31116686002575,45,247552
2023-05-16,Norte,Arica,-18.482222926398304,-70.32737948915549,56,247552
2023-10-18,Sur,PuertoMontt,-41.480126662510145,-72.93925113911595,45,245902
2024-01-02,Sur,Concepcion,-36.831368833764486,-73.0495205327363,38,223574
2024-10-17,Centro,Rancagua,-34.164366119138705,-70.7468027031608,46,232211
2024-11-30,Centro,Valparaiso,-33.06214280047115,-71.62238375363259,60,296655
2023-12-28,Norte,Iquique,-20.217168282213667,-70.15150234316759,42,191468
2023-02-15,Centro,Santiago,-33.458524625214466,-70.67515090372265,1090,5614000
2024-03-25,Centro,Santiago,-33.45737172930124,-70.67214286656194,1092,5614000
2024-04-12,Norte,Iquique,-20.237986036587706,-70.12654828044178,52,191468
2023-02-16,Centro,Santiago,-33.44298296794076,-70.66211701006158,1167,5614000
2023-10-23,Norte,Arica,-18.485034566778843,-70.32185533997237,42,247552
2023-08-19,Centro,Rancagua,-34.16223696764572,-70.74897921736773,39,232211
2023-10-28,Sur,Concepcion,-36.81597529440637,-73.05186625519704,53,223574
2023-10-08,Centro,Valparaiso,-33.03684804782374,-71.60455870819519,75,296655
2023-07-23,Sur,Concepcion,-36.820578123562356,-73.04341399311305,56,223574
2023-08-07,Sur,Concepcion,-36.83912717746832,-73.05104727783372,39,223574
2023-04-21,Centro,Rancagua,-34.179550847025055,-70.73397133038478,41,232211
2024-12-15,Sur,Concepcion,-36.817854141167174,-73.04590579443925,56,223574
2023-10-06,Sur,Temuco,-38.73840331145004,-72.58977197653316,45,282415
2024-01-08,Centro,Santiago,-33.454242499149544,-70.66523948368037,1139,5614000
2024-11-17,Sur,Concepcion,-36.8299799379481,-73.04699176341427,42,223574
2024-03-28,Sur,Temuco,-38.74411086867209,-72.58543512615765,61,282415
2023-04-12,Sur,Temuco,-38.753010428319264,-72.59364237404114,59,282415
2024-09-01,Sur,Concepcion,-36.81515425668073,-73.04205749944498,37,223574
2023-01-09,Sur,Concepcion,-36.84363517043154,-73.04843230802351,50,223574
2023-05-10,Norte,Iquique,-20.217083698288512,-70.13142639468745,41,191468
2024-02-11,Norte,Antofagasta,-23.65201520958444,-70.40066764176245,83,425725
2024-01-10,Norte,Antofagasta,-23.647333843170422,-70.39830375859981,93,425725
2023-10-12,Sur,PuertoMontt,-41.47607648247863,-72.95495078689115,39,245902
2024-08-29,Norte,Antofagasta,-23.64544973117221,-70.39339959545055,114,425725
2023-11-29,Sur,Temuco,-38.745016180892385,-72.57398481382123,56,282415
2023-02-12,Centro,Rancagua,-34.18399418372422,-70.74473733112748,44,232211
2024-04-01,Centro,Valparaiso,-33.04419815223175,-71.62698669622118,66,296655
2024-05-19,Centro,Santiago,-33.43543938348782,-70.67709046536777,1102,5614000
2024-05-26,Sur,Concepcion,-36.842187756899996,-73.04267086861378,49,223574
2023-01-13,Norte,Iquique,-20.22324322153339,-70.14367383739364,32,191468
2023-05-02,Centro,Rancagua,-34.15977064940535,-70.73404170144359,55,232211
2024-04-18,Centro,Rancagua,-34.15685801706723,-70.74410410489465,35,232211
2024-12-15,Sur,Concepcion,-36.807222049699455,-73.05344602121392,44,223574
2024-04-29,Centro,Valparaiso,-33.039099919626636,-71.5971616552602,63,296655
2024-08-08,Sur,Temuco,-38.753559410765256,-72.58144107386012,56,282415
2024-01-18,Sur,Concepcion,-36.825079187630074,-73.03961871626784,47,223574
2023-09-26,Norte,Antofagasta,-23.646321149860306,-70.41133337514815,89,425725
2024-06-02,Norte,Iquique,-20.22004367880063,-70.14086291360844,37,191468
2024-12-16,Norte,Iquique,-20.226204738832706,-70.12622453429132,36,191468
2023-09-24,Centro,Valparaiso,-33.05171286254925,-71.6019618893584,59,296655
2024-03-22,Centro,Santiago,-33.45709154873027,-70.67010981862039,1114,5614000
2024-04-13,Centro,Santiago,-33.47351806635076,-70.66758817578484,1118,5614000
2023-05-17,Sur,Temuco,-38.71900982525594,-72.5853950807226,55,282415
2023-05-16,Centro,Valparaiso,-33.05295819239937,-71.61664536784639,62,296655
2024-06-06,Sur,Temuco,-38.751631597893635,-72.59512246433168,51,282415
2023-07-01,Norte,Antofagasta,-23.66366954700246,-70.40601264242216,84,425725
2023-07-15,Sur,Temuco,-38.731053001341074,-72.60182170382173,61,282415
2024-12-31,Centro,Santiago,-33.44233083109221,-70.6649470995626,1159,5614000
2023-12-22,Centro,Valparaiso,-33.0482220970102,-71.61046701449837,57,296655
2024-01-27,Centro,Valparaiso,-33.04870893124932,-71.61269849494535,56,296655
2024-10-15,Sur,Temuco,-38.74218135082051,-72.57510763884126,60,282415
2023-07-30,Centro,Santiago,-33.44973472774723,-70.6598237036769,1105,5614000
2024-07-01,Sur,Temuco,-38.72303375371587,-72.60219280990164,66,282415
2023-06-24,Norte,Arica,-18.481018460673496,-70.31457478726155,50,247552
2023-10-17,Norte,Iquique,-20.23990553600018,-70.13826049467869,33,191468
2023-07-27,Centro,Rancagua,-34.170801774555116,-70.74094257963665,47,232211
2024-12-27,Norte,Iquique,-20.25337188907556,-70.13784297761984,48,191468
2023-08-01,Sur,PuertoMontt,-41.47315081550837,-72.9230234964424,59,245902
2024-02-01,Sur,PuertoMontt,-41.463399006073615,-72.9427402369843,62,245902
2024-12-15,Norte,Arica,-18.48669774979783,-70.31602325684116,62,247552
2024-04-12,Sur,Temuco,-38.74222277337376,-72.56966177404897,50,282415
2024-10-25,Norte,Arica,-18.496319192450436,-70.33295160813928,54,247552
2024-12-02,Norte,Iquique,-20.23523219771661,-70.1371671004846,32,191468
2023-07-13,Centro,Rancagua,-34.156913464469135,-70.73623246966187,52,232211
2023-05-16,Sur,Temuco,-38.72778036749312,-72.61252908167933,68,282415
2023-01-23,Centro,Santiago,-33.46442006851711,-70.67115234129592,1138,5614000
2023-09-28,Sur,PuertoMontt,-41.46508089238925,-72.94033978677895,44,245902
2023-06-03,Centro,Rancagua,-34.164696278735256,-70.73721130533771,34,232211
2024-03-17,Sur,Concepcion,-36.845047117234074,-73.04524493106504,48,223574
2024-11-22,Sur,Temuco,-38.73640658215003,-72.58667867964017,60,282415
2023-07-21,Sur,Temuco,-38.721172131149025,-72.59279795335621,66,282415
2023-03-09,Norte,Arica,-18.479860236088633,-70.2881088036891,54,247552
2024-11-05,Sur,Concepcion,-36.819111773816374,-73.03945151701423,36,223574
2024-11-18,Sur,PuertoMontt,-41.45263222700994,-72.92354318951988,53,245902
2024-09-17,Sur,PuertoMontt,-41.468745961000295,-72.92648486899523,52,245902
2024-06-09,Norte,Antofagasta,-23.653036260687507,-70.40620920456504,93,425725
2023-01-09,Norte,Arica,-18.476375934424738,-70.31722545593404,46,247552
2024-12-09,Sur,PuertoMontt,-41.47512766311103,-72.90976972798717,47,245902
2024-04-12,Norte,Arica,-18.479052543659286,-70.3108611470185,55,247552
2023-12-05,Norte,Antofagasta,-23.65557944621538,-70.40813353088443,98,425725
2023-09-24,Norte,Arica,-18.484293433945748,-70.30445135502978,53,247552
2023-01-01,Norte,Iquique,-20.232565730105925,-70.15775065531662,36,191468
2023-03-27,Sur,Temuco,-38.74359426032266,-72.60006364472915,64,282415
2024-10-10,Centro,Rancagua,-34.1571533088746,-70.73603452591618,48,232211
2023-08-26,Norte,Antofagasta,-23.664393561751677,-70.40161817913022,104,425725
2023-09-20,Centro,Valparaiso,-33.0425099804932,-71.6208600583767,55,296655
2024-07-27,Sur,Concepcion,-36.83302516492367,-73.03993886690746,44,223574
2024-04-01,Norte,Antofagasta,-23.67048484890825,-70.39460230641369,83,425725
2023-11-24,Sur,Temuco,-38.743821316684965,-72.59650281608725,58,282415
2024-07-23,Norte,Arica,-18.491567660393887,-70.31517573810517,39,247552
2024-11-18,Norte,Antofagasta,-23.662501334338472,-70.39739674617918,73,425725
2024-07-21,Sur,PuertoMontt,-41.45544710275135,-72.93215945387776,48,245902
2024-12-31,Sur,PuertoMontt,-41.47464105748107,-72.94832255939946,36,245902
2024-06-15,Sur,Concepcion,-36.83052558935103,-73.0504039353264,41,223574
2023-08-01,Sur,Concepcion,-36.8226746906889,-73.05755231610567,38,223574
2023-11-24,Norte,Antofagasta,-23.664437246116247,-70.3974145538488,76,425725
2024-05-20,Norte,Iquique,-20.22516420506214,-70.15363029982609,41,191468
2024-08-20,Centro,Rancagua,-34.17340381735181,-70.74269125715043,37,232211
2023-09-04,Norte,Arica,-18.485038325953454,-70.32366036978038,60,247552
2024-03-26,Centro,Valparaiso,-33.03712544309691,-71.61554977247313,74,296655
2024-10-16,Centro,Santiago,-33.43948009801057,-70.67482787797799,1109,5614000
2023-06-04,Sur,PuertoMontt,-41.4660510567523,-72.94137703670171,46,245902
2024-03-23,Centro,Rancagua,-34.17353856163412,-70.74079200212759,59,232211
2024-09-30,Norte,Antofagasta,-23.649676117766244,-70.40063560950689,72,425725
2024-10-04,Norte,Iquique,-20.248570285857625,-70.13342687821766,51,191468
2023-02-19,Centro,Santiago,-33.451849928357746,-70.68940155240672,1070,5614000
2024-12-06,Norte,Iquique,-20.224117043240305,-70.15455645913482,44,191468
2023-07-18,Centro,Rancagua,-34.1604691545717,-70.74718061943065,45,232211
2023-11-27,Centro,Rancagua,-34.16107142478206,-70.75851310849154,53,232211
2024-12-09,Centro,Valparaiso,-33.055292578100946,-71.6181279888705,60,296655
2023-09-11,Sur,Concepcion,-36.81604710219409,-73.0460398604077,38,223574
2024-10-25,Centro,Valparaiso,-33.052359434065686,-71.60890934846002,56,296655
2023-06-17,Norte,Iquique,-20.23305611833546,-70.13283200872911,49,191468
2024-02-14,Centro,Rancagua,-34.15945667108608,-70.74577346207008,45,232211
2023-07-29,Sur,Temuco,-38.725634097421,-72.59313786171883,48,282415
2023-01-06,Sur,Concepcion,-36.83074115941449,-73.05873794423549,44,223574
2023-10-01,Sur,Concepcion,-36.83031497412632,-73.05182647084624,43,223574
2023-02-25,Sur,Concepcion,-36.82433597318403,-73.06256182633065,37,223574
2024-07-07,Norte,Antofagasta,-23.65312051093029,-70.41319987909661,78,425725
2024-06-01,Centro,Valparaiso,-33.0265247773603,-71.6082986378491,72,296655
2023-08-13,Centro,Valparaiso,-33.046298486761415,-71.60836532794715,48,296655
2024-02-08,Norte,Arica,-18.485132131333277,-70.30574328448132,58,247552
2023-10-27,Centro,Valparaiso,-33.0599675121864,-71.61514493006152,63,296655
2023-12-03,Sur,Concepcion,-36.831231257351256,-73.0565014037797,45,223574
2024-02-24,Centro,Santiago,-33.45136425424913,-70.66441661910552,1118,5614000
2023-04-22,Sur,PuertoMontt,-41.47388917960338,-72.93092665833788,45,245902
2023-02-01,Norte,Antofagasta,-23.636293116162552,-70.40490633164933,70,425725
2023-09-27,Norte,Arica,-18.468799800741525,-70.30992097064093,53,247552
2024-07-13,Norte,Iquique,-20.234623396351513,-70.13436232032866,35,191468
2023-02-13,Norte,Iquique,-20.22768751307759,-70.12998601175984,34,191468
2024-04-18,Centro,Santiago,-33.4370305293334,-70.65094505061516,1072,5614000
2024-11-22,Norte,Arica,-18.47317332005059,-70.30614742554475,51,247552
2023-04-12,Sur,PuertoMontt,-41.463205804171714,-72.93520351328704,57,245902
2024-10-25,Centro,Rancagua,-34.172297657734134,-70.73592182453989,51,232211
2024-11-08,Centro,Rancagua,-34.15545508285172,-70.73211504905858,47,232211
2024-02-05,Sur,Concepcion,-36.82933661204646,-73.0437669646877,46,223574
2024-09-10,Sur,Concepcion,-36.81826832333249,-73.05899580440447,44,223574
2024-07-31,Norte,Antofagasta,-23.65960641982281,-70.41640277312287,95,425725
2024-06-20,Centro,Santiago,-33.443496543850365,-70.66537127618864,1133,5614000
2023-01-17,Sur,Concepcion,-36.81531922299403,-73.0441115756573,56,223574
2023-07-24,Norte,Iquique,-20.237949716005414,-70.12299447539341,46,191468
2024-03-13,Sur,PuertoMontt,-41.46148687261405,-72.92689336341138,57,245902
2023-08-08,Norte,Antofagasta,-23.655372848429682,-70.39216195537716,91,425725
2024-01-28,Norte,Arica,-18.478689365542586,-70.31792736818602,67,247552
2023-11-04,Norte,Antofagasta,-23.65210888365664,-70.40843197507427,76,425725
2024-06-03,Norte,Antofagasta,-23.64293274076532,-70.38805542132317,62,425725
2023-05-08,Sur,PuertoMontt,-41.45893694732605,-72.9306917736568,56,245902
2024-11-20,Centro,Valparaiso,-33.04591841419692,-71.5967929071947,64,296655
2024-11-29,Sur,Temuco,-38.744499334690104,-72.57241691807695,62,282415
2024-05-09,Sur,PuertoMontt,-41.47114816001803,-72.94831187111079,55,245902
2023-03-23,Norte,Antofagasta,-23.6473149929563,-70.38897640512126,76,425725
2024-06-02,Norte,Antofagasta,-23.643614536069588,-70.39799897387054,86,425725
2024-12-20,Sur,PuertoMontt,-41.48122158533991,-72.94613831525676,44,245902
2023-12-01,Centro,Santiago,-33.46872156617452,-70.68933517341057,1095,5614000
2023-05-03,Norte,Iquique,-20.22692330740664,-70.14159534065236,36,191468
2023-07-24,Centro,Santiago,-33.438664301465415,-70.67289913868004,1137,5614000
2023-04-05,Centro,Rancagua,-34.172838688159366,-70.73994490855935,45,232211
2024-03-24,Norte,Iquique,-20.239974231275554,-70.12931370512253,35,191468
2024-10-08,Centro,Rancagua,-34.182868189081454,-70.7474450054373,44,232211
2023-04-20,Sur,Concepcion,-36.834424198759656,-73.04701344242349,41,223574
2024-10-13,Sur,Concepcion,-36.84476133668934,-73.06937873390592,44,223574
2024-05-25,Norte,Antofagasta,-23.640632066002464,-70.3904615498081,90,425725
2023-05-22,Centro,Valparaiso,-33.0473724086155,-71.62270865601428,44,296655
2024-05-21,Sur,Concepcion,-36.80591738581919,-73.03325458634073,37,223574
2024-01-21,Norte,Antofagasta,-23.655250612557555,-70.39589648399873,81,425725
2024-10-22,Centro,Santiago,-33.44438224920586,-70.65436323243154,1117,5614000
2023-12-29,Sur,PuertoMontt,-41.473029252289074,-72.928410390454,50,245902
2023-07-31,Sur,Temuco,-38.7595180798425,-72.58601717546085,55,282415
2024-10-18,Centro,Santiago,-33.45652459491988,-70.6620876458574,1111,5614000
2024-07-02,Sur,Concepcion,-36.811434504553525,-73.05551660070364,45,223574
2023-05-26,Sur,Temuco,-38.72757714136976,-72.59442393322838,66,282415
2023-06-03,Norte,Antofagasta,-23.64426587044507,-70.40161407212076,86,425725
2024-11-21,Centro,Valparaiso,-33.05772171572376,-71.60917819416204,56,296655
2024-03-23,Norte,Antofagasta,-23.670648982006348,-70.39531754675728,82,425725
2024-06-19,Norte,Antofagasta,-23.67017447089146,-70.4154473723702,86,425725
2024-01-21,Norte,Antofagasta,-23.636602822173572,-70.39064791202325,91,425725
2024-08-30,Sur,Temuco,-38.73869222840728,-72.58985840632123,57,282415
2024-09-05,Norte,Antofagasta,-23.634674928318017,-70.41765842755945,97,425725
2024-07-22,Norte,Arica,-18.477220989372018,-70.31157396971486,50,247552
2023-11-03,Norte,Antofagasta,-23.66374790957747,-70.39847651118947,86,425725
2024-11-06,Norte,Antofagasta,-23.645912917594046,-70.40406122710533,94,425725
2024-02-03,Centro,Rancagua,-34.16721539519475,-70.7529309163367,49,232211
2024-04-25,Sur,PuertoMontt,-41.47544448261387,-72.9434698543179,38,245902
2023-11-23,Norte,Iquique,-20.22140774518474,-70.14743811455732,29,191468
2024-03-14,Centro,Valparaiso,-33.0583641384478,-71.62388004236588,58,296655
2024-01-10,Norte,Arica,-18.482263785462024,-70.31686849752712,49,247552
2024-06-16,Centro,Santiago,-33.44886332991952,-70.67165357299454,1156,5614000
2024-06-23,Sur,Temuco,-38.72139215836068,-72.58541226529343,55,282415
2023-09-11,Norte,Iquique,-20.240347443995724,-70.13295980676368,36,191468
2023-10-18,Norte,Arica,-18.496326868511677,-70.30905789022371,50,247552
2023-06-02,Norte,Arica,-18.4705392725061,-70.2964414800356,52,247552
2024-03-12,Sur,PuertoMontt,-41.47114947558033,-72.94735274683002,57,245902
2023-05-17,Sur,Concepcion,-36.83170332156553,-73.05102991193635,49,223574
2024-04-29,Norte,Iquique,-20.232713785759874,-70.12751249557056,29,191468
2023-06-03,Centro,Rancagua,-34.16660367760945,-70.73614531275528,38,232211
2023-03-23,Sur,PuertoMontt,-41.47726614575531,-72.92838018218717,53,245902
2024-04-05,Norte,Iquique,-20.2361969677187,-70.13132624822582,51,191468
2024-12-20,Centro,Santiago,-33.45937078359997,-70.68731343391552,1166,5614000
2024-05-21,Norte,Antofagasta,-23.647639424287643,-70.39677933043507,75,425725
2024-05-30,Norte,Iquique,-20.224745508097655,-70.14149523744595,31,191468
2023-01-06,Norte,Arica,-18.47134635042212,-70.30863869490463,39,247552
2023-05-11,Sur,Temuco,-38.752694645487416,-72.58195603809904,56,282415
2023-10-17,Centro,Rancagua,-34.17109970636374,-70.75590339098551,41,232211
2024-07-15,Sur,Temuco,-38.74559539832813,-72.58727885336192,69,282415
2023-04-28,Centro,Valparaiso,-33.04848527126977,-71.5917797050704,61,296655
2023-02-24,Centro,Santiago,-33.46804894776066,-70.68922115088297,1112,5614000
2023-05-01,Norte,Arica,-18.473489558202076,-70.29509899409271,41,247552
2024-05-28,Centro,Santiago,-33.4469207751765,-70.66569567311859,1144,5614000
2023-05-29,Norte,Antofagasta,-23.654018960028278,-70.40148304332861,93,425725
2023-11-04,Sur,Temuco,-38.72529398906292,-72.59630725789373,55,282415
2023-06-04,Sur,PuertoMontt,-41.48263638661354,-72.93218505165387,51,245902
2023-11-25,Centro,Valparaiso,-33.06003132662064,-71.6162985790773,58,296655
2023-05-27,Centro,Valparaiso,-33.04354893413022,-71.6197861572324,66,296655
2023-04-20,Norte,Arica,-18.48268313835905,-70.3172206803023,51,247552
2024-01-03,Sur,Temuco,-38.74218081536974,-72.59273453719844,58,282415
2023-04-06,Sur,Concepcion,-36.82850483392098,-73.03026669243974,39,223574
2024-12-15,Sur,Concepcion,-36.82517485502891,-73.07270337242522,38,223574
2023-08-31,Norte,Iquique,-20.232365707261245,-70.13527878018996,35,191468
2023-07-04,Sur,Temuco,-38.72124023689144,-72.57005951201648,56,282415
2024-04-05,Norte,Antofagasta,-23.66337137891906,-70.40516167891363,77,425725
2024-05-09,Norte,Iquique,-20.243315710460678,-70.1186498655799,37,191468
2024-04-10,Sur,Concepcion,-36.83292535014886,-73.04722388780881,37,223574
2024-10-02,Norte,Antofagasta,-23.65736730976537,-70.38521591996229,100,425725
2024-10-28,Sur,Concepcion,-36.83181957101689,-73.05462254503097,42,223574
2023-12-28,Sur,Concepcion,-36.84178623173921,-73.04942602336133,46,223574
2023-05-14,Centro,Rancagua,-34.18168654931107,-70.73846839039855,50,232211
2023-03-10,Centro,Santiago,-33.42904467893655,-70.6815923129791,1100,5614000
2023-04-09,Sur,Temuco,-38.73709367046799,-72.58846828720905,57,282415
2023-05-24,Norte,Arica,-18.473467606026862,-70.32035404890681,43,247552
2024-07-30,Sur,PuertoMontt,-41.47064373164849,-72.94682971930527,58,245902
2024-12-23,Norte,Iquique,-20.226078586766338,-70.14543201911522,35,191468
2024-11-26,Norte,Iquique,-20.22507763373212,-70.13704927788709,52,191468
2023-02-28,Norte,Iquique,-20.223025811869782,-70.12567155302777,36,191468
2023-05-14,Sur,PuertoMontt,-41.47677771513589,-72.9419971832779,53,245902
2024-04-01,Norte,Arica,-18.47935408385545,-70.30903930764931,45,247552
2024-09-23,Norte,Antofagasta,-23.63118325967417,-70.41434845398784,88,425725
2023-06-13,Sur,Temuco,-38.730932384711764,-72.58533746481208,49,282415
2023-11-25,Norte,Antofagasta,-23.66051752123972,-70.41039396706319,104,425725
2023-08-23,Sur,PuertoMontt,-41.47292029136998,-72.94612465788275,42,245902
2024-01-30,Centro,Valparaiso,-33.02896008564824,-71.60788687976641,54,296655
2024-09-01,Norte,Arica,-18.504880198136735,-70.30162019544738,45,247552
2024-09-04,Centro,Rancagua,-34.164941942276194,-70.74507898148434,42,232211
2023-06-08,Centro,Valparaiso,-33.04250332287387,-71.61447867861435,57,296655
2023-07-23,Sur,Temuco,-38.73321434071794,-72.57874108353435,60,282415
2024-01-02,Norte,Antofagasta,-23.634745084856473,-70.38932741478123,89,425725
2024-03-16,Sur,Temuco,-38.75047395597341,-72.58339876408903,41,282415
2023-09-14,Centro,Santiago,-33.46857502263964,-70.67510635719283,1131,5614000
2024-09-15,Centro,Santiago,-33.465822440522615,-70.66571544436377,1169,5614000
2024-06-21,Norte,Antofagasta,-23.662202964642002,-70.40955721626928,74,425725
2024-05-13,Norte,Iquique,-20.218280558147704,-70.15846212098027,37,191468
2024-06-03,Norte,Arica,-18.45938959642794,-70.31306305051338,48,247552
2024-07-27,Norte,Antofagasta,-23.650367368620294,-70.39988597061645,96,425725
2023-12-11,Norte,Antofagasta,-23.651944109657332,-70.3928238159656,75,425725
2023-08-12,Norte,Antofagasta,-23.662849836972626,-70.37645002094877,85,425725
2024-02-07,Norte,Iquique,-20.232430329434234,-70.12958773027079,45,191468
2024-01-28,Centro,Santiago,-33.448200493861336,-70.68183643718729,1145,5614000
2023-11-29,Sur,PuertoMontt,-41.47683230514992,-72.92945423023366,43,245902
2024-05-05,Sur,Temuco,-38.724950573465286,-72.6017285191268,49,282415
2023-06-04,Sur,PuertoMontt,-41.476229146048546,-72.93347113857412,51,245902
2023-06-14,Sur,Concepcion,-36.84068068788985,-73.0419377237655,62,223574
2023-01-08,Sur,Concepcion,-36.82705253902271,-73.03616999190218,44,223574
2024-07-25,Centro,Santiago,-33.46338503185364,-70.6637093236185,1125,5614000
2023-05-02,Sur,Temuco,-38.72744218199425,-72.59220658838015,48,282415
2023-11-13,Sur,Temuco,-38.75238116106766,-72.58398734310475,54,282415
2024-01-05,Sur,Concepcion,-36.843521389303106,-73.04813222212482,53,223574
2024-02-19,Norte,Antofagasta,-23.648280349469808,-70.38101914974584,90,425725
2023-02-19,Sur,PuertoMontt,-41.461706384853194,-72.93479504774825,40,245902
2024-10-20,Sur,Concepcion,-36.831079263841666,-73.06067990290026,52,223574
2024-02-12,Norte,Iquique,-20.235040217665052,-70.15398340002534,50,191468
2023-01-27,Sur,Concepcion,-36.828633071398144,-73.05652822462456,48,223574
2023-05-20,Norte,Arica,-18.478178655561226,-70.31601045627565,48,247552
2023-10-08,Centro,Valparaiso,-33.05450522210841,-71.62194659535974,63,296655
2024-12-06,Norte,Arica,-18.475891929209666,-70.31242729278148,47,247552
2024-10-15,Centro,Rancagua,-34.166263335325205,-70.74400481151578,42,232211
2023-04-11,Centro,Rancagua,-34.173533968503946,-70.76419652993141,34,232211
2024-01-01,Norte,Antofagasta,-23.64963879312657,-70.40958647803147,85,425725
2023-05-23,Sur,PuertoMontt,-41.46496880772706,-72.9419345625016,50,245902
2023-12-23,Centro,Rancagua,-34.17160127706801,-70.73381455533236,47,232211
2023-06-18,Sur,PuertoMontt,-41.474580337306655,-72.9405476288953,46,245902
2024-10-31,Sur,Temuco,-38.75224432650375,-72.57824573873074,58,282415
2024-10-16,Sur,Temuco,-38.75247563432567,-72.59703488842561,55,282415
2023-12-12,Sur,Concepcion,-36.82742073466636,-73.03091712284683,41,223574
2023-08-30,Sur,Temuco,-38.75615508867705,-72.58731890460137,36,282415
2023-02-25,Norte,Antofagasta,-23.650296974686338,-70.3924715682031,86,425725
2023-07-14,Norte,Arica,-18.481384676256443,-70.31318981192007,48,247552
2024-06-23,Centro,Rancagua,-34.16963115207956,-70.74301103601546,51,232211
2023-09-27,Norte,Arica,-18.485674489920825,-70.31905218788528,50,247552
2024-06-05,Sur,Concepcion,-36.81583287932941,-73.03903265382571,56,223574
2024-11-19,Sur,Concepcion,-36.830052731784996,-73.0430277140607,53,223574
2023-06-06,Sur,Temuco,-38.74508637753992,-72.5923227649809,61,282415
2024-09-23,Centro,Santiago,-33.45719388261161,-70.67227038747966,1086,5614000
2024-10-11,Sur,Concepcion,-36.820692188794375,-73.04587544177441,47,223574
2023-11-14,Sur,PuertoMontt,-41.48921343054373,-72.94360543463952,48,245902
2023-08-24,Sur,PuertoMontt,-41.46553846372847,-72.93258406285484,48,245902
2024-10-14,Centro,Santiago,-33.437786532226816,-70.67595467041983,1170,5614000
2024-01-25,Sur,Concepcion,-36.83369020904518,-73.05018189602531,46,223574
2024-09-01,Norte,Arica,-18.473054750603612,-70.30050759103874,54,247552
2023-09-15,Centro,Santiago,-33.459108748642365,-70.67422649328067,1146,5614000
2023-08-10,Norte,Iquique,-20.22846870023906,-70.13757700386645,42,191468
2024-11-01,Sur,Concepcion,-36.82838707169844,-73.0543199794983,35,223574
2024-11-09,Norte,Antofagasta,-23.65535266979434,-70.40996135873569,81,425725
2023-01-27,Sur,Concepcion,-36.81913257475058,-73.05347272645163,40,223574
2023-06-12,Sur,Temuco,-38.766219652068195,-72.59180781131883,44,282415
2023-04-23,Centro,Santiago,-33.45113113581429,-70.6560784778501,1135,5614000
2023-05-29,Centro,Santiago,-33.445440157452104,-70.67526864511059,1119,5614000
2023-04-26,Norte,Iquique,-20.225294477398297,-70.11232864758897,34,191468
2023-06-09,Sur,Concepcion,-36.81118058106746,-73.06476477463056,50,223574
2024-09-29,Norte,Antofagasta,-23.629671582948482,-70.40408310867139,84,425725
2024-09-24,Centro,Santiago,-33.45133696640377,-70.65902582146447,1108,5614000
2024-07-12,Centro,Santiago,-33.44587802774124,-70.65034078263606,1127,5614000
2023-09-17,Centro,Valparaiso,-33.04262634633161,-71.62152774145497,45,296655
2023-10-22,Centro,Valparaiso,-33.03807231272277,-71.61454287194599,65,296655
2024-12-10,Sur,PuertoMontt,-41.48277291161258,-72.9331257003767,42,245902
2024-06-07,Centro,Santiago,-33.419715246071426,-70.64652877420991,1099,5614000
2024-02-08,Sur,Temuco,-38.73140047004107,-72.59384879042958,58,282415
2023-05-12,Centro,Rancagua,-34.16369326251918,-70.7474204732959,34,232211
2023-06-20,Sur,Concepcion,-36.84086505709962,-73.05683270094448,36,223574
2023-04-12,Norte,Antofagasta,-23.63368242757626,-70.40489221318951,108,425725
2023-03-12,Norte,Antofagasta,-23.641831488047128,-70.3914161063876,91,425725
2023-09-14,Sur,Temuco,-38.74249612498165,-72.58980793037023,68,282415
2023-10-30,Centro,Rancagua,-34.18387225422793,-70.72331169299981,53,232211
2024-03-03,Centro,Valparaiso,-33.04266031998405,-71.60468550001501,56,296655
2024-08-30,Centro,Valparaiso,-33.02813037410859,-71.61347710742011,59,296655
2024-12-09,Sur,PuertoMontt,-41.476223320315675,-72.92856952667317,50,245902
2023-04-06,Sur,PuertoMontt,-41.46603628348514,-72.94690449761895,55,245902
2024-07-08,Norte,Antofagasta,-23.656769941698172,-70.38975886814703,83,425725
2024-10-20,Sur,Temuco,-38.73320090559362,-72.58062694234833,59,282415
2024-10-01,Centro,Rancagua,-34.17526908908455,-70.75824104600032,50,232211
2023-12-19,Sur,Temuco,-38.7392993980791,-72.59923901751081,52,282415
2023-04-09,Centro,Rancagua,-34.17098175287659,-70.74928080718313,33,232211
2024-05-24,Norte,Antofagasta,-23.648013050972377,-70.38408619352619,80,425725
2024-04-08,Sur,Temuco,-38.7324395175134,-72.57529689765666,65,282415
2024-05-31,Sur,Temuco,-38.754882598076,-72.58798037102319,58,282415
2023-12-25,Norte,Antofagasta,-23.659580228714876,-70.40042757802988,86,425725
2024-08-02,Norte,Iquique,-20.252338384739847,-70.14934915728442,32,191468
2023-09-09,Norte,Arica,-18.470543390722337,-70.30838235112851,40,247552
2023-06-20,Sur,Temuco,-38.72921784705348,-72.59674144164421,54,282415
2024-12-24,Centro,Santiago,-33.4462294605828,-70.67386428324255,1090,5614000
2023-01-05,Sur,PuertoMontt,-41.47241557305356,-72.94159019912308,48,245902
2023-02-16,Sur,Concepcion,-36.82965326858749,-73.04092286109909,27,223574
2023-09-30,Sur,PuertoMontt,-41.45832300093383,-72.94164966085069,42,245902
2024-08-12,Sur,PuertoMontt,-41.46798726030184,-72.92768995048831,47,245902
2023-03-20,Sur,Concepcion,-36.8199895904793,-73.042694089906,47,223574
2024-01-27,Sur,PuertoMontt,-41.44978833530158,-72.93987085545189,49,245902
2024-09-15,Centro,Valparaiso,-33.04675794111927,-71.60995113067375,56,296655
2023-08-05,Norte,Iquique,-20.22072677060527,-70.12261612758638,38,191468
2023-04-08,Centro,Valparaiso,-33.0522232209299,-71.61132875350854,61,296655
2023-02-20,Sur,PuertoMontt,-41.47273519652484,-72.9500853974563,50,245902
2023-06-24,Sur,Concepcion,-36.818290249893714,-73.04170929258234,35,223574
2024-12-13,Sur,PuertoMontt,-41.462082383614174,-72.93930858701052,43,245902
2023-07-19,Sur,PuertoMontt,-41.46851685237613,-72.94372273521479,49,245902
2024-10-12,Norte,Antofagasta,-23.638680719526512,-70.4252169260579,81,425725
2023-03-03,Centro,Rancagua,-34.158850754934576,-70.74521403148688,42,232211
2024-11-22,Norte,Iquique,-20.21867830105864,-70.1377414562376,42,191468
2024-02-15,Norte,Iquique,-20.226571012271034,-70.1123972793701,33,191468
2024-07-25,Sur,Concepcion,-36.83238582674134,-73.04630651838944,44,223574
2023-11-04,Norte,Arica,-18.462737710007662,-70.32022552540666,43,247552
2023-10-14,Norte,Iquique,-20.226791777538207,-70.13148096028115,45,191468
2023-03-13,Centro,Valparaiso,-33.04507774422056,-71.60155259173332,58,296655
2023-01-31,Centro,Santiago,-33.45119463071048,-70.67373750192145,1165,5614000
2023-12-12,Centro,Rancagua,-34.18173946551053,-70.74246423162623,44,232211
2023-06-05,Centro,Santiago,-33.44317982770527,-70.66084959639907,1126,5614000
2024-10-03,Norte,Antofagasta,-23.653222637356247,-70.41433109581642,76,425725
2024-02-27,Norte,Arica,-18.476797547492946,-70.31811915529202,39,247552
2024-04-20,Centro,Santiago,-33.45085535016667,-70.68206743582866,1124,5614000
2023-10-20,Centro,Santiago,-33.447250245301554,-70.66357536865748,1093,5614000
2024-06-16,Centro,Santiago,-33.44063797300196,-70.67285254129695,1137,5614000
2024-10-06,Sur,Concepcion,-36.81989334589711,-73.06742770853008,52,223574
2023-11-14,Centro,Rancagua,-34.17477584569557,-70.77088328884558,43,232211
2024-09-13,Sur,Temuco,-38.72477569068931,-72.58401551416105,55,282415
2023-09-16,Centro,Valparaiso,-33.055258170817886,-71.6133395248139,54,296655
2024-01-28,Norte,Antofagasta,-23.65755065393942,-70.40872784548857,96,425725
2023-09-18,Sur,Concepcion,-36.817976328737494,-73.04028901219714,58,223574
2024-07-14,Sur,Concepcion,-36.83477252342654,-73.04743650397506,48,223574
2024-09-30,Sur,Concepcion,-36.832970505107895,-73.03412046168299,50,223574
2024-07-07,Centro,Valparaiso,-33.02695864672404,-71.62022712897084,59,296655
2023-10-25,Norte,Iquique,-20.22554412556805,-70.1441033230157,48,191468
2024-12-20,Sur,Concepcion,-36.81235086009028,-73.03893443723395,43,223574
2023-11-09,Centro,Valparaiso,-33.03586238901877,-71.59939380211924,63,296655
2024-08-29,Sur,Temuco,-38.73722850836104,-72.59417832324472,58,282415
2023-10-04,Centro,Rancagua,-34.18862412594757,-70.73558086199618,44,232211
2023-09-06,Sur,PuertoMontt,-41.46901732520863,-72.93747257376774,56,245902
2023-03-02,Sur,PuertoMontt,-41.454881110007584,-72.96526554661003,48,245902
2024-09-12,Sur,Concepcion,-36.82958447979745,-73.05113434102597,46,223574
2023-03-08,Sur,Temuco,-38.74743107275688,-72.58779993648363,53,282415
2023-06-22,Centro,Santiago,-33.44059022182442,-70.6751874820005,1113,5614000
2024-10-15,Sur,Concepcion,-36.83750179364664,-73.04275153032202,54,223574
2024-12-12,Centro,Valparaiso,-33.038316488961975,-71.61676409195898,59,296655
2023-05-20,Sur,Concepcion,-36.84764020868972,-73.04600829401544,55,223574
2024-05-05,Centro,Valparaiso,-33.03974424581659,-71.6112146703307,55,296655
2023-01-14,Sur,PuertoMontt,-41.472050849070435,-72.94621163142081,52,245902
2024-08-19,Sur,Temuco,-38.745829052417236,-72.58804435876016,53,282415
2024-10-18,Sur,Temuco,-38.73872699112999,-72.58784316589468,47,282415
2024-07-04,Sur,Temuco,-38.75219269964587,-72.59519131383999,55,282415
2024-04-29,Norte,Antofagasta,-23.642042864363273,-70.38444611942708,84,425725
2024-02-11,Norte,Antofagasta,-23.660476704105008,-70.41576365066895,78,425725
2023-07-22,Centro,Valparaiso,-33.05232957135743,-71.60849416598928,73,296655
2023-05-09,Sur,PuertoMontt,-41.47999459772774,-72.94112804433753,46,245902
2024-01-06,Centro,Rancagua,-34.14513959129667,-70.73790781405104,50,232211
2023-07-16,Centro,Rancagua,-34.168259428952176,-70.75446987229346,44,232211
2023-02-05,Norte,Antofagasta,-23.6703326829518,-70.39652820669448,93,425725
2024-03-26,Centro,Rancagua,-34.18157224296962,-70.73931267807465,51,232211
2024-07-12,Sur,Concepcion,-36.834898857095084,-73.04520526220817,37,223574
2024-10-01,Sur,Concepcion,-36.833997275932624,-73.0461548845806,40,223574
2023-10-24,Sur,PuertoMontt,-41.46474675993315,-72.93647701544047,39,245902
2024-02-06,Norte,Antofagasta,-23.65096611214159,-70.40414136611506,75,425725
2024-06-15,Sur,Temuco,-38.730687844026626,-72.58898953957808,54,282415
2024-02-27,Sur,Concepcion,-36.83225779735793,-73.06372731959377,47,223574
2023-12-02,Sur,PuertoMontt,-41.4772358937734,-72.9408740565898,47,245902
2024-12-05,Sur,Concepcion,-36.811425548793984,-73.05356559275006,31,223574
2023-12-03,Centro,Valparaiso,-33.028713461687474,-71.60831708643936,56,296655
2024-11-24,Norte,Iquique,-20.23920282789218,-70.1142443085847,34,191468
2024-02-13,Norte,Antofagasta,-23.644872312963955,-70.42940744654143,92,425725
2024-07-29,Sur,Temuco,-38.73062007357704,-72.58705871945668,43,282415
2023-03-30,Norte,Antofagasta,-23.649852283860277,-70.39733220183132,73,425725
2024-06-09,Centro,Santiago,-33.46567823485125,-70.65587822544242,1100,5614000
2024-09-18,Norte,Iquique,-20.246526395170843,-70.1438805081929,39,191468
2023-11-27,Sur,Concepcion,-36.81196234618255,-73.05013880507391,37,223574
2024-07-03,Sur,PuertoMontt,-41.44870492643834,-72.9362656723074,50,245902
2023-06-14,Norte,Arica,-18.481478894902132,-70.3079852830864,56,247552
2023-11-04,Sur,Temuco,-38.73915479492743,-72.57938882533537,46,282415
2024-03-12,Norte,Antofagasta,-23.661923290802736,-70.36183777119992,77,425725
2023-07-09,Centro,Rancagua,-34.174039377048196,-70.74824234418146,34,232211
2024-07-31,Norte,Antofagasta,-23.662142633458284,-70.41497504998844,92,425725
2023-08-07,Sur,PuertoMontt,-41.463770048725635,-72.92217436061215,54,245902
2024-04-10,Norte,Antofagasta,-23.635718639372225,-70.3913855435897,77,425725
2024-02-16,Centro,Valparaiso,-33.056412609000866,-71.61009732966477,54,296655
2023-03-12,Norte,Iquique,-20.2355585352187,-70.1268713221235,35,191468
2023-09-29,Norte,Iquique,-20.231262226653566,-70.14654593131621,36,191468
2023-08-27,Centro,Santiago,-33.45813796762722,-70.65790982871574,1123,5614000
2023-07-27,Norte,Arica,-18.486173934817106,-70.324869355387,45,247552
2024-04-15,Norte,Arica,-18.466062714866343,-70.31535901909407,47,247552
2024-02-19,Norte,Iquique,-20.22503711323952,-70.15385807819686,31,191468
2024-12-17,Sur,Temuco,-38.74056058269116,-72.58972967036217,60,282415
2024-06-27,Norte,Antofagasta,-23.631070408232336,-70.39803959493662,76,425725
2024-01-05,Sur,Temuco,-38.745055415515644,-72.60214164562677,61,282415
2023-01-23,Sur,Concepcion,-36.838298769063655,-73.04303062770714,59,223574
2023-10-18,Centro,Valparaiso,-33.06011730452747,-71.59832736144222,56,296655
2024-07-18,Norte,Iquique,-20.247441409522892,-70.13066613683753,46,191468
2023-02-04,Sur,Temuco,-38.74191496658662,-72.5896910561712,49,282415
2023-09-30,Sur,PuertoMontt,-41.46568733208076,-72.95390511388368,50,245902
2024-08-03,Centro,Valparaiso,-33.04843884017779,-71.62513711965508,68,296655
2024-03-24,Centro,Valparaiso,-33.05825299069065,-71.61744256154458,56,296655
2023-06-22,Sur,PuertoMontt,-41.47010239979636,-72.94263893850074,47,245902
2024-12-13,Sur,PuertoMontt,-41.47414056133682,-72.92812308211293,64,245902
2024-05-03,Sur,Temuco,-38.74359603296048,-72.60347956228141,66,282415
2024-09-27,Sur,Concepcion,-36.83258941428807,-73.06521969678805,62,223574
2023-12-25,Centro,Rancagua,-34.181613705190024,-70.74716013800501,47,232211
2024-12-16,Norte,Arica,-18.468701970152875,-70.3118556188869,43,247552
2024-07-11,Sur,PuertoMontt,-41.47175653036619,-72.9470181208096,41,245902
2023-06-10,Sur,Temuco,-38.72598617282221,-72.5782544555625,45,282415
2024-12-09,Sur,PuertoMontt,-41.47666823188349,-72.95783355156652,29,245902
2024-05-12,Norte,Arica,-18.468727723576464,-70.31138442290218,41,247552
2024-06-28,Sur,PuertoMontt,-41.48471381938621,-72.92662138036637,56,245902
2023-04-16,Sur,Temuco,-38.751426690792435,-72.59851556137919,60,282415
2024-03-07,Sur,PuertoMontt,-41.470189968740854,-72.94009347165094,42,245902
2024-05-07,Sur,Temuco,-38.74004149645433,-72.57066012645777,50,282415
2024-12-27,Sur,PuertoMontt,-41.46781781152801,-72.9428864281722,41,245902
2024-02-21,Norte,Iquique,-20.217251766896183,-70.13407724050785,37,191468
2023-09-04,Norte,Arica,-18.465922489479297,-70.31535502214969,56,247552
2023-12-23,Sur,Temuco,-38.738079320381104,-72.59767077400656,49,282415
2024-04-09,Sur,Concepcion,-36.82148249632106,-73.05285006784878,58,223574
2023-04-10,Norte,Antofagasta,-23.641643822067294,-70.39567169508099,88,425725
2023-11-05,Centro,Valparaiso,-33.031888674654844,-71.61376296100035,65,296655
2024-08-08,Sur,Temuco,-38.75608025705734,-72.5998900738663,63,282415
2023-07-13,Norte,Iquique,-20.234282351866838,-70.14116503734513,29,191468
2023-02-24,Centro,Rancagua,-34.16110419969921,-70.73530812987474,44,232211
2023-07-19,Sur,PuertoMontt,-41.48738401972557,-72.92917160765515,41,245902
2024-11-05,Centro,Santiago,-33.449502565674784,-70.66690496026577,1170,5614000
2024-12-08,Centro,Rancagua,-34.15951078516331,-70.72298805187411,54,232211
2023-07-13,Centro,Rancagua,-34.19450491250679,-70.74066204841628,52,232211
2024-05-21,Centro,Santiago,-33.45560998085518,-70.67318646994259,1100,5614000
2023-04-29,Centro,Rancagua,-34.176094305392034,-70.74359223878693,51,232211
2024-12-06,Norte,Iquique,-20.237860537682078,-70.12964252338968,35,191468
2024-08-09,Norte,Arica,-18.49392706107648,-70.29698328434671,56,247552
2023-07-20,Sur,Temuco,-38.745297643095626,-72.58790867533772,54,282415
2024-08-05,Centro,Santiago,-33.44439926699822,-70.65077513215464,1102,5614000
2024-06-08,Norte,Iquique,-20.25279412865962,-70.12420359864339,32,191468
2024-07-17,Centro,Santiago,-33.44503735888698,-70.66558531868321,1144,5614000
2024-02-18,Centro,Santiago,-33.44900105825956,-70.67819058359048,1155,5614000
2023-07-02,Norte,Iquique,-20.234035600342395,-70.11307564912113,40,191468
2023-10-13,Centro,Rancagua,-34.170467837208676,-70.73950821032135,49,232211
2023-04-01,Centro,Valparaiso,-33.05448811353589,-71.59685450495301,58,296655
2024-11-17,Norte,Iquique,-20.23558072980356,-70.1385596440834,33,191468
2023-07-11,Centro,Rancagua,-34.15913416754222,-70.76376702205899,41,232211
2024-06-22,Centro,Rancagua,-34.1658242078773,-70.74826216874439,42,232211
2024-06-17,Centro,Valparaiso,-33.029656073175694,-71.61872540341898,49,296655
2023-05-31,Sur,Temuco,-38.7372819923166,-72.59932478411864,54,282415
2024-07-18,Norte,Antofagasta,-23.64412119654889,-70.39151404649377,85,425725
2024-03-30,Centro,Rancagua,-34.187818684860176,-70.71474106826261,41,232211
2023-05-14,Norte,Antofagasta,-23.633043794798745,-70.39240503103245,74,425725
2023-01-29,Sur,PuertoMontt,-41.479752420071314,-72.9384631108941,47,245902
2024-08-30,Centro,Valparaiso,-33.044994369968876,-71.59763005068578,48,296655
2024-08-24,Centro,Santiago,-33.4599651712794,-70.65284595686887,1165,5614000
2024-10-19,Sur,Temuco,-38.74460774444253,-72.58782867682338,51,282415
2024-09-17,Sur,PuertoMontt,-41.46966290606607,-72.93966056066971,50,245902
2023-08-03,Centro,Valparaiso,-33.0460207080452,-71.5958195739101,62,296655
2024-05-04,Sur,PuertoMontt,-41.4701569201327,-72.94383789307801,50,245902
2023-10-27,Norte,Arica,-18.460301733010144,-70.32567157560803,50,247552
2024-09-08,Centro,Rancagua,-34.17033612231556,-70.72607741914476,31,232211
2024-06-18,Norte,Iquique,-20.241324918110134,-70.12225776009079,38,191468
2024-10-15,Norte,Antofagasta,-23.663600929625765,-70.39465943752923,63,425725
2023-11-16,Norte,Iquique,-20.217200583019878,-70.14271651261693,44,191468
2023-03-24,Norte,Antofagasta,-23.638612019484754,-70.40368822668091,101,425725
2023-12-08,Norte,Iquique,-20.229143624612426,-70.13099840403808,30,191468
2023-09-23,Sur,Concepcion,-36.82331901547699,-73.0516327907494,47,223574
2023-10-23,Sur,Temuco,-38.74553244245421,-72.57856853824772,59,282415
2023-01-13,Norte,Iquique,-20.22618159065066,-70.14135587704507,43,191468
2024-12-23,Centro,Rancagua,-34.16878303559573,-70.74227681324611,58,232211
2024-04-11,Sur,Concepcion,-36.83181382614095,-73.04538801228676,42,223574
2023-09-11,Centro,Rancagua,-34.17486454173979,-70.73701618882917,40,232211
2023-09-05,Centro,Valparaiso,-33.03717337553189,-71.60628210174724,59,296655
2023-04-08,Centro,Rancagua,-34.19396150685232,-70.72716416028705,43,232211
2023-06-26,Norte,Iquique,-20.233526784189316,-70.124704943881,34,191468
2023-04-02,Norte,Antofagasta,-23.6467597294916,-70.41419795538286,98,425725
2024-03-25,Sur,Concepcion,-36.807628249481795,-73.05319619255872,61,223574
2023-11-26,Norte,Arica,-18.470296566063947,-70.3123116621564,38,247552
2023-04-05,Centro,Santiago,-33.45303255501372,-70.69019378325436,1148,5614000
2023-06-16,Centro,Santiago,-33.4409018480562,-70.66305736608719,1067,5614000
2024-06-09,Centro,Valparaiso,-33.05842633040481,-71.61494056653348,57,296655
2024-04-22,Sur,Temuco,-38.742655930300536,-72.58775589646446,59,282415
2023-02-12,Sur,Temuco,-38.7373465428589,-72.57718401017355,56,282415
2023-01-23,Centro,Rancagua,-34.16180959391021,-70.73297375067015,48,232211
2023-10-30,Norte,Antofagasta,-23.652776380527783,-70.40726024383397,89,425725
2023-09-24,Centro,Valparaiso,-33.066376330161226,-71.6049240042586,60,296655
2024-11-17,Sur,PuertoMontt,-41.45828813241191,-72.92483258088356,56,245902
2024-04-02,Norte,Antofagasta,-23.654686749346098,-70.38378838022209,90,425725
2024-05-05,Norte,Arica,-18.461510775138443,-70.3304252764898,48,247552
2023-10-05,Sur,Temuco,-38.727909435338326,-72.56376632848145,45,282415
2023-07-27,Sur,Concepcion,-36.834549274672405,-73.06744042132402,43,223574
2024-12-13,Norte,Antofagasta,-23.65068303960413,-70.40145631173921,84,425725
2024-03-25,Sur,Temuco,-38.72715489126753,-72.59103800519654,48,282415
2023-08-01,Centro,Valparaiso,-33.05088592261065,-71.61621337552069,64,296655
2024-03-04,Norte,Antofagasta,-23.65087471591783,-70.38888169067971,84,425725
2024-12-29,Norte,Arica,-18.45405431777756,-70.31470236652972,61,247552
2024-01-26,Sur,Concepcion,-36.818313524273435,-73.04841666578973,50,223574
2023-08-14,Sur,Temuco,-38.72917815464565,-72.5797895866784,70,282415
2023-06-21,Centro,Santiago,-33.45210384614559,-70.65331121753066,1088,5614000
2023-08-24,Centro,Santiago,-33.46483433699135,-70.67080804237347,1124,5614000
2023-07-21,Sur,PuertoMontt,-41.470291826395325,-72.93885394573672,51,245902
2023-04-04,Sur,Concepcion,-36.825452889127206,-73.0484707528891,49,223574
2023-05-20,Sur,PuertoMontt,-41.45532126374001,-72.93412730572489,53,245902
2023-08-16,Norte,Antofagasta,-23.653860819237728,-70.40760552703964,77,425725
2023-02-09,Norte,Arica,-18.48926815923234,-70.32476914815005,40,247552
2024-05-03,Norte,Arica,-18.46833136872554,-70.31361253295042,53,247552
2023-11-16,Sur,Concepcion,-36.843601750277216,-73.04349695766821,31,223574
2024-05-23,Centro,Valparaiso,-33.06156477084936,-71.62093067486796,49,296655
2023-02-17,Norte,Arica,-18.484586799030357,-70.30515490840254,42,247552
2023-01-05,Centro,Santiago,-33.464417316530515,-70.66333574971996,1091,5614000
2023-03-28,Norte,Iquique,-20.237211613748144,-70.14532587322516,44,191468
2023-11-17,Centro,Santiago,-33.42689632256973,-70.67498310030928,1090,5614000
2024-05-07,Sur,Concepcion,-36.84508320090077,-73.06427248310163,64,223574
2023-04-15,Centro,Valparaiso,-33.05296572241527,-71.63011359293375,50,296655
2023-10-06,Centro,Valparaiso,-33.040969687202434,-71.61445829231299,63,296655
2023-06-07,Sur,Concepcion,-36.83838169791761,-73.04655697599398,49,223574
2024-04-23,Sur,Temuco,-38.73972884755408,-72.59164259831967,58,282415
2024-03-11,Sur,Temuco,-38.74062844324815,-72.58376422916835,61,282415
2024-12-01,Sur,Concepcion,-36.83920942177925,-73.03708576560352,44,223574
2024-07-11,Sur,Concepcion,-36.8394774357734,-73.06236752647463,54,223574
2024-02-09,Norte,Antofagasta,-23.64954709142052,-70.39144911803913,81,425725
2023-04-30,Sur,Temuco,-38.721324140234884,-72.58987350097263,65,282415
2024-07-22,Norte,Iquique,-20.222368526765365,-70.12295404235408,41,191468
2023-04-23,Norte,Antofagasta,-23.646277914615467,-70.39538904409592,92,425725
2024-07-05,Sur,Concepcion,-36.83001234973086,-73.04452834428288,36,223574
2024-01-23,Centro,Rancagua,-34.1760140137622,-70.7488485897733,27,232211
2024-04-18,Norte,Iquique,-20.246967058490068,-70.13914836386543,36,191468
2024-01-09,Norte,Arica,-18.469627952132964,-70.32740972207614,56,247552
2024-01-07,Centro,Valparaiso,-33.04940694177352,-71.62327454514678,60,296655
2023-03-08,Sur,Temuco,-38.73995031771614,-72.60736826467443,50,282415
2024-10-06,Sur,Temuco,-38.72897777775255,-72.59279640973733,68,282415
2024-10-11,Centro,Santiago,-33.469534190401404,-70.66265215390209,1100,5614000
2023-04-04,Norte,Antofagasta,-23.655737688928525,-70.39314918571861,74,425725
2024-10-05,Centro,Santiago,-33.446090377059356,-70.68620657348343,1088,5614000
2023-05-23,Centro,Valparaiso,-33.05698611742046,-71.59833594480108,80,296655
2023-12-03,Sur,PuertoMontt,-41.46225181549409,-72.93012999357518,54,245902
2023-01-10,Centro,Valparaiso,-33.058218638415674,-71.62054756831913,60,296655
2023-12-19,Centro,Santiago,-33.443577517882275,-70.66517152785521,1099,5614000
2023-12-11,Sur,Temuco,-38.731554526504304,-72.5980366504027,55,282415
2023-06-24,Sur,PuertoMontt,-41.47209670676147,-72.94470598033536,48,245902
2023-05-21,Centro,Rancagua,-34.163639417289346,-70.74433821371167,39,232211
2024-06-23,Sur,PuertoMontt,-41.46427399098,-72.93544372641193,53,245902
2024-05-30,Norte,Arica,-18.46575648507565,-70.3097369275558,59,247552
2024-07-10,Norte,Arica,-18.479867312046743,-70.31427966775611,32,247552
2023-10-23,Centro,Santiago,-33.434327513377255,-70.66088031455585,1130,5614000
2024-03-02,Sur,PuertoMontt,-41.47398117608197,-72.93570910638047,45,245902
2024-12-07,Sur,Concepcion,-36.81734335692573,-73.07356410124824,47,223574
2024-06-26,Norte,Antofagasta,-23.62919747269743,-70.40034580735784,83,425725
2023-07-22,Sur,PuertoMontt,-41.48231273302828,-72.91161524137756,45,245902
2024-04-28,Sur,Temuco,-38.74926794722515,-72.59231179177138,54,282415
2023-08-10,Centro,Santiago,-33.46188744240407,-70.67762104085445,1132,5614000
2023-06-13,Centro,Valparaiso,-33.0363367452971,-71.62133109284095,54,296655
2023-12-22,Sur,Concepcion,-36.81592168941438,-73.04888371981953,33,223574
2024-11-03,Norte,Iquique,-20.226451885479356,-70.15697470653595,36,191468
2024-06-30,Norte,Iquique,-20.229155366295775,-70.13269893336341,38,191468
2023-03-05,Centro,Valparaiso,-33.06041468904348,-71.61192978874735,56,296655
2023-11-19,Centro,Rancagua,-34.18144673632273,-70.75872380120109,46,232211
2024-11-12,Centro,Valparaiso,-33.043201747485085,-71.60796326481773,64,296655
2024-09-06,Norte,Antofagasta,-23.66234504022715,-70.4142946224452,69,425725
2024-02-20,Norte,Arica,-18.48334552452668,-70.3116970030749,48,247552
2023-04-19,Sur,Temuco,-38.74584859967968,-72.58834549523017,56,282415
2024-03-14,Norte,Iquique,-20.22816902697837,-70.14670861372622,38,191468
2024-10-01,Norte,Arica,-18.483178892372973,-70.32449580183146,52,247552
2023-11-07,Norte,Antofagasta,-23.66543241321528,-70.40809127636986,88,425725
2023-03-14,Centro,Valparaiso,-33.047237996221426,-71.60772503676037,52,296655
2024-06-09,Norte,Iquique,-20.22354926774945,-70.13958476959559,38,191468
2023-07-27,Norte,Iquique,-20.217369827823447,-70.14547442440373,38,191468
2023-05-09,Centro,Rancagua,-34.181164152997475,-70.75093578871294,56,232211
2024-03-20,Norte,Antofagasta,-23.647225273098297,-70.40763192003956,77,425725
2024-06-20,Norte,Iquique,-20.229304143697703,-70.1342785774423,46,191468
2024-12-03,Sur,Temuco,-38.73141582332676,-72.59142906725064,66,282415
2024-10-24,Norte,Iquique,-20.247641541618936,-70.13565349016525,48,191468
2023-03-11,Norte,Iquique,-20.230413736239086,-70.11998146584088,34,191468
2023-04-08,Sur,PuertoMontt,-41.4607446617526,-72.94136923006133,58,245902
2023-12-31,Sur,PuertoMontt,-41.473676978531415,-72.93542759006165,42,245902
2024-01-30,Norte,Antofagasta,-23.650351103339997,-70.41121073676824,76,425725
2024-09-30,Centro,Santiago,-33.44266893626272,-70.67024277564988,1098,5614000
2024-09-03,Centro,Santiago,-33.44490668112077,-70.66376466054945,1099,5614000
2023-06-01,Sur,Temuco,-38.73087179621347,-72.60017419574062,53,282415
2024-12-28,Sur,Temuco,-38.736711238571075,-72.57527062333847,60,282415
2023-03-12,Centro,Valparaiso,-33.048749595665804,-71.61822957193979,57,296655
2023-06-16,Norte,Iquique,-20.228117178640947,-70.13393875967145,31,191468
2023-10-12,Sur,Temuco,-38.72651211790188,-72.5899527933917,56,282415
2024-02-10,Norte,Iquique,-20.215608568579327,-70.1364933380728,53,191468
2023-07-18,Centro,Santiago,-33.45044976578261,-70.67106918020015,1028,5614000
2024-09-01,Sur,Concepcion,-36.825463124694586,-73.05248993022732,48,223574
2023-12-30,Centro,Valparaiso,-33.063581546070814,-71.63208609242068,72,296655
2024-01-29,Centro,Rancagua,-34.17458713982949,-70.73184123260042,36,232211
2023-01-20,Sur,Temuco,-38.72720274215123,-72.59140941613875,47,282415
2024-11-13,Norte,Antofagasta,-23.65304307925992,-70.4017685324727,102,425725
2024-12-20,Centro,Valparaiso,-33.03736468322281,-71.60492400834028,69,296655
2024-01-20,Sur,Temuco,-38.745275603067874,-72.59996322925988,56,282415
2023-04-20,Centro,Valparaiso,-33.053534365674984,-71.61216282280354,54,296655
2023-08-08,Sur,Concepcion,-36.82357152106954,-73.0378768228752,54,223574
2023-09-10,Sur,Concepcion,-36.8332936572583,-73.06388266468879,44,223574
2023-04-21,Sur,Temuco,-38.73568880198219,-72.60070448279572,50,282415
2024-07-28,Sur,Temuco,-38.733477402208365,-72.58972623771307,58,282415
2024-12-12,Norte,Arica,-18.464322236982145,-70.30767300670962,59,247552
2023-07-06,Centro,Santiago,-33.44581005286943,-70.66394591583872,1102,5614000
2024-06-10,Sur,PuertoMontt,-41.45757511111232,-72.92822780176864,39,245902
2023-05-11,Sur,Concepcion,-36.827684825430474,-73.04137958021383,44,223574
2023-02-25,Centro,Rancagua,-34.17344638375521,-70.7414174182722,45,232211
2024-07-01,Centro,Santiago,-33.44311429956574,-70.68646670923455,1151,5614000
2023-03-23,Sur,PuertoMontt,-41.47685037911,-72.94421602589676,37,245902
2024-08-30,Norte,Iquique,-20.21849619589983,-70.11895718314271,37,191468
2023-01-30,Centro,Santiago,-33.441062610753725,-70.65637645828537,1145,5614000
2024-11-01,Sur,Temuco,-38.741392117817036,-72.59960357301811,46,282415
2023-08-31,Centro,Rancagua,-34.158268174259,-70.76375113118682,50,232211
2023-08-29,Centro,Rancagua,-34.15509874218928,-70.75058116470431,46,232211
2023-01-22,Centro,Santiago,-33.45026272881377,-70.65461047737759,1055,5614000
2023-07-21,Centro,Valparaiso,-33.04177752965554,-71.62788997193766,59,296655
2024-07-26,Sur,Temuco,-38.72313128422118,-72.60481413852493,53,282415
2023-07-12,Centro,Santiago,-33.44526331035902,-70.64164554151446,1094,5614000
2024-02-24,Centro,Rancagua,-34.16630720722263,-70.76155683148006,48,232211
2024-08-25,Centro,Rancagua,-34.173214910486905,-70.74131055523314,45,232211
2023-11-29,Norte,Antofagasta,-23.66291318310881,-70.39978038489677,79,425725
2023-05-29,Norte,Arica,-18.470432459735928,-70.32498963146763,48,247552
2024-11-05,Sur,Temuco,-38.727519350709066,-72.58339679602048,69,282415
2024-12-17,Centro,Santiago,-33.43888218051192,-70.68390242351703,1133,5614000
2023-12-22,Sur,Temuco,-38.7258567542597,-72.5952413688346,50,282415
2024-05-11,Centro,Valparaiso,-33.02600523120664,-71.63094816153672,66,296655
2024-08-29,Centro,Santiago,-33.43943000516267,-70.67017789548969,1142,5614000
2023-08-31,Norte,Antofagasta,-23.666246175049945,-70.40496340945352,80,425725
2024-02-23,Sur,PuertoMontt,-41.46612714263837,-72.91867336497369,55,245902
2023-03-29,Centro,Santiago,-33.45588751984104,-70.66412058014993,1119,5614000
2024-11-14,Centro,Rancagua,-34.17221778956396,-70.75914083183461,52,232211
2023-12-10,Norte,Antofagasta,-23.647677488711704,-70.39362436054851,92,425725
2024-10-17,Norte,Antofagasta,-23.64855640301109,-70.38903936114257,92,425725
2024-10-27,Centro,Santiago,-33.458364289252906,-70.65657395019657,1111,5614000
2024-03-13,Sur,Concepcion,-36.83067263219889,-73.05945962484216,45,223574
2024-10-25,Sur,Temuco,-38.731926336895576,-72.5829353479793,63,282415
2023-11-10,Centro,Santiago,-33.45999880716853,-70.66041613826194,1046,5614000
2024-12-13,Centro,Rancagua,-34.16611927614965,-70.74582987096919,37,232211
2024-12-08,Sur,PuertoMontt,-41.46330752938618,-72.93681824937222,50,245902
2024-12-27,Centro,Valparaiso,-33.04824675047856,-71.61669621112449,54,296655
2023-01-30,Norte,Arica,-18.469762091811567,-70.33672931532465,53,247552
2024-08-09,Sur,Concepcion,-36.814475741722575,-73.04645831843803,42,223574
2023-10-03,Centro,Valparaiso,-33.06658211737093,-71.60538887501222,71,296655
2023-01-05,Sur,PuertoMontt,-41.49301170414316,-72.93380266791037,49,245902
2023-09-10,Norte,Antofagasta,-23.667374378199433,-70.4072577007807,80,425725
2024-10-21,Centro,Santiago,-33.45143281481922,-70.6572561659271,1103,5614000
2023-10-20,Sur,PuertoMontt,-41.48430174257717,-72.9222190745038,47,245902
2024-10-14,Norte,Antofagasta,-23.63384047392225,-70.40383213833624,89,425725
2023-12-06,Centro,Valparaiso,-33.05509975670832,-71.61463397907117,53,296655
2023-05-11,Norte,Iquique,-20.23545911534529,-70.12889092284999,32,191468
2024-05-13,Norte,Antofagasta,-23.66373390375456,-70.39713143434484,98,425725
2023-07-10,Sur,Concepcion,-36.827036838246684,-73.06032259881967,38,223574
2023-07-14,Sur,Temuco,-38.710714015297995,-72.59164210277922,63,282415
2023-03-07,Norte,Antofagasta,-23.631184028353733,-70.3965730375154,78,425725
2024-08-12,Norte,Arica,-18.504014474232147,-70.31249969277157,52,247552
2024-07-18,Norte,Iquique,-20.22636896093286,-70.14299582117164,30,191468
2024-03-14,Sur,PuertoMontt,-41.46510118757301,-72.93244422420439,53,245902
2024-07-07,Norte,Iquique,-20.219702349357927,-70.15579037445104,29,191468
2024-12-14,Norte,Arica,-18.452951371840513,-70.30082629459528,46,247552
2024-09-23,Centro,Rancagua,-34.16974829950246,-70.75141735358862,57,232211
2023-01-14,Norte,Iquique,-20.22080997102242,-70.13467440586345,51,191468
2023-02-01,Centro,Santiago,-33.45284940149773,-70.66164881186299,1083,5614000
2023-02-22,Norte,Antofagasta,-23.645752193902887,-70.40581433581039,75,425725
2023-02-11,Sur,Concepcion,-36.82824667588938,-73.05516209574331,35,223574
2024-07-15,Sur,Concepcion,-36.807796829163706,-73.05514350064219,48,223574
2024-12-17,Norte,Iquique,-20.23126951646576,-70.12342364159046,38,191468
2024-07-06,Sur,Concepcion,-36.81690175973712,-73.06004258880134,50,223574
2024-12-03,Sur,Temuco,-38.74143841697001,-72.58244999488267,60,282415
2023-04-27,Norte,Iquique,-20.21698745509427,-70.14679934730654,40,191468
2024-07-12,Sur,Temuco,-38.745859119978356,-72.57526014070403,55,282415
2023-02-06,Sur,Concepcion,-36.83542276888145,-73.04448104167516,54,223574
2023-05-30,Sur,Temuco,-38.73024052024285,-72.60308444454601,52,282415
2024-05-18,Norte,Antofagasta,-23.648150112776165,-70.40088648251663,89,425725
2023-08-23,Sur,PuertoMontt,-41.47418585040992,-72.92704721340411,47,245902
2024-10-28,Norte,Antofagasta,-23.638972637531555,-70.39602796736047,101,425725
2024-11-20,Norte,Iquique,-20.238128010768907,-70.1493652788365,42,191468
2024-04-08,Sur,PuertoMontt,-41.46676036456125,-72.92913207647496,48,245902
2023-05-13,Sur,PuertoMontt,-41.47278800001111,-72.92610667141072,50,245902
2024-07-23,Centro,Santiago,-33.45286742097165,-70.66700630106192,1122,5614000
2024-07-11,Sur,PuertoMontt,-41.47427127611937,-72.93367552663553,43,245902
2024-10-12,Norte,Iquique,-20.245801537469642,-70.13986702472769,30,191468
2024-06-25,Centro,Valparaiso,-33.04546269282804,-71.59697846393595,61,296655
2024-06-04,Norte,Iquique,-20.26047373052372,-70.14939962208302,36,191468
2023-07-12,Centro,Santiago,-33.47349155615111,-70.67995108892006,1140,5614000
2024-03-03,Sur,PuertoMontt,-41.4765076951859,-72.93795190768114,52,245902
2023-01-30,Norte,Antofagasta,-23.65483710458649,-70.39366171898406,90,425725
2024-06-05,Centro,Santiago,-33.4446755472737,-70.6771589478361,1120,5614000
2023-05-22,Sur,Temuco,-38.73974737915449,-72.58647265992401,67,282415
2023-09-09,Centro,Valparaiso,-33.031520474847056,-71.60422370345175,60,296655
2024-12-29,Centro,Rancagua,-34.16962516055103,-70.72803195438881,48,232211
2023-04-25,Norte,Arica,-18.50214254215012,-70.3066701380217,63,247552
2023-03-15,Norte,Antofagasta,-23.637976093193753,-70.38386044582558,96,425725
2024-03-14,Norte,Iquique,-20.228099135191254,-70.1277584442146,47,191468
2024-08-13,Centro,Santiago,-33.42988664113503,-70.66824594979063,1122,5614000
2023-04-13,Norte,Antofagasta,-23.648953353320067,-70.39810759435342,77,425725
2024-11-13,Norte,Iquique,-20.215810144296327,-70.14534856096513,41,191468
2023-06-30,Centro,Rancagua,-34.18323686432694,-70.74971170268083,43,232211
2023-12-16,Centro,Santiago,-33.44142105263535,-70.67444148053984,1204,5614000
2024-05-02,Sur,PuertoMontt,-41.46335095399222,-72.9290558218422,51,245902
2024-07-25,Sur,PuertoMontt,-41.449601732324794,-72.93657631482482,42,245902
2023-06-04,Centro,Rancagua,-34.152803945680915,-70.73369197962609,43,232211
2024-11-25,Norte,Antofagasta,-23.65046160454002,-70.38812778650366,95,425725
2023-05-28,Norte,Iquique,-20.229129467998654,-70.14587719846801,48,191468
2023-11-11,Sur,PuertoMontt,-41.46417042557884,-72.93038519012191,54,245902
2024-05-07,Sur,Concepcion,-36.83125955832424,-73.05110441868437,53,223574
2023-12-08,Norte,Arica,-18.469453761331536,-70.31140459803595,59,247552
2024-02-03,Norte,Antofagasta,-23.657531638131143,-70.38533909410505,87,425725
2023-08-07,Centro,Valparaiso,-33.050997834162736,-71.62057542378122,62,296655
2024-04-18,Sur,PuertoMontt,-41.457111521691466,-72.93972022476038,43,245902
2024-06-11,Norte,Arica,-18.48915030384857,-70.3073990622095,46,247552
2023-12-01,Norte,Arica,-18.473221960984628,-70.31660507833391,46,247552
2024-03-23,Centro,Santiago,-33.42918487604641,-70.67340992691149,1104,5614000
2024-03-09,Centro,Valparaiso,-33.05440780354174,-71.61877832633623,67,296655
2024-07-13,Norte,Arica,-18.476127798526957,-70.30463336594944,50,247552
2023-02-10,Centro,Santiago,-33.43816341553098,-70.64315302720401,1135,5614000
2024-03-23,Sur,Temuco,-38.75163678706891,-72.60719547642245,61,282415
2023-08-18,Sur,Temuco,-38.732394957459526,-72.59353471085818,58,282415
2024-08-12,Sur,Concepcion,-36.82439511539625,-73.0423095866049,44,223574
2023-05-17,Centro,Santiago,-33.44845979847514,-70.66039157771056,1096,5614000
2024-04-30,Norte,Antofagasta,-23.63823909749831,-70.38863866762185,75,425725
2023-06-12,Sur,Temuco,-38.72362160200781,-72.59823015530598,49,282415
2023-08-05,Centro,Santiago,-33.459248652879225,-70.68686662954376,1157,5614000
2023-05-28,Sur,Concepcion,-36.83549370868084,-73.05922584843816,37,223574
2023-10-29,Sur,Temuco,-38.72873628662887,-72.59274441830087,43,282415
2023-09-28,Centro,Valparaiso,-33.05218837155518,-71.60579628265286,63,296655
2023-01-19,Centro,Santiago,-33.45887257382049,-70.6692793051657,1120,5614000
2023-01-24,Sur,Temuco,-38.73387293569776,-72.58250157269485,48,282415
2024-12-26,Sur,Concepcion,-36.83450544955853,-73.06011806024735,42,223574
2023-06-07,Sur,Temuco,-38.7462440345803,-72.59471139295793,47,282415
2024-03-24,Sur,PuertoMontt,-41.47917168160542,-72.93891519354288,51,245902
2024-03-08,Centro,Rancagua,-34.176428928280906,-70.73381781823005,59,232211
2024-07-29,Sur,PuertoMontt,-41.4806700425646,-72.94010169052952,41,245902
2024-01-04,Centro,Rancagua,-34.166534680484325,-70.74321371854515,45,232211
2023-09-13,Centro,Rancagua,-34.17060166311564,-70.76198349459587,43,232211
2024-02-25,Norte,Iquique,-20.232949880590986,-70.13355084809605,32,191468
2023-10-02,Norte,Arica,-18.472915286639328,-70.30810861389988,58,247552
2024-11-23,Norte,Antofagasta,-23.650212141384888,-70.39002928238055,84,425725
2023-09-27,Sur,Temuco,-38.74034544777924,-72.58349011179654,60,282415
2024-08-10,Norte,Antofagasta,-23.65000350460528,-70.4022794090015,96,425725
2023-02-22,Sur,Concepcion,-36.83871987572981,-73.04156635543167,34,223574
2024-02-03,Sur,Temuco,-38.733208987564815,-72.5879092680909,68,282415
2024-10-29,Norte,Antofagasta,-23.64985686253698,-70.42472477715413,82,425725
2024-11-06,Centro,Santiago,-33.44955240810366,-70.6651315914548,1098,5614000
2023-02-07,Sur,Concepcion,-36.823822151219105,-73.04073707777403,57,223574
2023-07-22,Sur,Temuco,-38.74255548080309,-72.59648255206776,54,282415
2023-04-06,Norte,Arica,-18.479209581880987,-70.33286098046798,53,247552
2024-10-06,Sur,PuertoMontt,-41.470475982638,-72.93958673761357,55,245902
2024-10-28,Norte,Iquique,-20.23163396414961,-70.13788634120792,26,191468
2024-09-01,Sur,Concepcion,-36.81294874836401,-73.03478563354285,50,223574
2023-12-12,Sur,Concepcion,-36.81132150773586,-73.0539791288328,40,223574
2023-11-30,Sur,Concepcion,-36.83349884005391,-73.06715639039552,53,223574
2024-09-10,Norte,Arica,-18.500202553643465,-70.29846788820284,48,247552
2023-11-26,Sur,Concepcion,-36.838158206942765,-73.063360826821,53,223574
2023-08-24,Norte,Iquique,-20.222770744411196,-70.12677942308781,38,191468
2023-11-26,Norte,Arica,-18.47747087296032,-70.33310602570718,44,247552
2023-03-24,Centro,Valparaiso,-33.04939449586196,-71.60604050297546,62,296655
2023-04-15,Sur,Concepcion,-36.80026617195205,-73.05299355531459,49,223574
2024-10-16,Sur,Temuco,-38.73964446151178,-72.56846718747643,55,282415
2023-06-11,Sur,Concepcion,-36.828508754054546,-73.04046036031153,48,223574
2024-07-31,Sur,PuertoMontt,-41.4756817435556,-72.92757868155574,50,245902
2023-08-03,Norte,Arica,-18.466181134659553,-70.31613322258865,61,247552
2023-04-11,Centro,Valparaiso,-33.05692781829649,-71.60449899550227,66,296655
2024-05-22,Centro,Santiago,-33.4517731508318,-70.65894792569857,1162,5614000
2023-11-26,Sur,PuertoMontt,-41.46506126702204,-72.92975550677536,54,245902
2024-03-23,Norte,Iquique,-20.225985164871897,-70.13323173775154,30,191468
2023-03-04,Sur,Concepcion,-36.84253550428857,-73.05101182773458,43,223574
2023-06-25,Sur,PuertoMontt,-41.47127866722865,-72.93467170266405,43,245902
2023-09-07,Centro,Santiago,-33.45014985522477,-70.67056071068191,1164,5614000
2024-04-16,Norte,Antofagasta,-23.652334065714985,-70.40886573151673,83,425725
2024-11-18,Norte,Iquique,-20.22381742451482,-70.1391562753004,36,191468
2023-06-06,Sur,Concepcion,-36.82197526158886,-73.04644569856426,43,223574
2023-04-07,Centro,Valparaiso,-33.04400213586613,-71.6240056998866,61,296655
2024-04-16,Sur,Temuco,-38.73905647454468,-72.59673359571195,62,282415
2024-01-13,Centro,Valparaiso,-33.03623831010031,-71.61184422516772,56,296655
2024-02-11,Sur,Concepcion,-36.84640679517708,-73.05721564795206,42,223574
2024-10-30,Sur,Temuco,-38.732043799514265,-72.59256825263311,58,282415
2023-11-23,Norte,Antofagasta,-23.65579522673209,-70.39635935401543,74,425725
2023-11-07,Norte,Antofagasta,-23.620613774821543,-70.39696273131929,83,425725
2024-03-15,Centro,Rancagua,-34.168622903361815,-70.75621842998495,41,232211
2023-10-14,Sur,Concepcion,-36.82478701932524,-73.03480108142914,56,223574
2024-10-18,Sur,Concepcion,-36.83240764869338,-73.0656093146443,41,223574
2024-06-17,Centro,Santiago,-33.44219146428366,-70.66434946825663,1104,5614000
2024-11-29,Centro,Rancagua,-34.17064560254693,-70.74361654620935,48,232211
2024-02-02,Norte,Antofagasta,-23.646050910236607,-70.39851444277248,72,425725
2024-10-20,Sur,Concepcion,-36.83643753252565,-73.05887306289233,49,223574
2024-12-28,Sur,Temuco,-38.72604748577743,-72.58325454104424,69,282415
2024-09-29,Norte,Iquique,-20.229635100929517,-70.11707837701971,46,191468
2023-11-15,Norte,Iquique,-20.23208410687659,-70.12942943449426,29,191468
2024-06-14,Norte,Arica,-18.47676158960724,-70.32034779030658,44,247552
2024-05-29,Norte,Iquique,-20.24602427850801,-70.13184000596752,32,191468
2023-08-12,Norte,Antofagasta,-23.64134525230653,-70.42134285834868,82,425725
2023-08-27,Norte,Arica,-18.47917925512714,-70.30785333972048,51,247552
2023-11-10,Sur,PuertoMontt,-41.46773859801907,-72.9280440808646,54,245902
2023-04-14,Centro,Valparaiso,-33.02639099364767,-71.60576320085563,61,296655
2024-09-27,Sur,PuertoMontt,-41.4662017212077,-72.94107502012427,34,245902
2023-04-16,Norte,Arica,-18.47124064345624,-70.30257519801695,43,247552
2024-12-19,Sur,Temuco,-38.70836528730759,-72.58364346322067,61,282415
2023-12-15,Sur,Concepcion,-36.83043561945559,-73.038375182237,47,223574
2024-01-02,Sur,PuertoMontt,-41.478996043190634,-72.93680033345626,47,245902
2023-06-10,Norte,Arica,-18.49069828943838,-70.30712871926949,53,247552
2024-03-08,Norte,Antofagasta,-23.66737805015557,-70.40726020423011,94,425725
2024-03-15,Norte,Arica,-18.4643596383117,-70.31721529889101,40,247552
2024-06-02,Norte,Iquique,-20.2393286835493,-70.12783092600644,31,191468
2024-07-25,Norte,Iquique,-20.23167344770011,-70.15144254696796,38,191468
2023-08-02,Centro,Santiago,-33.46080982085801,-70.67663236384502,1100,5614000
2023-03-01,Centro,Santiago,-33.442238216364366,-70.65796052364631,1101,5614000
2024-06-27,Norte,Arica,-18.476757410879813,-70.30325407507486,53,247552
