id_venta,id_cliente,fecha,categoria,producto,unidades,ventas,margen
1,637,2024-12-03,Deportes,Pesas,2,323934,66539
2,1393,2024-04-02,Vestuario,Polera,2,220150,53256
3,123,2023-05-01,Deportes,Balon,2,109590,40376
4,222,2023-12-02,Vestuario,Zapatillas,1,131779,43362
5,1077,2023-10-20,Tecnologia,Monitor,3,185841,59421
6,146,2024-10-30,Tecnologia,Notebook,3,520998,137061
7,1430,2023-03-23,Vestuario,Chaqueta,1,44954,10371
8,20,2023-06-15,Deportes,Raqueta,2,200212,50200
9,871,2024-04-10,Hogar,Silla,1,26481,7782
10,1474,2023-06-20,Deportes,Balon,1,128184,31754
11,1068,2023-07-18,Vestuario,Pantalon,1,177669,42950
12,783,2024-12-20,Tecnologia,Monitor,3,162096,50071
13,388,2024-07-25,Hogar,Silla,2,247546,78131
14,1210,2024-10-12,Deportes,Raqueta,4,258100,47655
15,407,2024-12-10,Hogar,Silla,1,139229,34907
16,871,2023-07-28,Tecnologia,Tablet,1,125441,39725
17,726,2023-01-22,Tecnologia,Monitor,1,138381,42263
18,844,2023-04-08,Tecnologia,Notebook,4,334760,77313
19,87,2024-12-31,Hogar,Silla,2,107506,33303
20,1026,2023-07-03,Deportes,Raqueta,2,60166,10908
21,811,2024-05-29,Deportes,Raqueta,5,596885,219856
22,662,2023-08-20,Vestuario,Chaqueta,1,32407,6680
23,819,2024-03-19,Hogar,Mesa,2,159088,34251
24,577,2023-05-04,Tecnologia,Tablet,1,119114,27260
25,1204,2023-02-02,Electrodomesticos,Lavadora,1,61267,12783
26,603,2023-07-16,Electrodomesticos,Lavadora,2,209530,42174
27,1015,2023-05-16,Tecnologia,Tablet,2,192222,71237
28,802,2023-07-25,Hogar,Sofa,1,110868,35727
29,1088,2024-04-12,Tecnologia,Monitor,1,142990,33634
30,563,2024-06-15,Vestuario,Pantalon,2,179908,59156
31,449,2023-03-02,Deportes,Pesas,2,150764,32140
32,611,2024-04-27,Tecnologia,Notebook,1,59570,17925
33,1206,2024-12-02,Deportes,Raqueta,2,127456,25866
34,225,2024-09-17,Tecnologia,Monitor,2,217314,54654
35,518,2023-09-24,Electrodomesticos,Lavadora,1,44826,11698
36,141,2024-04-10,Vestuario,Zapatillas,1,146043,34997
37,1238,2024-10-24,Deportes,Pesas,4,20000,5904
38,1376,2023-07-01,Electrodomesticos,Microondas,1,157585,52687
39,241,2023-07-17,Deportes,Pesas,1,139440,45834
40,840,2023-08-16,Hogar,Silla,2,10000,1925
41,302,2024-04-11,Vestuario,Polera,1,150459,52996
42,461,2024-03-05,Electrodomesticos,Microondas,1,34176,10709
43,217,2024-11-06,Deportes,Raqueta,1,160903,33800
44,74,2023-12-29,Electrodomesticos,Refrigerador,3,59256,17184
45,1451,2024-11-25,Vestuario,Pantalon,1,80106,24953
46,1074,2024-06-18,Hogar,Lampara,2,88840,27010
47,275,2023-10-05,Tecnologia,Monitor,4,322564,108817
48,657,2023-02-13,Tecnologia,Notebook,3,432948,81258
49,1023,2023-03-15,Electrodomesticos,Refrigerador,1,23583,5469
50,396,2024-08-31,Hogar,Sofa,1,102841,29809
51,844,2023-06-09,Electrodomesticos,Aspiradora,2,352898,128316
52,442,2023-05-15,Tecnologia,Smartphone,3,258030,86138
53,1048,2024-08-28,Hogar,Sofa,1,150971,56051
54,338,2024-04-07,Electrodomesticos,Aspiradora,4,455740,162005
55,397,2023-09-22,Vestuario,Polera,2,120886,31178
56,606,2023-06-28,Vestuario,Polera,2,257438,88972
57,925,2023-06-06,Electrodomesticos,Aspiradora,1,63384,22480
58,1292,2023-09-26,Hogar,Silla,1,103634,19212
59,1143,2024-03-14,Tecnologia,Smartphone,1,105868,40137
60,498,2023-10-31,Deportes,Bicicleta,2,61666,14000
61,36,2024-03-06,Electrodomesticos,Refrigerador,1,5000,1582
62,660,2024-01-13,Hogar,Silla,3,261141,93010
63,395,2023-02-23,Deportes,Balon,4,465820,98131
64,1481,2024-07-21,Electrodomesticos,Refrigerador,1,133247,42846
65,213,2023-05-25,Deportes,Balon,5,322385,69183
66,732,2023-05-25,Hogar,Sofa,3,324177,59447
67,1410,2024-09-01,Electrodomesticos,Aspiradora,2,119470,21682
68,991,2023-07-18,Deportes,Bicicleta,2,135040,37178
69,168,2024-05-05,Vestuario,Chaqueta,4,574832,128536
70,497,2024-09-09,Hogar,Mesa,1,63936,22466
71,148,2023-10-03,Deportes,Pesas,1,136255,45043
72,683,2023-02-25,Deportes,Bicicleta,2,110280,30538
73,388,2024-05-31,Vestuario,Chaqueta,1,53045,13092
74,1109,2024-01-04,Tecnologia,Smartphone,1,128603,28768
75,696,2023-03-29,Hogar,Silla,3,310482,76740
76,1248,2023-02-28,Hogar,Sofa,4,495804,147816
77,759,2023-03-01,Deportes,Pesas,3,181887,44881
78,655,2023-07-11,Hogar,Sofa,6,479832,174290
79,1062,2024-05-20,Deportes,Bicicleta,2,148372,49536
80,1397,2024-10-12,Tecnologia,Monitor,3,290976,60406
81,1094,2024-02-25,Electrodomesticos,Microondas,1,104799,19736
82,1218,2024-08-26,Tecnologia,Tablet,2,281610,88559
83,1347,2023-02-20,Hogar,Lampara,1,90123,22497
84,1454,2023-11-14,Deportes,Raqueta,1,50411,17127
85,153,2024-07-29,Tecnologia,Smartphone,1,102926,26492
86,546,2024-05-04,Electrodomesticos,Microondas,6,385026,107300
87,1146,2024-08-26,Vestuario,Polera,3,293265,91562
88,169,2023-08-15,Deportes,Raqueta,2,119228,37082
89,171,2023-11-22,Hogar,Mesa,2,113274,27821
90,1315,2023-03-10,Electrodomesticos,Microondas,2,182314,60051
91,1490,2023-11-10,Vestuario,Zapatillas,1,50656,9615
92,641,2023-07-15,Hogar,Sofa,1,141609,32041
93,857,2024-02-24,Electrodomesticos,Refrigerador,1,81718,16667
94,129,2024-10-17,Vestuario,Polera,3,268158,74280
95,94,2023-05-04,Electrodomesticos,Aspiradora,5,810345,147564
96,36,2023-03-14,Hogar,Mesa,2,127064,27986
97,1480,2024-05-26,Deportes,Bicicleta,1,81644,15143
98,655,2023-05-16,Hogar,Mesa,1,47914,11462
99,1206,2023-10-23,Vestuario,Polera,1,20108,6395
100,1023,2023-08-25,Hogar,Mesa,1,138702,34292
101,648,2023-10-21,Vestuario,Pantalon,4,383572,87617
102,1131,2023-11-02,Tecnologia,Smartphone,1,110708,30617
103,21,2024-03-24,Tecnologia,Smartphone,1,91314,17089
104,1313,2023-08-15,Tecnologia,Smartphone,1,94673,33210
105,807,2023-05-18,Hogar,Lampara,1,94484,33471
106,1119,2023-03-16,Tecnologia,Monitor,7,763091,206294
107,251,2024-10-19,Tecnologia,Monitor,1,98531,23154
108,574,2023-05-04,Electrodomesticos,Aspiradora,3,430680,118942
109,278,2023-09-18,Electrodomesticos,Aspiradora,1,128298,33775
110,1037,2023-11-27,Vestuario,Pantalon,1,56953,12171
111,512,2023-12-30,Hogar,Sofa,3,456549,122568
112,245,2024-01-10,Electrodomesticos,Refrigerador,2,264390,63265
113,341,2023-07-05,Electrodomesticos,Refrigerador,2,182592,43453
114,1406,2023-08-30,Tecnologia,Monitor,1,109079,21342
115,1128,2024-04-24,Electrodomesticos,Microondas,1,156567,55629
116,445,2023-11-28,Deportes,Raqueta,2,244740,59870
117,419,2023-07-21,Electrodomesticos,Microondas,1,111324,38140
118,1356,2023-01-01,Electrodomesticos,Aspiradora,1,13319,3607
119,912,2023-04-21,Tecnologia,Smartphone,1,102742,28282
120,323,2024-09-24,Vestuario,Zapatillas,2,117102,35221
121,381,2023-11-17,Deportes,Balon,2,148804,32530
122,372,2024-01-28,Deportes,Raqueta,1,115570,42288
123,61,2023-02-07,Tecnologia,Smartphone,1,58456,12844
124,1401,2024-10-24,Tecnologia,Notebook,2,182774,53660
125,54,2024-09-02,Hogar,Mesa,1,72654,21056
126,538,2024-08-07,Vestuario,Zapatillas,3,383820,126584
127,997,2023-01-05,Tecnologia,Smartphone,4,479820,96709
128,997,2023-10-12,Hogar,Lampara,1,57651,17234
129,342,2023-10-05,Electrodomesticos,Microondas,1,97651,18507
130,1014,2024-04-30,Tecnologia,Smartphone,3,392412,85926
131,662,2024-07-31,Deportes,Balon,1,17269,6026
132,438,2024-08-12,Deportes,Pesas,1,111754,35478
133,1136,2024-04-20,Hogar,Silla,3,207084,48602
134,119,2024-04-09,Tecnologia,Monitor,3,198438,70669
135,1015,2023-08-29,Tecnologia,Notebook,1,66618,12267
136,254,2024-04-19,Hogar,Mesa,1,104329,35670
137,1171,2024-01-24,Hogar,Lampara,2,52868,12667
138,519,2024-11-25,Hogar,Silla,2,138356,24933
139,269,2024-08-13,Tecnologia,Tablet,2,204014,58103
140,219,2024-05-03,Hogar,Sofa,1,92053,34914
141,1041,2023-04-03,Electrodomesticos,Lavadora,1,114501,21853
142,478,2023-06-06,Electrodomesticos,Aspiradora,1,77120,22310
143,45,2023-07-24,Tecnologia,Monitor,2,289504,107343
144,61,2024-04-18,Electrodomesticos,Lavadora,2,86554,28063
145,308,2024-08-24,Deportes,Balon,2,230130,62837
146,662,2024-08-10,Deportes,Raqueta,2,96590,35193
147,1095,2024-10-02,Vestuario,Chaqueta,1,158858,40351
148,1181,2023-02-18,Hogar,Mesa,1,67792,24000
149,1440,2023-12-06,Deportes,Bicicleta,2,55074,17743
150,1094,2024-09-18,Hogar,Sofa,1,69814,20247
151,1292,2024-01-15,Deportes,Pesas,1,68833,25730
152,1060,2023-05-03,Tecnologia,Notebook,2,111960,24564
153,832,2023-12-02,Deportes,Balon,2,206264,38212
154,900,2024-06-28,Electrodomesticos,Aspiradora,1,120806,22312
155,376,2023-01-01,Vestuario,Chaqueta,1,83823,27409
156,386,2024-08-28,Electrodomesticos,Refrigerador,3,223284,62512
157,448,2024-05-15,Deportes,Raqueta,4,274976,62830
158,670,2023-07-31,Tecnologia,Smartphone,3,186213,47519
159,386,2023-09-14,Deportes,Balon,1,108197,36229
160,1384,2024-07-14,Tecnologia,Tablet,2,86036,16382
161,1298,2023-01-27,Deportes,Pesas,1,54696,15417
162,823,2024-11-18,Electrodomesticos,Refrigerador,1,64469,16494
163,528,2024-05-25,Electrodomesticos,Microondas,3,336915,72701
164,182,2024-12-31,Vestuario,Pantalon,2,236130,43604
165,130,2023-06-28,Deportes,Pesas,3,120909,32633
166,775,2024-08-09,Vestuario,Pantalon,2,64902,14363
167,286,2024-10-04,Electrodomesticos,Refrigerador,2,103816,29191
168,1004,2024-12-08,Deportes,Pesas,1,65395,23786
169,870,2023-10-24,Electrodomesticos,Microondas,4,400596,84238
170,186,2024-09-20,Electrodomesticos,Refrigerador,2,64598,20960
171,487,2024-05-24,Tecnologia,Smartphone,3,249603,64340
172,1290,2024-10-08,Tecnologia,Smartphone,1,8359,2326
173,1212,2024-07-12,Deportes,Bicicleta,2,230266,83796
174,656,2023-01-12,Tecnologia,Tablet,1,85651,21106
175,220,2023-05-12,Electrodomesticos,Aspiradora,2,264620,67934
176,288,2024-07-29,Vestuario,Pantalon,1,108142,31161
177,982,2023-11-13,Deportes,Raqueta,4,534052,169894
178,428,2024-12-04,Vestuario,Polera,1,54788,14578
179,290,2024-10-21,Tecnologia,Tablet,3,188340,39213
180,1448,2024-11-30,Deportes,Pesas,1,96511,21602
181,1022,2024-10-25,Vestuario,Polera,4,422772,156204
182,292,2023-06-26,Tecnologia,Tablet,1,91433,25996
183,363,2024-09-20,Hogar,Silla,4,95464,36112
184,1103,2024-01-04,Electrodomesticos,Lavadora,3,446679,129010
185,519,2024-04-16,Electrodomesticos,Refrigerador,6,162132,57898
186,1207,2024-03-30,Tecnologia,Notebook,6,670032,120906
187,1019,2024-10-21,Vestuario,Zapatillas,1,111630,26361
188,700,2024-07-25,Vestuario,Pantalon,4,433072,79439
189,576,2023-09-23,Tecnologia,Tablet,1,102830,34432
190,252,2023-10-23,Tecnologia,Notebook,3,201681,43956
191,7,2024-06-28,Hogar,Lampara,3,423687,105730
192,655,2024-05-24,Electrodomesticos,Aspiradora,4,20000,6364
193,956,2023-04-26,Hogar,Mesa,3,231858,77627
194,1168,2023-11-05,Tecnologia,Monitor,2,159286,46020
195,845,2023-11-04,Tecnologia,Tablet,2,287950,65257
196,91,2023-12-14,Hogar,Sofa,1,134437,46650
197,62,2023-08-03,Vestuario,Polera,3,85332,22749
198,713,2023-01-17,Electrodomesticos,Refrigerador,1,98804,31858
199,93,2024-04-13,Deportes,Balon,3,111804,32850
200,887,2024-12-11,Hogar,Mesa,1,105549,20150
201,397,2024-05-18,Hogar,Mesa,1,120419,40077
202,955,2023-01-02,Deportes,Balon,3,325236,83989
203,830,2024-02-09,Tecnologia,Smartphone,1,185987,37637
204,59,2024-02-09,Electrodomesticos,Microondas,1,62848,23602
205,436,2023-01-21,Tecnologia,Tablet,4,224488,48958
206,837,2023-06-28,Deportes,Raqueta,5,328980,64462
207,830,2024-12-01,Vestuario,Chaqueta,2,164554,48188
208,1408,2023-07-15,Electrodomesticos,Lavadora,2,177704,39744
209,240,2024-01-25,Deportes,Raqueta,2,223324,49572
210,918,2023-04-07,Tecnologia,Smartphone,1,112478,37417
211,308,2023-12-01,Deportes,Balon,4,239556,60134
212,964,2023-07-12,Vestuario,Pantalon,2,136872,45301
213,399,2023-03-29,Tecnologia,Tablet,3,250107,67822
214,681,2024-03-24,Hogar,Silla,1,75331,20750
215,275,2024-01-26,Deportes,Balon,1,5000,1583
216,661,2023-07-14,Deportes,Balon,3,363843,101263
217,607,2023-02-12,Electrodomesticos,Lavadora,5,716300,209220
218,355,2023-12-20,Hogar,Silla,3,279189,103330
219,1457,2024-12-07,Tecnologia,Tablet,4,412920,91134
220,34,2024-12-15,Electrodomesticos,Microondas,2,158450,36452
221,1306,2023-12-03,Electrodomesticos,Microondas,3,237399,89550
222,355,2024-08-03,Electrodomesticos,Aspiradora,2,227400,55134
223,1264,2024-11-20,Tecnologia,Notebook,6,631134,125457
224,426,2023-12-24,Tecnologia,Smartphone,1,116878,42152
225,216,2023-10-27,Electrodomesticos,Aspiradora,3,291558,88903
226,604,2024-07-30,Deportes,Raqueta,5,422250,134374
227,1159,2024-02-23,Tecnologia,Smartphone,4,399800,122653
228,1423,2023-01-12,Tecnologia,Tablet,4,439036,164353
229,435,2023-06-17,Electrodomesticos,Refrigerador,2,126806,47476
230,618,2024-12-17,Deportes,Bicicleta,2,144972,30764
231,168,2023-10-01,Tecnologia,Tablet,1,94735,27653
232,695,2024-11-14,Electrodomesticos,Refrigerador,4,267192,51965
233,65,2023-04-13,Tecnologia,Monitor,4,446812,81202
234,59,2023-09-15,Deportes,Pesas,1,85294,16391
235,142,2024-08-31,Tecnologia,Notebook,1,64864,18466
236,1360,2023-04-23,Deportes,Pesas,1,125442,38093
237,418,2023-10-12,Tecnologia,Monitor,2,219776,47355
238,797,2024-11-24,Deportes,Pesas,4,108528,33206
239,455,2024-01-21,Deportes,Bicicleta,4,422432,126139
240,823,2023-05-10,Vestuario,Chaqueta,3,114990,21100
241,565,2024-12-14,Deportes,Bicicleta,3,196734,60986
242,1462,2023-10-03,Tecnologia,Smartphone,3,441594,131790
243,1288,2023-02-07,Deportes,Balon,1,141604,49028
244,1415,2023-01-24,Electrodomesticos,Aspiradora,2,305630,87970
245,315,2023-06-28,Vestuario,Chaqueta,2,271808,54092
246,367,2023-07-24,Deportes,Balon,1,111639,23657
247,1133,2023-01-18,Hogar,Mesa,2,174338,48575
248,1106,2024-06-28,Hogar,Lampara,5,596005,139661
249,1219,2024-02-24,Deportes,Raqueta,1,35656,7335
250,1295,2023-04-14,Vestuario,Zapatillas,2,129808,24809
251,333,2024-10-01,Hogar,Lampara,3,185121,58664
252,1038,2024-02-17,Hogar,Silla,1,99794,24094
253,748,2023-01-06,Deportes,Raqueta,1,209847,49746
254,973,2023-04-07,Vestuario,Polera,3,356133,72178
255,55,2024-10-17,Tecnologia,Smartphone,3,347013,102666
256,1093,2024-12-27,Deportes,Balon,1,70223,18949
257,1167,2023-08-14,Hogar,Sofa,1,59495,20374
258,239,2024-12-27,Electrodomesticos,Microondas,1,113602,28183
259,666,2024-04-28,Tecnologia,Notebook,1,76495,14997
260,830,2023-04-05,Electrodomesticos,Aspiradora,4,141944,48925
261,1134,2024-03-03,Hogar,Lampara,4,459580,108279
262,1345,2024-01-24,Tecnologia,Monitor,5,548910,134641
263,753,2023-04-28,Tecnologia,Monitor,4,573748,216420
264,880,2023-07-01,Hogar,Sofa,3,304983,115846
265,1214,2023-03-13,Tecnologia,Tablet,4,181648,62326
266,796,2024-09-20,Vestuario,Chaqueta,1,131874,48663
267,734,2024-08-14,Hogar,Sofa,1,107201,37221
268,649,2023-12-09,Hogar,Sofa,2,324616,106525
269,1266,2024-10-08,Hogar,Mesa,3,84102,20552
270,540,2023-02-08,Electrodomesticos,Microondas,1,105850,39561
271,729,2024-12-24,Electrodomesticos,Microondas,1,88685,20626
272,1460,2024-10-29,Electrodomesticos,Lavadora,3,164307,35955
273,1096,2023-12-15,Electrodomesticos,Lavadora,1,78355,14458
274,1251,2023-06-09,Tecnologia,Smartphone,2,228552,75099
275,55,2023-01-09,Electrodomesticos,Aspiradora,2,225996,83510
276,268,2023-08-14,Deportes,Bicicleta,1,112903,41314
277,223,2023-06-24,Electrodomesticos,Lavadora,3,110448,30312
278,1141,2023-03-25,Hogar,Sofa,1,79002,22808
279,1395,2024-01-07,Electrodomesticos,Refrigerador,3,408795,119125
280,286,2024-04-22,Tecnologia,Notebook,2,142346,41992
281,101,2023-06-24,Hogar,Silla,1,107400,37180
282,1034,2024-03-12,Hogar,Lampara,3,352527,68687
283,1368,2023-05-30,Tecnologia,Smartphone,2,123800,40161
284,587,2024-07-18,Vestuario,Polera,4,250192,48631
285,477,2024-05-22,Tecnologia,Tablet,5,241320,69176
286,486,2024-09-01,Vestuario,Pantalon,1,152065,49030
287,1043,2024-11-17,Vestuario,Pantalon,3,345405,79810
288,1434,2024-09-27,Electrodomesticos,Refrigerador,2,129476,24318
289,619,2023-07-24,Vestuario,Pantalon,2,193340,69691
290,45,2023-03-16,Deportes,Pesas,1,115903,23989
291,285,2023-01-31,Electrodomesticos,Refrigerador,2,265738,72992
292,703,2023-07-14,Electrodomesticos,Aspiradora,1,161515,35062
293,992,2023-11-03,Hogar,Lampara,2,207978,58774
294,1497,2023-07-10,Hogar,Sofa,6,609192,166866
295,1030,2023-01-13,Deportes,Balon,2,72102,17318
296,484,2023-01-17,Deportes,Raqueta,3,382695,105304
297,874,2024-09-14,Hogar,Silla,1,85267,21397
298,1461,2024-09-23,Vestuario,Chaqueta,3,298065,77406
299,838,2024-01-31,Vestuario,Polera,3,401469,130092
300,47,2023-02-04,Deportes,Balon,1,56102,13621
301,272,2024-02-11,Electrodomesticos,Microondas,1,25161,9458
302,554,2024-05-11,Hogar,Silla,3,262725,62526
303,1373,2023-03-11,Tecnologia,Monitor,1,106412,19693
304,1231,2023-09-23,Tecnologia,Tablet,1,112477,28188
305,362,2023-03-27,Hogar,Sofa,1,22219,7130
306,1332,2024-07-20,Electrodomesticos,Lavadora,1,173385,65673
307,1425,2023-01-27,Electrodomesticos,Aspiradora,1,5000,1637
308,878,2023-05-18,Vestuario,Pantalon,2,232552,60106
309,1119,2024-02-06,Hogar,Sofa,2,131212,34888
310,763,2023-04-10,Deportes,Raqueta,3,329232,70692
311,1451,2023-09-20,Deportes,Pesas,4,370884,97521
312,529,2024-11-28,Electrodomesticos,Aspiradora,4,440576,136669
313,546,2023-02-14,Deportes,Bicicleta,3,329094,102309
314,762,2023-12-20,Electrodomesticos,Microondas,3,420528,84814
315,1193,2024-09-27,Tecnologia,Smartphone,2,243718,48286
316,405,2024-10-16,Electrodomesticos,Lavadora,2,140254,37819
317,1043,2024-08-27,Electrodomesticos,Lavadora,1,25417,5847
318,1070,2024-04-05,Tecnologia,Tablet,1,178398,41940
319,767,2023-02-19,Deportes,Balon,1,71381,24807
320,817,2024-09-11,Deportes,Bicicleta,1,81981,29672
321,83,2024-05-16,Tecnologia,Monitor,1,85395,26190
322,1173,2023-05-30,Electrodomesticos,Microondas,2,10000,2514
323,116,2023-10-21,Electrodomesticos,Lavadora,6,865494,190877
324,754,2024-01-06,Hogar,Silla,1,93392,19305
325,654,2024-03-06,Electrodomesticos,Microondas,3,276369,102464
326,838,2023-12-21,Tecnologia,Tablet,2,337910,61620
327,796,2024-06-29,Tecnologia,Smartphone,5,529430,136046
328,930,2024-07-27,Tecnologia,Smartphone,1,43823,9792
329,1424,2023-02-09,Tecnologia,Notebook,3,78402,27279
330,809,2023-01-20,Vestuario,Zapatillas,1,89482,26588
331,1240,2024-12-27,Tecnologia,Smartphone,1,134775,48371
332,871,2023-05-30,Vestuario,Polera,2,94950,17842
333,861,2024-03-17,Deportes,Pesas,2,230928,68557
334,940,2023-11-05,Vestuario,Pantalon,3,103818,36271
335,947,2023-07-25,Tecnologia,Notebook,1,77267,24149
336,407,2023-10-09,Deportes,Balon,3,148701,47302
337,1147,2023-05-20,Deportes,Raqueta,1,57974,21489
338,789,2024-08-30,Vestuario,Zapatillas,2,85378,28465
339,1166,2024-10-16,Hogar,Lampara,1,124710,22765
340,274,2023-06-03,Hogar,Silla,2,344110,74474
341,394,2023-03-24,Electrodomesticos,Lavadora,1,111114,27939
342,725,2024-12-24,Hogar,Silla,1,133831,39763
343,1035,2024-07-19,Tecnologia,Tablet,1,138033,41580
344,755,2024-12-10,Deportes,Pesas,2,204552,36877
345,460,2023-03-19,Tecnologia,Smartphone,2,314544,68670
346,1267,2024-06-02,Vestuario,Pantalon,1,138556,33590
347,1495,2024-10-20,Vestuario,Zapatillas,4,329180,80111
348,1433,2023-04-03,Vestuario,Polera,1,96015,23595
349,508,2023-10-12,Tecnologia,Monitor,2,136912,37303
350,1445,2023-02-28,Tecnologia,Smartphone,4,20000,6565
351,1156,2024-02-01,Tecnologia,Smartphone,1,74345,14758
352,436,2024-01-27,Electrodomesticos,Lavadora,5,625700,162347
353,998,2024-09-03,Deportes,Pesas,3,387978,87417
354,625,2024-12-08,Electrodomesticos,Refrigerador,3,288804,65375
355,489,2023-02-21,Deportes,Raqueta,6,618042,115844
356,26,2023-12-15,Electrodomesticos,Lavadora,4,392432,142083
357,1020,2024-05-21,Deportes,Pesas,3,348213,75784
358,1192,2023-03-01,Hogar,Mesa,1,92864,32986
359,324,2023-06-14,Tecnologia,Smartphone,1,73860,23904
360,544,2024-06-09,Tecnologia,Smartphone,1,28534,8434
361,1105,2023-08-04,Electrodomesticos,Lavadora,1,167552,35563
362,1248,2024-04-09,Tecnologia,Monitor,3,265275,84931
363,771,2023-01-29,Hogar,Silla,1,101315,24196
364,673,2023-05-08,Tecnologia,Tablet,2,198248,51291
365,948,2024-01-02,Tecnologia,Notebook,2,411290,100259
366,630,2023-09-15,Electrodomesticos,Refrigerador,2,241560,66179
367,1239,2023-10-25,Tecnologia,Monitor,1,106601,30026
368,399,2024-10-07,Hogar,Silla,4,315764,110290
369,677,2023-08-13,Vestuario,Polera,4,524184,179995
370,1343,2023-10-20,Vestuario,Zapatillas,1,116923,25266
371,577,2023-08-08,Deportes,Bicicleta,3,343296,78493
372,159,2023-12-08,Tecnologia,Smartphone,4,338504,77117
373,565,2024-03-12,Vestuario,Zapatillas,3,165897,39307
374,811,2024-12-05,Deportes,Raqueta,1,47493,15745
375,6,2024-05-05,Deportes,Balon,2,250442,53116
376,235,2024-10-31,Vestuario,Pantalon,1,84137,27625
377,206,2024-12-21,Vestuario,Zapatillas,1,113679,42042
378,661,2024-06-02,Hogar,Lampara,1,67135,22673
379,30,2023-08-29,Electrodomesticos,Lavadora,1,5000,1168
380,1017,2024-02-15,Vestuario,Pantalon,5,284845,72674
381,1412,2024-12-21,Hogar,Sofa,1,159071,50050
382,404,2024-10-17,Hogar,Mesa,1,107706,32813
383,808,2024-02-22,Hogar,Lampara,2,195592,44170
384,745,2024-09-20,Vestuario,Zapatillas,2,40302,12805
385,640,2023-07-06,Hogar,Lampara,2,105588,21452
386,352,2024-05-11,Vestuario,Chaqueta,5,345145,104786
387,1311,2023-12-14,Electrodomesticos,Refrigerador,2,250798,50917
388,1488,2024-11-19,Electrodomesticos,Aspiradora,1,61090,18041
389,1267,2023-01-30,Deportes,Bicicleta,3,561459,152602
390,701,2023-07-02,Vestuario,Pantalon,1,109884,19976
391,1209,2024-10-20,Deportes,Pesas,1,176704,34732
392,183,2024-10-24,Vestuario,Chaqueta,1,17328,3188
393,871,2023-10-18,Hogar,Lampara,1,44798,10228
394,1267,2023-07-11,Tecnologia,Monitor,1,127502,40447
395,243,2024-06-05,Hogar,Mesa,1,77211,15910
396,1020,2023-11-29,Hogar,Mesa,3,267582,86366
397,231,2023-05-18,Deportes,Bicicleta,3,275007,52551
398,1409,2024-04-22,Vestuario,Chaqueta,4,545720,123622
399,1011,2024-04-29,Electrodomesticos,Microondas,2,239328,60640
400,1376,2024-04-21,Tecnologia,Smartphone,1,36457,11630
401,720,2023-11-11,Tecnologia,Monitor,2,307568,95313
402,992,2024-01-22,Tecnologia,Notebook,1,72583,19284
403,1063,2023-02-18,Hogar,Sofa,2,89382,20737
404,1063,2023-06-06,Tecnologia,Tablet,1,137581,45994
405,1407,2023-10-28,Deportes,Pesas,3,201951,42557
406,789,2024-09-12,Vestuario,Pantalon,4,63000,13494
407,539,2024-03-23,Vestuario,Zapatillas,1,32240,8803
408,1486,2024-07-08,Deportes,Balon,1,99749,27683
409,857,2023-04-20,Tecnologia,Monitor,1,89414,28602
410,1276,2024-08-09,Electrodomesticos,Aspiradora,4,398576,146977
411,567,2024-09-14,Deportes,Bicicleta,3,269565,102128
412,1440,2023-09-03,Electrodomesticos,Refrigerador,1,132509,49849
413,582,2023-08-04,Tecnologia,Tablet,1,123616,35788
414,351,2023-10-28,Hogar,Mesa,2,327808,94529
415,690,2023-09-01,Tecnologia,Notebook,1,125713,40450
416,1029,2024-02-13,Deportes,Pesas,3,340554,81143
417,288,2024-04-22,Deportes,Raqueta,3,221031,63544
418,1379,2023-08-12,Electrodomesticos,Refrigerador,1,28993,7017
419,970,2024-01-30,Hogar,Mesa,1,123791,38399
420,692,2023-02-23,Deportes,Balon,4,553568,151812
421,1426,2023-05-29,Electrodomesticos,Refrigerador,3,62856,13163
422,1340,2024-06-09,Vestuario,Zapatillas,1,189483,39363
423,251,2024-03-05,Hogar,Mesa,1,61205,13845
424,178,2023-06-04,Tecnologia,Smartphone,6,785850,196241
425,22,2024-04-09,Hogar,Mesa,1,61655,13429
426,28,2024-12-14,Tecnologia,Smartphone,2,158378,38322
427,221,2023-02-27,Hogar,Silla,4,312992,93775
428,518,2024-12-02,Electrodomesticos,Lavadora,2,102962,22141
429,1377,2023-05-26,Vestuario,Chaqueta,1,65394,22416
430,1299,2023-02-22,Deportes,Raqueta,1,22954,6698
431,392,2023-09-17,Hogar,Silla,6,279354,95460
432,663,2023-08-18,Vestuario,Polera,2,236966,45753
433,1242,2024-12-21,Tecnologia,Smartphone,1,112455,38669
434,114,2023-03-12,Deportes,Bicicleta,1,60666,11319
435,848,2024-09-01,Tecnologia,Tablet,3,440580,133198
436,734,2024-03-24,Tecnologia,Tablet,2,259080,49442
437,1383,2023-09-13,Vestuario,Zapatillas,3,323040,107906
438,781,2024-05-08,Electrodomesticos,Microondas,1,140518,46138
439,1454,2023-06-15,Vestuario,Pantalon,2,161326,60964
440,1012,2024-01-14,Electrodomesticos,Microondas,1,119317,38621
441,1223,2024-06-27,Hogar,Mesa,1,51992,19409
442,762,2024-03-22,Vestuario,Pantalon,2,72880,18284
443,1087,2024-12-22,Tecnologia,Monitor,2,355362,81853
444,1280,2024-03-06,Deportes,Pesas,2,143762,40500
445,882,2023-11-04,Vestuario,Zapatillas,3,174105,64525
446,1259,2023-12-05,Deportes,Raqueta,1,30721,7327
447,90,2024-12-12,Tecnologia,Notebook,3,336843,79790
448,488,2024-01-17,Electrodomesticos,Refrigerador,1,92330,25492
449,1065,2023-05-06,Electrodomesticos,Refrigerador,1,111581,25168
450,106,2023-09-01,Electrodomesticos,Aspiradora,1,127385,40963
451,1497,2024-06-13,Electrodomesticos,Aspiradora,1,139142,26512
452,1352,2023-04-17,Vestuario,Zapatillas,1,112483,34907
453,649,2023-03-19,Hogar,Sofa,1,35793,12781
454,839,2023-12-12,Electrodomesticos,Aspiradora,4,168468,53793
455,547,2023-01-31,Hogar,Sofa,2,171074,49649
456,454,2024-09-17,Tecnologia,Smartphone,2,87708,30856
457,1214,2024-12-15,Deportes,Balon,4,385976,146230
458,258,2024-06-13,Deportes,Balon,4,141504,35576
459,420,2023-09-08,Deportes,Raqueta,1,111154,35300
460,910,2024-07-23,Tecnologia,Monitor,1,75679,25903
461,595,2024-12-17,Hogar,Sofa,2,28124,7126
462,257,2024-08-13,Electrodomesticos,Refrigerador,1,57740,11436
463,1377,2024-08-02,Tecnologia,Monitor,3,191277,49706
464,237,2024-04-29,Hogar,Sofa,1,72701,14817
465,145,2024-03-18,Electrodomesticos,Lavadora,4,340324,114350
466,1084,2023-06-04,Deportes,Raqueta,3,502365,163585
467,1433,2023-03-22,Hogar,Sofa,3,268065,87417
468,981,2023-10-05,Hogar,Lampara,2,240916,89010
469,1376,2023-07-05,Tecnologia,Notebook,1,153362,28864
470,462,2023-09-14,Hogar,Lampara,3,301050,111064
471,671,2023-06-10,Vestuario,Polera,2,218308,71641
472,737,2024-06-08,Tecnologia,Smartphone,1,168596,33528
473,858,2023-05-09,Hogar,Sofa,3,344565,99813
474,1401,2024-12-27,Deportes,Raqueta,2,263902,68481
475,212,2023-07-08,Hogar,Sofa,2,185234,55762
476,1306,2023-06-06,Hogar,Silla,2,200476,53615
477,812,2024-09-17,Electrodomesticos,Aspiradora,1,137417,36761
478,605,2023-05-06,Deportes,Raqueta,1,105708,32038
479,390,2023-11-13,Electrodomesticos,Refrigerador,2,264320,61536
480,432,2023-02-23,Vestuario,Chaqueta,2,215372,60025
481,934,2023-03-04,Electrodomesticos,Lavadora,2,202630,44023
482,748,2023-08-04,Hogar,Lampara,1,81263,25443
483,496,2023-06-04,Vestuario,Pantalon,1,84428,30648
484,486,2023-04-17,Tecnologia,Smartphone,2,155268,29208
485,256,2023-04-11,Deportes,Bicicleta,3,283617,53054
486,1452,2023-08-02,Tecnologia,Monitor,2,151088,48052
487,506,2023-06-22,Hogar,Silla,1,141638,46148
488,376,2023-01-24,Tecnologia,Smartphone,1,58810,21572
489,190,2023-07-04,Electrodomesticos,Lavadora,1,26879,8326
490,396,2023-05-20,Electrodomesticos,Aspiradora,1,16839,4936
491,572,2024-01-08,Vestuario,Chaqueta,1,103252,27389
492,745,2023-07-20,Tecnologia,Notebook,3,64080,14845
493,603,2023-08-24,Vestuario,Pantalon,1,106267,30441
494,572,2024-08-20,Vestuario,Polera,2,226508,60483
495,390,2024-09-13,Hogar,Lampara,3,522375,158703
496,153,2024-01-07,Deportes,Bicicleta,5,65040,21922
497,876,2023-01-18,Hogar,Mesa,1,42520,12914
498,1343,2024-06-15,Electrodomesticos,Refrigerador,1,64762,12681
499,1305,2023-06-27,Hogar,Mesa,3,229872,48682
500,1340,2023-02-11,Tecnologia,Notebook,1,162746,30292
501,168,2024-10-27,Electrodomesticos,Aspiradora,1,65566,13147
502,1113,2024-06-13,Tecnologia,Tablet,4,581108,202348
503,1341,2023-04-02,Hogar,Silla,1,54999,15752
504,1114,2023-11-10,Vestuario,Pantalon,2,138564,28277
505,1447,2023-09-17,Electrodomesticos,Microondas,2,216512,39367
506,446,2023-03-11,Hogar,Mesa,1,98703,32045
507,277,2024-04-25,Deportes,Raqueta,3,246006,88787
508,909,2024-11-14,Electrodomesticos,Refrigerador,3,192714,63292
509,925,2023-04-02,Electrodomesticos,Microondas,2,336590,108945
510,693,2024-11-05,Electrodomesticos,Microondas,2,209096,41980
511,598,2024-11-01,Electrodomesticos,Microondas,1,134212,39860
512,1148,2024-05-05,Hogar,Mesa,1,136745,33200
513,1397,2023-06-03,Hogar,Lampara,1,115170,35237
514,863,2024-11-25,Vestuario,Pantalon,3,146967,28200
515,18,2023-06-28,Hogar,Mesa,1,93055,35096
516,1250,2023-10-25,Vestuario,Chaqueta,1,78949,27289
517,1123,2024-03-15,Deportes,Raqueta,3,197667,46116
518,1236,2024-03-12,Electrodomesticos,Lavadora,2,46700,14372
519,778,2024-07-07,Deportes,Balon,1,56853,19186
520,3,2024-09-24,Hogar,Sofa,4,232052,76391
521,898,2023-02-22,Electrodomesticos,Microondas,3,178698,61443
522,1316,2023-09-04,Vestuario,Chaqueta,7,531930,144266
523,405,2023-03-29,Vestuario,Zapatillas,2,93792,30244
524,1466,2023-02-14,Hogar,Mesa,4,252248,76801
525,861,2023-08-23,Deportes,Raqueta,2,251282,68662
526,625,2023-02-01,Deportes,Balon,1,60428,19077
527,367,2024-05-22,Deportes,Pesas,1,80075,14593
528,22,2023-12-20,Tecnologia,Monitor,2,153210,34665
529,545,2023-05-18,Vestuario,Chaqueta,1,147579,53894
530,440,2023-07-30,Electrodomesticos,Aspiradora,1,35275,11598
531,99,2023-02-10,Electrodomesticos,Refrigerador,3,280452,71410
532,702,2024-03-31,Deportes,Balon,1,39851,9595
533,1216,2023-11-03,Tecnologia,Monitor,1,5000,1895
534,139,2023-11-20,Vestuario,Chaqueta,1,26177,5976
535,1093,2024-07-14,Deportes,Bicicleta,2,176642,38819
536,745,2023-08-03,Vestuario,Polera,1,61656,13545
537,425,2023-10-06,Tecnologia,Notebook,4,583996,165044
538,186,2023-05-09,Tecnologia,Smartphone,1,90226,27166
539,940,2023-03-09,Electrodomesticos,Refrigerador,4,441824,140375
540,451,2023-12-22,Hogar,Silla,4,216804,63627
541,1435,2024-07-24,Tecnologia,Monitor,1,52938,14322
542,1333,2024-01-29,Vestuario,Polera,1,92224,24008
543,706,2023-03-02,Vestuario,Pantalon,7,808885,238917
544,258,2023-02-10,Vestuario,Polera,5,473580,86301
545,194,2023-06-17,Hogar,Lampara,2,257842,70597
546,1323,2023-04-11,Electrodomesticos,Microondas,1,49231,17983
547,1386,2023-11-29,Tecnologia,Smartphone,5,501015,170263
548,187,2023-11-15,Tecnologia,Monitor,4,294088,96690
549,127,2023-05-24,Deportes,Pesas,2,118686,43173
550,867,2023-11-12,Electrodomesticos,Refrigerador,1,101684,19085
551,705,2024-10-16,Deportes,Bicicleta,4,278356,79475
552,399,2023-09-29,Electrodomesticos,Microondas,1,88196,21814
553,1122,2024-11-27,Vestuario,Zapatillas,1,56656,17629
554,1168,2024-07-12,Electrodomesticos,Aspiradora,5,552800,150418
555,1163,2024-04-15,Electrodomesticos,Lavadora,3,209205,48345
556,434,2023-07-29,Tecnologia,Notebook,2,187880,67965
557,816,2023-09-12,Tecnologia,Smartphone,2,77566,26118
558,707,2024-12-30,Deportes,Raqueta,5,277790,73525
559,384,2024-03-16,Tecnologia,Monitor,1,84075,16847
560,1015,2024-09-14,Deportes,Balon,1,123499,30952
561,1211,2023-01-10,Vestuario,Pantalon,2,120930,35272
562,159,2024-02-13,Deportes,Raqueta,4,292320,97703
563,949,2023-02-05,Hogar,Silla,3,256197,94494
564,1425,2024-10-31,Deportes,Bicicleta,3,234678,79976
565,1145,2023-08-01,Deportes,Bicicleta,2,177070,49170
566,240,2023-03-06,Electrodomesticos,Refrigerador,2,192702,38581
567,1113,2024-11-18,Electrodomesticos,Microondas,2,130178,25681
568,1055,2024-02-15,Deportes,Bicicleta,1,72081,19307
569,953,2024-03-25,Electrodomesticos,Microondas,2,238192,67155
570,1387,2023-01-13,Hogar,Mesa,2,258958,68773
571,273,2023-04-14,Deportes,Bicicleta,3,208380,61805
572,399,2024-10-02,Tecnologia,Tablet,3,186549,59156
573,1073,2024-02-21,Electrodomesticos,Aspiradora,1,100963,19016
574,650,2024-03-21,Hogar,Mesa,1,76502,22878
575,615,2023-04-30,Vestuario,Pantalon,4,330520,91913
576,692,2023-06-01,Tecnologia,Tablet,4,509840,188830
577,74,2023-07-10,Vestuario,Pantalon,2,10000,3192
578,887,2024-02-02,Deportes,Bicicleta,2,104538,20307
579,192,2024-02-26,Hogar,Lampara,2,117458,26384
580,342,2024-10-08,Deportes,Balon,3,242229,72510
581,1046,2023-03-25,Deportes,Pesas,1,115678,35536
582,604,2024-07-07,Deportes,Pesas,1,83425,26625
583,1070,2023-01-07,Vestuario,Pantalon,2,142298,33193
584,206,2023-12-04,Vestuario,Zapatillas,5,539805,187509
585,785,2023-09-10,Tecnologia,Smartphone,1,41499,10744
586,1253,2023-04-03,Deportes,Raqueta,4,187436,52663
587,119,2023-03-03,Tecnologia,Tablet,2,180638,45285
588,8,2024-11-19,Deportes,Pesas,1,45087,16905
589,817,2023-11-30,Tecnologia,Tablet,2,202034,76368
590,682,2023-09-10,Hogar,Sofa,1,38964,9003
591,7,2024-10-29,Hogar,Lampara,1,28924,6788
592,523,2024-03-06,Tecnologia,Monitor,2,148062,54558
593,774,2023-05-17,Hogar,Mesa,1,83817,20154
594,645,2024-03-11,Vestuario,Chaqueta,1,135226,37967
595,1027,2024-11-11,Deportes,Pesas,3,232005,46738
596,717,2024-07-16,Hogar,Lampara,2,224888,71900
597,817,2024-05-11,Tecnologia,Smartphone,1,8061,2856
598,1356,2023-11-16,Electrodomesticos,Refrigerador,4,452788,103361
599,335,2023-03-11,Hogar,Sofa,2,214288,55047
600,631,2024-11-23,Electrodomesticos,Refrigerador,1,13671,3027
601,1010,2024-04-06,Tecnologia,Monitor,2,179048,57702
602,1259,2024-08-01,Electrodomesticos,Lavadora,3,298743,64915
603,1315,2023-07-28,Hogar,Silla,1,27363,9193
604,439,2023-10-11,Tecnologia,Tablet,6,316050,59033
605,1296,2024-03-13,Vestuario,Chaqueta,2,215102,46702
606,1015,2023-06-04,Vestuario,Zapatillas,2,80396,14600
607,184,2024-07-26,Electrodomesticos,Aspiradora,3,539085,104212
608,824,2024-09-03,Tecnologia,Monitor,2,78564,25395
609,922,2023-08-15,Hogar,Sofa,3,316722,71732
610,853,2023-12-27,Tecnologia,Tablet,2,161024,50313
611,1138,2024-04-14,Vestuario,Pantalon,4,249416,82029
612,856,2023-06-15,Deportes,Pesas,1,139586,35151
613,275,2024-01-23,Vestuario,Zapatillas,1,96147,27322
614,1020,2024-01-26,Vestuario,Pantalon,3,217575,69242
615,560,2023-07-22,Tecnologia,Smartphone,2,237098,75156
616,856,2023-07-30,Hogar,Lampara,5,323490,62253
617,349,2023-11-05,Hogar,Lampara,4,403424,101184
618,856,2024-08-11,Deportes,Bicicleta,2,162282,36560
619,1148,2023-09-11,Deportes,Bicicleta,1,94169,35039
620,251,2024-11-11,Deportes,Bicicleta,1,167747,33190
621,127,2024-09-15,Hogar,Sofa,3,398148,139797
622,453,2024-02-12,Tecnologia,Monitor,2,170344,36127
623,711,2023-06-28,Tecnologia,Notebook,3,192225,52429
624,412,2023-01-15,Hogar,Mesa,2,144000,29194
625,1285,2023-11-04,Tecnologia,Notebook,2,215216,41192
626,1419,2023-05-21,Vestuario,Zapatillas,2,121128,27241
627,736,2023-08-26,Electrodomesticos,Microondas,4,302228,83275
628,128,2024-05-04,Tecnologia,Monitor,2,283970,57336
629,760,2023-11-30,Deportes,Balon,5,511135,109779
630,133,2023-09-03,Hogar,Silla,1,63937,20061
631,947,2023-03-09,Deportes,Bicicleta,1,81984,19632
632,1312,2023-03-28,Deportes,Pesas,4,409216,98338
633,1431,2024-10-14,Deportes,Bicicleta,2,54672,13121
634,557,2023-02-25,Vestuario,Chaqueta,2,98340,32788
635,600,2024-11-21,Deportes,Balon,4,374756,130431
636,1455,2024-11-01,Tecnologia,Tablet,4,500864,99414
637,8,2024-03-31,Vestuario,Chaqueta,1,100448,19455
638,248,2023-02-25,Tecnologia,Notebook,1,92322,22204
639,478,2023-11-13,Tecnologia,Tablet,5,380280,133159
640,1134,2023-03-07,Deportes,Bicicleta,2,69426,18401
641,927,2023-01-25,Deportes,Pesas,4,431040,110632
642,653,2023-08-14,Electrodomesticos,Microondas,1,30296,8872
643,986,2024-09-11,Vestuario,Chaqueta,1,5000,928
644,933,2023-09-01,Deportes,Raqueta,3,359451,87741
645,1338,2024-11-15,Vestuario,Pantalon,2,417776,86944
646,1117,2024-02-14,Deportes,Balon,1,175846,59148
647,1189,2023-11-01,Deportes,Balon,1,90967,30727
648,156,2024-11-16,Electrodomesticos,Lavadora,5,310340,116629
649,1426,2023-03-26,Electrodomesticos,Microondas,2,195316,64916
650,754,2023-04-14,Tecnologia,Smartphone,1,69251,24209
651,22,2024-01-18,Tecnologia,Smartphone,2,309166,81088
652,1307,2024-11-19,Deportes,Pesas,3,360249,127672
653,724,2023-06-26,Hogar,Mesa,2,137268,33304
654,524,2023-03-13,Hogar,Lampara,3,242361,56775
655,1049,2023-11-14,Hogar,Mesa,1,48810,10065
656,153,2023-06-27,Tecnologia,Smartphone,2,166810,60000
657,50,2023-01-14,Hogar,Mesa,1,69315,21491
658,987,2024-08-11,Vestuario,Zapatillas,2,196648,61936
659,639,2024-04-03,Tecnologia,Notebook,3,247113,86874
660,1117,2024-09-16,Deportes,Pesas,4,37336,10485
661,42,2023-12-28,Electrodomesticos,Aspiradora,2,148108,52322
662,1048,2023-09-10,Deportes,Raqueta,1,141085,32120
663,1120,2023-01-22,Hogar,Mesa,2,141452,45284
664,647,2023-12-25,Deportes,Balon,1,154544,37399
665,1105,2023-07-30,Vestuario,Chaqueta,2,174980,59920
666,1254,2024-04-29,Vestuario,Polera,3,557205,174072
667,271,2024-06-04,Hogar,Mesa,1,91176,33848
668,7,2024-12-14,Electrodomesticos,Microondas,3,361809,100870
669,912,2024-08-09,Tecnologia,Smartphone,1,93436,23221
670,998,2024-06-13,Hogar,Sofa,2,146364,27649
671,435,2024-02-25,Vestuario,Chaqueta,2,212438,50058
672,510,2024-11-09,Deportes,Pesas,1,113060,20634
673,748,2024-06-14,Tecnologia,Monitor,1,72487,22702
674,1413,2024-11-11,Vestuario,Pantalon,1,55186,18558
675,1080,2023-03-10,Tecnologia,Monitor,1,67785,24484
676,366,2023-10-15,Tecnologia,Tablet,2,81724,23495
677,265,2023-06-28,Electrodomesticos,Refrigerador,1,93899,27937
678,964,2024-03-20,Hogar,Lampara,3,288126,82608
679,543,2024-12-13,Deportes,Balon,1,5000,1231
680,618,2023-05-08,Deportes,Bicicleta,1,145873,52970
681,517,2024-05-26,Hogar,Lampara,2,149900,49034
682,1441,2024-04-25,Electrodomesticos,Aspiradora,2,170188,62012
683,1249,2024-11-02,Electrodomesticos,Aspiradora,2,136862,25547
684,1440,2024-03-19,Deportes,Pesas,1,5000,1884
685,1328,2023-04-29,Tecnologia,Monitor,1,119305,44735
686,1283,2024-09-26,Electrodomesticos,Microondas,1,161806,31739
687,602,2024-01-02,Electrodomesticos,Microondas,4,149456,54374
688,270,2023-08-17,Electrodomesticos,Microondas,2,121462,34547
689,28,2023-02-08,Electrodomesticos,Refrigerador,4,501476,94624
690,975,2023-10-06,Tecnologia,Monitor,1,113578,25801
691,845,2023-03-26,Electrodomesticos,Microondas,2,126766,44224
692,106,2023-06-08,Hogar,Mesa,3,306822,106524
693,533,2023-10-07,Electrodomesticos,Lavadora,1,5000,1312
694,766,2023-07-30,Vestuario,Zapatillas,2,41234,9316
695,920,2024-11-26,Deportes,Pesas,2,291950,73117
696,1390,2023-05-08,Vestuario,Chaqueta,1,109111,28633
697,605,2024-10-09,Vestuario,Pantalon,1,70959,13432
698,261,2024-02-06,Tecnologia,Tablet,1,26958,6213
699,1438,2024-08-19,Electrodomesticos,Lavadora,3,229869,75460
700,1462,2023-10-16,Hogar,Mesa,1,123620,23318
701,584,2023-12-27,Electrodomesticos,Microondas,2,180534,68384
702,1383,2023-04-16,Tecnologia,Monitor,6,706374,171103
703,1429,2023-04-09,Hogar,Mesa,1,91722,27030
704,694,2023-01-24,Vestuario,Chaqueta,1,106793,35478
705,524,2023-02-14,Deportes,Balon,1,114398,39427
706,1335,2024-06-06,Vestuario,Chaqueta,1,60058,14765
707,423,2023-10-17,Electrodomesticos,Refrigerador,3,484797,182892
708,472,2023-10-20,Tecnologia,Notebook,4,569996,154224
709,989,2023-07-18,Hogar,Silla,1,74483,21387
710,1386,2023-04-11,Tecnologia,Notebook,2,193852,56245
711,285,2023-03-09,Tecnologia,Tablet,5,650295,195583
712,500,2023-06-12,Electrodomesticos,Aspiradora,4,280848,94112
713,1491,2023-10-14,Deportes,Pesas,2,199212,43154
714,459,2024-10-01,Electrodomesticos,Refrigerador,2,240992,58018
715,497,2023-09-04,Tecnologia,Smartphone,2,56328,10762
716,1380,2024-02-26,Vestuario,Chaqueta,1,136228,45624
717,353,2023-06-12,Hogar,Silla,1,111761,38264
718,1231,2024-12-24,Electrodomesticos,Microondas,1,109129,23697
719,433,2024-06-21,Tecnologia,Tablet,1,43304,15374
720,308,2023-11-24,Vestuario,Polera,3,385596,84916
721,964,2024-01-16,Deportes,Balon,2,237684,43183
722,322,2023-08-20,Tecnologia,Notebook,1,70255,24721
723,198,2023-06-07,Electrodomesticos,Microondas,1,80985,26987
724,797,2023-04-25,Tecnologia,Monitor,1,98280,32417
725,1454,2023-03-08,Hogar,Mesa,1,81791,20151
726,482,2023-09-04,Tecnologia,Tablet,1,85896,15933
727,731,2023-12-31,Hogar,Lampara,4,197456,69561
728,418,2023-01-19,Electrodomesticos,Microondas,3,260466,97652
729,944,2024-10-20,Vestuario,Zapatillas,1,118098,29911
730,1081,2024-06-14,Vestuario,Pantalon,1,12658,4086
731,1093,2024-08-27,Deportes,Bicicleta,3,55827,20318
732,1176,2023-03-11,Vestuario,Chaqueta,2,169616,62545
733,559,2023-01-25,Hogar,Silla,2,275898,78137
734,369,2023-07-19,Vestuario,Polera,2,156182,41710
735,645,2024-10-25,Vestuario,Zapatillas,3,279978,90774
736,1040,2024-10-31,Vestuario,Chaqueta,5,207605,61386
737,431,2023-04-17,Tecnologia,Monitor,2,234360,61204
738,229,2024-09-27,Electrodomesticos,Aspiradora,1,81093,15311
739,676,2023-06-17,Electrodomesticos,Refrigerador,2,313302,83201
740,242,2023-01-03,Electrodomesticos,Lavadora,1,90173,26908
741,142,2024-05-14,Deportes,Bicicleta,5,152910,31618
742,631,2023-05-13,Hogar,Silla,1,55026,9919
743,327,2024-07-19,Deportes,Pesas,2,235422,69243
744,399,2024-01-26,Deportes,Raqueta,2,214594,52724
745,779,2024-08-01,Hogar,Sofa,1,105864,34973
746,267,2023-04-30,Tecnologia,Smartphone,4,359504,83380
747,929,2024-05-24,Deportes,Raqueta,1,120373,23314
748,278,2024-12-29,Hogar,Mesa,1,99447,20856
749,133,2024-07-05,Electrodomesticos,Lavadora,1,61565,13477
750,883,2024-12-11,Hogar,Silla,5,542665,135900
751,694,2023-01-27,Tecnologia,Tablet,5,331935,68883
752,112,2024-12-12,Vestuario,Pantalon,1,87220,28143
753,697,2024-06-29,Vestuario,Zapatillas,2,247114,69859
754,11,2023-12-24,Electrodomesticos,Aspiradora,2,99616,22491
755,1246,2023-04-17,Tecnologia,Tablet,1,52327,16425
756,1099,2023-08-29,Hogar,Mesa,3,305649,79528
757,225,2023-12-12,Tecnologia,Tablet,1,51212,14973
758,739,2024-09-13,Electrodomesticos,Lavadora,1,80674,17145
759,283,2023-06-17,Deportes,Bicicleta,4,345032,130064
760,960,2023-02-01,Vestuario,Chaqueta,1,153510,44487
761,244,2023-12-08,Deportes,Balon,5,613325,140033
762,807,2024-04-24,Electrodomesticos,Refrigerador,3,15000,5625
763,241,2024-11-25,Deportes,Balon,3,265662,92017
764,302,2023-12-20,Deportes,Balon,1,7013,1899
765,915,2024-03-01,Electrodomesticos,Microondas,1,64596,20374
766,1096,2024-11-05,Vestuario,Zapatillas,4,448424,96981
767,1394,2024-03-12,Hogar,Lampara,2,261004,87521
768,619,2024-05-09,Vestuario,Zapatillas,1,76567,27944
769,567,2024-01-26,Tecnologia,Smartphone,1,90350,22971
770,763,2023-05-12,Tecnologia,Tablet,1,154172,36379
771,828,2023-10-30,Vestuario,Zapatillas,4,270936,98888
772,1229,2024-07-19,Electrodomesticos,Lavadora,5,494155,125936
773,815,2023-11-29,Deportes,Balon,1,120807,45795
774,334,2024-04-02,Hogar,Mesa,1,86029,32518
775,1118,2023-05-19,Tecnologia,Smartphone,1,134257,49114
776,272,2024-05-30,Electrodomesticos,Microondas,1,52829,19106
777,808,2023-02-11,Vestuario,Chaqueta,1,70062,20824
778,595,2023-09-25,Electrodomesticos,Microondas,2,203434,62864
779,1086,2023-02-18,Vestuario,Polera,1,18633,4563
780,642,2024-08-08,Electrodomesticos,Aspiradora,1,105774,35416
781,673,2023-03-28,Electrodomesticos,Lavadora,4,431652,106241
782,776,2023-03-05,Tecnologia,Smartphone,3,313245,67691
783,146,2024-02-04,Electrodomesticos,Aspiradora,1,5000,1543
784,190,2023-09-09,Electrodomesticos,Lavadora,3,186618,50914
785,119,2023-04-24,Tecnologia,Monitor,1,39614,12973
786,1217,2024-12-31,Electrodomesticos,Lavadora,1,135577,42962
787,513,2023-07-09,Hogar,Sofa,3,175005,61876
788,117,2023-07-05,Deportes,Pesas,5,435255,131872
789,1211,2023-08-23,Vestuario,Polera,2,261462,88634
790,642,2024-12-21,Electrodomesticos,Aspiradora,5,547145,124432
791,494,2024-08-14,Electrodomesticos,Aspiradora,5,566580,181740
792,345,2024-11-21,Electrodomesticos,Aspiradora,4,474628,168581
793,695,2024-11-17,Vestuario,Zapatillas,4,280296,51123
794,622,2024-07-31,Deportes,Raqueta,2,95374,31299
795,505,2024-03-25,Vestuario,Zapatillas,1,87420,31865
796,240,2024-11-23,Hogar,Silla,1,129137,42397
797,187,2023-05-09,Tecnologia,Tablet,2,256260,71804
798,299,2024-01-30,Electrodomesticos,Refrigerador,3,399330,147602
799,1,2023-12-27,Electrodomesticos,Lavadora,1,116374,30767
800,818,2023-02-25,Hogar,Lampara,4,317980,90428
801,1373,2023-04-13,Deportes,Bicicleta,2,53462,18578
802,541,2023-03-01,Deportes,Bicicleta,3,179352,48338
803,592,2024-01-05,Electrodomesticos,Lavadora,2,202430,64321
804,1302,2023-06-02,Tecnologia,Tablet,4,208688,49715
805,1066,2024-04-02,Electrodomesticos,Microondas,1,148287,35722
806,841,2023-05-07,Electrodomesticos,Lavadora,3,183261,60801
807,606,2023-11-13,Deportes,Raqueta,2,102074,30330
808,524,2024-05-17,Tecnologia,Notebook,1,115951,31450
809,1109,2023-07-22,Hogar,Mesa,2,158392,59262
810,654,2024-06-13,Hogar,Sofa,4,370548,127213
811,1302,2023-06-27,Hogar,Mesa,2,109948,20846
812,343,2023-11-17,Vestuario,Pantalon,2,213400,42920
813,3,2024-02-02,Tecnologia,Smartphone,1,48539,8788
814,667,2024-03-16,Vestuario,Pantalon,2,116972,41926
815,651,2023-07-06,Vestuario,Pantalon,9,1098018,232624
816,1376,2023-08-04,Tecnologia,Monitor,3,287295,93929
817,643,2023-06-28,Hogar,Lampara,4,581620,159839
818,150,2024-05-22,Deportes,Balon,3,233589,77603
819,1181,2023-06-14,Electrodomesticos,Aspiradora,1,74697,16424
820,220,2024-07-31,Hogar,Silla,2,242814,47218
821,430,2023-05-26,Electrodomesticos,Aspiradora,1,66260,14814
822,325,2023-06-08,Electrodomesticos,Refrigerador,1,92255,24831
823,1295,2023-07-16,Tecnologia,Tablet,2,202934,43223
824,309,2023-08-27,Hogar,Sofa,3,342438,103106
825,184,2023-03-14,Hogar,Silla,1,56616,12396
826,486,2024-01-26,Vestuario,Zapatillas,1,141186,49568
827,431,2023-07-13,Deportes,Raqueta,3,502161,134754
828,355,2023-06-25,Tecnologia,Smartphone,3,278121,96849
829,575,2024-03-15,Tecnologia,Tablet,3,234924,63971
830,1207,2024-04-03,Vestuario,Pantalon,1,137107,29585
831,1252,2023-06-20,Hogar,Sofa,4,441280,86919
832,607,2024-12-18,Deportes,Raqueta,3,184833,34349
833,463,2024-05-20,Deportes,Pesas,2,204816,46171
834,165,2024-05-01,Vestuario,Pantalon,2,119998,40369
835,509,2024-03-28,Vestuario,Zapatillas,2,252804,57409
836,1029,2024-03-29,Vestuario,Zapatillas,4,180324,65934
837,1247,2023-12-08,Deportes,Balon,1,41284,15421
838,75,2024-01-17,Deportes,Raqueta,1,5000,1405
839,464,2024-10-06,Deportes,Pesas,1,5939,1469
840,1103,2023-07-14,Vestuario,Polera,1,96358,18832
841,410,2023-01-30,Tecnologia,Monitor,2,260844,54675
842,536,2024-09-16,Vestuario,Zapatillas,2,259146,49983
843,192,2024-05-23,Tecnologia,Monitor,3,241089,91273
844,1445,2024-05-25,Tecnologia,Notebook,3,298605,103751
845,765,2023-02-17,Deportes,Balon,2,150094,32380
846,684,2024-01-22,Tecnologia,Notebook,3,15000,5261
847,490,2024-02-07,Vestuario,Polera,5,371865,106826
848,122,2024-07-27,Hogar,Sofa,1,121218,41708
849,687,2024-09-02,Deportes,Bicicleta,4,410800,135802
850,1274,2024-03-16,Electrodomesticos,Refrigerador,2,128710,34883
851,1013,2023-02-27,Hogar,Sofa,3,81303,18159
852,1077,2023-01-12,Electrodomesticos,Refrigerador,3,395040,83291
853,1388,2023-06-17,Deportes,Bicicleta,1,105313,34821
854,754,2024-02-09,Hogar,Lampara,1,84200,25044
855,781,2024-06-11,Hogar,Mesa,2,112196,37662
856,174,2024-07-12,Hogar,Mesa,1,43972,8322
857,1115,2023-05-03,Tecnologia,Tablet,2,181526,47264
858,46,2023-08-16,Tecnologia,Monitor,1,113117,37145
859,978,2023-10-12,Vestuario,Zapatillas,2,160660,30236
860,579,2024-04-28,Tecnologia,Smartphone,1,121878,36784
861,1185,2023-05-04,Electrodomesticos,Microondas,1,63753,13008
862,600,2023-03-11,Tecnologia,Smartphone,1,53188,15916
863,795,2023-02-25,Hogar,Mesa,3,203001,73093
864,234,2023-11-02,Hogar,Mesa,6,217758,80019
865,841,2023-03-06,Deportes,Balon,2,65088,20173
866,374,2024-01-06,Tecnologia,Smartphone,1,33158,7086
867,1176,2024-04-26,Deportes,Bicicleta,1,29162,5434
868,1078,2023-04-26,Electrodomesticos,Microondas,1,14862,3621
869,774,2023-02-02,Tecnologia,Smartphone,4,254788,90063
870,368,2023-11-15,Vestuario,Zapatillas,2,346836,78549
871,999,2024-12-13,Deportes,Raqueta,1,56340,18433
872,45,2023-11-02,Hogar,Mesa,1,74051,26985
873,326,2024-05-08,Hogar,Mesa,1,178583,44766
874,1109,2024-04-19,Hogar,Silla,1,125812,32035
875,508,2024-09-02,Hogar,Mesa,2,188512,66329
876,333,2024-10-26,Vestuario,Pantalon,2,115728,20860
877,187,2024-12-18,Hogar,Sofa,3,179391,41313
878,305,2023-08-10,Electrodomesticos,Lavadora,1,116778,30218
879,472,2023-05-24,Electrodomesticos,Lavadora,3,239310,86145
880,486,2023-10-20,Electrodomesticos,Aspiradora,3,153735,40516
881,518,2023-05-14,Electrodomesticos,Refrigerador,1,162580,57296
882,823,2023-05-09,Deportes,Pesas,2,176758,52834
883,1485,2023-08-12,Tecnologia,Smartphone,1,100142,36948
884,255,2023-11-21,Deportes,Pesas,2,129698,30180
885,751,2024-11-15,Hogar,Silla,2,292560,54370
886,168,2023-09-03,Tecnologia,Monitor,2,86514,21154
887,1017,2023-12-26,Deportes,Pesas,1,55883,20865
888,650,2023-12-24,Tecnologia,Monitor,1,60646,20554
889,1356,2024-11-05,Deportes,Pesas,1,54918,15662
890,1307,2023-03-01,Deportes,Balon,2,185950,35996
891,306,2023-01-23,Electrodomesticos,Aspiradora,4,176368,56277
892,113,2023-04-26,Hogar,Lampara,2,205846,41148
893,759,2024-07-17,Hogar,Lampara,1,75425,28241
894,611,2024-12-12,Electrodomesticos,Refrigerador,1,50934,15889
895,945,2024-12-24,Vestuario,Pantalon,2,109562,36879
896,428,2024-06-05,Vestuario,Chaqueta,2,52314,13697
897,1423,2024-05-19,Electrodomesticos,Microondas,1,106714,25148
898,150,2023-12-29,Vestuario,Pantalon,3,273207,77431
899,1432,2023-03-16,Tecnologia,Tablet,2,218254,45088
900,947,2024-05-12,Deportes,Balon,1,64157,20474
901,1424,2023-04-12,Electrodomesticos,Microondas,2,258302,82133
902,1497,2024-07-06,Vestuario,Chaqueta,1,63910,12375
903,961,2024-10-09,Tecnologia,Monitor,1,77464,21799
904,125,2023-01-30,Electrodomesticos,Refrigerador,1,98412,28700
905,71,2023-06-11,Tecnologia,Tablet,3,419847,112705
906,1374,2023-09-09,Tecnologia,Monitor,2,123668,41632
907,899,2023-04-30,Vestuario,Zapatillas,1,108234,35495
908,311,2024-07-16,Deportes,Raqueta,1,82891,22407
909,1428,2024-01-29,Vestuario,Polera,3,122982,42200
910,988,2024-02-17,Deportes,Balon,3,192402,72943
911,946,2023-12-30,Vestuario,Chaqueta,3,89640,33611
912,1421,2024-09-20,Vestuario,Chaqueta,3,163563,39812
913,333,2024-02-08,Deportes,Pesas,2,10000,3781
914,1046,2023-05-10,Vestuario,Polera,1,119257,43848
915,1224,2023-02-20,Tecnologia,Notebook,1,134854,29955
916,294,2023-08-15,Tecnologia,Smartphone,2,162286,44403
917,229,2024-05-12,Deportes,Balon,2,124882,31712
918,877,2024-10-27,Vestuario,Pantalon,1,128799,27816
919,896,2024-10-16,Vestuario,Zapatillas,2,98010,36947
920,991,2024-11-02,Electrodomesticos,Refrigerador,2,193438,71402
921,808,2023-12-06,Tecnologia,Monitor,1,46746,11292
922,592,2023-01-03,Electrodomesticos,Aspiradora,2,82496,21319
923,676,2024-01-25,Deportes,Raqueta,2,181832,52946
924,829,2023-12-16,Vestuario,Chaqueta,1,115706,30534
925,1116,2023-08-21,Hogar,Mesa,6,658404,230915
926,1188,2023-02-13,Tecnologia,Smartphone,2,193712,65867
927,751,2024-11-17,Electrodomesticos,Microondas,1,99975,27979
928,284,2024-02-05,Tecnologia,Tablet,4,210836,62183
929,1394,2024-12-25,Vestuario,Zapatillas,4,474828,167023
930,431,2024-10-07,Tecnologia,Monitor,1,49702,17257
931,487,2024-06-28,Deportes,Bicicleta,3,485151,179613
932,318,2023-07-03,Vestuario,Zapatillas,2,338296,70450
933,268,2023-02-27,Vestuario,Pantalon,3,121275,41875
934,270,2024-05-08,Deportes,Bicicleta,1,58444,18236
935,577,2024-11-07,Electrodomesticos,Aspiradora,1,101451,37116
936,10,2024-04-20,Tecnologia,Notebook,3,306918,103691
937,1152,2024-07-13,Hogar,Mesa,1,78840,23083
938,1425,2023-03-21,Tecnologia,Notebook,1,84753,29272
939,628,2023-05-02,Vestuario,Pantalon,4,608252,217815
940,500,2024-11-21,Deportes,Raqueta,2,279950,90950
941,1356,2023-08-17,Vestuario,Zapatillas,1,8039,2845
942,1149,2024-03-20,Tecnologia,Notebook,1,130260,45453
943,88,2024-04-19,Hogar,Silla,1,150658,28427
944,397,2024-08-24,Electrodomesticos,Lavadora,1,72189,21420
945,820,2023-09-01,Electrodomesticos,Refrigerador,3,125616,29675
946,77,2024-12-31,Tecnologia,Tablet,3,247287,70584
947,1312,2024-07-24,Deportes,Balon,2,146950,33909
948,1369,2023-08-01,Vestuario,Zapatillas,3,15000,3786
949,387,2023-12-23,Electrodomesticos,Refrigerador,1,135064,30121
950,5,2024-03-04,Deportes,Bicicleta,1,147128,38988
951,1358,2023-09-22,Hogar,Silla,1,83144,27218
952,75,2024-03-04,Tecnologia,Notebook,3,334572,101409
953,1008,2024-09-17,Hogar,Silla,1,95479,33075
954,540,2023-01-19,Deportes,Balon,1,119436,39699
955,597,2024-06-07,Electrodomesticos,Refrigerador,2,141432,49125
956,896,2023-06-20,Vestuario,Pantalon,3,370092,134731
957,490,2023-12-07,Vestuario,Zapatillas,2,67614,15814
958,1405,2023-07-12,Vestuario,Polera,5,602675,228149
959,1497,2023-09-12,Deportes,Balon,2,152604,56034
960,725,2024-01-02,Electrodomesticos,Lavadora,3,309336,99714
961,1454,2024-03-23,Electrodomesticos,Microondas,2,147080,33078
962,1065,2023-11-30,Deportes,Bicicleta,3,113091,37353
963,1395,2023-02-06,Deportes,Bicicleta,3,132666,46768
964,981,2023-06-03,Tecnologia,Smartphone,1,54315,15299
965,1228,2023-02-25,Vestuario,Chaqueta,1,88518,19280
966,789,2024-08-26,Deportes,Balon,4,406284,152661
967,808,2024-07-24,Vestuario,Zapatillas,1,59908,21850
968,323,2024-12-15,Hogar,Sofa,2,210010,60683
969,376,2024-12-11,Vestuario,Polera,2,238482,46145
970,865,2024-02-28,Hogar,Mesa,4,454740,151899
971,300,2024-01-09,Vestuario,Pantalon,3,373974,81973
972,436,2024-01-05,Hogar,Sofa,1,124234,22839
973,1097,2023-10-26,Electrodomesticos,Lavadora,2,264512,59109
974,1438,2024-07-17,Vestuario,Chaqueta,1,86980,30926
975,800,2023-01-21,Hogar,Silla,1,75712,26092
976,342,2024-03-26,Deportes,Pesas,3,256149,60391
977,904,2024-07-12,Hogar,Lampara,1,61327,15505
978,129,2024-12-18,Electrodomesticos,Aspiradora,5,632920,196989
979,404,2023-11-18,Hogar,Silla,1,84025,17709
980,1475,2024-08-02,Hogar,Mesa,2,214960,50264
981,1187,2023-06-16,Vestuario,Zapatillas,1,35126,8133
982,1290,2024-03-02,Deportes,Pesas,2,347812,103745
983,1074,2024-01-16,Vestuario,Zapatillas,3,268548,66322
984,1144,2024-05-31,Deportes,Raqueta,1,107207,21621
985,742,2024-01-23,Vestuario,Polera,2,261372,66998
986,1173,2024-04-10,Hogar,Mesa,2,181088,55147
987,290,2023-10-02,Deportes,Balon,3,251109,84962
988,1356,2023-07-19,Tecnologia,Monitor,1,69784,25373
989,64,2023-07-04,Deportes,Raqueta,3,173148,38646
990,1032,2023-08-18,Deportes,Pesas,4,383836,95234
991,1174,2024-08-04,Tecnologia,Notebook,2,146438,38070
992,623,2023-06-26,Hogar,Mesa,5,441315,136040
993,237,2024-05-20,Deportes,Bicicleta,1,72022,19838
994,585,2024-06-18,Deportes,Balon,2,304330,86133
995,1259,2024-12-23,Electrodomesticos,Aspiradora,1,120867,35809
996,645,2024-02-14,Electrodomesticos,Aspiradora,2,124812,22674
997,511,2024-10-01,Hogar,Sofa,3,347358,123965
998,495,2024-07-14,Deportes,Raqueta,2,207086,77472
999,1452,2023-05-09,Deportes,Raqueta,1,77573,26213
1000,424,2023-02-17,Hogar,Mesa,1,195536,56719
1001,1288,2024-12-21,Tecnologia,Monitor,3,171030,52300
1002,1291,2024-08-17,Hogar,Mesa,1,173496,45763
1003,925,2024-01-30,Electrodomesticos,Lavadora,2,179644,39381
1004,473,2024-05-03,Electrodomesticos,Lavadora,1,108843,30597
1005,223,2023-04-10,Vestuario,Zapatillas,3,265917,100060
1006,613,2023-07-03,Deportes,Balon,3,378813,87623
1007,616,2023-10-17,Tecnologia,Tablet,1,122495,24924
1008,897,2023-06-24,Vestuario,Chaqueta,1,91124,28452
1009,750,2024-10-27,Deportes,Balon,3,246183,55418
1010,1004,2023-12-16,Electrodomesticos,Lavadora,1,122002,37430
1011,1484,2023-07-07,Electrodomesticos,Refrigerador,3,252426,58210
1012,98,2023-08-13,Tecnologia,Smartphone,1,119237,32637
1013,372,2024-02-22,Electrodomesticos,Refrigerador,2,189002,56359
1014,933,2024-11-07,Vestuario,Pantalon,5,414755,157167
1015,671,2023-04-26,Hogar,Sofa,1,54656,10398
1016,916,2023-10-16,Electrodomesticos,Microondas,3,442251,153213
1017,648,2024-01-02,Vestuario,Polera,3,65541,21649
1018,1357,2024-08-24,Deportes,Raqueta,2,111834,28289
1019,341,2023-11-30,Hogar,Silla,1,89879,23858
1020,2,2024-04-23,Deportes,Balon,2,153452,43157
1021,381,2023-09-24,Electrodomesticos,Refrigerador,1,115573,34264
1022,709,2023-10-01,Vestuario,Chaqueta,4,485476,127334
1023,1469,2024-05-21,Vestuario,Chaqueta,1,118983,22038
1024,934,2023-12-15,Vestuario,Chaqueta,3,388611,120808
1025,50,2023-09-14,Tecnologia,Notebook,1,103732,30543
1026,29,2023-09-15,Vestuario,Zapatillas,4,560884,177604
1027,524,2024-06-26,Vestuario,Zapatillas,3,285870,68273
1028,402,2024-04-25,Tecnologia,Monitor,2,220470,56308
1029,281,2024-07-07,Tecnologia,Tablet,3,224499,64886
1030,412,2023-06-19,Vestuario,Zapatillas,2,223332,44436
1031,754,2023-02-04,Vestuario,Zapatillas,1,63854,18300
1032,1059,2024-10-15,Hogar,Silla,1,79100,22568
1033,725,2023-05-07,Hogar,Lampara,2,211340,44384
1034,1153,2023-10-29,Deportes,Raqueta,1,140829,44588
1035,580,2024-04-01,Tecnologia,Smartphone,2,115442,35954
1036,1004,2023-07-15,Vestuario,Polera,4,268144,68740
1037,414,2024-07-11,Electrodomesticos,Aspiradora,1,114666,21857
1038,287,2024-11-24,Tecnologia,Notebook,3,348939,95503
1039,830,2023-06-18,Hogar,Sofa,3,284184,74841
1040,511,2024-05-25,Tecnologia,Smartphone,2,159194,52263
1041,282,2023-12-02,Vestuario,Pantalon,4,480312,114879
1042,477,2023-04-28,Electrodomesticos,Aspiradora,1,43014,16070
1043,1047,2024-03-17,Electrodomesticos,Refrigerador,1,50608,13591
1044,792,2024-03-30,Deportes,Balon,4,436768,144407
1045,1124,2024-01-20,Electrodomesticos,Microondas,2,146106,40610
1046,743,2024-01-01,Electrodomesticos,Aspiradora,1,122960,32311
1047,1138,2023-07-25,Tecnologia,Smartphone,3,454470,103615
1048,1085,2024-01-03,Tecnologia,Notebook,3,205506,54325
1049,272,2023-12-23,Hogar,Mesa,2,161812,41779
1050,672,2023-08-10,Deportes,Bicicleta,2,147842,29153
1051,1054,2023-11-19,Deportes,Balon,3,410433,141152
1052,152,2023-09-04,Hogar,Silla,2,115338,32673
1053,1389,2024-06-08,Hogar,Lampara,4,293564,60430
1054,929,2023-11-07,Tecnologia,Notebook,1,38756,10960
1055,1223,2024-09-22,Electrodomesticos,Refrigerador,1,105976,24554
1056,1351,2023-10-28,Electrodomesticos,Microondas,2,81784,21295
1057,1391,2023-02-16,Hogar,Lampara,1,109904,30669
1058,503,2024-07-15,Vestuario,Pantalon,1,16761,5575
1059,691,2024-11-26,Deportes,Bicicleta,1,95732,25032
1060,644,2023-12-23,Electrodomesticos,Refrigerador,1,133679,28693
1061,1326,2024-09-09,Vestuario,Polera,3,307230,90388
1062,154,2023-05-14,Electrodomesticos,Refrigerador,2,176790,57510
1063,1096,2023-11-29,Deportes,Raqueta,1,51959,15943
1064,666,2023-03-01,Deportes,Bicicleta,1,52380,13427
1065,899,2023-02-28,Tecnologia,Monitor,2,132142,39843
1066,1085,2024-11-27,Hogar,Silla,4,296900,100769
1067,324,2023-05-23,Electrodomesticos,Refrigerador,1,61360,22531
1068,522,2023-10-23,Electrodomesticos,Lavadora,6,260928,64944
1069,821,2024-02-25,Vestuario,Chaqueta,1,35538,7898
1070,1346,2024-06-22,Deportes,Balon,3,15000,3791
1071,393,2024-11-06,Electrodomesticos,Lavadora,2,232620,75323
1072,968,2023-12-01,Electrodomesticos,Microondas,5,567790,105545
1073,718,2023-03-13,Electrodomesticos,Refrigerador,1,80279,23623
1074,1073,2023-05-01,Deportes,Bicicleta,4,185008,54365
1075,1329,2024-05-11,Tecnologia,Tablet,2,30768,6991
1076,1028,2023-02-17,Electrodomesticos,Aspiradora,1,72751,26597
1077,1412,2024-03-13,Deportes,Bicicleta,2,134024,49952
1078,390,2023-04-03,Tecnologia,Tablet,4,324096,61287
1079,350,2024-07-28,Deportes,Bicicleta,2,10000,3754
1080,1181,2023-10-02,Vestuario,Chaqueta,3,265644,63635
1081,76,2023-11-23,Deportes,Raqueta,4,448076,116100
1082,1429,2024-10-07,Electrodomesticos,Lavadora,5,823905,276849
1083,580,2023-11-11,Electrodomesticos,Microondas,3,448458,152632
1084,1496,2023-11-25,Deportes,Balon,2,104960,37133
1085,30,2023-06-14,Tecnologia,Monitor,1,57126,11588
1086,1189,2023-07-22,Vestuario,Pantalon,3,298461,85405
1087,785,2023-10-26,Vestuario,Chaqueta,3,255945,49024
1088,51,2023-11-11,Deportes,Raqueta,1,24424,5295
1089,750,2023-07-25,Vestuario,Polera,5,472200,113157
1090,691,2023-01-16,Vestuario,Chaqueta,1,108359,20928
1091,1244,2023-02-23,Tecnologia,Smartphone,3,352026,89916
1092,68,2023-02-25,Electrodomesticos,Aspiradora,2,86910,26650
1093,1152,2023-06-11,Hogar,Mesa,3,230883,70680
1094,1025,2024-03-16,Tecnologia,Monitor,3,368403,79175
1095,1490,2024-07-17,Hogar,Lampara,2,321664,100020
1096,1293,2023-11-05,Electrodomesticos,Lavadora,4,222704,84442
1097,234,2024-02-03,Vestuario,Zapatillas,1,151937,31779
1098,1315,2023-01-22,Hogar,Lampara,2,229084,45121
1099,837,2023-06-30,Tecnologia,Tablet,6,786066,290947
1100,292,2024-02-11,Deportes,Bicicleta,5,174085,53694
1101,1449,2024-07-06,Electrodomesticos,Lavadora,3,433665,116072
1102,679,2023-05-16,Deportes,Pesas,2,83724,20021
1103,991,2024-04-30,Deportes,Balon,2,343210,61899
1104,1482,2023-06-29,Electrodomesticos,Aspiradora,4,331396,70893
1105,7,2023-09-22,Vestuario,Polera,2,215880,40829
1106,129,2023-07-18,Electrodomesticos,Microondas,1,74192,15704
1107,884,2024-05-26,Deportes,Balon,2,62770,18718
1108,1401,2023-08-11,Hogar,Mesa,2,188562,38060
1109,530,2024-10-02,Electrodomesticos,Lavadora,2,223086,82310
1110,1305,2023-02-18,Hogar,Mesa,1,60377,16522
1111,858,2023-06-22,Electrodomesticos,Aspiradora,1,5000,1692
1112,1012,2024-05-23,Deportes,Raqueta,1,85624,27721
1113,798,2023-04-19,Vestuario,Zapatillas,4,280428,63812
1114,199,2023-05-21,Hogar,Mesa,3,94425,19459
1115,1500,2024-07-14,Electrodomesticos,Refrigerador,2,231904,84680
1116,969,2024-07-12,Hogar,Mesa,2,138472,31890
1117,616,2023-02-14,Deportes,Raqueta,1,34825,6696
1118,261,2024-12-10,Electrodomesticos,Aspiradora,2,196560,74431
1119,712,2023-07-09,Electrodomesticos,Microondas,4,399552,78598
1120,41,2023-03-02,Electrodomesticos,Aspiradora,2,193066,54219
1121,888,2023-12-04,Vestuario,Zapatillas,4,91272,24556
1122,1358,2024-08-12,Electrodomesticos,Microondas,1,12626,2707
1123,3,2023-12-13,Electrodomesticos,Aspiradora,1,72298,25577
1124,136,2024-02-20,Electrodomesticos,Microondas,1,89157,17285
1125,966,2023-08-18,Tecnologia,Notebook,3,76077,24485
1126,662,2024-02-18,Tecnologia,Notebook,2,220586,73578
1127,1290,2023-01-02,Vestuario,Chaqueta,4,445848,100725
1128,1265,2024-03-31,Tecnologia,Notebook,3,70356,21444
1129,200,2023-05-12,Tecnologia,Monitor,2,272664,84624
1130,470,2023-02-25,Electrodomesticos,Refrigerador,1,44120,16338
1131,1122,2023-07-27,Electrodomesticos,Aspiradora,3,203046,67355
1132,1213,2023-10-14,Tecnologia,Smartphone,2,50492,12875
1133,22,2023-06-13,Hogar,Mesa,2,174596,59808
1134,689,2023-11-16,Deportes,Bicicleta,2,76202,18873
1135,1189,2023-07-03,Electrodomesticos,Refrigerador,2,154582,46224
1136,1161,2023-04-16,Tecnologia,Smartphone,2,177580,63314
1137,1208,2023-02-08,Vestuario,Polera,2,173832,65551
1138,711,2023-12-01,Tecnologia,Tablet,1,106388,30431
1139,577,2023-10-03,Deportes,Pesas,1,31259,7567
1140,641,2024-06-15,Vestuario,Chaqueta,3,264246,86653
1141,511,2023-02-04,Electrodomesticos,Refrigerador,3,233535,81122
1142,832,2023-07-19,Tecnologia,Notebook,3,368355,109503
1143,1322,2023-08-08,Vestuario,Zapatillas,2,130062,37550
1144,956,2023-09-11,Vestuario,Chaqueta,2,191480,46462
1145,1387,2024-04-07,Hogar,Sofa,2,125864,39053
1146,1350,2023-08-20,Electrodomesticos,Aspiradora,1,76401,15779
1147,504,2023-03-28,Electrodomesticos,Microondas,2,258036,92322
1148,1215,2023-11-12,Tecnologia,Smartphone,3,258810,61531
1149,296,2024-12-04,Hogar,Lampara,1,87768,27268
1150,46,2024-09-28,Deportes,Pesas,1,104209,25495
1151,790,2024-12-26,Deportes,Pesas,1,64720,12237
1152,254,2024-01-03,Electrodomesticos,Aspiradora,1,89070,21372
1153,801,2023-04-28,Hogar,Silla,1,131844,44351
1154,6,2024-09-14,Tecnologia,Smartphone,3,359490,99378
1155,777,2023-11-16,Electrodomesticos,Lavadora,1,53777,16612
1156,231,2024-10-03,Hogar,Silla,1,96358,17516
1157,1297,2024-02-20,Electrodomesticos,Microondas,2,115350,37201
1158,451,2024-10-20,Electrodomesticos,Aspiradora,3,147366,49179
1159,1314,2023-01-29,Deportes,Bicicleta,1,106615,23964
1160,836,2024-01-24,Electrodomesticos,Aspiradora,4,308096,82741
1161,1032,2023-08-07,Hogar,Lampara,1,90625,16845
1162,1000,2023-09-03,Vestuario,Zapatillas,2,286852,98306
1163,274,2024-11-20,Tecnologia,Notebook,3,367560,96387
1164,1149,2023-08-19,Electrodomesticos,Aspiradora,5,541645,104251
1165,100,2024-04-18,Tecnologia,Monitor,6,169860,41504
1166,984,2024-08-21,Deportes,Pesas,1,80260,27763
1167,430,2023-12-09,Vestuario,Chaqueta,3,283122,73030
1168,1062,2024-05-23,Tecnologia,Tablet,3,325806,61968
1169,279,2023-10-11,Vestuario,Pantalon,2,299976,83393
1170,378,2023-08-04,Electrodomesticos,Microondas,2,235956,45231
1171,1037,2024-04-27,Tecnologia,Smartphone,1,90162,31698
1172,111,2024-10-09,Hogar,Silla,2,179874,49916
1173,1096,2024-01-26,Electrodomesticos,Lavadora,1,140799,49697
1174,690,2023-05-29,Tecnologia,Notebook,4,385224,69988
1175,575,2023-08-17,Hogar,Sofa,4,215436,79031
1176,62,2024-04-27,Deportes,Balon,1,130781,42253
1177,1178,2023-07-05,Hogar,Mesa,6,586320,121410
1178,240,2023-08-22,Tecnologia,Tablet,1,37564,9850
1179,424,2024-11-28,Deportes,Bicicleta,1,111981,20342
1180,26,2023-03-06,Electrodomesticos,Lavadora,1,142807,29275
1181,682,2023-03-27,Electrodomesticos,Microondas,3,355098,131697
1182,1204,2023-05-18,Hogar,Sofa,1,93443,33868
1183,898,2023-03-21,Vestuario,Pantalon,3,306741,77486
1184,1270,2023-04-04,Tecnologia,Notebook,2,198902,53534
1185,353,2023-01-12,Hogar,Mesa,2,311388,109098
1186,337,2023-12-12,Hogar,Mesa,2,200316,38467
1187,528,2023-03-15,Deportes,Raqueta,2,184310,66290
1188,1311,2024-12-23,Hogar,Mesa,2,213968,46656
1189,1030,2024-07-01,Deportes,Balon,1,168169,41215
1190,1112,2023-06-03,Tecnologia,Monitor,1,101790,18684
1191,472,2024-10-11,Deportes,Bicicleta,1,93277,30405
1192,360,2023-05-10,Electrodomesticos,Lavadora,1,94420,21175
1193,473,2024-07-24,Electrodomesticos,Aspiradora,2,351100,107543
1194,1355,2023-12-30,Hogar,Mesa,1,46105,13736
1195,673,2023-10-06,Electrodomesticos,Lavadora,1,52900,19183
1196,43,2024-03-27,Tecnologia,Smartphone,2,224434,70667
1197,1152,2023-04-09,Electrodomesticos,Microondas,2,158438,37470
1198,42,2024-05-04,Electrodomesticos,Lavadora,3,278325,58638
1199,1090,2024-10-04,Deportes,Raqueta,1,102504,21980
1200,229,2023-01-15,Electrodomesticos,Refrigerador,2,211262,46451
1201,240,2023-06-18,Vestuario,Zapatillas,1,117599,27253
1202,603,2023-07-21,Electrodomesticos,Aspiradora,1,74453,17308
1203,1169,2024-03-20,Tecnologia,Tablet,1,61477,22215
1204,44,2024-06-11,Hogar,Silla,1,61675,18340
1205,396,2023-01-20,Hogar,Sofa,3,235515,79455
1206,168,2024-06-29,Hogar,Mesa,1,47101,14874
1207,637,2024-08-28,Tecnologia,Monitor,1,49685,13746
1208,933,2023-10-14,Electrodomesticos,Aspiradora,2,17156,4884
1209,595,2024-03-21,Deportes,Balon,3,15000,3044
1210,865,2024-08-29,Deportes,Pesas,6,251142,90722
1211,18,2023-01-31,Tecnologia,Tablet,2,236758,84596
1212,1102,2023-04-10,Hogar,Mesa,2,218970,81865
1213,1070,2023-04-01,Hogar,Sofa,2,167650,35875
1214,404,2024-10-15,Deportes,Pesas,3,317493,84884
1215,75,2024-10-24,Tecnologia,Notebook,4,597656,183592
1216,463,2023-11-14,Hogar,Silla,1,75626,16265
1217,19,2024-06-05,Deportes,Raqueta,2,367498,113796
1218,209,2024-02-04,Electrodomesticos,Lavadora,3,424932,149310
1219,320,2023-08-17,Hogar,Mesa,2,80292,30473
1220,428,2023-08-30,Tecnologia,Smartphone,3,218505,57772
1221,1316,2023-01-12,Electrodomesticos,Microondas,1,115948,33902
1222,368,2024-03-22,Deportes,Balon,4,410084,105017
1223,399,2023-08-31,Vestuario,Polera,2,81012,18407
1224,1093,2024-08-17,Vestuario,Polera,1,108707,21313
1225,105,2024-08-06,Deportes,Bicicleta,1,28228,9354
1226,967,2023-06-25,Tecnologia,Tablet,1,105509,33791
1227,33,2024-12-10,Vestuario,Zapatillas,4,608980,152102
1228,501,2024-05-31,Deportes,Raqueta,1,42110,10749
1229,1458,2024-07-23,Electrodomesticos,Microondas,3,183711,52464
1230,522,2023-02-07,Vestuario,Chaqueta,1,55267,18466
1231,1342,2023-01-11,Tecnologia,Tablet,4,260872,77789
1232,1117,2023-08-12,Tecnologia,Notebook,2,10000,2510
1233,1302,2023-12-05,Hogar,Sofa,1,87962,29182
1234,670,2024-03-05,Hogar,Sofa,2,145108,32016
1235,666,2024-12-01,Electrodomesticos,Lavadora,2,208776,64910
1236,560,2023-01-11,Hogar,Mesa,1,101873,36201
1237,1308,2024-09-11,Deportes,Balon,2,17444,6401
1238,411,2023-06-02,Vestuario,Pantalon,2,234938,55801
1239,708,2024-01-11,Vestuario,Polera,4,75020,23563
1240,945,2024-04-21,Hogar,Lampara,4,486672,90571
1241,44,2024-12-31,Deportes,Raqueta,3,213939,48707
1242,1038,2024-08-30,Tecnologia,Tablet,4,292248,89443
1243,1000,2024-01-07,Hogar,Mesa,2,222570,66449
1244,475,2024-08-23,Vestuario,Zapatillas,1,113619,28327
1245,358,2024-09-03,Hogar,Mesa,2,241538,70164
1246,224,2024-05-04,Electrodomesticos,Lavadora,4,303080,77559
1247,630,2023-10-03,Vestuario,Chaqueta,1,56446,16468
1248,1252,2023-10-30,Vestuario,Chaqueta,1,25610,5963
1249,1257,2024-07-31,Tecnologia,Smartphone,4,339268,89130
1250,95,2023-06-20,Electrodomesticos,Refrigerador,3,392589,99221
1251,999,2023-01-22,Tecnologia,Smartphone,2,181424,66360
1252,1109,2024-08-15,Tecnologia,Notebook,1,44096,8205
1253,182,2023-07-01,Hogar,Lampara,4,62660,19250
1254,1075,2024-03-23,Electrodomesticos,Aspiradora,3,375156,68018
1255,899,2023-09-29,Tecnologia,Notebook,1,123068,22214
1256,138,2024-08-25,Hogar,Silla,3,179829,40449
1257,1251,2024-11-09,Tecnologia,Smartphone,1,63380,23837
1258,396,2024-11-29,Tecnologia,Tablet,1,97640,25508
1259,114,2024-11-30,Tecnologia,Smartphone,2,84550,18755
1260,1188,2024-09-08,Deportes,Raqueta,4,260692,82746
1261,1316,2023-08-22,Hogar,Mesa,2,117618,21993
1262,681,2024-03-30,Hogar,Sofa,2,206552,61403
1263,217,2024-05-06,Tecnologia,Monitor,3,183765,39248
1264,1270,2023-10-29,Electrodomesticos,Aspiradora,1,54198,10892
1265,647,2024-02-13,Tecnologia,Monitor,3,274077,90678
1266,107,2023-10-17,Deportes,Pesas,5,701755,159031
1267,1370,2024-01-28,Tecnologia,Smartphone,1,174507,43157
1268,1171,2023-07-23,Deportes,Raqueta,4,432216,102530
1269,1470,2023-05-16,Hogar,Mesa,2,180406,41768
1270,516,2024-09-14,Deportes,Bicicleta,2,188492,36144
1271,1212,2023-11-30,Tecnologia,Smartphone,1,25154,5543
1272,625,2024-04-01,Hogar,Lampara,1,68793,15291
1273,329,2023-12-14,Electrodomesticos,Lavadora,4,540240,180265
1274,12,2024-08-01,Electrodomesticos,Lavadora,3,413076,139256
1275,782,2023-07-08,Vestuario,Pantalon,1,95659,18919
1276,870,2023-02-20,Tecnologia,Smartphone,1,131960,24701
1277,1193,2023-05-05,Vestuario,Polera,5,486755,122828
1278,182,2023-02-08,Deportes,Bicicleta,1,109689,26176
1279,1360,2023-08-05,Vestuario,Zapatillas,3,328287,73745
1280,1096,2023-10-30,Tecnologia,Notebook,1,101681,36660
1281,391,2024-02-13,Hogar,Sofa,2,324926,121825
1282,1340,2024-01-19,Electrodomesticos,Microondas,1,48362,13144
1283,67,2023-07-17,Vestuario,Chaqueta,3,489423,169985
1284,232,2024-01-24,Hogar,Silla,1,91282,16810
1285,58,2024-11-09,Hogar,Silla,4,498388,165674
1286,1160,2024-02-28,Hogar,Lampara,3,286917,77444
1287,489,2023-07-03,Vestuario,Zapatillas,4,397332,114560
1288,121,2023-01-14,Electrodomesticos,Microondas,6,789924,204328
1289,153,2023-09-27,Tecnologia,Monitor,4,365272,118063
1290,533,2023-06-23,Vestuario,Polera,2,259248,54484
1291,136,2024-12-10,Tecnologia,Smartphone,3,368694,98511
1292,1482,2023-09-02,Deportes,Raqueta,3,210114,59702
1293,787,2024-01-14,Vestuario,Zapatillas,1,158709,36478
1294,47,2023-01-02,Tecnologia,Monitor,1,30271,11475
1295,1400,2024-09-10,Vestuario,Zapatillas,1,102774,29988
1296,805,2023-04-15,Vestuario,Chaqueta,2,98812,18461
1297,702,2023-02-04,Electrodomesticos,Refrigerador,1,73224,17688
1298,1126,2024-03-07,Vestuario,Zapatillas,1,70936,19878
1299,366,2023-06-17,Deportes,Balon,1,36280,7105
1300,281,2024-12-03,Hogar,Lampara,2,221548,70150
1301,712,2024-12-06,Deportes,Bicicleta,1,52381,18093
1302,346,2024-12-25,Deportes,Bicicleta,3,257352,63471
1303,498,2023-02-08,Hogar,Lampara,1,126764,42225
1304,670,2023-08-30,Electrodomesticos,Lavadora,3,349863,72307
1305,1265,2024-09-20,Electrodomesticos,Microondas,2,141202,53321
1306,1074,2023-12-17,Hogar,Lampara,2,282062,94780
1307,1105,2023-01-29,Hogar,Sofa,3,335784,122473
1308,979,2023-05-26,Hogar,Mesa,2,182954,46026
1309,1346,2024-12-05,Deportes,Raqueta,2,130280,43790
1310,689,2023-01-09,Hogar,Mesa,1,54878,15289
1311,275,2023-05-09,Hogar,Mesa,1,30584,9753
1312,897,2024-12-13,Hogar,Mesa,3,226842,76748
1313,1130,2023-02-15,Electrodomesticos,Microondas,1,44462,8740
1314,394,2024-09-04,Deportes,Balon,1,38642,9165
1315,715,2023-03-09,Deportes,Pesas,3,257571,85273
1316,74,2023-04-24,Tecnologia,Tablet,4,518504,151482
1317,22,2024-07-29,Hogar,Sofa,2,331674,84185
1318,947,2024-08-18,Tecnologia,Notebook,3,15000,3071
1319,125,2023-03-01,Hogar,Mesa,3,310752,87856
1320,391,2023-03-16,Deportes,Balon,2,119094,35579
1321,859,2024-09-01,Electrodomesticos,Aspiradora,2,92770,33022
1322,580,2023-04-07,Tecnologia,Notebook,2,85604,24027
1323,841,2024-02-08,Electrodomesticos,Microondas,2,190838,64434
1324,164,2023-02-10,Deportes,Bicicleta,6,720516,240184
1325,1276,2024-04-19,Vestuario,Pantalon,2,147102,42420
1326,1133,2024-09-29,Electrodomesticos,Lavadora,1,123381,28001
1327,1427,2024-12-02,Deportes,Pesas,1,57165,13031
1328,1467,2024-10-16,Vestuario,Chaqueta,1,140216,44079
1329,1450,2024-12-01,Vestuario,Polera,2,201488,43931
1330,60,2023-10-29,Vestuario,Polera,1,71471,22001
1331,563,2023-02-13,Deportes,Raqueta,1,19584,7310
1332,663,2023-12-02,Electrodomesticos,Lavadora,1,29652,6883
1333,1436,2024-12-02,Hogar,Silla,2,142988,28724
1334,659,2024-01-26,Electrodomesticos,Aspiradora,2,233522,65101
1335,828,2023-07-01,Hogar,Mesa,1,89148,24843
1336,1435,2023-05-05,Electrodomesticos,Lavadora,2,171998,45332
1337,1080,2024-02-27,Tecnologia,Monitor,1,94621,20301
1338,1076,2023-06-27,Vestuario,Chaqueta,1,146716,50827
1339,441,2024-11-08,Vestuario,Chaqueta,3,205032,53134
1340,525,2023-07-15,Vestuario,Chaqueta,4,646516,180054
1341,236,2023-06-12,Deportes,Balon,2,238188,67092
1342,128,2023-06-08,Vestuario,Polera,1,73866,14900
1343,315,2024-01-17,Vestuario,Polera,1,23411,4527
1344,458,2024-11-21,Hogar,Mesa,1,103005,22792
1345,171,2024-03-30,Deportes,Pesas,1,78989,19437
1346,19,2024-07-08,Tecnologia,Smartphone,1,17737,6592
1347,1230,2024-03-15,Electrodomesticos,Aspiradora,2,173486,61729
1348,1132,2023-03-09,Hogar,Sofa,2,215274,41446
1349,740,2023-06-26,Deportes,Raqueta,2,140000,35351
1350,267,2024-05-01,Electrodomesticos,Aspiradora,3,362520,91013
1351,101,2024-04-15,Tecnologia,Smartphone,6,773136,146286
1352,178,2024-07-01,Electrodomesticos,Microondas,1,127140,23612
1353,23,2024-08-13,Vestuario,Polera,3,316014,93078
1354,147,2024-01-29,Deportes,Balon,1,110303,27794
1355,1118,2024-11-27,Electrodomesticos,Refrigerador,1,76932,23156
1356,634,2023-04-26,Hogar,Lampara,2,283228,104393
1357,1277,2024-01-06,Tecnologia,Smartphone,3,270933,48817
1358,393,2024-08-16,Tecnologia,Tablet,3,146475,36958
1359,862,2024-09-01,Tecnologia,Notebook,1,141547,48381
1360,543,2024-05-26,Tecnologia,Monitor,1,86899,27552
1361,1304,2024-10-17,Vestuario,Zapatillas,2,120184,31583
1362,953,2023-04-02,Vestuario,Pantalon,2,190552,42853
1363,1161,2024-05-29,Deportes,Pesas,4,446168,155748
1364,1146,2024-09-20,Deportes,Balon,3,228603,70638
1365,112,2023-10-31,Deportes,Bicicleta,3,450792,111745
1366,572,2024-03-21,Electrodomesticos,Lavadora,2,307974,96083
1367,772,2024-11-19,Electrodomesticos,Refrigerador,2,170160,58731
1368,1023,2023-10-16,Vestuario,Pantalon,1,5000,1786
1369,1147,2023-08-30,Tecnologia,Smartphone,1,70449,17960
1370,1004,2023-10-27,Deportes,Balon,2,155256,51094
1371,1112,2024-07-01,Hogar,Silla,4,291600,96296
1372,1310,2024-09-14,Electrodomesticos,Refrigerador,1,71329,22290
1373,667,2024-02-18,Vestuario,Chaqueta,3,426399,89409
1374,1101,2023-10-24,Tecnologia,Notebook,2,188176,48029
1375,1383,2023-07-06,Hogar,Lampara,2,240754,88109
1376,174,2023-02-05,Hogar,Lampara,3,204585,50517
1377,1467,2023-12-01,Vestuario,Chaqueta,1,109312,20974
1378,1172,2024-07-23,Hogar,Sofa,3,193218,66354
1379,1296,2024-09-05,Deportes,Raqueta,3,291087,63032
1380,1029,2023-09-27,Electrodomesticos,Microondas,1,54466,19049
1381,1137,2023-08-02,Vestuario,Chaqueta,1,78892,26566
1382,544,2024-06-07,Tecnologia,Notebook,3,319683,60679
1383,87,2024-12-23,Deportes,Bicicleta,2,103498,19338
1384,1133,2024-09-01,Electrodomesticos,Microondas,3,106632,24562
1385,169,2023-12-01,Vestuario,Zapatillas,3,424422,154955
1386,962,2024-10-07,Vestuario,Polera,2,278508,87080
1387,52,2024-06-16,Hogar,Sofa,2,130802,47553
1388,184,2024-07-19,Vestuario,Zapatillas,1,110002,25620
1389,1318,2023-10-09,Hogar,Silla,1,140302,36960
1390,1307,2024-04-21,Vestuario,Zapatillas,2,158076,45564
1391,39,2023-02-21,Electrodomesticos,Aspiradora,2,15736,5168
1392,275,2023-12-31,Tecnologia,Notebook,2,63510,16382
1393,110,2023-11-26,Hogar,Silla,1,70333,16595
1394,1195,2024-09-29,Vestuario,Zapatillas,1,130295,29378
1395,347,2024-11-22,Electrodomesticos,Aspiradora,5,759905,279644
1396,472,2024-01-05,Hogar,Mesa,2,62614,18592
1397,1170,2024-10-16,Tecnologia,Monitor,5,382130,122359
1398,881,2024-01-24,Electrodomesticos,Refrigerador,4,389872,96041
1399,418,2024-09-20,Vestuario,Chaqueta,3,426444,101576
1400,806,2023-03-04,Hogar,Sofa,1,108610,36734
1401,215,2023-01-09,Deportes,Bicicleta,1,26581,5298
1402,379,2024-04-18,Vestuario,Chaqueta,1,109684,30352
1403,448,2023-04-20,Electrodomesticos,Aspiradora,1,65817,18730
1404,1404,2024-08-07,Electrodomesticos,Aspiradora,3,309264,57331
1405,999,2024-05-06,Vestuario,Chaqueta,1,119769,39809
1406,741,2024-11-10,Deportes,Balon,2,337290,89031
1407,867,2023-06-28,Tecnologia,Monitor,2,169348,49680
1408,348,2024-01-23,Tecnologia,Notebook,1,102417,38853
1409,849,2024-10-14,Tecnologia,Smartphone,4,388652,80315
1410,434,2024-02-05,Tecnologia,Notebook,2,217592,80676
1411,593,2024-04-08,Tecnologia,Tablet,2,94530,30676
1412,712,2024-04-15,Deportes,Bicicleta,2,137506,38180
1413,1480,2024-03-26,Electrodomesticos,Refrigerador,2,240376,79386
1414,1023,2024-09-08,Hogar,Sofa,4,526996,169078
1415,729,2024-09-25,Tecnologia,Tablet,2,220894,50470
1416,1435,2024-09-02,Deportes,Raqueta,1,15923,5237
1417,178,2024-12-03,Deportes,Balon,1,60873,12992
1418,656,2024-11-02,Vestuario,Polera,2,318736,116836
1419,45,2023-06-05,Vestuario,Polera,2,186768,59147
1420,660,2024-11-10,Electrodomesticos,Aspiradora,2,278654,95202
1421,366,2024-11-02,Deportes,Bicicleta,4,395932,96589
1422,396,2023-11-06,Electrodomesticos,Refrigerador,4,391868,108657
1423,1485,2024-05-19,Hogar,Lampara,5,536980,125839
1424,1011,2024-10-29,Deportes,Pesas,2,223186,65193
1425,482,2024-04-23,Tecnologia,Notebook,2,11558,3473
1426,1159,2024-01-07,Deportes,Bicicleta,1,144748,50361
1427,647,2023-02-26,Hogar,Silla,1,77782,17538
1428,1266,2024-03-22,Vestuario,Chaqueta,4,248436,87076
1429,305,2024-10-27,Hogar,Mesa,1,112235,22223
1430,580,2024-03-24,Deportes,Pesas,1,116509,23514
1431,338,2024-12-21,Hogar,Mesa,1,111857,28751
1432,760,2023-06-16,Deportes,Bicicleta,2,148562,40943
1433,638,2023-07-31,Deportes,Bicicleta,4,94388,22659
1434,32,2024-03-19,Electrodomesticos,Aspiradora,1,86346,30543
1435,1356,2024-02-28,Tecnologia,Monitor,3,411798,112038
1436,885,2023-09-01,Deportes,Balon,1,58356,21689
1437,253,2024-01-20,Tecnologia,Monitor,1,72551,16167
1438,1059,2023-03-31,Tecnologia,Smartphone,1,110035,33027
1439,1311,2024-08-07,Tecnologia,Tablet,1,102769,21115
1440,830,2024-12-19,Hogar,Mesa,4,311608,97091
1441,541,2024-08-12,Deportes,Balon,4,353912,98927
1442,398,2024-10-08,Electrodomesticos,Refrigerador,4,432432,113629
1443,912,2024-09-18,Vestuario,Pantalon,1,77171,21665
1444,1249,2024-03-01,Electrodomesticos,Microondas,3,463140,100620
1445,1044,2023-09-12,Vestuario,Polera,1,120332,32825
1446,390,2024-11-18,Hogar,Sofa,1,68909,12851
1447,1122,2023-07-28,Electrodomesticos,Lavadora,1,87791,29504
1448,436,2024-12-15,Hogar,Lampara,3,243189,60734
1449,1025,2024-02-05,Electrodomesticos,Aspiradora,2,169978,54862
1450,761,2023-04-24,Hogar,Silla,5,95335,17753
1451,174,2024-03-11,Hogar,Silla,2,358470,125387
1452,1175,2024-03-22,Tecnologia,Monitor,1,69864,23949
1453,209,2024-01-26,Tecnologia,Tablet,2,134194,36844
1454,1266,2024-06-23,Vestuario,Zapatillas,1,109366,26042
1455,460,2024-07-05,Hogar,Mesa,3,342978,68549
1456,940,2024-08-17,Tecnologia,Notebook,1,95260,36110
1457,1292,2024-11-07,Hogar,Lampara,1,59296,18163
1458,594,2023-07-01,Hogar,Sofa,5,121735,39248
1459,1323,2023-05-07,Tecnologia,Monitor,1,145722,33225
1460,1357,2024-09-23,Deportes,Bicicleta,2,219406,65395
1461,1464,2023-12-28,Electrodomesticos,Refrigerador,1,91698,30990
1462,504,2024-12-05,Electrodomesticos,Aspiradora,1,74352,26960
1463,841,2023-10-08,Electrodomesticos,Refrigerador,3,309654,71073
1464,507,2024-09-19,Hogar,Lampara,2,266130,89612
1465,1432,2024-09-09,Deportes,Balon,1,150826,31178
1466,763,2024-12-12,Tecnologia,Monitor,1,75093,22395
1467,1215,2024-11-05,Vestuario,Chaqueta,1,58927,12569
1468,1141,2023-05-14,Electrodomesticos,Refrigerador,2,301068,73414
1469,1131,2024-07-13,Electrodomesticos,Refrigerador,1,64083,19317
1470,904,2024-04-13,Deportes,Balon,1,26718,9330
1471,1269,2024-03-21,Electrodomesticos,Refrigerador,1,104405,28973
1472,1081,2023-06-09,Electrodomesticos,Aspiradora,2,118352,32583
1473,851,2024-10-09,Electrodomesticos,Aspiradora,2,124702,39210
1474,125,2024-09-14,Electrodomesticos,Aspiradora,1,72645,23144
1475,763,2024-03-26,Deportes,Balon,1,24910,7559
1476,293,2024-07-13,Electrodomesticos,Lavadora,1,61560,12116
1477,1042,2023-05-30,Vestuario,Polera,3,228402,48284
1478,551,2024-03-31,Electrodomesticos,Refrigerador,3,383610,96275
1479,438,2024-05-05,Hogar,Sofa,3,316911,67593
1480,167,2024-04-28,Vestuario,Pantalon,1,93812,19702
1481,157,2023-10-15,Tecnologia,Tablet,1,93793,22171
1482,757,2024-06-27,Electrodomesticos,Aspiradora,2,135440,42580
1483,1214,2023-06-28,Deportes,Bicicleta,1,188252,58477
1484,961,2024-01-24,Deportes,Raqueta,1,84173,26597
1485,702,2024-01-15,Deportes,Pesas,2,194212,49833
1486,1160,2024-10-21,Deportes,Balon,1,120287,44601
1487,707,2023-05-05,Vestuario,Chaqueta,2,187068,38957
1488,940,2024-05-26,Vestuario,Polera,2,125882,45990
1489,654,2023-09-30,Tecnologia,Tablet,6,511842,107872
1490,193,2023-01-07,Tecnologia,Notebook,5,341440,64911
1491,838,2024-02-06,Hogar,Silla,2,71084,21875
1492,547,2024-06-30,Electrodomesticos,Aspiradora,3,184404,60863
1493,428,2023-03-25,Tecnologia,Smartphone,1,125771,26604
1494,31,2024-11-15,Tecnologia,Monitor,2,265616,52813
1495,690,2024-11-30,Deportes,Bicicleta,6,459048,95921
1496,959,2023-09-11,Deportes,Bicicleta,3,251931,64680
1497,841,2024-07-30,Hogar,Lampara,4,649512,237126
1498,751,2024-10-26,Tecnologia,Tablet,4,366500,74831
1499,947,2023-04-23,Tecnologia,Tablet,3,190422,66727
1500,959,2024-05-02,Tecnologia,Smartphone,3,317115,64200
1501,196,2024-04-11,Vestuario,Polera,1,109062,21782
1502,579,2023-02-07,Vestuario,Polera,1,90627,17446
1503,347,2023-01-18,Electrodomesticos,Microondas,2,191066,59984
1504,522,2023-10-07,Deportes,Raqueta,1,90302,24090
1505,416,2024-11-19,Hogar,Silla,4,545348,105947
1506,27,2023-10-12,Deportes,Raqueta,4,634372,188065
1507,58,2024-01-24,Electrodomesticos,Aspiradora,2,204198,76212
1508,431,2024-08-16,Deportes,Raqueta,3,362826,76338
1509,563,2024-06-05,Vestuario,Pantalon,3,372825,105707
1510,849,2024-02-15,Electrodomesticos,Aspiradora,4,227308,78598
1511,322,2023-04-07,Tecnologia,Tablet,1,68680,23647
1512,196,2023-11-02,Vestuario,Chaqueta,1,90823,17716
1513,1055,2023-03-08,Deportes,Bicicleta,1,113669,25657
1514,528,2023-11-16,Electrodomesticos,Microondas,1,59519,12948
1515,869,2024-10-27,Deportes,Bicicleta,2,220092,56697
1516,1265,2024-01-12,Tecnologia,Tablet,1,89561,32065
1517,710,2023-02-10,Electrodomesticos,Lavadora,1,146420,52707
1518,1491,2023-10-27,Tecnologia,Smartphone,2,193894,52887
1519,584,2024-11-17,Deportes,Raqueta,2,138048,39414
1520,987,2023-11-10,Tecnologia,Tablet,1,97981,29466
1521,1358,2023-08-05,Deportes,Pesas,3,75603,14721
1522,1266,2023-12-20,Electrodomesticos,Refrigerador,7,662116,184582
1523,910,2024-07-24,Vestuario,Polera,2,217002,72405
1524,1474,2024-09-06,Hogar,Silla,1,74549,23380
1525,432,2023-02-13,Electrodomesticos,Lavadora,1,97759,19308
1526,188,2024-08-14,Tecnologia,Monitor,2,358762,125130
1527,80,2023-08-22,Electrodomesticos,Refrigerador,4,678200,151223
1528,1255,2023-06-14,Deportes,Bicicleta,1,105891,28960
1529,43,2023-04-02,Vestuario,Zapatillas,2,169068,48266
1530,1059,2024-04-13,Hogar,Sofa,3,160143,58738
1531,1033,2024-08-16,Electrodomesticos,Microondas,2,217282,80202
1532,1486,2024-12-15,Deportes,Bicicleta,1,100849,23059
1533,220,2023-10-31,Electrodomesticos,Refrigerador,1,91435,20580
1534,191,2023-04-26,Hogar,Sofa,2,125096,26314
1535,1060,2023-04-22,Hogar,Mesa,2,117348,34532
1536,864,2024-06-03,Electrodomesticos,Microondas,1,151081,32050
1537,1218,2023-02-28,Deportes,Balon,1,113718,35780
1538,477,2024-11-08,Hogar,Silla,4,82608,29484
1539,668,2024-08-15,Electrodomesticos,Aspiradora,1,158485,51995
1540,1478,2024-07-05,Vestuario,Pantalon,3,565995,172769
1541,526,2024-05-06,Vestuario,Pantalon,2,150248,56853
1542,1212,2024-08-29,Tecnologia,Notebook,3,130440,47490
1543,944,2024-05-05,Electrodomesticos,Refrigerador,2,153486,56002
1544,1218,2023-05-22,Hogar,Sofa,3,350112,119641
1545,798,2024-02-21,Electrodomesticos,Microondas,4,166696,40156
1546,1231,2023-07-17,Hogar,Silla,1,90333,24426
1547,1133,2024-10-02,Tecnologia,Smartphone,1,140004,34294
1548,748,2023-08-03,Hogar,Lampara,1,49813,12674
1549,211,2023-11-16,Hogar,Mesa,3,250098,61523
1550,1073,2024-03-05,Electrodomesticos,Refrigerador,1,85265,18394
1551,790,2023-07-30,Deportes,Pesas,5,511440,106252
1552,419,2023-04-18,Tecnologia,Smartphone,1,36420,7541
1553,1406,2023-10-23,Vestuario,Zapatillas,2,88510,28228
1554,234,2023-10-02,Hogar,Mesa,1,26476,4851
1555,886,2023-03-20,Deportes,Balon,1,109891,39604
1556,428,2024-02-10,Electrodomesticos,Lavadora,4,412900,91806
1557,172,2024-04-13,Deportes,Raqueta,2,135832,50436
1558,637,2023-09-29,Vestuario,Polera,3,143553,28976
1559,747,2024-07-29,Tecnologia,Smartphone,7,696437,218327
1560,986,2024-03-05,Hogar,Silla,3,304527,56311
1561,179,2023-10-18,Electrodomesticos,Lavadora,1,110060,22662
1562,22,2024-02-26,Vestuario,Pantalon,3,214083,58002
1563,1163,2023-11-12,Deportes,Bicicleta,1,73233,19720
1564,83,2023-08-03,Electrodomesticos,Lavadora,2,137876,27161
1565,182,2023-12-18,Electrodomesticos,Lavadora,1,51457,18529
1566,607,2024-10-21,Vestuario,Pantalon,2,218038,73296
1567,84,2024-05-02,Electrodomesticos,Lavadora,3,222207,52911
1568,383,2024-06-14,Electrodomesticos,Lavadora,1,104248,32967
1569,1396,2023-02-17,Electrodomesticos,Microondas,1,94647,35321
1570,1265,2023-06-23,Hogar,Lampara,4,603956,205071
1571,178,2023-07-25,Deportes,Bicicleta,3,375351,131864
1572,995,2023-02-27,Tecnologia,Notebook,3,278535,57031
1573,12,2024-02-14,Deportes,Pesas,3,242034,90365
1574,1328,2024-07-11,Hogar,Lampara,1,61791,20301
1575,1143,2023-09-11,Hogar,Silla,2,150916,32117
1576,1446,2023-02-24,Hogar,Mesa,1,116602,26149
1577,1291,2023-04-12,Deportes,Raqueta,1,55723,14722
1578,415,2024-12-25,Vestuario,Chaqueta,3,465513,168118
1579,38,2023-01-24,Vestuario,Pantalon,1,21748,4643
1580,189,2024-01-18,Electrodomesticos,Lavadora,1,5000,1039
1581,207,2024-02-13,Vestuario,Zapatillas,2,357698,112778
1582,308,2024-10-05,Hogar,Silla,1,39341,13589
1583,512,2024-12-10,Hogar,Mesa,1,132894,38674
1584,169,2024-07-24,Hogar,Lampara,1,77533,22573
1585,211,2023-08-17,Deportes,Pesas,1,101851,22242
1586,1157,2023-06-13,Electrodomesticos,Refrigerador,2,169560,47514
1587,342,2024-05-25,Electrodomesticos,Refrigerador,3,243150,85469
1588,144,2024-03-13,Electrodomesticos,Microondas,2,255732,46851
1589,970,2023-12-14,Tecnologia,Smartphone,1,41623,11481
1590,101,2024-09-15,Deportes,Pesas,4,370160,124546
1591,747,2024-07-29,Tecnologia,Monitor,2,296776,62834
1592,1481,2024-10-22,Vestuario,Zapatillas,2,113678,24239
1593,463,2023-10-24,Hogar,Silla,3,190437,50568
1594,908,2023-03-25,Tecnologia,Notebook,5,412560,114828
1595,782,2024-07-03,Tecnologia,Tablet,4,540572,143605
1596,462,2024-02-28,Electrodomesticos,Aspiradora,2,169000,41105
1597,747,2023-11-12,Hogar,Lampara,1,73661,21957
1598,1495,2023-06-02,Electrodomesticos,Aspiradora,1,5000,1710
1599,42,2023-06-01,Vestuario,Chaqueta,3,196149,65560
1600,976,2024-05-05,Electrodomesticos,Aspiradora,2,353750,133936
1601,1440,2023-12-11,Electrodomesticos,Microondas,4,338872,69167
1602,753,2024-05-03,Hogar,Sofa,1,125445,40980
1603,26,2024-08-30,Vestuario,Chaqueta,4,20000,5408
1604,1138,2023-08-14,Electrodomesticos,Lavadora,3,581358,187000
1605,74,2024-12-19,Vestuario,Zapatillas,2,202692,58505
1606,703,2023-01-11,Deportes,Raqueta,2,246812,44822
1607,178,2023-06-26,Tecnologia,Monitor,1,124245,40706
1608,380,2023-02-03,Vestuario,Pantalon,1,81799,27713
1609,1197,2023-03-03,Tecnologia,Tablet,1,105008,19075
1610,1301,2023-12-11,Hogar,Lampara,6,503136,135342
1611,911,2024-01-14,Tecnologia,Notebook,1,114858,34199
1612,1291,2024-01-18,Vestuario,Pantalon,2,183420,42546
1613,812,2024-11-07,Hogar,Mesa,1,122608,40604
1614,1008,2024-03-18,Vestuario,Zapatillas,3,260406,50076
1615,684,2024-11-06,Hogar,Mesa,1,129639,40303
1616,319,2023-10-03,Deportes,Raqueta,2,148842,43274
1617,764,2024-04-28,Vestuario,Pantalon,1,54782,16140
1618,1156,2023-05-12,Hogar,Sofa,1,63759,15456
1619,588,2024-03-09,Electrodomesticos,Refrigerador,4,442932,157344
1620,692,2023-08-27,Tecnologia,Tablet,4,370112,125692
1621,600,2023-04-15,Deportes,Balon,4,331304,120575
1622,1486,2023-06-01,Vestuario,Zapatillas,1,5000,1583
1623,1179,2024-11-18,Tecnologia,Smartphone,5,690070,144885
1624,989,2024-05-12,Hogar,Mesa,2,103904,27516
1625,300,2024-09-16,Hogar,Mesa,5,505785,127980
1626,989,2023-09-13,Vestuario,Zapatillas,1,44577,14984
1627,328,2023-10-27,Electrodomesticos,Lavadora,2,198758,62899
1628,991,2024-08-02,Tecnologia,Monitor,2,192210,64842
1629,984,2024-10-20,Tecnologia,Notebook,1,110912,29093
1630,991,2023-06-21,Tecnologia,Notebook,4,312056,100418
1631,1425,2023-03-27,Tecnologia,Smartphone,3,431226,85962
1632,253,2023-05-01,Vestuario,Polera,4,367484,122371
1633,1309,2023-12-13,Vestuario,Pantalon,2,177414,45249
1634,417,2023-07-12,Tecnologia,Monitor,2,259020,98401
1635,411,2024-02-17,Deportes,Raqueta,2,136402,25833
1636,475,2024-06-21,Electrodomesticos,Refrigerador,4,319308,108806
1637,426,2024-07-08,Vestuario,Zapatillas,2,188418,69804
1638,450,2024-03-05,Deportes,Bicicleta,1,64355,17634
1639,186,2023-01-18,Tecnologia,Tablet,3,180924,41574
1640,270,2024-05-05,Deportes,Raqueta,1,20580,4127
1641,791,2023-06-16,Electrodomesticos,Aspiradora,4,442448,95275
1642,1446,2024-04-19,Tecnologia,Smartphone,2,114806,21303
1643,142,2024-09-05,Vestuario,Zapatillas,1,119997,25641
1644,721,2023-07-25,Hogar,Sofa,1,87662,28938
1645,591,2024-09-12,Vestuario,Polera,4,235280,56871
1646,1448,2023-09-14,Electrodomesticos,Lavadora,2,88128,18923
1647,1072,2024-11-05,Hogar,Sofa,2,298784,72371
1648,848,2024-09-25,Deportes,Bicicleta,2,197908,63285
1649,927,2023-06-26,Tecnologia,Smartphone,1,131848,37542
1650,795,2024-07-28,Hogar,Silla,1,45063,11161
1651,1177,2023-12-27,Tecnologia,Tablet,8,485400,128546
1652,256,2024-05-20,Hogar,Silla,2,198434,56432
1653,1332,2023-09-24,Hogar,Mesa,1,48916,17438
1654,593,2024-12-26,Hogar,Sofa,1,62531,16473
1655,35,2024-04-02,Electrodomesticos,Refrigerador,4,179744,59637
1656,1247,2023-10-16,Hogar,Mesa,3,250329,52177
1657,400,2024-03-28,Hogar,Sofa,2,251322,58368
1658,878,2024-10-05,Tecnologia,Smartphone,1,19794,7320
1659,1407,2024-08-09,Electrodomesticos,Refrigerador,2,282724,86496
1660,677,2024-03-11,Deportes,Balon,5,25000,5146
1661,1078,2023-11-22,Hogar,Sofa,2,308592,112091
1662,420,2023-04-27,Deportes,Pesas,2,255316,50954
1663,137,2023-10-04,Deportes,Raqueta,1,160958,51477
1664,111,2024-10-11,Deportes,Raqueta,3,401010,89489
1665,1465,2024-09-03,Vestuario,Pantalon,1,103708,32433
1666,1006,2024-09-26,Tecnologia,Notebook,4,516856,168032
1667,469,2023-09-11,Vestuario,Pantalon,2,271602,85551
1668,906,2024-09-02,Electrodomesticos,Aspiradora,6,624198,226765
1669,921,2023-11-05,Deportes,Bicicleta,2,110498,29061
1670,784,2023-01-20,Hogar,Sofa,2,76608,14994
1671,486,2024-03-07,Vestuario,Polera,1,71767,18364
1672,1434,2023-08-16,Hogar,Sofa,1,66991,14936
1673,881,2023-05-28,Hogar,Mesa,2,159732,58514
1674,356,2023-02-17,Hogar,Lampara,1,149677,30522
1675,603,2024-12-03,Tecnologia,Tablet,2,183266,64989
1676,385,2023-01-04,Deportes,Pesas,2,90290,17059
1677,1186,2024-03-18,Deportes,Raqueta,1,71061,19652
1678,1092,2023-08-24,Electrodomesticos,Aspiradora,1,121035,23398
1679,1193,2023-06-13,Hogar,Lampara,3,205884,53027
1680,1142,2023-09-10,Hogar,Silla,2,159648,39706
1681,961,2023-03-25,Hogar,Sofa,1,55689,12819
1682,1263,2023-07-18,Hogar,Lampara,1,173058,42043
1683,620,2023-02-06,Electrodomesticos,Refrigerador,1,133230,44483
1684,421,2024-03-28,Tecnologia,Notebook,4,439312,120349
1685,920,2023-05-29,Deportes,Bicicleta,3,142533,44082
1686,320,2023-04-27,Deportes,Raqueta,3,333117,66413
1687,253,2024-05-30,Vestuario,Zapatillas,2,164826,33418
1688,752,2023-02-27,Deportes,Pesas,3,110187,38407
1689,631,2024-10-01,Electrodomesticos,Refrigerador,4,470588,169303
1690,295,2024-09-27,Deportes,Pesas,4,568308,165676
1691,1316,2023-01-03,Hogar,Sofa,2,182898,42231
1692,1395,2024-07-10,Electrodomesticos,Microondas,2,262572,78275
1693,909,2023-06-12,Tecnologia,Tablet,1,97484,24306
1694,496,2023-04-30,Hogar,Sofa,2,105294,26607
1695,816,2023-04-02,Tecnologia,Monitor,3,204432,58402
1696,976,2023-08-24,Hogar,Lampara,2,42544,9075
1697,142,2024-01-17,Deportes,Balon,4,123104,46711
1698,633,2024-06-24,Electrodomesticos,Refrigerador,5,636305,119290
1699,645,2024-10-05,Hogar,Silla,2,86340,19769
1700,167,2023-06-15,Tecnologia,Smartphone,1,74701,20134
1701,648,2023-01-01,Electrodomesticos,Aspiradora,1,86454,25015
1702,43,2024-04-19,Electrodomesticos,Lavadora,1,61093,17752
1703,337,2024-02-18,Tecnologia,Smartphone,3,141255,34543
1704,137,2024-04-01,Deportes,Balon,4,210528,53841
1705,1230,2024-12-12,Vestuario,Polera,1,112668,28413
1706,527,2023-03-27,Electrodomesticos,Refrigerador,1,70685,16435
1707,1278,2023-01-31,Electrodomesticos,Aspiradora,4,245700,67205
1708,879,2024-02-19,Deportes,Pesas,3,259956,74261
1709,1099,2023-06-30,Vestuario,Polera,1,86540,23276
1710,208,2024-08-27,Hogar,Mesa,2,155996,45345
1711,1073,2024-06-15,Deportes,Pesas,2,203682,40824
1712,768,2023-09-07,Electrodomesticos,Microondas,2,182124,58107
1713,906,2023-08-23,Tecnologia,Monitor,3,416784,134746
1714,72,2024-05-29,Tecnologia,Notebook,1,65939,15446
1715,145,2023-03-11,Deportes,Balon,3,289701,87928
1716,1395,2024-07-31,Tecnologia,Smartphone,1,110151,20653
1717,596,2024-11-04,Deportes,Balon,2,312904,83290
1718,674,2023-10-26,Hogar,Sofa,1,99228,22722
1719,1117,2024-09-19,Hogar,Mesa,2,173510,43012
1720,1149,2024-01-20,Deportes,Bicicleta,6,593754,176892
1721,826,2023-02-02,Deportes,Balon,2,204478,70265
1722,1036,2024-12-29,Electrodomesticos,Microondas,2,182436,60999
1723,1291,2024-12-29,Electrodomesticos,Refrigerador,2,125016,43292
1724,1065,2024-07-07,Deportes,Bicicleta,2,245040,75664
1725,40,2023-10-09,Vestuario,Chaqueta,1,106659,39465
1726,610,2024-12-20,Electrodomesticos,Refrigerador,1,53944,16957
1727,797,2023-11-10,Deportes,Balon,1,44416,16408
1728,780,2023-01-01,Electrodomesticos,Lavadora,1,45135,9135
1729,80,2023-04-01,Tecnologia,Monitor,3,285015,96244
1730,686,2024-01-18,Deportes,Bicicleta,1,130326,45019
1731,627,2024-07-28,Vestuario,Polera,2,182970,43188
1732,137,2024-11-19,Tecnologia,Smartphone,1,38660,13480
1733,1067,2023-03-12,Electrodomesticos,Refrigerador,1,55010,18502
1734,1363,2024-06-16,Hogar,Silla,1,52988,18836
1735,983,2023-09-20,Tecnologia,Notebook,4,332328,109206
1736,104,2023-08-10,Deportes,Raqueta,2,239378,60125
1737,1027,2024-01-08,Vestuario,Chaqueta,5,569935,215560
1738,986,2023-01-14,Hogar,Silla,2,115492,42240
1739,1032,2023-06-12,Tecnologia,Smartphone,1,132371,31222
1740,693,2024-07-20,Vestuario,Pantalon,1,9749,2768
1741,857,2024-08-02,Tecnologia,Smartphone,1,59313,16073
1742,205,2023-04-22,Electrodomesticos,Microondas,1,111208,26084
1743,468,2024-03-22,Electrodomesticos,Lavadora,1,27454,5334
1744,1102,2024-12-07,Electrodomesticos,Refrigerador,1,50240,15471
1745,291,2023-05-19,Tecnologia,Notebook,1,34467,7795
1746,1200,2024-04-07,Tecnologia,Smartphone,2,152098,51495
1747,1056,2024-03-28,Deportes,Pesas,4,110240,21793
1748,999,2024-09-10,Deportes,Pesas,2,199936,56858
1749,1490,2024-07-31,Electrodomesticos,Refrigerador,1,113196,41869
1750,1121,2024-07-31,Hogar,Sofa,2,87988,22756
1751,1359,2024-05-14,Vestuario,Zapatillas,1,155197,54568
1752,1165,2023-11-06,Vestuario,Chaqueta,1,107917,30207
1753,1238,2024-06-08,Tecnologia,Tablet,3,327957,99017
1754,259,2023-02-05,Hogar,Lampara,1,107028,28815
1755,914,2023-12-08,Hogar,Mesa,3,198042,58740
1756,982,2023-10-24,Hogar,Silla,1,75112,25790
1757,819,2023-03-05,Electrodomesticos,Aspiradora,3,288240,64335
1758,1062,2023-07-10,Deportes,Balon,3,201516,45854
1759,246,2024-10-13,Electrodomesticos,Aspiradora,1,78583,20779
1760,106,2023-11-01,Vestuario,Zapatillas,1,90326,24969
1761,783,2023-05-21,Electrodomesticos,Lavadora,2,244000,77038
1762,1262,2023-09-11,Tecnologia,Notebook,1,102794,37570
1763,1356,2023-07-23,Electrodomesticos,Aspiradora,1,50613,18747
1764,577,2024-04-22,Vestuario,Chaqueta,2,268330,69903
1765,1415,2024-01-06,Vestuario,Chaqueta,3,361881,66613
1766,1124,2023-07-05,Deportes,Bicicleta,1,129156,35320
1767,780,2024-12-24,Deportes,Raqueta,2,154022,32311
1768,977,2023-02-03,Hogar,Silla,3,297966,112603
1769,894,2023-03-02,Deportes,Raqueta,3,215589,50036
1770,1055,2023-06-14,Tecnologia,Tablet,2,160780,56797
1771,508,2023-02-15,Deportes,Raqueta,2,204436,74583
1772,842,2023-08-19,Tecnologia,Monitor,3,300750,92767
1773,1307,2024-07-26,Tecnologia,Notebook,2,86908,17099
1774,794,2024-05-21,Electrodomesticos,Microondas,1,19870,7351
1775,103,2024-05-19,Vestuario,Polera,2,126778,32050
1776,757,2023-05-09,Vestuario,Chaqueta,2,101704,32352
1777,124,2024-08-17,Deportes,Balon,3,15000,3685
1778,512,2024-07-18,Electrodomesticos,Microondas,1,108838,39719
1779,84,2024-07-26,Vestuario,Pantalon,2,280372,86801
1780,1297,2024-03-08,Electrodomesticos,Aspiradora,5,524250,130618
1781,345,2024-10-30,Deportes,Raqueta,1,143664,35070
1782,1314,2024-09-14,Tecnologia,Monitor,1,55657,10660
1783,609,2024-10-30,Tecnologia,Tablet,4,332052,119202
1784,464,2023-09-26,Deportes,Pesas,3,410370,146396
1785,346,2023-07-25,Tecnologia,Tablet,4,416908,91257
1786,1404,2024-06-08,Vestuario,Chaqueta,1,105677,35790
1787,238,2024-10-31,Deportes,Bicicleta,1,74202,20544
1788,1064,2023-12-14,Vestuario,Pantalon,3,307656,99852
1789,577,2023-12-21,Vestuario,Polera,4,464488,145292
1790,1203,2024-05-10,Vestuario,Pantalon,1,53761,10609
1791,761,2024-11-26,Vestuario,Polera,2,192454,58866
1792,425,2023-03-20,Tecnologia,Monitor,1,31812,10002
1793,108,2024-06-14,Vestuario,Chaqueta,2,232798,50668
1794,990,2024-04-26,Vestuario,Polera,2,141948,53069
1795,1456,2024-05-15,Tecnologia,Smartphone,3,309579,67576
1796,1141,2024-02-26,Hogar,Mesa,2,126796,36310
1797,1,2024-04-07,Vestuario,Zapatillas,2,261374,91695
1798,209,2023-07-03,Deportes,Balon,5,305280,93523
1799,295,2023-03-17,Vestuario,Pantalon,1,78126,16688
1800,590,2023-11-01,Hogar,Lampara,2,184882,45001
1801,1069,2023-11-22,Hogar,Mesa,2,188856,41656
1802,215,2023-03-24,Vestuario,Chaqueta,3,126888,29456
1803,532,2024-11-23,Tecnologia,Monitor,3,148290,46531
1804,163,2023-12-28,Tecnologia,Notebook,4,639948,226672
1805,559,2023-02-12,Hogar,Mesa,3,288882,108704
1806,985,2023-10-22,Deportes,Pesas,1,68423,20292
1807,16,2023-12-27,Vestuario,Zapatillas,1,128351,45496
1808,96,2023-02-24,Hogar,Lampara,3,338334,69552
1809,1046,2024-07-23,Hogar,Lampara,3,211977,75774
1810,119,2023-05-03,Hogar,Silla,2,234388,53658
1811,324,2023-06-21,Vestuario,Pantalon,2,135524,48026
1812,1437,2024-10-24,Hogar,Sofa,1,169317,56137
1813,892,2023-11-03,Hogar,Mesa,3,101586,28106
1814,1142,2023-12-27,Electrodomesticos,Microondas,1,207434,48026
1815,146,2023-09-17,Hogar,Silla,3,414810,141502
1816,168,2024-07-23,Vestuario,Polera,2,199080,71565
1817,1495,2023-03-22,Hogar,Silla,1,100622,18784
1818,798,2023-06-23,Electrodomesticos,Lavadora,2,114998,41699
1819,903,2024-02-11,Electrodomesticos,Microondas,2,162992,51395
1820,1085,2024-07-08,Tecnologia,Smartphone,4,523384,117853
1821,357,2023-07-03,Vestuario,Polera,2,229288,42106
1822,689,2024-12-31,Tecnologia,Tablet,1,69094,24624
1823,349,2024-05-24,Deportes,Raqueta,1,122433,28288
1824,646,2024-12-19,Vestuario,Polera,1,84590,25470
1825,728,2023-04-04,Deportes,Raqueta,3,461250,123869
1826,23,2023-08-14,Tecnologia,Notebook,5,387875,135338
1827,76,2023-10-27,Electrodomesticos,Aspiradora,3,152250,40971
1828,1096,2023-06-06,Hogar,Lampara,2,93940,28339
1829,1019,2024-12-05,Deportes,Pesas,2,190614,68556
1830,1226,2024-07-15,Tecnologia,Notebook,1,104190,28760
1831,249,2024-10-27,Deportes,Raqueta,3,274599,61920
1832,1275,2024-07-25,Vestuario,Pantalon,1,47606,16654
1833,974,2024-06-30,Electrodomesticos,Aspiradora,2,135366,41188
1834,1217,2024-02-02,Vestuario,Zapatillas,3,335841,76537
1835,802,2023-02-06,Hogar,Lampara,2,157126,33840
1836,1237,2023-09-19,Deportes,Balon,1,67032,25107
1837,590,2024-11-30,Tecnologia,Tablet,1,121189,39110
1838,632,2024-02-21,Vestuario,Zapatillas,2,137846,38622
1839,99,2024-05-29,Deportes,Raqueta,1,96548,23883
1840,488,2024-03-26,Tecnologia,Notebook,1,58897,10827
1841,24,2023-04-07,Electrodomesticos,Lavadora,1,118564,38732
1842,1423,2023-11-08,Vestuario,Pantalon,1,77462,22881
1843,189,2024-05-11,Hogar,Lampara,1,154483,33238
1844,176,2023-06-25,Vestuario,Zapatillas,5,757505,284220
1845,1356,2024-09-02,Electrodomesticos,Lavadora,1,86603,30623
1846,643,2024-01-10,Hogar,Lampara,2,166044,31806
1847,711,2024-02-05,Vestuario,Zapatillas,4,241148,59404
1848,1241,2024-10-26,Electrodomesticos,Aspiradora,3,339072,113140
1849,734,2023-03-18,Tecnologia,Notebook,1,57022,18784
1850,462,2024-08-07,Vestuario,Chaqueta,1,8846,2575
1851,1330,2023-11-18,Deportes,Pesas,1,98795,20024
1852,1335,2024-12-15,Vestuario,Polera,1,100162,29735
1853,106,2024-10-19,Deportes,Bicicleta,2,164652,40120
1854,476,2023-05-07,Hogar,Silla,2,139404,43296
1855,534,2023-09-16,Deportes,Pesas,1,5000,1612
1856,993,2023-11-05,Tecnologia,Monitor,1,103773,35196
1857,257,2024-07-12,Vestuario,Pantalon,2,228398,44094
1858,1395,2024-06-30,Electrodomesticos,Refrigerador,1,125412,44464
1859,366,2023-09-28,Electrodomesticos,Lavadora,3,67050,18042
1860,1213,2023-05-09,Deportes,Pesas,4,391520,104743
1861,577,2024-10-04,Electrodomesticos,Refrigerador,2,223684,73105
1862,857,2024-07-16,Hogar,Lampara,2,89948,28335
1863,442,2023-08-19,Deportes,Bicicleta,5,587475,162869
1864,397,2023-04-27,Hogar,Lampara,1,48877,10512
1865,223,2024-04-20,Deportes,Raqueta,2,192394,39782
1866,761,2024-09-13,Deportes,Raqueta,1,41446,8549
1867,1497,2024-07-10,Electrodomesticos,Microondas,1,100223,32063
1868,723,2023-05-08,Tecnologia,Notebook,2,144624,28592
1869,109,2023-08-04,Deportes,Bicicleta,4,526832,122307
1870,227,2024-08-10,Vestuario,Zapatillas,3,81513,15331
1871,227,2024-12-16,Tecnologia,Smartphone,1,38480,14431
1872,356,2024-05-24,Hogar,Mesa,4,176828,56426
1873,271,2023-01-24,Vestuario,Chaqueta,3,291363,89731
1874,979,2024-11-18,Hogar,Mesa,1,97077,21822
1875,1429,2023-08-16,Deportes,Pesas,1,5000,1396
1876,516,2024-04-20,Deportes,Pesas,3,237432,44473
1877,134,2023-04-25,Vestuario,Chaqueta,1,104037,22370
1878,1050,2024-11-25,Electrodomesticos,Microondas,2,321264,106240
1879,140,2023-04-02,Vestuario,Polera,1,81931,21694
1880,163,2023-11-07,Deportes,Balon,1,58076,11607
1881,1115,2023-05-08,Vestuario,Zapatillas,1,102507,37733
1882,777,2023-02-21,Hogar,Mesa,3,249861,82573
1883,632,2024-06-17,Deportes,Raqueta,1,107278,33233
1884,1459,2023-07-29,Vestuario,Chaqueta,2,246780,78875
1885,823,2024-09-17,Tecnologia,Smartphone,2,127150,44899
1886,1100,2024-07-04,Tecnologia,Tablet,2,92030,19251
1887,55,2023-02-20,Deportes,Bicicleta,2,174888,60108
1888,858,2024-10-07,Hogar,Mesa,1,110619,25684
1889,607,2023-04-05,Deportes,Balon,2,192044,61894
1890,1141,2024-06-11,Electrodomesticos,Refrigerador,2,89478,16793
1891,1316,2024-02-29,Deportes,Balon,3,310779,111546
1892,1061,2024-09-07,Tecnologia,Smartphone,2,52890,17392
1893,516,2024-10-14,Tecnologia,Tablet,2,190618,71520
1894,878,2024-09-25,Hogar,Silla,2,206734,73303
1895,1135,2024-04-12,Vestuario,Pantalon,3,224466,58813
1896,1213,2023-12-23,Vestuario,Chaqueta,1,76909,20498
1897,541,2024-01-30,Tecnologia,Notebook,1,54009,11368
1898,1253,2023-01-29,Electrodomesticos,Lavadora,3,101058,24022
1899,440,2023-09-08,Deportes,Raqueta,2,287342,84778
1900,1102,2023-10-02,Vestuario,Zapatillas,5,553100,146014
1901,221,2023-04-20,Vestuario,Chaqueta,1,86820,26597
1902,666,2024-03-15,Vestuario,Chaqueta,4,486392,167101
1903,573,2023-10-08,Tecnologia,Tablet,1,68240,16713
1904,1450,2024-04-02,Tecnologia,Notebook,3,532614,159385
1905,750,2023-05-25,Hogar,Sofa,2,336360,71518
1906,1094,2023-01-28,Vestuario,Zapatillas,4,151596,32950
1907,468,2023-03-12,Vestuario,Pantalon,2,124838,42807
1908,1092,2024-05-14,Vestuario,Chaqueta,2,290350,61694
1909,1342,2023-10-07,Electrodomesticos,Microondas,2,84466,20105
1910,542,2023-02-17,Vestuario,Zapatillas,3,328212,78554
1911,1452,2024-02-20,Hogar,Lampara,1,70115,25617
1912,912,2023-03-08,Electrodomesticos,Microondas,2,263324,80773
1913,803,2024-07-26,Deportes,Pesas,3,370665,109894
1914,1089,2024-04-02,Electrodomesticos,Refrigerador,2,284086,68040
1915,1299,2023-09-22,Deportes,Raqueta,2,256168,69030
1916,443,2024-12-09,Deportes,Raqueta,2,236664,80143
1917,151,2024-10-13,Electrodomesticos,Microondas,1,57358,20847
1918,551,2024-11-29,Tecnologia,Smartphone,1,41581,8895
1919,559,2023-02-13,Deportes,Balon,1,25790,5141
1920,1469,2024-01-23,Electrodomesticos,Microondas,1,106017,30961
1921,675,2024-12-15,Vestuario,Pantalon,2,158420,43086
1922,1078,2024-05-10,Tecnologia,Tablet,2,261966,62660
1923,1371,2023-07-24,Vestuario,Zapatillas,4,329408,87129
1924,636,2024-04-22,Tecnologia,Monitor,3,299205,87100
1925,552,2023-12-23,Vestuario,Polera,4,346288,84363
1926,1298,2024-12-04,Tecnologia,Tablet,2,223944,74084
1927,1147,2023-12-29,Tecnologia,Notebook,2,143248,53784
1928,1477,2023-08-18,Vestuario,Pantalon,3,341538,94962
1929,1165,2023-09-24,Deportes,Pesas,2,251364,67313
1930,264,2023-01-22,Tecnologia,Tablet,2,157838,58407
1931,1002,2023-09-06,Vestuario,Zapatillas,1,141858,33283
1932,863,2024-07-09,Electrodomesticos,Microondas,1,73205,16476
1933,510,2024-01-22,Deportes,Raqueta,2,196786,51424
1934,1031,2023-11-26,Tecnologia,Tablet,1,56335,12438
1935,554,2024-04-30,Deportes,Balon,1,20587,5770
1936,384,2024-01-04,Tecnologia,Smartphone,2,193830,59276
1937,230,2023-07-09,Electrodomesticos,Lavadora,2,129232,42786
1938,900,2024-04-08,Tecnologia,Notebook,1,42577,15570
1939,1429,2024-02-28,Vestuario,Polera,3,481791,137503
1940,1116,2023-03-22,Tecnologia,Smartphone,1,75998,20880
1941,362,2023-02-16,Hogar,Sofa,3,457161,130286
1942,1188,2024-10-14,Vestuario,Polera,1,27640,8171
1943,758,2023-12-04,Vestuario,Chaqueta,2,98684,34312
1944,1482,2023-08-09,Electrodomesticos,Microondas,2,192396,35953
1945,419,2023-11-12,Electrodomesticos,Microondas,1,81077,19882
1946,1240,2023-09-28,Deportes,Bicicleta,5,728435,169094
1947,984,2023-05-29,Vestuario,Zapatillas,4,399172,84694
1948,971,2023-04-04,Electrodomesticos,Microondas,5,327415,121995
1949,902,2023-11-08,Vestuario,Pantalon,3,251994,52587
1950,1132,2023-10-06,Vestuario,Zapatillas,2,221924,68812
1951,387,2023-06-14,Electrodomesticos,Aspiradora,3,384747,116889
1952,24,2023-08-25,Deportes,Raqueta,3,250590,50150
1953,1231,2023-02-05,Electrodomesticos,Microondas,1,28546,9251
1954,1428,2023-03-09,Deportes,Pesas,1,97096,22826
1955,539,2023-01-18,Electrodomesticos,Aspiradora,5,660590,212508
1956,1402,2023-01-29,Hogar,Lampara,1,67913,14422
1957,236,2024-08-18,Electrodomesticos,Lavadora,3,171351,44422
1958,375,2023-02-03,Deportes,Pesas,2,132216,47779
1959,49,2023-03-22,Deportes,Pesas,1,37427,13165
1960,1382,2024-02-08,Tecnologia,Notebook,1,126117,38238
1961,5,2024-03-09,Electrodomesticos,Microondas,3,226317,83338
1962,138,2024-08-19,Tecnologia,Smartphone,2,173620,35577
1963,1305,2023-08-21,Vestuario,Zapatillas,1,53179,15055
1964,95,2023-11-23,Tecnologia,Smartphone,1,107194,27048
1965,740,2023-08-22,Deportes,Bicicleta,2,197648,43269
1966,1435,2024-07-23,Tecnologia,Notebook,2,281458,91765
1967,204,2023-07-07,Electrodomesticos,Lavadora,2,267972,99377
1968,1486,2023-01-31,Deportes,Raqueta,2,150000,49750
1969,692,2024-04-14,Vestuario,Pantalon,2,136402,41620
1970,506,2024-08-07,Vestuario,Pantalon,2,173942,34783
1971,45,2024-07-18,Electrodomesticos,Lavadora,3,391401,147197
1972,1049,2023-04-14,Electrodomesticos,Aspiradora,2,278964,90490
1973,169,2024-01-16,Hogar,Lampara,1,75045,21871
1974,108,2023-04-30,Deportes,Raqueta,1,110398,28651
1975,1395,2023-02-15,Deportes,Raqueta,3,372552,75127
1976,732,2024-06-27,Vestuario,Zapatillas,2,117192,24434
1977,1136,2024-10-21,Tecnologia,Tablet,1,105507,20427
1978,534,2024-04-05,Hogar,Lampara,1,74226,17993
1979,793,2024-12-29,Tecnologia,Monitor,3,117210,21342
1980,425,2024-06-01,Deportes,Bicicleta,1,97005,29515
1981,142,2023-04-11,Tecnologia,Tablet,1,44367,8373
1982,1246,2023-05-24,Hogar,Mesa,1,19396,4471
1983,981,2024-07-26,Deportes,Pesas,2,230088,80466
1984,758,2024-03-26,Tecnologia,Smartphone,3,343791,69518
1985,641,2023-02-15,Tecnologia,Tablet,1,140626,29627
1986,782,2024-04-12,Hogar,Lampara,1,42982,16265
1987,1051,2024-04-26,Deportes,Raqueta,3,419508,130662
1988,1272,2023-11-04,Deportes,Bicicleta,3,335418,72864
1989,189,2024-10-05,Hogar,Sofa,1,120443,32594
1990,1193,2023-07-03,Tecnologia,Notebook,4,192932,45601
1991,889,2024-11-28,Deportes,Balon,3,392568,80997
1992,1492,2024-09-04,Vestuario,Chaqueta,4,271588,60017
1993,1405,2024-01-02,Electrodomesticos,Lavadora,1,89059,16439
1994,448,2023-06-18,Tecnologia,Smartphone,4,170412,59377
1995,945,2023-07-26,Vestuario,Polera,1,116234,27714
1996,884,2023-10-28,Hogar,Silla,4,199620,49790
1997,716,2023-08-25,Vestuario,Pantalon,3,216015,58630
1998,468,2023-05-04,Deportes,Pesas,3,243849,56328
1999,218,2023-09-19,Deportes,Pesas,5,420935,141886
2000,814,2023-02-12,Vestuario,Chaqueta,4,20228,6492
2001,1287,2024-03-09,Deportes,Balon,1,50500,15960
2002,811,2024-01-08,Vestuario,Chaqueta,1,116143,27984
2003,876,2023-01-17,Electrodomesticos,Aspiradora,1,70255,22671
2004,586,2024-12-22,Hogar,Mesa,1,108203,24821
2005,275,2024-05-13,Vestuario,Zapatillas,1,119892,33351
2006,512,2024-04-28,Hogar,Mesa,1,95615,18167
2007,362,2023-11-13,Electrodomesticos,Microondas,4,107408,30531
2008,1056,2023-11-26,Hogar,Silla,1,160281,57512
2009,825,2023-06-26,Vestuario,Pantalon,5,373485,73770
2010,356,2024-09-15,Deportes,Bicicleta,1,71730,21129
2011,496,2024-06-22,Deportes,Pesas,2,103440,30128
2012,203,2023-06-22,Electrodomesticos,Refrigerador,2,157464,54075
2013,424,2024-06-06,Deportes,Bicicleta,1,88758,16678
2014,754,2023-11-30,Hogar,Silla,1,51234,10599
2015,706,2023-04-01,Electrodomesticos,Refrigerador,2,141642,47059
2016,526,2024-04-12,Tecnologia,Smartphone,5,373850,82396
2017,398,2023-04-18,Electrodomesticos,Lavadora,1,104480,36446
2018,633,2024-08-26,Vestuario,Zapatillas,1,64552,21938
2019,233,2024-03-20,Deportes,Bicicleta,2,43040,8381
2020,1435,2023-12-24,Hogar,Silla,3,320850,94864
2021,1046,2024-07-08,Tecnologia,Smartphone,1,62218,23633
2022,1001,2023-07-13,Vestuario,Pantalon,4,553468,189068
2023,254,2024-05-14,Deportes,Raqueta,1,56882,11017
2024,686,2024-08-22,Electrodomesticos,Aspiradora,2,194754,72285
2025,1271,2024-08-20,Tecnologia,Smartphone,6,757914,195369
2026,998,2023-01-06,Tecnologia,Notebook,1,48409,14437
2027,698,2023-02-21,Tecnologia,Tablet,2,183664,47420
2028,1222,2023-12-11,Deportes,Balon,1,80371,27708
2029,781,2024-03-09,Vestuario,Zapatillas,1,93848,22772
2030,1482,2023-08-29,Hogar,Mesa,1,69609,18856
2031,1054,2023-09-29,Electrodomesticos,Microondas,2,156332,46509
2032,1192,2023-07-11,Electrodomesticos,Lavadora,4,82708,27982
2033,741,2024-08-30,Electrodomesticos,Microondas,4,520788,132936
2034,685,2024-12-09,Hogar,Lampara,3,145830,44509
2035,1125,2024-05-31,Electrodomesticos,Lavadora,4,158060,31154
2036,554,2024-02-16,Vestuario,Zapatillas,1,49215,14089
2037,631,2024-08-06,Tecnologia,Tablet,3,344631,120287
2038,1227,2024-07-25,Tecnologia,Monitor,3,286818,83199
2039,527,2024-07-14,Electrodomesticos,Aspiradora,2,219766,40273
2040,1463,2024-02-07,Hogar,Sofa,4,253504,82030
2041,763,2024-03-22,Electrodomesticos,Refrigerador,1,18787,5908
2042,1025,2023-04-13,Tecnologia,Smartphone,4,432004,149301
2043,1234,2024-02-13,Deportes,Balon,3,350394,131665
2044,56,2024-02-09,Electrodomesticos,Refrigerador,1,63910,17398
2045,873,2024-03-19,Tecnologia,Monitor,1,112732,38426
2046,938,2024-12-22,Deportes,Bicicleta,1,48153,12240
2047,239,2024-04-16,Electrodomesticos,Microondas,3,350043,79654
2048,1430,2023-05-26,Tecnologia,Smartphone,2,227728,45691
2049,476,2023-02-17,Tecnologia,Monitor,2,243574,88272
2050,548,2023-10-07,Tecnologia,Smartphone,1,108343,28982
2051,826,2024-04-28,Electrodomesticos,Lavadora,1,58993,12531
2052,576,2024-07-24,Vestuario,Polera,4,204348,56682
2053,1172,2023-03-31,Electrodomesticos,Microondas,1,122749,29980
2054,59,2024-11-04,Deportes,Balon,2,10198,1859
2055,595,2024-08-12,Vestuario,Pantalon,2,116426,42446
2056,1264,2023-05-14,Electrodomesticos,Refrigerador,2,256320,91974
2057,92,2024-07-31,Deportes,Balon,3,80739,22255
2058,621,2024-03-29,Hogar,Mesa,1,62750,20305
2059,384,2024-02-24,Electrodomesticos,Lavadora,3,400509,93174
2060,299,2024-06-13,Electrodomesticos,Aspiradora,3,358326,104949
2061,696,2023-10-21,Hogar,Mesa,2,102958,30462
2062,962,2024-08-11,Vestuario,Pantalon,3,454563,142027
2063,125,2023-07-24,Electrodomesticos,Lavadora,5,859300,241715
2064,425,2023-07-18,Deportes,Pesas,2,181336,53074
2065,298,2023-03-05,Electrodomesticos,Microondas,2,255396,53418
2066,585,2023-01-05,Electrodomesticos,Lavadora,2,88118,18251
2067,335,2024-09-22,Deportes,Bicicleta,3,366456,107697
2068,556,2023-01-14,Electrodomesticos,Refrigerador,1,82247,19595
2069,526,2024-10-26,Deportes,Raqueta,1,89816,33924
2070,70,2023-09-01,Tecnologia,Notebook,2,244770,57734
2071,158,2024-12-24,Tecnologia,Monitor,4,351272,111099
2072,68,2024-12-22,Hogar,Silla,4,295640,72651
2073,1177,2023-03-27,Hogar,Sofa,2,303930,57229
2074,1179,2024-01-05,Vestuario,Polera,1,151965,38367
2075,520,2023-03-15,Tecnologia,Smartphone,1,116141,39549
2076,1124,2023-01-29,Vestuario,Pantalon,1,81583,15682
2077,324,2023-05-24,Tecnologia,Tablet,2,307756,70102
2078,334,2024-11-28,Hogar,Sofa,3,188433,62657
2079,1308,2023-08-16,Hogar,Mesa,1,82753,18137
2080,1265,2023-05-26,Hogar,Silla,5,60670,21010
2081,1471,2024-01-10,Deportes,Pesas,1,125625,33147
2082,1436,2023-06-17,Deportes,Bicicleta,1,86221,23404
2083,1162,2023-02-25,Electrodomesticos,Refrigerador,3,385320,111129
2084,1182,2023-03-29,Deportes,Pesas,1,17939,3980
2085,503,2023-08-26,Hogar,Lampara,1,92591,30654
2086,443,2024-07-24,Electrodomesticos,Refrigerador,2,206040,63033
2087,1077,2023-06-26,Hogar,Silla,1,76038,22330
2088,1252,2023-04-08,Hogar,Silla,2,243728,73643
2089,113,2023-06-08,Vestuario,Polera,3,340230,83833
2090,200,2023-03-05,Vestuario,Polera,3,219525,80786
2091,825,2023-03-03,Hogar,Mesa,1,57080,18435
2092,812,2023-03-22,Vestuario,Chaqueta,3,323052,96552
2093,724,2023-03-07,Tecnologia,Monitor,2,332058,98262
2094,73,2023-03-15,Vestuario,Chaqueta,3,206433,50561
2095,403,2024-09-07,Hogar,Silla,1,177675,49714
2096,981,2023-02-01,Electrodomesticos,Lavadora,1,86146,31839
2097,332,2024-10-21,Hogar,Lampara,1,55614,10786
2098,461,2023-05-13,Deportes,Raqueta,1,83423,23032
2099,558,2024-11-02,Vestuario,Polera,2,212102,54249
2100,229,2023-06-21,Deportes,Bicicleta,1,120991,27118
2101,328,2023-01-14,Tecnologia,Tablet,2,217244,46551
2102,1242,2023-11-16,Vestuario,Chaqueta,1,77950,27021
2103,328,2024-05-28,Tecnologia,Monitor,1,103072,22346
2104,108,2024-05-03,Deportes,Bicicleta,3,268755,65746
2105,601,2023-10-07,Electrodomesticos,Microondas,1,36022,12594
2106,1088,2024-07-08,Vestuario,Zapatillas,1,18878,6176
2107,968,2024-11-06,Deportes,Bicicleta,1,84110,22502
2108,441,2023-10-28,Deportes,Raqueta,1,16396,4535
2109,604,2023-08-28,Tecnologia,Monitor,1,100845,32740
2110,16,2024-12-09,Tecnologia,Smartphone,1,67005,16435
2111,627,2023-10-07,Deportes,Raqueta,2,183362,61987
2112,498,2023-12-01,Tecnologia,Smartphone,4,360816,100154
2113,438,2023-03-15,Electrodomesticos,Refrigerador,1,84888,27231
2114,1407,2023-10-01,Electrodomesticos,Aspiradora,2,129152,24164
2115,869,2024-07-05,Hogar,Silla,1,95933,18462
2116,79,2024-09-21,Electrodomesticos,Refrigerador,1,123111,35552
2117,614,2024-01-13,Deportes,Raqueta,2,225106,74422
2118,1230,2023-03-23,Hogar,Mesa,1,107106,38731
2119,1395,2023-05-16,Tecnologia,Smartphone,1,92915,23819
2120,574,2023-04-15,Deportes,Raqueta,2,107902,33085
2121,1491,2024-02-12,Vestuario,Pantalon,1,91265,18280
2122,688,2024-03-18,Hogar,Silla,2,208910,47419
2123,46,2024-08-06,Electrodomesticos,Microondas,3,608049,144050
2124,949,2024-07-22,Tecnologia,Tablet,1,87059,18830
2125,544,2024-08-18,Hogar,Lampara,1,70901,22350
2126,683,2024-05-13,Electrodomesticos,Microondas,1,124828,31089
2127,231,2024-04-14,Vestuario,Pantalon,1,143403,41235
2128,1335,2024-07-24,Tecnologia,Notebook,4,270108,94352
2129,1096,2023-05-02,Electrodomesticos,Refrigerador,2,309104,88342
2130,1148,2024-09-26,Hogar,Sofa,1,132935,30544
2131,1417,2024-10-13,Vestuario,Chaqueta,2,309514,98882
2132,504,2024-03-25,Hogar,Mesa,1,83042,24189
2133,1240,2024-03-08,Vestuario,Pantalon,2,215498,71431
2134,1194,2023-09-20,Deportes,Bicicleta,1,87077,32354
2135,213,2024-03-14,Deportes,Bicicleta,4,265352,76507
2136,727,2023-06-15,Hogar,Lampara,2,154706,31855
2137,983,2024-09-29,Tecnologia,Tablet,1,48535,17605
2138,1441,2024-12-27,Vestuario,Polera,2,86240,25371
2139,7,2023-02-19,Tecnologia,Tablet,3,380382,80381
2140,1270,2023-07-08,Vestuario,Polera,3,82488,15069
2141,1219,2023-11-21,Vestuario,Chaqueta,2,134100,27499
2142,116,2023-10-06,Electrodomesticos,Lavadora,3,15000,3837
2143,1497,2024-05-02,Tecnologia,Smartphone,4,426172,147092
2144,1489,2024-11-11,Tecnologia,Tablet,2,211654,70861
2145,251,2023-10-29,Tecnologia,Tablet,1,60548,13516
2146,1219,2023-02-21,Electrodomesticos,Microondas,1,70315,13194
2147,380,2024-09-03,Vestuario,Chaqueta,2,156946,40064
2148,1036,2023-04-22,Electrodomesticos,Lavadora,2,180710,55993
2149,1081,2023-04-10,Hogar,Mesa,1,67129,16715
2150,688,2024-01-02,Vestuario,Pantalon,1,77928,14168
2151,268,2024-04-13,Electrodomesticos,Lavadora,1,121630,29546
2152,165,2023-06-29,Deportes,Bicicleta,3,283071,79371
2153,101,2023-10-10,Tecnologia,Tablet,1,79147,24291
2154,437,2024-03-10,Electrodomesticos,Aspiradora,2,118152,35275
2155,512,2023-05-20,Hogar,Mesa,2,72426,23683
2156,1007,2023-11-17,Tecnologia,Smartphone,1,140999,43615
2157,708,2023-07-16,Tecnologia,Notebook,3,155664,43708
2158,193,2023-03-16,Deportes,Bicicleta,1,66631,13212
2159,497,2024-09-15,Vestuario,Chaqueta,3,261201,47159
2160,401,2024-07-05,Tecnologia,Notebook,2,181736,67832
2161,1055,2024-04-05,Tecnologia,Notebook,2,144170,44468
2162,977,2024-05-19,Hogar,Mesa,3,161430,39898
2163,208,2023-05-03,Tecnologia,Notebook,1,108513,30027
2164,364,2024-08-15,Vestuario,Chaqueta,2,235460,44377
2165,437,2023-10-27,Vestuario,Chaqueta,2,176930,58522
2166,614,2023-11-21,Deportes,Pesas,3,208842,49325
2167,1084,2024-12-18,Tecnologia,Monitor,1,81082,21284
2168,1219,2024-08-31,Tecnologia,Notebook,3,105102,19175
2169,373,2024-01-06,Hogar,Lampara,1,157465,44244
2170,691,2023-05-01,Vestuario,Polera,1,58266,12631
2171,811,2024-07-20,Deportes,Raqueta,3,397380,100886
2172,67,2024-08-18,Electrodomesticos,Lavadora,1,132423,26757
2173,772,2023-08-24,Hogar,Mesa,1,121035,43873
2174,199,2023-04-26,Deportes,Pesas,2,241974,77007
2175,1360,2023-10-06,Tecnologia,Tablet,2,252808,93892
2176,533,2024-06-04,Electrodomesticos,Aspiradora,2,188632,46625
2177,978,2023-11-17,Deportes,Bicicleta,2,291062,83119
2178,867,2024-03-13,Tecnologia,Monitor,4,662004,187570
2179,1402,2023-10-29,Tecnologia,Tablet,2,231398,82275
2180,756,2023-07-01,Tecnologia,Monitor,1,112573,25725
2181,1494,2023-04-28,Hogar,Silla,2,177256,51146
2182,877,2024-10-02,Hogar,Lampara,1,125045,24986
2183,167,2023-10-02,Tecnologia,Monitor,1,120126,22489
2184,324,2024-03-01,Hogar,Mesa,1,127309,39011
2185,622,2023-03-04,Hogar,Lampara,2,39080,7877
2186,593,2023-08-18,Hogar,Mesa,4,166532,43965
2187,670,2024-01-16,Hogar,Lampara,4,408004,107536
2188,1215,2024-08-17,Tecnologia,Tablet,3,219591,47502
2189,1151,2023-03-24,Electrodomesticos,Aspiradora,2,161422,36008
2190,1207,2023-04-06,Vestuario,Polera,4,516284,175774
2191,1395,2024-11-29,Deportes,Bicicleta,1,99498,20304
2192,1345,2024-07-06,Hogar,Sofa,1,14292,3328
2193,691,2023-11-28,Tecnologia,Monitor,4,435544,97722
2194,548,2023-08-20,Deportes,Raqueta,2,240352,76201
2195,5,2024-04-09,Vestuario,Polera,1,96056,30096
2196,1204,2024-08-21,Vestuario,Pantalon,5,750975,276876
2197,179,2024-02-02,Tecnologia,Notebook,3,122889,25885
2198,855,2023-11-07,Deportes,Balon,2,43516,16534
2199,1472,2023-05-04,Hogar,Sofa,5,584980,148897
2200,459,2023-10-14,Deportes,Pesas,1,24910,9085
2201,1447,2024-10-19,Deportes,Raqueta,1,51586,17619
2202,496,2024-12-30,Hogar,Mesa,1,80784,22008
2203,1238,2024-09-29,Deportes,Balon,3,82998,22661
2204,1230,2023-08-02,Electrodomesticos,Aspiradora,2,200554,70826
2205,746,2023-04-04,Hogar,Silla,3,318114,83210
2206,704,2024-03-20,Tecnologia,Tablet,3,178254,53625
2207,207,2024-09-03,Electrodomesticos,Lavadora,3,442992,152682
2208,1326,2024-04-13,Hogar,Mesa,1,83102,22905
2209,1275,2023-03-20,Vestuario,Zapatillas,1,135343,41941
2210,1145,2023-09-23,Electrodomesticos,Microondas,1,47849,13604
2211,885,2023-07-06,Hogar,Sofa,4,193876,44960
2212,1062,2024-07-25,Deportes,Pesas,1,147826,38611
2213,594,2024-09-15,Tecnologia,Notebook,2,76592,17967
2214,43,2023-07-29,Deportes,Balon,4,390392,85632
2215,1109,2023-10-21,Vestuario,Pantalon,5,543655,195018
2216,280,2023-08-26,Vestuario,Chaqueta,2,122504,27801
2217,469,2024-04-07,Electrodomesticos,Refrigerador,2,54098,15795
2218,376,2023-02-20,Deportes,Pesas,1,98565,28984
2219,119,2024-01-27,Hogar,Lampara,1,105418,36951
2220,219,2024-02-01,Tecnologia,Monitor,3,308574,73715
2221,26,2024-05-17,Electrodomesticos,Lavadora,1,104288,25614
2222,1408,2024-10-01,Deportes,Bicicleta,4,423988,161067
2223,712,2023-05-19,Hogar,Lampara,2,295428,56627
2224,988,2024-12-13,Vestuario,Chaqueta,4,387688,101455
2225,686,2023-08-06,Vestuario,Polera,2,282552,93585
2226,666,2024-07-17,Electrodomesticos,Lavadora,2,199634,36309
2227,803,2023-11-27,Electrodomesticos,Refrigerador,2,132026,40985
2228,1126,2023-09-12,Vestuario,Polera,4,508892,95075
2229,1121,2024-01-01,Deportes,Bicicleta,2,189818,47248
2230,697,2023-02-25,Hogar,Silla,1,78691,21709
2231,1207,2023-10-05,Electrodomesticos,Aspiradora,2,216884,49117
2232,794,2024-01-06,Deportes,Balon,3,296199,90387
2233,1460,2024-05-05,Tecnologia,Notebook,1,24847,8135
2234,900,2023-12-27,Vestuario,Pantalon,1,40202,7550
2235,750,2024-04-01,Electrodomesticos,Aspiradora,1,111952,37129
2236,220,2023-08-31,Electrodomesticos,Aspiradora,2,212318,73043
2237,964,2023-07-11,Hogar,Mesa,1,93449,27438
2238,1000,2024-05-22,Tecnologia,Monitor,3,390483,84225
2239,846,2023-08-20,Hogar,Silla,3,252465,74285
2240,349,2024-08-14,Hogar,Lampara,2,159582,46189
2241,104,2024-01-04,Deportes,Bicicleta,5,220190,60985
2242,1117,2024-03-30,Tecnologia,Smartphone,1,122302,39560
2243,577,2024-08-11,Vestuario,Zapatillas,1,97750,28505
2244,1319,2024-04-14,Vestuario,Polera,1,147642,52994
2245,620,2024-09-29,Vestuario,Polera,2,268892,67196
2246,934,2024-03-29,Deportes,Raqueta,2,148194,26806
2247,1087,2023-03-23,Hogar,Lampara,3,262077,69163
2248,1414,2024-05-08,Deportes,Bicicleta,1,53370,13879
2249,376,2024-07-11,Electrodomesticos,Refrigerador,1,30158,6627
2250,206,2023-03-08,Electrodomesticos,Aspiradora,7,485443,101166
2251,1001,2024-03-05,Tecnologia,Tablet,1,143267,38537
2252,717,2023-02-05,Hogar,Lampara,1,94469,17565
2253,12,2024-05-13,Vestuario,Pantalon,5,460610,172262
2254,781,2023-05-10,Vestuario,Polera,1,94561,35777
2255,1160,2023-09-23,Deportes,Raqueta,2,231038,43033
2256,1187,2023-03-31,Vestuario,Zapatillas,6,445080,127305
2257,722,2024-04-14,Tecnologia,Tablet,1,60823,21454
2258,793,2023-10-28,Vestuario,Polera,2,204730,38906
2259,1243,2024-03-21,Deportes,Bicicleta,3,386586,76669
2260,1464,2023-11-16,Vestuario,Chaqueta,4,478416,98332
2261,1443,2024-05-21,Tecnologia,Notebook,1,160867,59145
2262,719,2023-08-30,Vestuario,Chaqueta,2,238450,68528
2263,729,2023-06-22,Electrodomesticos,Microondas,1,55132,10589
2264,359,2023-03-09,Deportes,Balon,2,10000,3547
2265,1205,2024-02-22,Electrodomesticos,Aspiradora,2,219580,49019
2266,1274,2023-05-22,Hogar,Mesa,1,68482,12447
2267,1113,2024-06-08,Hogar,Sofa,1,61340,19328
2268,1202,2024-08-29,Electrodomesticos,Aspiradora,2,196512,73941
2269,240,2024-03-06,Deportes,Bicicleta,1,67365,22667
2270,1419,2023-06-18,Electrodomesticos,Microondas,4,140472,38828
2271,659,2023-08-31,Electrodomesticos,Refrigerador,2,145198,53847
2272,393,2024-11-10,Hogar,Lampara,2,150690,27134
2273,1243,2024-07-26,Deportes,Balon,1,98228,19681
2274,203,2024-10-21,Hogar,Sofa,2,114852,28462
2275,533,2024-07-01,Electrodomesticos,Refrigerador,1,107930,26381
2276,280,2023-01-09,Hogar,Mesa,1,16934,5888
2277,961,2023-11-29,Tecnologia,Tablet,2,10000,2083
2278,1028,2024-10-25,Deportes,Raqueta,4,343008,66749
2279,264,2024-11-16,Hogar,Lampara,2,191982,44506
2280,1200,2023-06-02,Deportes,Raqueta,2,82086,21854
2281,615,2023-12-03,Tecnologia,Smartphone,1,83727,29109
2282,730,2023-10-30,Vestuario,Polera,3,117102,35796
2283,574,2023-03-06,Hogar,Mesa,3,445308,87621
2284,652,2024-01-12,Hogar,Lampara,3,63939,21019
2285,1481,2023-03-04,Deportes,Raqueta,1,133455,38605
2286,1231,2023-12-13,Tecnologia,Smartphone,3,213669,65571
2287,103,2023-05-21,Hogar,Silla,1,95324,29858
2288,1201,2023-12-11,Tecnologia,Monitor,1,135740,36089
2289,193,2024-04-05,Tecnologia,Tablet,3,83784,23827
2290,280,2023-06-15,Deportes,Pesas,1,40241,9189
2291,1196,2024-04-06,Deportes,Balon,2,167562,61827
2292,355,2024-02-19,Hogar,Silla,1,49832,11052
2293,652,2024-07-07,Deportes,Pesas,1,86207,22763
2294,407,2023-04-20,Vestuario,Chaqueta,1,171771,53428
2295,1464,2024-05-13,Hogar,Silla,1,5000,1001
2296,1433,2023-12-27,Hogar,Mesa,1,112315,41947
2297,183,2024-11-02,Electrodomesticos,Lavadora,1,5000,1137
2298,1,2023-08-13,Vestuario,Zapatillas,3,302058,72473
2299,1180,2024-02-08,Vestuario,Polera,6,232380,50660
2300,403,2023-05-07,Tecnologia,Notebook,4,398084,105549
2301,1143,2023-11-27,Deportes,Balon,1,124515,37068
2302,1001,2023-10-25,Hogar,Silla,1,23010,7581
2303,993,2024-07-20,Deportes,Bicicleta,1,165685,61526
2304,1494,2023-08-13,Electrodomesticos,Aspiradora,2,172766,32809
2305,69,2023-03-06,Vestuario,Chaqueta,5,514015,98220
2306,572,2023-10-29,Deportes,Bicicleta,7,284508,96027
2307,945,2023-05-20,Hogar,Lampara,1,92400,35062
2308,140,2023-12-25,Deportes,Pesas,4,247956,51237
2309,908,2023-06-16,Deportes,Balon,1,10663,3067
2310,920,2024-02-16,Hogar,Mesa,1,22020,5855
2311,407,2023-01-01,Electrodomesticos,Refrigerador,3,162069,33602
2312,1240,2023-03-25,Hogar,Lampara,3,398931,141674
2313,543,2023-09-29,Deportes,Pesas,2,268736,57058
2314,98,2024-07-13,Tecnologia,Notebook,4,387560,73402
2315,1482,2024-12-02,Vestuario,Pantalon,1,99511,34520
2316,837,2024-08-18,Hogar,Lampara,2,331768,111548
2317,1048,2023-02-22,Electrodomesticos,Refrigerador,2,10000,2315
2318,760,2023-09-24,Electrodomesticos,Aspiradora,3,418080,100841
2319,1115,2024-03-26,Vestuario,Chaqueta,2,307128,95271
2320,1191,2023-05-02,Vestuario,Chaqueta,3,245997,78464
2321,1112,2023-03-24,Deportes,Pesas,1,86959,29522
2322,1397,2023-06-10,Hogar,Lampara,2,164074,60971
2323,1182,2024-05-14,Vestuario,Chaqueta,1,63045,22763
2324,1308,2023-04-24,Vestuario,Pantalon,1,116458,32902
2325,443,2024-08-29,Electrodomesticos,Refrigerador,2,31214,8515
2326,972,2024-02-17,Deportes,Pesas,1,78717,15517
2327,152,2024-04-04,Electrodomesticos,Microondas,2,241744,85087
2328,969,2023-10-12,Vestuario,Chaqueta,3,289041,89666
2329,4,2023-11-01,Deportes,Balon,1,68833,17617
2330,1335,2024-11-12,Vestuario,Polera,1,98317,21517
2331,324,2023-11-27,Deportes,Pesas,1,105971,21934
2332,1195,2023-05-19,Tecnologia,Tablet,1,97710,18210
2333,242,2023-02-02,Hogar,Mesa,3,173187,50044
2334,51,2023-05-26,Deportes,Pesas,2,308576,116916
2335,75,2023-03-18,Vestuario,Zapatillas,2,313832,78725
2336,635,2024-09-20,Electrodomesticos,Aspiradora,1,91067,19724
2337,8,2023-07-05,Tecnologia,Smartphone,1,75965,26301
2338,673,2024-09-15,Vestuario,Zapatillas,4,376896,138638
2339,353,2024-07-15,Vestuario,Zapatillas,2,282486,54861
2340,1018,2024-08-13,Deportes,Bicicleta,1,5000,1064
2341,1417,2024-05-02,Tecnologia,Smartphone,2,193496,34834
2342,916,2023-05-11,Hogar,Sofa,2,146974,44772
2343,440,2024-09-27,Vestuario,Polera,1,162409,41710
2344,935,2024-09-21,Deportes,Balon,1,181724,39884
2345,81,2024-09-24,Electrodomesticos,Microondas,1,120952,32333
2346,46,2023-03-17,Hogar,Mesa,5,769940,197827
2347,766,2024-01-19,Tecnologia,Monitor,1,92527,22640
2348,871,2024-08-31,Tecnologia,Tablet,1,85971,26348
2349,1355,2024-08-16,Tecnologia,Monitor,5,570675,133954
2350,627,2024-08-30,Electrodomesticos,Aspiradora,2,80454,19721
2351,1313,2023-12-10,Hogar,Mesa,1,58627,16045
2352,1177,2023-06-18,Deportes,Bicicleta,1,137067,51600
2353,935,2024-11-03,Deportes,Bicicleta,3,405744,140797
2354,162,2023-09-01,Hogar,Sofa,3,154935,47786
2355,858,2024-11-08,Electrodomesticos,Microondas,1,14007,4318
2356,46,2023-06-20,Electrodomesticos,Microondas,1,159986,46540
2357,1266,2024-01-27,Tecnologia,Notebook,2,244378,61419
2358,100,2024-09-07,Vestuario,Zapatillas,1,10635,2743
2359,1106,2023-09-19,Vestuario,Zapatillas,1,127464,32642
2360,984,2023-08-17,Tecnologia,Monitor,1,5000,1785
2361,872,2023-03-04,Deportes,Pesas,1,96671,30930
2362,72,2023-12-02,Electrodomesticos,Refrigerador,1,167503,32106
2363,645,2023-03-04,Electrodomesticos,Refrigerador,1,94696,24629
2364,1175,2023-05-20,Tecnologia,Monitor,2,162112,32580
2365,663,2023-11-17,Tecnologia,Tablet,1,180005,35224
2366,528,2023-01-03,Vestuario,Pantalon,2,286582,61034
2367,484,2024-11-15,Vestuario,Chaqueta,4,477904,152568
2368,999,2024-10-28,Hogar,Sofa,1,61079,18342
2369,454,2024-10-11,Deportes,Raqueta,1,76753,21396
2370,1460,2024-12-07,Hogar,Silla,2,291318,108812
2371,430,2023-03-15,Deportes,Pesas,2,170278,31570
2372,511,2024-10-21,Tecnologia,Monitor,2,342890,122162
2373,651,2023-11-07,Vestuario,Zapatillas,2,212600,52124
2374,359,2024-06-24,Tecnologia,Smartphone,1,86969,16852
2375,205,2023-05-30,Vestuario,Chaqueta,4,120828,40277
2376,199,2023-05-02,Vestuario,Zapatillas,3,48924,13390
2377,802,2024-03-28,Hogar,Mesa,1,94906,30482
2378,242,2024-04-07,Hogar,Lampara,2,176742,54566
2379,1111,2023-05-18,Electrodomesticos,Aspiradora,2,230906,84014
2380,1134,2024-08-20,Tecnologia,Tablet,1,55966,11206
2381,297,2023-07-21,Deportes,Pesas,2,213486,74571
2382,1280,2024-04-29,Hogar,Silla,1,132293,46736
2383,754,2024-04-27,Electrodomesticos,Microondas,2,232728,47721
2384,638,2024-02-08,Tecnologia,Monitor,1,111921,40136
2385,762,2024-09-03,Deportes,Pesas,4,759168,244460
2386,1252,2024-02-20,Vestuario,Chaqueta,2,81540,23325
2387,1249,2024-05-22,Vestuario,Polera,2,254278,65928
2388,388,2023-11-23,Hogar,Mesa,1,85893,17165
2389,399,2024-05-17,Hogar,Lampara,3,409662,78523
2390,658,2024-10-28,Electrodomesticos,Refrigerador,2,110336,38488
2391,1155,2024-05-17,Electrodomesticos,Refrigerador,2,266274,69694
2392,1175,2024-05-03,Tecnologia,Smartphone,2,248898,78369
2393,201,2024-02-26,Hogar,Lampara,1,144514,52137
2394,902,2023-12-29,Deportes,Bicicleta,1,39951,12530
2395,1314,2024-01-14,Hogar,Lampara,1,86273,20541
2396,880,2024-12-13,Vestuario,Polera,2,297186,61430
2397,1133,2023-12-15,Vestuario,Pantalon,2,139806,49492
2398,1171,2023-12-21,Deportes,Bicicleta,3,147282,55953
2399,837,2024-05-21,Vestuario,Chaqueta,1,117138,21658
2400,726,2024-05-05,Tecnologia,Tablet,3,336351,79410
2401,916,2024-08-19,Electrodomesticos,Aspiradora,3,558327,158162
2402,1015,2024-01-28,Hogar,Mesa,5,452685,98739
2403,554,2024-04-08,Vestuario,Chaqueta,1,84488,31798
2404,324,2024-12-02,Deportes,Balon,1,86267,26969
2405,930,2023-05-15,Electrodomesticos,Aspiradora,1,89918,31161
2406,1332,2023-02-02,Deportes,Pesas,5,336745,87317
2407,1313,2023-09-18,Deportes,Raqueta,4,284108,67920
2408,74,2024-12-05,Electrodomesticos,Aspiradora,1,13021,4752
2409,1216,2023-10-23,Vestuario,Chaqueta,2,118338,27626
2410,1238,2024-10-12,Vestuario,Pantalon,1,109433,40998
2411,935,2024-07-08,Vestuario,Zapatillas,1,46519,10004
2412,1370,2024-10-01,Tecnologia,Monitor,2,10000,2973
2413,660,2024-09-23,Electrodomesticos,Lavadora,5,253670,80760
2414,1276,2024-10-27,Tecnologia,Tablet,3,87318,22050
2415,553,2024-01-14,Electrodomesticos,Refrigerador,2,310196,70856
2416,279,2023-04-21,Deportes,Raqueta,2,119154,45003
2417,1240,2024-05-15,Deportes,Bicicleta,1,55113,14328
2418,454,2024-11-05,Tecnologia,Tablet,1,107699,36725
2419,1105,2023-10-20,Hogar,Mesa,1,60153,11845
2420,431,2023-02-04,Tecnologia,Notebook,1,154491,45121
2421,1221,2024-01-02,Hogar,Sofa,1,62324,14701
2422,66,2024-02-25,Deportes,Pesas,1,112120,32738
2423,942,2023-11-01,Tecnologia,Monitor,3,423168,120442
2424,72,2024-12-23,Deportes,Balon,1,81709,16053
2425,212,2024-07-06,Vestuario,Polera,1,88551,20658
2426,1410,2023-08-15,Vestuario,Pantalon,3,438159,116236
2427,107,2023-08-23,Deportes,Bicicleta,2,157662,56031
2428,456,2023-02-27,Hogar,Mesa,4,207368,78773
2429,290,2024-05-05,Tecnologia,Tablet,2,228494,49958
2430,1045,2024-06-23,Vestuario,Pantalon,4,806520,205128
2431,323,2024-12-18,Hogar,Lampara,3,170067,47190
2432,122,2024-10-12,Tecnologia,Monitor,1,102300,19496
2433,228,2024-11-21,Vestuario,Chaqueta,4,323664,94139
2434,599,2024-10-15,Vestuario,Zapatillas,1,112981,31142
2435,401,2024-03-18,Deportes,Balon,1,112924,23222
2436,1229,2023-11-05,Electrodomesticos,Lavadora,2,125608,42125
2437,598,2024-07-04,Vestuario,Zapatillas,1,105298,34935
2438,1116,2024-10-11,Hogar,Mesa,3,431193,128419
2439,1104,2023-09-09,Vestuario,Zapatillas,2,176214,48009
2440,393,2024-06-03,Deportes,Balon,1,97614,22225
2441,180,2023-03-24,Vestuario,Chaqueta,1,69775,21045
2442,935,2024-09-07,Electrodomesticos,Aspiradora,3,463959,135328
2443,138,2024-06-20,Vestuario,Pantalon,3,287175,104757
2444,492,2024-12-13,Hogar,Lampara,2,225876,49773
2445,719,2023-08-08,Hogar,Sofa,1,101171,26855
2446,1321,2024-11-13,Electrodomesticos,Aspiradora,1,82981,30942
2447,446,2023-04-10,Hogar,Silla,1,160867,30613
2448,232,2024-08-07,Electrodomesticos,Refrigerador,4,598064,190111
2449,1102,2023-12-07,Tecnologia,Tablet,2,246368,87329
2450,1399,2023-08-20,Tecnologia,Tablet,1,97322,32503
2451,414,2024-03-23,Electrodomesticos,Lavadora,3,354825,119846
2452,470,2024-02-02,Hogar,Lampara,1,125305,43538
2453,1272,2024-08-06,Vestuario,Pantalon,1,155434,30279
2454,153,2024-05-03,Tecnologia,Monitor,3,297993,62805
2455,1383,2024-01-08,Deportes,Bicicleta,2,48796,9138
2456,166,2023-04-15,Vestuario,Polera,2,168724,34748
2457,405,2023-07-02,Hogar,Silla,4,189628,57074
2458,1437,2023-10-11,Vestuario,Pantalon,2,232382,76146
2459,5,2023-05-17,Vestuario,Polera,4,96264,33113
2460,810,2024-05-29,Deportes,Bicicleta,1,180861,40383
2461,41,2024-04-11,Deportes,Bicicleta,1,83701,16635
2462,350,2024-01-06,Hogar,Silla,3,343434,128201
2463,1079,2024-06-10,Deportes,Balon,1,62105,15404
2464,134,2023-10-12,Deportes,Pesas,2,128846,43065
2465,427,2024-05-17,Electrodomesticos,Aspiradora,1,84443,15847
2466,836,2023-10-23,Hogar,Silla,1,119164,43778
2467,1171,2023-03-05,Electrodomesticos,Microondas,2,151510,43003
2468,1066,2023-09-18,Hogar,Mesa,5,504840,100339
2469,784,2024-09-09,Vestuario,Zapatillas,3,453018,153424
2470,448,2023-11-21,Hogar,Lampara,2,261718,83932
2471,1156,2023-11-17,Hogar,Lampara,2,204378,72689
2472,200,2023-04-16,Vestuario,Zapatillas,2,211362,42095
2473,1217,2023-10-03,Electrodomesticos,Refrigerador,3,294663,101944
2474,1259,2023-05-04,Vestuario,Chaqueta,4,558748,114609
2475,558,2023-11-08,Deportes,Pesas,2,177740,39619
2476,436,2024-01-30,Electrodomesticos,Aspiradora,1,128556,29588
2477,1251,2024-01-13,Vestuario,Chaqueta,1,102032,30329
2478,965,2023-08-10,Vestuario,Chaqueta,2,203696,43188
2479,169,2023-10-25,Hogar,Sofa,3,238362,43390
2480,962,2023-03-04,Hogar,Silla,1,101267,32192
2481,278,2024-02-19,Tecnologia,Smartphone,3,91578,30687
2482,1213,2024-08-02,Tecnologia,Notebook,2,169262,42183
2483,491,2023-05-25,Hogar,Lampara,7,579054,151400
2484,1131,2024-05-04,Tecnologia,Monitor,1,69707,23962
2485,808,2023-10-21,Deportes,Balon,1,30038,6905
2486,945,2023-08-26,Hogar,Mesa,2,173948,51683
2487,753,2024-01-27,Vestuario,Chaqueta,4,314536,91978
2488,217,2023-04-18,Tecnologia,Smartphone,2,189298,55957
2489,401,2024-12-25,Vestuario,Zapatillas,1,73466,18584
2490,1401,2024-09-29,Tecnologia,Monitor,1,30738,10432
2491,600,2023-10-17,Tecnologia,Monitor,2,203294,76848
2492,1471,2024-05-26,Deportes,Balon,1,59147,18164
2493,788,2024-12-24,Hogar,Lampara,7,612437,119352
2494,390,2023-04-19,Hogar,Mesa,2,103802,21276
2495,1171,2023-02-04,Tecnologia,Smartphone,1,129480,41627
2496,1379,2024-12-09,Electrodomesticos,Microondas,3,260007,93865
2497,189,2024-04-04,Vestuario,Zapatillas,1,99088,22859
2498,1410,2023-11-24,Vestuario,Zapatillas,1,47567,11857
2499,1072,2023-01-27,Vestuario,Zapatillas,2,155728,42528
2500,99,2023-10-19,Tecnologia,Notebook,2,94782,19334
2501,1288,2024-09-16,Deportes,Bicicleta,1,165982,43853
2502,696,2024-01-29,Deportes,Bicicleta,1,135839,40659
2503,1332,2024-12-05,Vestuario,Polera,1,58833,13761
2504,211,2024-11-26,Vestuario,Zapatillas,1,66023,24706
2505,524,2024-07-10,Vestuario,Pantalon,2,112776,42039
2506,286,2023-05-08,Vestuario,Pantalon,1,130695,46666
2507,404,2024-10-14,Electrodomesticos,Lavadora,1,107420,37353
2508,716,2024-10-15,Electrodomesticos,Lavadora,1,93568,28036
2509,541,2023-04-19,Vestuario,Pantalon,1,101504,23424
2510,404,2024-10-27,Tecnologia,Monitor,2,266964,53401
2511,150,2024-08-06,Hogar,Mesa,1,5000,1413
2512,421,2023-07-09,Hogar,Mesa,2,79914,30211
2513,1060,2023-07-23,Electrodomesticos,Microondas,4,399556,128108
2514,1313,2024-02-28,Hogar,Sofa,2,337962,85539
2515,63,2024-04-11,Electrodomesticos,Lavadora,2,136754,47046
2516,504,2023-08-07,Tecnologia,Tablet,1,146822,33859
2517,1167,2024-06-16,Electrodomesticos,Refrigerador,4,298028,95587
2518,138,2024-09-21,Tecnologia,Monitor,4,303840,109030
2519,128,2024-12-21,Tecnologia,Notebook,1,36692,9008
2520,940,2024-04-26,Tecnologia,Tablet,1,43087,8393
2521,21,2023-02-09,Electrodomesticos,Microondas,4,623992,179655
2522,212,2024-01-30,Tecnologia,Monitor,3,169173,40131
2523,1020,2023-06-29,Electrodomesticos,Lavadora,4,105292,39645
2524,819,2023-03-22,Hogar,Sofa,3,301170,90749
2525,948,2024-03-11,Vestuario,Chaqueta,3,231855,47237
2526,1342,2023-08-29,Vestuario,Zapatillas,2,341906,109399
2527,1038,2023-04-26,Vestuario,Zapatillas,4,681024,220400
2528,257,2024-01-14,Electrodomesticos,Lavadora,1,18271,6379
2529,62,2023-06-10,Electrodomesticos,Aspiradora,3,147621,43551
2530,1325,2024-03-13,Hogar,Sofa,1,124928,34158
2531,879,2023-08-05,Vestuario,Chaqueta,1,139656,43534
2532,354,2023-02-07,Tecnologia,Smartphone,5,721370,220664
2533,933,2023-08-10,Vestuario,Zapatillas,1,42223,11425
2534,334,2023-08-03,Vestuario,Zapatillas,4,273140,76692
2535,933,2023-06-14,Vestuario,Zapatillas,2,291012,92490
2536,1146,2024-01-20,Electrodomesticos,Aspiradora,1,58617,11587
2537,877,2024-01-29,Tecnologia,Tablet,2,206494,46864
2538,639,2024-06-21,Hogar,Silla,4,305824,95856
2539,591,2024-10-30,Electrodomesticos,Aspiradora,1,33435,6317
2540,1061,2024-04-23,Tecnologia,Tablet,3,542253,128997
2541,1445,2024-11-28,Tecnologia,Notebook,3,263652,80790
2542,476,2023-04-21,Vestuario,Polera,2,45752,16480
2543,792,2024-07-28,Electrodomesticos,Refrigerador,1,110194,38512
2544,157,2023-12-21,Vestuario,Chaqueta,1,112784,35119
2545,503,2024-10-18,Vestuario,Chaqueta,2,155116,44397
2546,211,2023-01-17,Tecnologia,Tablet,2,78692,26265
2547,429,2024-08-15,Deportes,Raqueta,2,79330,28481
2548,189,2024-03-29,Hogar,Silla,2,221302,65033
2549,145,2024-01-31,Tecnologia,Tablet,2,177870,33072
2550,863,2023-05-25,Tecnologia,Smartphone,1,5000,1367
2551,950,2024-11-23,Vestuario,Pantalon,1,189195,43157
2552,211,2023-04-02,Hogar,Sofa,1,65199,22363
2553,1280,2024-07-08,Hogar,Silla,1,56529,17860
2554,1500,2023-04-21,Vestuario,Chaqueta,2,10000,2327
2555,217,2023-08-08,Deportes,Bicicleta,1,173192,34586
2556,1149,2024-12-19,Vestuario,Polera,2,140922,31423
2557,1061,2024-04-21,Hogar,Lampara,3,52617,19229
2558,611,2023-05-28,Vestuario,Polera,1,107499,29713
2559,818,2024-04-26,Hogar,Silla,1,60787,11969
2560,181,2023-01-12,Deportes,Balon,2,203344,54101
2561,1077,2024-06-19,Electrodomesticos,Microondas,3,210900,45492
2562,86,2024-03-23,Deportes,Bicicleta,4,461340,130009
2563,855,2024-08-10,Hogar,Sofa,1,43371,15347
2564,587,2024-08-31,Hogar,Lampara,1,47377,9776
2565,38,2024-09-25,Tecnologia,Tablet,2,190296,59061
2566,1346,2024-07-07,Tecnologia,Monitor,1,5000,1816
2567,376,2023-06-15,Tecnologia,Notebook,2,250778,93698
2568,911,2024-05-09,Vestuario,Polera,3,323055,77257
2569,90,2023-11-28,Electrodomesticos,Refrigerador,4,603652,156838
2570,1457,2023-05-28,Hogar,Mesa,4,388988,123694
2571,1174,2023-11-13,Deportes,Bicicleta,3,15000,5146
2572,386,2023-10-18,Tecnologia,Monitor,1,76502,28364
2573,997,2024-09-09,Hogar,Mesa,2,155200,46157
2574,266,2023-12-21,Electrodomesticos,Refrigerador,3,180978,65398
2575,179,2023-05-24,Vestuario,Polera,1,58129,14870
2576,1393,2023-04-21,Vestuario,Zapatillas,1,74818,16402
2577,576,2023-08-22,Hogar,Lampara,1,82259,22786
2578,795,2024-03-13,Vestuario,Polera,1,103267,33357
2579,1392,2023-08-23,Hogar,Mesa,5,622575,161031
2580,1383,2023-10-02,Deportes,Balon,6,428418,86201
2581,156,2023-12-27,Tecnologia,Notebook,1,76401,19562
2582,760,2023-08-02,Hogar,Mesa,1,105745,22655
2583,100,2023-09-26,Deportes,Balon,3,362118,130237
2584,544,2024-06-06,Hogar,Silla,1,89406,30765
2585,997,2024-07-07,Hogar,Silla,4,513704,132569
2586,861,2024-04-03,Tecnologia,Monitor,1,29043,9308
2587,1387,2023-02-01,Vestuario,Zapatillas,4,244532,61466
2588,48,2024-06-20,Vestuario,Pantalon,4,600472,191036
2589,1277,2023-03-12,Tecnologia,Monitor,4,156592,34220
2590,1013,2024-10-06,Hogar,Lampara,2,270622,79082
2591,786,2023-02-24,Hogar,Lampara,2,230080,77564
2592,1328,2023-05-27,Hogar,Sofa,1,113526,28740
2593,1088,2023-10-18,Hogar,Sofa,2,260298,79980
2594,689,2024-11-20,Tecnologia,Tablet,2,231434,65040
2595,876,2024-10-18,Electrodomesticos,Microondas,1,90016,29249
2596,882,2023-02-22,Hogar,Sofa,1,143881,47303
2597,348,2024-03-12,Vestuario,Zapatillas,2,181850,41110
2598,397,2024-11-15,Hogar,Mesa,2,12886,4730
2599,7,2023-07-06,Hogar,Mesa,2,288884,93446
2600,2,2023-07-25,Tecnologia,Notebook,2,209186,73465
2601,595,2023-02-15,Deportes,Raqueta,1,107291,23172
2602,209,2023-09-22,Tecnologia,Smartphone,2,166780,30522
2603,930,2024-03-23,Vestuario,Polera,6,720192,265740
2604,897,2024-07-31,Tecnologia,Notebook,1,74702,14962
2605,1454,2023-12-16,Vestuario,Polera,4,397256,126724
2606,952,2023-03-08,Vestuario,Zapatillas,2,96426,27248
2607,814,2023-08-16,Deportes,Raqueta,3,258450,70871
2608,938,2024-03-17,Tecnologia,Monitor,4,473952,159396
2609,1001,2024-08-15,Tecnologia,Notebook,1,54738,11922
2610,183,2023-06-02,Hogar,Mesa,4,280364,67332
2611,1254,2023-08-19,Electrodomesticos,Lavadora,1,59773,14857
2612,418,2023-12-12,Tecnologia,Monitor,2,137830,44504
2613,16,2024-03-04,Hogar,Lampara,3,199998,61790
2614,703,2023-08-06,Electrodomesticos,Lavadora,3,336882,115765
2615,1076,2024-03-31,Tecnologia,Monitor,2,152384,49325
2616,455,2023-05-10,Electrodomesticos,Refrigerador,3,188544,36593
2617,524,2024-09-01,Electrodomesticos,Refrigerador,2,159230,42967
2618,41,2024-03-19,Vestuario,Pantalon,2,89218,33656
2619,974,2023-11-14,Tecnologia,Notebook,3,216621,71842
2620,386,2023-10-30,Electrodomesticos,Lavadora,2,307064,108002
2621,553,2023-12-11,Tecnologia,Smartphone,2,76600,16861
2622,832,2023-10-29,Deportes,Bicicleta,4,390132,97074
2623,1483,2023-06-01,Tecnologia,Tablet,1,149961,52320
2624,73,2024-07-21,Vestuario,Polera,1,84433,28972
2625,1114,2024-08-11,Deportes,Pesas,2,265736,81716
2626,995,2024-08-15,Hogar,Lampara,2,175634,62655
2627,64,2024-08-13,Electrodomesticos,Aspiradora,3,252576,66602
2628,335,2023-11-14,Hogar,Lampara,3,198678,64537
2629,864,2023-06-09,Electrodomesticos,Microondas,2,235298,65768
2630,1148,2023-12-02,Vestuario,Pantalon,3,15000,3217
2631,883,2023-01-05,Deportes,Raqueta,2,255284,53618
2632,533,2023-10-01,Hogar,Mesa,1,71700,15855
2633,923,2024-05-31,Hogar,Sofa,1,62962,19554
2634,1269,2023-06-21,Deportes,Bicicleta,1,73076,16390
2635,198,2024-12-21,Deportes,Pesas,4,482660,169462
2636,410,2023-02-16,Hogar,Mesa,1,119090,32391
2637,1149,2024-09-25,Hogar,Lampara,6,377670,92170
2638,1190,2024-03-14,Deportes,Balon,2,128688,30306
2639,385,2023-02-13,Tecnologia,Smartphone,3,267171,52302
2640,68,2024-03-12,Deportes,Balon,3,20355,5433
2641,190,2023-03-29,Hogar,Silla,2,353194,95365
2642,1388,2023-08-26,Hogar,Mesa,1,78226,14145
2643,182,2023-07-26,Tecnologia,Notebook,3,295854,88747
2644,277,2024-05-09,Electrodomesticos,Microondas,3,362355,85012
2645,765,2023-06-06,Vestuario,Chaqueta,2,148008,29204
2646,755,2024-12-10,Tecnologia,Smartphone,1,42719,14109
2647,399,2024-11-03,Vestuario,Chaqueta,1,126839,28302
2648,883,2023-12-04,Electrodomesticos,Aspiradora,4,579904,110813
2649,608,2024-10-01,Deportes,Balon,2,210522,46507
2650,569,2024-07-25,Deportes,Bicicleta,2,113696,42404
2651,527,2024-12-28,Deportes,Balon,1,26146,7165
2652,186,2024-02-05,Tecnologia,Notebook,1,43125,9876
2653,589,2024-09-03,Tecnologia,Tablet,2,175668,61318
2654,654,2023-08-23,Hogar,Silla,2,261172,90557
2655,1344,2023-11-11,Electrodomesticos,Aspiradora,2,172016,32239
2656,1078,2024-11-28,Tecnologia,Monitor,1,61712,12772
2657,823,2023-01-25,Vestuario,Chaqueta,1,116386,35938
2658,1136,2023-10-22,Electrodomesticos,Microondas,3,189078,67390
2659,448,2024-02-08,Vestuario,Pantalon,2,260722,79665
2660,250,2023-05-29,Hogar,Mesa,1,84050,27900
2661,221,2023-09-09,Vestuario,Pantalon,1,106678,20691
2662,913,2024-06-02,Vestuario,Pantalon,1,67114,12931
2663,290,2024-06-12,Hogar,Lampara,1,62163,22841
2664,37,2024-07-26,Vestuario,Zapatillas,3,304782,113523
2665,598,2023-12-22,Electrodomesticos,Lavadora,1,101996,36825
2666,556,2024-11-14,Hogar,Lampara,3,269226,100903
2667,1444,2024-08-17,Tecnologia,Notebook,2,200914,40075
2668,1344,2024-08-18,Vestuario,Polera,3,92730,32068
2669,19,2024-05-25,Vestuario,Zapatillas,3,220368,48028
2670,1418,2024-06-11,Hogar,Sofa,1,128770,24465
2671,1240,2024-05-26,Vestuario,Zapatillas,3,152466,41467
2672,163,2024-11-22,Vestuario,Pantalon,3,87948,20179
2673,1227,2024-04-01,Deportes,Raqueta,1,94599,18020
2674,585,2024-11-04,Vestuario,Polera,3,379590,86819
2675,733,2024-01-01,Electrodomesticos,Microondas,1,61980,19414
2676,1137,2024-02-12,Hogar,Silla,2,187600,51737
2677,784,2024-01-16,Electrodomesticos,Lavadora,2,75084,19137
2678,766,2024-05-14,Tecnologia,Smartphone,1,119898,44788
2679,82,2023-10-02,Vestuario,Pantalon,1,100725,20835
2680,1112,2023-12-18,Deportes,Raqueta,2,341622,79223
2681,112,2024-08-26,Deportes,Bicicleta,2,249048,73190
2682,981,2024-10-16,Tecnologia,Notebook,1,117096,32851
2683,1194,2024-06-19,Hogar,Sofa,3,378453,103472
2684,15,2024-10-03,Deportes,Raqueta,2,238196,81640
2685,1401,2024-11-25,Vestuario,Chaqueta,1,120474,23195
2686,1222,2024-10-28,Deportes,Pesas,2,118172,22772
2687,372,2023-04-11,Vestuario,Zapatillas,1,89285,26388
2688,1401,2023-07-19,Hogar,Mesa,1,116305,26213
2689,1175,2024-10-25,Tecnologia,Monitor,3,334218,119009
2690,1362,2023-01-10,Deportes,Raqueta,4,323248,88226
2691,938,2024-10-01,Tecnologia,Monitor,1,119343,41089
2692,1325,2024-02-10,Electrodomesticos,Microondas,2,236698,89692
2693,939,2024-01-16,Deportes,Balon,1,124229,23177
2694,107,2023-11-24,Electrodomesticos,Refrigerador,1,83560,24674
2695,479,2024-09-10,Hogar,Silla,1,138817,46829
2696,835,2023-06-04,Deportes,Balon,3,279147,69903
2697,1433,2023-06-12,Electrodomesticos,Refrigerador,3,329142,117115
2698,1098,2023-10-29,Tecnologia,Tablet,1,97780,33528
2699,132,2023-03-23,Electrodomesticos,Refrigerador,3,234231,57632
2700,470,2024-07-12,Deportes,Raqueta,1,98212,33882
2701,816,2024-06-15,Deportes,Balon,1,74164,17744
2702,1005,2023-02-13,Electrodomesticos,Aspiradora,4,760520,287135
2703,1369,2023-04-13,Tecnologia,Smartphone,2,342730,116680
2704,1164,2024-07-06,Tecnologia,Monitor,1,92815,29747
2705,929,2024-06-18,Electrodomesticos,Microondas,1,230440,84132
2706,978,2023-07-24,Deportes,Balon,4,370640,103985
2707,1405,2023-09-11,Deportes,Raqueta,2,191128,63353
2708,1219,2024-06-02,Hogar,Mesa,3,280767,58248
2709,1095,2024-01-30,Vestuario,Chaqueta,5,163580,45938
2710,320,2024-04-29,Vestuario,Chaqueta,2,195006,37755
2711,382,2024-03-25,Vestuario,Pantalon,2,256978,74930
2712,918,2023-05-12,Hogar,Silla,2,264438,50909
2713,407,2023-10-09,Tecnologia,Tablet,2,243074,64896
2714,830,2023-04-24,Electrodomesticos,Refrigerador,3,262977,55668
2715,265,2024-07-25,Vestuario,Chaqueta,3,427707,129657
2716,1176,2023-09-23,Electrodomesticos,Lavadora,3,140178,47141
2717,653,2023-08-09,Deportes,Raqueta,1,81228,30047
2718,1156,2024-11-09,Hogar,Lampara,4,432284,111011
2719,983,2024-10-19,Electrodomesticos,Microondas,2,98440,35336
2720,164,2023-05-30,Deportes,Balon,2,112382,38101
2721,937,2024-06-21,Hogar,Mesa,1,142119,35576
2722,26,2023-07-15,Deportes,Raqueta,1,139279,49317
2723,407,2023-07-30,Vestuario,Pantalon,1,39733,14812
2724,1332,2024-03-12,Hogar,Silla,3,136191,47121
2725,1061,2024-05-06,Vestuario,Chaqueta,2,228110,44871
2726,750,2024-03-10,Tecnologia,Tablet,2,240408,71820
2727,724,2023-10-22,Tecnologia,Smartphone,3,115635,28936
2728,830,2024-05-16,Vestuario,Polera,3,157944,53355
2729,603,2023-03-11,Vestuario,Zapatillas,1,102609,34147
2730,1181,2023-01-14,Electrodomesticos,Refrigerador,1,23257,4449
2731,518,2024-01-27,Electrodomesticos,Lavadora,2,192092,58890
2732,285,2023-03-08,Hogar,Lampara,1,139435,49421
2733,851,2024-04-27,Electrodomesticos,Aspiradora,1,72090,25609
2734,834,2024-06-20,Vestuario,Zapatillas,1,32855,6914
2735,1274,2023-02-04,Deportes,Balon,1,59690,20192
2736,142,2024-12-01,Deportes,Bicicleta,1,86074,25534
2737,472,2023-02-03,Vestuario,Chaqueta,2,168120,36959
2738,1026,2023-03-27,Electrodomesticos,Aspiradora,1,107144,25280
2739,41,2023-04-03,Electrodomesticos,Refrigerador,3,376641,140409
2740,1204,2023-10-11,Tecnologia,Tablet,1,66296,15237
2741,297,2023-02-15,Tecnologia,Notebook,3,245640,59724
2742,1046,2023-07-06,Hogar,Silla,3,385410,102446
2743,956,2023-10-06,Vestuario,Chaqueta,1,66589,24893
2744,1062,2024-04-08,Tecnologia,Notebook,1,71179,17334
2745,671,2024-01-06,Vestuario,Chaqueta,1,102580,29756
2746,967,2023-07-03,Vestuario,Polera,2,209602,48113
2747,705,2023-07-07,Tecnologia,Tablet,5,287060,103589
2748,1342,2024-05-16,Vestuario,Pantalon,1,96778,20061
2749,64,2023-05-16,Deportes,Pesas,4,259300,89598
2750,268,2024-09-10,Hogar,Silla,3,197127,57195
2751,499,2023-12-17,Vestuario,Polera,1,123213,41119
2752,1328,2024-12-15,Hogar,Sofa,1,5000,1445
2753,697,2024-06-06,Electrodomesticos,Aspiradora,2,226832,41896
2754,922,2023-04-08,Electrodomesticos,Aspiradora,1,67348,15282
2755,1224,2024-11-22,Electrodomesticos,Refrigerador,1,49307,14221
2756,1396,2024-01-29,Deportes,Bicicleta,1,95082,20833
2757,1265,2024-04-15,Deportes,Bicicleta,4,105364,20104
2758,127,2023-11-08,Vestuario,Polera,1,95752,27702
2759,838,2023-02-19,Tecnologia,Tablet,1,116767,34247
2760,1171,2024-07-23,Electrodomesticos,Lavadora,1,109813,32497
2761,430,2023-09-13,Vestuario,Zapatillas,3,182487,52143
2762,533,2024-06-19,Vestuario,Polera,1,161472,58462
2763,400,2024-06-18,Hogar,Silla,1,135640,29410
2764,294,2024-02-03,Electrodomesticos,Microondas,1,65624,22338
2765,585,2023-03-07,Tecnologia,Tablet,5,392250,72397
2766,1270,2023-09-26,Tecnologia,Notebook,3,334674,70526
2767,374,2023-10-07,Deportes,Raqueta,1,78822,28476
2768,1208,2024-05-09,Vestuario,Polera,3,458058,98814
2769,102,2023-11-17,Deportes,Balon,3,368760,111499
2770,558,2023-04-15,Vestuario,Chaqueta,3,297669,55590
2771,150,2023-03-25,Vestuario,Pantalon,4,300484,90950
2772,1252,2023-12-14,Electrodomesticos,Aspiradora,2,304462,69602
2773,909,2024-06-06,Deportes,Pesas,4,318884,85228
2774,235,2024-08-10,Vestuario,Zapatillas,1,59015,19396
2775,426,2024-07-06,Tecnologia,Tablet,6,503136,140339
2776,676,2023-01-08,Electrodomesticos,Microondas,2,108566,29396
2777,476,2024-07-16,Vestuario,Pantalon,1,81436,25405
2778,284,2024-06-10,Vestuario,Pantalon,1,53829,12669
2779,301,2023-05-04,Vestuario,Zapatillas,1,61805,21349
2780,1138,2024-06-19,Hogar,Silla,1,97236,24079
2781,686,2024-05-12,Tecnologia,Smartphone,2,30338,6100
2782,1392,2023-02-17,Deportes,Raqueta,1,34852,8191
2783,461,2023-09-11,Tecnologia,Smartphone,3,303495,59720
2784,388,2024-03-18,Tecnologia,Notebook,2,273648,100858
2785,93,2024-12-01,Hogar,Sofa,2,259868,63547
2786,1373,2023-07-03,Hogar,Mesa,5,315905,58511
2787,1098,2024-08-20,Hogar,Sofa,1,85975,30779
2788,480,2023-05-04,Electrodomesticos,Lavadora,4,276584,56725
2789,959,2023-11-28,Electrodomesticos,Aspiradora,3,159867,45616
2790,206,2024-02-02,Tecnologia,Tablet,4,477652,165898
2791,1365,2024-06-27,Hogar,Sofa,1,86392,16398
2792,362,2023-12-30,Deportes,Bicicleta,1,41185,7836
2793,637,2023-02-10,Electrodomesticos,Microondas,2,125716,26628
2794,862,2024-02-11,Electrodomesticos,Lavadora,1,57831,16920
2795,4,2023-02-21,Electrodomesticos,Aspiradora,4,460776,109873
2796,393,2024-03-12,Tecnologia,Notebook,3,392613,89036
2797,511,2023-09-08,Vestuario,Polera,2,153028,39062
2798,1063,2023-12-28,Electrodomesticos,Aspiradora,2,170266,55637
2799,667,2024-01-21,Deportes,Pesas,4,140060,34871
2800,1425,2024-05-10,Tecnologia,Smartphone,3,471336,177149
2801,371,2023-01-29,Deportes,Pesas,3,296385,96413
2802,512,2023-09-06,Deportes,Pesas,1,77442,14502
2803,1086,2024-03-01,Electrodomesticos,Aspiradora,1,76424,25535
2804,1128,2023-08-19,Deportes,Bicicleta,1,73197,19048
2805,530,2023-08-01,Electrodomesticos,Lavadora,1,59230,20669
2806,176,2024-03-28,Hogar,Lampara,1,63962,13105
2807,572,2023-07-23,Electrodomesticos,Aspiradora,2,136064,39201
2808,127,2024-04-03,Hogar,Mesa,2,72904,17985
2809,1455,2023-06-04,Vestuario,Chaqueta,1,125410,32593
2810,554,2023-06-09,Deportes,Pesas,2,237076,79195
2811,376,2024-11-01,Electrodomesticos,Microondas,2,32892,6158
2812,640,2023-07-23,Tecnologia,Notebook,2,286156,95126
2813,1293,2024-05-28,Tecnologia,Notebook,1,17481,4599
2814,1369,2023-03-07,Deportes,Balon,2,185052,50757
2815,387,2023-03-14,Tecnologia,Smartphone,1,78463,22611
2816,1402,2023-07-30,Electrodomesticos,Refrigerador,3,201261,43846
2817,1106,2023-02-12,Hogar,Lampara,1,84053,29439
2818,1459,2023-07-03,Tecnologia,Tablet,3,147774,44072
2819,1344,2024-07-20,Hogar,Sofa,2,98306,36857
2820,155,2023-11-04,Hogar,Mesa,1,34572,8118
2821,417,2023-01-20,Electrodomesticos,Lavadora,1,124969,26099
2822,675,2023-06-04,Hogar,Mesa,2,156340,30371
2823,295,2024-09-18,Tecnologia,Notebook,3,187017,69912
2824,1458,2024-08-12,Tecnologia,Tablet,1,27772,7709
2825,184,2023-01-06,Electrodomesticos,Refrigerador,1,89703,19423
2826,270,2023-03-13,Electrodomesticos,Microondas,3,232017,48342
2827,968,2024-11-13,Hogar,Sofa,2,211090,52904
2828,372,2024-04-29,Hogar,Mesa,1,70553,13147
2829,1318,2023-06-24,Vestuario,Zapatillas,1,173656,49792
2830,914,2024-06-22,Hogar,Sofa,2,164574,60253
2831,1369,2023-08-02,Deportes,Raqueta,3,205215,49561
2832,273,2023-05-06,Electrodomesticos,Lavadora,4,413332,93004
2833,37,2024-01-18,Vestuario,Chaqueta,1,45402,8443
2834,249,2024-03-11,Electrodomesticos,Microondas,1,33733,8541
2835,1338,2024-03-12,Vestuario,Pantalon,1,90864,30554
2836,731,2024-11-25,Vestuario,Pantalon,5,1180090,244663
2837,216,2024-03-06,Hogar,Lampara,2,92804,33089
2838,1262,2023-04-24,Vestuario,Pantalon,6,514380,130632
2839,878,2024-08-22,Electrodomesticos,Lavadora,2,206242,54357
2840,1322,2024-12-24,Tecnologia,Monitor,2,195114,47097
2841,213,2024-08-13,Electrodomesticos,Microondas,3,458943,153334
2842,493,2023-07-21,Vestuario,Chaqueta,3,142620,42508
2843,873,2023-02-28,Vestuario,Chaqueta,2,69086,17420
2844,598,2023-02-23,Vestuario,Pantalon,3,262509,92158
2845,491,2024-10-07,Deportes,Balon,3,333000,125919
2846,543,2024-12-20,Electrodomesticos,Microondas,1,111135,25374
2847,825,2023-05-29,Tecnologia,Tablet,2,201840,40572
2848,1248,2023-11-11,Deportes,Raqueta,1,71798,21654
2849,573,2024-04-26,Tecnologia,Smartphone,2,292098,53502
2850,1199,2023-08-30,Vestuario,Pantalon,2,129926,28292
2851,971,2024-06-04,Vestuario,Chaqueta,3,415692,154957
2852,79,2023-04-25,Electrodomesticos,Lavadora,2,178938,53901
2853,734,2024-07-08,Tecnologia,Smartphone,2,103830,33562
2854,690,2024-10-19,Hogar,Silla,2,165742,42517
2855,1176,2023-05-18,Vestuario,Pantalon,4,76036,20848
2856,1109,2024-11-19,Hogar,Lampara,3,386304,90690
2857,140,2024-10-11,Deportes,Pesas,1,94393,34266
2858,467,2023-10-13,Hogar,Sofa,2,226094,41076
2859,45,2024-08-22,Deportes,Pesas,2,251096,64461
2860,832,2023-07-09,Vestuario,Chaqueta,6,818742,238801
2861,1095,2023-01-11,Electrodomesticos,Refrigerador,1,10151,2465
2862,431,2024-04-09,Vestuario,Chaqueta,1,97706,24134
2863,17,2024-12-01,Hogar,Silla,4,401512,103515
2864,1389,2024-04-12,Deportes,Pesas,2,135388,30995
2865,647,2023-05-28,Electrodomesticos,Lavadora,2,283672,84963
2866,1042,2024-02-01,Hogar,Sofa,2,168296,31247
2867,342,2024-03-08,Hogar,Mesa,2,204362,74764
2868,162,2024-03-26,Vestuario,Chaqueta,3,363309,121682
2869,1361,2023-01-16,Vestuario,Chaqueta,1,129418,35618
2870,560,2023-10-12,Vestuario,Zapatillas,1,78673,14837
2871,1121,2023-11-25,Vestuario,Zapatillas,1,127060,40621
2872,173,2023-06-23,Tecnologia,Notebook,3,408204,82951
2873,442,2023-04-15,Deportes,Balon,1,106970,20788
2874,214,2023-05-16,Hogar,Sofa,1,109933,39763
2875,370,2024-06-22,Hogar,Silla,1,36635,12984
2876,1295,2023-04-09,Electrodomesticos,Lavadora,1,91129,33360
2877,1323,2024-03-31,Tecnologia,Monitor,3,236451,77341
2878,697,2024-12-20,Deportes,Raqueta,2,28296,5316
2879,1256,2023-04-03,Electrodomesticos,Microondas,1,69686,14124
2880,556,2024-06-19,Hogar,Lampara,1,10731,3413
2881,803,2024-01-12,Vestuario,Polera,1,83247,20468
2882,1167,2023-04-05,Hogar,Sofa,1,66226,23947
2883,1289,2024-08-31,Electrodomesticos,Microondas,1,178585,39416
2884,134,2024-09-03,Hogar,Sofa,5,895215,192857
2885,198,2023-04-12,Deportes,Raqueta,1,107613,23639
2886,581,2024-07-09,Tecnologia,Tablet,2,339184,74240
2887,588,2024-06-08,Electrodomesticos,Refrigerador,2,167610,55028
2888,980,2024-01-21,Vestuario,Polera,1,19640,6013
2889,927,2024-06-13,Electrodomesticos,Lavadora,2,217994,45501
2890,1052,2023-12-14,Vestuario,Pantalon,2,105812,35954
2891,277,2023-04-16,Deportes,Bicicleta,1,113838,42848
2892,818,2024-11-29,Deportes,Raqueta,1,106823,22472
2893,277,2024-02-05,Vestuario,Zapatillas,1,75709,25798
2894,1053,2024-01-30,Tecnologia,Notebook,2,143580,26343
2895,1475,2024-08-14,Deportes,Balon,3,83289,15942
2896,833,2024-05-25,Tecnologia,Smartphone,1,8162,3062
2897,978,2023-06-18,Hogar,Sofa,1,103391,30484
2898,468,2024-10-04,Electrodomesticos,Refrigerador,2,160828,48539
2899,1216,2024-05-22,Tecnologia,Notebook,3,390786,123484
2900,482,2023-07-31,Electrodomesticos,Aspiradora,3,195768,71554
2901,117,2023-10-28,Vestuario,Zapatillas,1,95091,30475
2902,104,2024-04-30,Deportes,Raqueta,1,73315,24481
2903,1110,2023-02-20,Tecnologia,Notebook,2,217742,74465
2904,912,2023-04-06,Electrodomesticos,Lavadora,2,306846,94348
2905,112,2023-07-28,Hogar,Lampara,5,516225,175664
2906,210,2024-02-20,Deportes,Raqueta,1,158686,51952
2907,495,2023-06-07,Tecnologia,Smartphone,4,181788,66396
2908,229,2023-04-10,Hogar,Sofa,1,54155,13851
2909,1029,2024-09-29,Deportes,Balon,3,321690,75671
2910,981,2024-07-21,Tecnologia,Smartphone,1,97010,24812
2911,471,2023-10-20,Vestuario,Polera,2,428076,161789
2912,420,2024-01-01,Electrodomesticos,Microondas,1,86976,19559
2913,112,2024-11-02,Tecnologia,Tablet,6,610200,199627
2914,935,2023-11-04,Hogar,Lampara,5,446445,97975
2915,1371,2024-09-26,Hogar,Lampara,4,448876,115889
2916,196,2024-12-25,Tecnologia,Monitor,5,201590,41272
2917,1476,2023-05-23,Deportes,Bicicleta,2,84508,31646
2918,1310,2024-04-16,Deportes,Pesas,3,192384,73066
2919,421,2024-03-14,Tecnologia,Notebook,1,157437,36260
2920,1200,2024-04-30,Deportes,Balon,2,406052,149024
2921,1336,2023-08-03,Electrodomesticos,Microondas,2,262870,60650
2922,281,2024-09-02,Hogar,Lampara,3,297978,104857
2923,710,2023-12-05,Tecnologia,Monitor,3,269343,90576
2924,303,2024-08-09,Hogar,Lampara,3,155223,52625
2925,465,2024-08-11,Tecnologia,Smartphone,2,214458,42788
2926,340,2023-12-17,Electrodomesticos,Aspiradora,2,81994,18213
2927,1492,2023-06-11,Tecnologia,Tablet,2,94726,24989
2928,423,2023-11-29,Hogar,Silla,3,299382,110380
2929,1180,2023-09-15,Electrodomesticos,Aspiradora,2,135366,39252
2930,1341,2024-01-15,Tecnologia,Smartphone,1,35236,9517
2931,509,2023-08-28,Electrodomesticos,Aspiradora,2,83572,23156
2932,1390,2023-08-23,Hogar,Mesa,1,75823,18764
2933,1029,2024-02-06,Electrodomesticos,Microondas,1,107227,33413
2934,239,2024-05-08,Electrodomesticos,Refrigerador,1,111354,36773
2935,21,2024-09-24,Electrodomesticos,Aspiradora,1,108841,22330
2936,900,2024-02-07,Electrodomesticos,Lavadora,2,45926,11129
2937,765,2024-04-02,Vestuario,Polera,4,473696,119868
2938,910,2024-04-01,Deportes,Bicicleta,3,223494,61254
2939,791,2024-03-18,Electrodomesticos,Aspiradora,3,185370,64713
2940,1273,2023-02-23,Electrodomesticos,Microondas,3,232263,75181
2941,265,2024-03-19,Vestuario,Chaqueta,2,260194,48528
2942,1359,2023-09-03,Vestuario,Polera,1,135494,29714
2943,1326,2024-11-16,Vestuario,Chaqueta,1,112490,30432
2944,1259,2023-11-15,Tecnologia,Smartphone,1,52647,16368
2945,1357,2024-05-04,Vestuario,Pantalon,4,395732,96513
2946,1370,2023-05-10,Vestuario,Polera,1,88550,29443
2947,710,2023-06-22,Hogar,Sofa,1,50708,10289
2948,840,2023-04-24,Tecnologia,Tablet,3,250566,69033
2949,39,2024-03-13,Electrodomesticos,Refrigerador,1,112233,22104
2950,1353,2023-04-07,Tecnologia,Monitor,1,70371,15572
2951,511,2023-04-08,Electrodomesticos,Aspiradora,1,68828,17766
2952,711,2024-01-10,Tecnologia,Monitor,2,183574,35864
2953,278,2023-06-07,Vestuario,Chaqueta,1,82783,20720
2954,159,2023-09-12,Deportes,Raqueta,3,161253,57237
2955,820,2024-05-25,Tecnologia,Notebook,1,81390,21921
2956,824,2023-10-24,Hogar,Sofa,2,227152,77705
2957,1143,2023-06-06,Tecnologia,Tablet,1,123850,25303
2958,260,2024-04-26,Hogar,Mesa,2,156004,57970
2959,352,2023-08-21,Hogar,Mesa,1,69909,18647
2960,684,2023-03-04,Electrodomesticos,Aspiradora,1,51585,13056
2961,156,2024-07-23,Deportes,Balon,1,20093,4516
2962,1092,2023-02-08,Hogar,Silla,3,476733,130254
2963,854,2024-12-08,Vestuario,Zapatillas,2,225808,67850
2964,221,2024-09-05,Hogar,Silla,3,256998,56489
2965,785,2023-09-16,Deportes,Raqueta,1,50604,14093
2966,504,2024-05-19,Electrodomesticos,Refrigerador,1,107068,28415
2967,542,2023-01-26,Electrodomesticos,Microondas,8,655368,216550
2968,75,2024-12-20,Vestuario,Pantalon,1,76905,16083
2969,12,2024-09-21,Vestuario,Pantalon,2,104520,24859
2970,1168,2024-10-19,Hogar,Sofa,2,211266,70903
2971,946,2024-10-02,Vestuario,Pantalon,1,81330,26165
2972,1409,2024-03-31,Electrodomesticos,Microondas,1,98521,21728
2973,366,2024-09-20,Electrodomesticos,Lavadora,1,104123,25598
2974,359,2024-08-27,Vestuario,Zapatillas,3,295329,83344
2975,275,2023-11-20,Electrodomesticos,Aspiradora,1,84714,16793
2976,1098,2024-05-06,Vestuario,Polera,2,222164,44459
2977,1397,2023-03-14,Hogar,Lampara,1,64888,23929
2978,813,2024-04-08,Vestuario,Pantalon,2,222726,63995
2979,1402,2024-10-05,Vestuario,Zapatillas,1,108676,32868
2980,1321,2024-11-27,Hogar,Sofa,2,95916,23041
2981,991,2023-08-03,Deportes,Pesas,1,112801,24416
2982,213,2024-12-31,Hogar,Silla,1,100992,20198
2983,291,2023-07-03,Deportes,Bicicleta,1,5000,1541
2984,170,2023-11-18,Vestuario,Zapatillas,3,158979,52241
2985,749,2024-02-28,Electrodomesticos,Aspiradora,2,225674,85168
2986,75,2023-07-27,Vestuario,Polera,2,208878,43877
2987,1490,2023-11-14,Vestuario,Zapatillas,3,289263,102546
2988,1476,2023-05-15,Vestuario,Zapatillas,1,74291,21317
2989,171,2023-12-05,Hogar,Lampara,2,295740,85403
2990,88,2023-12-21,Vestuario,Polera,2,84660,24038
2991,935,2023-02-11,Tecnologia,Smartphone,2,271576,86837
2992,758,2023-10-21,Vestuario,Zapatillas,5,958990,173240
2993,664,2023-10-31,Deportes,Pesas,2,109080,35625
2994,907,2024-03-23,Deportes,Raqueta,2,184508,47600
2995,896,2023-10-20,Tecnologia,Notebook,3,339630,67826
2996,631,2024-07-02,Electrodomesticos,Lavadora,3,312756,57323
2997,1132,2023-02-27,Vestuario,Polera,3,124020,31106
2998,1336,2024-02-01,Electrodomesticos,Refrigerador,1,53749,16112
2999,811,2024-05-28,Electrodomesticos,Refrigerador,1,99902,22832
3000,778,2024-11-06,Tecnologia,Tablet,1,42408,13726
3001,692,2023-09-28,Hogar,Mesa,2,131718,42976
3002,867,2024-02-03,Tecnologia,Smartphone,1,171591,60132
3003,360,2023-10-03,Deportes,Balon,2,156248,59257
3004,721,2024-07-08,Electrodomesticos,Lavadora,1,111580,20544
3005,435,2024-04-20,Vestuario,Polera,3,203145,41140
3006,1083,2023-06-11,Hogar,Lampara,1,108827,30343
3007,113,2023-08-26,Deportes,Bicicleta,4,520944,149364
3008,222,2024-06-29,Tecnologia,Smartphone,4,166492,57687
3009,1395,2023-11-28,Tecnologia,Smartphone,2,239190,62976
3010,350,2024-01-06,Tecnologia,Notebook,1,122910,37928
3011,885,2024-08-30,Deportes,Bicicleta,1,123266,23359
3012,91,2024-02-29,Vestuario,Zapatillas,2,273848,63981
3013,116,2024-08-04,Vestuario,Chaqueta,1,131687,38673
3014,861,2024-01-05,Hogar,Lampara,6,460956,148027
3015,756,2023-02-26,Electrodomesticos,Microondas,1,69481,20137
3016,827,2024-01-12,Hogar,Silla,4,475244,158076
3017,173,2023-11-09,Hogar,Silla,2,208688,48561
3018,237,2024-03-31,Tecnologia,Notebook,1,107442,25530
3019,646,2023-07-26,Deportes,Raqueta,2,10410,3348
3020,1097,2024-10-16,Electrodomesticos,Aspiradora,2,152418,48257
3021,1220,2024-09-13,Deportes,Balon,1,77882,21173
3022,390,2024-09-22,Tecnologia,Smartphone,1,109330,29249
3023,1029,2024-03-06,Vestuario,Chaqueta,6,483468,109860
3024,433,2024-04-22,Deportes,Raqueta,2,48026,12496
3025,62,2023-03-27,Vestuario,Polera,1,119957,29824
3026,688,2023-01-16,Vestuario,Polera,1,14707,3516
3027,843,2023-01-19,Tecnologia,Smartphone,1,61236,23194
3028,598,2023-03-14,Hogar,Mesa,2,177970,44040
3029,490,2024-08-11,Hogar,Silla,2,193656,45195
3030,718,2023-01-26,Tecnologia,Smartphone,4,267468,85947
3031,1263,2024-10-26,Deportes,Pesas,3,376794,126673
3032,536,2023-02-03,Tecnologia,Tablet,1,95714,35149
3033,181,2024-08-11,Hogar,Mesa,4,386656,100335
3034,219,2023-12-25,Electrodomesticos,Aspiradora,4,457316,138955
3035,49,2023-09-15,Vestuario,Chaqueta,1,124957,42451
3036,1047,2023-09-16,Electrodomesticos,Aspiradora,2,168328,53793
3037,1023,2024-01-29,Tecnologia,Monitor,3,333318,109613
3038,817,2023-11-10,Electrodomesticos,Aspiradora,4,316472,119362
3039,1090,2023-12-19,Hogar,Silla,2,319684,75330
3040,1386,2023-05-13,Deportes,Bicicleta,2,115266,27911
3041,417,2023-10-09,Electrodomesticos,Lavadora,1,97718,18411
3042,503,2023-10-04,Tecnologia,Monitor,3,307035,62596
3043,991,2024-11-07,Deportes,Pesas,1,135410,31576
3044,1177,2023-01-28,Tecnologia,Notebook,3,379647,112414
3045,1381,2023-07-13,Vestuario,Chaqueta,3,471165,176102
3046,434,2024-08-22,Hogar,Sofa,1,31424,6319
3047,780,2023-06-13,Hogar,Mesa,2,22288,6290
3048,347,2023-02-06,Deportes,Pesas,1,90958,18082
3049,1068,2024-11-22,Hogar,Mesa,1,61674,21141
3050,1367,2024-09-16,Vestuario,Chaqueta,3,179859,59715
3051,478,2024-08-15,Tecnologia,Smartphone,3,277323,80565
3052,345,2024-11-23,Deportes,Balon,3,257811,84205
3053,89,2024-10-14,Vestuario,Polera,1,67244,21673
3054,1059,2024-10-21,Deportes,Bicicleta,2,203888,43423
3055,314,2023-04-09,Vestuario,Zapatillas,1,124726,31841
3056,1391,2023-05-21,Vestuario,Chaqueta,1,145699,51647
3057,212,2023-11-19,Tecnologia,Monitor,1,62441,17330
3058,607,2024-09-18,Vestuario,Chaqueta,2,171604,51360
3059,1455,2023-01-21,Vestuario,Zapatillas,4,149328,33416
3060,1229,2023-01-18,Vestuario,Polera,4,200552,68810
3061,826,2023-06-22,Electrodomesticos,Refrigerador,2,96766,28423
3062,1470,2023-05-28,Deportes,Pesas,1,74012,15798
3063,1160,2024-01-19,Vestuario,Chaqueta,1,46462,10166
3064,114,2023-11-02,Deportes,Bicicleta,2,72258,21443
3065,369,2024-10-21,Deportes,Bicicleta,2,284362,60322
3066,74,2023-03-10,Hogar,Silla,2,336786,66761
3067,645,2024-07-24,Deportes,Raqueta,2,60426,11646
3068,238,2024-09-18,Vestuario,Zapatillas,2,217324,77842
3069,1227,2024-05-05,Tecnologia,Tablet,3,404781,81039
3070,588,2023-04-28,Tecnologia,Notebook,1,30899,6415
3071,766,2023-07-22,Deportes,Bicicleta,2,10000,2884
3072,549,2023-06-10,Deportes,Raqueta,1,76634,27000
3073,1432,2024-09-22,Electrodomesticos,Aspiradora,1,110404,39623
3074,1433,2024-05-06,Vestuario,Pantalon,2,10000,2639
3075,766,2023-10-23,Hogar,Sofa,1,77815,16535
3076,252,2024-10-26,Deportes,Raqueta,1,64918,24455
3077,330,2024-02-26,Vestuario,Zapatillas,1,135864,51056
3078,1453,2024-05-08,Deportes,Raqueta,4,478100,106814
3079,1199,2024-03-13,Hogar,Silla,1,109466,23064
3080,753,2023-09-03,Tecnologia,Tablet,1,120260,30947
3081,1447,2024-12-04,Vestuario,Pantalon,1,127854,25019
3082,1422,2023-05-04,Tecnologia,Smartphone,3,128553,37539
3083,948,2024-09-17,Electrodomesticos,Aspiradora,3,380973,87470
3084,485,2024-05-10,Tecnologia,Tablet,5,388340,136656
3085,744,2024-02-05,Vestuario,Polera,6,531120,159739
3086,963,2024-12-19,Vestuario,Zapatillas,3,312279,91842
3087,358,2024-10-10,Tecnologia,Tablet,3,156300,53139
3088,310,2023-01-18,Hogar,Sofa,3,130050,34918
3089,635,2024-04-24,Deportes,Raqueta,1,141192,39966
3090,781,2023-08-20,Tecnologia,Monitor,3,129450,42189
3091,1052,2024-02-18,Deportes,Raqueta,1,91156,19456
3092,1435,2023-01-22,Electrodomesticos,Refrigerador,5,293070,66837
3093,274,2023-05-08,Hogar,Lampara,1,121785,29004
3094,1094,2024-07-22,Tecnologia,Monitor,2,185736,54904
3095,507,2024-02-09,Deportes,Pesas,3,315198,109276
3096,472,2024-04-28,Tecnologia,Monitor,3,15000,4729
3097,857,2023-01-16,Hogar,Silla,1,63930,19654
3098,1173,2024-02-11,Vestuario,Chaqueta,1,174840,37956
3099,1056,2024-03-28,Vestuario,Chaqueta,1,81155,24910
3100,1466,2024-05-26,Tecnologia,Notebook,4,396804,107685
3101,88,2024-04-23,Vestuario,Zapatillas,1,98071,31128
3102,1476,2024-02-14,Tecnologia,Monitor,2,143594,30676
3103,496,2024-12-02,Vestuario,Zapatillas,3,133902,39582
3104,629,2024-04-23,Hogar,Silla,5,377495,126569
3105,1037,2023-04-23,Vestuario,Polera,2,120932,23304
3106,1287,2023-07-30,Vestuario,Zapatillas,1,74454,26949
3107,1355,2023-05-01,Tecnologia,Tablet,4,251720,86249
3108,720,2024-10-21,Hogar,Lampara,2,175002,48355
3109,1466,2023-12-02,Deportes,Balon,2,275232,55124
3110,587,2023-06-19,Tecnologia,Tablet,1,134961,46663
3111,1163,2023-11-10,Tecnologia,Smartphone,1,67290,17053
3112,1179,2023-06-24,Vestuario,Chaqueta,7,822969,237291
3113,107,2023-09-03,Vestuario,Chaqueta,1,109717,27345
3114,1000,2024-06-22,Hogar,Mesa,1,89470,25844
3115,1130,2023-11-10,Vestuario,Pantalon,1,114341,25689
3116,1025,2024-08-30,Hogar,Sofa,2,121040,34142
3117,377,2024-11-01,Deportes,Bicicleta,4,517312,196144
3118,839,2024-11-01,Electrodomesticos,Lavadora,2,271196,54294
3119,234,2023-10-21,Hogar,Mesa,3,292329,57558
3120,151,2024-04-08,Vestuario,Chaqueta,3,354201,109490
3121,523,2023-09-19,Vestuario,Polera,3,356640,113203
3122,828,2024-04-23,Hogar,Mesa,1,121245,22239
3123,382,2024-10-10,Vestuario,Zapatillas,3,316662,105493
3124,548,2024-12-18,Deportes,Bicicleta,1,139245,48284
3125,23,2024-02-22,Vestuario,Pantalon,2,172210,51234
3126,1466,2023-09-01,Tecnologia,Notebook,3,205866,47600
3127,490,2024-10-23,Vestuario,Zapatillas,1,72821,18488
3128,1008,2024-09-03,Tecnologia,Monitor,1,102291,22290
3129,827,2024-11-25,Hogar,Mesa,1,85566,23839
3130,547,2023-09-10,Deportes,Bicicleta,1,5000,1835
3131,1414,2024-08-04,Tecnologia,Notebook,4,344796,65114
3132,619,2024-08-21,Hogar,Mesa,1,88030,33079
3133,1192,2024-09-16,Vestuario,Zapatillas,4,627464,205357
3134,931,2024-02-04,Electrodomesticos,Lavadora,2,248110,65840
3135,452,2024-01-02,Tecnologia,Smartphone,1,108259,38403
3136,542,2024-05-14,Vestuario,Polera,1,120673,40132
3137,1044,2024-02-20,Deportes,Raqueta,1,45491,11131
3138,274,2024-02-04,Electrodomesticos,Aspiradora,2,269076,100285
3139,298,2023-06-18,Tecnologia,Notebook,3,356532,71567
3140,1274,2023-03-06,Electrodomesticos,Aspiradora,2,125030,41670
3141,887,2024-02-11,Tecnologia,Notebook,2,193494,50308
3142,155,2024-01-14,Vestuario,Chaqueta,1,102454,24563
3143,445,2024-02-28,Deportes,Bicicleta,1,73097,23407
3144,93,2023-01-12,Electrodomesticos,Microondas,1,60054,14629
3145,469,2023-11-10,Tecnologia,Monitor,3,108894,25581
3146,130,2024-07-12,Hogar,Silla,1,5000,1352
3147,878,2023-05-17,Hogar,Lampara,2,190394,45697
3148,1246,2024-01-11,Tecnologia,Smartphone,1,60282,18442
3149,758,2023-08-05,Electrodomesticos,Lavadora,2,84230,22573
3150,844,2023-11-26,Deportes,Pesas,1,151357,33949
3151,716,2024-11-03,Electrodomesticos,Microondas,1,85460,30302
3152,104,2024-12-21,Vestuario,Polera,2,200092,42799
3153,469,2023-04-11,Hogar,Lampara,1,122436,22495
3154,243,2023-12-08,Tecnologia,Monitor,1,53595,12087
3155,163,2024-05-27,Vestuario,Pantalon,2,225888,52716
3156,762,2024-05-10,Vestuario,Chaqueta,3,314949,91765
3157,263,2023-09-03,Hogar,Lampara,1,75974,13937
3158,517,2024-05-07,Electrodomesticos,Microondas,3,353556,96005
3159,49,2023-09-15,Electrodomesticos,Lavadora,3,64458,23477
3160,797,2023-01-18,Tecnologia,Smartphone,3,15000,3059
3161,387,2023-12-01,Hogar,Lampara,4,320136,109241
3162,854,2024-12-01,Electrodomesticos,Lavadora,1,143855,54169
3163,1012,2024-01-20,Hogar,Lampara,3,525780,113146
3164,1337,2023-10-22,Deportes,Raqueta,3,372255,82546
3165,1445,2024-01-07,Electrodomesticos,Aspiradora,2,185460,59154
3166,523,2023-09-23,Electrodomesticos,Lavadora,5,508655,181670
3167,1377,2024-07-06,Hogar,Sofa,2,38272,12723
3168,760,2023-11-04,Deportes,Pesas,1,115526,28046
3169,698,2023-06-14,Hogar,Lampara,9,1045764,206916
3170,1237,2023-09-08,Electrodomesticos,Aspiradora,2,136986,48074
3171,886,2023-03-19,Deportes,Raqueta,5,409100,86223
3172,443,2023-04-06,Vestuario,Zapatillas,1,84127,19038
3173,1280,2024-10-05,Tecnologia,Notebook,2,320820,62492
3174,588,2024-02-11,Electrodomesticos,Aspiradora,3,282108,51846
3175,959,2024-03-12,Electrodomesticos,Lavadora,1,89467,30007
3176,89,2024-09-03,Hogar,Lampara,2,168252,56495
3177,1499,2024-05-27,Hogar,Mesa,1,136022,42656
3178,1225,2024-06-12,Deportes,Pesas,1,146026,45769
3179,381,2024-09-06,Deportes,Bicicleta,2,167756,60621
3180,1121,2023-06-12,Deportes,Bicicleta,3,134610,32832
3181,502,2024-02-08,Vestuario,Pantalon,3,442011,138559
3182,440,2023-07-11,Vestuario,Polera,1,92461,27868
3183,214,2024-01-20,Hogar,Mesa,2,157834,38972
3184,1247,2023-10-16,Vestuario,Polera,1,140773,48971
3185,692,2024-04-06,Vestuario,Chaqueta,2,318484,63211
3186,710,2023-10-03,Tecnologia,Tablet,2,272626,53288
3187,1359,2023-07-19,Electrodomesticos,Refrigerador,3,188313,44624
3188,1220,2023-09-14,Hogar,Silla,1,40692,14986
3189,1307,2023-07-13,Electrodomesticos,Lavadora,1,69665,23417
3190,1106,2023-12-07,Electrodomesticos,Lavadora,4,49976,16368
3191,228,2024-01-28,Vestuario,Zapatillas,1,54133,12241
3192,211,2023-04-03,Vestuario,Pantalon,1,35989,9120
3193,1169,2024-01-10,Electrodomesticos,Refrigerador,2,113222,28320
3194,385,2024-11-29,Deportes,Balon,2,122678,31592
3195,1422,2024-04-20,Deportes,Pesas,1,124957,46403
3196,1221,2024-11-23,Electrodomesticos,Aspiradora,2,66116,23791
3197,1478,2024-07-08,Tecnologia,Notebook,1,88297,21807
3198,716,2024-11-11,Tecnologia,Smartphone,2,310162,77093
3199,575,2024-08-28,Hogar,Sofa,5,228720,85081
3200,919,2023-04-29,Hogar,Lampara,4,483256,115406
3201,946,2024-01-19,Vestuario,Chaqueta,4,224448,49934
3202,721,2024-12-22,Hogar,Sofa,3,204735,54725
3203,1157,2024-04-14,Deportes,Raqueta,3,176979,60956
3204,856,2024-02-18,Electrodomesticos,Microondas,2,129746,38313
3205,1007,2024-01-20,Tecnologia,Smartphone,5,442525,142495
3206,620,2024-03-03,Hogar,Mesa,1,66398,14713
3207,535,2023-01-13,Tecnologia,Notebook,3,349125,85981
3208,1097,2023-07-16,Electrodomesticos,Refrigerador,1,73753,14274
3209,1276,2023-06-16,Electrodomesticos,Refrigerador,1,192126,72471
3210,939,2024-04-12,Tecnologia,Smartphone,2,134244,32921
3211,725,2023-07-31,Deportes,Bicicleta,4,262996,88629
3212,81,2024-04-18,Deportes,Pesas,2,200534,36159
3213,1043,2024-10-18,Deportes,Raqueta,1,71052,16284
3214,996,2024-10-01,Tecnologia,Notebook,1,36529,10913
3215,449,2024-08-22,Vestuario,Polera,1,87916,22279
3216,1380,2024-08-15,Electrodomesticos,Refrigerador,1,94381,20472
3217,431,2023-06-01,Electrodomesticos,Refrigerador,2,194830,42972
3218,398,2024-01-22,Hogar,Silla,2,114804,23643
3219,1339,2024-10-10,Hogar,Silla,2,213606,47037
3220,140,2023-08-17,Deportes,Raqueta,1,51712,14287
3221,210,2023-07-13,Hogar,Sofa,2,187844,36429
3222,167,2023-06-13,Tecnologia,Monitor,3,201900,66784
3223,965,2024-07-05,Electrodomesticos,Lavadora,2,263362,58220
3224,729,2024-04-29,Deportes,Raqueta,3,15000,5525
3225,1283,2023-12-07,Deportes,Bicicleta,3,15000,4141
3226,524,2023-02-19,Hogar,Lampara,1,100918,18737
3227,911,2023-02-17,Electrodomesticos,Microondas,3,539043,180772
3228,743,2024-02-27,Electrodomesticos,Lavadora,3,150408,55245
3229,538,2024-12-03,Hogar,Lampara,1,115619,24664
3230,1133,2024-07-23,Vestuario,Zapatillas,1,119824,42095
3231,946,2023-01-29,Electrodomesticos,Microondas,1,11617,4002
3232,786,2024-04-19,Hogar,Silla,4,614708,151882
3233,76,2024-01-15,Deportes,Pesas,1,64276,24375
3234,304,2024-06-11,Hogar,Mesa,1,80713,19426
3235,411,2023-02-06,Electrodomesticos,Lavadora,1,83352,22183
3236,798,2024-10-11,Hogar,Sofa,3,469131,141265
3237,737,2023-01-13,Deportes,Pesas,2,293096,62400
3238,317,2024-05-05,Deportes,Pesas,5,161760,44945
3239,920,2024-03-08,Vestuario,Zapatillas,3,338325,93271
3240,622,2023-04-19,Tecnologia,Smartphone,2,146190,28933
3241,1433,2023-01-25,Tecnologia,Smartphone,1,42638,14052
3242,1262,2024-07-04,Deportes,Raqueta,1,79635,27835
3243,1084,2024-12-17,Tecnologia,Notebook,4,207140,51960
3244,1233,2024-04-29,Electrodomesticos,Aspiradora,4,337736,93368
3245,1027,2024-08-02,Vestuario,Zapatillas,3,210858,67290
3246,412,2024-10-16,Electrodomesticos,Microondas,3,295734,81814
3247,737,2024-04-29,Electrodomesticos,Refrigerador,2,331828,81819
3248,1436,2024-04-03,Deportes,Balon,4,168000,46180
3249,1442,2024-10-24,Vestuario,Polera,2,139420,47363
3250,297,2024-01-06,Hogar,Silla,1,91404,26635
3251,1266,2024-12-05,Electrodomesticos,Microondas,3,263661,64879
3252,1486,2023-09-04,Tecnologia,Tablet,1,122377,31545
3253,1465,2023-08-07,Vestuario,Pantalon,3,369189,114149
3254,1478,2023-08-21,Hogar,Lampara,2,146468,42683
3255,1426,2023-04-12,Vestuario,Polera,4,268092,53450
3256,555,2023-06-13,Vestuario,Zapatillas,2,151628,44011
3257,1258,2023-07-13,Hogar,Lampara,4,276684,101413
3258,1449,2024-12-06,Vestuario,Pantalon,2,187858,68899
3259,731,2023-12-15,Tecnologia,Monitor,1,124592,37259
3260,450,2024-12-06,Electrodomesticos,Refrigerador,4,343484,70331
3261,646,2024-11-11,Tecnologia,Notebook,2,215062,49527
3262,1146,2023-03-17,Deportes,Bicicleta,1,5000,1784
3263,1123,2023-01-02,Hogar,Silla,1,59281,21330
3264,427,2023-12-29,Vestuario,Pantalon,2,127348,41530
3265,940,2024-04-30,Hogar,Lampara,1,124931,42547
3266,941,2024-09-01,Tecnologia,Smartphone,5,826305,195187
3267,737,2023-05-05,Deportes,Balon,3,320196,90383
3268,339,2023-07-21,Tecnologia,Tablet,2,72796,20172
3269,5,2023-10-21,Vestuario,Polera,5,788720,250844
3270,631,2023-02-18,Deportes,Bicicleta,1,28373,10747
3271,1318,2024-06-22,Tecnologia,Monitor,1,56001,15074
3272,969,2023-07-02,Deportes,Bicicleta,1,77801,26863
3273,5,2024-09-22,Deportes,Bicicleta,3,464154,145002
3274,887,2023-06-14,Electrodomesticos,Microondas,1,93864,22653
3275,15,2024-12-28,Vestuario,Polera,2,224652,58590
3276,778,2023-11-07,Electrodomesticos,Refrigerador,3,227664,80573
3277,748,2023-07-13,Vestuario,Chaqueta,4,502424,100541
3278,152,2024-04-13,Hogar,Sofa,1,116285,36796
3279,753,2023-02-10,Electrodomesticos,Lavadora,1,45897,8998
3280,1222,2023-09-08,Vestuario,Pantalon,1,54971,13658
3281,1444,2024-01-23,Electrodomesticos,Lavadora,5,94855,31664
3282,264,2024-04-24,Electrodomesticos,Refrigerador,1,57362,13847
3283,308,2024-03-06,Vestuario,Zapatillas,1,126793,27552
3284,767,2023-07-31,Vestuario,Polera,2,226490,48045
3285,1411,2023-03-03,Tecnologia,Notebook,7,789950,238553
3286,947,2023-08-01,Hogar,Lampara,4,551136,183163
3287,1232,2023-09-21,Hogar,Mesa,3,549375,130413
3288,330,2024-03-28,Hogar,Lampara,1,93849,26902
3289,1267,2024-08-07,Electrodomesticos,Refrigerador,2,245538,74962
3290,1290,2023-10-29,Electrodomesticos,Microondas,2,92730,24359
3291,423,2024-12-17,Tecnologia,Smartphone,1,150815,31699
3292,110,2023-10-09,Electrodomesticos,Lavadora,2,233174,46544
3293,1197,2023-05-20,Tecnologia,Monitor,1,87153,18247
3294,218,2023-02-01,Electrodomesticos,Aspiradora,6,254436,73885
3295,305,2024-11-15,Tecnologia,Notebook,4,434036,161615
3296,90,2024-12-05,Deportes,Balon,1,146299,32492
3297,708,2024-09-04,Vestuario,Chaqueta,1,120093,37131
3298,362,2024-03-14,Tecnologia,Monitor,1,79619,26198
3299,236,2023-04-18,Vestuario,Pantalon,1,60630,13732
3300,727,2023-01-24,Hogar,Mesa,4,409096,85093
3301,426,2024-08-31,Deportes,Raqueta,1,77610,28319
3302,1245,2024-01-22,Electrodomesticos,Aspiradora,4,463080,147618
3303,417,2023-12-04,Electrodomesticos,Microondas,3,331515,82842
3304,1035,2024-12-05,Hogar,Sofa,2,255694,60461
3305,296,2023-03-17,Electrodomesticos,Microondas,1,113876,42860
3306,286,2023-05-18,Electrodomesticos,Microondas,1,102303,32483
3307,417,2024-06-14,Hogar,Mesa,3,15000,4176
3308,629,2024-06-22,Vestuario,Zapatillas,2,186210,46353
3309,632,2024-09-08,Electrodomesticos,Aspiradora,3,425055,140830
3310,1284,2023-04-08,Vestuario,Polera,1,81411,19256
3311,185,2024-06-15,Electrodomesticos,Microondas,4,429544,161826
3312,111,2024-05-18,Hogar,Silla,1,152022,31228
3313,330,2024-11-16,Hogar,Sofa,1,60548,19593
3314,240,2024-09-01,Electrodomesticos,Refrigerador,2,130622,26910
3315,607,2024-08-08,Tecnologia,Monitor,4,401560,107582
3316,820,2023-10-27,Vestuario,Polera,5,200485,38232
3317,138,2023-08-30,Tecnologia,Notebook,1,80435,23558
3318,229,2023-11-28,Deportes,Bicicleta,2,60628,17373
3319,760,2024-10-31,Vestuario,Zapatillas,1,114590,32458
3320,820,2024-03-11,Tecnologia,Smartphone,2,189172,69020
3321,1420,2024-01-06,Tecnologia,Monitor,3,234351,44456
3322,1018,2024-08-12,Electrodomesticos,Microondas,1,27199,6735
3323,336,2024-07-20,Hogar,Sofa,1,73329,25967
3324,1233,2023-10-22,Deportes,Raqueta,1,113500,34175
3325,1274,2024-09-09,Deportes,Raqueta,1,128644,46266
3326,559,2023-03-01,Electrodomesticos,Lavadora,4,318752,91144
3327,587,2024-05-20,Tecnologia,Monitor,2,83776,15998
3328,714,2024-06-02,Tecnologia,Monitor,3,309741,57033
3329,675,2023-06-14,Deportes,Raqueta,2,151388,31589
3330,147,2024-10-09,Deportes,Bicicleta,1,35224,7701
3331,587,2023-12-03,Deportes,Balon,5,633230,216970
3332,938,2023-10-27,Hogar,Sofa,4,345796,72584
3333,385,2024-11-23,Tecnologia,Tablet,1,67557,22409
3334,633,2023-07-06,Electrodomesticos,Microondas,3,503568,149511
3335,1134,2023-09-02,Vestuario,Zapatillas,2,102904,36584
3336,741,2024-03-27,Electrodomesticos,Refrigerador,1,77969,14191
3337,1327,2024-01-06,Electrodomesticos,Refrigerador,2,32800,11108
3338,80,2023-11-04,Deportes,Pesas,3,201312,46561
3339,1094,2023-08-08,Tecnologia,Monitor,6,622272,148777
3340,486,2024-03-20,Electrodomesticos,Microondas,3,238542,90612
3341,1424,2023-06-04,Vestuario,Chaqueta,2,358370,130286
3342,52,2024-07-06,Deportes,Balon,1,101856,20796
3343,780,2023-04-27,Tecnologia,Monitor,2,347028,74329
3344,1382,2023-04-29,Hogar,Sofa,2,108602,40721
3345,998,2023-08-04,Vestuario,Pantalon,5,466185,150595
3346,1076,2023-09-30,Electrodomesticos,Lavadora,3,256419,59052
3347,1005,2023-06-23,Vestuario,Pantalon,1,83879,26954
3348,901,2024-12-11,Vestuario,Zapatillas,1,16424,4176
3349,499,2024-05-18,Deportes,Raqueta,2,268882,48605
3350,195,2024-01-22,Deportes,Pesas,4,485572,135020
3351,1275,2024-10-31,Hogar,Mesa,2,64346,14740
3352,580,2023-02-06,Deportes,Pesas,2,200012,54850
3353,486,2024-02-07,Electrodomesticos,Microondas,2,227270,61496
3354,1205,2024-05-01,Vestuario,Zapatillas,1,126060,28152
3355,1295,2023-10-01,Vestuario,Polera,2,232124,69691
3356,914,2023-10-25,Deportes,Raqueta,2,247494,67388
3357,514,2024-06-19,Deportes,Pesas,1,112013,26148
3358,162,2024-02-22,Vestuario,Chaqueta,4,604312,199830
3359,822,2023-09-10,Vestuario,Chaqueta,2,261200,66955
3360,1126,2024-06-02,Hogar,Silla,3,269712,67586
3361,367,2024-02-03,Electrodomesticos,Microondas,3,184989,53587
3362,1184,2023-07-12,Electrodomesticos,Lavadora,3,313356,92364
3363,479,2023-01-16,Electrodomesticos,Microondas,1,31037,9929
3364,1427,2023-08-02,Hogar,Silla,1,71074,26683
3365,1120,2024-05-30,Deportes,Raqueta,2,187038,61398
3366,630,2024-02-25,Deportes,Raqueta,3,171306,59993
3367,399,2023-06-21,Tecnologia,Monitor,1,81327,18494
3368,939,2023-05-06,Tecnologia,Tablet,2,121414,38796
3369,286,2024-09-06,Hogar,Lampara,2,172126,58400
3370,931,2024-12-28,Tecnologia,Tablet,2,277662,68816
3371,1281,2023-01-08,Deportes,Raqueta,2,272742,55895
3372,644,2023-07-23,Deportes,Balon,1,55059,10039
3373,1297,2024-08-11,Hogar,Lampara,1,47754,15789
3374,203,2023-05-02,Deportes,Balon,1,75267,16540
3375,854,2023-11-23,Deportes,Balon,4,314904,70176
3376,910,2024-05-14,Tecnologia,Tablet,2,174548,56191
3377,829,2024-08-29,Vestuario,Polera,4,627728,223760
3378,217,2023-05-07,Deportes,Bicicleta,3,226074,61106
3379,1016,2023-07-01,Deportes,Balon,5,322710,72023
3380,71,2024-08-27,Tecnologia,Notebook,2,10000,3166
3381,754,2024-11-19,Tecnologia,Monitor,4,442716,82726
3382,11,2023-09-14,Deportes,Pesas,1,133213,47760
3383,776,2023-09-19,Deportes,Raqueta,5,335415,76732
3384,613,2023-11-24,Tecnologia,Smartphone,1,134739,49679
3385,1066,2023-08-08,Vestuario,Pantalon,3,462267,122200
3386,837,2023-10-30,Hogar,Silla,1,116272,41801
3387,1416,2024-12-15,Electrodomesticos,Refrigerador,1,77002,20212
3388,1087,2023-11-17,Vestuario,Zapatillas,3,310401,68227
3389,85,2024-07-02,Tecnologia,Tablet,1,178780,41843
3390,1115,2024-10-02,Vestuario,Polera,2,285774,92283
3391,200,2024-03-29,Vestuario,Zapatillas,2,216838,50286
3392,763,2024-09-08,Vestuario,Polera,1,79634,14432
3393,649,2023-06-23,Tecnologia,Monitor,4,142088,32787
3394,623,2023-05-15,Hogar,Sofa,1,13886,2683
3395,532,2023-01-14,Electrodomesticos,Refrigerador,1,87499,28450
3396,1297,2023-01-18,Vestuario,Pantalon,2,173748,40897
3397,1233,2023-09-24,Vestuario,Pantalon,4,749060,272712
3398,260,2024-08-30,Electrodomesticos,Lavadora,1,101749,22038
3399,28,2024-03-12,Hogar,Mesa,2,134106,42879
3400,708,2024-08-29,Vestuario,Zapatillas,2,276442,53076
3401,1254,2023-06-29,Vestuario,Chaqueta,3,15000,3952
3402,561,2023-12-13,Tecnologia,Tablet,1,82320,30539
3403,241,2024-01-05,Hogar,Sofa,2,224374,45932
3404,1258,2023-05-26,Hogar,Lampara,1,105008,20253
3405,71,2023-06-27,Hogar,Lampara,3,252750,73232
3406,736,2023-05-06,Deportes,Bicicleta,2,267566,50678
3407,155,2023-01-03,Vestuario,Chaqueta,2,308346,81779
3408,431,2023-12-09,Hogar,Silla,1,121845,40108
3409,170,2024-08-15,Vestuario,Polera,1,40631,13386
3410,1395,2024-07-24,Vestuario,Pantalon,3,274227,52695
3411,1147,2023-12-02,Deportes,Pesas,2,142962,38301
3412,299,2024-11-20,Vestuario,Chaqueta,2,73726,17734
3413,25,2024-04-28,Electrodomesticos,Aspiradora,3,227160,43701
3414,1492,2023-12-18,Hogar,Silla,3,428145,94025
3415,1357,2024-04-18,Hogar,Lampara,3,172341,42966
3416,764,2023-10-26,Tecnologia,Monitor,2,193272,56309
3417,485,2024-05-08,Hogar,Lampara,4,391364,91697
3418,946,2024-10-12,Hogar,Silla,3,113949,42618
3419,106,2023-01-20,Hogar,Mesa,1,161591,60323
3420,1159,2023-04-15,Electrodomesticos,Refrigerador,4,237684,69727
3421,875,2023-02-24,Deportes,Raqueta,4,552272,179937
3422,1022,2024-09-21,Hogar,Sofa,3,84993,17407
3423,1022,2024-12-31,Vestuario,Zapatillas,2,58668,18509
3424,255,2023-06-29,Vestuario,Polera,2,102302,33341
3425,118,2024-01-04,Hogar,Mesa,2,30648,11389
3426,1223,2024-06-12,Deportes,Pesas,4,685588,254004
3427,289,2023-05-13,Electrodomesticos,Aspiradora,2,308782,117214
3428,1383,2024-09-05,Hogar,Silla,3,327396,105340
3429,1419,2023-10-25,Deportes,Balon,2,135402,43414
3430,1092,2023-04-05,Vestuario,Chaqueta,3,206493,57165
3431,1146,2023-03-14,Hogar,Mesa,3,99411,27535
3432,50,2024-04-25,Electrodomesticos,Refrigerador,1,144751,45622
3433,1459,2023-04-11,Vestuario,Zapatillas,1,40952,9307
3434,348,2023-12-04,Hogar,Mesa,1,38725,11664
3435,605,2023-07-04,Tecnologia,Tablet,1,98588,18572
3436,412,2023-09-08,Vestuario,Pantalon,4,240240,72588
3437,948,2023-07-02,Vestuario,Chaqueta,5,647975,119860
3438,320,2024-07-14,Electrodomesticos,Refrigerador,1,31284,7366
3439,408,2023-06-01,Deportes,Raqueta,1,156607,54956
3440,547,2023-10-02,Electrodomesticos,Aspiradora,1,48112,10584
3441,111,2023-09-26,Vestuario,Zapatillas,1,41349,11262
3442,1038,2023-07-13,Hogar,Silla,1,90905,17407
3443,960,2023-01-11,Deportes,Balon,1,130468,39067
3444,859,2024-02-20,Tecnologia,Monitor,2,149432,28506
3445,189,2023-03-02,Hogar,Lampara,1,60295,10867
3446,1183,2023-12-19,Deportes,Raqueta,1,90281,18212
3447,706,2023-10-23,Deportes,Bicicleta,1,54610,11740
3448,1479,2023-10-27,Vestuario,Polera,1,83813,31405
3449,16,2023-02-03,Tecnologia,Notebook,3,118341,23594
3450,1023,2023-04-02,Hogar,Silla,1,63574,21155
3451,1440,2024-05-15,Electrodomesticos,Microondas,1,97932,21815
3452,1076,2024-11-15,Vestuario,Chaqueta,4,420868,103225
3453,988,2023-08-21,Vestuario,Polera,3,207090,58696
3454,1285,2024-07-25,Deportes,Bicicleta,3,217290,79163
3455,358,2024-01-18,Vestuario,Zapatillas,1,81561,17346
3456,764,2023-10-29,Vestuario,Chaqueta,1,93000,23682
3457,410,2024-09-25,Tecnologia,Smartphone,1,80227,22599
3458,1449,2024-11-02,Vestuario,Polera,3,255066,81311
3459,51,2023-03-06,Tecnologia,Tablet,1,87298,32176
3460,248,2024-09-08,Hogar,Sofa,1,63849,23691
3461,361,2023-05-21,Tecnologia,Smartphone,3,309405,114712
3462,1213,2024-10-20,Vestuario,Chaqueta,3,541113,195435
3463,43,2024-11-28,Tecnologia,Notebook,4,272272,69364
3464,1090,2023-04-28,Vestuario,Polera,1,60501,19292
3465,370,2023-01-31,Vestuario,Polera,3,296064,87506
3466,151,2023-11-13,Deportes,Raqueta,4,347736,89920
3467,366,2024-04-01,Hogar,Lampara,2,235416,66020
3468,77,2024-05-21,Deportes,Raqueta,2,77852,20184
3469,1078,2024-12-05,Electrodomesticos,Aspiradora,1,102362,29484
3470,1152,2023-08-25,Deportes,Balon,4,168320,50847
3471,167,2023-01-10,Deportes,Raqueta,1,31001,10823
3472,1433,2024-08-02,Tecnologia,Notebook,3,42027,9951
3473,1344,2024-12-17,Deportes,Bicicleta,1,200740,76203
3474,726,2023-03-09,Tecnologia,Notebook,4,448376,97989
3475,139,2023-06-23,Hogar,Silla,1,64339,19648
3476,239,2024-10-08,Deportes,Balon,3,349185,74196
3477,398,2023-11-18,Vestuario,Zapatillas,1,101498,24752
3478,294,2024-05-24,Tecnologia,Monitor,2,229622,60748
3479,905,2024-11-09,Vestuario,Chaqueta,3,284196,99765
3480,827,2023-01-13,Tecnologia,Tablet,2,93532,19006
3481,77,2024-07-22,Hogar,Lampara,1,80834,15676
3482,83,2024-04-28,Tecnologia,Smartphone,4,344212,106251
3483,1034,2024-01-30,Electrodomesticos,Refrigerador,2,180544,48316
3484,645,2024-09-01,Hogar,Sofa,1,112753,37684
3485,1442,2023-10-07,Electrodomesticos,Aspiradora,1,73566,24082
3486,1211,2023-04-25,Hogar,Sofa,1,152666,52467
3487,1403,2023-07-18,Hogar,Sofa,1,85838,23685
3488,73,2024-11-22,Electrodomesticos,Microondas,2,259286,81770
3489,144,2023-06-29,Electrodomesticos,Aspiradora,1,69783,13674
3490,112,2024-11-23,Hogar,Mesa,1,39490,9219
3491,1392,2023-12-13,Vestuario,Polera,5,317070,94029
3492,1264,2023-02-22,Electrodomesticos,Lavadora,4,175472,43140
3493,35,2024-05-04,Hogar,Sofa,1,35108,7677
3494,617,2024-01-08,Vestuario,Chaqueta,1,58579,18995
3495,365,2024-05-01,Tecnologia,Notebook,1,144760,36412
3496,636,2023-08-14,Electrodomesticos,Aspiradora,1,105719,36786
3497,402,2023-06-18,Vestuario,Chaqueta,1,102769,31619
3498,858,2024-05-25,Hogar,Silla,1,113468,25145
3499,421,2024-02-27,Tecnologia,Monitor,2,314176,73288
3500,1190,2024-02-11,Hogar,Silla,3,130311,45742
3501,1124,2024-04-25,Hogar,Sofa,3,274674,52544
3502,111,2023-12-10,Deportes,Balon,2,330038,107956
3503,1335,2024-12-16,Deportes,Pesas,6,277074,51509
3504,1158,2023-02-11,Tecnologia,Smartphone,3,161604,48403
3505,465,2023-07-16,Vestuario,Zapatillas,3,485931,135919
3506,728,2023-08-03,Vestuario,Polera,1,105018,31322
3507,1244,2024-08-06,Hogar,Lampara,2,238224,60072
3508,1392,2024-11-26,Electrodomesticos,Lavadora,2,218454,68451
3509,1276,2024-04-03,Tecnologia,Monitor,2,217192,65869
3510,1332,2023-08-05,Electrodomesticos,Refrigerador,1,132501,24565
3511,757,2024-06-01,Deportes,Pesas,1,108779,22519
3512,340,2023-06-17,Deportes,Pesas,5,500305,161152
3513,1177,2023-10-07,Vestuario,Polera,2,55102,15052
3514,659,2023-01-21,Deportes,Raqueta,1,102637,31655
3515,1215,2023-10-28,Electrodomesticos,Refrigerador,1,109414,36335
3516,427,2024-05-03,Deportes,Bicicleta,2,100464,35520
3517,1253,2023-10-26,Vestuario,Zapatillas,1,150223,42689
3518,1174,2024-08-14,Deportes,Balon,4,179484,64605
3519,586,2023-11-02,Tecnologia,Tablet,1,123789,44797
3520,207,2023-12-10,Tecnologia,Smartphone,3,389661,139645
3521,206,2023-12-02,Deportes,Balon,1,123831,29768
3522,884,2024-04-03,Electrodomesticos,Lavadora,1,93725,28807
3523,1196,2023-05-10,Hogar,Silla,2,219030,65366
3524,139,2023-11-03,Deportes,Pesas,3,256473,70780
3525,1329,2024-06-17,Hogar,Lampara,1,52616,19218
3526,13,2024-04-16,Deportes,Bicicleta,1,71729,14099
3527,1444,2023-05-03,Deportes,Raqueta,3,409821,99233
3528,1329,2024-02-11,Electrodomesticos,Lavadora,2,99606,29616
3529,660,2023-07-28,Tecnologia,Notebook,2,272252,102182
3530,1122,2024-02-13,Hogar,Lampara,1,125322,23642
3531,1235,2023-12-24,Deportes,Bicicleta,5,591330,164254
3532,459,2024-01-16,Electrodomesticos,Lavadora,1,85086,17251
3533,1335,2023-09-06,Hogar,Silla,4,570132,126959
3534,100,2024-11-15,Tecnologia,Monitor,1,52828,13364
3535,542,2024-11-20,Vestuario,Chaqueta,1,116972,43584
3536,97,2024-05-08,Electrodomesticos,Lavadora,4,231172,43945
3537,1165,2023-07-03,Electrodomesticos,Refrigerador,5,612490,120967
3538,173,2024-07-20,Tecnologia,Tablet,1,80877,17975
3539,660,2024-05-27,Deportes,Pesas,1,81439,26649
3540,816,2024-11-24,Deportes,Balon,2,414786,132884
3541,153,2024-12-02,Electrodomesticos,Lavadora,5,530215,180235
3542,958,2023-07-10,Electrodomesticos,Aspiradora,1,48658,10820
3543,1363,2023-05-02,Electrodomesticos,Lavadora,2,183224,68300
3544,970,2023-06-05,Deportes,Bicicleta,2,61186,18412
3545,894,2024-06-28,Electrodomesticos,Refrigerador,2,329482,98790
3546,1250,2024-01-03,Deportes,Raqueta,1,34698,12478
3547,1016,2023-01-22,Deportes,Bicicleta,1,104495,32161
3548,1000,2024-12-22,Tecnologia,Smartphone,3,402402,151297
3549,933,2024-10-31,Tecnologia,Monitor,1,41074,8194
3550,1234,2023-12-30,Electrodomesticos,Refrigerador,2,186356,59875
3551,183,2024-01-05,Tecnologia,Monitor,2,332032,125479
3552,1073,2024-12-09,Vestuario,Polera,2,260810,98801
3553,457,2023-01-19,Hogar,Sofa,1,95120,22163
3554,1283,2024-05-26,Tecnologia,Monitor,2,128564,48111
3555,1093,2024-12-02,Vestuario,Zapatillas,2,110062,37686
3556,71,2023-09-04,Tecnologia,Tablet,2,290530,85396
3557,1239,2023-11-06,Vestuario,Chaqueta,4,473712,112996
3558,981,2023-06-06,Deportes,Pesas,1,122565,24800
3559,486,2023-05-15,Electrodomesticos,Microondas,2,198336,70532
3560,259,2024-07-24,Hogar,Sofa,2,260090,58156
3561,144,2023-07-05,Hogar,Mesa,3,156216,43323
3562,207,2024-11-19,Electrodomesticos,Lavadora,1,142573,37908
3563,861,2024-02-27,Hogar,Mesa,3,172596,49780
3564,714,2024-03-01,Deportes,Raqueta,4,319132,84417
3565,795,2023-05-16,Electrodomesticos,Lavadora,5,94010,29143
3566,1443,2023-11-26,Hogar,Silla,1,38950,11835
3567,1280,2024-09-24,Tecnologia,Smartphone,1,188197,50974
3568,579,2023-04-02,Vestuario,Pantalon,3,290196,108372
3569,931,2024-09-17,Tecnologia,Monitor,2,254526,68318
3570,325,2023-12-08,Hogar,Sofa,3,403623,109460
3571,620,2024-05-24,Vestuario,Pantalon,1,21141,6672
3572,847,2024-09-08,Vestuario,Zapatillas,1,64565,12275
3573,660,2024-02-09,Electrodomesticos,Aspiradora,1,137723,26427
3574,1352,2023-01-20,Tecnologia,Smartphone,1,117616,24561
3575,273,2024-01-01,Electrodomesticos,Aspiradora,4,211804,64026
3576,1343,2023-03-19,Vestuario,Zapatillas,2,72892,17493
3577,4,2024-11-28,Tecnologia,Monitor,2,54730,12086
3578,202,2024-10-23,Hogar,Mesa,1,67203,13918
3579,807,2024-11-05,Vestuario,Chaqueta,1,118713,34381
3580,163,2024-02-07,Deportes,Pesas,1,7932,2108
3581,635,2023-11-07,Hogar,Silla,1,41738,8682
3582,53,2024-11-11,Electrodomesticos,Refrigerador,2,79814,22838
3583,796,2024-10-20,Vestuario,Chaqueta,2,205608,70565
3584,922,2023-10-20,Deportes,Raqueta,5,452470,113482
3585,1137,2023-01-16,Deportes,Pesas,1,104370,29972
3586,606,2023-07-19,Hogar,Mesa,4,648696,135514
3587,1421,2023-02-01,Vestuario,Polera,1,91707,16836
3588,97,2024-02-19,Vestuario,Polera,5,216885,77323
3589,551,2023-01-16,Hogar,Mesa,1,153181,39339
3590,569,2023-01-08,Deportes,Pesas,2,428128,109496
3591,1282,2024-06-20,Tecnologia,Smartphone,4,417436,90950
3592,1060,2023-02-19,Hogar,Mesa,1,114369,33455
3593,1192,2024-11-03,Deportes,Bicicleta,3,460830,154953
3594,8,2024-06-18,Deportes,Raqueta,2,167222,30417
3595,1478,2024-04-22,Hogar,Silla,1,76101,26581
3596,64,2024-08-13,Vestuario,Pantalon,4,250292,67957
3597,339,2024-02-28,Vestuario,Polera,2,275290,61175
3598,402,2023-06-28,Electrodomesticos,Aspiradora,1,86962,25697
3599,686,2023-08-08,Deportes,Bicicleta,1,41801,9762
3600,833,2024-07-28,Vestuario,Zapatillas,1,71668,18113
3601,556,2024-01-11,Tecnologia,Tablet,1,111621,30268
3602,932,2023-03-27,Deportes,Raqueta,2,28280,10259
3603,218,2024-06-12,Deportes,Bicicleta,2,119288,26068
3604,886,2024-05-31,Vestuario,Polera,4,445324,112516
3605,620,2024-06-10,Tecnologia,Smartphone,1,61885,16223
3606,1454,2023-12-24,Hogar,Lampara,1,102071,23824
3607,1493,2024-04-21,Hogar,Mesa,5,318110,82595
3608,1480,2024-05-07,Vestuario,Pantalon,2,184230,65139
3609,868,2024-10-17,Tecnologia,Notebook,2,217788,82450
3610,778,2023-01-19,Electrodomesticos,Microondas,1,58735,21886
3611,1194,2023-08-23,Hogar,Mesa,3,376092,91909
3612,209,2023-02-22,Tecnologia,Notebook,7,584451,216655
3613,1071,2023-05-28,Deportes,Pesas,2,327174,69347
3614,870,2024-12-17,Tecnologia,Smartphone,1,92767,29050
3615,1500,2024-10-18,Deportes,Raqueta,1,31260,6387
3616,1279,2024-05-10,Hogar,Mesa,1,10883,3858
3617,371,2023-03-23,Electrodomesticos,Refrigerador,2,278986,75891
3618,484,2024-10-15,Electrodomesticos,Refrigerador,2,164392,47573
3619,776,2024-09-03,Vestuario,Polera,1,62669,22565
3620,1038,2024-04-21,Tecnologia,Tablet,1,139951,31771
3621,162,2024-11-22,Vestuario,Zapatillas,2,184820,64926
3622,1454,2023-05-20,Tecnologia,Tablet,1,126043,29090
3623,574,2023-04-10,Electrodomesticos,Microondas,1,126653,24520
3624,1423,2023-03-16,Deportes,Bicicleta,4,310916,101259
3625,1265,2024-06-21,Deportes,Pesas,4,291308,71850
3626,353,2024-12-03,Deportes,Balon,2,116688,32215
3627,715,2023-05-14,Deportes,Balon,1,130468,23501
3628,123,2023-12-25,Electrodomesticos,Refrigerador,1,98917,35168
3629,1485,2024-05-14,Vestuario,Zapatillas,1,101838,22361
3630,221,2023-08-25,Hogar,Sofa,2,121420,38526
3631,118,2024-05-28,Tecnologia,Tablet,1,32186,10734
3632,1370,2023-05-20,Tecnologia,Tablet,2,201588,64527
3633,1453,2023-05-30,Hogar,Sofa,2,186724,48225
3634,490,2023-12-31,Tecnologia,Notebook,3,413307,83959
3635,567,2023-09-19,Deportes,Raqueta,4,200396,60195
3636,91,2024-01-28,Hogar,Mesa,1,72302,24484
3637,846,2024-01-10,Hogar,Lampara,5,780690,169772
3638,1280,2024-05-13,Hogar,Lampara,1,76586,18700
3639,1378,2023-09-08,Deportes,Bicicleta,5,553450,183816
3640,1327,2024-12-15,Tecnologia,Notebook,6,145152,54131
3641,773,2024-02-07,Tecnologia,Smartphone,3,380106,118221
3642,89,2024-02-21,Deportes,Balon,1,72793,26608
3643,1483,2023-11-02,Deportes,Raqueta,1,115523,26866
3644,1138,2024-05-12,Hogar,Mesa,2,256372,88141
3645,974,2023-09-25,Tecnologia,Tablet,2,233330,57531
3646,515,2024-07-24,Tecnologia,Tablet,1,103451,22213
3647,1051,2024-11-10,Tecnologia,Tablet,4,421496,92867
3648,443,2024-08-14,Hogar,Lampara,1,62187,11646
3649,45,2023-10-11,Hogar,Lampara,3,252489,49736
3650,572,2023-07-02,Vestuario,Chaqueta,1,75820,21958
3651,327,2024-08-14,Vestuario,Chaqueta,4,265800,49054
3652,106,2024-08-01,Deportes,Balon,2,383394,85140
3653,135,2023-11-18,Vestuario,Chaqueta,1,161884,32650
3654,921,2023-04-03,Deportes,Balon,1,20055,4939
3655,1302,2024-03-02,Vestuario,Polera,1,143473,43135
3656,1101,2024-07-30,Vestuario,Polera,1,123218,39636
3657,1372,2023-09-15,Electrodomesticos,Microondas,1,101750,31207
3658,1132,2024-09-22,Hogar,Mesa,5,516220,134830
3659,595,2023-05-24,Hogar,Sofa,1,85379,26532
3660,1010,2024-07-26,Deportes,Balon,2,159954,45660
3661,799,2023-03-02,Deportes,Bicicleta,3,100695,21581
3662,913,2024-05-02,Tecnologia,Tablet,2,270800,98971
3663,1333,2024-06-22,Vestuario,Chaqueta,3,100902,32368
3664,1141,2023-11-01,Hogar,Mesa,6,322842,76415
3665,426,2023-03-24,Deportes,Raqueta,2,344304,88503
3666,1019,2024-09-19,Electrodomesticos,Refrigerador,2,170534,33445
3667,1298,2023-11-08,Deportes,Pesas,2,261140,87803
3668,264,2023-10-01,Hogar,Sofa,1,132444,28344
3669,1430,2023-01-13,Tecnologia,Tablet,2,272350,98824
3670,453,2024-01-26,Deportes,Bicicleta,1,95251,23700
3671,798,2024-08-25,Hogar,Mesa,3,156690,42195
3672,1443,2024-01-29,Electrodomesticos,Microondas,5,608770,149165
3673,621,2024-07-18,Vestuario,Chaqueta,1,37905,13199
3674,759,2024-10-13,Vestuario,Chaqueta,3,260172,94282
3675,1500,2023-04-23,Hogar,Sofa,3,428703,161686
3676,780,2023-10-20,Hogar,Sofa,1,156083,50576
3677,783,2023-01-10,Electrodomesticos,Refrigerador,1,67959,17169
3678,1291,2023-03-15,Vestuario,Polera,4,163608,31134
3679,3,2023-05-13,Vestuario,Polera,3,328161,64040
3680,289,2023-03-10,Vestuario,Polera,4,387296,142249
3681,1187,2023-11-06,Tecnologia,Monitor,1,156921,50735
3682,282,2024-07-11,Tecnologia,Notebook,1,104012,38946
3683,571,2023-04-03,Hogar,Lampara,1,68842,18605
3684,1195,2024-07-05,Vestuario,Polera,2,92410,17710
3685,745,2024-09-19,Tecnologia,Smartphone,2,186054,38377
3686,15,2024-07-06,Vestuario,Polera,4,250668,68285
3687,353,2024-08-11,Electrodomesticos,Refrigerador,4,274880,74521
3688,189,2023-01-13,Tecnologia,Notebook,3,295002,89354
3689,488,2024-01-28,Tecnologia,Monitor,3,201924,72347
3690,103,2023-12-12,Hogar,Silla,3,33756,9527
3691,660,2023-10-15,Electrodomesticos,Refrigerador,3,142872,30470
3692,144,2023-02-07,Deportes,Balon,4,418452,142468
3693,806,2023-11-13,Tecnologia,Tablet,2,183664,55148
3694,703,2023-11-14,Deportes,Pesas,3,342384,109029
3695,841,2024-07-29,Vestuario,Chaqueta,1,68211,17551
3696,1482,2024-09-13,Deportes,Pesas,3,145722,34269
3697,1339,2024-05-03,Hogar,Silla,3,324882,78839
3698,959,2024-06-14,Deportes,Balon,2,109762,37235
3699,626,2024-10-13,Deportes,Bicicleta,1,112847,37017
3700,972,2024-09-24,Hogar,Silla,4,386728,143579
3701,1034,2024-07-15,Deportes,Balon,1,84133,18296
3702,722,2023-01-24,Vestuario,Polera,2,138024,52012
3703,1449,2024-02-16,Tecnologia,Notebook,2,214580,38713
3704,144,2024-06-20,Hogar,Silla,1,5000,1885
3705,1306,2023-06-03,Vestuario,Polera,5,949590,228148
3706,1323,2024-07-20,Tecnologia,Tablet,4,405784,101191
3707,1136,2024-10-12,Hogar,Mesa,2,107400,38475
3708,262,2023-06-16,Tecnologia,Monitor,1,41118,13672
3709,269,2023-12-14,Hogar,Lampara,3,426519,130364
3710,506,2024-03-17,Electrodomesticos,Lavadora,3,428091,153696
3711,1012,2024-08-03,Tecnologia,Smartphone,1,132400,40526
3712,288,2024-05-23,Electrodomesticos,Microondas,5,245445,86455
3713,222,2023-09-14,Electrodomesticos,Microondas,1,66436,14329
3714,7,2024-07-27,Hogar,Lampara,3,326835,60893
3715,299,2023-02-23,Vestuario,Zapatillas,2,258602,91841
3716,1451,2024-11-06,Hogar,Silla,3,244893,48034
3717,1277,2024-06-06,Hogar,Mesa,1,58538,21721
3718,1153,2024-09-04,Tecnologia,Smartphone,1,95645,28122
3719,1104,2024-02-27,Vestuario,Chaqueta,1,112890,36136
3720,520,2024-05-17,Vestuario,Polera,1,74623,20384
3721,681,2023-04-13,Hogar,Silla,1,23958,7030
3722,333,2023-05-27,Hogar,Mesa,3,448335,140577
3723,701,2023-06-14,Electrodomesticos,Refrigerador,1,81742,27405
3724,200,2024-09-08,Electrodomesticos,Lavadora,1,150526,35768
3725,333,2023-10-05,Vestuario,Polera,2,188714,54634
3726,454,2024-04-04,Deportes,Bicicleta,1,129164,26282
3727,348,2024-06-24,Vestuario,Pantalon,1,32689,8971
3728,326,2024-11-13,Deportes,Raqueta,2,137164,32773
3729,819,2024-07-05,Vestuario,Chaqueta,2,58308,13612
3730,1286,2024-03-07,Vestuario,Zapatillas,3,361437,115754
3731,511,2024-08-04,Deportes,Pesas,1,71492,25538
3732,431,2023-04-06,Deportes,Bicicleta,2,166316,60258
3733,1031,2024-02-22,Deportes,Bicicleta,1,129750,48006
3734,840,2023-03-05,Vestuario,Chaqueta,4,136076,33197
3735,1190,2024-12-05,Tecnologia,Tablet,5,554920,172484
3736,241,2023-12-20,Tecnologia,Smartphone,3,170913,62242
3737,622,2024-09-21,Electrodomesticos,Refrigerador,2,221034,49154
3738,1094,2023-02-12,Electrodomesticos,Microondas,1,76130,18922
3739,631,2024-09-14,Electrodomesticos,Aspiradora,1,69498,22922
3740,70,2024-06-13,Tecnologia,Tablet,4,908048,288533
3741,1401,2024-03-02,Deportes,Balon,1,87388,30638
3742,1117,2023-09-13,Deportes,Bicicleta,1,51065,12548
3743,517,2024-09-06,Electrodomesticos,Aspiradora,2,177828,66421
3744,567,2023-03-31,Electrodomesticos,Microondas,1,84108,19083
3745,427,2024-06-08,Deportes,Pesas,3,494025,156304
3746,128,2023-01-29,Deportes,Raqueta,1,78427,24608
3747,396,2024-04-19,Electrodomesticos,Microondas,2,136680,48340
3748,208,2023-07-10,Hogar,Mesa,1,89891,32888
3749,424,2023-12-16,Vestuario,Chaqueta,3,206607,38906
3750,181,2024-11-24,Electrodomesticos,Aspiradora,1,116316,30880
3751,1325,2024-10-17,Deportes,Balon,3,251445,48040
3752,638,2023-03-20,Vestuario,Pantalon,1,120249,41541
3753,1266,2023-08-29,Hogar,Silla,3,435246,126318
3754,153,2023-09-07,Electrodomesticos,Aspiradora,2,296864,104167
3755,613,2023-05-21,Vestuario,Polera,4,661544,251146
3756,124,2024-01-25,Electrodomesticos,Lavadora,3,369000,79045
3757,14,2023-10-04,Vestuario,Pantalon,3,199308,58169
3758,1206,2023-01-11,Deportes,Raqueta,2,109432,29445
3759,1222,2023-01-08,Hogar,Silla,2,143778,47117
3760,1031,2024-12-28,Tecnologia,Tablet,4,96668,27978
3761,570,2023-12-14,Hogar,Silla,3,322731,99071
3762,278,2024-04-16,Deportes,Bicicleta,1,5000,1403
3763,912,2023-03-28,Deportes,Balon,4,543700,140286
3764,1328,2024-07-19,Electrodomesticos,Microondas,2,248036,61427
3765,520,2023-02-09,Tecnologia,Monitor,1,123867,37101
3766,879,2023-07-03,Hogar,Lampara,3,307851,104444
3767,720,2024-02-04,Vestuario,Zapatillas,1,50595,10752
3768,1212,2023-03-07,Electrodomesticos,Refrigerador,1,119948,42665
3769,521,2023-08-04,Vestuario,Pantalon,1,114144,39235
3770,1470,2023-07-22,Vestuario,Polera,1,111578,22526
3771,276,2024-04-18,Vestuario,Polera,3,366912,110192
3772,958,2024-02-18,Vestuario,Pantalon,2,23314,8763
3773,84,2023-12-06,Vestuario,Pantalon,1,128816,25392
3774,928,2023-08-26,Tecnologia,Smartphone,3,275880,58485
3775,920,2023-03-11,Electrodomesticos,Aspiradora,3,504105,158673
3776,141,2024-05-10,Hogar,Mesa,1,81176,25607
3777,1192,2023-07-29,Vestuario,Chaqueta,1,118063,23673
3778,1196,2024-12-01,Tecnologia,Tablet,2,230644,58000
3779,336,2024-07-13,Electrodomesticos,Aspiradora,1,19524,4884
3780,575,2023-01-17,Tecnologia,Notebook,2,157190,38541
3781,93,2023-06-13,Tecnologia,Notebook,2,214266,41967
3782,1002,2023-01-12,Vestuario,Polera,3,216087,41379
3783,322,2024-02-14,Hogar,Mesa,3,378120,85735
3784,1083,2023-07-26,Deportes,Balon,2,196236,39218
3785,16,2023-05-04,Hogar,Lampara,1,85172,21535
3786,979,2024-03-03,Deportes,Balon,5,375875,73556
3787,743,2024-07-27,Hogar,Mesa,1,84282,19339
3788,2,2024-06-02,Deportes,Bicicleta,1,56194,16719
3789,111,2024-01-25,Tecnologia,Notebook,3,410649,86299
3790,414,2024-07-01,Hogar,Sofa,3,220668,48356
3791,483,2024-03-27,Hogar,Sofa,2,151074,40723
3792,1149,2023-05-11,Hogar,Sofa,1,27588,5863
3793,969,2024-12-25,Vestuario,Chaqueta,3,290346,87101
3794,75,2023-01-30,Deportes,Balon,2,207482,70675
3795,213,2024-08-11,Vestuario,Polera,1,67763,19964
3796,301,2024-12-24,Deportes,Bicicleta,1,84326,17190
3797,216,2024-08-06,Hogar,Sofa,1,30392,11317
3798,70,2023-07-17,Hogar,Silla,2,314380,118152
3799,613,2023-07-14,Deportes,Raqueta,3,529557,125717
3800,243,2023-05-07,Vestuario,Zapatillas,3,280707,84539
3801,293,2024-04-15,Vestuario,Chaqueta,2,221272,41910
3802,33,2023-11-15,Deportes,Raqueta,1,80289,16708
3803,811,2024-07-17,Hogar,Mesa,3,263796,58073
3804,147,2023-07-09,Deportes,Pesas,3,124908,45566
3805,640,2024-06-03,Vestuario,Zapatillas,1,124555,39243
3806,517,2023-02-21,Hogar,Silla,3,276567,56827
3807,290,2023-10-01,Electrodomesticos,Lavadora,3,314457,69156
3808,880,2024-06-17,Vestuario,Pantalon,2,245458,53703
3809,608,2024-11-13,Electrodomesticos,Microondas,4,810376,168859
3810,460,2023-08-10,Tecnologia,Monitor,1,94871,20309
3811,321,2024-10-18,Deportes,Bicicleta,1,93910,23695
3812,531,2024-07-06,Deportes,Balon,2,172604,52665
3813,1334,2024-09-19,Deportes,Pesas,3,133626,36169
3814,744,2024-02-26,Vestuario,Zapatillas,4,473536,161794
3815,1459,2024-07-05,Vestuario,Zapatillas,2,119166,25540
3816,250,2023-01-22,Hogar,Sofa,1,5000,1016
3817,772,2024-04-16,Tecnologia,Monitor,2,36012,12895
3818,176,2024-04-05,Hogar,Lampara,1,56215,19576
3819,768,2023-09-22,Vestuario,Pantalon,1,19470,6941
3820,26,2024-08-30,Vestuario,Polera,2,106752,36879
3821,341,2024-12-21,Deportes,Pesas,3,258861,66083
3822,646,2024-09-27,Electrodomesticos,Aspiradora,1,118695,23493
3823,1167,2024-07-01,Electrodomesticos,Lavadora,3,270510,80283
3824,1012,2023-09-14,Hogar,Lampara,3,355518,129745
3825,942,2023-09-14,Vestuario,Chaqueta,3,259827,88160
3826,627,2023-11-14,Tecnologia,Smartphone,1,52817,16538
3827,187,2023-09-02,Hogar,Silla,3,96228,25573
3828,575,2023-12-25,Tecnologia,Smartphone,4,364516,69936
3829,1080,2023-11-02,Deportes,Raqueta,5,397955,83671
3830,968,2023-09-03,Deportes,Raqueta,1,90388,25435
3831,1154,2023-10-12,Vestuario,Pantalon,1,100959,32296
3832,673,2024-06-07,Deportes,Bicicleta,1,70368,22378
3833,1257,2024-04-04,Deportes,Bicicleta,1,99191,26454
3834,1207,2023-01-01,Deportes,Pesas,1,107461,30248
3835,1368,2024-10-21,Electrodomesticos,Microondas,2,245816,81789
3836,277,2023-06-08,Vestuario,Chaqueta,1,112276,21991
3837,735,2024-02-08,Deportes,Balon,5,778085,260450
3838,696,2024-11-07,Hogar,Silla,2,137920,42913
3839,133,2024-04-12,Hogar,Silla,3,268770,62591
3840,1411,2024-03-05,Tecnologia,Monitor,3,16128,5670
3841,688,2024-09-01,Deportes,Raqueta,1,73265,25075
3842,421,2024-10-29,Hogar,Lampara,6,345000,115972
3843,569,2024-04-05,Vestuario,Polera,2,193080,58175
3844,1397,2024-11-27,Deportes,Balon,2,10000,3775
3845,527,2024-08-14,Hogar,Lampara,5,347895,123387
3846,1267,2024-06-22,Tecnologia,Tablet,2,86700,23072
3847,657,2023-12-05,Hogar,Mesa,2,233930,64878
3848,514,2023-03-27,Hogar,Lampara,3,102660,27386
3849,569,2023-09-19,Electrodomesticos,Refrigerador,1,124525,24441
3850,912,2024-04-05,Tecnologia,Smartphone,3,416424,112943
3851,609,2023-01-18,Tecnologia,Smartphone,1,63592,23830
3852,269,2024-09-22,Deportes,Raqueta,1,106168,23163
3853,1116,2024-06-20,Hogar,Lampara,1,139092,29967
3854,1042,2024-11-16,Tecnologia,Monitor,1,85564,16973
3855,206,2024-09-12,Vestuario,Pantalon,2,162736,29664
3856,871,2023-03-05,Electrodomesticos,Refrigerador,2,131720,49524
3857,620,2023-12-29,Deportes,Pesas,4,304272,110653
3858,736,2023-10-30,Tecnologia,Notebook,1,132586,33476
3859,1165,2023-11-14,Hogar,Silla,1,92074,27040
3860,1035,2024-08-20,Hogar,Sofa,3,83034,20782
3861,814,2023-09-24,Electrodomesticos,Refrigerador,3,345789,92069
3862,264,2023-02-15,Deportes,Raqueta,1,73893,14231
3863,585,2023-07-23,Tecnologia,Smartphone,1,55919,15468
3864,1217,2024-08-03,Deportes,Balon,2,105590,38949
3865,1240,2023-08-19,Tecnologia,Smartphone,1,77238,15178
3866,599,2023-09-16,Vestuario,Chaqueta,3,122853,24376
3867,1254,2023-10-08,Tecnologia,Monitor,1,104024,19685
3868,339,2024-02-20,Vestuario,Pantalon,3,199911,70143
3869,835,2023-12-12,Tecnologia,Tablet,2,92728,35196
3870,1114,2023-10-19,Tecnologia,Tablet,1,80362,17781
3871,1182,2023-07-07,Tecnologia,Notebook,1,89049,18281
3872,1136,2023-04-07,Deportes,Pesas,3,179442,43908
3873,322,2024-04-03,Electrodomesticos,Lavadora,3,308085,90231
3874,319,2024-12-21,Tecnologia,Notebook,2,189400,50987
3875,878,2024-07-23,Electrodomesticos,Aspiradora,2,284238,87615
3876,935,2023-02-23,Deportes,Balon,1,43525,14860
3877,13,2023-04-03,Deportes,Balon,1,97826,20346
3878,794,2023-12-24,Electrodomesticos,Microondas,3,446931,88691
3879,1345,2024-05-31,Vestuario,Polera,1,83421,27699
3880,414,2024-04-30,Vestuario,Polera,2,160642,32039
3881,373,2024-10-20,Deportes,Pesas,1,86494,27498
3882,564,2024-03-14,Hogar,Mesa,2,208330,68061
3883,1082,2024-04-21,Tecnologia,Notebook,2,178034,65624
3884,978,2024-01-15,Deportes,Pesas,2,169018,39722
3885,722,2024-01-07,Hogar,Sofa,2,207198,74179
3886,480,2023-09-17,Tecnologia,Notebook,2,324304,69504
3887,1349,2024-12-14,Electrodomesticos,Lavadora,3,247380,87270
3888,711,2024-07-15,Electrodomesticos,Microondas,1,75992,24647
3889,772,2023-01-26,Deportes,Bicicleta,2,207452,39753
3890,658,2024-02-16,Vestuario,Chaqueta,3,131820,38610
3891,952,2024-01-13,Vestuario,Zapatillas,1,71016,23876
3892,480,2024-06-21,Vestuario,Pantalon,1,52855,13960
3893,1383,2024-05-10,Deportes,Pesas,4,470544,95211
3894,55,2024-11-20,Electrodomesticos,Microondas,1,94474,20164
3895,1418,2024-09-20,Deportes,Bicicleta,1,63528,13070
3896,587,2024-10-03,Electrodomesticos,Lavadora,2,104662,28294
3897,177,2023-09-25,Tecnologia,Tablet,1,74066,17277
3898,17,2024-10-30,Hogar,Mesa,4,50808,14140
3899,210,2024-03-21,Tecnologia,Smartphone,1,77664,19519
3900,1285,2023-05-31,Vestuario,Zapatillas,3,338241,86803
3901,1360,2024-06-06,Deportes,Balon,2,84498,29778
3902,606,2024-03-08,Deportes,Raqueta,3,453915,104821
3903,566,2023-08-06,Tecnologia,Tablet,3,322185,98350
3904,306,2024-05-20,Electrodomesticos,Microondas,2,175932,62509
3905,778,2023-11-06,Hogar,Sofa,1,93087,18265
3906,1462,2024-11-13,Electrodomesticos,Refrigerador,1,113520,27508
3907,292,2024-12-06,Hogar,Sofa,1,124798,47142
3908,858,2024-04-14,Tecnologia,Notebook,2,41750,11416
3909,1258,2024-08-14,Hogar,Lampara,3,204645,63612
3910,690,2023-01-11,Tecnologia,Smartphone,2,66904,15557
3911,211,2023-05-10,Tecnologia,Monitor,1,100715,38126
3912,920,2023-11-13,Vestuario,Polera,3,369609,76264
3913,319,2023-01-13,Deportes,Balon,3,360654,94669
3914,461,2023-07-20,Electrodomesticos,Refrigerador,1,165447,58942
3915,843,2024-09-06,Deportes,Balon,1,101985,23731
3916,842,2024-12-22,Deportes,Raqueta,1,28264,10489
3917,903,2024-11-04,Tecnologia,Notebook,6,394104,90365
3918,405,2023-04-04,Electrodomesticos,Refrigerador,2,33512,7065
3919,331,2024-07-26,Hogar,Sofa,1,118820,39032
3920,294,2024-03-13,Tecnologia,Smartphone,4,351400,122210
3921,1049,2023-11-04,Hogar,Silla,2,286652,71337
3922,189,2023-02-11,Electrodomesticos,Aspiradora,2,166750,31377
3923,307,2023-12-28,Tecnologia,Monitor,1,134631,27584
3924,12,2024-11-03,Vestuario,Zapatillas,2,132348,43214
3925,324,2024-07-27,Hogar,Silla,1,77691,15879
3926,1400,2024-01-15,Deportes,Pesas,2,185018,67240
3927,749,2023-04-03,Tecnologia,Monitor,4,560108,125896
3928,1410,2024-02-29,Deportes,Balon,1,125602,44740
3929,609,2023-10-06,Tecnologia,Smartphone,2,185784,50716
3930,1243,2024-05-04,Hogar,Mesa,4,597184,179511
3931,1395,2024-04-30,Vestuario,Zapatillas,1,114192,34898
3932,1,2024-07-18,Hogar,Sofa,1,120145,43301
3933,886,2023-11-10,Hogar,Mesa,4,474348,138138
3934,937,2023-10-24,Tecnologia,Smartphone,1,14579,4942
3935,632,2023-08-14,Electrodomesticos,Lavadora,1,168351,42169
3936,984,2024-01-04,Hogar,Sofa,1,112431,33670
3937,1288,2023-05-28,Vestuario,Polera,2,115514,24206
3938,1125,2024-07-05,Vestuario,Zapatillas,2,314888,109305
3939,636,2024-11-20,Vestuario,Polera,2,176098,46090
3940,256,2024-12-07,Vestuario,Chaqueta,1,70972,20367
3941,1304,2023-01-26,Vestuario,Polera,4,351716,77936
3942,1179,2024-04-24,Deportes,Pesas,2,201074,60779
3943,1483,2023-08-08,Hogar,Silla,1,156332,35413
3944,1079,2023-10-24,Deportes,Bicicleta,1,118373,33205
3945,569,2024-05-08,Vestuario,Zapatillas,3,267435,89318
3946,1178,2023-05-14,Tecnologia,Smartphone,1,131244,49769
3947,990,2024-02-27,Tecnologia,Notebook,1,74876,20806
3948,1389,2024-05-05,Electrodomesticos,Microondas,1,112554,30279
3949,598,2023-04-08,Deportes,Bicicleta,1,143816,37972
3950,815,2024-03-18,Deportes,Raqueta,2,146104,35450
3951,393,2023-10-25,Deportes,Raqueta,2,173714,63783
3952,71,2023-01-15,Electrodomesticos,Lavadora,4,283092,62083
3953,571,2024-01-06,Tecnologia,Smartphone,1,100464,31229
3954,1207,2023-04-16,Deportes,Pesas,1,68038,22543
3955,1170,2023-09-28,Hogar,Mesa,3,320655,79588
3956,860,2023-02-17,Electrodomesticos,Refrigerador,3,159246,50182
3957,1403,2024-09-07,Tecnologia,Monitor,5,167210,57696
3958,196,2023-06-07,Tecnologia,Monitor,3,317973,104158
3959,718,2023-09-28,Electrodomesticos,Lavadora,4,107280,27097
3960,90,2023-02-22,Electrodomesticos,Aspiradora,4,456120,90636
3961,286,2023-12-20,Deportes,Pesas,2,34288,10332
3962,245,2023-08-19,Tecnologia,Notebook,3,43233,15077
3963,156,2023-09-13,Tecnologia,Notebook,2,111820,29365
3964,288,2024-04-05,Vestuario,Zapatillas,2,310928,107402
3965,393,2023-08-15,Deportes,Balon,3,52632,12936
3966,116,2024-12-22,Vestuario,Chaqueta,1,77922,18629
3967,433,2023-07-11,Electrodomesticos,Refrigerador,4,334636,60877
3968,282,2023-12-22,Deportes,Balon,4,214184,74112
3969,1158,2023-10-20,Vestuario,Polera,1,47502,9307
3970,1252,2024-08-21,Deportes,Bicicleta,2,148214,36738
3971,21,2023-07-08,Deportes,Pesas,2,103092,32903
3972,1448,2023-09-24,Deportes,Balon,3,307983,105211
3973,1300,2024-11-15,Hogar,Silla,2,159614,28745
3974,326,2024-12-19,Hogar,Mesa,2,84528,24826
3975,981,2023-11-16,Vestuario,Polera,3,84411,17399
3976,516,2023-11-27,Tecnologia,Notebook,2,120928,28401
3977,86,2023-09-22,Electrodomesticos,Microondas,3,113598,22221
3978,741,2024-11-28,Hogar,Silla,2,213624,61357
3979,371,2023-10-11,Tecnologia,Monitor,3,412725,76616
3980,15,2024-04-26,Electrodomesticos,Aspiradora,1,104219,35944
3981,298,2024-10-22,Electrodomesticos,Lavadora,4,650224,187262
3982,1232,2023-04-10,Deportes,Pesas,2,174236,39822
3983,560,2024-09-10,Deportes,Pesas,1,134834,49227
3984,1369,2024-03-09,Hogar,Lampara,3,399447,80575
3985,1012,2024-09-28,Electrodomesticos,Aspiradora,5,707035,168605
3986,900,2023-05-20,Deportes,Balon,1,107374,25197
3987,956,2023-07-12,Vestuario,Chaqueta,1,120661,23728
3988,518,2023-04-19,Deportes,Bicicleta,1,124129,44933
3989,411,2023-02-10,Tecnologia,Notebook,2,262904,96540
3990,1201,2024-03-12,Hogar,Mesa,3,183237,59127
3991,292,2024-11-28,Hogar,Silla,1,95318,34092
3992,730,2024-01-25,Electrodomesticos,Refrigerador,1,146428,32684
3993,1324,2024-01-15,Deportes,Pesas,1,115340,27314
3994,696,2024-03-28,Hogar,Lampara,3,315501,83258
3995,1025,2024-04-17,Vestuario,Pantalon,3,177780,48798
3996,713,2024-03-13,Hogar,Sofa,1,78491,28310
3997,804,2024-05-22,Tecnologia,Notebook,1,100888,33962
3998,1238,2024-12-24,Hogar,Sofa,1,184778,44063
3999,536,2024-01-12,Electrodomesticos,Lavadora,4,345316,95170
4000,1329,2024-09-07,Vestuario,Chaqueta,1,111665,23538
4001,275,2023-03-14,Tecnologia,Smartphone,2,285148,104466
4002,1351,2023-04-04,Deportes,Balon,1,57481,17441
4003,250,2023-03-06,Hogar,Lampara,1,129352,32246
4004,37,2024-09-27,Hogar,Silla,2,193290,35248
4005,1214,2023-11-04,Electrodomesticos,Microondas,2,49902,13335
4006,1368,2023-11-27,Hogar,Mesa,1,109999,41299
4007,716,2023-02-19,Deportes,Pesas,1,42369,9114
4008,1137,2023-01-04,Vestuario,Polera,1,77130,27303
4009,1408,2024-05-08,Deportes,Pesas,4,338988,68198
4010,924,2023-05-31,Electrodomesticos,Refrigerador,2,276618,62924
4011,357,2024-08-28,Vestuario,Pantalon,1,52334,18050
4012,1374,2023-09-11,Tecnologia,Notebook,1,45714,14467
4013,738,2024-08-17,Tecnologia,Smartphone,2,175936,46246
4014,441,2024-10-30,Deportes,Bicicleta,2,31052,10030
4015,810,2023-08-04,Tecnologia,Notebook,1,76206,20364
4016,1038,2024-09-12,Vestuario,Chaqueta,2,262522,65427
4017,1001,2024-10-21,Deportes,Raqueta,2,134160,28421
4018,337,2023-02-25,Deportes,Bicicleta,2,195496,37852
4019,637,2024-04-04,Electrodomesticos,Refrigerador,2,252840,81141
4020,762,2024-07-17,Deportes,Raqueta,4,168668,61706
4021,356,2024-04-08,Deportes,Balon,1,143645,29997
4022,649,2023-09-16,Hogar,Sofa,1,54810,12354
4023,872,2023-09-14,Electrodomesticos,Aspiradora,3,258090,91383
4024,689,2023-12-09,Vestuario,Zapatillas,2,218510,79774
4025,900,2024-02-29,Hogar,Mesa,1,103632,24003
4026,86,2023-10-11,Electrodomesticos,Lavadora,2,143786,49885
4027,527,2023-01-20,Electrodomesticos,Microondas,2,137066,30861
4028,1342,2023-04-11,Electrodomesticos,Aspiradora,1,92188,23551
4029,657,2023-09-25,Vestuario,Pantalon,1,70318,14143
4030,690,2024-09-19,Deportes,Bicicleta,3,194856,65883
4031,1232,2023-12-04,Deportes,Bicicleta,5,286555,76617
4032,270,2023-09-01,Vestuario,Pantalon,2,223692,46714
4033,323,2024-02-12,Hogar,Mesa,1,92192,17550
4034,1108,2023-01-02,Hogar,Sofa,1,91513,19544
4035,772,2023-01-04,Tecnologia,Monitor,4,339880,87263
4036,1022,2024-07-01,Electrodomesticos,Aspiradora,1,56173,12935
4037,288,2024-08-27,Vestuario,Chaqueta,4,226224,52736
4038,679,2023-08-22,Tecnologia,Smartphone,2,186760,65440
4039,942,2024-02-02,Tecnologia,Tablet,2,294080,79347
4040,76,2024-11-07,Vestuario,Chaqueta,1,74549,19544
4041,1146,2024-01-31,Deportes,Raqueta,2,204782,54045
4042,1066,2023-10-03,Tecnologia,Tablet,2,264240,52305
4043,1279,2023-12-23,Hogar,Sofa,2,110134,28865
4044,1448,2023-06-15,Tecnologia,Tablet,3,159615,57080
4045,1276,2023-04-13,Hogar,Mesa,3,351957,106304
4046,1039,2024-08-25,Tecnologia,Smartphone,2,119382,36183
4047,253,2024-12-12,Deportes,Pesas,2,266492,65565
4048,958,2023-02-19,Deportes,Bicicleta,2,89680,18194
4049,846,2024-02-19,Hogar,Sofa,4,107348,31335
4050,1406,2023-05-23,Electrodomesticos,Lavadora,4,538912,174608
4051,1395,2024-03-17,Electrodomesticos,Aspiradora,5,336390,122823
4052,742,2023-06-15,Vestuario,Chaqueta,1,92558,21528
4053,58,2023-10-26,Vestuario,Chaqueta,2,292388,55200
4054,1268,2023-04-06,Tecnologia,Smartphone,1,63878,12383
4055,674,2023-08-28,Vestuario,Chaqueta,2,10000,1906
4056,1440,2023-03-26,Tecnologia,Monitor,2,180428,45564
4057,257,2023-08-08,Vestuario,Pantalon,1,94993,28805
4058,365,2023-05-14,Vestuario,Chaqueta,3,168351,42813
4059,1298,2024-11-11,Deportes,Bicicleta,1,8527,2875
4060,329,2023-01-11,Deportes,Raqueta,6,259458,85441
4061,942,2024-04-14,Hogar,Sofa,1,88120,17635
4062,1232,2023-12-25,Electrodomesticos,Refrigerador,1,118900,26723
4063,331,2024-08-17,Vestuario,Chaqueta,1,87322,25287
4064,1079,2024-05-17,Deportes,Raqueta,3,362592,77003
4065,1480,2023-03-16,Deportes,Bicicleta,1,111811,40903
4066,1365,2024-01-13,Electrodomesticos,Lavadora,1,110532,29911
4067,227,2024-01-25,Hogar,Silla,2,278198,88619
4068,1083,2023-04-21,Hogar,Mesa,3,342753,121836
4069,304,2023-02-13,Hogar,Sofa,1,5000,970
4070,920,2023-02-19,Tecnologia,Notebook,2,201750,66217
4071,387,2023-03-18,Vestuario,Pantalon,1,90902,18491
4072,1272,2023-07-10,Vestuario,Pantalon,3,240285,70390
4073,1470,2024-05-02,Electrodomesticos,Lavadora,1,161174,56559
4074,65,2023-08-23,Hogar,Sofa,2,173148,65333
4075,929,2024-01-18,Hogar,Sofa,1,110771,24831
4076,290,2023-08-26,Tecnologia,Smartphone,1,25280,7350
4077,586,2023-05-11,Vestuario,Zapatillas,1,110549,34381
4078,1058,2024-03-04,Deportes,Raqueta,3,238776,87206
4079,931,2024-10-28,Deportes,Raqueta,2,289956,77885
4080,1356,2023-02-17,Electrodomesticos,Aspiradora,3,130599,25270
4081,742,2024-03-05,Tecnologia,Monitor,4,383760,119892
4082,972,2023-09-25,Vestuario,Zapatillas,1,124357,40221
4083,909,2023-04-24,Deportes,Balon,1,48619,10228
4084,1118,2023-11-11,Electrodomesticos,Microondas,3,472989,104325
4085,1196,2024-12-25,Hogar,Sofa,1,79589,15937
4086,971,2024-02-18,Deportes,Raqueta,2,134162,41721
4087,142,2024-09-06,Vestuario,Pantalon,1,174580,56491
4088,481,2024-07-02,Hogar,Silla,4,397476,126163
4089,1461,2024-09-17,Electrodomesticos,Aspiradora,4,412972,94260
4090,1343,2023-10-23,Tecnologia,Notebook,2,68068,12477
4091,366,2023-02-18,Vestuario,Pantalon,2,154960,29870
4092,1230,2024-06-01,Electrodomesticos,Lavadora,2,214176,64052
4093,1225,2023-08-22,Electrodomesticos,Refrigerador,3,138117,30643
4094,245,2023-07-12,Hogar,Mesa,3,77610,18258
4095,832,2023-10-09,Tecnologia,Tablet,1,123846,33703
4096,951,2023-01-02,Deportes,Balon,1,103765,28325
4097,871,2023-02-05,Tecnologia,Monitor,1,158604,37810
4098,1191,2023-11-16,Vestuario,Zapatillas,1,82264,20251
4099,635,2023-06-15,Electrodomesticos,Lavadora,1,36192,9467
4100,447,2023-04-21,Vestuario,Pantalon,3,289545,104162
4101,217,2023-07-16,Deportes,Bicicleta,4,325836,104230
4102,428,2023-11-18,Vestuario,Zapatillas,4,20000,4674
4103,444,2024-10-25,Hogar,Mesa,1,101991,30792
4104,209,2023-01-29,Tecnologia,Monitor,3,89157,28020
4105,237,2023-08-04,Hogar,Lampara,4,268724,57919
4106,1333,2024-09-22,Deportes,Bicicleta,1,73260,21466
4107,963,2023-10-16,Electrodomesticos,Refrigerador,3,77325,26158
4108,1239,2024-11-04,Hogar,Lampara,1,81164,22886
4109,552,2024-03-17,Hogar,Sofa,1,134181,47022
4110,682,2023-10-24,Electrodomesticos,Aspiradora,1,111158,22729
4111,939,2023-04-15,Electrodomesticos,Lavadora,4,345732,116145
4112,1192,2023-04-16,Vestuario,Chaqueta,1,128213,45326
4113,1391,2024-03-03,Tecnologia,Monitor,3,215199,45741
4114,1239,2023-01-15,Electrodomesticos,Refrigerador,3,260820,96170
4115,1074,2024-09-03,Vestuario,Pantalon,2,237066,71745
4116,470,2023-03-17,Hogar,Mesa,4,375708,73904
4117,176,2023-01-22,Electrodomesticos,Aspiradora,1,46221,16649
4118,540,2023-10-28,Tecnologia,Smartphone,1,60319,19008
4119,836,2024-03-02,Hogar,Mesa,2,101852,35550
4120,213,2024-04-13,Vestuario,Chaqueta,1,41679,7529
4121,751,2024-04-07,Deportes,Bicicleta,2,138992,46529
4122,1375,2023-10-02,Hogar,Silla,1,106396,38646
4123,850,2024-11-01,Deportes,Raqueta,3,265059,85829
4124,1183,2023-02-15,Tecnologia,Monitor,1,79833,17586
4125,316,2023-10-14,Deportes,Raqueta,1,78406,17352
4126,1236,2024-07-01,Electrodomesticos,Lavadora,1,59213,20217
4127,1271,2024-04-03,Tecnologia,Tablet,1,108900,25408
4128,1362,2023-10-08,Hogar,Silla,1,148674,39913
4129,204,2024-08-29,Deportes,Pesas,4,327596,78791
4130,263,2024-06-28,Deportes,Pesas,3,220404,76393
4131,68,2024-07-06,Deportes,Raqueta,5,328845,124436
4132,93,2023-06-26,Hogar,Lampara,1,44382,10203
4133,1270,2024-03-19,Vestuario,Polera,3,485643,124763
4134,53,2023-05-25,Vestuario,Pantalon,2,138048,38889
4135,301,2023-08-12,Hogar,Sofa,2,136030,44555
4136,467,2023-10-28,Deportes,Bicicleta,1,80254,28431
4137,830,2024-02-08,Electrodomesticos,Refrigerador,1,100576,19114
4138,371,2023-07-03,Tecnologia,Monitor,3,406896,127002
4139,478,2024-02-29,Vestuario,Chaqueta,2,208660,43006
4140,406,2024-01-20,Deportes,Pesas,4,385340,87331
4141,1359,2024-12-29,Tecnologia,Tablet,3,133800,43464
4142,965,2023-09-06,Hogar,Silla,3,217464,82407
4143,825,2023-03-07,Hogar,Silla,1,54485,15284
4144,182,2024-06-27,Deportes,Balon,3,322167,94913
4145,202,2024-11-08,Tecnologia,Smartphone,1,149524,29376
4146,945,2023-01-22,Electrodomesticos,Aspiradora,1,132888,46447
4147,232,2024-05-30,Vestuario,Chaqueta,3,367695,128725
4148,688,2023-12-17,Vestuario,Chaqueta,3,137946,32348
4149,591,2023-12-28,Electrodomesticos,Lavadora,3,177261,49928
4150,487,2023-09-18,Tecnologia,Smartphone,2,245942,64566
4151,1491,2024-11-29,Hogar,Lampara,1,88617,22410
4152,798,2024-04-12,Electrodomesticos,Lavadora,4,280436,63911
4153,1441,2024-05-21,Electrodomesticos,Refrigerador,4,355388,72776
4154,485,2024-01-05,Tecnologia,Tablet,1,68969,13772
4155,1071,2023-08-21,Tecnologia,Notebook,1,66560,18305
4156,149,2024-02-08,Electrodomesticos,Aspiradora,3,434577,159205
4157,1380,2024-05-31,Tecnologia,Smartphone,2,332232,62697
4158,1307,2023-08-10,Vestuario,Chaqueta,2,43800,10809
4159,544,2023-03-11,Deportes,Balon,4,463648,107019
4160,752,2024-05-26,Vestuario,Pantalon,4,300380,89377
4161,1065,2023-11-23,Tecnologia,Notebook,5,301825,105875
4162,552,2023-04-23,Vestuario,Pantalon,6,1132746,352974
4163,836,2024-11-02,Vestuario,Polera,1,93552,29329
4164,650,2023-04-20,Electrodomesticos,Refrigerador,3,280980,55290
4165,624,2023-08-03,Tecnologia,Tablet,3,127881,43064
4166,91,2024-05-04,Hogar,Lampara,3,346536,108951
4167,33,2024-07-10,Vestuario,Polera,2,195826,59200
4168,1485,2023-02-19,Electrodomesticos,Microondas,3,139140,36039
4169,361,2023-08-11,Electrodomesticos,Lavadora,1,116952,39405
4170,1300,2024-03-04,Tecnologia,Notebook,1,89915,24150
4171,61,2023-05-29,Vestuario,Zapatillas,1,109080,29029
4172,847,2024-01-24,Deportes,Raqueta,3,214986,77306
4173,596,2024-08-19,Electrodomesticos,Microondas,1,112691,30467
4174,503,2024-06-08,Tecnologia,Monitor,1,117904,32811
4175,480,2023-12-22,Deportes,Bicicleta,2,10000,2073
4176,1346,2023-02-12,Tecnologia,Tablet,2,257946,49851
4177,917,2023-05-19,Tecnologia,Monitor,4,401352,77053
4178,1145,2023-09-04,Hogar,Lampara,1,58051,14098
4179,594,2024-01-31,Tecnologia,Smartphone,1,180310,64626
4180,276,2024-03-30,Electrodomesticos,Refrigerador,1,71314,13884
4181,487,2024-02-29,Vestuario,Zapatillas,1,121201,28029
4182,170,2023-01-02,Tecnologia,Monitor,3,339798,101475
4183,597,2023-07-19,Vestuario,Polera,3,184428,48629
4184,756,2023-12-09,Tecnologia,Monitor,4,390564,136991
4185,408,2023-06-29,Vestuario,Polera,1,130270,31085
4186,197,2024-08-16,Vestuario,Zapatillas,1,81369,25992
4187,331,2024-05-18,Tecnologia,Notebook,2,295076,53482
4188,423,2023-05-30,Tecnologia,Notebook,1,30472,7382
4189,47,2023-09-04,Hogar,Sofa,2,113904,21343
4190,1488,2023-04-25,Hogar,Sofa,4,173624,39902
4191,1425,2024-05-06,Deportes,Bicicleta,2,79662,18017
4192,84,2024-07-02,Hogar,Lampara,2,115804,26998
4193,355,2023-11-01,Electrodomesticos,Lavadora,4,386368,76771
4194,633,2024-05-24,Electrodomesticos,Microondas,2,313196,95799
4195,1363,2024-03-22,Vestuario,Chaqueta,2,144128,37830
4196,1258,2023-10-25,Electrodomesticos,Microondas,2,273054,71439
4197,543,2023-10-12,Electrodomesticos,Aspiradora,1,112091,22909
4198,829,2023-05-14,Vestuario,Chaqueta,5,699005,243313
4199,804,2023-06-22,Vestuario,Pantalon,4,194428,40332
4200,139,2024-01-19,Hogar,Mesa,1,70806,13605
4201,839,2023-01-31,Deportes,Raqueta,2,153180,49559
4202,496,2024-03-31,Electrodomesticos,Refrigerador,1,155569,48331
4203,1324,2024-01-06,Electrodomesticos,Lavadora,1,183664,39276
4204,1145,2024-02-21,Deportes,Balon,2,39380,11230
4205,144,2023-01-24,Vestuario,Polera,3,62496,22645
4206,1154,2024-08-27,Tecnologia,Smartphone,2,204752,61783
4207,917,2023-07-15,Tecnologia,Monitor,3,350256,94498
4208,1396,2023-10-09,Tecnologia,Smartphone,3,135315,39485
4209,644,2024-03-08,Deportes,Pesas,3,360456,95784
4210,260,2023-12-25,Hogar,Lampara,3,328419,76255
4211,204,2023-09-09,Electrodomesticos,Aspiradora,1,6819,2336
4212,38,2023-09-12,Vestuario,Zapatillas,2,122180,24995
4213,290,2023-05-17,Hogar,Mesa,3,453351,84221
4214,305,2023-03-27,Electrodomesticos,Microondas,3,86169,20882
4215,777,2023-04-09,Hogar,Silla,3,236628,55069
4216,880,2023-12-08,Tecnologia,Notebook,1,110974,38413
4217,519,2024-12-07,Vestuario,Chaqueta,2,104018,37610
4218,710,2023-09-01,Hogar,Lampara,1,60030,21627
4219,900,2024-12-05,Deportes,Balon,2,38816,13673
4220,1171,2023-03-14,Electrodomesticos,Refrigerador,2,264700,67513
4221,410,2023-05-11,Electrodomesticos,Aspiradora,4,482588,159385
4222,700,2023-02-03,Deportes,Pesas,1,5000,1385
4223,329,2023-09-22,Tecnologia,Tablet,2,14358,2891
4224,1125,2023-12-06,Vestuario,Polera,4,242628,57247
4225,1452,2023-04-13,Deportes,Balon,1,37075,11950
4226,1477,2023-03-19,Electrodomesticos,Lavadora,4,574692,155646
4227,805,2023-02-10,Electrodomesticos,Refrigerador,1,143682,37040
4228,781,2024-05-20,Vestuario,Polera,2,254080,74662
4229,1173,2023-04-16,Vestuario,Pantalon,2,186172,61551
4230,616,2023-11-07,Electrodomesticos,Refrigerador,2,303800,57804
4231,141,2024-09-11,Deportes,Pesas,2,235364,68535
4232,1433,2024-12-26,Electrodomesticos,Lavadora,1,108266,34827
4233,676,2023-11-08,Hogar,Mesa,1,121423,32088
4234,1123,2024-10-05,Vestuario,Polera,3,324336,82756
4235,1229,2024-04-13,Vestuario,Polera,4,123392,24998
4236,250,2023-08-07,Tecnologia,Tablet,1,95758,31569
4237,1474,2023-12-27,Deportes,Raqueta,2,250928,79168
4238,1164,2023-10-20,Electrodomesticos,Lavadora,2,145702,26903
4239,444,2024-02-01,Vestuario,Polera,1,48905,11145
4240,775,2023-12-30,Deportes,Pesas,2,141940,49207
4241,101,2024-02-23,Deportes,Bicicleta,1,114769,39493
4242,1271,2023-10-08,Deportes,Bicicleta,1,100245,18472
4243,571,2023-07-26,Deportes,Balon,1,165144,40134
4244,207,2023-06-22,Deportes,Pesas,2,148000,55119
4245,406,2023-06-18,Electrodomesticos,Aspiradora,3,246867,56275
4246,1000,2024-12-11,Tecnologia,Smartphone,2,106828,22022
4247,1217,2024-06-02,Electrodomesticos,Aspiradora,4,397556,147227
4248,1323,2023-11-10,Electrodomesticos,Microondas,4,333608,103664
4249,197,2023-05-16,Hogar,Silla,2,199614,51055
4250,198,2023-04-13,Tecnologia,Monitor,2,228374,57901
4251,904,2023-11-13,Electrodomesticos,Refrigerador,2,69704,21668
4252,1320,2024-05-22,Deportes,Pesas,2,104494,39400
4253,89,2023-12-06,Hogar,Sofa,3,177087,57552
4254,70,2024-03-12,Deportes,Pesas,1,91716,17515
4255,1056,2023-11-01,Electrodomesticos,Microondas,2,181108,38163
4256,1240,2024-01-20,Electrodomesticos,Microondas,2,147696,45639
4257,1053,2023-12-06,Deportes,Raqueta,1,117703,24131
4258,1060,2023-01-16,Vestuario,Zapatillas,8,783672,150517
4259,492,2023-04-09,Hogar,Sofa,1,22491,6838
4260,981,2023-06-05,Vestuario,Pantalon,1,72852,20819
4261,527,2023-09-15,Deportes,Pesas,1,88731,24705
4262,1421,2024-03-10,Electrodomesticos,Microondas,2,223558,73839
4263,1431,2024-11-22,Tecnologia,Smartphone,3,28416,10004
4264,429,2023-11-25,Deportes,Balon,1,21404,3939
4265,1441,2024-01-12,Tecnologia,Monitor,1,100743,21067
4266,1168,2024-12-29,Hogar,Mesa,2,305198,65531
4267,241,2024-03-28,Electrodomesticos,Lavadora,3,254844,54463
4268,26,2023-10-17,Hogar,Sofa,1,63171,14369
4269,1179,2023-03-12,Tecnologia,Tablet,1,104895,38193
4270,1500,2023-05-05,Deportes,Pesas,1,95823,20273
4271,1483,2023-06-13,Vestuario,Chaqueta,3,130008,27752
4272,1497,2023-09-09,Deportes,Raqueta,1,100289,20838
4273,1412,2024-05-31,Tecnologia,Monitor,1,129270,35683
4274,1268,2023-04-04,Tecnologia,Monitor,2,170070,43729
4275,632,2023-07-11,Tecnologia,Smartphone,4,319564,74750
4276,1113,2024-09-01,Vestuario,Zapatillas,1,43345,14406
4277,474,2024-01-21,Vestuario,Zapatillas,5,238070,47971
4278,420,2023-09-11,Vestuario,Chaqueta,1,108082,34720
4279,1123,2023-09-28,Electrodomesticos,Microondas,3,210909,37983
4280,1139,2024-05-20,Vestuario,Polera,1,143363,50082
4281,1422,2023-10-22,Electrodomesticos,Microondas,2,75562,28370
4282,866,2023-12-31,Deportes,Raqueta,1,80201,15796
4283,246,2024-10-15,Tecnologia,Notebook,3,219273,83001
4284,1211,2024-05-01,Hogar,Lampara,2,207054,37542
4285,915,2023-04-30,Tecnologia,Monitor,2,340356,129315
4286,73,2024-01-29,Vestuario,Chaqueta,1,68442,21413
4287,22,2024-05-08,Vestuario,Pantalon,2,297444,112379
4288,616,2024-02-16,Electrodomesticos,Microondas,3,195129,56813
4289,204,2024-05-25,Vestuario,Polera,1,117238,31034
4290,1198,2023-05-09,Deportes,Balon,3,175095,41221
4291,969,2024-06-07,Deportes,Balon,6,432774,109977
4292,1224,2023-06-21,Deportes,Raqueta,2,136108,32815
4293,1017,2023-08-11,Electrodomesticos,Refrigerador,1,148549,47470
4294,44,2024-10-17,Electrodomesticos,Aspiradora,1,84367,18302
4295,452,2024-04-25,Deportes,Pesas,1,127024,37763
4296,678,2023-04-18,Hogar,Lampara,6,212028,59441
4297,229,2024-03-25,Vestuario,Polera,1,119904,43371
4298,1014,2023-03-27,Deportes,Pesas,2,149216,43030
4299,123,2024-11-02,Tecnologia,Notebook,3,331017,115809
4300,1387,2024-10-08,Tecnologia,Notebook,3,92739,31934
4301,1425,2024-08-22,Tecnologia,Tablet,2,199806,65721
4302,345,2023-05-05,Deportes,Bicicleta,1,84431,27898
4303,389,2024-04-16,Vestuario,Chaqueta,1,51119,14723
4304,775,2024-09-12,Hogar,Sofa,1,81508,20391
4305,538,2024-01-22,Deportes,Raqueta,1,142285,49083
4306,344,2023-11-19,Hogar,Lampara,3,225882,50824
4307,454,2024-02-22,Electrodomesticos,Aspiradora,2,279716,62287
4308,687,2023-11-03,Vestuario,Chaqueta,1,167659,41427
4309,86,2023-02-06,Tecnologia,Smartphone,1,87826,18425
4310,1359,2023-08-12,Electrodomesticos,Microondas,1,63811,17888
4311,33,2023-04-01,Deportes,Raqueta,2,157500,48793
4312,1435,2024-04-23,Deportes,Raqueta,1,63129,19990
4313,491,2023-12-26,Vestuario,Pantalon,1,101449,31064
4314,190,2023-03-14,Vestuario,Pantalon,5,179425,45068
4315,32,2023-05-25,Deportes,Pesas,3,276048,69862
4316,727,2024-12-12,Deportes,Balon,3,258990,68336
4317,1031,2024-01-24,Vestuario,Polera,4,394628,87939
4318,1341,2024-12-12,Deportes,Balon,1,135062,27830
4319,1409,2024-06-21,Tecnologia,Smartphone,3,462495,148450
4320,87,2024-06-11,Hogar,Lampara,7,905023,165779
4321,399,2024-04-01,Vestuario,Pantalon,1,116370,31705
4322,418,2023-03-15,Tecnologia,Smartphone,2,293794,72942
4323,795,2023-02-05,Hogar,Silla,2,295324,83583
4324,772,2024-09-30,Vestuario,Pantalon,1,103366,32942
4325,1187,2024-12-20,Electrodomesticos,Aspiradora,2,145114,33830
4326,238,2023-05-26,Vestuario,Polera,1,77071,28314
4327,642,2023-02-09,Deportes,Pesas,1,144255,51605
4328,13,2023-11-17,Electrodomesticos,Lavadora,7,704921,193283
4329,1177,2024-06-18,Electrodomesticos,Refrigerador,4,367352,92377
4330,1250,2023-08-08,Electrodomesticos,Lavadora,2,217822,78848
4331,1022,2023-03-14,Vestuario,Pantalon,1,87061,30232
4332,772,2024-01-11,Deportes,Bicicleta,4,449864,120747
4333,1331,2024-12-27,Tecnologia,Tablet,1,111059,35386
4334,588,2024-03-08,Vestuario,Pantalon,1,106204,23656
4335,1369,2024-10-07,Hogar,Mesa,2,160874,29446
4336,1196,2023-04-03,Electrodomesticos,Microondas,4,324888,67419
4337,317,2024-09-07,Electrodomesticos,Microondas,1,120623,28358
4338,990,2024-09-18,Tecnologia,Monitor,4,286684,95593
4339,1092,2024-02-06,Hogar,Mesa,1,124012,43084
4340,734,2023-08-13,Hogar,Silla,1,102743,34966
4341,249,2024-02-19,Electrodomesticos,Refrigerador,2,144848,27689
4342,52,2023-06-07,Tecnologia,Notebook,1,134246,50156
4343,880,2024-10-23,Deportes,Pesas,3,338517,125650
4344,721,2023-11-22,Vestuario,Chaqueta,5,648825,126174
4345,1334,2024-02-26,Tecnologia,Monitor,1,137679,30304
4346,830,2023-07-06,Hogar,Sofa,1,76614,13832
4347,707,2023-07-03,Hogar,Sofa,1,19100,3973
4348,1147,2023-07-06,Electrodomesticos,Microondas,1,111179,22854
4349,1464,2023-04-29,Vestuario,Pantalon,2,298772,104761
4350,1359,2024-03-04,Electrodomesticos,Lavadora,2,287012,63051
4351,1460,2023-01-21,Electrodomesticos,Aspiradora,2,215430,66286
4352,805,2024-01-11,Vestuario,Chaqueta,4,253016,92986
4353,116,2023-12-09,Deportes,Bicicleta,1,8592,2137
4354,276,2023-01-06,Deportes,Bicicleta,2,165692,44869
4355,1498,2024-01-14,Deportes,Balon,1,119775,29059
4356,173,2023-03-11,Vestuario,Polera,2,278674,61569
4357,1363,2023-09-04,Hogar,Lampara,1,102837,34810
4358,1086,2023-06-06,Hogar,Silla,1,53050,9860
4359,1340,2023-08-09,Electrodomesticos,Lavadora,1,42150,8523
4360,1338,2023-07-17,Deportes,Raqueta,1,53178,10505
4361,420,2024-08-05,Tecnologia,Smartphone,3,155694,58895
4362,832,2024-02-25,Hogar,Silla,3,334497,76117
4363,566,2024-10-17,Hogar,Lampara,3,210054,45818
4364,1332,2024-09-11,Electrodomesticos,Lavadora,1,99208,20556
4365,814,2023-04-11,Electrodomesticos,Aspiradora,1,118142,28442
4366,639,2023-05-18,Deportes,Raqueta,3,283893,91159
4367,1083,2024-02-20,Hogar,Mesa,2,199098,42079
4368,164,2023-08-16,Hogar,Sofa,2,291504,96253
4369,18,2023-03-01,Electrodomesticos,Lavadora,1,11560,4219
4370,947,2023-07-01,Tecnologia,Monitor,1,23298,4375
4371,262,2024-07-09,Electrodomesticos,Lavadora,1,100163,30063
4372,253,2023-05-16,Deportes,Raqueta,1,119664,45296
4373,949,2023-09-30,Vestuario,Zapatillas,2,437102,83452
4374,1056,2024-10-15,Deportes,Bicicleta,1,61221,22121
4375,797,2024-10-15,Vestuario,Chaqueta,1,69556,18786
4376,746,2024-07-25,Deportes,Balon,3,299445,75322
4377,1076,2023-07-26,Vestuario,Chaqueta,3,275748,99329
4378,1233,2023-09-07,Vestuario,Polera,1,132698,25351
4379,1480,2023-08-30,Deportes,Raqueta,2,222698,58919
4380,761,2023-10-10,Vestuario,Pantalon,3,376686,111828
4381,781,2024-03-03,Tecnologia,Tablet,4,532120,168858
4382,235,2023-07-21,Tecnologia,Notebook,4,539788,193514
4383,463,2024-03-22,Hogar,Sofa,1,81474,28025
4384,978,2023-08-09,Hogar,Mesa,1,175031,50086
4385,872,2023-01-12,Electrodomesticos,Aspiradora,1,107231,20154
4386,1021,2024-01-07,Deportes,Balon,1,38512,13195
4387,678,2023-08-17,Hogar,Silla,3,221520,45956
4388,568,2024-03-12,Hogar,Silla,3,193719,48876
4389,151,2024-12-22,Electrodomesticos,Microondas,2,162264,29515
4390,650,2023-11-05,Electrodomesticos,Lavadora,1,111597,22592
4391,777,2023-02-17,Deportes,Balon,2,192100,43932
4392,1057,2024-08-18,Hogar,Mesa,3,74304,15937
4393,1398,2024-02-07,Vestuario,Chaqueta,1,124176,45477
4394,148,2024-04-03,Deportes,Raqueta,3,341043,88336
4395,424,2023-06-21,Vestuario,Zapatillas,1,33525,10320
4396,164,2024-01-26,Tecnologia,Tablet,5,583925,157171
4397,390,2023-07-04,Electrodomesticos,Aspiradora,1,102487,31352
4398,72,2024-07-31,Electrodomesticos,Lavadora,2,192914,42822
4399,713,2024-09-02,Tecnologia,Notebook,1,191061,36949
4400,999,2024-10-28,Hogar,Lampara,2,303336,55179
4401,497,2024-04-16,Tecnologia,Monitor,5,423600,106905
4402,826,2024-10-20,Vestuario,Zapatillas,1,119704,42652
4403,691,2023-11-18,Deportes,Bicicleta,4,354936,99293
4404,929,2024-05-18,Tecnologia,Smartphone,1,145072,42049
4405,273,2024-12-24,Tecnologia,Monitor,3,294798,79080
4406,1449,2023-05-14,Electrodomesticos,Lavadora,5,278125,93892
4407,931,2024-08-07,Tecnologia,Notebook,2,185170,52989
4408,732,2024-02-27,Electrodomesticos,Microondas,2,124716,40768
4409,923,2024-10-12,Tecnologia,Notebook,2,58800,13041
4410,1451,2024-09-25,Vestuario,Polera,2,313636,104247
4411,93,2023-03-31,Vestuario,Zapatillas,1,86919,31096
4412,879,2024-01-29,Tecnologia,Tablet,1,62453,17991
4413,39,2023-03-20,Electrodomesticos,Microondas,1,80591,22490
4414,1486,2024-10-25,Deportes,Balon,1,137170,29424
4415,1144,2024-06-05,Hogar,Lampara,1,59140,15172
4416,251,2024-05-17,Tecnologia,Tablet,6,356328,67368
4417,17,2023-03-06,Electrodomesticos,Aspiradora,4,177344,59062
4418,396,2024-08-18,Tecnologia,Monitor,2,275830,60839
4419,1007,2024-08-28,Vestuario,Zapatillas,2,212028,66936
4420,304,2023-02-10,Hogar,Silla,1,134048,49346
4421,235,2023-06-16,Vestuario,Pantalon,1,15722,3110
4422,807,2023-01-07,Vestuario,Zapatillas,5,352195,131048
4423,548,2023-05-29,Deportes,Bicicleta,1,29021,6705
4424,1417,2023-07-04,Deportes,Balon,1,80426,26825
4425,33,2024-04-14,Deportes,Raqueta,2,152326,45774
4426,1380,2024-06-06,Electrodomesticos,Lavadora,2,245808,61184
4427,274,2024-09-08,Deportes,Balon,4,338452,126886
4428,811,2023-05-17,Vestuario,Chaqueta,1,54684,17411
4429,794,2023-07-23,Electrodomesticos,Refrigerador,2,215432,52282
4430,833,2024-06-05,Deportes,Balon,1,205352,69747
4431,787,2024-04-12,Vestuario,Pantalon,1,5000,1691
4432,744,2024-07-22,Vestuario,Pantalon,3,215511,56546
4433,135,2023-01-24,Deportes,Raqueta,2,223320,61969
4434,371,2024-12-02,Electrodomesticos,Microondas,3,258249,88308
4435,591,2024-05-03,Tecnologia,Smartphone,4,171960,56488
4436,1343,2023-08-24,Deportes,Bicicleta,1,101133,30163
4437,326,2023-11-10,Deportes,Balon,1,119061,39515
4438,118,2024-10-03,Vestuario,Pantalon,2,161186,60281
4439,1491,2023-06-25,Hogar,Silla,2,330238,70327
4440,467,2023-01-16,Deportes,Pesas,1,77305,21281
4441,702,2023-02-03,Electrodomesticos,Aspiradora,1,139913,45972
4442,154,2023-03-15,Tecnologia,Tablet,2,207440,75321
4443,1158,2024-03-10,Deportes,Raqueta,2,233408,64075
4444,34,2023-10-05,Electrodomesticos,Lavadora,3,312843,115704
4445,1446,2023-04-19,Electrodomesticos,Lavadora,3,159435,44470
4446,1372,2024-10-19,Electrodomesticos,Refrigerador,1,42179,10861
4447,762,2023-01-12,Electrodomesticos,Microondas,1,73197,24383
4448,599,2024-08-14,Vestuario,Pantalon,3,465135,169462
4449,123,2024-09-20,Deportes,Balon,1,115187,41208
4450,476,2023-03-12,Deportes,Pesas,2,228546,56043
4451,709,2024-12-21,Electrodomesticos,Microondas,1,129054,40231
4452,1453,2024-08-31,Hogar,Sofa,1,91803,24423
4453,928,2023-01-18,Electrodomesticos,Aspiradora,1,160958,36258
4454,1042,2023-03-21,Vestuario,Pantalon,2,120832,29625
4455,738,2024-03-15,Tecnologia,Smartphone,1,125205,24413
4456,642,2024-09-04,Tecnologia,Monitor,2,106082,21252
4457,290,2023-10-20,Deportes,Raqueta,3,411543,104833
4458,1,2023-05-26,Electrodomesticos,Aspiradora,1,135900,45272
4459,143,2023-07-26,Deportes,Balon,1,103014,23463
4460,19,2023-02-10,Electrodomesticos,Aspiradora,4,781172,191846
4461,858,2023-06-12,Electrodomesticos,Lavadora,1,82040,15451
4462,370,2023-07-09,Hogar,Sofa,2,187274,70827
4463,781,2023-08-04,Vestuario,Polera,5,319110,66547
4464,1224,2023-05-06,Hogar,Mesa,2,218428,55486
4465,1093,2023-08-04,Deportes,Raqueta,1,91899,20895
4466,1431,2024-10-29,Vestuario,Polera,1,85105,27646
4467,312,2023-09-28,Deportes,Bicicleta,5,283435,70496
4468,1352,2023-10-09,Deportes,Balon,1,94009,17867
4469,1112,2023-06-30,Electrodomesticos,Refrigerador,3,218196,39435
4470,968,2024-08-22,Deportes,Raqueta,1,107614,32293
4471,1412,2023-11-03,Deportes,Balon,2,158682,52253
4472,1018,2024-01-04,Vestuario,Pantalon,1,142716,37128
4473,569,2024-07-13,Electrodomesticos,Microondas,4,314576,61776
4474,968,2023-03-09,Vestuario,Polera,1,51016,19370
4475,24,2024-10-17,Hogar,Silla,6,763110,276148
4476,963,2024-03-15,Electrodomesticos,Aspiradora,1,70670,16897
4477,728,2023-06-29,Tecnologia,Notebook,1,94489,24651
4478,1172,2024-10-09,Hogar,Sofa,1,113141,26260
4479,488,2024-01-30,Electrodomesticos,Lavadora,1,87346,27899
4480,338,2024-07-19,Electrodomesticos,Aspiradora,1,127101,32043
4481,739,2024-11-25,Hogar,Sofa,1,149995,29383
4482,909,2024-12-29,Vestuario,Pantalon,1,135291,46657
4483,102,2024-04-27,Hogar,Sofa,3,239835,44792
4484,413,2023-09-14,Vestuario,Zapatillas,4,129256,25955
4485,1075,2023-03-25,Electrodomesticos,Microondas,5,493330,153131
4486,769,2024-09-07,Tecnologia,Tablet,3,399540,129158
4487,1105,2024-11-15,Hogar,Silla,1,179888,51053
4488,1086,2024-08-15,Hogar,Mesa,1,106076,27319
4489,664,2023-08-09,Electrodomesticos,Lavadora,1,83431,23420
4490,60,2024-03-11,Deportes,Raqueta,1,74799,23227
4491,785,2024-12-05,Deportes,Balon,2,163922,44655
4492,1089,2024-07-18,Vestuario,Zapatillas,2,155622,31876
4493,653,2024-12-16,Hogar,Silla,3,341901,63380
4494,375,2023-03-22,Tecnologia,Smartphone,4,213172,76253
4495,1089,2023-07-26,Deportes,Bicicleta,2,214368,67069
4496,298,2024-01-01,Hogar,Sofa,1,93241,31504
4497,354,2024-10-30,Electrodomesticos,Microondas,2,171500,48715
4498,1103,2023-10-14,Vestuario,Zapatillas,1,146498,27221
4499,1018,2024-12-10,Tecnologia,Notebook,3,399315,144070
4500,883,2023-11-04,Vestuario,Zapatillas,1,129736,44165
4501,448,2023-11-09,Vestuario,Chaqueta,1,54774,20384
4502,1212,2024-02-07,Tecnologia,Monitor,1,102591,35476
4503,661,2023-03-28,Tecnologia,Notebook,3,285462,55540
4504,394,2024-04-01,Hogar,Mesa,1,77589,26149
4505,231,2023-04-08,Tecnologia,Smartphone,4,189624,53858
4506,1387,2023-05-29,Hogar,Sofa,1,58860,21110
4507,7,2023-06-29,Vestuario,Chaqueta,3,263376,80283
4508,1435,2023-08-31,Vestuario,Pantalon,2,200148,56141
4509,1374,2024-09-11,Vestuario,Zapatillas,1,108552,23381
4510,422,2023-06-30,Vestuario,Zapatillas,3,313152,74843
4511,1377,2024-12-28,Tecnologia,Notebook,4,256764,72474
4512,11,2023-08-13,Vestuario,Zapatillas,3,245571,80178
4513,228,2024-11-05,Tecnologia,Notebook,5,409165,90124
4514,500,2023-12-09,Tecnologia,Notebook,3,239391,69719
4515,632,2024-02-15,Deportes,Balon,4,339380,96496
4516,1173,2023-07-17,Deportes,Pesas,3,338406,92677
4517,1111,2023-07-13,Electrodomesticos,Aspiradora,3,457398,83302
4518,22,2024-09-15,Tecnologia,Monitor,4,479528,134840
4519,210,2024-07-21,Electrodomesticos,Lavadora,3,163506,50185
4520,490,2024-09-24,Vestuario,Pantalon,1,142022,39105
4521,432,2023-05-04,Electrodomesticos,Lavadora,2,138658,30460
4522,1129,2024-03-01,Deportes,Bicicleta,2,240478,60898
4523,1227,2023-08-16,Tecnologia,Tablet,2,200886,55516
4524,767,2024-05-06,Tecnologia,Tablet,2,94888,21422
4525,909,2023-07-10,Vestuario,Zapatillas,1,120677,43200
4526,1328,2024-08-17,Hogar,Mesa,1,30841,6866
4527,622,2024-02-17,Electrodomesticos,Aspiradora,2,165220,57398
4528,86,2024-07-15,Hogar,Mesa,2,203188,41282
4529,130,2024-06-27,Electrodomesticos,Lavadora,1,79412,28672
4530,1007,2024-10-25,Vestuario,Pantalon,2,267966,80971
4531,1019,2024-07-27,Tecnologia,Smartphone,4,484064,87754
4532,36,2023-05-14,Electrodomesticos,Lavadora,2,211462,62107
4533,989,2024-10-12,Vestuario,Chaqueta,1,45757,13821
4534,693,2023-12-09,Deportes,Balon,7,1060031,251206
4535,1244,2024-01-14,Hogar,Sofa,2,286814,83453
4536,1145,2024-01-20,Hogar,Mesa,1,112824,31733
4537,631,2024-09-01,Vestuario,Polera,2,142552,31294
4538,131,2024-12-03,Tecnologia,Tablet,4,351644,103128
4539,21,2024-10-29,Hogar,Silla,1,98028,25505
4540,971,2023-10-26,Tecnologia,Tablet,1,100569,22808
4541,756,2023-04-24,Hogar,Sofa,2,99964,23865
4542,925,2024-11-06,Electrodomesticos,Lavadora,2,87550,21631
4543,1231,2023-02-17,Vestuario,Pantalon,3,293109,98630
4544,678,2023-03-19,Hogar,Mesa,1,67546,14549
4545,728,2024-02-13,Deportes,Pesas,4,683740,204346
4546,294,2024-06-15,Deportes,Raqueta,3,358944,78693
4547,1015,2023-01-21,Deportes,Pesas,3,349698,110854
4548,1283,2023-07-08,Electrodomesticos,Aspiradora,4,20000,5134
4549,214,2024-11-07,Electrodomesticos,Microondas,1,122237,42160
4550,151,2023-03-02,Hogar,Lampara,2,247524,76757
4551,7,2024-09-20,Electrodomesticos,Lavadora,3,253596,68480
4552,1371,2023-09-05,Deportes,Pesas,1,122255,24023
4553,895,2024-04-16,Deportes,Pesas,1,156904,49638
4554,1045,2024-11-28,Hogar,Silla,2,126284,33469
4555,829,2024-04-10,Deportes,Bicicleta,1,90864,22074
4556,171,2024-12-28,Electrodomesticos,Aspiradora,2,170320,60842
4557,52,2024-01-29,Electrodomesticos,Microondas,2,304334,59366
4558,738,2024-05-10,Electrodomesticos,Refrigerador,2,226574,84945
4559,1230,2023-02-02,Vestuario,Pantalon,2,223522,54772
4560,183,2024-03-10,Deportes,Pesas,3,262140,58629
4561,1303,2023-08-23,Tecnologia,Tablet,2,329286,91462
4562,937,2024-10-15,Vestuario,Zapatillas,3,249900,53792
4563,784,2024-06-02,Vestuario,Chaqueta,3,510222,180094
4564,1176,2024-09-18,Deportes,Balon,1,117583,21412
4565,1255,2024-07-29,Tecnologia,Monitor,2,224630,66778
4566,1191,2024-09-08,Electrodomesticos,Lavadora,1,123757,45480
4567,612,2024-07-25,Deportes,Bicicleta,1,72197,18547
4568,567,2024-09-02,Vestuario,Pantalon,3,239196,62413
4569,1409,2024-01-25,Tecnologia,Smartphone,2,164690,56657
4570,709,2023-08-05,Deportes,Pesas,4,280696,106194
4571,1376,2023-08-03,Vestuario,Polera,3,232617,55189
4572,199,2023-06-13,Deportes,Pesas,6,536478,143624
4573,1291,2024-10-11,Vestuario,Chaqueta,3,330162,71837
4574,738,2024-06-12,Vestuario,Zapatillas,1,91828,24933
4575,239,2023-05-10,Hogar,Mesa,1,5344,1712
4576,628,2024-12-27,Electrodomesticos,Microondas,3,147591,52028
4577,1079,2024-02-17,Electrodomesticos,Microondas,1,32788,11036
4578,730,2023-11-05,Tecnologia,Tablet,4,331468,87000
4579,1354,2023-05-04,Hogar,Sofa,2,23650,5517
4580,149,2024-12-30,Electrodomesticos,Lavadora,2,127872,36949
4581,245,2023-08-09,Tecnologia,Notebook,1,74269,21969
4582,686,2023-06-17,Deportes,Balon,2,184192,35118
4583,1112,2024-11-05,Deportes,Pesas,1,74571,23689
4584,1447,2023-02-17,Deportes,Pesas,3,281148,90758
4585,514,2024-08-31,Hogar,Sofa,3,65769,17497
4586,1397,2024-07-18,Tecnologia,Smartphone,4,62560,19471
4587,613,2024-04-15,Deportes,Bicicleta,2,150372,42230
4588,1305,2023-01-17,Hogar,Sofa,1,73028,18307
4589,719,2024-03-31,Tecnologia,Monitor,3,324495,119712
4590,422,2023-02-15,Electrodomesticos,Lavadora,2,147548,55691
4591,1427,2024-02-17,Vestuario,Polera,3,270009,72113
4592,1312,2023-07-02,Tecnologia,Notebook,1,109767,31879
4593,1304,2024-07-27,Vestuario,Zapatillas,4,602100,115471
4594,868,2023-01-28,Deportes,Bicicleta,2,283590,101128
4595,307,2024-12-14,Electrodomesticos,Aspiradora,2,146092,42628
4596,1108,2023-02-16,Electrodomesticos,Aspiradora,1,134009,27877
4597,1363,2024-06-27,Electrodomesticos,Refrigerador,1,136107,48922
4598,1232,2024-04-29,Hogar,Silla,1,116333,23638
4599,373,2023-06-02,Deportes,Raqueta,3,196590,44172
4600,1267,2024-11-14,Vestuario,Pantalon,3,435936,127237
4601,234,2024-06-09,Deportes,Bicicleta,2,205060,59329
4602,688,2023-06-10,Vestuario,Pantalon,1,90028,32949
4603,9,2024-01-20,Deportes,Raqueta,4,283464,81163
4604,398,2024-07-08,Vestuario,Chaqueta,1,92741,24764
4605,840,2024-12-10,Hogar,Mesa,1,78610,24956
4606,185,2023-05-08,Electrodomesticos,Lavadora,2,265636,79838
4607,1227,2023-04-06,Vestuario,Pantalon,2,143926,30599
4608,1443,2024-04-18,Vestuario,Chaqueta,1,139033,35582
4609,1485,2023-02-12,Tecnologia,Tablet,1,147322,37557
4610,36,2023-08-20,Electrodomesticos,Refrigerador,2,171680,63584
4611,1281,2024-04-14,Hogar,Silla,2,93092,33608
4612,517,2024-09-16,Deportes,Balon,4,252896,93331
4613,955,2023-11-14,Deportes,Bicicleta,2,88406,16556
4614,1226,2024-02-14,Tecnologia,Notebook,2,271646,94739
4615,50,2024-07-02,Hogar,Lampara,1,34448,11646
4616,239,2023-05-27,Electrodomesticos,Refrigerador,1,105471,23435
4617,57,2024-10-17,Tecnologia,Smartphone,1,56741,11397
4618,222,2024-07-03,Tecnologia,Monitor,1,118984,24872
4619,770,2024-10-06,Electrodomesticos,Refrigerador,6,966456,247536
4620,751,2024-01-24,Hogar,Silla,4,235828,60868
4621,486,2023-04-12,Vestuario,Polera,1,81828,18098
4622,462,2023-08-03,Deportes,Pesas,2,148640,55753
4623,630,2023-06-26,Deportes,Bicicleta,2,190554,49888
4624,1340,2024-11-08,Hogar,Sofa,1,86849,16304
4625,669,2023-08-18,Vestuario,Polera,3,304269,103929
4626,84,2024-06-15,Electrodomesticos,Lavadora,1,82371,31014
4627,256,2023-03-24,Vestuario,Pantalon,3,539826,99099
4628,1453,2023-09-14,Deportes,Bicicleta,1,132308,25505
4629,1193,2023-10-18,Vestuario,Chaqueta,6,730662,237434
4630,838,2023-07-30,Electrodomesticos,Aspiradora,2,163664,34660
4631,215,2023-04-08,Deportes,Raqueta,3,75675,16698
4632,1141,2024-01-21,Tecnologia,Monitor,1,63159,21340
4633,956,2024-03-29,Electrodomesticos,Lavadora,1,118900,40193
4634,351,2023-07-20,Deportes,Balon,1,84871,30419
4635,676,2024-04-17,Hogar,Lampara,1,115013,29470
4636,594,2023-11-13,Tecnologia,Monitor,4,170744,44039
4637,1115,2023-03-13,Tecnologia,Smartphone,3,349233,90078
4638,1267,2023-11-12,Deportes,Pesas,4,365216,108750
4639,706,2023-01-13,Electrodomesticos,Lavadora,4,514952,165490
4640,366,2024-01-02,Vestuario,Pantalon,1,146612,55169
4641,422,2024-02-25,Deportes,Pesas,3,173889,56762
4642,96,2024-02-01,Hogar,Mesa,2,38470,8434
4643,889,2023-05-10,Electrodomesticos,Refrigerador,1,99550,33079
4644,861,2024-05-13,Tecnologia,Monitor,4,116548,29372
4645,1395,2023-12-25,Electrodomesticos,Refrigerador,4,530020,106672
4646,292,2023-06-02,Vestuario,Pantalon,2,276466,96591
4647,345,2023-07-21,Hogar,Mesa,3,94446,28781
4648,733,2024-10-17,Hogar,Mesa,2,140030,33059
4649,958,2023-02-28,Tecnologia,Smartphone,2,325974,66803
4650,527,2024-09-10,Hogar,Mesa,1,98637,29994
4651,814,2023-04-11,Hogar,Silla,3,290826,52453
4652,1292,2024-12-02,Electrodomesticos,Lavadora,2,64046,18959
4653,904,2023-05-12,Tecnologia,Tablet,2,198886,66222
4654,594,2024-10-15,Deportes,Pesas,2,226112,43277
4655,1094,2023-04-23,Electrodomesticos,Microondas,2,158798,49900
4656,1080,2024-02-21,Hogar,Mesa,1,76711,26580
4657,76,2023-01-13,Hogar,Silla,2,189796,59016
4658,856,2023-09-03,Vestuario,Chaqueta,1,81633,28930
4659,194,2023-08-16,Vestuario,Zapatillas,2,127786,34502
4660,188,2023-09-19,Tecnologia,Smartphone,1,102991,24080
4661,1466,2024-10-07,Electrodomesticos,Lavadora,1,146720,29307
4662,792,2024-09-19,Tecnologia,Monitor,1,130240,47139
4663,530,2024-07-21,Electrodomesticos,Microondas,1,23487,6259
4664,171,2024-07-19,Tecnologia,Monitor,2,292508,94200
4665,1036,2023-04-20,Tecnologia,Smartphone,2,225968,66463
4666,373,2024-11-02,Hogar,Mesa,3,182091,52920
4667,1380,2024-03-29,Hogar,Mesa,1,169383,49912
4668,1378,2024-11-19,Electrodomesticos,Microondas,2,61914,19416
4669,1346,2024-02-08,Electrodomesticos,Refrigerador,1,81707,15604
4670,152,2024-10-01,Hogar,Sofa,1,119011,33416
4671,339,2023-03-11,Electrodomesticos,Aspiradora,2,413344,133987
4672,129,2023-05-28,Tecnologia,Tablet,1,98261,31893
4673,486,2024-01-10,Deportes,Balon,4,269320,78190
4674,830,2023-01-02,Deportes,Bicicleta,4,27756,5164
4675,1211,2024-03-03,Vestuario,Zapatillas,2,176160,60986
4676,758,2024-08-16,Deportes,Balon,4,353036,93804
4677,1413,2024-07-27,Electrodomesticos,Refrigerador,4,715436,235049
4678,523,2023-11-26,Deportes,Raqueta,4,501956,98368
4679,865,2023-11-13,Tecnologia,Tablet,7,417760,127121
4680,445,2024-12-06,Hogar,Mesa,3,221079,41535
4681,384,2024-12-08,Deportes,Raqueta,4,284184,58847
4682,653,2023-04-16,Electrodomesticos,Microondas,1,112773,23935
4683,360,2024-06-29,Tecnologia,Tablet,4,399428,78809
4684,1401,2024-02-21,Hogar,Lampara,2,182138,68816
4685,273,2024-07-08,Tecnologia,Smartphone,3,156000,29253
4686,168,2024-02-26,Vestuario,Pantalon,1,109528,33731
4687,982,2023-05-18,Deportes,Balon,1,100342,28046
4688,833,2024-11-30,Tecnologia,Tablet,2,218548,63577
4689,528,2023-03-08,Tecnologia,Smartphone,1,125992,28880
4690,667,2023-08-09,Tecnologia,Notebook,3,107637,34967
4691,579,2024-10-25,Tecnologia,Notebook,1,117974,42311
4692,215,2023-05-17,Hogar,Silla,3,305904,106744
4693,227,2024-06-01,Tecnologia,Smartphone,1,202009,67622
4694,633,2024-03-23,Deportes,Bicicleta,2,160698,39145
4695,1216,2024-12-26,Tecnologia,Monitor,1,122414,39832
4696,126,2023-10-29,Electrodomesticos,Refrigerador,2,63578,13752
4697,278,2023-03-02,Electrodomesticos,Refrigerador,1,111829,24692
4698,823,2024-12-22,Vestuario,Polera,3,280602,100540
4699,1414,2023-03-04,Tecnologia,Notebook,2,161744,32269
4700,272,2024-06-05,Tecnologia,Tablet,1,92220,25736
4701,729,2023-11-01,Electrodomesticos,Aspiradora,1,129441,24612
4702,1191,2023-06-19,Hogar,Mesa,2,231086,82923
4703,1200,2023-02-09,Vestuario,Polera,2,123498,36271
4704,367,2024-11-19,Hogar,Mesa,3,104904,19339
4705,630,2023-06-06,Tecnologia,Smartphone,1,98424,30791
4706,340,2024-08-09,Vestuario,Chaqueta,2,145252,38979
4707,1497,2023-04-05,Vestuario,Polera,1,94345,17132
4708,479,2024-01-09,Electrodomesticos,Lavadora,1,61160,13262
4709,1286,2024-08-17,Electrodomesticos,Aspiradora,3,327582,63365
4710,884,2024-01-18,Electrodomesticos,Microondas,2,164844,42308
4711,462,2023-05-23,Vestuario,Chaqueta,1,70250,15608
4712,1280,2024-06-20,Tecnologia,Notebook,3,212694,46776
4713,531,2024-06-16,Deportes,Bicicleta,1,64947,20908
4714,1145,2023-02-21,Hogar,Silla,3,259146,54263
4715,1500,2023-10-15,Tecnologia,Notebook,2,287158,66677
4716,512,2023-09-12,Deportes,Bicicleta,4,383316,134718
4717,59,2023-07-07,Electrodomesticos,Lavadora,1,97687,33784
4718,1409,2023-06-28,Tecnologia,Tablet,4,151968,49518
4719,985,2023-01-25,Hogar,Silla,1,114419,25122
4720,1225,2023-05-10,Electrodomesticos,Microondas,1,152021,39697
4721,166,2024-11-07,Tecnologia,Monitor,1,114479,25286
4722,766,2024-08-04,Hogar,Sofa,3,306471,110423
4723,561,2024-09-30,Tecnologia,Tablet,1,39359,11092
4724,656,2023-10-27,Electrodomesticos,Lavadora,1,125142,34348
4725,867,2023-01-02,Tecnologia,Notebook,1,113366,29951
4726,981,2023-04-21,Deportes,Bicicleta,3,416190,142581
4727,1119,2024-09-29,Deportes,Pesas,2,251654,75760
4728,798,2023-02-26,Vestuario,Chaqueta,2,119260,38257
4729,688,2024-03-02,Tecnologia,Tablet,2,270894,69583
4730,29,2024-10-01,Vestuario,Polera,4,388272,82012
4731,645,2023-09-01,Deportes,Balon,5,200665,39023
4732,1238,2023-12-20,Vestuario,Polera,1,105420,35873
4733,1127,2023-06-23,Electrodomesticos,Microondas,1,121742,37086
4734,831,2023-09-05,Deportes,Raqueta,1,39814,10635
4735,557,2024-05-24,Deportes,Raqueta,1,74163,20557
4736,1404,2024-02-22,Deportes,Balon,3,108714,33884
4737,1172,2024-03-24,Hogar,Lampara,2,203558,66041
4738,35,2024-04-02,Hogar,Sofa,2,71880,21942
4739,1364,2023-02-25,Deportes,Pesas,2,232570,67763
4740,1485,2023-12-16,Vestuario,Polera,1,94831,30207
4741,637,2023-11-06,Tecnologia,Notebook,3,275814,78195
4742,79,2024-09-03,Deportes,Pesas,3,428265,154219
4743,612,2023-05-09,Hogar,Mesa,1,103627,31862
4744,1493,2024-11-18,Electrodomesticos,Refrigerador,2,268800,94103
4745,1471,2023-09-01,Electrodomesticos,Microondas,4,194576,37159
4746,921,2023-10-10,Tecnologia,Tablet,2,159452,47451
4747,863,2023-10-02,Deportes,Bicicleta,3,155439,36967
4748,684,2024-01-06,Vestuario,Zapatillas,2,100192,36157
4749,1431,2024-09-19,Electrodomesticos,Aspiradora,4,201404,54557
4750,958,2024-10-03,Vestuario,Polera,1,65506,11914
4751,1040,2024-07-03,Vestuario,Pantalon,3,301581,94856
4752,16,2023-10-05,Vestuario,Chaqueta,1,43795,14368
4753,667,2023-11-09,Hogar,Mesa,2,88642,30660
4754,926,2023-09-09,Vestuario,Chaqueta,2,175524,35395
4755,339,2024-04-13,Electrodomesticos,Aspiradora,3,30984,6148
4756,1449,2024-07-01,Hogar,Mesa,1,145021,26664
4757,973,2023-03-12,Electrodomesticos,Microondas,6,144318,46886
4758,411,2023-06-12,Hogar,Lampara,4,648556,192443
4759,773,2024-02-12,Vestuario,Zapatillas,1,165829,60233
4760,189,2024-03-24,Deportes,Raqueta,1,78050,26492
4761,1304,2023-09-06,Electrodomesticos,Microondas,2,252868,63543
4762,256,2024-03-21,Tecnologia,Monitor,4,276044,91063
4763,47,2024-05-24,Electrodomesticos,Microondas,1,47277,11374
4764,987,2024-09-25,Deportes,Pesas,1,81771,18034
4765,1419,2024-06-05,Tecnologia,Smartphone,1,130186,38568
4766,423,2024-09-23,Tecnologia,Notebook,2,161270,35034
4767,883,2024-01-24,Tecnologia,Smartphone,4,238740,53460
4768,695,2024-05-01,Vestuario,Polera,1,37905,8702
4769,252,2023-02-20,Tecnologia,Notebook,1,145353,52258
4770,838,2024-04-21,Hogar,Silla,4,457104,142976
4771,945,2024-12-08,Hogar,Mesa,2,154138,34092
4772,473,2023-06-11,Vestuario,Pantalon,3,139422,42438
4773,354,2023-02-16,Tecnologia,Notebook,3,300483,84810
4774,791,2023-01-15,Electrodomesticos,Aspiradora,3,302649,82794
4775,343,2024-08-16,Electrodomesticos,Microondas,2,178940,66032
4776,107,2023-09-03,Hogar,Lampara,2,408392,113755
4777,211,2023-06-12,Tecnologia,Smartphone,2,222618,71293
4778,537,2024-12-16,Deportes,Pesas,1,86344,29163
4779,587,2024-12-24,Tecnologia,Smartphone,3,386328,72307
4780,1050,2023-04-24,Electrodomesticos,Lavadora,2,10000,2508
4781,257,2024-11-06,Tecnologia,Notebook,4,177456,50354
4782,196,2024-12-26,Vestuario,Zapatillas,1,67030,19863
4783,1449,2024-08-22,Vestuario,Zapatillas,3,293583,54862
4784,151,2024-09-24,Electrodomesticos,Refrigerador,1,116163,38978
4785,707,2023-09-10,Electrodomesticos,Lavadora,2,216522,57924
4786,792,2024-08-27,Electrodomesticos,Lavadora,2,124416,31529
4787,619,2024-01-23,Vestuario,Polera,4,308260,81411
4788,272,2024-07-06,Deportes,Pesas,1,16238,5967
4789,413,2024-03-12,Tecnologia,Notebook,4,150396,39133
4790,395,2023-07-22,Electrodomesticos,Microondas,3,465792,135587
4791,490,2024-10-02,Electrodomesticos,Lavadora,3,428664,137948
4792,934,2023-11-05,Tecnologia,Notebook,1,70559,25048
4793,1018,2024-12-15,Electrodomesticos,Microondas,3,381513,141805
4794,928,2023-08-05,Electrodomesticos,Lavadora,1,151263,37478
4795,1317,2024-09-14,Hogar,Lampara,1,143744,44071
4796,1027,2023-07-20,Hogar,Sofa,1,133312,45622
4797,1344,2023-09-13,Hogar,Silla,1,109936,36445
4798,79,2024-01-24,Deportes,Raqueta,2,271496,70006
4799,337,2024-09-05,Hogar,Sofa,1,152053,36557
4800,958,2024-04-18,Vestuario,Pantalon,3,313662,109475
4801,1203,2024-07-10,Electrodomesticos,Microondas,1,144143,30534
4802,128,2024-03-29,Deportes,Pesas,1,80993,22007
4803,201,2024-11-28,Hogar,Sofa,2,236282,79418
4804,555,2023-06-13,Deportes,Pesas,5,367095,73222
4805,451,2023-03-19,Vestuario,Zapatillas,1,46343,15658
4806,1370,2023-04-27,Deportes,Bicicleta,3,331941,100464
4807,1021,2024-08-22,Hogar,Silla,1,94520,24603
4808,1291,2023-02-24,Electrodomesticos,Refrigerador,1,130526,44081
4809,600,2023-02-05,Deportes,Pesas,2,224692,80101
4810,498,2023-03-06,Deportes,Balon,1,80556,23371
4811,304,2023-04-16,Electrodomesticos,Lavadora,1,5000,1531
4812,208,2023-04-13,Tecnologia,Tablet,4,428996,128623
4813,524,2024-10-01,Hogar,Mesa,3,206979,38226
4814,259,2024-05-07,Vestuario,Pantalon,5,497930,143250
4815,54,2023-05-25,Electrodomesticos,Lavadora,2,151784,36512
4816,834,2023-09-11,Vestuario,Polera,4,437436,134641
4817,36,2023-09-19,Hogar,Lampara,3,362868,81985
4818,92,2023-08-11,Electrodomesticos,Lavadora,2,267356,84875
4819,823,2024-01-28,Electrodomesticos,Refrigerador,4,431464,127999
4820,424,2024-04-22,Tecnologia,Monitor,1,63647,12423
4821,1160,2023-06-30,Tecnologia,Tablet,1,101792,25414
4822,721,2024-11-03,Deportes,Bicicleta,2,403410,79417
4823,659,2024-01-09,Vestuario,Polera,1,101862,18938
4824,1383,2023-02-27,Tecnologia,Smartphone,2,199912,49237
4825,841,2024-06-28,Vestuario,Chaqueta,1,66056,21004
4826,132,2023-05-10,Vestuario,Zapatillas,1,32867,6251
4827,243,2023-06-07,Electrodomesticos,Microondas,4,385900,125072
4828,226,2023-09-25,Electrodomesticos,Lavadora,3,103875,25154
4829,889,2024-10-29,Tecnologia,Tablet,2,293546,78741
4830,388,2024-02-07,Vestuario,Polera,6,320004,71197
4831,565,2024-03-05,Electrodomesticos,Refrigerador,1,121127,33139
4832,1037,2024-12-31,Tecnologia,Monitor,4,170520,55592
4833,1030,2023-12-01,Deportes,Raqueta,4,205644,62060
4834,1303,2024-02-08,Tecnologia,Notebook,2,168394,42637
4835,1479,2023-10-29,Hogar,Lampara,3,15000,3453
4836,583,2023-12-01,Deportes,Raqueta,3,335814,102869
4837,1012,2024-01-01,Tecnologia,Monitor,1,101166,35103
4838,1082,2024-05-03,Vestuario,Polera,1,23396,4534
4839,1069,2023-05-09,Deportes,Pesas,1,52450,13153
4840,498,2023-06-13,Vestuario,Chaqueta,2,308450,109541
4841,764,2023-02-13,Deportes,Bicicleta,2,231848,85090
4842,575,2024-02-16,Deportes,Bicicleta,1,32481,11764
4843,1105,2024-04-28,Hogar,Silla,2,236268,80282
4844,77,2023-07-17,Vestuario,Chaqueta,1,115036,26376
4845,811,2023-05-28,Deportes,Bicicleta,7,640304,219404
4846,1104,2023-04-15,Hogar,Lampara,2,226450,49875
4847,1069,2023-09-22,Deportes,Balon,4,391524,113252
4848,276,2024-10-10,Hogar,Sofa,1,91994,29651
4849,14,2024-12-14,Deportes,Raqueta,1,53142,19977
4850,721,2024-01-03,Hogar,Silla,1,104064,29884
4851,466,2023-09-26,Electrodomesticos,Aspiradora,2,226206,73572
4852,988,2023-04-06,Vestuario,Zapatillas,2,184410,58289
4853,1028,2023-04-10,Deportes,Pesas,1,104388,22577
4854,1231,2023-10-26,Deportes,Raqueta,3,505356,127116
4855,1161,2023-07-16,Vestuario,Zapatillas,3,282360,52657
4856,1330,2024-04-07,Vestuario,Polera,1,126505,36229
4857,348,2024-10-01,Deportes,Bicicleta,2,153878,51638
4858,542,2024-07-06,Tecnologia,Tablet,2,243298,66238
4859,1078,2024-05-12,Deportes,Raqueta,2,228750,61108
4860,1494,2023-06-01,Hogar,Sofa,1,147924,37749
4861,972,2024-07-21,Deportes,Pesas,1,105322,20863
4862,750,2023-01-13,Deportes,Bicicleta,1,35160,12678
4863,269,2023-01-21,Deportes,Balon,2,308694,100403
4864,454,2024-10-10,Vestuario,Pantalon,2,192712,49606
4865,94,2023-03-28,Vestuario,Pantalon,2,235700,66333
4866,1449,2024-04-20,Deportes,Bicicleta,1,30539,6934
4867,1463,2023-12-14,Vestuario,Polera,1,95473,17829
4868,966,2024-03-24,Tecnologia,Tablet,3,460275,151794
4869,272,2023-01-23,Vestuario,Polera,1,81485,26445
4870,449,2023-09-03,Vestuario,Chaqueta,3,242856,75260
4871,499,2023-06-22,Electrodomesticos,Lavadora,2,142276,44521
4872,581,2024-06-25,Deportes,Bicicleta,5,524665,187760
4873,457,2024-02-22,Tecnologia,Smartphone,1,90981,34223
4874,116,2024-01-02,Vestuario,Pantalon,4,254880,73009
4875,1237,2024-04-30,Electrodomesticos,Microondas,1,74409,14588
4876,1156,2024-03-29,Deportes,Balon,4,330588,104723
4877,170,2023-06-25,Vestuario,Zapatillas,1,57493,13907
4878,761,2024-07-07,Deportes,Pesas,5,668015,233351
4879,237,2024-05-21,Tecnologia,Smartphone,2,314826,95705
4880,653,2024-04-25,Vestuario,Polera,1,113894,33464
4881,786,2024-04-17,Deportes,Raqueta,3,424593,86544
4882,34,2023-05-30,Deportes,Balon,1,56244,16566
4883,143,2023-10-22,Electrodomesticos,Lavadora,1,22409,6281
4884,125,2024-07-22,Hogar,Lampara,2,194498,53920
4885,371,2024-03-27,Hogar,Mesa,3,190512,40536
4886,1239,2023-10-15,Tecnologia,Tablet,3,100026,29482
4887,850,2023-05-04,Electrodomesticos,Refrigerador,4,552944,137088
4888,1207,2024-09-03,Tecnologia,Smartphone,2,108246,39383
4889,887,2024-11-12,Vestuario,Zapatillas,1,58946,12623
4890,110,2024-03-09,Electrodomesticos,Lavadora,1,115357,30294
4891,432,2023-11-21,Vestuario,Pantalon,1,52298,16683
4892,578,2023-04-30,Hogar,Lampara,2,175030,55708
4893,1149,2023-05-13,Deportes,Balon,2,243648,84679
4894,374,2024-11-20,Vestuario,Zapatillas,1,5000,943
4895,1204,2024-10-09,Vestuario,Zapatillas,1,57425,15333
4896,711,2024-01-17,Electrodomesticos,Refrigerador,7,689619,240576
4897,1422,2024-03-17,Hogar,Sofa,1,157215,56103
4898,238,2024-03-15,Hogar,Silla,1,120188,38285
4899,602,2023-08-11,Hogar,Lampara,3,237039,55584
4900,632,2023-04-12,Tecnologia,Monitor,2,167726,33085
4901,809,2023-11-08,Electrodomesticos,Lavadora,3,512961,165626
4902,929,2023-03-06,Deportes,Bicicleta,3,324468,78170
4903,1416,2024-11-13,Tecnologia,Tablet,2,96538,35292
4904,427,2023-02-12,Hogar,Sofa,4,311828,93128
4905,1261,2023-06-16,Deportes,Balon,1,74880,20906
4906,998,2024-03-08,Vestuario,Chaqueta,3,108756,27335
4907,37,2024-09-09,Tecnologia,Notebook,4,95388,21794
4908,778,2023-07-30,Hogar,Mesa,3,474180,116478
4909,1133,2024-06-15,Deportes,Pesas,5,854055,271993
4910,924,2023-04-01,Deportes,Pesas,2,94040,29386
4911,473,2023-10-08,Deportes,Pesas,2,210298,54180
4912,968,2023-12-06,Deportes,Pesas,4,390724,79964
4913,1488,2024-07-23,Electrodomesticos,Lavadora,4,429420,152177
4914,325,2024-04-18,Hogar,Silla,4,352920,101819
4915,1235,2024-01-17,Tecnologia,Smartphone,1,49363,11420
4916,59,2023-02-02,Vestuario,Chaqueta,3,278139,75838
4917,501,2024-10-24,Vestuario,Zapatillas,2,192798,62710
4918,1443,2024-06-25,Electrodomesticos,Refrigerador,1,122035,42460
4919,987,2024-04-22,Vestuario,Polera,2,173228,44239
4920,1446,2023-01-15,Vestuario,Chaqueta,3,364764,70971
4921,284,2023-06-24,Deportes,Balon,2,209170,72291
4922,546,2024-04-07,Deportes,Balon,2,226366,47537
4923,865,2024-01-30,Electrodomesticos,Refrigerador,2,158698,45304
4924,1412,2024-12-01,Deportes,Bicicleta,3,222369,45501
4925,1260,2024-02-24,Electrodomesticos,Aspiradora,1,108186,35425
4926,197,2023-06-22,Electrodomesticos,Lavadora,4,20000,7467
4927,291,2024-10-16,Tecnologia,Tablet,6,751338,240746
4928,201,2023-04-03,Vestuario,Zapatillas,2,228852,78189
4929,447,2023-04-16,Hogar,Mesa,2,171502,59946
4930,1,2024-09-12,Tecnologia,Notebook,2,119462,28339
4931,1411,2023-06-29,Hogar,Mesa,1,172676,56038
4932,678,2023-11-07,Tecnologia,Monitor,1,87762,19879
4933,374,2023-05-22,Deportes,Raqueta,2,293464,105557
4934,111,2023-11-22,Hogar,Lampara,1,86555,19635
4935,454,2024-06-11,Vestuario,Chaqueta,3,149241,35582
4936,527,2024-10-06,Electrodomesticos,Refrigerador,2,10000,1917
4937,973,2023-09-13,Deportes,Pesas,1,121735,38116
4938,27,2023-01-02,Hogar,Sofa,5,404420,128929
4939,1096,2023-02-28,Tecnologia,Notebook,3,111468,38055
4940,1186,2023-02-27,Hogar,Sofa,2,281124,58592
4941,361,2023-05-16,Deportes,Pesas,2,277756,50224
4942,281,2023-08-09,Deportes,Pesas,1,31326,9984
4943,1439,2023-10-21,Deportes,Raqueta,3,198726,49174
4944,694,2024-08-15,Tecnologia,Smartphone,2,265622,82755
4945,290,2023-09-07,Deportes,Balon,2,206496,75994
4946,862,2024-04-30,Vestuario,Polera,1,67430,21495
4947,72,2023-07-05,Electrodomesticos,Aspiradora,3,386193,120831
4948,1359,2023-10-24,Vestuario,Zapatillas,2,104896,37598
4949,1473,2024-10-30,Deportes,Raqueta,2,244412,72322
4950,462,2023-06-08,Electrodomesticos,Microondas,3,46230,11392
4951,525,2024-07-23,Vestuario,Zapatillas,2,216204,63217
4952,817,2024-06-18,Hogar,Sofa,2,225478,80542
4953,181,2023-05-20,Hogar,Lampara,1,110288,40861
4954,335,2024-01-18,Electrodomesticos,Lavadora,1,122933,32588
4955,1239,2023-05-17,Vestuario,Chaqueta,3,163947,34625
4956,478,2023-06-27,Electrodomesticos,Refrigerador,4,338160,109705
4957,666,2023-01-01,Tecnologia,Smartphone,1,123392,41885
4958,5,2023-02-04,Deportes,Raqueta,1,52202,18866
4959,9,2024-12-09,Tecnologia,Tablet,2,258850,97959
4960,724,2024-12-09,Hogar,Lampara,2,151530,47263
4961,49,2024-10-21,Tecnologia,Smartphone,1,80656,26123
4962,370,2024-04-26,Hogar,Sofa,4,449296,86944
4963,1069,2024-04-27,Electrodomesticos,Microondas,3,278325,96665
4964,1485,2024-08-07,Tecnologia,Tablet,2,277786,73207
4965,862,2024-03-14,Electrodomesticos,Microondas,1,52809,17981
4966,323,2023-04-02,Electrodomesticos,Aspiradora,3,199710,70552
4967,1380,2023-10-14,Vestuario,Polera,1,149930,36778
4968,927,2024-02-10,Deportes,Pesas,5,500200,110455
4969,1447,2024-06-17,Electrodomesticos,Aspiradora,3,562395,152238
4970,920,2023-08-01,Tecnologia,Tablet,4,455424,146171
4971,118,2023-03-13,Deportes,Pesas,1,149815,45579
4972,513,2023-03-21,Deportes,Raqueta,4,529032,138606
4973,1130,2023-11-29,Tecnologia,Monitor,2,94276,32342
4974,606,2023-03-05,Vestuario,Chaqueta,1,144348,47831
4975,340,2023-02-15,Vestuario,Zapatillas,4,45616,14022
4976,1086,2024-05-29,Tecnologia,Notebook,2,86332,19298
4977,423,2024-08-09,Hogar,Mesa,3,446304,133372
4978,282,2024-12-18,Hogar,Lampara,3,170904,37344
4979,275,2024-06-17,Deportes,Balon,3,169104,44361
4980,1322,2023-09-26,Tecnologia,Monitor,1,136980,50198
4981,716,2024-11-18,Electrodomesticos,Lavadora,2,137110,24721
4982,1262,2024-02-15,Electrodomesticos,Microondas,4,225712,76247
4983,28,2024-12-29,Electrodomesticos,Lavadora,3,345159,75620
4984,399,2023-03-12,Tecnologia,Smartphone,3,157227,28839
4985,879,2024-10-26,Electrodomesticos,Microondas,2,206098,51190
4986,201,2023-05-12,Electrodomesticos,Microondas,2,149024,43680
4987,360,2023-08-01,Tecnologia,Tablet,1,148357,54124
4988,1399,2024-08-15,Electrodomesticos,Microondas,1,52562,18193
4989,1192,2024-01-23,Vestuario,Chaqueta,1,49779,10240
4990,1065,2023-08-27,Hogar,Sofa,1,21068,5458
4991,952,2024-10-01,Hogar,Silla,2,176076,65436
4992,612,2023-07-19,Deportes,Raqueta,1,34599,12866
4993,507,2023-12-25,Vestuario,Zapatillas,1,101012,32022
4994,1007,2023-09-09,Vestuario,Polera,5,402300,146553
4995,380,2023-04-24,Hogar,Mesa,2,136346,49170
4996,434,2023-05-14,Hogar,Mesa,3,140022,42268
4997,939,2023-09-10,Deportes,Raqueta,1,89614,19236
4998,1252,2024-06-18,Tecnologia,Tablet,1,32361,8159
4999,228,2024-06-26,Vestuario,Zapatillas,1,122547,22770
5000,1284,2023-06-24,Tecnologia,Monitor,3,346527,122699
5001,271,2023-03-18,Vestuario,Chaqueta,1,49161,9246
5002,204,2023-03-16,Hogar,Sofa,1,79781,20402
5003,1295,2023-01-14,Hogar,Mesa,1,120149,30941
5004,1449,2023-11-13,Vestuario,Chaqueta,1,5000,1495
5005,219,2024-10-30,Electrodomesticos,Refrigerador,1,113565,32020
5006,1252,2023-07-21,Vestuario,Pantalon,3,399906,107889
5007,1392,2023-11-03,Tecnologia,Tablet,2,186358,37176
5008,1148,2023-12-31,Deportes,Raqueta,2,233740,63727
5009,186,2023-07-09,Hogar,Lampara,4,133636,28344
5010,602,2024-05-13,Deportes,Balon,2,95714,24629
5011,766,2023-01-27,Vestuario,Zapatillas,3,189309,42091
5012,1035,2024-01-24,Electrodomesticos,Microondas,3,348117,83568
5013,228,2023-03-12,Electrodomesticos,Aspiradora,3,258543,57906
5014,1122,2023-11-14,Deportes,Raqueta,1,77858,19906
5015,1425,2023-12-10,Tecnologia,Notebook,2,129028,46574
5016,122,2024-02-09,Tecnologia,Notebook,4,166176,37516
5017,159,2024-06-17,Deportes,Balon,1,99394,35075
5018,14,2023-12-27,Vestuario,Chaqueta,1,90665,28662
5019,376,2023-01-10,Tecnologia,Tablet,1,50697,15871
5020,1006,2024-05-22,Electrodomesticos,Lavadora,2,133816,29145
5021,1156,2023-12-03,Vestuario,Chaqueta,1,66481,24773
5022,252,2024-01-04,Hogar,Lampara,2,41282,7919
5023,992,2023-11-04,Vestuario,Pantalon,1,27640,10085
5024,838,2024-12-29,Electrodomesticos,Aspiradora,2,26968,6948
5025,260,2024-10-06,Hogar,Mesa,1,161927,36325
5026,793,2023-06-11,Hogar,Lampara,1,80433,17933
5027,1074,2024-09-11,Deportes,Bicicleta,2,282772,98746
5028,26,2023-02-21,Tecnologia,Tablet,5,831155,169315
5029,17,2023-06-26,Electrodomesticos,Aspiradora,3,320268,60654
5030,1068,2024-02-24,Deportes,Balon,4,25160,4826
5031,659,2024-03-06,Tecnologia,Monitor,1,30778,10120
5032,1133,2024-04-18,Tecnologia,Smartphone,2,301562,80278
5033,1128,2024-05-06,Hogar,Silla,2,286552,69099
5034,193,2024-01-23,Tecnologia,Monitor,3,131661,47683
5035,277,2023-05-18,Electrodomesticos,Refrigerador,1,103912,29081
5036,681,2024-06-28,Deportes,Balon,2,258704,70469
5037,403,2024-09-12,Hogar,Sofa,1,71436,16438
5038,342,2024-10-26,Tecnologia,Tablet,3,417144,139751
5039,216,2024-12-21,Vestuario,Polera,2,268768,56971
5040,788,2023-04-01,Vestuario,Zapatillas,5,587510,222475
5041,12,2024-06-03,Vestuario,Chaqueta,1,74731,26119
5042,1452,2024-05-24,Hogar,Sofa,2,221458,41742
5043,1117,2024-12-03,Hogar,Lampara,2,40172,11768
5044,1078,2024-10-02,Electrodomesticos,Refrigerador,2,87922,32556
5045,514,2024-04-16,Vestuario,Pantalon,2,175352,52789
5046,1163,2024-05-16,Hogar,Sofa,1,130376,26832
5047,524,2024-06-30,Tecnologia,Smartphone,3,250041,65506
5048,1445,2023-08-13,Deportes,Balon,2,185926,51675
5049,802,2024-01-03,Deportes,Bicicleta,3,233853,87534
5050,774,2024-12-02,Deportes,Balon,1,69478,17264
5051,357,2024-05-18,Electrodomesticos,Microondas,1,122848,42445
5052,1124,2024-06-17,Tecnologia,Monitor,1,5063,962
5053,1194,2023-01-04,Vestuario,Zapatillas,2,211010,39749
5054,543,2024-12-27,Electrodomesticos,Refrigerador,1,61191,17236
5055,485,2023-08-14,Electrodomesticos,Lavadora,1,133417,25139
5056,881,2024-06-15,Vestuario,Polera,2,204642,48615
5057,59,2024-12-06,Hogar,Sofa,2,86338,19998
5058,660,2024-03-14,Deportes,Balon,1,123504,22966
5059,1062,2024-03-03,Deportes,Bicicleta,3,222021,82618
5060,819,2024-11-03,Vestuario,Polera,1,54030,17117
5061,795,2023-02-08,Hogar,Lampara,2,139672,31672
5062,366,2024-03-21,Tecnologia,Smartphone,4,85576,29882
5063,547,2023-11-03,Electrodomesticos,Lavadora,6,223446,65827
5064,742,2024-09-02,Tecnologia,Smartphone,4,123496,27779
5065,382,2023-01-24,Electrodomesticos,Lavadora,2,10000,3655
5066,864,2023-05-08,Hogar,Mesa,1,172908,52102
5067,888,2024-01-01,Hogar,Sofa,2,11750,4158
5068,735,2024-09-25,Tecnologia,Monitor,2,294202,95926
5069,344,2023-12-07,Vestuario,Chaqueta,1,98631,18794
5070,534,2024-11-22,Deportes,Raqueta,5,646385,244959
5071,1065,2024-10-11,Electrodomesticos,Aspiradora,5,703570,155510
5072,469,2023-06-20,Electrodomesticos,Lavadora,1,124327,25823
5073,389,2023-01-23,Electrodomesticos,Aspiradora,4,261464,70280
5074,1456,2024-03-30,Tecnologia,Tablet,3,314073,82079
5075,1177,2023-08-26,Hogar,Mesa,3,505404,119402
5076,812,2023-06-20,Deportes,Balon,1,147804,38558
5077,162,2023-09-26,Vestuario,Polera,1,90267,16672
5078,1279,2023-10-09,Hogar,Mesa,4,486712,177990
5079,1356,2023-10-23,Electrodomesticos,Lavadora,2,266806,85017
5080,1008,2024-06-19,Deportes,Bicicleta,5,162405,46288
5081,621,2023-10-21,Tecnologia,Smartphone,1,104867,37145
5082,1161,2024-06-10,Tecnologia,Smartphone,1,63391,12391
5083,22,2023-12-31,Tecnologia,Notebook,3,208014,45446
5084,244,2023-07-24,Deportes,Balon,1,16022,3166
5085,1142,2024-09-10,Tecnologia,Tablet,1,47314,10068
5086,1282,2024-10-04,Vestuario,Pantalon,6,518178,184085
5087,955,2023-10-27,Deportes,Bicicleta,4,476264,122175
5088,777,2024-10-08,Deportes,Bicicleta,2,163534,59993
5089,613,2024-10-31,Electrodomesticos,Lavadora,4,210672,53869
5090,596,2023-02-02,Hogar,Sofa,2,301870,73611
5091,1229,2024-09-17,Tecnologia,Monitor,2,321554,97019
5092,1187,2023-05-31,Hogar,Silla,4,127032,35406
5093,1208,2024-01-10,Vestuario,Chaqueta,4,519596,174318
5094,601,2024-06-04,Electrodomesticos,Lavadora,6,70542,26610
5095,1388,2024-12-09,Hogar,Mesa,3,144429,32390
5096,450,2023-06-17,Vestuario,Chaqueta,5,139185,49367
5097,1220,2023-03-31,Vestuario,Chaqueta,2,54632,15045
5098,826,2023-12-21,Vestuario,Polera,1,88820,25156
5099,1311,2023-12-21,Electrodomesticos,Microondas,3,412392,107091
5100,408,2024-01-05,Vestuario,Pantalon,2,231590,73315
5101,1452,2024-08-07,Tecnologia,Smartphone,2,104562,24398
5102,1169,2024-12-06,Hogar,Lampara,1,56301,20105
5103,770,2023-05-20,Tecnologia,Monitor,1,122552,38915
5104,110,2023-11-11,Tecnologia,Monitor,1,110810,31140
5105,1005,2024-11-10,Deportes,Balon,1,93536,28412
5106,103,2024-03-16,Vestuario,Zapatillas,2,192314,62474
5107,1485,2024-11-06,Vestuario,Polera,2,345838,75517
5108,1049,2023-09-19,Deportes,Balon,3,413481,145447
5109,920,2024-03-05,Tecnologia,Smartphone,1,93778,18799
5110,228,2024-07-19,Deportes,Pesas,3,340677,64071
5111,1464,2024-01-28,Tecnologia,Monitor,3,394554,94934
5112,769,2023-01-20,Deportes,Raqueta,3,316971,119705
5113,113,2024-04-20,Electrodomesticos,Lavadora,1,88428,27376
5114,520,2024-02-28,Tecnologia,Notebook,1,81098,16788
5115,864,2024-09-27,Vestuario,Pantalon,3,265767,60065
5116,451,2023-03-27,Tecnologia,Notebook,3,58062,12158
5117,390,2024-03-12,Vestuario,Zapatillas,1,65204,18874
5118,226,2024-10-25,Electrodomesticos,Lavadora,3,148737,53483
5119,1316,2024-01-13,Vestuario,Pantalon,1,72754,20778
5120,1037,2023-05-27,Vestuario,Pantalon,1,57435,13208
5121,1439,2023-03-11,Tecnologia,Smartphone,1,92705,26664
5122,816,2023-12-09,Hogar,Mesa,3,34956,12239
5123,858,2023-01-29,Hogar,Silla,4,591544,205223
5124,294,2024-09-15,Electrodomesticos,Aspiradora,2,138174,50780
5125,1115,2023-01-24,Electrodomesticos,Microondas,2,146196,28344
5126,1411,2023-11-10,Deportes,Pesas,1,149760,27257
5127,610,2023-07-01,Vestuario,Polera,2,266274,58406
5128,387,2023-12-13,Vestuario,Polera,3,320469,108668
5129,899,2024-11-18,Tecnologia,Tablet,3,257142,73261
5130,958,2023-06-21,Vestuario,Zapatillas,2,200050,55440
5131,691,2024-10-06,Deportes,Balon,2,204104,49339
5132,813,2024-10-06,Tecnologia,Notebook,2,87676,17798
5133,1292,2023-10-12,Electrodomesticos,Aspiradora,1,60733,14889
5134,1216,2024-05-30,Tecnologia,Smartphone,3,311598,56925
5135,953,2023-10-17,Vestuario,Pantalon,4,125048,30610
5136,84,2023-12-07,Electrodomesticos,Aspiradora,3,111681,25227
5137,194,2024-01-31,Deportes,Raqueta,1,61939,22827
5138,1257,2023-06-30,Vestuario,Zapatillas,1,125426,38032
5139,20,2024-11-16,Tecnologia,Monitor,5,327555,61520
5140,36,2023-05-11,Hogar,Lampara,4,550548,194354
5141,462,2024-04-30,Tecnologia,Tablet,3,254085,79625
5142,1373,2023-04-16,Tecnologia,Smartphone,1,68896,14768
5143,471,2023-07-07,Vestuario,Pantalon,5,469525,87304
5144,184,2024-04-20,Tecnologia,Tablet,2,272338,94821
5145,915,2023-04-30,Deportes,Pesas,3,339903,88882
5146,1170,2023-02-05,Hogar,Sofa,2,260720,65699
5147,729,2023-10-08,Hogar,Lampara,3,278946,60200
5148,371,2023-10-25,Deportes,Balon,3,256992,69682
5149,569,2024-01-13,Deportes,Raqueta,2,201114,38684
5150,652,2023-09-20,Vestuario,Polera,2,193398,37744
5151,784,2023-01-28,Tecnologia,Monitor,1,131198,38078
5152,615,2023-12-12,Tecnologia,Tablet,1,178827,34222
5153,104,2023-02-01,Vestuario,Pantalon,1,81138,17867
5154,150,2023-03-11,Deportes,Raqueta,2,229802,49614
5155,750,2023-02-13,Deportes,Balon,1,87618,20674
5156,265,2024-10-18,Tecnologia,Tablet,1,55479,15502
5157,1415,2024-01-26,Tecnologia,Smartphone,1,138003,51880
5158,537,2023-01-13,Electrodomesticos,Aspiradora,2,125244,30454
5159,1170,2024-12-21,Electrodomesticos,Aspiradora,3,350373,79298
5160,1091,2023-04-28,Electrodomesticos,Microondas,3,308508,84839
5161,857,2024-05-31,Vestuario,Polera,2,167364,39930
5162,1445,2023-03-10,Hogar,Sofa,5,288830,67080
5163,26,2023-01-13,Hogar,Lampara,1,182174,45641
5164,786,2024-05-02,Hogar,Mesa,1,95059,25319
5165,815,2024-03-18,Tecnologia,Smartphone,1,110314,25087
5166,154,2023-12-12,Hogar,Mesa,2,221088,46015
5167,1039,2023-02-24,Hogar,Mesa,4,459240,99051
5168,619,2024-04-04,Hogar,Mesa,1,40306,13733
5169,830,2023-04-25,Vestuario,Polera,2,108176,28725
5170,1494,2024-03-03,Electrodomesticos,Refrigerador,2,306958,96218
5171,640,2024-12-27,Electrodomesticos,Refrigerador,2,295064,92123
5172,169,2024-07-19,Deportes,Balon,1,97070,19161
5173,895,2023-02-12,Vestuario,Chaqueta,2,126504,26687
5174,1396,2024-02-04,Hogar,Lampara,3,190353,71146
5175,772,2023-06-14,Tecnologia,Smartphone,1,89463,28693
5176,1310,2024-01-13,Vestuario,Zapatillas,2,145036,53875
5177,753,2024-05-09,Vestuario,Chaqueta,3,276807,94080
5178,71,2024-05-02,Hogar,Lampara,4,427912,107218
5179,896,2024-05-30,Deportes,Raqueta,2,193142,56676
5180,566,2024-06-24,Deportes,Pesas,6,378654,134287
5181,1081,2024-05-25,Vestuario,Chaqueta,1,35466,6806
5182,871,2024-05-11,Hogar,Silla,1,75349,19107
5183,438,2024-07-11,Deportes,Balon,2,264186,95337
5184,292,2023-01-07,Vestuario,Chaqueta,2,226352,80528
5185,951,2024-11-29,Electrodomesticos,Aspiradora,1,5000,1765
5186,547,2024-11-01,Vestuario,Zapatillas,3,170322,40018
5187,324,2023-02-18,Vestuario,Polera,1,71738,24499
5188,1367,2024-03-10,Hogar,Silla,1,18638,6337
5189,322,2024-05-31,Tecnologia,Tablet,3,418581,138534
5190,1137,2024-07-22,Vestuario,Chaqueta,1,48879,14923
5191,1320,2024-10-23,Vestuario,Polera,2,156970,44185
5192,122,2024-10-21,Hogar,Sofa,1,133450,46471
5193,1447,2024-05-29,Hogar,Silla,1,173405,45358
5194,1228,2024-04-09,Hogar,Lampara,1,92772,20003
5195,1475,2023-12-21,Deportes,Balon,2,138578,34353
5196,1452,2024-04-24,Deportes,Balon,4,403356,89398
5197,834,2023-10-20,Vestuario,Chaqueta,1,67590,23374
5198,641,2023-04-09,Hogar,Sofa,1,139305,50684
5199,620,2023-12-08,Vestuario,Polera,2,69696,22588
5200,1341,2023-07-09,Electrodomesticos,Refrigerador,3,434001,96781
5201,1003,2024-10-15,Deportes,Pesas,5,362735,80959
5202,181,2023-11-28,Electrodomesticos,Lavadora,3,397491,148223
5203,530,2023-01-28,Tecnologia,Smartphone,2,264670,85131
5204,637,2023-06-07,Tecnologia,Monitor,6,515532,92815
5205,1479,2023-03-27,Electrodomesticos,Microondas,4,338656,63659
5206,1069,2023-09-15,Deportes,Bicicleta,2,153780,29365
5207,736,2023-09-10,Electrodomesticos,Lavadora,1,137827,25921
5208,1171,2023-07-24,Electrodomesticos,Aspiradora,1,101779,37772
5209,1439,2024-08-28,Vestuario,Polera,1,112838,33773
5210,964,2023-07-26,Vestuario,Chaqueta,3,259452,47790
5211,1271,2024-05-21,Tecnologia,Notebook,1,84710,30164
5212,1260,2023-11-25,Vestuario,Polera,1,43214,10664
5213,1315,2024-05-29,Vestuario,Zapatillas,1,114822,34233
5214,920,2023-11-05,Deportes,Pesas,3,40680,11971
5215,192,2024-04-09,Hogar,Silla,2,152158,39382
5216,1111,2023-08-24,Vestuario,Pantalon,1,115630,32447
5217,1337,2024-08-16,Tecnologia,Notebook,1,77680,27235
5218,115,2024-05-23,Electrodomesticos,Microondas,3,513471,113299
5219,1479,2024-08-01,Electrodomesticos,Lavadora,3,334563,66302
5220,1107,2024-02-02,Vestuario,Zapatillas,2,169344,48421
5221,657,2023-11-15,Deportes,Bicicleta,2,232354,42661
5222,1034,2024-09-07,Electrodomesticos,Lavadora,3,244242,58773
5223,127,2023-08-14,Vestuario,Zapatillas,1,14586,4872
5224,1111,2023-07-07,Electrodomesticos,Lavadora,1,7489,2531
5225,943,2024-01-03,Electrodomesticos,Microondas,1,59581,17518
5226,233,2024-12-13,Vestuario,Pantalon,1,103754,26746
5227,1173,2024-03-07,Tecnologia,Notebook,4,368996,130576
5228,340,2024-10-15,Vestuario,Zapatillas,1,96316,26660
5229,218,2023-03-21,Electrodomesticos,Aspiradora,3,390849,148275
5230,1207,2024-05-24,Vestuario,Chaqueta,1,65321,13085
5231,930,2023-04-28,Tecnologia,Tablet,1,90810,20028
5232,1106,2023-03-18,Tecnologia,Monitor,1,5000,1501
5233,1146,2024-09-26,Deportes,Balon,6,899952,215995
5234,823,2024-08-30,Tecnologia,Notebook,1,118874,29247
5235,1275,2023-10-18,Electrodomesticos,Aspiradora,3,283788,100484
5236,28,2023-10-06,Vestuario,Polera,3,73581,22690
5237,131,2024-06-12,Tecnologia,Monitor,2,174720,33784
5238,920,2024-12-29,Hogar,Mesa,1,136865,42555
5239,497,2024-05-11,Tecnologia,Monitor,3,217302,82287
5240,1285,2023-12-19,Hogar,Silla,2,10000,2181
5241,160,2024-07-12,Vestuario,Chaqueta,3,187722,58025
5242,1423,2023-09-27,Deportes,Balon,1,101351,31901
5243,176,2024-06-16,Vestuario,Pantalon,1,120099,32825
5244,1394,2023-02-27,Hogar,Mesa,2,272216,69133
5245,265,2023-09-30,Hogar,Lampara,1,94192,34461
5246,1390,2023-02-07,Tecnologia,Tablet,1,98153,25422
5247,1092,2024-02-21,Deportes,Raqueta,2,185416,66726
5248,380,2024-08-01,Electrodomesticos,Aspiradora,1,58952,19226
5249,1310,2023-12-20,Vestuario,Pantalon,4,327676,104425
5250,52,2024-10-18,Hogar,Silla,1,90597,21050
5251,891,2023-03-24,Tecnologia,Notebook,1,72358,19486
5252,56,2024-04-23,Hogar,Mesa,3,15000,5030
5253,1282,2023-09-27,Electrodomesticos,Aspiradora,2,147750,34432
5254,200,2023-01-27,Deportes,Balon,1,26267,6026
5255,540,2024-04-29,Vestuario,Chaqueta,1,171625,51999
5256,33,2023-05-10,Tecnologia,Tablet,2,110760,33542
5257,1223,2024-06-18,Tecnologia,Tablet,1,50598,13188
5258,80,2024-04-14,Hogar,Lampara,1,116849,23352
5259,824,2023-04-17,Vestuario,Zapatillas,6,680586,214015
5260,1457,2024-10-18,Deportes,Balon,1,137950,50097
5261,295,2024-02-17,Electrodomesticos,Lavadora,4,535108,115533
5262,1208,2023-08-13,Tecnologia,Monitor,1,44196,10909
5263,288,2024-04-10,Hogar,Lampara,2,320230,94433
5264,1006,2023-02-24,Tecnologia,Monitor,1,100622,35157
5265,1350,2024-03-11,Electrodomesticos,Lavadora,1,112833,38409
5266,18,2024-10-30,Deportes,Pesas,1,58051,15286
5267,666,2024-11-17,Electrodomesticos,Aspiradora,1,64839,21996
5268,203,2023-06-24,Vestuario,Chaqueta,4,438676,111167
5269,540,2024-04-30,Tecnologia,Monitor,2,196556,57647
5270,1040,2024-11-01,Deportes,Pesas,7,460474,137609
5271,43,2024-08-15,Electrodomesticos,Refrigerador,1,115782,39993
5272,1268,2023-12-12,Deportes,Raqueta,1,51142,9330
5273,222,2023-02-28,Hogar,Silla,1,97277,23006
5274,575,2023-03-25,Electrodomesticos,Aspiradora,4,434748,128237
5275,403,2023-03-28,Tecnologia,Notebook,4,344260,129340
5276,282,2023-07-22,Electrodomesticos,Refrigerador,1,96496,27694
5277,1402,2023-11-01,Deportes,Raqueta,2,221054,72393
5278,887,2023-04-15,Hogar,Lampara,2,10000,2997
5279,1085,2024-05-07,Electrodomesticos,Microondas,1,36393,11296
5280,444,2023-04-01,Vestuario,Chaqueta,3,290871,79897
5281,622,2023-12-06,Tecnologia,Monitor,1,115176,42548
5282,504,2024-12-22,Deportes,Balon,2,330218,120754
5283,72,2024-03-30,Electrodomesticos,Refrigerador,3,125304,40237
5284,292,2024-05-02,Tecnologia,Smartphone,3,231195,62543
5285,1109,2023-11-20,Hogar,Mesa,3,287397,56326
5286,366,2024-03-27,Deportes,Raqueta,1,90668,29700
5287,259,2024-12-18,Tecnologia,Notebook,1,134260,28947
5288,599,2023-02-23,Tecnologia,Notebook,3,460086,158945
5289,442,2023-09-22,Hogar,Sofa,4,340624,108948
5290,104,2023-03-20,Deportes,Balon,3,224694,64406
5291,728,2023-07-10,Vestuario,Chaqueta,1,79024,17998
5292,96,2023-07-03,Electrodomesticos,Microondas,7,279461,55752
5293,1282,2024-09-21,Vestuario,Polera,4,425572,108414
5294,162,2024-07-19,Tecnologia,Smartphone,2,56402,19671
5295,77,2024-08-01,Electrodomesticos,Microondas,1,118941,34013
5296,39,2024-11-08,Electrodomesticos,Refrigerador,1,64477,21563
5297,659,2024-10-27,Hogar,Lampara,2,300618,97642
5298,1058,2023-05-12,Deportes,Balon,7,670873,226852
5299,898,2024-08-16,Vestuario,Polera,2,285034,72708
5300,288,2023-11-30,Vestuario,Polera,3,249624,87109
5301,684,2023-02-05,Tecnologia,Monitor,2,260862,88576
5302,1341,2023-04-15,Deportes,Pesas,1,53317,19011
5303,380,2023-07-05,Deportes,Bicicleta,2,192390,39098
5304,1166,2023-01-07,Electrodomesticos,Aspiradora,4,210452,74421
5305,177,2024-06-23,Electrodomesticos,Lavadora,2,10000,3578
5306,90,2024-08-17,Hogar,Lampara,3,423348,100610
5307,596,2024-06-03,Hogar,Lampara,2,277588,66064
5308,94,2023-11-16,Electrodomesticos,Refrigerador,3,382494,133354
5309,1271,2023-10-13,Deportes,Bicicleta,2,50240,12633
5310,696,2023-10-09,Deportes,Raqueta,1,89364,24886
5311,938,2023-10-31,Tecnologia,Monitor,5,381875,104763
5312,913,2023-12-23,Vestuario,Pantalon,2,142612,37686
5313,1489,2023-08-15,Electrodomesticos,Lavadora,1,200012,59708
5314,786,2023-05-07,Tecnologia,Smartphone,2,195968,51210
5315,889,2023-04-04,Deportes,Bicicleta,1,115511,30549
5316,1302,2023-04-17,Vestuario,Pantalon,3,368625,134668
5317,642,2024-08-18,Vestuario,Polera,1,35933,7149
5318,209,2024-02-26,Electrodomesticos,Refrigerador,3,508830,171796
5319,803,2024-07-15,Electrodomesticos,Microondas,3,318006,59098
5320,182,2023-12-11,Hogar,Silla,1,116341,28198
5321,1206,2024-11-26,Hogar,Lampara,1,52603,15553
5322,1186,2024-08-10,Deportes,Raqueta,3,203316,49335
5323,378,2023-06-22,Hogar,Sofa,1,5000,1288
5324,1456,2023-05-15,Vestuario,Chaqueta,4,253972,56969
5325,906,2023-06-20,Vestuario,Pantalon,3,301713,94453
5326,640,2024-10-15,Deportes,Pesas,2,211652,68680
5327,400,2023-12-03,Tecnologia,Tablet,2,287206,71122
5328,985,2023-06-23,Electrodomesticos,Lavadora,2,254800,90895
5329,313,2023-10-09,Hogar,Silla,4,379840,143911
5330,866,2023-07-23,Vestuario,Polera,1,149733,28266
5331,130,2023-03-05,Hogar,Silla,1,90364,24393
5332,1304,2024-12-08,Vestuario,Polera,2,226224,69700
5333,295,2023-01-26,Tecnologia,Monitor,2,77430,16367
5334,217,2024-10-06,Hogar,Lampara,7,675892,219636
5335,1024,2024-08-04,Deportes,Balon,1,144013,32446
5336,1400,2023-03-01,Deportes,Raqueta,2,192896,43260
5337,772,2024-06-24,Hogar,Mesa,3,484536,132707
5338,230,2023-03-25,Vestuario,Pantalon,2,199808,74999
5339,451,2023-10-23,Hogar,Lampara,1,94806,34694
5340,847,2023-07-06,Electrodomesticos,Refrigerador,2,203774,56618
5341,478,2023-07-05,Tecnologia,Tablet,1,39426,12402
5342,889,2024-12-01,Tecnologia,Notebook,3,189555,57783
5343,767,2023-06-15,Electrodomesticos,Refrigerador,2,260780,88510
5344,958,2024-02-21,Deportes,Pesas,2,170866,45578
5345,1383,2023-01-20,Tecnologia,Notebook,1,63060,19483
5346,147,2023-11-12,Deportes,Bicicleta,1,89243,17779
5347,984,2024-11-29,Tecnologia,Notebook,3,211830,52346
5348,1177,2023-01-17,Tecnologia,Tablet,1,91160,33127
5349,399,2023-09-05,Electrodomesticos,Lavadora,3,279984,93416
5350,78,2024-10-17,Tecnologia,Notebook,1,71415,24724
5351,1248,2024-11-08,Electrodomesticos,Microondas,2,178728,54366
5352,1124,2023-03-31,Tecnologia,Monitor,2,185718,51876
5353,19,2023-07-06,Electrodomesticos,Microondas,2,216734,68426
5354,514,2024-12-16,Hogar,Lampara,2,218342,56574
5355,406,2023-10-27,Tecnologia,Monitor,2,150604,48354
5356,675,2024-12-12,Hogar,Lampara,3,340371,91080
5357,845,2023-05-26,Electrodomesticos,Microondas,3,370173,104267
5358,1463,2023-08-10,Vestuario,Chaqueta,2,105990,19815
5359,1309,2023-07-02,Deportes,Balon,3,181740,41933
5360,794,2024-03-07,Tecnologia,Notebook,4,482904,97231
5361,1445,2024-06-16,Hogar,Silla,1,53946,13080
5362,1167,2024-11-06,Electrodomesticos,Aspiradora,3,105381,29251
5363,1204,2024-03-20,Hogar,Mesa,3,421104,88514
5364,1208,2023-06-02,Hogar,Lampara,1,99549,22199
5365,1090,2023-08-05,Deportes,Raqueta,1,81621,17520
5366,509,2023-05-10,Deportes,Pesas,2,185330,65618
5367,922,2024-12-03,Vestuario,Polera,2,120846,22823
5368,1008,2023-11-19,Electrodomesticos,Lavadora,3,206442,56098
5369,192,2023-01-20,Hogar,Sofa,2,111174,32349
5370,1484,2023-09-20,Hogar,Silla,2,48706,17193
5371,1282,2023-05-04,Hogar,Silla,1,87910,30072
5372,11,2023-10-14,Tecnologia,Smartphone,3,225318,73982
5373,1142,2024-05-12,Hogar,Silla,3,306603,56209
5374,452,2024-10-21,Tecnologia,Notebook,3,266982,75793
5375,145,2024-03-15,Deportes,Balon,4,59044,12719
5376,807,2023-10-09,Deportes,Bicicleta,5,427005,148456
5377,283,2023-09-23,Vestuario,Pantalon,4,206732,69017
5378,996,2024-11-22,Vestuario,Chaqueta,4,712184,269993
5379,154,2023-09-28,Tecnologia,Smartphone,2,135298,25820
5380,429,2024-12-07,Vestuario,Polera,2,35490,7060
5381,205,2024-03-17,Hogar,Silla,1,92929,31733
5382,445,2023-01-16,Tecnologia,Monitor,1,62162,12194
5383,122,2024-12-24,Tecnologia,Tablet,2,256620,84660
5384,516,2023-05-07,Hogar,Silla,2,201596,49049
5385,89,2024-02-24,Electrodomesticos,Aspiradora,1,79360,21391
5386,1113,2023-07-14,Vestuario,Zapatillas,1,84646,28527
5387,843,2024-06-01,Vestuario,Zapatillas,1,114407,20929
5388,617,2024-03-22,Hogar,Lampara,1,118520,22016
5389,352,2023-04-06,Vestuario,Polera,1,39541,12363
5390,952,2023-07-05,Vestuario,Zapatillas,3,318903,60937
5391,781,2024-03-27,Deportes,Bicicleta,2,148552,38794
5392,252,2023-09-22,Hogar,Sofa,5,106145,35701
5393,542,2024-03-17,Vestuario,Zapatillas,7,689815,210892
5394,125,2024-12-18,Hogar,Lampara,4,515232,176049
5395,47,2024-03-15,Tecnologia,Notebook,3,322431,71406
5396,774,2024-04-02,Electrodomesticos,Lavadora,1,83092,16396
5397,497,2023-06-30,Deportes,Raqueta,2,137920,42173
5398,1036,2023-05-15,Deportes,Pesas,6,506832,192419
5399,801,2023-05-22,Electrodomesticos,Aspiradora,2,224884,74422
5400,278,2023-11-19,Electrodomesticos,Aspiradora,3,435972,116758
5401,1042,2023-11-03,Tecnologia,Monitor,2,137440,33148
5402,1039,2024-12-13,Vestuario,Pantalon,3,440319,141554
5403,1026,2024-01-10,Deportes,Bicicleta,2,152014,40623
5404,425,2023-12-15,Vestuario,Zapatillas,2,132560,49521
5405,215,2023-10-17,Hogar,Sofa,2,111030,23284
5406,519,2024-05-27,Hogar,Silla,2,65214,15957
5407,993,2023-03-30,Hogar,Silla,1,14764,4268
5408,653,2024-03-13,Tecnologia,Monitor,3,463530,171001
5409,1059,2023-12-14,Deportes,Pesas,1,88653,23925
5410,256,2024-11-29,Hogar,Lampara,3,257031,83628
5411,171,2024-03-20,Deportes,Balon,1,31928,5882
5412,517,2023-03-09,Tecnologia,Tablet,2,147882,40483
5413,1137,2023-10-27,Tecnologia,Notebook,2,149622,27402
5414,302,2024-03-07,Electrodomesticos,Aspiradora,1,206428,67488
5415,1053,2024-10-22,Deportes,Raqueta,4,107088,37917
5416,332,2024-01-10,Electrodomesticos,Microondas,2,296756,72951
5417,952,2023-12-22,Tecnologia,Notebook,1,179780,64892
5418,1039,2024-01-06,Tecnologia,Notebook,2,149960,32140
5419,669,2024-12-01,Tecnologia,Monitor,4,439956,96137
5420,1032,2023-05-21,Tecnologia,Tablet,2,235508,66054
5421,1423,2023-09-20,Vestuario,Chaqueta,2,139514,40228
5422,859,2023-09-15,Deportes,Pesas,1,152293,48353
5423,748,2023-02-25,Deportes,Pesas,2,69274,23019
5424,181,2023-07-11,Electrodomesticos,Microondas,3,336543,126929
5425,1055,2024-05-25,Electrodomesticos,Aspiradora,4,127328,42239
5426,614,2024-07-19,Vestuario,Pantalon,3,145641,39675
5427,433,2023-10-20,Deportes,Balon,2,210454,63292
5428,1357,2024-04-18,Deportes,Balon,2,237924,77357
5429,1091,2023-08-19,Tecnologia,Tablet,1,98766,21567
5430,456,2023-12-25,Vestuario,Zapatillas,3,281634,94529
5431,400,2024-10-03,Hogar,Silla,1,157078,52604
5432,1478,2024-05-01,Electrodomesticos,Lavadora,2,279688,103654
5433,1147,2023-01-05,Vestuario,Zapatillas,5,362660,106094
5434,83,2023-05-22,Hogar,Sofa,2,213026,57955
5435,394,2023-03-09,Electrodomesticos,Microondas,5,355730,100695
5436,1140,2023-02-03,Hogar,Sofa,5,831365,185355
5437,1052,2024-05-09,Deportes,Pesas,1,96317,31376
5438,615,2024-02-09,Tecnologia,Monitor,3,374541,110067
5439,642,2023-07-05,Deportes,Pesas,2,116370,32849
5440,617,2024-06-28,Deportes,Bicicleta,2,238334,76650
5441,1356,2024-09-24,Hogar,Silla,4,239064,63144
5442,230,2024-05-02,Tecnologia,Tablet,2,233450,71618
5443,34,2024-06-14,Electrodomesticos,Refrigerador,1,52737,15840
5444,441,2023-12-13,Hogar,Silla,7,674870,159637
5445,1440,2024-12-19,Vestuario,Zapatillas,2,290170,90910
5446,1153,2024-03-13,Electrodomesticos,Microondas,2,181972,52704
5447,22,2023-12-10,Deportes,Balon,3,432081,136566
5448,1409,2024-07-20,Tecnologia,Tablet,4,491032,131704
5449,876,2023-08-28,Hogar,Silla,3,230043,52849
5450,993,2024-02-07,Tecnologia,Monitor,1,97827,30937
5451,563,2023-07-05,Hogar,Mesa,2,10000,1956
5452,895,2023-03-24,Hogar,Lampara,1,140115,50784
5453,1044,2023-11-10,Tecnologia,Monitor,1,58963,22103
5454,543,2024-05-12,Hogar,Mesa,1,138432,51563
5455,119,2024-07-02,Deportes,Balon,1,196617,51514
5456,208,2024-12-10,Vestuario,Pantalon,1,108440,28816
5457,1006,2024-05-10,Vestuario,Pantalon,3,297771,91535
5458,374,2023-10-20,Deportes,Balon,1,106248,21975
5459,656,2023-06-23,Tecnologia,Monitor,1,67159,23918
5460,919,2024-04-16,Tecnologia,Notebook,4,154212,50494
5461,642,2023-09-17,Vestuario,Zapatillas,3,173088,55403
5462,1436,2024-07-10,Electrodomesticos,Lavadora,3,240759,61340
5463,600,2024-04-19,Vestuario,Polera,2,90072,18576
5464,1290,2024-05-25,Electrodomesticos,Microondas,1,55336,10298
5465,521,2023-12-05,Hogar,Silla,2,149884,50221
5466,1121,2024-06-25,Electrodomesticos,Microondas,3,364533,102826
5467,1194,2024-06-20,Vestuario,Pantalon,2,130252,37570
5468,1044,2023-08-24,Vestuario,Polera,2,78960,28595
5469,1198,2023-10-15,Deportes,Pesas,3,298791,90940
5470,138,2024-04-27,Electrodomesticos,Microondas,2,218714,81981
5471,99,2024-01-30,Electrodomesticos,Aspiradora,1,83456,16785
5472,597,2023-05-26,Electrodomesticos,Aspiradora,2,135432,42673
5473,1346,2023-04-27,Deportes,Balon,1,91385,21225
5474,265,2023-10-24,Tecnologia,Tablet,1,138875,36309
5475,632,2023-03-07,Tecnologia,Monitor,3,264711,57055
5476,209,2024-07-15,Electrodomesticos,Aspiradora,3,289365,71917
5477,832,2024-10-15,Electrodomesticos,Lavadora,2,185918,58933
5478,1355,2023-07-20,Vestuario,Zapatillas,2,325638,61239
5479,1148,2023-09-19,Electrodomesticos,Aspiradora,1,124243,29974
5480,1365,2024-12-14,Electrodomesticos,Aspiradora,3,243720,62269
5481,536,2023-05-22,Deportes,Bicicleta,1,59045,20539
5482,184,2023-08-17,Tecnologia,Smartphone,3,178686,52895
5483,942,2024-11-16,Electrodomesticos,Refrigerador,1,38112,7165
5484,1056,2024-02-22,Hogar,Lampara,3,117975,33082
5485,1054,2024-02-25,Hogar,Sofa,1,93968,23566
5486,247,2023-11-16,Deportes,Raqueta,2,70648,17622
5487,1262,2023-11-29,Hogar,Mesa,2,292422,68142
5488,172,2024-11-17,Electrodomesticos,Aspiradora,3,336795,76015
5489,1313,2023-07-13,Electrodomesticos,Refrigerador,2,115734,25895
5490,399,2023-08-27,Deportes,Bicicleta,1,83701,16471
5491,496,2023-01-18,Tecnologia,Smartphone,2,75222,23422
5492,473,2023-08-11,Vestuario,Pantalon,1,64073,22062
5493,213,2024-03-13,Tecnologia,Smartphone,1,71801,14780
5494,1447,2023-08-02,Tecnologia,Tablet,1,40838,12946
5495,156,2024-08-31,Hogar,Silla,4,732420,187147
5496,794,2024-07-04,Tecnologia,Notebook,1,106927,20694
5497,309,2023-12-21,Tecnologia,Smartphone,1,126715,37801
5498,1136,2023-06-21,Hogar,Sofa,3,226089,74332
5499,94,2024-11-17,Electrodomesticos,Refrigerador,3,249663,87953
5500,647,2023-04-15,Electrodomesticos,Refrigerador,1,70025,20519
5501,1487,2023-02-10,Vestuario,Zapatillas,2,250272,55280
5502,398,2024-09-24,Vestuario,Pantalon,2,247922,51523
5503,31,2023-11-08,Electrodomesticos,Refrigerador,1,103778,37273
5504,873,2024-08-07,Deportes,Raqueta,1,67916,22495
5505,353,2023-04-09,Tecnologia,Notebook,1,27364,9739
5506,1319,2023-02-07,Vestuario,Chaqueta,2,136108,39983
5507,365,2024-05-17,Vestuario,Pantalon,2,123864,40526
5508,1071,2024-03-11,Vestuario,Chaqueta,2,101260,37531
5509,511,2024-07-09,Vestuario,Pantalon,1,86894,29487
5510,725,2023-08-12,Hogar,Sofa,3,337467,110585
5511,936,2024-09-12,Hogar,Mesa,2,138488,28317
5512,1436,2024-08-13,Tecnologia,Smartphone,3,294339,76499
5513,1322,2024-09-05,Deportes,Raqueta,1,111396,29819
5514,1001,2023-08-01,Hogar,Sofa,1,107095,34382
5515,916,2024-02-04,Deportes,Pesas,4,336288,95062
5516,160,2023-08-31,Tecnologia,Smartphone,1,205556,47298
5517,144,2024-05-19,Deportes,Pesas,1,44263,15779
5518,369,2023-12-08,Hogar,Mesa,1,81623,19118
5519,1331,2024-01-10,Hogar,Mesa,3,298560,96853
5520,1135,2024-09-05,Vestuario,Zapatillas,2,246142,93224
5521,1291,2023-07-06,Tecnologia,Smartphone,7,552314,181795
5522,1187,2023-05-12,Deportes,Balon,5,229640,43716
5523,640,2023-05-10,Vestuario,Zapatillas,3,261795,92381
5524,1182,2023-05-27,Deportes,Balon,2,344150,87656
5525,692,2024-11-19,Hogar,Sofa,4,478180,124040
5526,258,2023-11-10,Electrodomesticos,Lavadora,1,112854,21775
5527,857,2024-03-13,Electrodomesticos,Aspiradora,1,114874,33912
5528,671,2024-07-30,Deportes,Balon,2,162516,33340
5529,1390,2023-11-30,Hogar,Silla,2,266860,49856
5530,461,2023-07-24,Deportes,Bicicleta,1,88620,21592
5531,708,2023-09-26,Deportes,Pesas,5,437090,129477
5532,849,2024-03-05,Electrodomesticos,Microondas,1,138731,34759
5533,1495,2024-11-12,Deportes,Pesas,1,129342,41637
5534,1445,2023-11-25,Electrodomesticos,Refrigerador,4,531404,115308
5535,594,2023-10-05,Tecnologia,Notebook,7,967365,319635
5536,813,2023-02-02,Vestuario,Pantalon,3,370314,107901
5537,21,2024-11-19,Tecnologia,Smartphone,1,87645,31751
5538,379,2023-06-14,Hogar,Lampara,4,486624,101329
5539,67,2023-02-25,Deportes,Pesas,2,88014,27715
5540,761,2024-08-23,Deportes,Pesas,2,92216,22890
5541,546,2024-01-14,Vestuario,Pantalon,2,159836,35178
5542,37,2024-02-20,Deportes,Balon,1,152355,36601
5543,1306,2024-06-30,Tecnologia,Tablet,2,304652,91377
5544,1428,2023-05-29,Deportes,Balon,1,72360,25402
5545,1224,2024-06-10,Deportes,Balon,2,76610,19496
5546,274,2023-11-11,Deportes,Balon,2,289026,106369
5547,405,2024-04-19,Deportes,Raqueta,3,168588,52975
5548,800,2024-05-15,Electrodomesticos,Microondas,2,145924,35563
5549,675,2023-05-31,Vestuario,Zapatillas,2,210768,70505
5550,795,2024-01-14,Deportes,Balon,1,128616,43812
5551,1065,2024-06-30,Hogar,Silla,4,422532,95253
5552,578,2024-04-14,Deportes,Bicicleta,3,434004,112450
5553,160,2023-08-09,Hogar,Silla,1,50798,14414
5554,253,2023-01-19,Vestuario,Zapatillas,1,67898,15355
5555,1261,2024-09-02,Deportes,Raqueta,1,148631,43958
5556,369,2023-08-20,Tecnologia,Notebook,1,89290,20374
5557,797,2023-07-02,Hogar,Silla,3,272040,83875
5558,298,2024-11-13,Deportes,Bicicleta,2,288694,63969
5559,1474,2023-12-31,Electrodomesticos,Refrigerador,3,464325,157756
5560,894,2023-12-04,Hogar,Lampara,1,31142,10556
5561,865,2024-08-23,Tecnologia,Notebook,7,1193675,356681
5562,269,2023-03-04,Deportes,Bicicleta,4,62588,15625
5563,1408,2023-12-13,Vestuario,Pantalon,1,157204,57834
5564,596,2023-12-04,Electrodomesticos,Lavadora,3,248622,59534
5565,497,2023-02-17,Deportes,Balon,3,320832,67934
5566,873,2023-03-28,Hogar,Sofa,2,161942,50974
5567,1135,2024-04-14,Hogar,Mesa,5,472225,114935
5568,1375,2024-06-21,Electrodomesticos,Refrigerador,1,79121,21083
5569,250,2024-05-20,Hogar,Sofa,2,156982,38068
5570,824,2024-03-15,Deportes,Raqueta,1,130729,30431
5571,81,2024-07-31,Electrodomesticos,Aspiradora,2,256554,83842
5572,1302,2023-04-19,Hogar,Sofa,2,227126,77077
5573,425,2023-03-13,Electrodomesticos,Refrigerador,3,340401,85139
5574,427,2024-07-04,Tecnologia,Notebook,3,31875,7451
5575,347,2024-11-24,Deportes,Bicicleta,2,121096,45390
5576,1412,2023-03-31,Deportes,Raqueta,3,196809,51467
5577,1303,2024-08-16,Tecnologia,Monitor,1,85987,15703
5578,1266,2024-12-05,Vestuario,Pantalon,1,26626,8183
5579,1338,2024-10-30,Electrodomesticos,Aspiradora,3,153381,49269
5580,1135,2024-12-07,Hogar,Mesa,1,133416,46615
5581,426,2024-08-14,Tecnologia,Tablet,1,157444,46898
5582,1278,2024-12-21,Deportes,Bicicleta,1,80356,23213
5583,30,2023-04-15,Tecnologia,Monitor,1,88771,31015
5584,1133,2024-07-27,Tecnologia,Tablet,2,235588,66892
5585,1025,2023-05-12,Tecnologia,Smartphone,2,207232,51674
5586,1035,2023-01-16,Deportes,Balon,2,211758,38870
5587,470,2023-03-04,Tecnologia,Notebook,3,93732,27810
5588,1376,2024-02-19,Deportes,Balon,1,81843,25275
5589,716,2024-09-21,Tecnologia,Smartphone,3,113952,31063
5590,1278,2023-09-12,Deportes,Balon,4,237016,81392
5591,63,2023-03-02,Tecnologia,Tablet,5,605085,168074
5592,1248,2023-03-22,Tecnologia,Smartphone,2,366166,100838
5593,970,2023-12-24,Electrodomesticos,Aspiradora,1,95246,35183
5594,1484,2024-04-20,Tecnologia,Tablet,1,122783,29738
5595,1185,2023-02-08,Deportes,Bicicleta,3,470025,177127
5596,44,2024-03-14,Deportes,Balon,2,95194,20188
5597,975,2023-01-15,Deportes,Bicicleta,3,207792,59349
5598,986,2023-05-14,Electrodomesticos,Lavadora,1,112978,33009
5599,405,2024-02-14,Tecnologia,Notebook,2,113982,34749
5600,197,2023-04-16,Deportes,Raqueta,2,240958,60097
5601,633,2023-09-02,Electrodomesticos,Refrigerador,1,91310,18184
5602,129,2023-06-23,Electrodomesticos,Microondas,3,476076,167554
5603,44,2024-07-02,Hogar,Mesa,1,45701,13451
5604,1414,2024-11-30,Tecnologia,Notebook,1,99366,32376
5605,364,2024-04-14,Hogar,Lampara,1,139372,47514
5606,576,2023-12-14,Tecnologia,Monitor,1,87110,27417
5607,165,2023-08-02,Electrodomesticos,Refrigerador,2,201496,60200
5608,1366,2024-02-17,Vestuario,Polera,4,574500,152510
5609,425,2024-05-12,Electrodomesticos,Lavadora,1,95576,29301
5610,1007,2023-03-01,Hogar,Silla,1,91004,16890
5611,1428,2024-11-30,Electrodomesticos,Microondas,1,135480,46759
5612,684,2023-05-26,Electrodomesticos,Microondas,3,239907,44196
5613,1273,2024-01-06,Tecnologia,Notebook,5,25000,6019
5614,516,2023-01-28,Vestuario,Pantalon,3,364743,90586
5615,774,2024-12-05,Hogar,Mesa,2,237610,67864
5616,836,2024-08-01,Tecnologia,Notebook,1,99843,30207
5617,726,2024-01-15,Deportes,Pesas,1,113799,26416
5618,203,2024-04-16,Vestuario,Pantalon,3,148218,31389
5619,405,2024-07-19,Hogar,Sofa,1,151677,52784
5620,91,2023-06-24,Deportes,Balon,4,677160,150067
5621,320,2024-05-08,Vestuario,Chaqueta,2,330664,63319
5622,1359,2024-08-21,Tecnologia,Smartphone,2,257394,70823
5623,658,2024-11-19,Deportes,Balon,1,124440,31708
5624,803,2024-07-19,Vestuario,Pantalon,1,100813,23780
5625,1035,2023-09-13,Vestuario,Zapatillas,3,315873,82668
5626,740,2023-06-25,Deportes,Bicicleta,1,78994,20391
5627,1044,2024-06-20,Tecnologia,Notebook,1,84988,16033
5628,928,2023-06-13,Electrodomesticos,Aspiradora,3,397113,88397
5629,1334,2023-05-30,Deportes,Raqueta,5,322750,116253
5630,847,2024-05-13,Hogar,Mesa,1,69473,24823
5631,1391,2024-09-21,Hogar,Silla,1,139884,34865
5632,1149,2024-11-05,Electrodomesticos,Refrigerador,4,415412,110181
5633,582,2024-03-30,Hogar,Silla,2,175026,40462
5634,595,2023-05-28,Electrodomesticos,Aspiradora,1,71143,17615
5635,1332,2024-01-17,Hogar,Silla,4,277656,60151
5636,157,2024-07-03,Vestuario,Polera,1,68980,23409
5637,152,2023-03-03,Electrodomesticos,Microondas,3,430326,121889
5638,800,2024-11-12,Deportes,Balon,2,279628,97646
5639,1095,2023-04-28,Vestuario,Zapatillas,2,146428,50581
5640,1264,2023-10-18,Deportes,Raqueta,2,249784,78659
5641,906,2023-09-27,Tecnologia,Monitor,3,174633,62417
5642,29,2023-10-28,Tecnologia,Monitor,1,83004,24750
5643,84,2024-01-30,Vestuario,Polera,1,51043,14757
5644,271,2023-10-16,Electrodomesticos,Microondas,2,312448,88037
5645,1080,2023-05-14,Vestuario,Polera,1,81006,27219
5646,1148,2023-04-27,Tecnologia,Smartphone,2,10000,3783
5647,350,2024-03-03,Hogar,Lampara,5,130125,46136
5648,632,2023-08-03,Electrodomesticos,Refrigerador,2,180054,38151
5649,469,2023-03-18,Tecnologia,Notebook,4,244648,82399
5650,1407,2023-03-02,Tecnologia,Notebook,3,30864,8258
5651,1365,2023-10-31,Deportes,Balon,1,128012,28621
5652,459,2023-11-21,Hogar,Lampara,1,162380,42721
5653,330,2023-02-08,Vestuario,Pantalon,1,120625,45540
5654,1492,2024-09-16,Tecnologia,Smartphone,1,127512,27449
5655,639,2024-07-10,Hogar,Sofa,3,223227,49158
5656,200,2024-08-29,Vestuario,Zapatillas,5,401835,86071
5657,41,2024-10-29,Deportes,Balon,1,89217,28603
5658,956,2023-04-06,Hogar,Silla,5,458905,171962
5659,1153,2023-01-20,Tecnologia,Monitor,3,46083,9996
5660,116,2023-08-06,Deportes,Bicicleta,4,331448,97440
5661,1189,2024-04-04,Electrodomesticos,Aspiradora,3,479574,161124
5662,1381,2024-11-11,Electrodomesticos,Lavadora,1,152599,56643
5663,248,2023-08-28,Electrodomesticos,Microondas,3,17913,3653
5664,1323,2024-09-14,Electrodomesticos,Aspiradora,3,282720,87532
5665,1279,2023-11-16,Electrodomesticos,Microondas,2,186760,43848
5666,1208,2024-04-24,Electrodomesticos,Refrigerador,2,71530,16510
5667,1470,2024-09-04,Hogar,Mesa,4,316016,95750
5668,686,2023-07-25,Electrodomesticos,Refrigerador,1,73916,17385
5669,223,2023-01-20,Electrodomesticos,Microondas,5,737800,245905
5670,454,2024-08-24,Vestuario,Chaqueta,1,39655,13615
5671,171,2023-08-13,Electrodomesticos,Microondas,3,288612,55669
5672,1286,2024-08-08,Hogar,Mesa,1,146857,43803
5673,549,2023-01-17,Hogar,Sofa,4,339776,70816
5674,1252,2023-10-22,Electrodomesticos,Refrigerador,1,78194,29031
5675,44,2024-08-26,Vestuario,Zapatillas,1,92577,21920
5676,849,2023-04-23,Tecnologia,Tablet,1,105581,33317
5677,442,2024-10-08,Deportes,Balon,2,77696,17057
5678,167,2024-11-12,Tecnologia,Monitor,3,136869,24660
5679,1232,2023-10-20,Tecnologia,Smartphone,4,229716,76453
5680,477,2024-03-05,Vestuario,Pantalon,1,116005,29136
5681,997,2024-07-30,Hogar,Sofa,1,61328,15727
5682,227,2024-08-26,Tecnologia,Smartphone,2,155544,38223
5683,1450,2024-07-04,Deportes,Balon,4,539084,169428
5684,1011,2023-05-01,Vestuario,Pantalon,2,10000,2718
5685,647,2023-10-25,Deportes,Pesas,4,155608,43878
5686,1139,2023-07-24,Vestuario,Zapatillas,3,249072,86084
5687,128,2024-05-19,Vestuario,Pantalon,2,294246,103717
5688,891,2023-04-23,Electrodomesticos,Lavadora,1,99768,20652
5689,362,2024-10-26,Hogar,Sofa,1,71298,13101
5690,252,2024-04-29,Electrodomesticos,Refrigerador,1,96440,35590
5691,606,2024-07-16,Deportes,Balon,1,148505,55568
5692,186,2024-05-06,Hogar,Lampara,5,298020,55453
5693,1192,2023-04-06,Deportes,Pesas,2,70670,20870
5694,248,2023-03-15,Deportes,Bicicleta,4,609552,201645
5695,248,2023-04-03,Vestuario,Pantalon,1,107683,22191
5696,1292,2024-02-16,Vestuario,Zapatillas,1,81257,29100
5697,298,2024-10-02,Hogar,Silla,3,15000,5464
5698,731,2023-02-26,Hogar,Sofa,1,127630,38520
5699,675,2024-03-18,Vestuario,Zapatillas,1,78132,17536
5700,263,2024-08-02,Tecnologia,Notebook,2,254902,79928
5701,130,2024-11-03,Vestuario,Polera,2,248740,70976
5702,609,2023-01-31,Tecnologia,Tablet,1,156246,48833
5703,1303,2024-12-15,Vestuario,Pantalon,3,283131,68138
5704,406,2023-11-13,Vestuario,Chaqueta,3,214020,51023
5705,378,2024-12-10,Deportes,Raqueta,1,135005,25547
5706,793,2024-08-27,Hogar,Mesa,3,362187,85150
5707,241,2023-10-10,Hogar,Mesa,1,134527,29376
5708,898,2023-12-12,Deportes,Bicicleta,2,201002,38977
5709,1363,2023-10-16,Deportes,Pesas,2,231100,53711
5710,701,2024-07-08,Electrodomesticos,Aspiradora,1,115280,41833
5711,630,2024-12-17,Hogar,Lampara,1,105483,20572
5712,74,2024-03-20,Deportes,Balon,2,235112,78311
5713,460,2024-06-19,Deportes,Raqueta,1,130559,31723
5714,549,2023-12-04,Tecnologia,Smartphone,1,145947,37112
5715,997,2024-05-14,Vestuario,Chaqueta,1,132843,41510
5716,326,2023-11-11,Hogar,Mesa,3,148236,28724
5717,993,2024-08-14,Tecnologia,Smartphone,2,264438,49167
5718,1118,2023-01-22,Tecnologia,Smartphone,1,100836,32114
5719,881,2024-08-16,Hogar,Mesa,1,75849,17388
5720,1176,2024-06-14,Electrodomesticos,Microondas,1,80913,20033
5721,393,2024-01-07,Tecnologia,Smartphone,1,111728,41384
5722,38,2023-08-08,Hogar,Sofa,3,278022,104928
5723,503,2024-12-19,Hogar,Mesa,3,372003,124132
5724,1280,2023-02-13,Tecnologia,Notebook,4,288744,54261
5725,205,2023-10-08,Hogar,Silla,1,79104,26361
5726,313,2023-08-08,Hogar,Lampara,1,84584,15234
5727,591,2024-01-21,Vestuario,Pantalon,2,158770,33320
5728,531,2024-08-26,Electrodomesticos,Aspiradora,3,260442,56694
5729,445,2024-10-17,Electrodomesticos,Aspiradora,3,150642,34226
5730,212,2024-04-10,Vestuario,Polera,4,482000,97970
5731,1376,2023-10-13,Vestuario,Polera,2,189218,36480
5732,1324,2024-11-25,Deportes,Balon,3,205059,66307
5733,159,2023-11-11,Tecnologia,Monitor,3,374877,77899
5734,557,2023-11-30,Electrodomesticos,Lavadora,4,344076,78730
5735,1267,2024-10-06,Hogar,Sofa,3,255699,55327
5736,1106,2023-12-11,Deportes,Pesas,3,527094,167936
5737,1067,2024-07-19,Deportes,Pesas,2,171728,54642
5738,809,2023-10-30,Vestuario,Polera,1,122732,34807
5739,260,2024-02-08,Deportes,Pesas,3,370338,71671
5740,538,2023-06-30,Tecnologia,Monitor,3,396594,138785
5741,264,2024-11-07,Electrodomesticos,Lavadora,1,89219,20453
5742,747,2024-05-28,Hogar,Silla,3,220731,54072
5743,953,2024-06-17,Electrodomesticos,Microondas,1,149753,27903
5744,812,2023-06-06,Deportes,Balon,1,60251,16633
5745,200,2024-04-12,Vestuario,Chaqueta,1,68473,19059
5746,1049,2023-05-02,Electrodomesticos,Microondas,2,142484,53659
5747,1459,2024-12-06,Deportes,Balon,2,92082,32636
5748,532,2024-10-27,Electrodomesticos,Refrigerador,2,123384,44530
5749,569,2023-08-26,Tecnologia,Notebook,3,193977,36632
5750,1065,2023-12-14,Vestuario,Pantalon,2,139156,30531
5751,862,2024-05-07,Hogar,Lampara,1,109432,22208
5752,389,2023-01-04,Deportes,Balon,3,256194,94102
5753,939,2024-06-26,Hogar,Lampara,1,132641,48897
5754,372,2024-06-11,Vestuario,Pantalon,6,742746,251863
5755,624,2024-06-15,Electrodomesticos,Aspiradora,3,613806,176729
5756,1266,2023-09-16,Deportes,Raqueta,3,397143,137887
5757,789,2023-01-29,Deportes,Raqueta,4,216524,59906
5758,1092,2024-02-21,Tecnologia,Notebook,1,117272,23168
5759,884,2023-12-05,Deportes,Bicicleta,1,45733,9681
5760,383,2023-05-29,Electrodomesticos,Refrigerador,2,139500,37676
5761,166,2023-09-03,Vestuario,Chaqueta,1,66024,19743
5762,1334,2023-10-26,Vestuario,Chaqueta,1,83258,15007
5763,1376,2024-09-14,Deportes,Bicicleta,2,110666,35111
5764,1469,2023-06-07,Hogar,Sofa,4,169896,42234
5765,1447,2023-11-20,Vestuario,Polera,4,279920,51218
5766,1206,2023-12-31,Electrodomesticos,Lavadora,4,474976,92173
5767,1053,2023-11-13,Vestuario,Polera,3,242121,80863
5768,883,2024-09-23,Vestuario,Polera,2,200448,36975
5769,1407,2023-06-01,Tecnologia,Notebook,1,55019,17153
5770,1446,2024-03-16,Tecnologia,Tablet,2,143382,52849
5771,1093,2023-06-04,Deportes,Bicicleta,3,243549,86136
5772,369,2023-06-26,Electrodomesticos,Aspiradora,1,140021,30158
5773,1449,2023-08-05,Tecnologia,Notebook,2,97388,32034
5774,849,2024-02-02,Deportes,Raqueta,4,763220,186582
5775,526,2024-03-29,Vestuario,Chaqueta,2,206152,72128
5776,824,2024-12-26,Tecnologia,Notebook,2,87798,17762
5777,536,2023-08-11,Tecnologia,Notebook,2,314138,95583
5778,999,2024-09-01,Vestuario,Chaqueta,3,196569,43089
5779,665,2023-09-24,Vestuario,Polera,3,279987,101276
5780,379,2024-05-13,Electrodomesticos,Microondas,4,267468,64225
5781,688,2023-12-18,Deportes,Raqueta,4,422528,114950
5782,548,2023-01-01,Electrodomesticos,Lavadora,4,499756,162466
5783,909,2023-11-14,Deportes,Raqueta,2,70670,25644
5784,235,2023-12-16,Tecnologia,Monitor,1,113959,25188
5785,590,2024-03-22,Vestuario,Polera,3,332346,87751
5786,92,2023-08-07,Deportes,Pesas,1,89604,21272
5787,955,2024-07-16,Deportes,Balon,4,204116,46222
5788,1431,2023-01-07,Vestuario,Pantalon,3,290625,101953
5789,870,2023-12-03,Electrodomesticos,Microondas,3,367122,136213
5790,416,2024-03-11,Tecnologia,Smartphone,4,433420,94404
5791,510,2023-01-29,Electrodomesticos,Refrigerador,1,80342,15843
5792,192,2024-03-06,Electrodomesticos,Aspiradora,1,125006,25680
5793,1301,2023-10-02,Tecnologia,Monitor,2,253820,74131
5794,87,2023-07-31,Vestuario,Zapatillas,1,128150,26829
5795,264,2023-08-26,Vestuario,Pantalon,3,171402,33321
5796,845,2023-05-28,Vestuario,Zapatillas,5,490510,113842
5797,1082,2023-07-20,Hogar,Sofa,1,146124,50272
5798,462,2023-03-04,Vestuario,Polera,1,70051,23244
5799,698,2023-04-16,Hogar,Lampara,1,110068,29582
5800,955,2024-06-07,Vestuario,Chaqueta,1,191409,43634
5801,574,2023-05-28,Deportes,Balon,1,72283,22939
5802,1481,2023-12-09,Tecnologia,Tablet,1,108966,35186
5803,458,2024-04-12,Hogar,Lampara,1,103789,26541
5804,1155,2024-09-21,Electrodomesticos,Aspiradora,2,315798,70698
5805,1147,2023-03-21,Electrodomesticos,Aspiradora,1,107207,21450
5806,284,2024-08-27,Hogar,Silla,1,81517,23761
5807,517,2023-11-07,Vestuario,Chaqueta,3,321075,103461
5808,745,2023-08-24,Tecnologia,Monitor,1,72731,25855
5809,444,2023-04-21,Deportes,Pesas,5,322545,106582
5810,219,2023-09-29,Deportes,Raqueta,3,185736,38817
5811,256,2024-05-15,Vestuario,Pantalon,1,25508,5543
5812,1075,2023-08-06,Tecnologia,Notebook,2,113270,31064
5813,488,2023-03-28,Electrodomesticos,Aspiradora,2,249854,52782
5814,1249,2024-07-30,Vestuario,Polera,2,211142,65811
5815,1219,2024-05-17,Hogar,Silla,4,306380,68235
5816,775,2024-11-22,Vestuario,Pantalon,2,264836,70223
5817,1099,2024-10-26,Hogar,Silla,2,337780,85445
5818,1059,2023-01-14,Tecnologia,Notebook,2,212612,46293
5819,621,2023-02-09,Tecnologia,Tablet,1,6614,1838
5820,44,2024-12-12,Vestuario,Chaqueta,3,462333,107974
5821,354,2024-11-23,Hogar,Mesa,1,120750,43747
5822,1097,2024-08-29,Deportes,Pesas,5,765595,220834
5823,813,2023-01-31,Vestuario,Chaqueta,4,207148,77828
5824,1429,2023-07-04,Vestuario,Pantalon,5,348215,114106
5825,973,2023-02-06,Tecnologia,Notebook,1,115068,25994
5826,50,2023-08-05,Tecnologia,Tablet,2,299700,73054
5827,1104,2024-06-11,Deportes,Raqueta,1,5000,1627
5828,529,2024-11-13,Vestuario,Zapatillas,2,209156,73855
5829,884,2023-09-23,Hogar,Mesa,1,62844,21534
5830,1029,2023-09-05,Deportes,Balon,1,105009,24480
5831,368,2023-05-28,Deportes,Pesas,1,100916,30090
5832,1071,2024-10-28,Vestuario,Polera,3,118794,41048
5833,1286,2024-03-02,Deportes,Raqueta,2,97302,29289
5834,178,2024-03-11,Vestuario,Pantalon,2,62890,11406
5835,668,2023-05-29,Deportes,Balon,3,210723,66984
5836,1314,2023-12-25,Electrodomesticos,Microondas,3,376698,115271
5837,590,2023-05-30,Vestuario,Chaqueta,2,93312,21104
5838,1193,2023-02-01,Hogar,Mesa,2,54394,17174
5839,49,2024-02-08,Tecnologia,Smartphone,2,120436,34357
5840,217,2023-02-28,Hogar,Silla,1,49533,12545
5841,1320,2023-12-31,Vestuario,Chaqueta,4,54000,15553
5842,700,2024-06-08,Tecnologia,Smartphone,1,94371,29825
5843,73,2023-01-23,Tecnologia,Notebook,1,78267,17551
5844,1322,2023-05-28,Hogar,Lampara,4,115564,37389
5845,788,2024-05-10,Deportes,Balon,5,537140,172444
5846,216,2024-04-16,Vestuario,Pantalon,2,308750,95091
5847,1205,2024-02-14,Hogar,Sofa,3,15000,3648
5848,1413,2024-03-18,Hogar,Lampara,1,154401,45532
5849,136,2023-12-17,Deportes,Balon,1,112610,38884
5850,490,2023-05-01,Hogar,Silla,2,141522,35721
5851,233,2024-03-26,Hogar,Silla,2,319968,107505
5852,1320,2024-05-10,Vestuario,Polera,3,306567,80232
5853,187,2023-04-11,Vestuario,Chaqueta,1,103592,37995
5854,1464,2024-11-15,Hogar,Lampara,1,20677,4429
5855,411,2024-12-08,Deportes,Pesas,1,129160,45774
5856,216,2023-08-15,Vestuario,Chaqueta,1,122195,45167
5857,411,2024-10-18,Hogar,Sofa,2,268950,81554
5858,885,2024-01-18,Deportes,Bicicleta,3,334080,119448
5859,810,2023-03-06,Tecnologia,Tablet,1,70918,21422
5860,605,2023-05-18,Vestuario,Polera,1,109886,29587
5861,950,2023-02-06,Vestuario,Pantalon,3,82731,25685
5862,646,2024-01-22,Electrodomesticos,Aspiradora,1,106488,32986
5863,792,2024-09-17,Hogar,Sofa,2,46956,12673
5864,338,2023-01-02,Electrodomesticos,Refrigerador,3,66819,20266
5865,200,2023-08-01,Hogar,Silla,3,209733,69971
5866,1059,2023-12-11,Hogar,Mesa,1,70296,26244
5867,1412,2024-01-05,Deportes,Pesas,4,391140,76126
5868,727,2023-01-18,Deportes,Raqueta,1,69429,14988
5869,488,2024-06-29,Electrodomesticos,Aspiradora,1,157293,32187
5870,523,2024-09-08,Tecnologia,Notebook,3,96183,20676
5871,405,2024-04-19,Tecnologia,Notebook,3,158571,35623
5872,422,2023-02-25,Deportes,Pesas,5,414515,103473
5873,502,2023-11-13,Hogar,Silla,3,408258,108254
5874,1327,2024-02-07,Deportes,Bicicleta,1,65170,20632
5875,25,2024-06-03,Deportes,Balon,1,75729,19700
5876,477,2023-04-28,Electrodomesticos,Microondas,1,82329,15898
5877,1007,2023-07-25,Hogar,Silla,5,615420,142969
5878,902,2023-10-14,Electrodomesticos,Refrigerador,1,148538,43555
5879,502,2023-09-23,Electrodomesticos,Microondas,1,71089,26972
5880,926,2023-01-15,Hogar,Silla,3,123324,42443
5881,563,2023-06-01,Electrodomesticos,Microondas,1,136733,30828
5882,1014,2023-06-03,Vestuario,Pantalon,1,84534,19124
5883,911,2023-01-05,Hogar,Mesa,1,104301,23335
5884,470,2024-05-03,Vestuario,Pantalon,2,10000,1833
5885,544,2024-07-27,Tecnologia,Tablet,4,374172,137468
5886,197,2023-03-14,Tecnologia,Notebook,1,74240,15521
5887,1018,2023-09-30,Hogar,Silla,3,371181,119301
5888,348,2024-10-15,Deportes,Raqueta,1,157686,45032
5889,280,2023-12-19,Hogar,Mesa,1,38202,13890
5890,1078,2024-07-09,Electrodomesticos,Refrigerador,2,39612,13135
5891,474,2024-07-14,Hogar,Sofa,1,62916,17051
5892,235,2024-04-14,Deportes,Raqueta,3,304206,88511
5893,621,2023-09-06,Hogar,Lampara,2,144342,36341
5894,66,2024-01-24,Tecnologia,Notebook,1,117071,30590
5895,532,2024-07-22,Hogar,Sofa,3,276870,64495
5896,143,2024-12-16,Vestuario,Chaqueta,1,92674,30044
5897,112,2023-07-18,Deportes,Bicicleta,1,22420,4669
5898,1243,2023-01-20,Vestuario,Chaqueta,1,73632,14172
5899,384,2024-09-21,Hogar,Sofa,1,47253,10581
5900,746,2024-09-30,Electrodomesticos,Aspiradora,4,250272,64415
5901,1079,2024-01-31,Deportes,Pesas,1,56014,20570
5902,1063,2023-06-22,Electrodomesticos,Microondas,1,79364,20027
5903,1383,2024-08-07,Deportes,Pesas,5,486835,136022
5904,715,2024-12-13,Tecnologia,Monitor,2,158898,30736
5905,270,2024-04-04,Tecnologia,Smartphone,2,181150,57249
5906,1242,2023-04-06,Tecnologia,Notebook,2,251000,72196
5907,10,2024-04-02,Tecnologia,Monitor,2,189850,55698
5908,1345,2023-07-14,Deportes,Bicicleta,1,100227,31911
5909,700,2023-12-22,Vestuario,Zapatillas,2,112008,21546
5910,23,2023-09-08,Tecnologia,Smartphone,1,76336,20453
5911,412,2023-02-04,Tecnologia,Tablet,4,102008,19930
5912,127,2023-06-07,Tecnologia,Smartphone,1,97257,30779
5913,1025,2023-09-03,Tecnologia,Notebook,4,332128,70365
5914,93,2023-12-29,Electrodomesticos,Refrigerador,2,21928,6605
5915,799,2024-11-02,Vestuario,Chaqueta,2,204014,66043
5916,692,2023-03-11,Deportes,Raqueta,2,309970,59729
5917,878,2023-08-21,Electrodomesticos,Aspiradora,4,564108,128856
5918,644,2024-12-25,Electrodomesticos,Refrigerador,3,400758,106139
5919,772,2023-03-27,Electrodomesticos,Lavadora,4,506356,108839
5920,339,2024-06-26,Deportes,Raqueta,3,486270,92217
5921,1215,2024-08-07,Vestuario,Chaqueta,2,274290,60458
5922,359,2023-05-08,Vestuario,Pantalon,3,230478,49088
5923,335,2024-11-13,Hogar,Lampara,2,63146,22075
5924,1243,2024-03-15,Electrodomesticos,Lavadora,4,688848,206075
5925,1008,2023-05-20,Vestuario,Zapatillas,2,94370,31263
5926,709,2023-07-01,Electrodomesticos,Aspiradora,2,49924,9936
5927,1489,2023-03-10,Hogar,Silla,2,81944,20813
5928,1354,2023-07-05,Electrodomesticos,Aspiradora,1,111034,28679
5929,1238,2023-08-24,Vestuario,Polera,1,31819,9253
5930,22,2024-09-19,Hogar,Sofa,1,153587,37630
5931,396,2024-05-23,Deportes,Balon,2,306386,80715
5932,26,2023-05-04,Vestuario,Zapatillas,3,76248,24697
5933,526,2023-01-27,Hogar,Mesa,6,731748,171598
5934,189,2023-12-10,Vestuario,Chaqueta,1,74129,23664
5935,1424,2024-04-26,Vestuario,Pantalon,1,115583,29650
5936,218,2024-09-13,Tecnologia,Monitor,2,106756,30284
5937,715,2024-06-09,Tecnologia,Monitor,1,45056,13420
5938,589,2023-02-28,Deportes,Raqueta,1,76213,15121
5939,484,2023-05-04,Hogar,Lampara,3,361167,132887
5940,480,2024-03-20,Deportes,Raqueta,1,163444,44595
5941,121,2023-01-04,Tecnologia,Smartphone,2,204828,56200
5942,1321,2024-08-10,Electrodomesticos,Refrigerador,1,86845,28923
5943,820,2023-01-01,Deportes,Pesas,1,93777,17168
5944,1138,2023-09-13,Hogar,Mesa,1,110300,41458
5945,1324,2024-10-21,Hogar,Lampara,2,91380,31182
5946,816,2023-11-25,Hogar,Silla,1,43787,14536
5947,1084,2024-12-25,Vestuario,Zapatillas,2,352620,68608
5948,663,2024-03-31,Vestuario,Polera,3,61125,21112
5949,1309,2024-01-22,Hogar,Mesa,3,326754,68968
5950,732,2024-10-11,Hogar,Sofa,1,102607,31711
5951,150,2024-08-23,Vestuario,Pantalon,2,46312,9268
5952,1463,2024-05-08,Vestuario,Zapatillas,1,134684,36777
5953,198,2023-09-15,Electrodomesticos,Lavadora,3,367377,91611
5954,857,2023-04-06,Hogar,Silla,3,168138,54712
5955,900,2024-10-23,Electrodomesticos,Refrigerador,1,93047,23245
5956,130,2023-08-27,Vestuario,Zapatillas,2,160732,54831
5957,1058,2024-01-31,Deportes,Balon,5,486190,148568
5958,1048,2023-02-09,Electrodomesticos,Refrigerador,2,198698,62981
5959,626,2023-03-02,Electrodomesticos,Aspiradora,1,66884,20647
5960,441,2023-07-05,Hogar,Mesa,2,114514,21930
5961,1054,2024-09-24,Tecnologia,Tablet,1,139810,30725
5962,1402,2024-05-18,Vestuario,Pantalon,4,279688,80526
5963,1048,2023-06-25,Tecnologia,Smartphone,2,227270,61616
5964,105,2023-07-16,Electrodomesticos,Refrigerador,6,373410,117433
5965,4,2024-01-24,Electrodomesticos,Aspiradora,1,85962,25322
5966,353,2023-08-08,Tecnologia,Smartphone,3,312960,73158
5967,857,2024-01-27,Electrodomesticos,Aspiradora,3,113001,38759
5968,690,2024-01-20,Tecnologia,Monitor,2,115310,38333
5969,1351,2023-11-19,Vestuario,Pantalon,1,100284,31020
5970,459,2023-03-15,Electrodomesticos,Aspiradora,1,67895,21642
5971,1230,2024-07-16,Tecnologia,Notebook,2,280690,53295
5972,754,2024-05-18,Hogar,Sofa,2,246072,86736
5973,1081,2024-07-22,Deportes,Balon,3,202323,55223
5974,96,2024-06-02,Electrodomesticos,Aspiradora,3,271863,57889
5975,1061,2023-07-03,Tecnologia,Tablet,2,76746,15852
5976,724,2023-03-28,Electrodomesticos,Aspiradora,2,244664,72752
5977,531,2024-01-13,Deportes,Balon,4,429460,121922
5978,1391,2023-05-16,Electrodomesticos,Lavadora,4,307824,101623
5979,92,2023-05-26,Deportes,Raqueta,1,96123,22471
5980,340,2024-04-08,Hogar,Mesa,2,327744,122101
5981,514,2023-10-28,Deportes,Balon,3,212064,79512
5982,1393,2024-02-21,Electrodomesticos,Microondas,2,211908,55765
5983,116,2023-11-24,Tecnologia,Tablet,1,164744,30419
5984,241,2023-08-14,Tecnologia,Tablet,2,167550,41481
5985,1442,2023-09-25,Vestuario,Pantalon,2,210594,39165
5986,61,2024-03-13,Deportes,Raqueta,1,48430,14077
5987,1157,2024-07-25,Vestuario,Polera,4,264996,92726
5988,1363,2024-06-27,Electrodomesticos,Microondas,1,11918,2454
5989,82,2023-07-25,Tecnologia,Monitor,3,228528,68467
5990,887,2023-03-02,Vestuario,Chaqueta,3,272136,68093
5991,1264,2023-04-29,Vestuario,Pantalon,3,510303,165532
5992,1141,2023-11-02,Deportes,Balon,1,116525,29603
5993,921,2024-05-24,Vestuario,Zapatillas,1,99005,36081
5994,1312,2023-10-07,Tecnologia,Notebook,3,108822,30727
5995,506,2024-11-11,Electrodomesticos,Microondas,2,142434,29253
5996,784,2023-05-03,Deportes,Balon,3,307320,109575
5997,1082,2023-02-24,Tecnologia,Smartphone,2,119358,37284
5998,1347,2023-07-16,Tecnologia,Tablet,1,132575,27681
5999,793,2023-08-12,Electrodomesticos,Refrigerador,1,154252,34015
6000,276,2024-11-14,Electrodomesticos,Microondas,2,144190,51002
6001,1320,2024-07-07,Electrodomesticos,Refrigerador,3,237807,50071
6002,198,2024-12-30,Electrodomesticos,Microondas,1,103529,24177
6003,793,2024-11-05,Vestuario,Polera,1,12680,4170
6004,362,2024-08-14,Tecnologia,Smartphone,1,28259,6165
6005,1289,2023-10-03,Deportes,Bicicleta,3,316515,117919
6006,1438,2024-05-29,Hogar,Silla,1,76030,28835
6007,1324,2024-09-26,Electrodomesticos,Lavadora,4,389352,122841
6008,1159,2023-02-19,Hogar,Sofa,1,122620,27610
6009,1250,2024-01-24,Hogar,Mesa,2,345232,92701
6010,479,2024-09-16,Electrodomesticos,Refrigerador,1,76317,16422
6011,390,2024-06-15,Electrodomesticos,Refrigerador,3,311709,102653
6012,1286,2023-05-18,Hogar,Mesa,2,185600,48682
6013,328,2024-09-16,Vestuario,Zapatillas,1,101508,27779
6014,627,2024-05-13,Tecnologia,Notebook,4,255184,75369
6015,19,2024-03-27,Tecnologia,Smartphone,1,136038,43721
6016,604,2023-08-03,Tecnologia,Monitor,2,93044,22927
6017,8,2024-02-14,Deportes,Raqueta,3,256152,52914
6018,811,2024-06-30,Hogar,Lampara,1,71474,13331
6019,774,2023-03-29,Electrodomesticos,Refrigerador,3,166041,45018
6020,619,2023-05-08,Vestuario,Polera,1,35944,7379
6021,1031,2024-05-08,Electrodomesticos,Microondas,3,413877,135059
6022,81,2024-08-03,Vestuario,Pantalon,4,20000,4541
6023,1362,2024-04-05,Deportes,Raqueta,1,57349,11003
6024,912,2024-10-29,Tecnologia,Notebook,1,139421,33733
6025,238,2023-10-26,Tecnologia,Notebook,4,280260,55240
6026,627,2023-10-16,Electrodomesticos,Aspiradora,1,71340,20931
6027,1091,2024-12-27,Deportes,Bicicleta,1,85883,28853
6028,205,2023-10-05,Vestuario,Polera,2,302812,71323
6029,11,2023-08-04,Tecnologia,Tablet,2,59118,14954
6030,1060,2024-03-11,Hogar,Sofa,1,61190,22356
6031,122,2024-07-06,Hogar,Lampara,2,322908,70265
6032,96,2023-08-13,Hogar,Sofa,2,226824,54523
6033,1046,2024-12-14,Electrodomesticos,Refrigerador,3,322770,117295
6034,1279,2024-04-29,Deportes,Pesas,3,343587,65484
6035,1186,2023-02-15,Electrodomesticos,Aspiradora,4,390424,73335
6036,1266,2023-04-18,Deportes,Bicicleta,1,41651,14919
6037,774,2024-06-14,Tecnologia,Monitor,2,313304,56764
6038,552,2023-10-26,Vestuario,Polera,1,91448,33893
6039,1066,2023-12-09,Vestuario,Zapatillas,2,59664,18307
6040,1252,2023-09-22,Deportes,Raqueta,1,78432,26930
6041,937,2023-10-10,Hogar,Lampara,4,467056,176910
6042,1167,2024-06-22,Deportes,Raqueta,3,145464,37290
6043,751,2024-01-17,Electrodomesticos,Refrigerador,2,257548,54617
6044,100,2023-09-06,Hogar,Lampara,1,141040,40905
6045,435,2023-01-07,Electrodomesticos,Lavadora,3,428589,99511
6046,643,2024-08-24,Vestuario,Polera,2,164626,36207
6047,1170,2023-09-26,Electrodomesticos,Refrigerador,3,299409,72336
6048,497,2024-03-18,Hogar,Mesa,3,423954,119963
6049,448,2024-06-15,Vestuario,Zapatillas,1,8885,1605
6050,287,2024-03-07,Deportes,Raqueta,2,417444,158156
6051,1232,2024-03-10,Electrodomesticos,Microondas,1,121258,42441
6052,1202,2024-03-24,Hogar,Mesa,2,199534,51242
6053,467,2023-02-07,Tecnologia,Monitor,2,173466,54704
6054,797,2023-10-10,Tecnologia,Smartphone,1,32470,11350
6055,89,2023-10-09,Vestuario,Chaqueta,1,83273,21684
6056,1115,2023-05-19,Electrodomesticos,Lavadora,1,68478,25439
6057,300,2024-10-15,Vestuario,Polera,2,150218,32070
6058,422,2023-11-13,Deportes,Balon,1,135574,36363
6059,849,2023-12-27,Tecnologia,Notebook,1,152480,57930
6060,807,2024-12-21,Electrodomesticos,Microondas,9,391581,126395
6061,58,2024-09-01,Vestuario,Zapatillas,1,130077,33568
6062,1434,2023-07-15,Tecnologia,Notebook,1,57341,17429
6063,710,2024-05-26,Deportes,Raqueta,1,155049,49207
6064,513,2024-01-21,Electrodomesticos,Aspiradora,1,134082,26805
6065,813,2024-05-06,Tecnologia,Smartphone,4,578060,166868
6066,876,2023-11-21,Tecnologia,Monitor,1,45479,14364
6067,531,2024-01-22,Deportes,Raqueta,1,18671,5897
6068,707,2024-08-09,Hogar,Mesa,1,111770,26175
6069,887,2023-07-11,Tecnologia,Smartphone,1,73468,25392
6070,1227,2024-04-08,Tecnologia,Notebook,1,94434,27516
6071,1172,2023-01-10,Hogar,Silla,1,51761,13803
6072,1090,2023-07-13,Tecnologia,Monitor,1,143821,30697
6073,129,2023-02-13,Deportes,Pesas,2,128766,45740
6074,150,2023-06-25,Hogar,Lampara,1,30686,10968
6075,918,2023-02-27,Deportes,Balon,2,136924,25871
6076,922,2024-12-21,Hogar,Sofa,2,254658,94419
6077,88,2023-03-24,Deportes,Bicicleta,4,175888,38341
6078,1465,2023-06-11,Hogar,Mesa,3,345465,122207
6079,851,2024-03-22,Vestuario,Polera,2,248560,64396
6080,309,2024-10-04,Vestuario,Polera,1,66853,22694
6081,806,2024-04-23,Tecnologia,Smartphone,1,94419,35218
6082,836,2023-11-14,Tecnologia,Tablet,1,79034,26701
6083,644,2024-08-21,Electrodomesticos,Microondas,3,449862,129197
6084,221,2024-08-22,Tecnologia,Smartphone,3,242805,49320
6085,513,2023-10-06,Vestuario,Pantalon,3,204366,50953
6086,482,2024-01-28,Tecnologia,Monitor,5,25000,5430
6087,278,2023-01-27,Electrodomesticos,Aspiradora,4,314140,96996
6088,218,2023-08-14,Hogar,Lampara,2,27172,9339
6089,299,2024-04-24,Deportes,Raqueta,1,52515,18765
6090,309,2023-04-08,Deportes,Raqueta,2,187642,35995
6091,574,2024-11-20,Deportes,Pesas,4,618828,174977
6092,561,2024-02-20,Tecnologia,Monitor,2,104588,22544
6093,243,2023-06-27,Vestuario,Chaqueta,1,91026,33876
6094,1251,2023-04-13,Electrodomesticos,Microondas,3,227136,85231
6095,1205,2024-06-04,Deportes,Balon,3,65040,16880
6096,1491,2024-12-19,Tecnologia,Monitor,2,158788,54802
6097,825,2023-07-11,Electrodomesticos,Microondas,5,783255,293826
6098,564,2023-12-21,Vestuario,Chaqueta,1,94713,26303
6099,1389,2023-10-28,Vestuario,Polera,1,84927,25491
6100,833,2023-10-10,Hogar,Mesa,4,491832,116247
6101,163,2023-02-08,Hogar,Sofa,2,166474,46867
6102,1285,2023-09-13,Hogar,Lampara,1,55513,12308
6103,864,2023-01-24,Tecnologia,Smartphone,3,294621,98439
6104,75,2023-08-22,Deportes,Pesas,1,82214,22525
6105,627,2023-07-19,Tecnologia,Notebook,1,116204,39034
6106,1007,2023-01-15,Vestuario,Chaqueta,1,80076,25206
6107,1180,2024-06-30,Tecnologia,Tablet,1,55675,15830
6108,1408,2024-06-23,Tecnologia,Notebook,3,223404,75090
6109,589,2023-08-01,Deportes,Raqueta,2,10000,3713
6110,1472,2024-07-22,Vestuario,Chaqueta,1,111994,28173
6111,731,2024-12-21,Tecnologia,Monitor,3,338394,116645
6112,273,2023-04-30,Vestuario,Chaqueta,2,106012,26445
6113,933,2024-10-21,Vestuario,Pantalon,3,245829,86031
6114,586,2024-09-15,Deportes,Balon,1,62160,18882
6115,372,2024-05-23,Deportes,Bicicleta,1,138433,51948
6116,301,2023-11-25,Vestuario,Pantalon,1,102113,19942
6117,1076,2024-03-11,Vestuario,Polera,4,592376,136038
6118,176,2023-04-16,Tecnologia,Smartphone,1,26815,9163
6119,711,2023-11-30,Deportes,Bicicleta,2,160956,38500
6120,285,2023-07-13,Hogar,Lampara,1,134966,43224
6121,313,2024-12-21,Hogar,Mesa,2,85482,21891
6122,726,2024-12-22,Tecnologia,Notebook,1,143337,47111
6123,1244,2024-05-26,Hogar,Mesa,2,58014,12712
6124,1389,2023-06-22,Vestuario,Zapatillas,5,610445,130941
6125,385,2024-09-29,Vestuario,Pantalon,1,83591,24736
6126,270,2024-09-06,Electrodomesticos,Refrigerador,1,17038,3943
6127,1101,2023-09-08,Vestuario,Pantalon,3,275841,70323
6128,841,2023-07-08,Tecnologia,Tablet,2,229754,46509
6129,250,2024-10-22,Tecnologia,Smartphone,1,98501,26821
6130,1418,2024-05-14,Electrodomesticos,Lavadora,3,366921,123338
6131,927,2024-08-03,Deportes,Balon,4,247636,86757
6132,996,2024-12-22,Deportes,Balon,3,277869,81695
6133,825,2023-01-02,Deportes,Pesas,3,303612,95839
6134,361,2023-06-13,Electrodomesticos,Microondas,2,10000,3777
6135,865,2023-12-29,Tecnologia,Smartphone,3,361725,71436
6136,761,2023-09-30,Vestuario,Chaqueta,3,610995,213409
6137,1214,2024-06-14,Hogar,Mesa,2,104928,24279
6138,723,2023-10-21,Electrodomesticos,Microondas,1,133216,31306
6139,122,2023-09-30,Vestuario,Pantalon,2,246490,66690
6140,534,2024-04-07,Tecnologia,Notebook,2,10000,3628
6141,205,2023-08-19,Electrodomesticos,Refrigerador,3,170652,35606
6142,504,2023-06-21,Vestuario,Polera,2,94546,18410
6143,531,2023-01-01,Hogar,Sofa,3,100359,29336
6144,243,2023-10-28,Deportes,Pesas,3,502812,118543
6145,929,2023-04-05,Electrodomesticos,Microondas,1,177433,34117
6146,745,2023-06-29,Hogar,Sofa,1,89024,24632
6147,1122,2024-02-24,Electrodomesticos,Refrigerador,1,60654,21713
6148,911,2024-08-06,Deportes,Bicicleta,2,273572,59608
6149,1089,2023-03-04,Deportes,Bicicleta,3,269508,80607
6150,1229,2023-03-08,Electrodomesticos,Aspiradora,3,156996,56671
6151,753,2023-08-16,Deportes,Bicicleta,3,15000,4238
6152,56,2024-07-02,Tecnologia,Smartphone,3,437061,90101
6153,1500,2023-06-29,Vestuario,Chaqueta,2,295806,57648
6154,37,2023-11-20,Tecnologia,Notebook,1,105769,21901
6155,932,2024-01-11,Electrodomesticos,Aspiradora,1,96666,17611
6156,1390,2023-11-04,Tecnologia,Smartphone,1,94351,23379
6157,835,2023-04-07,Vestuario,Pantalon,4,413872,136743
6158,1043,2023-08-22,Vestuario,Pantalon,1,70539,14127
6159,500,2023-07-17,Deportes,Raqueta,3,252027,90931
6160,276,2023-09-10,Deportes,Raqueta,1,79594,21879
6161,1455,2023-08-06,Vestuario,Pantalon,1,101000,31605
6162,1471,2023-02-13,Hogar,Lampara,2,93212,22912
6163,1076,2023-07-18,Deportes,Pesas,1,111505,22615
6164,256,2024-05-27,Electrodomesticos,Lavadora,1,81195,15627
6165,628,2024-07-25,Deportes,Balon,5,499085,120876
6166,826,2024-03-31,Electrodomesticos,Aspiradora,1,70682,19290
6167,753,2023-07-29,Vestuario,Polera,2,111346,20206
6168,552,2023-09-18,Electrodomesticos,Aspiradora,2,206394,70680
6169,1347,2024-03-16,Vestuario,Pantalon,5,243605,75085
6170,196,2023-12-13,Deportes,Raqueta,2,305810,108667
6171,543,2023-10-19,Electrodomesticos,Aspiradora,2,127340,30758
6172,936,2024-10-17,Deportes,Bicicleta,1,89440,18791
6173,530,2024-05-26,Deportes,Raqueta,3,467115,92556
6174,268,2024-05-30,Vestuario,Chaqueta,2,276004,58625
6175,828,2024-09-27,Vestuario,Zapatillas,2,208872,59447
6176,1187,2024-03-22,Vestuario,Chaqueta,1,5000,1255
6177,1340,2023-03-18,Hogar,Sofa,3,266064,70632
6178,1393,2023-06-03,Electrodomesticos,Lavadora,1,50814,19041
6179,852,2023-12-29,Tecnologia,Monitor,2,188018,43993
6180,355,2024-08-31,Vestuario,Chaqueta,2,250322,62071
6181,513,2024-01-05,Vestuario,Polera,2,199690,72316
6182,845,2024-10-17,Tecnologia,Smartphone,2,88824,25849
6183,663,2023-01-20,Hogar,Lampara,2,190638,34828
6184,771,2023-10-21,Deportes,Raqueta,3,250716,94615
6185,245,2024-02-07,Deportes,Raqueta,2,149372,28283
6186,226,2024-08-19,Tecnologia,Smartphone,3,293331,107828
6187,1026,2023-03-16,Electrodomesticos,Refrigerador,2,221304,81736
6188,654,2024-08-08,Tecnologia,Smartphone,2,119436,29121
6189,1336,2023-07-27,Hogar,Sofa,1,108983,33473
6190,819,2023-02-25,Tecnologia,Notebook,2,53018,9955
6191,612,2023-04-26,Vestuario,Chaqueta,2,250588,79777
6192,771,2024-02-18,Hogar,Silla,1,117579,42354
6193,1349,2023-12-20,Deportes,Balon,1,145685,34467
6194,517,2024-04-30,Vestuario,Polera,2,136768,28567
6195,370,2023-11-17,Vestuario,Polera,3,444033,97429
6196,855,2024-04-04,Hogar,Silla,4,301924,93880
6197,1152,2024-04-19,Vestuario,Zapatillas,2,272032,82205
6198,1182,2024-08-10,Hogar,Sofa,4,335508,113258
6199,557,2023-02-14,Electrodomesticos,Microondas,7,774123,227386
6200,1129,2024-08-11,Tecnologia,Smartphone,3,224763,48635
6201,181,2024-08-04,Deportes,Raqueta,1,103870,21309
6202,428,2023-12-03,Deportes,Balon,3,215424,75922
6203,1201,2023-02-10,Hogar,Sofa,2,174342,39826
6204,746,2023-11-30,Deportes,Raqueta,2,144946,32004
6205,748,2024-03-22,Electrodomesticos,Microondas,1,69441,22496
6206,1268,2024-03-24,Deportes,Raqueta,2,338058,109928
6207,1463,2023-12-14,Vestuario,Pantalon,2,273592,63602
6208,825,2023-02-01,Deportes,Pesas,1,66938,22648
6209,216,2024-02-12,Vestuario,Pantalon,2,134478,29578
6210,1194,2023-09-28,Electrodomesticos,Aspiradora,4,218348,60607
6211,266,2024-03-30,Tecnologia,Monitor,2,90718,30621
6212,344,2023-12-14,Deportes,Balon,1,175275,44443
6213,618,2023-01-20,Hogar,Lampara,2,169124,48640
6214,901,2023-07-09,Deportes,Raqueta,4,414464,138910
6215,165,2024-08-06,Hogar,Silla,1,140344,47082
6216,1328,2023-08-15,Hogar,Lampara,2,240582,68985
6217,465,2024-02-19,Tecnologia,Monitor,2,10000,2581
6218,1161,2024-08-27,Tecnologia,Tablet,2,127166,43332
6219,274,2024-12-25,Electrodomesticos,Aspiradora,4,301452,114159
6220,344,2024-09-07,Tecnologia,Notebook,1,103423,23347
6221,727,2024-09-04,Electrodomesticos,Refrigerador,1,82502,18680
6222,1051,2024-04-01,Hogar,Silla,3,389889,70767
6223,408,2024-04-29,Deportes,Balon,3,330720,81396
6224,229,2024-12-15,Electrodomesticos,Refrigerador,1,80153,17236
6225,1416,2024-01-24,Vestuario,Chaqueta,4,625660,217883
6226,348,2023-10-02,Deportes,Balon,2,180372,32688
6227,1255,2024-09-14,Deportes,Pesas,3,190242,52574
6228,1498,2024-08-22,Hogar,Mesa,2,92924,28644
6229,675,2024-07-06,Deportes,Bicicleta,3,341109,78283
6230,227,2024-04-29,Tecnologia,Smartphone,1,37679,7737
6231,51,2024-11-23,Tecnologia,Notebook,1,103702,28171
6232,1469,2023-09-07,Electrodomesticos,Aspiradora,2,270074,80481
6233,436,2023-11-24,Hogar,Silla,1,29191,6698
6234,1299,2024-05-18,Tecnologia,Monitor,1,86034,31005
6235,566,2023-06-08,Vestuario,Pantalon,1,159868,39729
6236,1482,2023-11-10,Electrodomesticos,Aspiradora,3,282099,90706
6237,655,2024-10-21,Deportes,Raqueta,2,109756,22974
6238,1487,2024-06-23,Tecnologia,Notebook,2,257872,95241
6239,1382,2023-06-10,Vestuario,Pantalon,2,162892,33254
6240,1045,2023-02-26,Deportes,Bicicleta,1,54693,13236
6241,14,2024-12-13,Deportes,Bicicleta,1,72969,22506
6242,693,2024-12-20,Vestuario,Pantalon,3,102576,29605
6243,626,2024-11-03,Tecnologia,Notebook,1,154950,47379
6244,1101,2023-03-12,Vestuario,Chaqueta,3,479673,136494
6245,388,2024-12-07,Hogar,Sofa,3,258363,64774
6246,1044,2024-12-01,Hogar,Sofa,4,500216,149294
6247,195,2024-11-14,Electrodomesticos,Aspiradora,6,30000,8352
6248,421,2023-02-23,Hogar,Silla,3,555525,196652
6249,938,2024-11-26,Hogar,Silla,3,223275,59246
6250,764,2023-05-19,Electrodomesticos,Microondas,4,147904,37498
6251,481,2023-05-12,Tecnologia,Tablet,2,234842,80969
6252,709,2024-03-26,Deportes,Balon,1,106061,26816
6253,787,2024-07-26,Vestuario,Polera,2,236264,82791
6254,838,2023-06-01,Vestuario,Zapatillas,1,99348,24792
6255,251,2023-07-02,Tecnologia,Monitor,2,311302,82402
6256,326,2023-03-28,Tecnologia,Monitor,2,174146,35255
6257,212,2024-06-10,Tecnologia,Notebook,3,365421,70480
6258,1423,2023-10-30,Vestuario,Zapatillas,1,68149,16191
6259,534,2024-10-29,Hogar,Sofa,3,25542,6915
6260,214,2024-05-24,Electrodomesticos,Refrigerador,5,223490,45928
6261,1092,2023-11-12,Vestuario,Zapatillas,1,64604,14700
6262,139,2023-07-07,Tecnologia,Tablet,2,157900,39135
6263,432,2023-11-24,Vestuario,Pantalon,1,87234,17478
6264,443,2023-05-19,Hogar,Sofa,3,425025,79494
6265,551,2024-07-16,Tecnologia,Monitor,2,288474,88156
6266,1024,2023-06-14,Tecnologia,Tablet,3,272802,60153
6267,958,2023-08-02,Hogar,Sofa,1,67306,23039
6268,1297,2023-06-12,Electrodomesticos,Microondas,2,157752,57754
6269,725,2023-09-24,Deportes,Balon,1,64873,16426
6270,366,2023-06-16,Hogar,Lampara,1,119931,30932
6271,173,2024-04-20,Electrodomesticos,Lavadora,2,319810,120281
6272,1408,2023-03-20,Hogar,Silla,1,118785,23384
6273,338,2023-12-27,Electrodomesticos,Microondas,1,158191,33431
6274,414,2024-07-06,Hogar,Sofa,1,80592,16574
6275,1067,2024-04-19,Tecnologia,Monitor,2,172002,48566
6276,989,2023-05-16,Deportes,Bicicleta,3,128601,30285
6277,1241,2024-09-04,Vestuario,Zapatillas,3,15000,5301
6278,538,2023-10-17,Deportes,Balon,2,251190,84192
6279,1181,2023-10-06,Deportes,Raqueta,1,84737,27213
6280,1318,2024-09-24,Deportes,Raqueta,2,267738,60801
6281,899,2023-08-19,Deportes,Raqueta,4,381896,138678
6282,550,2023-09-25,Hogar,Mesa,1,53735,10156
6283,439,2023-08-13,Hogar,Lampara,3,251493,71068
6284,457,2024-04-27,Deportes,Pesas,4,367864,138201
6285,884,2024-05-23,Tecnologia,Notebook,1,139558,32000
6286,1435,2023-12-18,Hogar,Lampara,1,20804,5403
6287,592,2024-08-15,Electrodomesticos,Lavadora,1,88015,22168
6288,384,2024-10-20,Tecnologia,Notebook,1,33958,11626
6289,1298,2023-07-29,Deportes,Bicicleta,1,131785,31856
6290,1324,2023-11-25,Electrodomesticos,Lavadora,2,149252,29987
6291,550,2024-01-25,Deportes,Raqueta,1,193767,43906
6292,165,2023-01-01,Deportes,Raqueta,3,304578,91665
6293,402,2024-12-07,Vestuario,Zapatillas,1,5000,1242
6294,955,2023-08-27,Electrodomesticos,Lavadora,1,100879,27638
6295,583,2024-10-31,Deportes,Raqueta,3,202392,45570
6296,295,2024-05-12,Tecnologia,Notebook,1,116643,24326
6297,368,2024-08-11,Tecnologia,Tablet,4,506316,118228
6298,1153,2023-05-10,Vestuario,Pantalon,1,44057,15750
6299,1228,2024-09-08,Hogar,Lampara,1,118672,38361
6300,1491,2023-09-28,Tecnologia,Notebook,1,85882,24854
6301,829,2024-04-27,Tecnologia,Tablet,1,86422,19533
6302,1159,2024-04-06,Vestuario,Chaqueta,2,239796,70866
6303,653,2024-07-06,Tecnologia,Tablet,2,188864,45370
6304,1490,2023-06-30,Electrodomesticos,Aspiradora,1,65592,19436
6305,1015,2024-12-31,Electrodomesticos,Lavadora,3,243606,68676
6306,1479,2024-09-27,Tecnologia,Monitor,1,91009,31217
6307,927,2023-11-08,Deportes,Raqueta,1,50305,18445
6308,347,2024-08-26,Deportes,Pesas,1,106730,37718
6309,574,2023-04-12,Hogar,Lampara,3,203829,39376
6310,1258,2023-09-19,Hogar,Silla,1,26481,9174
6311,1310,2024-06-11,Electrodomesticos,Refrigerador,1,110999,38212
6312,143,2024-05-26,Hogar,Silla,1,85527,22094
6313,1367,2023-06-30,Vestuario,Pantalon,1,150691,43479
6314,312,2023-12-28,Vestuario,Zapatillas,1,107942,37136
6315,1025,2023-10-02,Electrodomesticos,Refrigerador,2,234462,70638
6316,1453,2023-12-25,Tecnologia,Notebook,1,75947,16342
6317,221,2023-04-22,Tecnologia,Tablet,2,226510,81156
6318,775,2023-09-27,Deportes,Pesas,2,58132,19640
6319,650,2024-01-15,Vestuario,Chaqueta,2,10000,1905
6320,440,2023-04-04,Deportes,Raqueta,1,76546,15934
6321,610,2023-05-15,Tecnologia,Monitor,3,404679,124415
6322,375,2023-11-23,Deportes,Bicicleta,2,97242,20953
6323,657,2024-10-31,Tecnologia,Monitor,1,57419,13110
6324,835,2023-10-06,Hogar,Lampara,2,197776,69574
6325,57,2024-06-04,Deportes,Raqueta,5,320945,102766
6326,198,2024-08-30,Vestuario,Chaqueta,1,109729,24939
6327,991,2024-06-13,Deportes,Pesas,1,70816,22703
6328,1014,2023-11-09,Tecnologia,Smartphone,2,297982,79451
6329,1430,2024-12-25,Vestuario,Pantalon,3,168270,55039
6330,1219,2023-03-14,Vestuario,Polera,1,87870,26560
6331,105,2024-09-12,Hogar,Lampara,4,502540,97191
6332,337,2023-08-17,Tecnologia,Notebook,1,103670,30802
6333,64,2023-05-15,Tecnologia,Tablet,3,231267,51788
6334,804,2024-01-29,Deportes,Raqueta,2,226104,48431
6335,894,2023-11-15,Electrodomesticos,Refrigerador,4,568644,186722
6336,1324,2024-12-02,Hogar,Lampara,4,397660,133783
6337,68,2024-11-06,Deportes,Balon,3,372624,74564
6338,593,2023-01-26,Vestuario,Zapatillas,2,130836,37597
6339,781,2023-01-25,Electrodomesticos,Aspiradora,1,22720,5448
6340,1208,2023-06-04,Electrodomesticos,Aspiradora,3,480318,177190
6341,949,2023-08-15,Tecnologia,Tablet,2,93632,33104
6342,1237,2023-05-10,Deportes,Pesas,1,71652,26304
6343,1218,2023-12-03,Tecnologia,Monitor,3,258867,75396
6344,1110,2024-01-18,Electrodomesticos,Lavadora,3,250623,69814
6345,381,2023-06-04,Hogar,Silla,2,132610,37494
6346,1090,2024-08-13,Hogar,Silla,2,241140,73067
6347,126,2024-06-12,Hogar,Lampara,1,94051,24183
6348,1197,2024-12-12,Electrodomesticos,Lavadora,1,122988,43587
6349,349,2023-05-12,Electrodomesticos,Refrigerador,1,44214,15474
6350,858,2023-02-14,Tecnologia,Notebook,2,239162,68467
6351,80,2024-09-04,Deportes,Balon,1,78714,25875
6352,993,2023-09-09,Deportes,Pesas,2,14494,3595
6353,1480,2024-05-26,Tecnologia,Notebook,2,226852,72900
6354,1254,2024-11-08,Electrodomesticos,Lavadora,3,256062,64934
6355,586,2023-06-10,Vestuario,Pantalon,1,86844,17653
6356,53,2023-08-12,Hogar,Sofa,2,53480,14857
6357,873,2023-09-24,Vestuario,Chaqueta,1,48698,14877
6358,795,2024-12-28,Electrodomesticos,Lavadora,2,97688,26263
6359,1338,2023-06-22,Hogar,Mesa,3,439431,105867
6360,1357,2024-12-03,Electrodomesticos,Refrigerador,1,82493,30092
6361,1034,2023-02-05,Deportes,Pesas,1,128759,37201
6362,1437,2023-12-04,Deportes,Balon,2,173300,63680
6363,810,2024-08-22,Hogar,Mesa,1,110707,38404
6364,422,2023-04-20,Deportes,Pesas,1,104632,22913
6365,1153,2024-11-02,Hogar,Lampara,1,122027,35875
6366,1295,2024-06-22,Tecnologia,Notebook,1,111062,26596
6367,304,2023-11-20,Tecnologia,Smartphone,1,95998,27080
6368,1004,2023-03-17,Vestuario,Zapatillas,2,350284,97992
6369,1122,2024-01-03,Deportes,Bicicleta,1,118506,34748
6370,408,2023-06-07,Tecnologia,Monitor,1,157755,39236
6371,776,2023-08-27,Deportes,Pesas,2,176430,52892
6372,780,2024-02-28,Vestuario,Chaqueta,2,186862,54410
6373,1203,2023-07-08,Hogar,Sofa,3,243504,63596
6374,1355,2023-05-30,Deportes,Raqueta,3,289653,101760
6375,764,2023-11-01,Vestuario,Pantalon,4,212372,59910
6376,5,2023-10-20,Electrodomesticos,Lavadora,1,73248,22061
6377,85,2023-04-02,Hogar,Silla,1,99330,24144
6378,126,2023-12-10,Hogar,Lampara,2,101716,23063
6379,1122,2023-01-20,Vestuario,Chaqueta,1,139102,34552
6380,1376,2023-01-22,Tecnologia,Monitor,1,91714,19497
6381,258,2024-08-20,Electrodomesticos,Lavadora,1,103242,33692
6382,806,2023-08-15,Vestuario,Chaqueta,2,208520,77639
6383,34,2024-04-30,Deportes,Balon,1,42042,15858
6384,1136,2023-03-25,Electrodomesticos,Aspiradora,1,84145,29496
6385,1203,2024-04-26,Hogar,Silla,1,114688,29395
6386,992,2024-03-09,Hogar,Mesa,2,200488,75545
6387,426,2024-11-02,Vestuario,Pantalon,3,352926,126689
6388,655,2023-10-09,Vestuario,Pantalon,1,57995,15004
6389,1392,2024-05-30,Vestuario,Pantalon,2,245444,80353
6390,562,2024-02-20,Hogar,Mesa,1,86918,30784
6391,738,2024-08-09,Electrodomesticos,Lavadora,2,274750,62346
6392,176,2023-04-19,Hogar,Sofa,1,111077,36524
6393,600,2023-03-04,Vestuario,Pantalon,3,112455,32937
6394,664,2023-11-15,Deportes,Balon,3,486018,108154
6395,1486,2023-05-25,Hogar,Mesa,3,367425,117218
6396,216,2024-04-07,Deportes,Pesas,2,75042,27053
6397,1460,2023-09-30,Vestuario,Pantalon,1,149429,49536
6398,814,2024-03-27,Hogar,Sofa,1,107244,29180
6399,317,2024-08-19,Tecnologia,Tablet,2,168198,35778
6400,1127,2023-06-01,Vestuario,Polera,5,25000,7999
6401,292,2023-02-19,Tecnologia,Smartphone,5,82605,31287
6402,1440,2023-07-25,Tecnologia,Tablet,1,44682,15267
6403,1173,2023-06-17,Vestuario,Polera,2,202970,67182
6404,191,2024-11-14,Deportes,Bicicleta,3,357564,101602
6405,799,2023-11-25,Hogar,Mesa,4,531736,198255
6406,1114,2024-03-18,Tecnologia,Monitor,1,121267,26045
6407,319,2024-10-03,Tecnologia,Tablet,1,70567,17364
6408,310,2024-06-08,Vestuario,Zapatillas,1,111546,31628
6409,1211,2024-06-15,Electrodomesticos,Refrigerador,1,53166,11326
6410,203,2024-07-25,Hogar,Mesa,2,97582,34742
6411,95,2024-08-13,Deportes,Pesas,1,53432,17771
6412,1455,2024-06-24,Tecnologia,Smartphone,1,48834,16270
6413,517,2023-11-23,Hogar,Lampara,2,278898,82684
6414,28,2023-04-21,Electrodomesticos,Lavadora,5,348820,96792
6415,1386,2024-10-13,Tecnologia,Smartphone,1,85214,25143
6416,309,2024-07-23,Deportes,Balon,2,227938,74288
6417,387,2023-09-07,Tecnologia,Tablet,2,318418,94359
6418,1004,2024-04-03,Vestuario,Chaqueta,2,282338,82551
6419,793,2024-04-15,Hogar,Mesa,1,38862,7089
6420,56,2023-10-26,Deportes,Bicicleta,3,238455,47364
6421,929,2023-04-04,Electrodomesticos,Lavadora,2,250210,48708
6422,1039,2023-05-28,Electrodomesticos,Aspiradora,2,170086,59575
6423,26,2024-08-06,Tecnologia,Notebook,2,146930,43055
6424,799,2024-02-19,Tecnologia,Monitor,4,297360,106360
6425,102,2024-01-26,Vestuario,Zapatillas,1,122900,23520
6426,174,2024-12-20,Hogar,Sofa,3,151788,47165
6427,808,2024-09-08,Vestuario,Zapatillas,1,91590,28384
6428,704,2024-09-21,Tecnologia,Smartphone,2,294384,62370
6429,707,2023-04-10,Tecnologia,Monitor,1,70121,17226
6430,1124,2023-09-05,Tecnologia,Smartphone,3,205779,65335
6431,955,2023-02-12,Vestuario,Chaqueta,1,57830,16218
6432,1470,2024-01-01,Hogar,Silla,1,63338,19698
6433,336,2023-03-19,Vestuario,Pantalon,1,97500,36210
6434,797,2023-10-02,Vestuario,Polera,2,162834,49892
6435,881,2023-02-06,Hogar,Silla,1,48302,15859
6436,1489,2024-07-27,Electrodomesticos,Microondas,2,301754,98846
6437,1227,2023-01-30,Electrodomesticos,Refrigerador,3,374511,97235
6438,428,2023-06-05,Tecnologia,Smartphone,4,355680,95997
6439,261,2023-10-17,Hogar,Mesa,3,418044,109019
6440,1025,2023-08-27,Hogar,Silla,1,147425,53770
6441,1284,2023-12-31,Deportes,Pesas,2,73834,13981
6442,209,2023-10-24,Electrodomesticos,Lavadora,4,309984,76728
6443,406,2024-03-30,Tecnologia,Smartphone,2,163392,43926
6444,779,2024-12-23,Hogar,Lampara,1,122676,25084
6445,572,2023-08-30,Vestuario,Chaqueta,5,385795,101920
6446,1149,2024-12-02,Tecnologia,Monitor,2,252940,62679
6447,781,2023-11-19,Tecnologia,Notebook,3,409194,155318
6448,54,2023-06-03,Vestuario,Zapatillas,3,82281,26999
6449,1109,2024-04-09,Tecnologia,Tablet,1,26366,5142
6450,717,2024-11-24,Electrodomesticos,Lavadora,1,116165,24630
6451,191,2024-11-16,Deportes,Pesas,3,199812,64092
6452,1240,2023-06-11,Hogar,Mesa,1,64001,13958
6453,102,2024-02-01,Hogar,Sofa,1,198386,57450
6454,47,2024-01-04,Electrodomesticos,Aspiradora,1,113998,43024
6455,749,2024-12-16,Electrodomesticos,Microondas,1,47314,11856
6456,48,2023-12-01,Electrodomesticos,Microondas,3,483519,123066
6457,455,2023-11-23,Vestuario,Pantalon,2,106092,28661
6458,1380,2023-10-19,Tecnologia,Monitor,1,85516,29258
6459,415,2023-06-26,Hogar,Lampara,1,90361,28304
6460,134,2023-12-31,Vestuario,Zapatillas,2,164734,57239
6461,564,2024-06-07,Hogar,Lampara,2,109022,31230
6462,521,2023-01-24,Deportes,Raqueta,1,84318,20909
6463,931,2024-07-01,Vestuario,Zapatillas,7,530719,115783
6464,652,2023-04-20,Deportes,Pesas,1,124565,46186
6465,277,2023-07-26,Tecnologia,Smartphone,4,558764,205683
6466,129,2024-01-10,Electrodomesticos,Refrigerador,1,73559,13557
6467,71,2023-10-11,Tecnologia,Smartphone,2,73672,14710
6468,1362,2024-10-16,Hogar,Lampara,2,161856,35697
6469,1472,2023-01-01,Vestuario,Polera,2,63502,18415
6470,910,2023-05-24,Deportes,Balon,1,107267,28577
6471,121,2023-11-20,Electrodomesticos,Refrigerador,1,131279,29092
6472,1206,2024-09-16,Tecnologia,Notebook,2,247712,86413
6473,258,2023-12-15,Deportes,Pesas,3,336702,97977
6474,151,2023-01-28,Tecnologia,Tablet,1,81708,23862
6475,1379,2023-03-06,Vestuario,Zapatillas,3,443376,132800
6476,742,2024-12-14,Deportes,Pesas,1,45709,13607
6477,1279,2024-12-19,Electrodomesticos,Aspiradora,1,86675,32475
6478,1414,2024-01-04,Hogar,Mesa,2,143158,26767
6479,1420,2023-04-25,Tecnologia,Smartphone,1,90067,24204
6480,1023,2023-02-26,Vestuario,Zapatillas,1,91960,19009
6481,359,2024-01-20,Tecnologia,Monitor,4,220056,55308
6482,555,2023-02-04,Electrodomesticos,Microondas,1,59078,15749
6483,1169,2024-04-12,Electrodomesticos,Refrigerador,1,156388,35809
6484,1120,2023-07-27,Deportes,Balon,2,200868,39085
6485,1356,2023-05-10,Tecnologia,Tablet,3,442017,164225
6486,286,2024-02-03,Vestuario,Pantalon,3,500682,177107
6487,1018,2023-01-08,Tecnologia,Notebook,2,132528,47009
6488,576,2024-11-22,Tecnologia,Notebook,2,284292,72164
6489,515,2023-07-30,Deportes,Raqueta,2,202130,75640
6490,1002,2023-03-25,Electrodomesticos,Lavadora,1,170588,41315
6491,286,2023-08-05,Hogar,Silla,2,251514,55075
6492,413,2024-02-19,Deportes,Raqueta,3,301134,76323
6493,1164,2023-01-21,Electrodomesticos,Refrigerador,2,174452,55679
6494,711,2024-03-07,Electrodomesticos,Microondas,1,69483,15778
6495,666,2023-05-31,Deportes,Pesas,3,30687,6835
6496,1464,2023-11-23,Vestuario,Polera,1,66679,18005
6497,927,2024-04-15,Tecnologia,Tablet,4,217972,58987
6498,88,2023-11-20,Electrodomesticos,Microondas,1,59690,21735
6499,973,2024-02-16,Electrodomesticos,Lavadora,4,185608,69420
6500,1251,2024-07-21,Electrodomesticos,Aspiradora,1,127002,31980
6501,797,2024-06-10,Vestuario,Pantalon,1,116503,24419
6502,934,2024-07-24,Tecnologia,Smartphone,1,105164,33225
6503,784,2024-11-06,Hogar,Sofa,1,47361,10579
6504,261,2024-03-11,Electrodomesticos,Aspiradora,1,118725,30156
6505,892,2023-01-23,Electrodomesticos,Microondas,1,73113,19690
6506,100,2024-10-31,Vestuario,Pantalon,1,43214,11095
6507,1490,2023-10-28,Deportes,Balon,6,525366,124890
6508,463,2023-09-21,Hogar,Silla,2,162998,55118
6509,77,2023-11-10,Tecnologia,Notebook,1,140170,33489
6510,1031,2023-03-11,Electrodomesticos,Aspiradora,1,83531,22765
6511,1044,2023-03-10,Tecnologia,Tablet,2,165706,47853
6512,1069,2023-11-29,Deportes,Raqueta,3,273861,77486
6513,434,2023-10-20,Deportes,Raqueta,3,229368,47069
6514,1109,2024-06-14,Vestuario,Chaqueta,2,252440,62350
6515,1479,2024-01-24,Hogar,Sofa,4,315904,95361
6516,308,2024-04-13,Tecnologia,Notebook,2,188648,56474
6517,197,2023-07-02,Deportes,Pesas,1,78530,15855
6518,590,2023-04-19,Vestuario,Zapatillas,1,14684,2658
6519,799,2023-11-01,Deportes,Balon,4,24756,6911
6520,802,2023-07-28,Hogar,Silla,2,287240,97871
6521,318,2024-03-17,Hogar,Silla,2,57126,14296
6522,853,2023-12-04,Deportes,Pesas,2,150220,39488
6523,283,2024-06-07,Tecnologia,Tablet,2,10000,3307
6524,1162,2023-02-03,Electrodomesticos,Lavadora,2,157766,35538
6525,1154,2023-12-31,Deportes,Raqueta,3,131331,48407
6526,995,2024-07-30,Deportes,Bicicleta,4,583120,117429
6527,48,2024-09-05,Tecnologia,Tablet,1,99796,31537
6528,826,2023-05-25,Electrodomesticos,Aspiradora,2,133292,29240
6529,253,2024-08-28,Deportes,Bicicleta,1,45563,8638
6530,1331,2023-10-02,Tecnologia,Tablet,3,149514,43344
6531,1469,2024-02-08,Electrodomesticos,Microondas,3,127863,29096
6532,959,2024-11-20,Vestuario,Chaqueta,3,557106,122070
6533,281,2023-09-26,Deportes,Balon,2,185002,62288
6534,824,2023-11-06,Deportes,Raqueta,4,570560,201093
6535,205,2023-12-01,Deportes,Pesas,4,585164,123231
6536,581,2024-10-10,Deportes,Pesas,1,18960,3912
6537,7,2023-03-14,Deportes,Raqueta,1,122129,29983
6538,1217,2024-11-12,Tecnologia,Tablet,1,81853,23960
6539,1394,2023-07-13,Electrodomesticos,Refrigerador,1,145533,52898
6540,982,2023-05-04,Hogar,Sofa,2,192618,68788
6541,315,2023-03-12,Hogar,Sofa,1,75188,23362
6542,1422,2023-12-03,Deportes,Bicicleta,2,348026,99334
6543,1374,2023-04-13,Hogar,Silla,4,260748,93393
6544,431,2024-01-28,Tecnologia,Monitor,4,591588,193558
6545,1373,2024-07-14,Hogar,Mesa,1,116710,30957
6546,1388,2023-06-21,Deportes,Balon,4,341440,116427
6547,1110,2023-09-19,Deportes,Bicicleta,4,237864,43010
6548,999,2023-08-21,Hogar,Silla,3,226686,57801
6549,209,2024-05-15,Tecnologia,Monitor,1,91820,17410
6550,415,2023-02-26,Deportes,Bicicleta,1,121395,37904
6551,1396,2024-07-23,Vestuario,Zapatillas,2,253434,86133
6552,542,2023-08-03,Deportes,Bicicleta,1,152699,30595
6553,1044,2024-06-04,Deportes,Raqueta,1,73183,27387
6554,770,2024-11-09,Deportes,Raqueta,2,82096,22485
6555,1431,2023-07-28,Electrodomesticos,Aspiradora,1,73755,19981
6556,753,2023-02-19,Hogar,Lampara,1,78553,28260
6557,1100,2023-12-03,Tecnologia,Monitor,2,221556,71468
6558,902,2023-01-27,Tecnologia,Notebook,4,405376,145680
6559,648,2024-04-06,Hogar,Silla,1,55639,20552
6560,862,2024-06-24,Vestuario,Zapatillas,1,78853,28815
6561,280,2024-12-26,Tecnologia,Monitor,1,50816,10951
6562,938,2023-12-28,Electrodomesticos,Refrigerador,2,201514,63442
6563,1455,2023-01-17,Vestuario,Zapatillas,1,103349,19606
6564,905,2023-03-10,Vestuario,Zapatillas,3,366195,79379
6565,1344,2023-07-13,Electrodomesticos,Aspiradora,3,410112,93907
6566,552,2023-04-14,Vestuario,Polera,3,340437,76040
6567,586,2023-01-13,Vestuario,Polera,4,250452,55114
6568,1162,2024-02-09,Tecnologia,Tablet,4,323820,84007
6569,969,2024-02-14,Vestuario,Zapatillas,3,374076,115812
6570,566,2024-02-04,Tecnologia,Smartphone,1,66979,21768
6571,293,2024-06-14,Hogar,Silla,3,279297,74895
6572,568,2024-11-07,Hogar,Sofa,1,126241,27179
6573,85,2024-05-20,Deportes,Bicicleta,5,496355,160012
6574,932,2023-09-03,Electrodomesticos,Lavadora,1,56702,17697
6575,117,2023-04-20,Hogar,Silla,1,87752,23325
6576,230,2023-10-07,Electrodomesticos,Refrigerador,1,134484,32041
6577,252,2023-10-29,Hogar,Sofa,1,54033,19564
6578,714,2023-06-28,Electrodomesticos,Refrigerador,1,129842,42898
6579,791,2023-07-20,Hogar,Sofa,4,136364,24853
6580,305,2023-01-21,Electrodomesticos,Microondas,2,163806,49897
6581,1400,2023-08-23,Vestuario,Zapatillas,4,365096,66714
6582,1437,2023-12-17,Vestuario,Zapatillas,3,289503,70761
6583,80,2024-09-29,Deportes,Raqueta,1,120366,40450
6584,20,2024-04-09,Hogar,Mesa,1,73356,22961
6585,1405,2024-06-18,Tecnologia,Monitor,2,154116,52423
6586,124,2024-09-24,Deportes,Balon,3,278553,59432
6587,1483,2023-04-04,Deportes,Raqueta,1,127360,25627
6588,405,2024-10-02,Vestuario,Polera,1,143298,46639
6589,1111,2023-04-29,Vestuario,Polera,6,1283376,232587
6590,103,2023-05-24,Deportes,Balon,1,84186,15270
6591,1019,2024-09-20,Vestuario,Polera,1,176618,51084
6592,1140,2023-10-24,Hogar,Mesa,1,112994,26244
6593,834,2024-10-07,Hogar,Mesa,1,5000,1573
6594,230,2023-06-09,Deportes,Raqueta,1,135269,26346
6595,1256,2024-10-08,Deportes,Bicicleta,2,86372,28571
6596,179,2023-12-08,Tecnologia,Smartphone,3,166020,45251
6597,1158,2023-01-29,Vestuario,Polera,2,218746,51521
6598,411,2024-08-27,Electrodomesticos,Aspiradora,1,126581,27115
6599,60,2024-02-12,Hogar,Sofa,1,154936,32739
6600,276,2024-04-13,Hogar,Silla,1,120104,33411
6601,328,2023-12-07,Hogar,Sofa,2,214824,80366
6602,155,2024-08-23,Hogar,Silla,3,300489,57664
6603,4,2023-03-27,Tecnologia,Smartphone,5,631525,119861
6604,1249,2023-04-13,Deportes,Bicicleta,2,279808,79200
6605,843,2024-05-06,Electrodomesticos,Aspiradora,4,271444,79826
6606,132,2023-05-25,Deportes,Pesas,3,203433,75048
6607,109,2024-01-09,Electrodomesticos,Refrigerador,4,193196,73237
6608,1403,2024-06-08,Tecnologia,Tablet,2,101708,26716
6609,1273,2024-10-26,Electrodomesticos,Microondas,2,196060,71434
6610,800,2024-03-01,Hogar,Mesa,3,284979,93834
6611,325,2023-11-18,Electrodomesticos,Microondas,2,261246,97464
6612,687,2024-08-29,Hogar,Silla,1,48814,10881
6613,40,2023-12-19,Electrodomesticos,Microondas,2,84218,31317
6614,948,2024-07-09,Hogar,Mesa,2,279118,60567
6615,471,2024-07-21,Hogar,Silla,3,108819,40805
6616,684,2024-02-28,Deportes,Raqueta,1,99660,22470
6617,593,2024-07-07,Tecnologia,Smartphone,2,84980,15865
6618,439,2023-02-07,Tecnologia,Notebook,1,79518,26687
6619,1476,2024-03-02,Hogar,Lampara,1,80146,25710
6620,252,2023-09-08,Tecnologia,Monitor,2,185324,65043
6621,1400,2023-01-02,Electrodomesticos,Refrigerador,2,157718,57226
6622,15,2023-07-21,Vestuario,Pantalon,3,412452,118623
6623,926,2024-06-07,Tecnologia,Notebook,1,84270,26141
6624,1257,2023-10-27,Hogar,Sofa,2,267184,68918
6625,434,2023-02-22,Deportes,Bicicleta,1,66074,19755
6626,1444,2024-04-07,Tecnologia,Smartphone,5,625655,206024
6627,161,2023-06-02,Hogar,Sofa,1,143673,32173
6628,494,2024-10-17,Vestuario,Pantalon,4,401488,100184
6629,1387,2023-09-29,Tecnologia,Tablet,2,208732,63706
6630,1481,2024-08-30,Tecnologia,Smartphone,4,481180,100723
6631,888,2023-08-04,Electrodomesticos,Microondas,2,368500,134468
6632,270,2024-02-02,Vestuario,Pantalon,3,268812,51828
6633,898,2023-12-06,Deportes,Raqueta,4,511228,139924
6634,995,2024-01-12,Tecnologia,Tablet,2,218430,50607
6635,773,2024-03-02,Electrodomesticos,Aspiradora,1,123926,26953
6636,1089,2024-04-25,Vestuario,Chaqueta,3,318795,78314
6637,370,2024-08-09,Tecnologia,Tablet,4,168128,41537
6638,205,2023-02-19,Deportes,Raqueta,2,171078,59056
6639,394,2024-10-30,Vestuario,Chaqueta,1,52950,10489
6640,130,2024-11-02,Electrodomesticos,Microondas,4,386716,98741
6641,764,2024-04-18,Electrodomesticos,Aspiradora,2,95440,17375
6642,780,2024-11-24,Tecnologia,Tablet,4,277844,90763
6643,213,2023-07-06,Deportes,Pesas,2,283284,64422
6644,730,2024-09-18,Vestuario,Zapatillas,1,100360,33715
6645,468,2024-01-16,Tecnologia,Smartphone,2,134042,26968
6646,820,2024-06-15,Deportes,Raqueta,1,75454,24663
6647,402,2024-01-28,Vestuario,Polera,3,235749,85915
6648,137,2024-06-19,Hogar,Lampara,1,49222,11829
6649,688,2023-04-15,Deportes,Balon,1,156334,54523
6650,612,2023-01-10,Vestuario,Zapatillas,3,411855,152105
6651,315,2023-06-06,Vestuario,Pantalon,4,111220,28514
6652,1369,2024-05-10,Vestuario,Zapatillas,1,81950,16952
6653,588,2024-11-25,Tecnologia,Smartphone,1,112509,36886
6654,1311,2024-01-07,Deportes,Balon,1,68779,24899
6655,685,2024-12-02,Vestuario,Pantalon,2,322594,81849
6656,1007,2024-10-18,Deportes,Balon,2,118836,38031
6657,982,2024-07-22,Deportes,Raqueta,4,547200,195098
6658,822,2023-06-06,Hogar,Mesa,4,225028,79607
6659,1194,2024-01-26,Deportes,Bicicleta,2,131246,26206
6660,299,2023-11-09,Hogar,Mesa,1,94156,35157
6661,158,2023-05-28,Tecnologia,Tablet,4,362824,112653
6662,868,2023-12-28,Electrodomesticos,Aspiradora,3,276894,53301
6663,476,2024-02-19,Tecnologia,Tablet,1,5000,920
6664,293,2023-04-11,Electrodomesticos,Microondas,2,222762,78169
6665,666,2024-03-18,Tecnologia,Tablet,1,118323,27964
6666,658,2023-06-24,Electrodomesticos,Refrigerador,1,107248,26304
6667,707,2023-09-14,Vestuario,Zapatillas,4,437160,104454
6668,590,2023-10-29,Tecnologia,Smartphone,1,72079,19757
6669,1097,2023-08-15,Vestuario,Zapatillas,2,176024,56022
6670,511,2023-09-15,Deportes,Raqueta,5,427535,146871
6671,59,2023-10-30,Hogar,Silla,4,253844,84798
6672,877,2024-10-10,Deportes,Balon,1,95137,21109
6673,1209,2024-11-25,Tecnologia,Tablet,1,45331,11567
6674,618,2023-02-16,Deportes,Bicicleta,2,190932,72458
6675,742,2024-07-01,Hogar,Mesa,3,149355,37832
6676,927,2023-12-07,Tecnologia,Notebook,2,241128,87344
6677,429,2024-02-17,Hogar,Mesa,2,242108,49205
6678,433,2023-12-15,Deportes,Pesas,1,72587,24447
6679,1499,2024-08-27,Vestuario,Zapatillas,4,71668,15902
6680,399,2023-09-24,Vestuario,Polera,5,1206305,391016
6681,234,2024-10-13,Tecnologia,Tablet,1,116094,41874
6682,1334,2024-01-05,Vestuario,Polera,2,10000,2586
6683,1215,2024-05-22,Hogar,Silla,2,146754,36833
6684,98,2024-04-03,Tecnologia,Smartphone,5,179405,63525
6685,1279,2024-11-14,Vestuario,Pantalon,2,10000,2356
6686,372,2024-04-02,Tecnologia,Smartphone,4,20000,6321
6687,1153,2023-12-08,Deportes,Pesas,1,96572,36175
6688,1202,2023-12-28,Hogar,Lampara,4,307384,76255
6689,1367,2024-04-23,Electrodomesticos,Aspiradora,2,218008,53329
6690,947,2023-09-06,Tecnologia,Smartphone,4,439200,160641
6691,303,2024-03-07,Vestuario,Polera,1,116058,21982
6692,543,2023-11-20,Deportes,Raqueta,2,59220,13783
6693,1228,2023-12-06,Hogar,Sofa,1,41323,9363
6694,382,2024-09-19,Tecnologia,Tablet,2,192174,69308
6695,286,2024-08-04,Electrodomesticos,Aspiradora,1,149535,35491
6696,931,2023-03-25,Hogar,Sofa,2,201354,46499
6697,775,2023-11-28,Electrodomesticos,Lavadora,6,568620,184923
6698,1216,2023-09-15,Hogar,Lampara,1,101433,26507
6699,599,2024-10-30,Deportes,Raqueta,3,178815,55535
6700,1276,2024-07-18,Electrodomesticos,Microondas,4,329532,107208
6701,27,2024-05-01,Electrodomesticos,Refrigerador,2,245960,55730
6702,301,2024-08-21,Hogar,Silla,3,227307,61104
6703,886,2023-06-20,Hogar,Lampara,1,99892,36563
6704,614,2024-12-07,Electrodomesticos,Lavadora,2,224484,47525
6705,426,2023-07-18,Vestuario,Pantalon,1,89467,21170
6706,355,2023-11-07,Hogar,Lampara,1,66202,24058
6707,619,2024-08-27,Deportes,Raqueta,1,76961,21853
6708,1356,2023-01-12,Tecnologia,Tablet,1,160129,43767
6709,945,2024-12-10,Vestuario,Pantalon,1,83772,26329
6710,941,2024-07-08,Vestuario,Polera,1,12909,4405
6711,45,2023-01-24,Vestuario,Polera,2,147532,34417
6712,50,2024-11-28,Tecnologia,Tablet,1,28153,8592
6713,176,2024-05-10,Deportes,Bicicleta,3,439176,94615
6714,1083,2023-05-21,Electrodomesticos,Refrigerador,2,210000,59294
6715,903,2023-02-16,Tecnologia,Tablet,1,115359,39530
6716,174,2024-07-07,Deportes,Balon,2,167710,37736
6717,1355,2024-11-12,Tecnologia,Notebook,1,95730,24155
6718,566,2024-09-06,Hogar,Lampara,4,475712,161514
6719,377,2024-07-01,Tecnologia,Smartphone,3,345894,103566
6720,916,2023-01-02,Vestuario,Polera,1,121555,40148
6721,550,2023-02-21,Vestuario,Chaqueta,2,267876,98762
6722,1408,2024-10-13,Vestuario,Chaqueta,4,320048,89633
6723,611,2024-02-09,Electrodomesticos,Lavadora,2,163372,46750
6724,1191,2024-06-23,Hogar,Lampara,2,227398,69062
6725,436,2023-11-07,Vestuario,Chaqueta,2,229080,42107
6726,115,2023-03-20,Vestuario,Zapatillas,3,38067,7256
6727,28,2024-04-15,Tecnologia,Notebook,2,238774,61136
6728,827,2023-03-27,Deportes,Bicicleta,1,62354,21699
6729,1479,2024-05-26,Deportes,Balon,4,184880,52875
6730,629,2024-06-19,Tecnologia,Monitor,4,420136,136887
6731,717,2024-05-07,Electrodomesticos,Refrigerador,2,210362,48856
6732,1371,2024-04-03,Electrodomesticos,Refrigerador,4,20000,7176
6733,886,2023-05-01,Vestuario,Zapatillas,2,226112,85700
6734,269,2024-09-12,Electrodomesticos,Microondas,1,87572,23687
6735,1248,2023-05-29,Vestuario,Zapatillas,2,237554,79728
6736,1304,2024-03-11,Electrodomesticos,Lavadora,5,321420,75417
6737,1492,2024-08-20,Electrodomesticos,Microondas,2,159316,53901
6738,1086,2024-03-31,Vestuario,Zapatillas,1,34368,12547
6739,128,2023-09-02,Tecnologia,Monitor,1,87241,28547
6740,474,2023-05-08,Deportes,Balon,3,87942,17561
6741,904,2023-04-26,Vestuario,Pantalon,4,697288,161274
6742,67,2024-02-10,Hogar,Mesa,2,187710,64331
6743,638,2023-12-28,Vestuario,Chaqueta,1,161460,48968
6744,902,2023-09-29,Deportes,Raqueta,1,104211,34153
6745,500,2023-06-18,Deportes,Raqueta,5,786525,271861
6746,1357,2023-02-18,Tecnologia,Monitor,1,65006,15855
6747,1170,2024-08-09,Electrodomesticos,Microondas,1,79975,20538
6748,1354,2024-06-12,Deportes,Raqueta,1,154535,38290
6749,33,2023-05-12,Hogar,Sofa,2,162636,53743
6750,18,2023-07-16,Tecnologia,Notebook,2,128314,32609
6751,1463,2024-05-09,Tecnologia,Notebook,2,37504,10824
6752,632,2023-05-08,Vestuario,Zapatillas,2,118098,27093
6753,724,2024-04-19,Deportes,Pesas,3,78090,28371
6754,505,2023-01-27,Tecnologia,Tablet,3,337194,94023
6755,153,2024-06-26,Deportes,Pesas,2,229150,63238
6756,1484,2023-01-20,Hogar,Lampara,3,15000,5402
6757,1014,2023-10-23,Electrodomesticos,Microondas,4,297892,72485
6758,961,2024-09-19,Tecnologia,Monitor,1,175946,45134
6759,326,2024-10-19,Tecnologia,Tablet,2,235856,58784
6760,1211,2024-03-30,Vestuario,Pantalon,3,291900,71672
6761,57,2024-08-08,Tecnologia,Notebook,1,86211,29314
6762,428,2024-02-19,Tecnologia,Notebook,1,81234,23934
6763,1204,2023-04-28,Deportes,Bicicleta,2,72282,14475
6764,1272,2023-10-23,Vestuario,Polera,2,374938,70078
6765,621,2023-07-08,Electrodomesticos,Lavadora,2,224790,71594
6766,1102,2024-08-26,Vestuario,Chaqueta,3,156495,38442
6767,312,2023-09-28,Deportes,Pesas,4,343440,118385
6768,1062,2023-04-22,Deportes,Raqueta,3,347382,87577
6769,964,2024-05-09,Hogar,Mesa,4,368176,90380
6770,629,2023-12-25,Tecnologia,Notebook,1,79410,23624
6771,557,2023-03-14,Tecnologia,Tablet,2,225198,43601
6772,924,2023-04-23,Hogar,Silla,1,74544,25153
6773,346,2024-01-05,Hogar,Mesa,1,58835,15639
6774,807,2024-11-26,Deportes,Bicicleta,1,85243,17787
6775,726,2024-10-05,Tecnologia,Monitor,1,59172,13338
6776,791,2024-02-07,Electrodomesticos,Lavadora,2,85888,19203
6777,539,2023-12-10,Electrodomesticos,Microondas,1,14544,3103
6778,1147,2023-01-30,Vestuario,Zapatillas,1,77240,25874
6779,668,2023-08-24,Vestuario,Polera,2,285728,54574
6780,415,2023-10-19,Vestuario,Zapatillas,2,260926,56553
6781,424,2024-12-05,Vestuario,Chaqueta,1,112554,31508
6782,671,2023-02-15,Hogar,Mesa,1,39669,9847
6783,1467,2023-12-08,Hogar,Silla,7,625527,124591
6784,1458,2024-02-23,Electrodomesticos,Refrigerador,3,197892,74215
6785,1049,2023-08-01,Electrodomesticos,Lavadora,2,187442,42079
6786,602,2023-06-17,Deportes,Raqueta,1,111390,33595
6787,527,2023-05-06,Vestuario,Polera,3,265656,92633
6788,1377,2024-06-22,Electrodomesticos,Refrigerador,4,513392,138980
6789,1003,2024-09-19,Electrodomesticos,Refrigerador,3,180051,33028
6790,1372,2023-08-25,Vestuario,Polera,2,133228,37296
6791,464,2024-10-26,Hogar,Sofa,1,97526,35515
6792,513,2024-11-19,Hogar,Silla,2,248778,48793
6793,147,2024-12-19,Deportes,Pesas,2,126496,25822
6794,350,2023-02-10,Tecnologia,Notebook,1,35129,12849
6795,1378,2024-08-23,Hogar,Mesa,2,153436,54414
6796,785,2023-05-03,Deportes,Balon,5,506990,100962
6797,224,2024-08-12,Hogar,Silla,2,273414,64402
6798,20,2024-11-01,Hogar,Silla,3,248052,83184
6799,1272,2024-09-04,Deportes,Balon,1,46316,13032
6800,305,2024-07-01,Vestuario,Polera,4,468424,97583
6801,921,2024-11-24,Electrodomesticos,Microondas,1,89613,17573
6802,1372,2024-05-19,Hogar,Lampara,1,28113,8072
6803,1354,2024-04-05,Electrodomesticos,Refrigerador,5,500865,92496
6804,1461,2024-12-11,Electrodomesticos,Lavadora,1,116839,40186
6805,1311,2024-11-23,Tecnologia,Notebook,6,477738,131486
6806,914,2023-12-08,Hogar,Silla,3,189960,37989
6807,440,2023-12-03,Tecnologia,Smartphone,2,94324,24740
6808,619,2024-04-16,Electrodomesticos,Refrigerador,5,485235,109038
6809,694,2024-10-13,Deportes,Pesas,3,437571,156285
6810,979,2024-08-18,Vestuario,Zapatillas,1,98808,33988
6811,1125,2024-07-31,Vestuario,Polera,1,41010,12832
6812,940,2023-08-30,Hogar,Silla,3,275547,92657
6813,1430,2024-11-14,Deportes,Pesas,1,40270,14325
6814,1367,2023-08-13,Vestuario,Pantalon,1,69738,17782
6815,675,2024-04-12,Vestuario,Pantalon,3,327138,121670
6816,675,2024-10-24,Tecnologia,Notebook,1,94955,31780
6817,309,2024-12-25,Tecnologia,Tablet,2,206846,37332
6818,1382,2024-04-08,Tecnologia,Monitor,5,532725,195318
6819,334,2024-05-16,Vestuario,Pantalon,2,207348,39037
6820,1021,2024-09-09,Electrodomesticos,Microondas,1,122370,22792
6821,501,2024-07-16,Vestuario,Chaqueta,1,59421,18050
6822,1500,2024-11-07,Vestuario,Pantalon,2,361564,108750
6823,900,2024-03-25,Deportes,Raqueta,1,73939,25227
6824,1005,2024-11-14,Deportes,Bicicleta,1,95991,30324
6825,644,2024-11-19,Vestuario,Polera,2,82296,22955
6826,536,2024-09-26,Hogar,Silla,1,98421,28540
6827,1474,2024-12-08,Tecnologia,Tablet,2,202092,52064
6828,892,2023-11-27,Electrodomesticos,Aspiradora,2,226488,67464
6829,839,2024-09-17,Vestuario,Zapatillas,4,360228,125985
6830,1339,2023-10-27,Vestuario,Chaqueta,2,197726,61945
6831,894,2024-10-01,Deportes,Bicicleta,2,343066,76577
6832,1458,2023-06-06,Tecnologia,Smartphone,2,139436,47776
6833,151,2024-02-02,Deportes,Pesas,5,790820,152578
6834,1160,2023-03-15,Deportes,Balon,4,547036,180606
6835,1413,2023-06-30,Electrodomesticos,Refrigerador,2,182030,56604
6836,602,2023-08-12,Hogar,Sofa,4,271212,100306
6837,1444,2023-10-02,Hogar,Mesa,2,352504,96841
6838,708,2024-11-01,Electrodomesticos,Refrigerador,3,332706,80762
6839,192,2024-12-13,Electrodomesticos,Refrigerador,2,268554,94456
6840,1021,2024-08-04,Vestuario,Pantalon,2,211868,41919
6841,1307,2024-03-08,Electrodomesticos,Refrigerador,2,189938,50367
6842,917,2024-03-25,Deportes,Balon,3,281523,72970
6843,857,2024-07-05,Deportes,Pesas,3,200565,48377
6844,569,2024-11-24,Hogar,Lampara,1,100150,19297
6845,603,2024-06-02,Vestuario,Zapatillas,1,5000,1498
6846,220,2024-05-09,Deportes,Balon,1,124722,38761
6847,764,2024-07-28,Deportes,Raqueta,1,102675,24112
6848,20,2023-05-15,Electrodomesticos,Refrigerador,1,16516,3593
6849,373,2023-10-13,Electrodomesticos,Refrigerador,4,575192,177923
6850,1144,2024-05-17,Vestuario,Polera,3,404469,131378
6851,1047,2024-02-13,Deportes,Pesas,3,332250,100002
6852,1182,2023-12-11,Vestuario,Polera,1,118049,21495
6853,814,2024-12-17,Vestuario,Polera,3,258930,92545
6854,654,2024-02-25,Vestuario,Polera,1,101810,33779
6855,1314,2023-01-30,Electrodomesticos,Aspiradora,3,319860,67941
6856,709,2024-06-18,Hogar,Mesa,1,84256,28480
6857,1093,2024-03-05,Deportes,Raqueta,2,172798,31263
6858,1470,2024-06-26,Electrodomesticos,Refrigerador,1,112345,23618
6859,112,2024-08-29,Electrodomesticos,Aspiradora,2,227076,64550
6860,744,2023-06-14,Electrodomesticos,Aspiradora,3,409335,96382
6861,992,2024-04-13,Electrodomesticos,Aspiradora,2,269942,69881
6862,1179,2024-10-22,Tecnologia,Monitor,2,220244,74173
6863,1406,2023-05-25,Hogar,Lampara,1,79320,15164
6864,568,2024-06-12,Tecnologia,Monitor,1,80466,29030
6865,415,2023-03-08,Electrodomesticos,Refrigerador,1,76821,28433
6866,965,2023-02-16,Hogar,Silla,1,135218,33355
6867,293,2024-09-11,Vestuario,Pantalon,3,119988,45585
6868,1227,2024-08-28,Vestuario,Chaqueta,2,101608,24325
6869,816,2024-09-26,Vestuario,Chaqueta,2,124734,45177
6870,722,2024-04-15,Hogar,Lampara,3,164616,41009
6871,599,2023-08-28,Vestuario,Pantalon,1,14896,3885
6872,228,2024-09-14,Tecnologia,Tablet,3,440625,162286
6873,446,2024-07-09,Deportes,Balon,1,37468,7027
6874,147,2023-12-22,Vestuario,Pantalon,1,79823,29092
6875,683,2024-11-01,Tecnologia,Tablet,1,81525,20811
6876,1005,2024-06-15,Hogar,Mesa,1,66765,23841
6877,706,2024-05-11,Vestuario,Polera,1,105009,23333
6878,127,2023-05-11,Hogar,Lampara,3,413583,76238
6879,548,2024-02-27,Electrodomesticos,Microondas,3,320889,74263
6880,261,2023-05-29,Tecnologia,Monitor,2,162890,60765
6881,11,2024-03-30,Tecnologia,Notebook,3,344598,103502
6882,112,2024-05-07,Tecnologia,Tablet,1,87836,19774
6883,304,2023-04-22,Vestuario,Zapatillas,3,173967,42277
6884,1,2024-07-23,Deportes,Pesas,1,202143,66576
6885,996,2023-07-18,Tecnologia,Monitor,3,249288,61114
6886,679,2024-01-09,Vestuario,Chaqueta,2,255660,76742
6887,106,2024-06-17,Deportes,Pesas,1,64604,13999
6888,1490,2023-04-10,Tecnologia,Tablet,2,338730,103598
6889,124,2024-06-09,Vestuario,Polera,2,248294,62592
6890,835,2023-02-24,Electrodomesticos,Microondas,2,102542,33742
6891,908,2024-08-11,Electrodomesticos,Refrigerador,5,334700,116172
6892,149,2023-05-04,Deportes,Bicicleta,1,90680,31097
6893,644,2024-03-15,Hogar,Sofa,1,39127,14542
6894,1377,2023-01-07,Hogar,Lampara,2,86924,32057
6895,1007,2023-10-13,Vestuario,Zapatillas,2,52046,17470
6896,1368,2023-05-19,Hogar,Silla,1,109935,31866
6897,1041,2024-01-05,Vestuario,Chaqueta,6,509916,184782
6898,479,2023-06-15,Hogar,Lampara,1,115674,24227
6899,336,2023-05-10,Vestuario,Polera,4,452124,89397
6900,687,2023-11-29,Tecnologia,Notebook,2,172254,35917
6901,705,2023-04-22,Hogar,Silla,2,226008,53033
6902,1268,2024-01-16,Electrodomesticos,Refrigerador,2,260160,58166
6903,117,2024-05-05,Tecnologia,Monitor,1,13571,3846
6904,492,2024-04-13,Tecnologia,Smartphone,1,110458,34203
6905,1339,2023-12-18,Vestuario,Zapatillas,3,83235,29598
6906,105,2023-12-13,Vestuario,Chaqueta,3,288987,87065
6907,259,2023-03-11,Electrodomesticos,Lavadora,2,127174,30380
6908,8,2024-12-12,Deportes,Raqueta,1,101776,26574
6909,1212,2023-05-14,Vestuario,Zapatillas,3,354417,106383
6910,307,2023-12-07,Tecnologia,Monitor,1,36630,11598
6911,274,2023-05-01,Tecnologia,Monitor,1,124544,41985
6912,167,2024-01-11,Electrodomesticos,Aspiradora,3,340506,112637
6913,1093,2023-04-10,Vestuario,Chaqueta,2,175468,45136
6914,251,2023-07-14,Tecnologia,Notebook,2,30898,9699
6915,946,2023-06-30,Electrodomesticos,Refrigerador,3,267492,51732
6916,314,2023-11-22,Deportes,Raqueta,2,142850,27142
6917,126,2023-11-06,Deportes,Bicicleta,3,491295,129179
6918,223,2024-10-04,Vestuario,Polera,1,36867,11042
6919,318,2023-11-03,Vestuario,Zapatillas,3,183396,33460
6920,886,2024-12-27,Electrodomesticos,Microondas,3,303084,62726
6921,1370,2024-09-17,Vestuario,Pantalon,2,184874,49747
6922,1401,2023-11-03,Hogar,Lampara,1,137277,45432
6923,266,2023-11-03,Tecnologia,Tablet,1,70140,19763
6924,923,2024-07-05,Deportes,Balon,2,30092,8635
6925,1463,2023-09-30,Electrodomesticos,Lavadora,4,235388,67783
6926,1366,2024-11-10,Electrodomesticos,Microondas,1,67021,22440
6927,1052,2023-08-28,Vestuario,Chaqueta,1,24050,4478
6928,1189,2024-01-30,Deportes,Balon,4,599468,200059
6929,131,2024-01-04,Electrodomesticos,Refrigerador,3,185847,52969
6930,1013,2023-05-09,Hogar,Lampara,1,100854,37025
6931,1473,2024-01-26,Vestuario,Polera,3,62313,14386
6932,35,2024-11-15,Tecnologia,Notebook,1,90628,19951
6933,1285,2023-03-25,Tecnologia,Monitor,3,15000,3781
6934,504,2023-08-13,Deportes,Pesas,2,252602,77498
6935,71,2023-08-05,Hogar,Silla,1,84628,18969
6936,1159,2023-08-01,Electrodomesticos,Aspiradora,1,138158,26034
6937,196,2024-12-30,Hogar,Lampara,1,160530,42220
6938,912,2024-04-16,Hogar,Sofa,1,127411,26505
6939,58,2023-10-14,Tecnologia,Notebook,2,63480,12156
6940,109,2024-07-11,Hogar,Silla,5,413625,103498
6941,980,2023-12-18,Hogar,Mesa,3,306249,74108
6942,1084,2024-12-21,Deportes,Balon,4,353564,92595
6943,1336,2023-06-09,Hogar,Mesa,2,186654,51344
6944,101,2023-05-28,Vestuario,Polera,1,136926,32755
6945,407,2023-06-03,Hogar,Lampara,1,124516,42473
6946,992,2023-03-20,Deportes,Pesas,3,245154,52366
6947,1052,2024-01-10,Tecnologia,Smartphone,3,218250,63570
6948,1002,2024-10-29,Electrodomesticos,Aspiradora,9,249642,77702
6949,908,2023-05-11,Hogar,Silla,3,338226,97046
6950,863,2024-10-11,Tecnologia,Monitor,1,80505,27820
6951,1212,2024-05-04,Deportes,Pesas,1,77039,24815
6952,620,2023-05-27,Hogar,Mesa,3,327219,95892
6953,623,2024-09-03,Hogar,Sofa,1,118309,34023
6954,1353,2024-06-05,Deportes,Pesas,2,32678,6998
6955,1296,2023-08-31,Hogar,Sofa,2,330284,115815
6956,605,2024-06-01,Deportes,Pesas,6,302922,61747
6957,791,2023-02-18,Electrodomesticos,Lavadora,1,101729,37576
6958,625,2024-05-18,Electrodomesticos,Microondas,2,280066,97356
6959,590,2024-01-17,Hogar,Silla,2,239322,79227
6960,847,2024-11-18,Deportes,Balon,1,88251,32496
6961,354,2023-03-12,Deportes,Bicicleta,1,99651,33280
6962,512,2024-01-07,Vestuario,Polera,4,304964,55310
6963,1193,2023-04-14,Hogar,Lampara,7,590037,144266
6964,237,2024-11-02,Tecnologia,Tablet,2,195068,39123
6965,660,2023-04-29,Electrodomesticos,Refrigerador,5,510850,143162
6966,1342,2024-03-04,Electrodomesticos,Refrigerador,3,337188,120572
6967,81,2024-11-19,Electrodomesticos,Refrigerador,2,146266,37781
6968,259,2024-03-01,Deportes,Bicicleta,1,49093,11812
6969,532,2023-01-02,Vestuario,Chaqueta,3,227412,52237
6970,172,2024-10-06,Vestuario,Chaqueta,7,935207,269307
6971,729,2023-10-21,Vestuario,Zapatillas,4,20000,7148
6972,1380,2023-10-20,Deportes,Pesas,1,52454,14745
6973,1284,2024-11-07,Deportes,Bicicleta,1,119331,37640
6974,764,2024-10-22,Vestuario,Zapatillas,1,96413,20828
6975,889,2023-07-12,Vestuario,Pantalon,1,106454,28195
6976,93,2023-12-24,Electrodomesticos,Lavadora,1,34730,8148
6977,216,2023-03-14,Vestuario,Zapatillas,1,131237,33562
6978,996,2023-03-11,Tecnologia,Monitor,1,150147,34546
6979,510,2024-08-28,Hogar,Lampara,1,41071,8695
6980,1,2024-10-19,Vestuario,Zapatillas,1,112185,41477
6981,1027,2023-07-22,Tecnologia,Tablet,5,487695,137068
6982,461,2023-11-07,Tecnologia,Monitor,2,131972,46153
6983,1237,2023-09-12,Vestuario,Chaqueta,1,59488,13016
6984,1199,2023-01-05,Tecnologia,Notebook,2,164384,41267
6985,981,2023-04-10,Hogar,Mesa,1,125647,36174
6986,192,2024-03-15,Hogar,Lampara,1,115500,38141
6987,480,2024-10-05,Deportes,Bicicleta,2,123708,42261
6988,666,2024-12-10,Hogar,Lampara,2,311246,113904
6989,414,2024-12-19,Vestuario,Zapatillas,1,118481,35202
6990,280,2024-04-09,Hogar,Lampara,4,288780,95577
6991,1200,2024-04-09,Deportes,Raqueta,1,120714,43328
6992,59,2024-08-28,Deportes,Pesas,3,427383,120879
6993,1065,2023-09-06,Vestuario,Pantalon,1,83919,16201
6994,198,2023-12-16,Tecnologia,Monitor,1,120435,44752
6995,235,2023-12-21,Hogar,Mesa,2,232224,44354
6996,467,2023-04-08,Hogar,Silla,2,303892,79341
6997,666,2024-11-15,Deportes,Bicicleta,2,214646,60526
6998,136,2024-05-27,Tecnologia,Smartphone,2,155022,57270
6999,252,2024-12-10,Vestuario,Zapatillas,2,155880,52513
7000,1268,2023-11-09,Deportes,Pesas,3,48174,15290
7001,266,2023-09-29,Electrodomesticos,Lavadora,2,252378,51413
7002,680,2023-08-28,Vestuario,Pantalon,3,252303,69888
7003,468,2024-10-22,Tecnologia,Notebook,1,78501,16454
7004,830,2023-05-06,Deportes,Balon,1,91883,19576
7005,778,2024-06-14,Electrodomesticos,Microondas,3,248397,79693
7006,1078,2023-11-24,Vestuario,Chaqueta,2,184424,35672
7007,20,2024-12-08,Hogar,Mesa,1,157018,37122
7008,1363,2023-02-09,Tecnologia,Notebook,5,310670,65574
7009,274,2024-05-06,Tecnologia,Notebook,2,167098,46190
7010,992,2023-02-10,Hogar,Silla,5,656300,205750
7011,424,2024-04-20,Vestuario,Chaqueta,2,258316,84683
7012,1308,2023-11-07,Electrodomesticos,Aspiradora,4,222252,80699
7013,181,2024-04-18,Vestuario,Polera,5,286595,64594
7014,1474,2024-08-30,Deportes,Bicicleta,1,57990,12387
7015,953,2024-06-08,Vestuario,Polera,7,803236,235217
7016,1238,2023-07-27,Tecnologia,Monitor,1,5000,1437
7017,596,2024-08-27,Hogar,Sofa,1,96806,28218
7018,1164,2024-02-01,Hogar,Lampara,3,206691,73320
7019,1331,2024-12-28,Hogar,Sofa,1,113079,31291
7020,1481,2024-07-18,Hogar,Mesa,2,69332,24403
7021,461,2023-06-26,Electrodomesticos,Lavadora,4,305352,57038
7022,850,2023-06-04,Electrodomesticos,Refrigerador,1,82667,29881
7023,135,2023-01-09,Deportes,Balon,1,69291,17137
7024,266,2024-12-06,Hogar,Sofa,1,43234,10970
7025,455,2024-07-25,Deportes,Balon,2,271424,74697
7026,641,2023-10-12,Tecnologia,Smartphone,2,187024,38900
7027,185,2023-04-25,Electrodomesticos,Microondas,2,105292,39636
7028,1023,2024-04-02,Deportes,Raqueta,5,548480,174959
7029,798,2023-01-02,Deportes,Balon,3,218238,43001
7030,1377,2024-01-16,Hogar,Lampara,1,146735,28120
7031,1498,2023-09-21,Tecnologia,Monitor,5,443825,115043
7032,1075,2023-01-06,Deportes,Pesas,1,81844,22551
7033,1105,2024-10-31,Deportes,Raqueta,1,151951,34473
7034,363,2024-08-01,Vestuario,Zapatillas,1,65253,17490
7035,22,2023-02-05,Electrodomesticos,Refrigerador,6,487740,114643
7036,184,2023-03-02,Hogar,Mesa,1,154809,35010
7037,15,2024-09-28,Tecnologia,Monitor,2,167172,30856
7038,950,2023-06-06,Vestuario,Zapatillas,1,42551,14606
7039,1464,2023-07-11,Vestuario,Zapatillas,2,269396,61282
7040,462,2024-01-30,Tecnologia,Tablet,1,90827,24229
7041,512,2023-08-19,Tecnologia,Monitor,2,242028,78880
7042,944,2023-02-13,Electrodomesticos,Microondas,2,351810,118870
7043,1469,2024-04-20,Hogar,Sofa,1,94135,26967
7044,217,2024-12-29,Tecnologia,Monitor,5,204250,57914
7045,76,2024-02-06,Electrodomesticos,Lavadora,1,110522,23649
7046,1088,2023-10-12,Vestuario,Zapatillas,2,252740,76021
7047,1111,2023-09-11,Tecnologia,Tablet,1,91326,30328
7048,1238,2024-07-14,Electrodomesticos,Aspiradora,1,124623,31585
7049,1229,2024-02-19,Deportes,Pesas,3,194349,51373
7050,1242,2024-06-10,Deportes,Pesas,1,7702,1785
7051,42,2024-09-12,Hogar,Lampara,5,378595,142234
7052,653,2023-06-09,Deportes,Pesas,1,7265,2616
7053,856,2023-09-29,Tecnologia,Monitor,4,520964,183906
7054,435,2023-11-19,Hogar,Silla,2,259942,59586
7055,307,2024-04-24,Electrodomesticos,Aspiradora,4,163836,59303
7056,1156,2024-09-13,Electrodomesticos,Aspiradora,3,323532,78671
7057,936,2024-02-27,Tecnologia,Notebook,3,159375,58668
7058,1423,2023-01-18,Vestuario,Polera,2,175324,45875
7059,193,2023-05-24,Hogar,Lampara,1,43161,8016
7060,151,2024-05-21,Hogar,Mesa,4,460200,92507
7061,628,2024-12-31,Electrodomesticos,Microondas,4,357380,70673
7062,395,2023-02-22,Electrodomesticos,Aspiradora,2,119118,27129
7063,516,2023-03-29,Vestuario,Chaqueta,2,58684,20863
7064,1408,2024-03-10,Electrodomesticos,Aspiradora,1,113396,37772
7065,705,2023-08-11,Electrodomesticos,Microondas,2,126306,27174
7066,1225,2023-03-14,Vestuario,Zapatillas,4,387688,72104
7067,439,2024-09-18,Electrodomesticos,Aspiradora,3,131289,40274
7068,699,2023-01-24,Deportes,Balon,4,567452,147252
7069,1075,2023-01-31,Tecnologia,Monitor,2,84758,29369
7070,1206,2024-07-28,Tecnologia,Monitor,1,89765,29579
7071,236,2024-07-02,Deportes,Bicicleta,3,519597,167760
7072,310,2023-01-27,Tecnologia,Smartphone,2,203562,75948
7073,1445,2023-12-13,Electrodomesticos,Aspiradora,2,142136,52203
7074,1076,2024-12-27,Electrodomesticos,Microondas,1,116618,37720
7075,996,2023-08-08,Tecnologia,Notebook,1,119805,21625
7076,198,2023-04-21,Tecnologia,Tablet,1,85738,24186
7077,20,2024-11-26,Deportes,Raqueta,2,288302,70964
7078,1458,2024-07-20,Hogar,Lampara,1,55830,11908
7079,1105,2023-09-07,Hogar,Lampara,1,39405,7942
7080,1030,2023-08-28,Vestuario,Polera,2,10000,3439
7081,467,2024-02-04,Hogar,Silla,5,341175,81267
7082,563,2024-11-10,Electrodomesticos,Refrigerador,2,149106,39997
7083,784,2023-06-09,Tecnologia,Notebook,3,139965,48047
7084,1146,2024-11-16,Deportes,Pesas,1,172339,57309
7085,962,2023-04-20,Tecnologia,Smartphone,4,461828,115973
7086,1245,2023-11-24,Tecnologia,Smartphone,4,310300,68530
7087,335,2023-02-13,Deportes,Bicicleta,1,85416,16516
7088,716,2024-06-22,Tecnologia,Smartphone,2,164614,53434
7089,315,2023-12-16,Tecnologia,Notebook,1,83243,17433
7090,1339,2023-08-04,Tecnologia,Monitor,1,93906,31447
7091,1331,2023-08-15,Vestuario,Zapatillas,2,44992,10540
7092,540,2024-10-17,Deportes,Raqueta,3,367701,95517
7093,1418,2023-07-10,Tecnologia,Tablet,3,436773,92703
7094,1352,2024-12-31,Deportes,Raqueta,2,270464,50645
7095,1263,2024-06-30,Electrodomesticos,Microondas,4,370672,115176
7096,750,2024-08-14,Electrodomesticos,Refrigerador,1,91270,19984
7097,480,2024-12-26,Hogar,Silla,2,137170,51795
7098,298,2024-10-25,Electrodomesticos,Microondas,2,188444,58642
7099,732,2024-09-10,Electrodomesticos,Aspiradora,1,35023,7462
7100,159,2023-01-18,Vestuario,Polera,1,151048,38381
7101,673,2024-12-19,Electrodomesticos,Refrigerador,2,100674,27099
7102,464,2024-08-29,Deportes,Raqueta,3,176970,51344
7103,869,2024-03-07,Electrodomesticos,Refrigerador,3,422268,137752
7104,1224,2024-01-21,Tecnologia,Monitor,1,34344,7544
7105,714,2023-07-30,Tecnologia,Smartphone,5,240375,78888
7106,1431,2024-08-19,Vestuario,Polera,2,191448,70529
7107,1115,2024-06-25,Deportes,Balon,3,418629,146011
7108,751,2023-05-08,Deportes,Raqueta,3,181455,44872
7109,710,2023-09-05,Hogar,Sofa,4,157140,55868
7110,550,2023-09-04,Hogar,Mesa,2,216660,39965
7111,1004,2024-02-27,Deportes,Balon,1,125817,22841
7112,251,2023-12-11,Vestuario,Polera,1,94905,25899
7113,40,2024-12-04,Electrodomesticos,Aspiradora,4,715648,135442
7114,276,2024-04-27,Deportes,Bicicleta,1,101947,28480
7115,107,2023-04-02,Vestuario,Polera,1,120644,37884
7116,251,2023-09-18,Tecnologia,Monitor,1,147657,26596
7117,1007,2023-09-22,Deportes,Bicicleta,2,129396,30283
7118,204,2023-03-11,Hogar,Sofa,5,334085,61935
7119,37,2024-09-20,Electrodomesticos,Microondas,1,38336,12232
7120,100,2023-10-22,Deportes,Pesas,3,352731,108752
7121,1419,2024-02-14,Tecnologia,Smartphone,3,334641,80187
7122,285,2023-06-08,Vestuario,Zapatillas,2,317246,118233
7123,571,2023-10-17,Deportes,Raqueta,2,184342,35649
7124,823,2024-03-11,Deportes,Pesas,2,55194,10635
7125,646,2024-06-12,Hogar,Lampara,2,221654,65899
7126,890,2024-11-27,Hogar,Mesa,2,156092,51756
7127,1096,2024-08-26,Tecnologia,Monitor,1,123729,25160
7128,229,2024-06-10,Electrodomesticos,Aspiradora,4,126592,29851
7129,943,2024-04-18,Tecnologia,Tablet,1,66097,23831
7130,1273,2024-03-19,Vestuario,Chaqueta,2,308428,95956
7131,996,2024-03-08,Tecnologia,Notebook,3,104481,29076
7132,1001,2023-07-28,Hogar,Mesa,3,117117,21676
7133,502,2023-05-05,Electrodomesticos,Refrigerador,1,58276,12917
7134,1376,2024-03-22,Hogar,Sofa,3,281787,62326
7135,573,2023-08-25,Electrodomesticos,Microondas,5,836230,315880
7136,713,2023-10-21,Electrodomesticos,Refrigerador,2,255296,70975
7137,419,2023-03-20,Vestuario,Zapatillas,2,187658,62286
7138,274,2024-12-27,Electrodomesticos,Microondas,1,95868,28436
7139,175,2024-03-12,Deportes,Bicicleta,1,10360,3457
7140,534,2024-01-27,Deportes,Pesas,3,225216,50340
7141,905,2024-03-15,Deportes,Bicicleta,3,163095,34911
7142,742,2024-01-14,Deportes,Pesas,1,60631,13265
7143,619,2024-05-04,Deportes,Bicicleta,3,255639,89593
7144,930,2023-10-19,Deportes,Pesas,2,112944,28418
7145,419,2023-04-18,Deportes,Bicicleta,1,140805,41357
7146,488,2023-04-27,Electrodomesticos,Microondas,3,430398,132308
7147,495,2024-07-18,Electrodomesticos,Microondas,1,55758,14228
7148,616,2024-06-29,Deportes,Balon,2,233994,77553
7149,1351,2023-09-20,Tecnologia,Smartphone,1,79598,25197
7150,19,2024-12-06,Deportes,Balon,1,18130,4792
7151,745,2024-04-27,Electrodomesticos,Lavadora,6,690444,150176
7152,695,2023-09-08,Tecnologia,Notebook,1,62144,12440
7153,416,2024-12-14,Vestuario,Pantalon,1,102901,34733
7154,1297,2024-12-31,Electrodomesticos,Refrigerador,2,220820,58436
7155,868,2024-08-16,Deportes,Bicicleta,4,277484,87154
7156,646,2024-12-18,Hogar,Sofa,6,909828,259686
7157,863,2024-07-17,Tecnologia,Monitor,1,117561,28271
7158,6,2023-05-31,Vestuario,Zapatillas,3,214755,50845
7159,1377,2023-11-09,Hogar,Mesa,2,277760,60627
7160,748,2024-08-18,Electrodomesticos,Aspiradora,3,394341,97099
7161,50,2024-03-12,Vestuario,Chaqueta,1,80410,17172
7162,1139,2024-04-24,Electrodomesticos,Microondas,2,30050,8202
7163,545,2024-04-10,Hogar,Mesa,1,20691,4524
7164,1472,2023-07-17,Electrodomesticos,Microondas,3,165192,47345
7165,682,2023-04-05,Vestuario,Chaqueta,4,193084,63032
7166,864,2024-09-29,Tecnologia,Monitor,2,164676,30028
7167,826,2024-11-01,Electrodomesticos,Refrigerador,1,112997,31262
7168,1172,2023-10-06,Electrodomesticos,Microondas,4,379188,81904
7169,1226,2023-11-18,Tecnologia,Notebook,2,191404,36621
7170,1245,2024-10-11,Tecnologia,Tablet,1,87551,20502
7171,1264,2023-12-10,Tecnologia,Tablet,1,38785,8920
7172,6,2024-01-04,Electrodomesticos,Microondas,1,34636,10451
7173,512,2024-06-23,Hogar,Lampara,1,139326,34449
7174,945,2023-03-23,Deportes,Balon,1,156738,45542
7175,92,2024-04-02,Hogar,Sofa,2,27416,9533
7176,236,2024-02-12,Hogar,Silla,1,137684,47844
7177,490,2023-03-07,Tecnologia,Tablet,2,374502,109606
7178,494,2023-03-23,Hogar,Mesa,1,75277,23688
7179,1486,2024-01-12,Electrodomesticos,Microondas,1,74372,24830
7180,133,2024-08-23,Deportes,Pesas,1,75479,15942
7181,733,2024-12-23,Tecnologia,Monitor,2,77842,20158
7182,959,2023-02-24,Tecnologia,Smartphone,4,448084,96809
7183,532,2024-01-15,Vestuario,Zapatillas,4,252456,84919
7184,876,2023-02-18,Vestuario,Pantalon,3,469980,98107
7185,1369,2023-09-29,Deportes,Balon,2,246782,50586
7186,840,2024-03-31,Deportes,Balon,1,95491,33284
7187,694,2024-03-03,Tecnologia,Smartphone,1,176532,38925
7188,1121,2023-09-03,Hogar,Sofa,2,186818,44378
7189,216,2024-06-17,Hogar,Mesa,2,313006,70827
7190,1393,2024-10-18,Tecnologia,Smartphone,6,474036,144909
7191,681,2023-01-29,Vestuario,Chaqueta,1,88510,26574
7192,19,2023-05-24,Hogar,Sofa,1,123902,22809
7193,471,2024-03-13,Tecnologia,Monitor,2,227688,70228
7194,785,2024-06-25,Vestuario,Pantalon,3,210642,55038
7195,160,2024-03-18,Tecnologia,Smartphone,2,173364,48959
7196,322,2024-11-15,Tecnologia,Notebook,1,61204,21075
7197,1045,2024-09-17,Hogar,Sofa,3,249399,94181
7198,1311,2024-03-14,Deportes,Balon,6,460980,135225
7199,849,2024-12-24,Tecnologia,Notebook,2,173998,60836
7200,794,2024-09-21,Tecnologia,Tablet,1,124597,26749
7201,815,2023-02-19,Deportes,Raqueta,1,67234,12600
7202,1283,2024-07-06,Electrodomesticos,Microondas,3,345309,75774
7203,1370,2024-07-25,Hogar,Sofa,1,41245,12099
7204,582,2024-12-05,Deportes,Balon,1,76380,26026
7205,861,2024-10-30,Deportes,Raqueta,1,195261,60469
7206,1225,2023-02-01,Hogar,Silla,1,106166,37065
7207,1427,2023-08-11,Hogar,Lampara,1,118374,27436
7208,936,2024-06-14,Electrodomesticos,Refrigerador,5,531100,120519
7209,1311,2023-12-17,Vestuario,Polera,2,268610,81311
7210,383,2024-07-21,Tecnologia,Tablet,5,146770,31048
7211,804,2024-01-30,Vestuario,Pantalon,6,338514,77607
7212,1207,2024-09-13,Hogar,Lampara,1,103259,21911
7213,1478,2024-01-19,Deportes,Pesas,1,158036,30834
7214,521,2023-02-13,Tecnologia,Tablet,3,572577,120105
7215,615,2023-09-21,Deportes,Raqueta,4,301940,73926
7216,1497,2023-07-05,Electrodomesticos,Microondas,1,63245,15344
7217,765,2024-11-23,Electrodomesticos,Microondas,4,281888,82927
7218,955,2024-05-23,Vestuario,Zapatillas,1,130827,46461
7219,73,2023-08-01,Electrodomesticos,Microondas,1,106058,19629
7220,675,2024-09-27,Vestuario,Pantalon,7,174391,45848
7221,730,2023-06-26,Electrodomesticos,Aspiradora,2,184472,36145
7222,528,2023-05-10,Hogar,Lampara,3,80187,27049
7223,1259,2023-11-20,Vestuario,Polera,2,166120,45416
7224,253,2024-01-14,Deportes,Pesas,3,312405,70719
7225,575,2024-10-26,Electrodomesticos,Refrigerador,5,340765,105958
7226,42,2024-10-06,Vestuario,Polera,3,312159,115354
7227,1365,2024-11-08,Vestuario,Pantalon,1,76437,19330
7228,952,2023-11-18,Deportes,Raqueta,2,10000,2021
7229,437,2023-12-22,Hogar,Mesa,2,247088,56288
7230,331,2023-07-10,Deportes,Bicicleta,1,97766,30660
7231,510,2023-02-07,Tecnologia,Tablet,1,74222,25460
7232,841,2024-02-29,Deportes,Bicicleta,2,163572,50409
7233,1043,2023-09-27,Tecnologia,Notebook,1,97844,31216
7234,1279,2023-01-21,Electrodomesticos,Refrigerador,2,178920,55784
7235,946,2023-08-18,Deportes,Bicicleta,3,342303,63481
7236,229,2024-04-25,Deportes,Pesas,2,62222,19823
7237,710,2024-05-22,Vestuario,Zapatillas,1,129381,30038
7238,1161,2024-10-10,Electrodomesticos,Aspiradora,1,169362,45228
7239,897,2024-08-04,Hogar,Lampara,1,105948,21298
7240,914,2023-03-11,Electrodomesticos,Aspiradora,3,139479,27466
7241,1490,2023-12-18,Tecnologia,Smartphone,1,40585,14219
7242,471,2023-12-17,Vestuario,Polera,3,167859,47978
7243,790,2024-05-25,Hogar,Mesa,1,139890,27681
7244,63,2024-11-03,Tecnologia,Monitor,2,219570,60321
7245,673,2023-10-09,Electrodomesticos,Lavadora,2,152674,30500
7246,1492,2024-07-17,Vestuario,Pantalon,1,78317,27023
7247,166,2023-11-17,Vestuario,Zapatillas,1,106033,31070
7248,134,2024-03-29,Deportes,Pesas,4,293404,81941
7249,178,2023-03-05,Deportes,Raqueta,3,354342,73412
7250,1081,2023-06-28,Vestuario,Zapatillas,2,98854,20867
7251,691,2024-04-23,Vestuario,Polera,3,15000,3360
7252,879,2023-02-11,Hogar,Silla,3,285654,91834
7253,1204,2023-10-08,Electrodomesticos,Aspiradora,2,133290,46896
7254,115,2023-03-10,Hogar,Lampara,2,170618,38683
7255,503,2023-06-25,Tecnologia,Monitor,2,132988,35352
7256,329,2023-01-14,Vestuario,Chaqueta,1,28801,9676
7257,510,2023-01-14,Hogar,Silla,1,123403,44577
7258,1027,2024-06-25,Tecnologia,Smartphone,3,290142,84083
7259,57,2023-04-03,Electrodomesticos,Refrigerador,1,112343,39649
7260,423,2024-12-15,Tecnologia,Tablet,1,54994,14853
7261,1442,2024-03-18,Tecnologia,Smartphone,2,186400,38493
7262,622,2024-09-17,Deportes,Bicicleta,9,1027719,245269
7263,786,2024-06-26,Tecnologia,Notebook,3,295128,91208
7264,739,2023-08-16,Tecnologia,Tablet,7,352177,115783
7265,149,2023-05-01,Deportes,Balon,1,59980,22708
7266,1443,2023-04-13,Hogar,Mesa,2,208330,49084
7267,873,2023-08-17,Tecnologia,Notebook,3,251502,51182
7268,306,2024-08-25,Vestuario,Polera,1,49591,14824
7269,678,2024-10-20,Hogar,Silla,1,61858,17832
7270,1253,2024-11-28,Vestuario,Pantalon,1,66736,13256
7271,745,2024-09-09,Deportes,Bicicleta,2,177140,47150
7272,519,2023-10-05,Tecnologia,Notebook,1,50073,15993
7273,1138,2024-03-25,Hogar,Mesa,2,143576,33841
7274,547,2024-12-27,Deportes,Bicicleta,4,142380,54088
7275,862,2024-03-25,Tecnologia,Smartphone,4,265836,62942
7276,682,2023-06-10,Hogar,Sofa,1,109000,38480
7277,1425,2023-11-23,Hogar,Lampara,4,340964,71039
7278,489,2024-12-26,Tecnologia,Tablet,1,131547,41537
7279,1025,2024-11-21,Hogar,Silla,5,252290,57240
7280,763,2024-04-05,Electrodomesticos,Lavadora,2,227160,77837
7281,659,2023-08-22,Vestuario,Pantalon,1,28770,10125
7282,358,2024-07-29,Electrodomesticos,Microondas,5,335125,77574
7283,192,2024-07-11,Electrodomesticos,Lavadora,3,304647,97158
7284,772,2024-02-12,Tecnologia,Monitor,3,243057,78613
7285,644,2024-09-12,Deportes,Pesas,3,81669,17786
7286,872,2024-12-23,Vestuario,Pantalon,1,128903,39080
7287,557,2023-05-27,Vestuario,Chaqueta,1,100866,31327
7288,1451,2023-01-28,Hogar,Silla,4,141424,46608
7289,484,2024-03-05,Electrodomesticos,Aspiradora,3,408630,97417
7290,162,2023-12-28,Hogar,Lampara,1,56924,18244
7291,684,2023-02-05,Electrodomesticos,Refrigerador,2,156066,47723
7292,1143,2023-08-08,Vestuario,Chaqueta,1,95721,25882
7293,1393,2024-09-10,Electrodomesticos,Aspiradora,1,50681,18007
7294,779,2023-05-22,Vestuario,Pantalon,3,163206,52421
7295,1253,2024-12-17,Hogar,Sofa,1,99043,30884
7296,1354,2023-03-28,Deportes,Raqueta,1,15713,4241
7297,1271,2024-04-27,Tecnologia,Monitor,1,104426,33821
7298,103,2023-11-28,Deportes,Raqueta,1,65291,12199
7299,1335,2024-07-30,Electrodomesticos,Refrigerador,1,76881,20571
7300,6,2024-02-23,Tecnologia,Notebook,2,339920,84674
7301,619,2023-04-24,Hogar,Lampara,1,85642,21024
7302,1285,2023-11-24,Vestuario,Zapatillas,4,461212,126949
7303,238,2023-03-27,Electrodomesticos,Refrigerador,2,150944,35183
7304,1074,2023-02-25,Electrodomesticos,Aspiradora,5,602535,212645
7305,1199,2023-10-29,Vestuario,Chaqueta,3,351426,98789
7306,918,2024-06-18,Vestuario,Polera,3,150978,27706
7307,1007,2024-03-27,Tecnologia,Monitor,4,361816,97308
7308,557,2023-02-27,Vestuario,Pantalon,3,346257,77649
7309,714,2024-07-08,Hogar,Sofa,3,54417,19113
7310,1264,2024-05-09,Tecnologia,Tablet,5,460650,132627
7311,1207,2023-06-07,Vestuario,Chaqueta,1,96952,27454
7312,343,2024-11-17,Tecnologia,Smartphone,2,128148,47197
7313,1207,2023-11-26,Deportes,Raqueta,1,44101,14782
7314,763,2024-07-05,Hogar,Mesa,1,176147,35526
7315,1370,2024-07-07,Hogar,Sofa,5,599295,192685
7316,496,2023-01-18,Hogar,Sofa,2,63572,20032
7317,850,2023-06-14,Tecnologia,Tablet,3,413289,119140
7318,198,2024-12-28,Tecnologia,Tablet,1,124834,23695
7319,656,2023-06-15,Electrodomesticos,Microondas,3,360570,115590
7320,611,2024-08-28,Electrodomesticos,Refrigerador,2,194938,49219
7321,595,2023-05-21,Tecnologia,Notebook,1,105173,29455
7322,788,2024-03-14,Vestuario,Zapatillas,4,427256,143061
7323,1404,2023-06-27,Vestuario,Polera,1,164101,58892
7324,1074,2024-11-04,Vestuario,Chaqueta,2,210966,70961
7325,384,2024-02-05,Electrodomesticos,Refrigerador,5,229055,51791
7326,1025,2024-05-12,Hogar,Silla,5,122320,34200
7327,238,2023-09-29,Electrodomesticos,Aspiradora,2,172432,48430
7328,963,2024-02-15,Electrodomesticos,Aspiradora,3,21249,7435
7329,570,2024-09-12,Deportes,Pesas,2,138630,47763
7330,1273,2024-12-25,Electrodomesticos,Microondas,1,108057,28847
7331,378,2024-12-06,Vestuario,Zapatillas,3,400623,97075
7332,1206,2024-07-04,Tecnologia,Tablet,2,251256,77694
7333,831,2024-07-10,Electrodomesticos,Lavadora,1,113467,30806
7334,996,2023-10-30,Electrodomesticos,Refrigerador,1,118757,32272
7335,1084,2024-10-04,Tecnologia,Smartphone,2,196050,53664
7336,434,2024-03-22,Vestuario,Chaqueta,2,43022,11543
7337,288,2023-08-11,Vestuario,Chaqueta,1,63277,18953
7338,1027,2023-11-10,Vestuario,Zapatillas,1,97106,22429
7339,350,2023-02-10,Hogar,Mesa,1,91321,19387
7340,691,2023-05-05,Vestuario,Chaqueta,3,499656,104020
7341,855,2024-09-14,Vestuario,Pantalon,4,405912,75443
7342,416,2024-04-06,Hogar,Silla,2,125076,24780
7343,973,2024-10-18,Tecnologia,Notebook,3,199809,75398
7344,931,2024-12-23,Vestuario,Pantalon,1,74579,16974
7345,1080,2024-11-01,Deportes,Raqueta,3,360369,102175
7346,46,2023-05-05,Hogar,Lampara,1,70445,24086
7347,137,2023-10-07,Electrodomesticos,Lavadora,3,341118,88891
7348,1482,2024-09-21,Hogar,Mesa,1,178097,49814
7349,607,2024-06-19,Vestuario,Pantalon,1,127057,29761
7350,349,2024-12-14,Hogar,Sofa,4,115808,24327
7351,879,2024-01-27,Vestuario,Zapatillas,4,409888,77108
7352,825,2023-11-14,Hogar,Mesa,1,181920,60957
7353,538,2023-06-02,Deportes,Raqueta,1,100864,35618
7354,987,2023-06-08,Tecnologia,Tablet,3,170037,63497
7355,1336,2023-03-21,Deportes,Raqueta,4,272252,95051
7356,1008,2024-11-23,Vestuario,Pantalon,1,117992,40370
7357,555,2024-08-14,Vestuario,Chaqueta,1,149448,36331
7358,876,2023-03-06,Electrodomesticos,Lavadora,4,733164,200658
7359,305,2024-03-02,Electrodomesticos,Microondas,4,517280,165374
7360,776,2024-10-08,Electrodomesticos,Lavadora,4,488896,113559
7361,373,2024-10-13,Electrodomesticos,Lavadora,1,71617,26003
7362,657,2024-10-20,Tecnologia,Tablet,1,190549,37562
7363,661,2024-08-23,Electrodomesticos,Lavadora,1,129692,42269
7364,19,2024-03-22,Hogar,Silla,3,524664,190150
7365,25,2023-08-14,Tecnologia,Notebook,1,96109,31410
7366,555,2024-04-08,Tecnologia,Smartphone,2,243066,79916
7367,1286,2024-05-25,Vestuario,Pantalon,2,142858,28027
7368,498,2024-10-06,Deportes,Balon,1,5000,1712
7369,998,2023-06-09,Electrodomesticos,Microondas,4,204348,37004
7370,1181,2024-11-24,Hogar,Lampara,1,63961,22840
7371,1135,2024-08-17,Vestuario,Zapatillas,2,206596,56974
7372,1122,2023-07-18,Deportes,Pesas,2,129070,24790
7373,500,2024-12-22,Vestuario,Pantalon,3,398754,82560
7374,1167,2023-04-26,Deportes,Pesas,5,479890,181823
7375,1412,2023-11-03,Electrodomesticos,Lavadora,3,133383,43496
7376,114,2024-07-14,Hogar,Sofa,3,176916,48775
7377,1448,2024-11-26,Deportes,Bicicleta,1,140105,44231
7378,1258,2023-04-24,Tecnologia,Tablet,4,254232,80558
7379,1162,2024-08-16,Electrodomesticos,Microondas,1,92270,32880
7380,1252,2023-10-06,Vestuario,Chaqueta,6,109020,33464
7381,128,2023-10-18,Hogar,Silla,3,167301,58167
7382,138,2024-04-12,Hogar,Lampara,2,246448,52775
7383,330,2024-11-19,Hogar,Mesa,2,215812,43253
7384,1459,2023-11-23,Hogar,Silla,2,272446,74575
7385,45,2023-06-17,Electrodomesticos,Lavadora,2,83630,29581
7386,634,2024-10-07,Hogar,Lampara,2,286826,107295
7387,1335,2023-12-14,Deportes,Balon,1,63551,20514
7388,1379,2024-05-29,Electrodomesticos,Refrigerador,1,92872,27637
7389,942,2023-03-15,Vestuario,Zapatillas,1,47750,11021
7390,666,2024-04-26,Tecnologia,Notebook,2,133184,31133
7391,755,2023-07-28,Electrodomesticos,Lavadora,2,130112,37341
7392,957,2023-12-27,Vestuario,Chaqueta,2,166910,44899
7393,240,2024-09-09,Hogar,Silla,1,136568,39095
7394,53,2023-08-07,Hogar,Silla,2,41494,8661
7395,801,2024-03-25,Hogar,Mesa,2,300046,110996
7396,330,2023-05-08,Vestuario,Zapatillas,6,234600,46714
7397,414,2024-10-28,Tecnologia,Tablet,3,288852,53522
7398,323,2023-04-17,Tecnologia,Monitor,1,5000,1195
7399,721,2024-11-04,Deportes,Balon,2,31786,6255
7400,351,2023-04-04,Deportes,Bicicleta,2,168868,46178
7401,1351,2024-03-24,Deportes,Pesas,4,585820,121673
7402,920,2023-01-10,Vestuario,Chaqueta,3,194271,41660
7403,126,2023-10-03,Vestuario,Zapatillas,1,128374,25295
7404,217,2024-05-18,Hogar,Silla,1,131154,48617
7405,834,2023-02-20,Vestuario,Zapatillas,5,343810,97373
7406,129,2024-02-22,Tecnologia,Monitor,2,288926,92780
7407,696,2023-04-22,Deportes,Pesas,3,430230,160473
7408,1068,2023-01-06,Tecnologia,Smartphone,2,148830,51341
7409,119,2023-12-22,Deportes,Bicicleta,6,464250,173970
7410,1045,2024-02-26,Vestuario,Chaqueta,2,155166,55131
7411,967,2024-12-30,Deportes,Raqueta,4,493996,187716
7412,1247,2024-10-18,Hogar,Mesa,1,112001,38902
7413,280,2024-04-02,Deportes,Bicicleta,1,117675,32815
7414,313,2023-11-20,Electrodomesticos,Aspiradora,1,100886,35567
7415,1337,2024-02-19,Vestuario,Zapatillas,1,72437,26135
7416,94,2023-05-04,Tecnologia,Smartphone,1,46588,8688
7417,1178,2024-06-15,Deportes,Balon,1,73341,14959
7418,1019,2023-01-01,Tecnologia,Monitor,2,89666,25619
7419,472,2024-05-06,Deportes,Pesas,1,122354,42129
7420,387,2024-01-22,Deportes,Balon,1,72016,15803
7421,1133,2023-11-23,Vestuario,Chaqueta,2,193136,47764
7422,1398,2024-09-13,Deportes,Bicicleta,2,256058,62567
7423,1303,2024-05-14,Electrodomesticos,Microondas,1,155340,30590
7424,1191,2024-07-23,Deportes,Raqueta,2,37538,13371
7425,546,2024-01-02,Tecnologia,Monitor,4,414520,75713
7426,978,2023-01-31,Hogar,Lampara,1,56518,21215
7427,905,2023-01-05,Tecnologia,Monitor,3,73791,26655
7428,805,2024-01-28,Vestuario,Pantalon,3,285678,53343
7429,596,2023-09-26,Hogar,Sofa,1,102665,30132
7430,637,2023-11-19,Vestuario,Pantalon,1,97568,37003
7431,1397,2023-01-10,Deportes,Balon,1,102528,22930
7432,462,2024-11-30,Tecnologia,Notebook,2,215444,45877
7433,316,2023-10-23,Vestuario,Zapatillas,3,144366,51623
7434,956,2023-12-07,Vestuario,Chaqueta,1,123200,22890
7435,95,2023-05-06,Electrodomesticos,Refrigerador,2,127294,30599
7436,463,2023-07-10,Tecnologia,Smartphone,1,128157,27123
7437,554,2024-07-09,Vestuario,Chaqueta,2,132728,45559
7438,254,2023-02-06,Electrodomesticos,Microondas,2,173508,65341
7439,723,2024-07-23,Vestuario,Zapatillas,2,269306,55813
7440,60,2024-01-14,Electrodomesticos,Microondas,3,176982,31867
7441,318,2023-11-10,Vestuario,Chaqueta,1,132976,47277
7442,1363,2023-01-11,Vestuario,Pantalon,1,102379,35797
7443,768,2024-08-02,Hogar,Silla,1,69949,22558
7444,1288,2023-09-05,Electrodomesticos,Lavadora,1,77613,24555
7445,891,2023-11-08,Vestuario,Chaqueta,2,68038,15411
7446,572,2024-03-24,Vestuario,Pantalon,4,234092,63696
7447,901,2024-07-06,Hogar,Silla,2,204524,45620
7448,528,2024-02-14,Deportes,Balon,1,77744,27983
7449,401,2023-01-29,Tecnologia,Monitor,3,125502,31373
7450,118,2024-12-24,Electrodomesticos,Aspiradora,1,37327,12250
7451,1019,2024-07-23,Hogar,Lampara,2,134262,25928
7452,210,2024-03-01,Electrodomesticos,Lavadora,1,67352,22928
7453,1010,2024-07-22,Electrodomesticos,Aspiradora,3,160599,50766
7454,1090,2024-09-30,Electrodomesticos,Lavadora,1,134895,43412
7455,28,2023-07-13,Tecnologia,Monitor,3,274101,61359
7456,158,2023-01-03,Deportes,Raqueta,1,122115,31942
7457,891,2023-03-07,Vestuario,Chaqueta,2,215508,76324
7458,1084,2024-01-02,Deportes,Bicicleta,4,521480,108374
7459,274,2023-12-02,Hogar,Mesa,2,123130,46141
7460,526,2024-10-25,Tecnologia,Tablet,1,92942,29958
7461,589,2023-03-02,Vestuario,Polera,4,404412,116804
7462,346,2023-09-07,Hogar,Mesa,2,206004,65741
7463,202,2023-07-16,Vestuario,Polera,4,411196,97751
7464,899,2023-12-02,Deportes,Balon,1,105447,36729
7465,956,2024-11-11,Electrodomesticos,Aspiradora,2,119892,38173
7466,849,2024-08-09,Hogar,Silla,1,119279,40100
7467,537,2023-03-21,Deportes,Balon,1,90629,17196
7468,3,2023-08-20,Vestuario,Pantalon,1,160021,56273
7469,882,2024-03-25,Hogar,Mesa,1,118535,43864
7470,981,2023-07-22,Electrodomesticos,Refrigerador,1,136434,30918
7471,1035,2024-12-24,Electrodomesticos,Aspiradora,2,251328,95138
7472,1060,2023-12-01,Tecnologia,Smartphone,2,301524,57861
7473,126,2023-02-12,Tecnologia,Monitor,2,101912,23834
7474,356,2024-01-31,Tecnologia,Smartphone,1,64953,16070
7475,1146,2023-06-10,Deportes,Bicicleta,1,100775,23878
7476,877,2023-04-28,Hogar,Lampara,2,112286,38837
7477,551,2023-09-24,Hogar,Mesa,3,164448,53385
7478,255,2024-06-13,Hogar,Mesa,1,77274,27471
7479,900,2024-07-11,Hogar,Sofa,1,35661,6951
7480,158,2023-05-05,Tecnologia,Notebook,3,265185,85641
7481,1473,2023-10-08,Vestuario,Pantalon,2,96444,20360
7482,300,2024-09-04,Vestuario,Polera,3,41031,14526
7483,1281,2023-10-26,Electrodomesticos,Aspiradora,2,293736,59502
7484,598,2024-05-30,Hogar,Silla,3,490257,132450
7485,1260,2024-11-24,Deportes,Bicicleta,1,96817,17817
7486,724,2023-01-05,Electrodomesticos,Lavadora,1,26766,10113
7487,716,2024-03-15,Tecnologia,Notebook,3,311241,71192
7488,1378,2023-11-27,Hogar,Sofa,1,49770,10929
7489,1050,2023-12-08,Tecnologia,Monitor,1,60834,14179
7490,552,2024-05-27,Deportes,Pesas,4,444716,128156
7491,575,2023-06-17,Vestuario,Polera,2,222324,77001
7492,690,2024-05-03,Tecnologia,Tablet,1,63050,16574
7493,609,2023-10-28,Hogar,Silla,2,171894,33067
7494,579,2023-11-18,Vestuario,Chaqueta,4,511448,192963
7495,932,2023-05-10,Deportes,Balon,1,97564,31325
7496,641,2023-09-04,Vestuario,Chaqueta,3,406257,146600
7497,517,2024-05-06,Tecnologia,Monitor,1,101478,25004
7498,199,2024-02-04,Tecnologia,Notebook,2,147542,43280
7499,1279,2023-05-05,Tecnologia,Monitor,2,199322,70164
7500,1393,2023-08-22,Electrodomesticos,Microondas,1,145668,45897
7501,955,2024-11-30,Hogar,Sofa,2,59574,11149
7502,1402,2024-04-21,Deportes,Balon,1,40774,13801
7503,1150,2024-03-28,Vestuario,Zapatillas,1,55777,11222
7504,1334,2023-01-02,Tecnologia,Tablet,2,242746,71487
7505,1431,2024-08-11,Electrodomesticos,Microondas,3,289110,93107
7506,1321,2024-06-20,Hogar,Lampara,1,183216,51551
7507,1235,2024-07-20,Deportes,Pesas,3,389031,123527
7508,1034,2024-11-08,Vestuario,Chaqueta,1,126682,42322
7509,1185,2023-08-24,Hogar,Sofa,5,590150,149873
7510,872,2024-07-17,Tecnologia,Tablet,1,125609,41681
7511,37,2023-01-11,Vestuario,Chaqueta,1,67722,12947
7512,93,2023-03-13,Vestuario,Chaqueta,1,60133,18359
7513,1042,2024-04-25,Vestuario,Zapatillas,3,243549,65443
7514,1081,2024-12-09,Hogar,Lampara,2,100092,31616
7515,472,2023-12-04,Tecnologia,Notebook,1,33098,8899
7516,1217,2024-07-29,Electrodomesticos,Aspiradora,1,142714,34172
7517,647,2024-08-21,Deportes,Raqueta,6,778416,263935
7518,1014,2023-01-05,Hogar,Lampara,1,86725,21911
7519,238,2023-08-31,Hogar,Mesa,1,119589,23640
7520,1106,2023-09-21,Hogar,Lampara,1,44584,10292
7521,55,2023-11-24,Tecnologia,Monitor,1,100939,19371
7522,682,2024-04-06,Hogar,Sofa,2,94552,20981
7523,1021,2023-05-06,Hogar,Lampara,3,302775,67832
7524,600,2023-12-05,Deportes,Raqueta,3,83058,16309
7525,161,2023-01-18,Vestuario,Chaqueta,3,339393,86240
7526,803,2023-11-19,Deportes,Balon,3,287358,92649
7527,114,2024-07-09,Tecnologia,Notebook,3,175686,33588
7528,372,2024-06-22,Vestuario,Zapatillas,3,200634,54141
7529,776,2024-03-18,Electrodomesticos,Aspiradora,3,392535,144405
7530,1223,2023-03-31,Electrodomesticos,Aspiradora,2,257308,59998
7531,44,2024-06-26,Electrodomesticos,Aspiradora,2,206328,58140
7532,1044,2023-01-14,Vestuario,Pantalon,1,106978,34936
7533,524,2023-03-05,Hogar,Silla,1,115965,26103
7534,704,2023-07-25,Deportes,Balon,5,560020,139775
7535,1014,2024-06-09,Hogar,Silla,2,146810,54302
7536,846,2024-05-16,Vestuario,Polera,1,155391,47682
7537,20,2024-04-20,Hogar,Mesa,3,584493,122435
7538,730,2023-08-12,Hogar,Sofa,1,70500,20215
7539,509,2023-08-14,Hogar,Silla,5,507695,161143
7540,992,2023-08-15,Vestuario,Pantalon,1,87047,24967
7541,150,2024-04-03,Deportes,Bicicleta,6,455538,105100
7542,753,2024-04-16,Vestuario,Zapatillas,1,116406,30249
7543,1213,2024-01-11,Deportes,Raqueta,2,232030,81800
7544,1379,2024-05-23,Vestuario,Chaqueta,3,251163,68460
7545,1401,2023-06-23,Tecnologia,Notebook,1,77841,27289
7546,837,2023-09-01,Vestuario,Polera,1,95110,17624
7547,333,2024-12-03,Deportes,Raqueta,6,389700,70649
7548,735,2023-04-20,Deportes,Balon,4,374636,77381
7549,1439,2024-09-06,Electrodomesticos,Aspiradora,2,179666,63586
7550,474,2024-01-17,Hogar,Mesa,1,117947,44660
7551,110,2024-10-28,Tecnologia,Notebook,2,142576,32366
7552,643,2024-10-16,Vestuario,Chaqueta,3,291522,57894
7553,1018,2023-10-30,Deportes,Balon,1,138224,51793
7554,422,2024-02-01,Hogar,Silla,2,136310,28349
7555,1500,2024-08-18,Vestuario,Zapatillas,1,41046,12412
7556,157,2023-12-02,Hogar,Lampara,1,90649,28604
7557,826,2024-04-16,Tecnologia,Smartphone,4,460600,167347
7558,877,2024-11-22,Deportes,Raqueta,1,118670,24878
7559,506,2024-06-03,Hogar,Mesa,5,730385,166295
7560,300,2024-05-22,Electrodomesticos,Aspiradora,1,5000,1055
7561,844,2024-06-14,Tecnologia,Monitor,2,31792,5883
7562,405,2024-12-06,Deportes,Raqueta,4,458628,174107
7563,289,2024-03-02,Tecnologia,Monitor,2,262284,68061
7564,1019,2024-11-19,Deportes,Pesas,1,105947,29523
7565,631,2023-05-31,Tecnologia,Monitor,3,448875,170295
7566,1159,2024-09-18,Deportes,Pesas,2,193074,50950
7567,1112,2023-12-02,Hogar,Sofa,1,93089,34744
7568,515,2024-10-23,Vestuario,Pantalon,4,546452,176860
7569,363,2024-11-24,Electrodomesticos,Microondas,2,234194,44026
7570,1158,2023-03-19,Vestuario,Zapatillas,1,88713,29579
7571,1319,2023-07-31,Hogar,Silla,2,10000,2608
7572,804,2023-04-29,Electrodomesticos,Aspiradora,5,1043290,358651
7573,582,2023-06-29,Hogar,Lampara,2,302558,61906
7574,1234,2024-05-29,Deportes,Balon,1,37261,13663
7575,1142,2024-01-22,Electrodomesticos,Aspiradora,1,100771,25112
7576,815,2023-11-10,Electrodomesticos,Refrigerador,1,63209,18672
7577,333,2023-07-29,Deportes,Pesas,2,72552,19128
7578,1447,2024-08-29,Tecnologia,Smartphone,1,66696,12724
7579,786,2023-04-11,Tecnologia,Notebook,1,89604,24916
7580,138,2023-07-12,Vestuario,Zapatillas,2,79248,17811
7581,1046,2023-10-21,Deportes,Pesas,3,287916,99316
7582,922,2024-07-18,Hogar,Mesa,1,53750,9710
7583,625,2023-03-25,Vestuario,Pantalon,2,259776,70482
7584,789,2024-02-09,Deportes,Pesas,1,86705,22324
7585,781,2024-08-11,Electrodomesticos,Lavadora,3,33924,7165
7586,1025,2024-05-30,Deportes,Raqueta,6,707016,245868
7587,681,2024-08-06,Hogar,Lampara,3,241293,44715
7588,1365,2023-09-06,Tecnologia,Tablet,1,108913,20694
7589,688,2023-12-10,Tecnologia,Tablet,3,294981,100604
7590,965,2023-11-26,Hogar,Sofa,2,196494,46670
7591,642,2023-10-27,Hogar,Mesa,2,213136,50065
7592,1469,2023-10-23,Deportes,Raqueta,1,76159,19811
7593,739,2024-09-29,Vestuario,Zapatillas,1,47974,12223
7594,530,2024-01-13,Vestuario,Polera,2,324164,115782
7595,1235,2024-08-05,Electrodomesticos,Aspiradora,1,52189,15376
7596,1343,2023-01-13,Electrodomesticos,Microondas,2,206458,68147
7597,730,2023-12-11,Tecnologia,Notebook,4,407684,92065
7598,1259,2023-11-20,Electrodomesticos,Aspiradora,3,251460,65661
7599,795,2023-12-13,Hogar,Mesa,1,46106,13624
7600,933,2024-05-04,Electrodomesticos,Lavadora,8,789424,166892
7601,1033,2023-09-14,Electrodomesticos,Refrigerador,2,209858,52352
7602,301,2023-03-02,Electrodomesticos,Lavadora,4,531220,198869
7603,361,2023-02-11,Hogar,Mesa,2,169594,59849
7604,601,2024-06-09,Tecnologia,Notebook,2,144876,27805
7605,860,2023-04-10,Electrodomesticos,Refrigerador,1,94677,18710
7606,1101,2023-03-16,Hogar,Silla,1,36683,9131
7607,1305,2023-08-24,Electrodomesticos,Microondas,2,117970,35415
7608,282,2023-09-02,Electrodomesticos,Microondas,2,104158,29560
7609,188,2024-05-04,Deportes,Pesas,1,108060,37265
7610,1378,2023-12-23,Vestuario,Pantalon,1,37481,9766
7611,798,2023-04-24,Tecnologia,Smartphone,1,24668,5016
7612,1322,2023-06-11,Vestuario,Zapatillas,4,80708,25786
7613,471,2024-11-05,Vestuario,Pantalon,1,138446,49857
7614,1130,2023-07-20,Electrodomesticos,Refrigerador,1,101136,24421
7615,1336,2023-03-07,Tecnologia,Notebook,3,363099,87197
7616,1439,2023-10-04,Tecnologia,Notebook,1,117413,27266
7617,1048,2024-04-24,Vestuario,Pantalon,2,71028,23852
7618,510,2024-10-07,Deportes,Raqueta,1,115062,37832
7619,1239,2023-06-15,Tecnologia,Tablet,4,253436,54337
7620,396,2024-01-04,Hogar,Silla,1,136547,35975
7621,1398,2024-08-02,Deportes,Bicicleta,1,50208,15952
7622,26,2024-08-10,Hogar,Lampara,1,60363,11199
7623,1084,2024-05-19,Vestuario,Polera,3,357504,128576
7624,100,2024-04-02,Electrodomesticos,Aspiradora,2,170216,58133
7625,1267,2023-07-03,Electrodomesticos,Lavadora,3,352572,102376
7626,1294,2023-03-20,Tecnologia,Tablet,1,83889,21989
7627,359,2024-08-30,Deportes,Raqueta,1,97611,23604
7628,1158,2023-04-18,Vestuario,Zapatillas,3,238428,90073
7629,1453,2023-12-18,Tecnologia,Notebook,2,266122,52012
7630,1384,2023-08-06,Hogar,Mesa,1,154448,35977
7631,1005,2024-04-25,Electrodomesticos,Lavadora,1,172814,32027
7632,180,2024-06-10,Deportes,Bicicleta,3,180339,38753
7633,671,2024-08-09,Hogar,Sofa,2,164606,53875
7634,80,2023-06-16,Tecnologia,Smartphone,1,168780,42703
7635,1290,2023-10-11,Tecnologia,Monitor,1,156424,36479
7636,902,2024-03-31,Deportes,Raqueta,3,326517,113893
7637,1230,2023-12-10,Vestuario,Chaqueta,4,402652,142411
7638,901,2023-10-16,Electrodomesticos,Lavadora,4,139676,46206
7639,707,2023-04-19,Deportes,Raqueta,1,45101,10449
7640,640,2023-04-23,Vestuario,Pantalon,1,106436,33798
7641,886,2023-12-13,Tecnologia,Tablet,5,452240,135046
7642,87,2024-07-13,Electrodomesticos,Lavadora,6,539670,172391
7643,431,2023-09-15,Vestuario,Zapatillas,1,128078,28675
7644,640,2023-02-10,Deportes,Raqueta,1,102204,32023
7645,668,2024-03-06,Tecnologia,Notebook,1,38674,12988
7646,748,2023-09-19,Electrodomesticos,Lavadora,2,166876,55443
7647,1177,2024-03-30,Deportes,Pesas,3,247944,72077
7648,1288,2023-05-25,Tecnologia,Smartphone,2,149984,29931
7649,535,2024-06-30,Tecnologia,Tablet,3,78246,20341
7650,675,2023-03-15,Tecnologia,Tablet,3,221454,67693
7651,2,2023-06-13,Hogar,Lampara,3,325479,119330
7652,428,2023-10-09,Tecnologia,Smartphone,1,76880,28825
7653,296,2023-12-25,Deportes,Bicicleta,3,103137,35243
7654,173,2023-08-27,Hogar,Silla,2,292010,52634
7655,1396,2023-02-23,Vestuario,Pantalon,1,145607,48569
7656,1188,2023-04-25,Deportes,Balon,1,73811,22829
7657,1394,2023-10-07,Tecnologia,Notebook,2,231636,63023
7658,932,2023-10-20,Vestuario,Polera,1,105836,29420
7659,562,2023-01-05,Electrodomesticos,Microondas,1,64433,17658
7660,1235,2024-02-11,Hogar,Mesa,2,79202,16206
7661,942,2023-01-20,Deportes,Bicicleta,1,105413,28072
7662,385,2024-08-30,Tecnologia,Monitor,1,103380,24566
7663,445,2024-06-22,Deportes,Pesas,1,120768,31419
7664,654,2023-02-06,Vestuario,Polera,1,124822,30467
7665,892,2023-12-14,Hogar,Sofa,3,268842,64941
7666,419,2024-09-11,Vestuario,Zapatillas,4,195752,48670
7667,1077,2024-11-22,Hogar,Sofa,1,122534,46528
7668,1201,2023-10-15,Deportes,Pesas,2,403504,133595
7669,269,2024-07-01,Tecnologia,Notebook,1,48406,17277
7670,909,2023-10-27,Electrodomesticos,Refrigerador,1,113620,38458
7671,638,2023-12-25,Tecnologia,Smartphone,4,579464,132298
7672,331,2024-03-14,Tecnologia,Smartphone,1,41389,9195
7673,314,2023-02-04,Vestuario,Chaqueta,2,249124,64219
7674,483,2023-01-26,Deportes,Balon,3,344550,67938
7675,151,2024-06-23,Deportes,Balon,2,220052,83214
7676,1159,2024-11-22,Vestuario,Zapatillas,3,340227,63393
7677,632,2023-11-21,Electrodomesticos,Lavadora,1,71994,16667
7678,854,2023-12-17,Hogar,Mesa,1,32684,8606
7679,1137,2024-11-30,Electrodomesticos,Lavadora,2,186760,55096
7680,1198,2024-03-01,Deportes,Pesas,4,113108,39605
7681,1470,2023-03-03,Electrodomesticos,Aspiradora,1,66302,20058
7682,156,2023-04-26,Electrodomesticos,Refrigerador,2,206538,74732
7683,234,2023-09-22,Hogar,Sofa,5,218750,42596
7684,1242,2024-06-02,Vestuario,Polera,3,218556,66998
7685,1324,2024-02-19,Deportes,Raqueta,1,170012,38224
7686,173,2024-04-11,Vestuario,Zapatillas,1,64833,18369
7687,455,2023-10-08,Hogar,Mesa,1,71629,24097
7688,1408,2023-07-20,Tecnologia,Monitor,6,385176,88167
7689,1030,2024-07-11,Hogar,Silla,1,85412,24618
7690,690,2023-03-24,Tecnologia,Tablet,3,224496,46910
7691,1119,2023-07-05,Tecnologia,Notebook,1,90470,34213
7692,71,2023-05-21,Tecnologia,Monitor,1,112342,30541
7693,1014,2024-01-21,Hogar,Silla,2,304014,78083
7694,625,2024-02-14,Tecnologia,Tablet,2,203790,74501
7695,1027,2023-06-30,Vestuario,Zapatillas,3,239130,50586
7696,715,2024-04-24,Deportes,Balon,3,292422,102501
7697,759,2023-02-21,Deportes,Pesas,3,320661,68569
7698,910,2023-01-06,Electrodomesticos,Lavadora,2,171220,60161
7699,851,2023-10-09,Vestuario,Polera,1,61947,20903
7700,783,2024-08-22,Hogar,Mesa,3,256833,46373
7701,464,2023-11-23,Hogar,Lampara,1,119762,45089
7702,252,2023-12-23,Electrodomesticos,Aspiradora,1,91693,20027
7703,593,2024-06-20,Hogar,Silla,2,133200,48465
7704,1178,2024-11-08,Tecnologia,Smartphone,3,328443,99978
7705,1008,2024-10-26,Hogar,Sofa,1,95684,35336
7706,261,2023-11-20,Electrodomesticos,Microondas,1,122649,40842
7707,1187,2024-04-24,Vestuario,Zapatillas,3,338352,113048
7708,10,2024-09-20,Electrodomesticos,Lavadora,1,37738,8690
7709,1310,2023-02-19,Hogar,Mesa,2,175894,55334
7710,991,2024-08-13,Deportes,Balon,1,29018,5611
7711,423,2024-10-09,Tecnologia,Smartphone,4,415528,92448
7712,122,2023-01-25,Vestuario,Zapatillas,1,5000,1319
7713,402,2024-10-01,Tecnologia,Monitor,3,489741,130167
7714,462,2023-01-17,Hogar,Lampara,3,366342,71612
7715,784,2024-09-07,Deportes,Raqueta,1,166545,59923
7716,383,2023-12-22,Hogar,Lampara,4,254736,93316
7717,996,2023-08-28,Electrodomesticos,Microondas,1,19326,6369
7718,429,2023-07-06,Electrodomesticos,Microondas,1,37851,11573
7719,1134,2024-01-03,Deportes,Balon,5,261685,80579
7720,326,2023-11-20,Vestuario,Polera,2,49606,16320
7721,1046,2024-12-21,Tecnologia,Monitor,1,76847,16015
7722,1232,2023-07-02,Deportes,Balon,1,152450,55721
7723,728,2024-03-11,Vestuario,Polera,3,169722,61119
7724,791,2023-12-26,Tecnologia,Tablet,2,170538,56679
7725,412,2023-03-21,Deportes,Pesas,2,28952,7529
7726,1309,2023-01-17,Vestuario,Chaqueta,1,79817,24469
7727,576,2024-06-10,Hogar,Mesa,3,260325,84186
7728,1226,2024-04-21,Deportes,Pesas,4,378372,71810
7729,604,2024-08-16,Tecnologia,Monitor,5,578685,154995
7730,589,2023-02-14,Tecnologia,Monitor,1,94561,31583
7731,850,2023-05-12,Tecnologia,Tablet,3,231354,81183
7732,645,2023-01-04,Electrodomesticos,Lavadora,1,56479,13201
7733,1351,2023-06-24,Electrodomesticos,Lavadora,2,132788,46342
7734,1114,2023-06-01,Hogar,Lampara,2,232198,86721
7735,1409,2024-07-24,Hogar,Sofa,4,466148,90238
7736,188,2024-03-02,Electrodomesticos,Lavadora,4,490664,126623
7737,533,2024-05-09,Deportes,Bicicleta,3,134517,42882
7738,666,2023-02-16,Deportes,Raqueta,2,139512,45856
7739,1250,2024-05-05,Electrodomesticos,Microondas,1,55886,21026
7740,722,2023-01-06,Deportes,Balon,1,111154,41203
7741,245,2024-12-22,Hogar,Sofa,1,80967,17658
7742,533,2024-01-28,Hogar,Mesa,5,369005,108314
7743,519,2023-05-01,Tecnologia,Smartphone,3,249057,89243
7744,921,2024-04-13,Electrodomesticos,Aspiradora,3,217866,49335
7745,1225,2024-03-30,Tecnologia,Notebook,1,164648,43481
7746,734,2024-09-09,Vestuario,Chaqueta,4,232596,61657
7747,1158,2024-03-19,Hogar,Mesa,1,38688,13366
7748,1140,2024-10-01,Electrodomesticos,Refrigerador,1,15566,5425
7749,710,2024-03-27,Electrodomesticos,Lavadora,1,119848,28630
7750,392,2023-04-16,Electrodomesticos,Aspiradora,3,255852,89637
7751,1267,2023-05-21,Tecnologia,Monitor,2,206068,66087
7752,408,2024-02-29,Vestuario,Zapatillas,2,122868,39438
7753,957,2023-12-29,Vestuario,Pantalon,3,348030,109943
7754,989,2024-10-24,Deportes,Balon,2,64088,22972
7755,160,2023-12-29,Hogar,Lampara,3,399564,89756
7756,761,2023-05-13,Electrodomesticos,Aspiradora,1,133659,31063
7757,706,2024-12-14,Hogar,Silla,1,121760,33355
7758,398,2023-07-11,Hogar,Silla,2,217988,78196
7759,847,2024-02-03,Tecnologia,Notebook,1,66855,23048
7760,1317,2024-07-03,Deportes,Pesas,2,198354,62784
7761,232,2023-10-28,Electrodomesticos,Microondas,2,224032,75255
7762,1099,2023-09-06,Tecnologia,Monitor,4,333864,99174
7763,1430,2023-09-23,Deportes,Balon,3,15000,5271
7764,907,2023-02-23,Tecnologia,Tablet,3,102747,25088
7765,358,2023-01-09,Deportes,Balon,2,157188,42797
7766,1306,2024-09-14,Deportes,Bicicleta,1,29453,5460
7767,1168,2023-06-17,Deportes,Balon,3,596517,123503
7768,553,2024-07-12,Deportes,Balon,4,532356,175128
7769,547,2023-02-28,Electrodomesticos,Microondas,2,111512,38389
7770,1393,2024-02-20,Hogar,Sofa,3,346248,79329
7771,231,2023-10-20,Hogar,Lampara,1,138783,41257
7772,833,2024-07-03,Deportes,Pesas,3,275328,95731
7773,824,2024-01-30,Hogar,Sofa,1,64514,17260
7774,271,2024-01-16,Vestuario,Pantalon,5,171575,58710
7775,159,2023-07-13,Electrodomesticos,Aspiradora,2,171646,40541
7776,365,2023-05-28,Tecnologia,Smartphone,1,115204,33341
7777,1220,2023-02-27,Deportes,Pesas,1,108619,31376
7778,422,2024-09-29,Electrodomesticos,Refrigerador,3,372540,69021
7779,1453,2023-05-20,Vestuario,Chaqueta,2,75538,15057
7780,545,2023-04-27,Deportes,Raqueta,1,82127,27308
7781,1377,2023-09-14,Hogar,Silla,3,258012,55375
7782,132,2024-08-17,Hogar,Lampara,2,132350,35708
7783,299,2023-07-30,Electrodomesticos,Aspiradora,1,75705,15216
7784,765,2023-11-29,Electrodomesticos,Microondas,2,305328,65096
7785,214,2023-08-20,Vestuario,Pantalon,3,191496,67724
7786,1111,2023-09-03,Hogar,Silla,1,72158,16322
7787,412,2024-08-27,Hogar,Mesa,4,562020,153841
7788,25,2024-04-18,Vestuario,Chaqueta,2,230390,45466
7789,98,2023-04-08,Deportes,Raqueta,1,117101,35407
7790,1079,2024-06-15,Deportes,Balon,2,161628,60729
7791,275,2024-04-24,Vestuario,Polera,4,366520,101709
7792,241,2024-02-08,Vestuario,Zapatillas,3,171978,42198
7793,32,2024-01-30,Vestuario,Zapatillas,1,39728,10360
7794,1086,2024-04-03,Tecnologia,Notebook,3,227946,62525
7795,8,2023-07-13,Hogar,Mesa,2,256536,96331
7796,923,2023-05-17,Tecnologia,Tablet,3,405303,128610
7797,914,2024-11-28,Tecnologia,Tablet,3,285255,76265
7798,446,2024-01-02,Hogar,Mesa,1,65347,24591
7799,1010,2024-06-04,Deportes,Pesas,4,634316,236652
7800,1174,2024-04-06,Deportes,Balon,1,57352,11659
7801,875,2023-07-06,Electrodomesticos,Lavadora,3,281022,87915
7802,79,2024-03-29,Hogar,Silla,2,207094,59166
7803,457,2023-09-08,Hogar,Silla,2,196768,68212
7804,104,2024-12-03,Electrodomesticos,Aspiradora,3,365982,72327
7805,293,2024-08-31,Tecnologia,Smartphone,2,131276,41466
7806,565,2024-03-09,Hogar,Lampara,1,144710,51376
7807,16,2024-10-05,Tecnologia,Monitor,2,133454,24308
7808,927,2023-08-17,Hogar,Mesa,2,10000,2999
7809,860,2023-10-21,Tecnologia,Tablet,3,232527,78040
7810,1050,2023-08-29,Electrodomesticos,Refrigerador,1,120036,26656
7811,500,2023-01-31,Electrodomesticos,Refrigerador,1,44273,11077
7812,1003,2023-11-07,Electrodomesticos,Refrigerador,3,357513,109340
7813,696,2023-09-11,Tecnologia,Monitor,3,266004,84897
7814,701,2024-01-24,Deportes,Raqueta,1,78554,16726
7815,620,2023-11-30,Deportes,Pesas,1,95510,28045
7816,223,2024-02-11,Tecnologia,Smartphone,3,23796,8296
7817,980,2023-11-02,Hogar,Sofa,1,31162,11840
7818,898,2024-03-02,Electrodomesticos,Lavadora,1,100005,35717
7819,285,2024-01-05,Vestuario,Polera,2,230226,61796
7820,809,2023-12-30,Deportes,Balon,3,205527,43985
7821,1251,2024-10-20,Hogar,Silla,3,200502,73012
7822,754,2023-03-02,Hogar,Silla,2,393594,104668
7823,302,2024-01-28,Electrodomesticos,Aspiradora,2,192884,62054
7824,1023,2024-10-27,Deportes,Balon,2,102168,22784
7825,1264,2023-02-16,Electrodomesticos,Microondas,2,238144,66976
7826,705,2023-10-07,Electrodomesticos,Microondas,4,637832,220283
7827,436,2023-08-08,Tecnologia,Tablet,1,142936,39133
7828,1399,2023-02-02,Electrodomesticos,Refrigerador,3,335889,88769
7829,885,2024-07-19,Electrodomesticos,Lavadora,4,286372,63503
7830,318,2024-04-04,Hogar,Mesa,3,306999,56479
7831,1383,2023-07-29,Deportes,Pesas,2,100982,23971
7832,1170,2024-09-19,Vestuario,Polera,4,407804,118970
7833,386,2023-03-14,Tecnologia,Smartphone,1,97280,19746
7834,1024,2023-08-26,Hogar,Mesa,1,114568,33269
7835,1324,2023-03-31,Electrodomesticos,Refrigerador,4,216156,75379
7836,1169,2023-05-14,Deportes,Raqueta,2,219994,47731
7837,1380,2024-08-05,Vestuario,Polera,1,112732,20532
7838,675,2023-03-15,Deportes,Balon,3,465816,108124
7839,902,2023-06-18,Tecnologia,Monitor,3,169242,43697
7840,645,2023-07-27,Tecnologia,Smartphone,1,5000,1099
7841,781,2024-12-09,Tecnologia,Monitor,2,297040,101457
7842,607,2024-09-20,Tecnologia,Notebook,2,183308,37408
7843,1164,2024-01-03,Vestuario,Pantalon,1,29845,9195
7844,1183,2023-11-21,Tecnologia,Notebook,2,248674,61933
7845,641,2023-07-20,Vestuario,Zapatillas,1,5000,1406
7846,202,2023-07-20,Tecnologia,Tablet,1,115499,42075
7847,305,2024-12-15,Electrodomesticos,Refrigerador,3,364623,138393
7848,1187,2023-07-26,Deportes,Raqueta,1,120391,45425
7849,661,2023-03-14,Tecnologia,Notebook,1,87318,32002
7850,949,2024-10-13,Deportes,Bicicleta,1,38884,8887
7851,1448,2023-07-22,Deportes,Bicicleta,3,259821,81141
7852,1225,2024-07-24,Electrodomesticos,Lavadora,2,119840,36666
7853,1011,2023-02-02,Deportes,Raqueta,4,402652,77002
7854,1001,2023-01-04,Hogar,Lampara,3,133494,34374
7855,14,2023-09-06,Vestuario,Chaqueta,3,323133,61144
7856,856,2023-12-12,Tecnologia,Tablet,1,97298,19711
7857,1238,2023-07-04,Hogar,Silla,4,197480,35702
7858,1320,2024-06-20,Tecnologia,Tablet,2,147748,53169
7859,387,2023-09-08,Electrodomesticos,Aspiradora,3,227193,40962
7860,1345,2024-10-24,Electrodomesticos,Aspiradora,3,370761,82393
7861,562,2024-12-08,Vestuario,Polera,4,212440,39154
7862,177,2023-07-16,Hogar,Sofa,3,280173,95156
7863,400,2024-02-12,Electrodomesticos,Aspiradora,1,81653,20955
7864,1380,2024-08-23,Tecnologia,Monitor,3,333939,97217
7865,782,2023-08-05,Tecnologia,Notebook,1,169121,34935
7866,550,2024-12-14,Hogar,Sofa,1,89433,33535
7867,1295,2023-05-26,Tecnologia,Tablet,1,58335,10753
7868,607,2023-04-11,Tecnologia,Tablet,5,793425,209574
7869,629,2024-03-15,Hogar,Lampara,1,80490,30043
7870,572,2024-10-13,Vestuario,Chaqueta,2,151356,39617
7871,923,2023-06-01,Tecnologia,Notebook,4,372348,137381
7872,920,2023-07-03,Deportes,Bicicleta,2,158650,42215
7873,1129,2023-08-17,Electrodomesticos,Lavadora,1,65720,17946
7874,329,2024-05-01,Hogar,Mesa,2,202548,39308
7875,938,2023-12-07,Hogar,Silla,2,127024,25932
7876,753,2024-03-05,Hogar,Lampara,1,5000,979
7877,428,2023-01-10,Deportes,Balon,1,97834,28288
7878,120,2024-01-06,Electrodomesticos,Aspiradora,2,162282,34605
7879,582,2023-08-30,Electrodomesticos,Lavadora,1,104523,39053
7880,33,2024-04-08,Tecnologia,Notebook,3,15000,3845
7881,566,2024-03-07,Vestuario,Polera,4,502752,99863
7882,1373,2024-05-05,Deportes,Bicicleta,4,264700,59521
7883,1458,2023-07-09,Vestuario,Zapatillas,1,118977,25212
7884,1079,2024-05-13,Hogar,Silla,5,222430,46972
7885,1074,2024-07-11,Tecnologia,Monitor,1,87471,31818
7886,612,2023-07-26,Deportes,Raqueta,3,323325,81381
7887,414,2023-12-21,Electrodomesticos,Refrigerador,2,149860,33450
7888,1134,2023-11-22,Vestuario,Polera,1,84709,25212
7889,517,2023-12-12,Deportes,Pesas,2,99290,21279
7890,626,2023-03-28,Hogar,Mesa,3,53322,17480
7891,1166,2024-12-30,Hogar,Mesa,1,70374,25245
7892,1267,2023-03-02,Deportes,Raqueta,1,54550,15857
7893,773,2024-08-07,Vestuario,Polera,2,99456,24091
7894,1097,2024-09-17,Hogar,Sofa,4,132428,48505
7895,658,2024-12-30,Hogar,Silla,4,338264,82971
7896,1387,2024-01-16,Tecnologia,Monitor,2,210438,43516
7897,629,2024-08-17,Deportes,Bicicleta,1,80376,24763
7898,1156,2023-09-26,Vestuario,Polera,1,153283,54693
7899,477,2023-03-01,Deportes,Balon,3,281556,103553
7900,1345,2024-01-18,Electrodomesticos,Aspiradora,1,52275,17772
7901,385,2024-01-04,Electrodomesticos,Refrigerador,4,362904,125411
7902,1160,2024-06-13,Hogar,Mesa,1,109718,27681
7903,903,2023-11-29,Deportes,Bicicleta,1,78337,15513
7904,1167,2024-03-17,Vestuario,Pantalon,2,186094,42585
7905,1074,2023-11-03,Vestuario,Pantalon,1,140831,25460
7906,50,2024-05-07,Electrodomesticos,Aspiradora,2,180750,48193
7907,1465,2024-07-22,Deportes,Raqueta,4,209688,38415
7908,1094,2024-08-26,Tecnologia,Monitor,2,125646,32228
7909,1017,2023-02-03,Tecnologia,Notebook,2,70136,19926
7910,672,2024-03-29,Electrodomesticos,Lavadora,3,269232,66651
7911,1353,2023-06-21,Electrodomesticos,Microondas,1,129897,26696
7912,473,2024-03-31,Vestuario,Chaqueta,3,399363,75461
7913,1329,2024-12-06,Deportes,Balon,1,123900,46873
7914,1186,2024-04-12,Hogar,Lampara,3,304092,97555
7915,1479,2023-01-12,Tecnologia,Monitor,1,109388,35529
7916,420,2023-04-07,Deportes,Balon,1,93766,33381
7917,472,2024-12-05,Vestuario,Pantalon,2,149410,38983
7918,603,2024-11-16,Deportes,Bicicleta,3,272658,50442
7919,594,2023-10-10,Vestuario,Chaqueta,1,111272,26218
7920,665,2023-01-30,Vestuario,Pantalon,1,63122,19211
7921,798,2024-10-28,Deportes,Balon,1,113661,36072
7922,178,2023-07-10,Tecnologia,Monitor,1,46151,10403
7923,486,2023-10-16,Electrodomesticos,Refrigerador,2,74046,25213
7924,1213,2023-02-09,Hogar,Silla,3,431658,111030
7925,1411,2024-03-21,Deportes,Balon,3,164418,45949
7926,1192,2024-11-17,Tecnologia,Tablet,1,115372,21765
7927,1483,2023-04-01,Tecnologia,Smartphone,1,84800,30264
7928,1063,2024-07-24,Tecnologia,Monitor,1,82198,25201
7929,731,2024-02-03,Electrodomesticos,Lavadora,1,23724,5274
7930,472,2024-12-19,Tecnologia,Monitor,2,184852,47743
7931,569,2024-01-03,Vestuario,Polera,2,202594,63061
7932,696,2023-07-05,Deportes,Pesas,2,252094,50717
7933,1040,2024-12-31,Vestuario,Zapatillas,1,36590,10987
7934,6,2024-09-12,Electrodomesticos,Microondas,2,104274,18906
7935,597,2023-08-08,Tecnologia,Notebook,1,99377,27068
7936,144,2024-11-27,Vestuario,Polera,1,85599,17066
7937,157,2023-08-20,Tecnologia,Tablet,4,539984,112909
7938,289,2024-08-07,Hogar,Lampara,1,58820,15657
7939,737,2024-01-23,Tecnologia,Notebook,1,51664,19156
7940,240,2023-07-23,Hogar,Silla,4,365684,100705
7941,345,2023-01-26,Tecnologia,Tablet,3,427524,85281
7942,786,2023-01-23,Tecnologia,Tablet,4,470112,164897
7943,1225,2024-02-02,Vestuario,Chaqueta,3,257388,52534
7944,639,2023-04-07,Deportes,Raqueta,1,55742,15684
7945,433,2023-09-17,Electrodomesticos,Aspiradora,3,207990,67233
7946,1330,2024-04-18,Electrodomesticos,Microondas,1,53858,16656
7947,955,2023-12-21,Deportes,Pesas,1,130139,37912
7948,635,2023-11-23,Deportes,Bicicleta,1,129641,42540
7949,822,2024-04-20,Hogar,Sofa,2,157506,37466
7950,176,2024-01-13,Vestuario,Chaqueta,4,736280,174053
7951,263,2024-08-07,Vestuario,Zapatillas,1,87259,20126
7952,1224,2024-11-15,Tecnologia,Monitor,2,167978,30358
7953,1234,2024-03-03,Deportes,Pesas,2,152066,45716
7954,458,2024-08-30,Hogar,Mesa,2,159562,37997
7955,47,2024-07-07,Tecnologia,Tablet,3,346611,104765
7956,698,2024-10-23,Vestuario,Zapatillas,1,134484,49910
7957,641,2024-10-05,Hogar,Sofa,1,5000,1660
7958,1008,2024-03-15,Deportes,Raqueta,1,8566,2463
7959,1381,2024-08-11,Electrodomesticos,Lavadora,4,20000,7421
7960,21,2024-09-07,Electrodomesticos,Lavadora,2,88262,32571
7961,485,2024-10-28,Hogar,Mesa,1,87511,18008
7962,516,2024-09-21,Tecnologia,Tablet,1,76314,15745
7963,1068,2024-01-15,Vestuario,Chaqueta,4,163720,56616
7964,529,2024-08-18,Deportes,Raqueta,3,377931,140013
7965,724,2023-10-23,Electrodomesticos,Lavadora,2,189490,44839
7966,72,2023-09-10,Deportes,Pesas,3,454950,92472
7967,516,2024-01-21,Electrodomesticos,Refrigerador,1,83819,27287
7968,1070,2024-05-22,Deportes,Raqueta,1,88294,33275
7969,64,2024-10-13,Hogar,Mesa,1,82570,24865
7970,717,2024-04-16,Tecnologia,Notebook,1,126637,45304
7971,882,2024-06-03,Hogar,Silla,1,92354,26203
7972,907,2023-09-19,Electrodomesticos,Microondas,4,213852,57525
7973,78,2023-07-06,Vestuario,Zapatillas,1,156225,34829
7974,949,2024-01-12,Deportes,Pesas,3,235428,58678
7975,339,2024-02-22,Vestuario,Chaqueta,3,73899,17895
7976,1297,2023-10-12,Hogar,Sofa,1,131036,25896
7977,796,2024-02-14,Tecnologia,Smartphone,1,56256,19457
7978,45,2024-02-23,Hogar,Mesa,2,219224,70256
7979,134,2023-11-04,Deportes,Bicicleta,3,192759,50214
7980,156,2024-05-13,Deportes,Bicicleta,2,168334,33805
7981,509,2023-04-13,Vestuario,Chaqueta,2,207854,78863
7982,602,2023-09-05,Hogar,Silla,2,127468,32195
7983,82,2024-04-12,Vestuario,Chaqueta,7,742560,156426
7984,1058,2023-07-13,Tecnologia,Smartphone,1,95409,22713
7985,91,2024-07-13,Deportes,Balon,1,97288,34001
7986,170,2024-02-02,Hogar,Silla,2,258984,71246
7987,1284,2024-02-15,Hogar,Lampara,1,161555,40943
7988,477,2024-03-06,Tecnologia,Monitor,2,147210,55373
7989,947,2023-06-04,Electrodomesticos,Refrigerador,1,91543,29613
7990,845,2023-09-09,Vestuario,Zapatillas,3,267585,74079
7991,1045,2024-04-12,Vestuario,Zapatillas,1,79161,21725
7992,1389,2023-06-13,Electrodomesticos,Microondas,1,140637,43170
7993,1131,2023-12-23,Tecnologia,Notebook,2,136630,29481
7994,897,2024-02-09,Deportes,Raqueta,3,147300,51536
7995,196,2023-10-15,Hogar,Sofa,2,191748,35029
7996,1442,2023-03-09,Tecnologia,Notebook,1,119777,39874
7997,1254,2023-02-07,Electrodomesticos,Refrigerador,3,447363,90793
7998,403,2024-08-11,Vestuario,Chaqueta,1,32133,7918
7999,1176,2024-05-04,Vestuario,Polera,2,230550,71161
8000,129,2024-01-07,Hogar,Silla,3,435015,129743
8001,745,2024-02-06,Electrodomesticos,Microondas,3,390474,97932
8002,689,2024-11-24,Deportes,Raqueta,3,405780,98129
8003,11,2024-07-15,Vestuario,Zapatillas,2,145868,34438
8004,220,2024-06-02,Deportes,Pesas,1,108086,33984
8005,1025,2023-12-21,Tecnologia,Tablet,2,147284,42075
8006,385,2024-08-01,Vestuario,Zapatillas,4,537172,159018
8007,212,2024-11-14,Electrodomesticos,Lavadora,4,374060,115837
8008,488,2023-11-08,Hogar,Silla,2,171576,39153
8009,1201,2024-01-11,Deportes,Pesas,2,302946,80812
8010,481,2023-10-01,Hogar,Silla,1,81462,23416
8011,1024,2024-06-02,Hogar,Sofa,2,198392,68495
8012,103,2024-12-27,Tecnologia,Monitor,2,304252,76226
8013,1496,2024-05-30,Hogar,Lampara,2,188494,55837
8014,246,2023-01-21,Vestuario,Chaqueta,2,253504,46559
8015,1255,2023-08-29,Tecnologia,Tablet,1,138936,39099
8016,453,2024-07-27,Deportes,Raqueta,1,97154,29676
8017,598,2024-06-22,Electrodomesticos,Refrigerador,1,51400,15943
8018,241,2023-11-04,Electrodomesticos,Lavadora,3,131652,24488
8019,664,2023-03-16,Tecnologia,Smartphone,1,61989,21211
8020,354,2023-10-22,Deportes,Pesas,1,59973,16021
8021,1227,2024-09-19,Electrodomesticos,Refrigerador,3,284277,97013
8022,1375,2023-05-13,Hogar,Silla,1,47706,13492
8023,81,2023-12-19,Deportes,Balon,4,527980,140156
8024,614,2024-02-26,Electrodomesticos,Refrigerador,2,120112,29865
8025,1411,2024-09-26,Hogar,Sofa,2,203316,40043
8026,1412,2024-07-29,Vestuario,Chaqueta,1,34071,6791
8027,814,2024-11-14,Vestuario,Polera,5,445220,143242
8028,717,2023-07-01,Vestuario,Pantalon,3,231489,59914
8029,1295,2024-01-08,Electrodomesticos,Refrigerador,4,494404,109361
8030,1114,2023-01-04,Tecnologia,Tablet,1,90311,31638
8031,1348,2023-01-21,Tecnologia,Smartphone,3,523632,189607
8032,1048,2024-07-16,Tecnologia,Notebook,2,298508,76169
8033,1051,2023-12-01,Electrodomesticos,Aspiradora,1,103841,34288
8034,1316,2024-08-09,Tecnologia,Monitor,3,89508,33212
8035,232,2023-07-14,Hogar,Lampara,3,247338,50635
8036,1383,2024-01-20,Deportes,Pesas,2,166056,60005
8037,1046,2023-04-15,Electrodomesticos,Refrigerador,1,101593,20975
8038,122,2024-11-14,Electrodomesticos,Aspiradora,3,294693,84861
8039,844,2023-04-21,Hogar,Silla,4,206408,68510
8040,842,2024-11-04,Deportes,Pesas,2,173892,44524
8041,1489,2024-11-26,Vestuario,Pantalon,1,54603,16305
8042,237,2023-01-14,Hogar,Silla,1,101667,37101
8043,829,2023-08-20,Electrodomesticos,Aspiradora,4,626812,211824
8044,474,2023-09-24,Tecnologia,Smartphone,1,150725,52488
8045,1289,2024-10-14,Deportes,Raqueta,3,258120,64968
8046,1229,2024-05-02,Tecnologia,Tablet,1,89721,21556
8047,1453,2023-06-08,Deportes,Bicicleta,3,262629,76990
8048,344,2024-04-09,Deportes,Pesas,1,112657,22115
8049,457,2024-08-07,Vestuario,Zapatillas,2,224304,51079
8050,1253,2023-06-02,Deportes,Raqueta,1,129417,39125
8051,1095,2024-10-28,Tecnologia,Tablet,2,154990,30079
8052,895,2023-01-21,Deportes,Raqueta,2,180412,65239
8053,149,2023-12-09,Tecnologia,Notebook,2,267992,48600
8054,409,2023-06-17,Vestuario,Zapatillas,1,52566,12256
8055,979,2023-03-16,Hogar,Sofa,3,234942,88534
8056,47,2024-03-11,Vestuario,Zapatillas,2,40524,8479
8057,1432,2024-04-07,Hogar,Mesa,4,604972,198729
8058,1372,2023-11-27,Tecnologia,Tablet,2,135114,41808
8059,1052,2024-03-11,Electrodomesticos,Lavadora,3,142014,48448
8060,647,2024-11-25,Deportes,Pesas,1,54308,10349
8061,523,2024-04-11,Hogar,Silla,2,207810,53496
8062,956,2024-11-04,Electrodomesticos,Refrigerador,3,409854,144202
8063,1252,2024-05-18,Electrodomesticos,Microondas,1,89012,23002
8064,582,2023-06-08,Vestuario,Pantalon,3,91857,24923
8065,194,2024-07-27,Tecnologia,Notebook,2,242678,77394
8066,161,2024-01-16,Deportes,Raqueta,3,563601,180436
8067,1345,2024-08-30,Hogar,Silla,1,105363,38598
8068,1286,2024-09-29,Deportes,Bicicleta,3,242691,67370
8069,767,2023-07-04,Tecnologia,Notebook,2,91648,16879
8070,418,2023-05-20,Deportes,Balon,5,412045,95826
8071,510,2024-12-13,Hogar,Sofa,3,232908,45080
8072,43,2023-12-31,Electrodomesticos,Aspiradora,1,41976,14649
8073,1312,2023-02-22,Vestuario,Pantalon,2,110434,37972
8074,662,2023-12-02,Hogar,Mesa,1,5000,1756
8075,940,2024-06-27,Deportes,Raqueta,2,28752,5721
8076,430,2023-07-23,Deportes,Raqueta,3,115185,33501
8077,762,2023-02-15,Electrodomesticos,Lavadora,2,169018,35812
8078,822,2023-03-23,Tecnologia,Monitor,2,121406,23482
8079,1047,2023-11-15,Electrodomesticos,Lavadora,1,107780,26611
8080,998,2024-05-30,Hogar,Silla,1,92669,21006
8081,1288,2023-01-07,Vestuario,Pantalon,3,167760,47792
8082,440,2023-08-07,Tecnologia,Monitor,3,211656,46011
8083,104,2024-08-26,Tecnologia,Tablet,5,597360,197148
8084,627,2023-11-30,Tecnologia,Smartphone,1,99794,32511
8085,114,2023-07-11,Electrodomesticos,Refrigerador,1,104415,20684
8086,1441,2023-05-30,Deportes,Pesas,2,64256,21082
8087,1320,2024-12-30,Tecnologia,Tablet,2,369478,133229
8088,395,2023-02-02,Hogar,Lampara,1,65976,19474
8089,159,2023-11-11,Hogar,Mesa,2,319610,89534
8090,1087,2024-04-06,Hogar,Mesa,1,143586,50655
8091,1376,2024-09-19,Deportes,Balon,4,212064,68569
8092,1153,2023-11-27,Tecnologia,Notebook,2,219570,79643
8093,1434,2023-05-03,Electrodomesticos,Lavadora,4,729920,132846
8094,101,2023-11-23,Deportes,Bicicleta,4,202568,54027
8095,1341,2024-04-17,Electrodomesticos,Refrigerador,2,187320,64413
8096,798,2024-04-19,Vestuario,Zapatillas,2,277388,61587
8097,97,2023-02-01,Hogar,Sofa,1,25314,8370
8098,1404,2024-11-29,Hogar,Mesa,1,134555,37834
8099,529,2023-04-23,Hogar,Sofa,1,137470,49348
8100,464,2024-03-18,Deportes,Pesas,2,56050,19413
8101,1271,2024-02-28,Hogar,Silla,3,436431,134825
8102,738,2024-02-26,Deportes,Bicicleta,2,10000,3346
8103,1463,2023-08-02,Deportes,Raqueta,2,335936,62304
8104,43,2024-06-19,Electrodomesticos,Refrigerador,1,70318,12984
8105,1299,2023-06-07,Hogar,Silla,1,99699,34883
8106,942,2023-02-17,Tecnologia,Smartphone,2,118040,31064
8107,1232,2024-10-26,Electrodomesticos,Lavadora,3,300336,100646
8108,1428,2024-03-12,Hogar,Silla,2,99204,28361
8109,785,2023-01-11,Tecnologia,Smartphone,6,558654,148488
8110,1270,2023-04-16,Electrodomesticos,Lavadora,1,81722,28313
8111,957,2023-07-30,Vestuario,Chaqueta,3,190308,40708
8112,243,2023-04-11,Hogar,Mesa,3,290520,100892
8113,1236,2024-11-11,Hogar,Sofa,2,170848,31014
8114,182,2023-11-05,Vestuario,Zapatillas,2,161720,33449
8115,156,2024-08-22,Deportes,Pesas,1,106972,22901
8116,870,2023-12-10,Tecnologia,Notebook,4,223144,61217
8117,463,2024-05-04,Deportes,Raqueta,2,150756,48084
8118,221,2024-06-13,Hogar,Lampara,1,108126,20808
8119,1177,2024-03-29,Deportes,Bicicleta,1,55037,11643
8120,257,2024-07-27,Electrodomesticos,Microondas,2,289378,92921
8121,1267,2023-09-05,Deportes,Bicicleta,2,256004,58459
8122,687,2024-02-09,Vestuario,Pantalon,2,127422,37266
8123,835,2023-02-21,Tecnologia,Smartphone,2,100864,21845
8124,128,2023-06-04,Hogar,Lampara,1,118626,43242
8125,243,2023-10-22,Deportes,Bicicleta,2,250154,68589
8126,301,2024-11-23,Hogar,Mesa,2,213502,58554
8127,1058,2024-03-03,Tecnologia,Smartphone,1,92102,18246
8128,1430,2023-06-24,Electrodomesticos,Lavadora,2,281530,57050
8129,717,2023-07-18,Deportes,Bicicleta,1,83928,25804
8130,45,2024-05-02,Hogar,Lampara,4,317088,79479
8131,1274,2023-07-27,Deportes,Bicicleta,1,42184,14447
8132,538,2023-01-22,Deportes,Pesas,2,327284,110068
8133,275,2024-02-19,Electrodomesticos,Microondas,4,349932,126906
8134,879,2023-12-23,Vestuario,Pantalon,1,120371,35468
8135,1258,2023-05-17,Deportes,Raqueta,3,351564,89813
8136,945,2024-06-20,Electrodomesticos,Microondas,1,94035,25644
8137,1128,2024-11-07,Electrodomesticos,Microondas,1,91868,22040
8138,1065,2023-07-05,Electrodomesticos,Aspiradora,1,14326,5320
8139,713,2024-10-30,Deportes,Balon,1,66988,25400
8140,490,2023-06-06,Hogar,Lampara,6,434676,109396
8141,988,2023-02-02,Tecnologia,Notebook,3,85014,24995
8142,461,2024-09-18,Electrodomesticos,Aspiradora,3,129903,46927
8143,1021,2024-07-09,Vestuario,Pantalon,1,143335,40051
8144,1024,2023-09-03,Vestuario,Chaqueta,2,45398,8327
8145,15,2024-12-27,Electrodomesticos,Refrigerador,2,139636,35374
8146,108,2024-01-08,Vestuario,Pantalon,2,317652,117441
8147,193,2023-06-20,Deportes,Pesas,3,526155,144272
8148,1235,2024-07-29,Electrodomesticos,Refrigerador,1,127330,40278
8149,309,2024-07-12,Hogar,Lampara,3,378531,115012
8150,1118,2023-04-06,Deportes,Raqueta,2,136488,27443
8151,898,2023-04-23,Electrodomesticos,Microondas,4,453356,158334
8152,950,2024-10-21,Electrodomesticos,Lavadora,1,83200,24022
8153,23,2023-05-09,Vestuario,Polera,2,132232,24153
8154,524,2023-10-31,Vestuario,Zapatillas,1,112690,22823
8155,1477,2024-04-19,Hogar,Silla,3,275862,82008
8156,1007,2024-04-18,Hogar,Sofa,2,147844,33112
8157,8,2023-06-28,Vestuario,Polera,1,129060,35288
8158,156,2024-04-02,Deportes,Raqueta,3,363897,107616
8159,783,2023-03-04,Vestuario,Pantalon,1,121673,25565
8160,549,2024-04-13,Hogar,Silla,2,245874,81207
8161,452,2023-06-24,Electrodomesticos,Microondas,3,110535,20955
8162,137,2023-05-22,Electrodomesticos,Aspiradora,2,176874,31866
8163,259,2023-10-26,Electrodomesticos,Lavadora,1,83273,25031
8164,1467,2024-09-21,Tecnologia,Notebook,1,120367,38072
8165,852,2024-04-28,Hogar,Silla,2,215686,38899
8166,620,2024-05-08,Deportes,Bicicleta,5,242750,67857
8167,720,2023-09-25,Vestuario,Chaqueta,1,69425,15384
8168,906,2024-02-27,Tecnologia,Notebook,1,91990,30784
8169,1269,2023-10-28,Hogar,Sofa,3,69495,16852
8170,1268,2023-10-30,Deportes,Raqueta,3,263649,83064
8171,1238,2023-09-29,Tecnologia,Smartphone,1,139898,44051
8172,1031,2024-06-01,Tecnologia,Monitor,1,90182,25754
8173,135,2024-07-20,Tecnologia,Smartphone,1,169357,36874
8174,1489,2023-11-06,Electrodomesticos,Lavadora,5,613955,147635
8175,688,2023-06-01,Vestuario,Chaqueta,1,133329,44740
8176,1283,2024-07-29,Hogar,Silla,2,204012,38219
8177,378,2024-06-22,Vestuario,Chaqueta,4,20000,6989
8178,1178,2023-12-29,Vestuario,Pantalon,2,358716,106488
8179,847,2024-02-20,Tecnologia,Smartphone,2,27752,8608
8180,593,2023-09-11,Hogar,Mesa,1,119626,30481
8181,830,2024-07-29,Tecnologia,Tablet,2,67724,25231
8182,333,2023-01-26,Deportes,Balon,3,342306,129399
8183,187,2024-08-28,Deportes,Pesas,2,315104,91914
8184,710,2023-04-17,Deportes,Bicicleta,2,184158,38519
8185,836,2023-06-21,Hogar,Sofa,1,39548,8067
8186,1032,2023-04-21,Electrodomesticos,Refrigerador,1,73665,17187
8187,716,2024-03-18,Vestuario,Pantalon,2,96898,26568
8188,1351,2024-06-21,Tecnologia,Monitor,5,341610,93031
8189,726,2024-03-26,Tecnologia,Notebook,3,270435,57300
8190,385,2024-11-21,Vestuario,Polera,2,326384,103089
8191,250,2024-01-22,Tecnologia,Smartphone,1,103513,36546
8192,618,2023-09-18,Electrodomesticos,Lavadora,1,59180,22090
8193,1098,2024-01-21,Electrodomesticos,Lavadora,3,284349,107041
8194,994,2024-11-03,Vestuario,Pantalon,2,37624,12482
8195,837,2023-11-23,Hogar,Mesa,1,164023,41383
8196,367,2023-09-11,Vestuario,Zapatillas,4,451788,115587
8197,309,2024-04-20,Electrodomesticos,Lavadora,2,17676,3760
8198,821,2024-03-03,Tecnologia,Monitor,2,238078,45898
8199,388,2024-08-14,Deportes,Raqueta,1,67436,24267
8200,890,2023-12-28,Deportes,Bicicleta,1,34818,7391
8201,1483,2024-05-01,Vestuario,Pantalon,3,317583,100481
8202,725,2024-03-11,Hogar,Silla,3,480285,119858
8203,165,2024-01-14,Electrodomesticos,Refrigerador,2,266498,61322
8204,814,2023-01-29,Deportes,Pesas,3,233604,67832
8205,75,2023-05-19,Vestuario,Polera,1,98384,35265
8206,314,2023-07-09,Vestuario,Polera,3,366243,116893
8207,946,2024-11-28,Vestuario,Zapatillas,1,34206,10543
8208,799,2024-04-24,Hogar,Silla,2,145438,52656
8209,8,2024-05-24,Vestuario,Chaqueta,4,581284,119374
8210,903,2023-09-20,Tecnologia,Monitor,1,69474,23794
8211,17,2023-07-23,Deportes,Raqueta,1,67452,19277
8212,137,2024-10-27,Vestuario,Pantalon,2,169924,31686
8213,423,2024-06-12,Electrodomesticos,Microondas,1,71380,24837
8214,706,2024-12-26,Deportes,Raqueta,3,147099,48013
8215,1096,2024-01-14,Deportes,Raqueta,2,126064,34117
8216,460,2024-03-29,Vestuario,Polera,2,147490,35982
8217,956,2023-09-18,Tecnologia,Monitor,1,50285,11393
8218,494,2023-10-11,Vestuario,Chaqueta,2,84064,22423
8219,1038,2024-06-08,Hogar,Lampara,2,179122,45799
8220,996,2023-01-08,Hogar,Silla,1,5000,1302
8221,246,2024-08-01,Tecnologia,Smartphone,3,199995,50291
8222,877,2023-09-02,Electrodomesticos,Microondas,1,22717,6866
8223,1456,2024-12-10,Hogar,Silla,1,19264,6997
8224,1458,2023-01-18,Hogar,Silla,1,42701,12772
8225,1013,2024-05-17,Electrodomesticos,Aspiradora,3,237648,73606
8226,969,2024-12-07,Vestuario,Chaqueta,1,26237,5828
8227,250,2023-05-07,Electrodomesticos,Microondas,1,72533,26676
8228,1095,2024-06-25,Deportes,Pesas,3,240285,64913
8229,1095,2023-03-21,Electrodomesticos,Microondas,4,162036,42736
8230,423,2023-07-22,Electrodomesticos,Microondas,2,137088,41232
8231,1367,2024-07-04,Deportes,Pesas,3,255987,92154
8232,401,2024-02-15,Tecnologia,Tablet,4,401240,125246
8233,824,2023-09-17,Hogar,Mesa,6,334668,105345
8234,54,2023-02-14,Electrodomesticos,Microondas,1,80943,17778
8235,376,2024-10-16,Electrodomesticos,Aspiradora,3,251391,63789
8236,1189,2024-06-30,Tecnologia,Tablet,4,430608,148180
8237,565,2023-12-30,Tecnologia,Monitor,1,13920,3824
8238,1218,2024-12-20,Hogar,Lampara,3,136119,46645
8239,252,2023-01-10,Hogar,Mesa,2,20352,5445
8240,1440,2023-10-28,Electrodomesticos,Aspiradora,1,35256,9550
8241,1329,2023-03-23,Hogar,Sofa,4,418340,134493
8242,530,2024-08-17,Deportes,Balon,1,23602,5636
8243,406,2023-09-25,Vestuario,Polera,2,64628,21409
8244,1080,2023-01-17,Deportes,Bicicleta,4,829076,303936
8245,610,2024-04-04,Tecnologia,Monitor,2,153854,31151
8246,1124,2023-12-01,Hogar,Lampara,1,55962,20995
8247,1442,2023-03-06,Tecnologia,Notebook,4,438156,129315
8248,290,2023-09-17,Vestuario,Polera,1,116033,39953
8249,1333,2023-01-27,Deportes,Balon,1,127718,33230
8250,703,2024-01-10,Vestuario,Pantalon,2,194644,42977
8251,1284,2023-06-20,Hogar,Silla,3,184707,67475
8252,673,2023-10-01,Electrodomesticos,Refrigerador,2,79390,23493
8253,1151,2023-08-12,Electrodomesticos,Microondas,1,99698,18520
8254,690,2023-01-17,Vestuario,Pantalon,1,73531,27285
8255,319,2023-04-06,Vestuario,Chaqueta,1,58822,20041
8256,291,2024-07-10,Vestuario,Chaqueta,2,171540,41420
8257,522,2023-07-24,Vestuario,Chaqueta,3,89916,25780
8258,221,2024-08-11,Vestuario,Zapatillas,4,425976,125500
8259,336,2023-10-28,Deportes,Pesas,2,178052,58714
8260,473,2023-05-26,Electrodomesticos,Aspiradora,5,502780,157479
8261,259,2024-09-07,Vestuario,Chaqueta,3,56751,15467
8262,430,2024-04-20,Vestuario,Zapatillas,2,221480,69735
8263,1499,2024-07-20,Electrodomesticos,Refrigerador,3,256569,90046
8264,272,2024-08-23,Electrodomesticos,Microondas,3,248655,46127
8265,843,2024-09-28,Hogar,Lampara,4,564548,115525
8266,1442,2023-03-12,Hogar,Lampara,2,150834,38286
8267,104,2023-08-08,Electrodomesticos,Refrigerador,1,106709,36697
8268,193,2024-05-23,Electrodomesticos,Lavadora,2,209314,60834
8269,564,2024-11-03,Tecnologia,Smartphone,3,190542,40720
8270,1089,2023-09-01,Hogar,Silla,4,140140,47606
8271,1296,2023-05-25,Vestuario,Zapatillas,1,174010,60689
8272,878,2023-07-07,Electrodomesticos,Microondas,1,93617,31444
8273,956,2024-02-28,Deportes,Bicicleta,3,241635,57742
8274,937,2023-09-29,Deportes,Bicicleta,2,227020,59766
8275,97,2023-02-02,Tecnologia,Tablet,3,155229,38228
8276,634,2024-12-08,Vestuario,Pantalon,3,346122,128999
8277,789,2023-05-02,Vestuario,Zapatillas,3,125679,37869
8278,1359,2023-05-22,Vestuario,Zapatillas,1,107791,32008
8279,564,2024-03-03,Hogar,Sofa,4,356904,74699
8280,54,2023-06-29,Electrodomesticos,Microondas,3,119250,35686
8281,1235,2023-12-13,Electrodomesticos,Microondas,5,637595,211940
8282,626,2024-02-13,Electrodomesticos,Refrigerador,1,154692,33115
8283,1151,2024-08-02,Hogar,Sofa,1,159517,45520
8284,786,2023-03-13,Deportes,Pesas,1,52601,16509
8285,1388,2024-09-08,Vestuario,Chaqueta,1,103729,35188
8286,860,2023-10-29,Electrodomesticos,Aspiradora,1,117580,41974
8287,654,2024-12-28,Electrodomesticos,Refrigerador,3,140268,51469
8288,879,2024-08-24,Tecnologia,Monitor,1,90416,26327
8289,976,2023-08-25,Electrodomesticos,Refrigerador,2,190920,59119
8290,984,2024-12-25,Electrodomesticos,Microondas,2,154314,39461
8291,998,2023-02-03,Hogar,Silla,2,318034,107336
8292,6,2024-08-21,Tecnologia,Tablet,2,317852,105342
8293,965,2024-06-16,Vestuario,Zapatillas,1,134316,42700
8294,583,2023-02-13,Tecnologia,Notebook,2,178586,67749
8295,998,2023-02-22,Vestuario,Polera,3,176121,64762
8296,1149,2024-12-27,Tecnologia,Monitor,2,56676,12731
8297,453,2024-12-11,Electrodomesticos,Microondas,2,68630,21462
8298,270,2024-03-12,Tecnologia,Tablet,2,205320,71488
8299,679,2024-06-29,Hogar,Mesa,1,82713,27969
8300,579,2023-08-13,Deportes,Pesas,4,248800,93524
8301,1268,2023-11-01,Electrodomesticos,Lavadora,2,339600,116481
8302,204,2023-08-24,Tecnologia,Tablet,2,105012,38099
8303,405,2023-01-06,Vestuario,Zapatillas,3,321411,89149
8304,745,2024-11-18,Vestuario,Pantalon,1,65999,23097
8305,246,2024-08-07,Deportes,Bicicleta,2,131128,39685
8306,866,2024-09-15,Hogar,Mesa,1,15161,4837
8307,1041,2024-08-14,Vestuario,Zapatillas,2,223448,71545
8308,965,2023-01-09,Deportes,Raqueta,3,451026,159779
8309,1485,2023-08-07,Tecnologia,Tablet,1,111370,26025
8310,611,2024-01-18,Vestuario,Polera,1,49389,9784
8311,496,2024-10-24,Tecnologia,Monitor,3,273546,99319
8312,530,2023-10-02,Vestuario,Zapatillas,5,653295,243604
8313,668,2024-06-17,Hogar,Sofa,2,287416,92717
8314,89,2023-12-21,Vestuario,Pantalon,3,309654,109106
8315,577,2024-11-02,Deportes,Balon,2,221604,50759
8316,1023,2024-04-03,Vestuario,Chaqueta,2,164590,49029
8317,1116,2024-01-07,Vestuario,Pantalon,2,234512,84455
8318,413,2023-06-17,Hogar,Mesa,1,33298,11596
8319,846,2023-04-25,Hogar,Sofa,1,68031,16225
8320,358,2024-06-10,Tecnologia,Notebook,1,180502,49074
8321,376,2024-08-24,Tecnologia,Tablet,2,232388,72854
8322,174,2023-07-22,Deportes,Bicicleta,3,325191,94572
8323,1261,2024-10-19,Vestuario,Polera,3,127263,42873
8324,122,2024-03-26,Vestuario,Polera,1,176866,45322
8325,1463,2024-08-04,Tecnologia,Monitor,4,801384,171341
8326,986,2024-05-29,Vestuario,Zapatillas,1,128928,38531
8327,1409,2023-01-09,Electrodomesticos,Lavadora,2,273592,76252
8328,676,2024-02-23,Vestuario,Pantalon,3,262311,82924
8329,593,2024-08-25,Electrodomesticos,Lavadora,1,72201,16189
8330,46,2024-12-25,Deportes,Balon,1,134900,27550
8331,1010,2023-09-23,Electrodomesticos,Lavadora,2,222608,62731
8332,1114,2024-09-30,Hogar,Lampara,1,115129,35545
8333,338,2023-09-28,Tecnologia,Monitor,2,121308,46028
8334,792,2024-04-25,Hogar,Mesa,4,641800,243822
8335,25,2024-01-07,Deportes,Balon,1,107693,29744
8336,69,2023-02-28,Vestuario,Chaqueta,1,91199,27488
8337,887,2023-01-27,Deportes,Raqueta,1,121629,29116
8338,1075,2024-06-03,Electrodomesticos,Microondas,1,68923,16655
8339,1255,2024-10-05,Hogar,Lampara,1,36014,6635
8340,1162,2023-09-17,Vestuario,Chaqueta,3,198543,67946
8341,792,2024-02-13,Tecnologia,Monitor,2,151084,29399
8342,1238,2023-11-13,Vestuario,Chaqueta,2,177928,43055
8343,1144,2023-01-10,Hogar,Silla,2,152700,45028
8344,655,2023-09-14,Vestuario,Pantalon,2,174956,51310
8345,881,2024-04-12,Tecnologia,Tablet,3,404622,117194
8346,1293,2024-04-24,Vestuario,Polera,4,336500,84002
8347,685,2024-09-23,Tecnologia,Tablet,5,991435,251814
8348,666,2024-01-15,Deportes,Balon,4,470800,93526
8349,243,2024-10-19,Deportes,Bicicleta,2,140020,34081
8350,366,2024-12-19,Electrodomesticos,Refrigerador,4,467124,108889
8351,1393,2023-08-20,Electrodomesticos,Refrigerador,4,476196,150635
8352,90,2024-09-08,Vestuario,Polera,3,271383,90433
8353,91,2023-03-31,Electrodomesticos,Microondas,4,255620,46565
8354,345,2024-04-17,Vestuario,Polera,4,440176,128541
8355,700,2023-09-25,Hogar,Sofa,2,170282,49117
8356,1183,2023-04-22,Vestuario,Chaqueta,2,253262,47118
8357,298,2023-05-22,Hogar,Sofa,2,131686,47472
8358,1414,2024-09-05,Deportes,Bicicleta,4,489124,119090
8359,1421,2024-05-29,Tecnologia,Monitor,4,390312,139717
8360,1141,2024-08-16,Electrodomesticos,Lavadora,2,142612,33586
8361,1422,2024-04-22,Vestuario,Chaqueta,5,249570,51964
8362,1008,2023-09-20,Hogar,Lampara,1,98628,27579
8363,1177,2023-07-23,Vestuario,Polera,1,97120,32815
8364,1187,2023-07-12,Electrodomesticos,Refrigerador,2,117204,39603
8365,317,2023-08-14,Tecnologia,Notebook,1,136096,50376
8366,482,2023-07-21,Vestuario,Zapatillas,3,383190,89553
8367,1044,2024-05-25,Hogar,Silla,4,398104,100244
8368,1319,2023-11-06,Electrodomesticos,Microondas,1,132008,39808
8369,384,2023-05-31,Vestuario,Polera,1,68129,12705
8370,931,2024-12-17,Tecnologia,Monitor,3,161583,49323
8371,963,2023-07-17,Deportes,Balon,2,172380,48704
8372,646,2024-01-07,Vestuario,Chaqueta,1,60156,14672
8373,368,2023-12-16,Hogar,Lampara,3,168567,31754
8374,208,2024-05-09,Electrodomesticos,Microondas,2,256936,59633
8375,471,2023-12-23,Vestuario,Polera,1,79299,16031
8376,678,2024-03-09,Electrodomesticos,Microondas,1,111003,40546
8377,1245,2023-07-10,Electrodomesticos,Microondas,2,174130,32992
8378,548,2023-02-27,Vestuario,Pantalon,4,446636,138529
8379,1021,2024-11-30,Hogar,Lampara,6,845718,259971
8380,344,2023-10-27,Tecnologia,Monitor,2,241756,78180
8381,1335,2024-03-05,Deportes,Bicicleta,3,404607,82657
8382,1097,2023-02-27,Tecnologia,Smartphone,2,311960,69397
8383,1245,2024-12-11,Hogar,Mesa,1,94737,27707
8384,683,2024-12-29,Electrodomesticos,Refrigerador,1,63245,16889
8385,1200,2024-07-10,Hogar,Mesa,1,158957,45034
8386,398,2024-10-01,Deportes,Bicicleta,1,94048,19175
8387,84,2023-05-13,Vestuario,Pantalon,1,57091,20019
8388,1166,2024-11-09,Electrodomesticos,Lavadora,3,275103,99826
8389,724,2024-05-05,Deportes,Pesas,1,130185,38816
8390,337,2024-12-25,Vestuario,Polera,1,73774,21517
8391,535,2023-11-12,Hogar,Mesa,3,362229,93767
8392,593,2023-01-27,Vestuario,Pantalon,2,167386,30453
8393,706,2024-11-10,Electrodomesticos,Microondas,2,283104,66717
8394,98,2023-09-18,Electrodomesticos,Lavadora,2,242082,75031
8395,69,2023-07-07,Tecnologia,Tablet,2,10000,3110
8396,504,2024-04-10,Deportes,Pesas,1,102624,32605
8397,171,2024-10-01,Hogar,Lampara,1,155922,49718
8398,672,2023-08-22,Electrodomesticos,Refrigerador,1,125919,47769
8399,532,2024-05-19,Deportes,Pesas,2,224954,41344
8400,733,2023-06-13,Deportes,Raqueta,3,232269,80298
8401,607,2023-12-21,Hogar,Sofa,2,137318,28766
8402,119,2024-07-16,Deportes,Raqueta,1,59040,12905
8403,701,2023-02-14,Hogar,Silla,2,182294,33910
8404,393,2023-02-16,Tecnologia,Smartphone,1,92412,20924
8405,819,2024-11-14,Vestuario,Chaqueta,5,639365,158262
8406,573,2023-04-17,Tecnologia,Monitor,2,95564,32657
8407,298,2023-02-24,Tecnologia,Monitor,1,116869,43777
8408,340,2024-03-04,Hogar,Sofa,1,96386,30116
8409,69,2023-02-28,Tecnologia,Notebook,1,63624,18070
8410,132,2024-09-11,Deportes,Bicicleta,1,71203,14304
8411,1146,2024-07-03,Electrodomesticos,Aspiradora,2,198468,68803
8412,1411,2024-12-13,Electrodomesticos,Refrigerador,1,61424,19825
8413,726,2024-03-25,Deportes,Bicicleta,3,211656,46176
8414,482,2024-05-02,Vestuario,Pantalon,2,130502,38677
8415,206,2024-08-05,Electrodomesticos,Refrigerador,3,384369,90529
8416,1045,2024-05-20,Tecnologia,Monitor,2,269934,50713
8417,1466,2023-03-29,Deportes,Balon,1,165769,44855
8418,712,2023-12-24,Vestuario,Polera,1,70788,25483
8419,1355,2023-12-03,Deportes,Raqueta,2,141324,44088
8420,594,2023-01-22,Deportes,Raqueta,2,303112,93577
8421,1422,2024-03-09,Tecnologia,Monitor,1,49119,17063
8422,1358,2024-01-29,Tecnologia,Notebook,5,629035,186057
8423,1068,2024-06-18,Hogar,Silla,2,91698,32028
8424,1440,2023-11-24,Tecnologia,Notebook,3,444717,120585
8425,885,2023-06-29,Deportes,Raqueta,1,5000,1058
8426,703,2023-05-15,Vestuario,Chaqueta,2,145816,53036
8427,884,2024-11-21,Hogar,Silla,1,189385,34391
8428,1064,2023-12-11,Deportes,Raqueta,2,194910,58102
8429,548,2024-12-01,Electrodomesticos,Microondas,3,164967,32976
8430,1110,2023-01-01,Hogar,Silla,1,43403,11729
8431,601,2023-12-12,Deportes,Pesas,1,80250,16376
8432,424,2024-05-01,Hogar,Silla,4,421020,138261
8433,1141,2023-11-08,Deportes,Raqueta,1,124554,31328
8434,218,2023-01-14,Tecnologia,Smartphone,2,84518,15770
8435,812,2024-08-21,Tecnologia,Notebook,1,72507,25004
8436,1392,2023-12-01,Hogar,Sofa,3,355116,115338
8437,765,2024-07-01,Vestuario,Chaqueta,1,31276,8292
8438,192,2023-07-09,Electrodomesticos,Microondas,3,337665,115989
8439,494,2024-09-10,Electrodomesticos,Microondas,4,335600,93559
8440,244,2023-04-09,Electrodomesticos,Aspiradora,3,352464,86469
8441,1315,2023-05-12,Hogar,Sofa,3,163437,41155
8442,1099,2023-08-03,Electrodomesticos,Microondas,3,553320,133698
8443,1392,2024-11-28,Hogar,Silla,1,116114,40578
8444,1252,2024-01-03,Vestuario,Chaqueta,1,116091,40436
8445,1417,2024-02-24,Deportes,Bicicleta,2,231470,73393
8446,1472,2023-08-12,Tecnologia,Notebook,2,140556,31834
8447,1118,2024-03-27,Vestuario,Zapatillas,1,155294,38600
8448,1233,2023-08-20,Deportes,Pesas,2,83912,22908
8449,299,2024-10-27,Hogar,Silla,2,110438,35064
8450,1171,2024-08-01,Hogar,Mesa,1,91951,30878
8451,1224,2023-06-21,Deportes,Raqueta,3,244971,79759
8452,727,2024-06-28,Vestuario,Zapatillas,2,253636,87604
8453,876,2023-09-01,Electrodomesticos,Microondas,1,109250,20665
8454,137,2024-12-05,Vestuario,Chaqueta,4,140796,36750
8455,693,2023-02-21,Hogar,Silla,3,163527,57644
8456,259,2024-10-17,Electrodomesticos,Microondas,2,81162,15218
8457,471,2024-05-28,Vestuario,Polera,1,123490,43514
8458,287,2023-04-14,Deportes,Raqueta,1,75140,23913
8459,313,2024-03-14,Tecnologia,Notebook,1,5000,1000
8460,40,2024-02-14,Vestuario,Chaqueta,1,118210,31123
8461,101,2024-09-28,Hogar,Silla,3,498876,113548
8462,414,2023-05-08,Deportes,Pesas,1,91652,30604
8463,614,2024-02-15,Vestuario,Polera,2,98664,27099
8464,1406,2023-05-02,Deportes,Raqueta,2,107054,28887
8465,852,2023-09-04,Deportes,Balon,1,45289,16433
8466,78,2024-01-13,Tecnologia,Tablet,4,218052,53579
8467,444,2023-11-16,Hogar,Silla,2,215050,51037
8468,979,2023-02-15,Electrodomesticos,Microondas,3,199281,61192
8469,1341,2024-08-25,Hogar,Silla,6,322992,92410
8470,753,2023-04-09,Hogar,Sofa,1,103688,31495
8471,1314,2023-06-09,Vestuario,Pantalon,1,102564,26996
8472,979,2023-09-12,Electrodomesticos,Refrigerador,3,327699,120981
8473,486,2023-01-24,Tecnologia,Monitor,1,54994,20462
8474,935,2023-08-01,Hogar,Sofa,1,80073,19295
8475,498,2024-06-03,Hogar,Lampara,4,254188,84642
8476,902,2023-06-08,Vestuario,Zapatillas,3,334809,119918
8477,560,2024-01-11,Deportes,Bicicleta,1,148457,31495
8478,838,2024-11-26,Hogar,Sofa,1,139690,25949
8479,295,2024-04-09,Tecnologia,Notebook,3,155127,41347
8480,727,2023-04-27,Hogar,Sofa,2,179948,63854
8481,955,2024-09-11,Deportes,Balon,2,153950,51308
8482,807,2024-08-25,Tecnologia,Tablet,1,7660,2614
8483,448,2024-07-28,Tecnologia,Monitor,2,304676,69226
8484,1029,2023-08-24,Electrodomesticos,Lavadora,2,95084,34429
8485,1143,2023-08-10,Deportes,Balon,3,436128,124721
8486,811,2023-10-25,Vestuario,Chaqueta,2,97860,35237
8487,1447,2024-02-10,Deportes,Balon,1,53173,12648
8488,651,2023-12-17,Hogar,Mesa,1,109833,32148
8489,99,2023-07-31,Deportes,Balon,1,66527,20695
8490,130,2023-10-20,Vestuario,Chaqueta,1,153575,36293
8491,913,2023-11-11,Vestuario,Pantalon,1,95100,33572
8492,1010,2023-08-17,Electrodomesticos,Lavadora,2,235250,57367
8493,232,2023-11-11,Vestuario,Pantalon,5,727920,204484
8494,1316,2023-12-30,Vestuario,Pantalon,3,243849,44316
8495,1157,2024-10-21,Vestuario,Pantalon,1,119746,24991
8496,649,2023-01-27,Deportes,Pesas,4,354368,81884
8497,485,2023-04-24,Tecnologia,Notebook,3,464865,145318
8498,1382,2023-09-02,Electrodomesticos,Refrigerador,1,93415,26357
8499,38,2024-05-18,Hogar,Silla,2,185484,50666
8500,1391,2023-08-16,Electrodomesticos,Refrigerador,2,10000,2508
8501,709,2024-04-07,Vestuario,Chaqueta,3,347238,84029
8502,471,2024-11-21,Hogar,Mesa,2,154166,55099
8503,948,2023-11-25,Vestuario,Chaqueta,2,221900,73015
8504,754,2024-05-14,Vestuario,Polera,1,164248,45854
8505,1088,2023-09-25,Vestuario,Chaqueta,2,296120,106782
8506,538,2024-12-10,Hogar,Lampara,1,111075,35622
8507,652,2023-10-26,Vestuario,Pantalon,1,137768,28495
8508,440,2024-12-30,Hogar,Silla,3,188679,38457
8509,665,2024-12-29,Hogar,Sofa,1,26798,7899
8510,603,2024-09-04,Vestuario,Zapatillas,1,22567,6385
8511,613,2024-08-13,Vestuario,Chaqueta,2,165334,51504
8512,835,2023-08-14,Deportes,Pesas,3,258615,59615
8513,441,2024-11-18,Deportes,Pesas,1,152680,45017
8514,874,2023-04-11,Electrodomesticos,Microondas,2,225836,81706
8515,1041,2024-09-19,Deportes,Balon,3,234738,74750
8516,1104,2023-10-15,Vestuario,Zapatillas,1,53821,10015
8517,662,2023-07-10,Tecnologia,Monitor,4,399408,115100
8518,760,2023-02-23,Electrodomesticos,Lavadora,1,117030,33410
8519,518,2023-09-18,Hogar,Lampara,2,243428,52572
8520,429,2023-01-25,Tecnologia,Smartphone,1,66185,24662
8521,417,2023-01-24,Tecnologia,Monitor,1,42381,15491
8522,261,2024-08-26,Deportes,Balon,2,113396,25542
8523,1149,2023-08-06,Hogar,Lampara,2,244352,65535
8524,1184,2023-09-10,Vestuario,Zapatillas,3,330135,94531
8525,1140,2024-03-11,Hogar,Mesa,4,565056,159116
8526,1299,2023-07-10,Electrodomesticos,Aspiradora,2,224404,81617
8527,971,2024-04-18,Tecnologia,Smartphone,1,60785,17086
8528,291,2024-12-16,Hogar,Mesa,2,108844,40467
8529,1400,2023-02-24,Electrodomesticos,Lavadora,4,603108,139279
8530,512,2023-05-27,Tecnologia,Notebook,1,104258,29769
8531,794,2024-06-27,Vestuario,Chaqueta,1,111943,20713
8532,224,2023-03-17,Hogar,Silla,4,533308,156863
8533,146,2023-10-12,Hogar,Sofa,1,115762,22597
8534,689,2024-02-29,Hogar,Lampara,2,199136,47065
8535,1190,2024-01-09,Deportes,Raqueta,1,26141,6431
8536,514,2023-12-15,Vestuario,Zapatillas,1,135798,29870
8537,1152,2024-01-31,Tecnologia,Smartphone,1,131070,35359
8538,323,2024-06-23,Deportes,Pesas,4,331544,80880
8539,534,2023-07-26,Electrodomesticos,Aspiradora,2,144916,52897
8540,391,2024-01-09,Vestuario,Zapatillas,1,66506,24234
8541,1485,2023-08-31,Electrodomesticos,Refrigerador,2,182136,35666
8542,1477,2024-05-04,Deportes,Bicicleta,2,359738,65872
8543,441,2024-04-02,Tecnologia,Smartphone,1,158628,55943
8544,1352,2024-02-12,Electrodomesticos,Aspiradora,2,216494,59435
8545,1277,2023-04-15,Electrodomesticos,Aspiradora,3,271338,75150
8546,1313,2024-03-11,Electrodomesticos,Lavadora,2,221760,76904
8547,1475,2024-09-04,Vestuario,Polera,1,48766,12598
8548,830,2023-05-20,Hogar,Mesa,2,83942,28092
8549,559,2023-02-12,Hogar,Silla,3,329100,65101
8550,98,2023-10-26,Hogar,Lampara,2,56936,20882
8551,875,2024-08-19,Hogar,Mesa,1,137880,49006
8552,1284,2024-11-21,Electrodomesticos,Microondas,2,312280,107073
8553,1208,2024-11-17,Deportes,Pesas,2,265596,71028
8554,1471,2024-12-13,Tecnologia,Notebook,1,65649,17225
8555,394,2024-05-05,Tecnologia,Monitor,1,98372,33085
8556,310,2023-02-11,Vestuario,Chaqueta,1,71395,24796
8557,545,2024-12-04,Electrodomesticos,Microondas,2,110198,35205
8558,771,2023-06-08,Hogar,Lampara,5,614040,110708
8559,1017,2024-08-23,Deportes,Pesas,1,58190,11351
8560,311,2024-10-19,Electrodomesticos,Refrigerador,1,123700,33900
8561,988,2023-01-06,Tecnologia,Tablet,4,373388,97148
8562,314,2023-08-21,Vestuario,Chaqueta,2,153618,38444
8563,113,2024-03-31,Vestuario,Chaqueta,1,43173,10400
8564,1359,2023-05-05,Deportes,Raqueta,2,183592,47441
8565,243,2023-04-17,Deportes,Bicicleta,1,124507,43393
8566,1150,2023-03-22,Hogar,Lampara,2,185774,56722
8567,274,2023-12-20,Deportes,Bicicleta,1,43036,12965
8568,502,2024-08-19,Hogar,Silla,2,253764,56045
8569,306,2024-05-16,Tecnologia,Tablet,5,25000,9057
8570,604,2024-01-20,Hogar,Sofa,2,295896,66909
8571,288,2024-03-01,Hogar,Lampara,1,56543,18150
8572,419,2024-11-15,Tecnologia,Smartphone,1,65972,13396
8573,127,2023-12-19,Hogar,Sofa,1,77397,21593
8574,1155,2024-02-17,Tecnologia,Monitor,5,305300,78077
8575,1468,2023-06-10,Vestuario,Polera,1,90500,24228
8576,932,2024-10-21,Tecnologia,Smartphone,2,160100,38821
8577,1343,2024-11-09,Hogar,Silla,2,202342,62500
8578,455,2023-02-15,Tecnologia,Tablet,1,181151,37212
8579,708,2024-09-11,Tecnologia,Tablet,3,533493,103810
8580,733,2024-07-08,Deportes,Raqueta,1,227180,82394
8581,1369,2024-12-26,Deportes,Bicicleta,1,130821,28608
8582,468,2023-06-01,Electrodomesticos,Aspiradora,2,214100,71083
8583,708,2023-01-14,Deportes,Raqueta,2,218142,55898
8584,890,2024-03-10,Tecnologia,Tablet,1,209939,42468
8585,199,2024-06-22,Tecnologia,Tablet,2,161908,40206
8586,1495,2024-08-25,Vestuario,Pantalon,1,48733,10374
8587,933,2024-10-05,Tecnologia,Notebook,2,152432,50066
8588,1037,2023-11-08,Vestuario,Polera,1,22047,6328
8589,1094,2023-04-10,Hogar,Mesa,2,253910,76449
8590,1155,2023-05-26,Deportes,Balon,2,326182,116492
8591,910,2023-08-26,Hogar,Sofa,1,136678,27639
8592,268,2023-01-16,Hogar,Sofa,5,332325,112291
8593,204,2024-09-05,Tecnologia,Notebook,1,106635,25880
8594,1066,2023-04-20,Electrodomesticos,Lavadora,1,61040,22309
8595,1212,2024-02-01,Tecnologia,Smartphone,2,359980,129454
8596,25,2023-04-06,Tecnologia,Monitor,1,88345,21140
8597,1096,2024-04-23,Deportes,Raqueta,1,108616,33906
8598,430,2024-06-14,Hogar,Lampara,1,102868,38108
8599,1289,2023-10-21,Tecnologia,Notebook,4,537176,169770
8600,444,2023-07-26,Deportes,Balon,3,126051,24291
8601,712,2023-07-19,Electrodomesticos,Aspiradora,1,113520,37852
8602,1496,2023-02-07,Electrodomesticos,Microondas,3,197304,74795
8603,245,2023-03-10,Deportes,Pesas,1,105257,32853
8604,1049,2024-05-20,Tecnologia,Notebook,3,453831,106993
8605,1201,2023-04-18,Electrodomesticos,Refrigerador,1,62847,11917
8606,1154,2023-06-20,Electrodomesticos,Lavadora,2,99146,23656
8607,296,2024-01-05,Hogar,Silla,3,131754,29956
8608,903,2024-05-18,Deportes,Balon,6,266208,71693
8609,14,2023-09-05,Deportes,Raqueta,2,183590,59074
8610,777,2024-02-28,Tecnologia,Notebook,5,452100,96125
8611,39,2023-02-24,Deportes,Bicicleta,1,65867,14429
8612,1394,2024-04-15,Hogar,Sofa,2,10000,2422
8613,954,2024-03-15,Deportes,Balon,2,220942,79275
8614,54,2023-11-09,Vestuario,Pantalon,2,75280,25119
8615,1385,2023-09-03,Electrodomesticos,Microondas,1,89048,21937
8616,728,2024-05-11,Deportes,Raqueta,2,12220,4580
8617,12,2024-09-23,Vestuario,Chaqueta,4,209388,44213
8618,268,2023-06-17,Vestuario,Zapatillas,3,240381,58325
8619,66,2024-04-07,Electrodomesticos,Refrigerador,2,162036,40367
8620,1315,2023-10-31,Tecnologia,Tablet,1,45229,15615
8621,923,2024-10-25,Tecnologia,Monitor,6,647904,241870
8622,815,2024-02-29,Deportes,Pesas,1,39032,12805
8623,654,2023-03-07,Electrodomesticos,Refrigerador,1,30687,11586
8624,1231,2024-02-09,Electrodomesticos,Refrigerador,1,14565,3409
8625,672,2024-11-30,Hogar,Silla,4,190776,49506
8626,48,2023-10-27,Deportes,Pesas,2,213330,50423
8627,1315,2023-08-09,Hogar,Sofa,4,304760,59984
8628,152,2023-07-18,Electrodomesticos,Refrigerador,1,139094,52079
8629,1432,2023-06-08,Deportes,Bicicleta,3,306120,97703
8630,1434,2024-12-31,Hogar,Lampara,1,54429,12008
8631,278,2023-10-13,Deportes,Raqueta,2,167900,40656
8632,516,2023-01-04,Hogar,Lampara,3,147195,46119
8633,622,2024-08-18,Electrodomesticos,Lavadora,2,52584,13677
8634,804,2023-02-01,Vestuario,Chaqueta,2,121308,24171
8635,500,2023-10-15,Tecnologia,Notebook,3,369267,72154
8636,1343,2023-02-25,Tecnologia,Notebook,4,183188,33307
8637,310,2024-10-02,Vestuario,Chaqueta,2,161974,44019
8638,203,2024-06-24,Electrodomesticos,Aspiradora,1,65363,12830
8639,1396,2023-05-02,Vestuario,Polera,3,322032,94303
8640,1167,2023-03-04,Hogar,Silla,1,23948,7198
8641,498,2024-10-15,Tecnologia,Smartphone,2,204706,55842
8642,991,2024-04-02,Vestuario,Zapatillas,1,124787,26386
8643,680,2023-07-24,Deportes,Bicicleta,3,109218,20977
8644,1367,2023-08-19,Hogar,Sofa,2,263472,98240
8645,982,2023-09-01,Hogar,Mesa,1,134661,40887
8646,287,2024-11-20,Hogar,Silla,3,480915,167084
8647,357,2024-12-30,Tecnologia,Tablet,1,94527,20389
8648,1034,2023-12-31,Electrodomesticos,Microondas,2,105864,37986
8649,590,2024-03-23,Electrodomesticos,Microondas,1,82115,28512
8650,1236,2023-10-14,Tecnologia,Notebook,2,271524,94153
8651,399,2023-01-17,Tecnologia,Monitor,1,115196,36375
8652,25,2023-06-30,Vestuario,Chaqueta,2,254404,91890
8653,300,2023-12-12,Deportes,Balon,1,83059,18182
8654,757,2023-05-06,Deportes,Pesas,6,744258,212707
8655,724,2023-08-11,Vestuario,Pantalon,3,221178,52585
8656,850,2024-05-03,Deportes,Balon,2,245976,54583
8657,144,2024-04-09,Electrodomesticos,Lavadora,3,375978,91458
8658,1049,2023-08-03,Electrodomesticos,Lavadora,2,305798,80308
8659,278,2023-09-29,Tecnologia,Smartphone,1,33385,7353
8660,309,2023-09-07,Tecnologia,Smartphone,1,81624,17154
8661,92,2024-08-19,Deportes,Raqueta,3,313116,107941
8662,413,2024-09-10,Tecnologia,Smartphone,1,62741,13831
8663,997,2024-08-07,Hogar,Silla,1,116325,23309
8664,849,2023-04-05,Electrodomesticos,Refrigerador,2,96444,28396
8665,1375,2024-11-25,Hogar,Mesa,3,260373,65392
8666,783,2024-03-01,Tecnologia,Tablet,2,158226,47154
8667,57,2024-02-14,Electrodomesticos,Microondas,3,239097,88385
8668,946,2024-02-10,Tecnologia,Notebook,1,101656,25816
8669,1416,2023-09-12,Vestuario,Polera,5,539800,176012
8670,1388,2024-08-21,Tecnologia,Monitor,1,90405,24213
8671,1260,2023-07-26,Electrodomesticos,Lavadora,2,90348,33858
8672,1405,2024-12-05,Hogar,Silla,2,306570,95906
8673,1412,2023-05-22,Deportes,Pesas,1,60743,22519
8674,1318,2023-04-12,Hogar,Silla,1,146633,54234
8675,255,2023-01-03,Hogar,Mesa,1,179212,62818
8676,937,2023-10-22,Electrodomesticos,Refrigerador,1,74362,26228
8677,957,2024-09-06,Vestuario,Zapatillas,3,418758,116782
8678,1107,2023-10-03,Electrodomesticos,Microondas,4,193604,53901
8679,1412,2024-03-15,Hogar,Silla,2,75172,22847
8680,919,2024-07-13,Hogar,Sofa,2,145076,50603
8681,1348,2024-08-01,Electrodomesticos,Lavadora,4,247168,82980
8682,147,2023-10-22,Hogar,Mesa,2,316264,98156
8683,867,2024-05-22,Vestuario,Polera,4,259676,85382
8684,171,2024-08-07,Electrodomesticos,Lavadora,2,64016,15892
8685,676,2024-05-14,Electrodomesticos,Lavadora,2,164542,44803
8686,395,2024-12-24,Hogar,Lampara,2,220344,59257
8687,232,2024-02-03,Tecnologia,Notebook,5,359565,133042
8688,1186,2023-11-10,Electrodomesticos,Refrigerador,1,140995,27776
8689,334,2023-07-27,Electrodomesticos,Aspiradora,2,263638,75556
8690,1204,2024-02-01,Tecnologia,Notebook,1,114229,43053
8691,813,2024-12-15,Vestuario,Chaqueta,4,251788,77018
8692,1459,2024-03-20,Vestuario,Chaqueta,1,95356,19533
8693,227,2023-03-28,Tecnologia,Smartphone,3,15000,5001
8694,950,2024-09-22,Electrodomesticos,Refrigerador,3,451149,140493
8695,846,2024-09-27,Vestuario,Polera,4,482188,154004
8696,1427,2024-08-31,Vestuario,Chaqueta,3,221508,71756
8697,720,2023-02-26,Vestuario,Chaqueta,3,125424,43186
8698,474,2023-11-16,Deportes,Raqueta,2,244482,65393
8699,1242,2024-11-14,Vestuario,Zapatillas,4,461092,146689
8700,1189,2024-01-26,Electrodomesticos,Microondas,3,173508,49537
8701,25,2023-04-18,Electrodomesticos,Lavadora,1,41883,14343
8702,790,2024-10-26,Hogar,Silla,2,94254,33156
8703,1182,2024-04-11,Hogar,Sofa,3,127683,40871
8704,1014,2023-02-25,Electrodomesticos,Refrigerador,1,116817,25734
8705,676,2023-08-18,Vestuario,Zapatillas,3,80862,27047
8706,809,2023-04-26,Vestuario,Zapatillas,4,355792,106283
8707,1092,2024-11-12,Tecnologia,Smartphone,2,206046,78139
8708,204,2023-06-08,Tecnologia,Smartphone,2,281788,81520
8709,901,2024-06-16,Vestuario,Polera,2,260482,90363
8710,1474,2023-02-22,Electrodomesticos,Refrigerador,1,72633,23228
8711,1338,2024-11-21,Deportes,Raqueta,1,56318,14764
8712,1228,2024-01-19,Electrodomesticos,Lavadora,2,123170,38993
8713,280,2024-03-14,Tecnologia,Monitor,2,221582,43920
8714,337,2023-10-28,Hogar,Silla,2,156504,50174
8715,680,2024-05-29,Deportes,Pesas,2,159810,40782
8716,1226,2024-02-20,Tecnologia,Notebook,1,193543,68144
8717,193,2024-09-25,Deportes,Balon,3,402273,81579
8718,1085,2024-12-11,Hogar,Lampara,5,192690,67394
8719,880,2023-04-30,Deportes,Balon,1,100559,31756
8720,91,2024-01-13,Hogar,Mesa,1,194631,54030
8721,640,2024-10-30,Electrodomesticos,Lavadora,1,86846,18973
8722,1412,2023-04-24,Tecnologia,Tablet,2,225148,72596
8723,303,2024-07-05,Tecnologia,Tablet,1,81901,25075
8724,1463,2023-02-05,Tecnologia,Notebook,3,330687,118113
8725,1066,2023-01-26,Hogar,Mesa,3,166032,34331
8726,766,2024-10-25,Hogar,Lampara,2,266282,90858
8727,226,2023-03-28,Tecnologia,Smartphone,5,767395,205614
8728,914,2024-10-02,Hogar,Silla,1,72943,16911
8729,4,2024-09-14,Hogar,Mesa,1,138967,41922
8730,181,2024-02-24,Deportes,Pesas,3,16929,3275
8731,1041,2024-07-08,Deportes,Pesas,5,314045,81055
8732,957,2024-08-14,Tecnologia,Monitor,1,120594,32476
8733,1284,2024-10-15,Tecnologia,Monitor,3,283170,99230
8734,1213,2024-07-17,Electrodomesticos,Aspiradora,1,58629,11068
8735,1288,2024-11-04,Vestuario,Zapatillas,2,220050,55271
8736,354,2023-12-23,Deportes,Bicicleta,3,231405,82367
8737,1458,2023-06-03,Tecnologia,Smartphone,3,380544,86740
8738,675,2024-04-13,Deportes,Balon,1,139563,47608
8739,352,2023-10-22,Hogar,Sofa,2,122106,25771
8740,490,2024-01-03,Tecnologia,Notebook,1,112715,42152
8741,1311,2024-04-08,Vestuario,Chaqueta,1,95999,26321
8742,485,2024-02-19,Vestuario,Chaqueta,3,272382,91980
8743,873,2023-03-09,Electrodomesticos,Microondas,2,127958,25330
8744,761,2023-12-12,Tecnologia,Smartphone,2,128794,34103
8745,1094,2023-02-21,Vestuario,Polera,2,327330,78296
8746,383,2024-12-06,Vestuario,Chaqueta,2,277462,80636
8747,1333,2024-10-11,Electrodomesticos,Microondas,1,18376,4611
8748,1196,2023-02-14,Deportes,Pesas,2,163894,56081
8749,833,2024-12-18,Electrodomesticos,Refrigerador,2,220898,53001
8750,445,2024-02-02,Hogar,Silla,1,34227,11977
8751,469,2024-04-28,Tecnologia,Smartphone,1,15232,5005
8752,86,2023-07-18,Electrodomesticos,Lavadora,7,359877,122638
8753,1128,2023-08-21,Hogar,Sofa,2,162260,38329
8754,946,2023-12-10,Deportes,Pesas,4,403312,132073
8755,1213,2023-10-21,Hogar,Lampara,2,147972,45922
8756,530,2023-08-01,Hogar,Lampara,3,145626,42710
8757,1439,2024-04-25,Vestuario,Pantalon,2,101678,18607
8758,523,2023-01-02,Electrodomesticos,Aspiradora,2,117330,43072
8759,1200,2024-05-25,Tecnologia,Notebook,1,175543,46182
8760,475,2023-05-04,Deportes,Bicicleta,1,147090,28580
8761,1289,2023-06-21,Deportes,Bicicleta,1,141081,43936
8762,992,2024-10-16,Hogar,Sofa,3,294768,99189
8763,1112,2023-02-21,Hogar,Silla,4,261332,50242
8764,215,2024-02-18,Tecnologia,Monitor,2,82926,28595
8765,1073,2024-04-01,Deportes,Bicicleta,3,298353,90888
8766,1476,2023-05-02,Hogar,Lampara,1,86413,22307
8767,1371,2023-02-01,Hogar,Mesa,3,229116,72081
8768,418,2024-11-08,Vestuario,Polera,2,242624,76969
8769,533,2024-06-04,Hogar,Mesa,1,50320,16869
8770,1181,2023-04-22,Tecnologia,Notebook,2,42030,10172
8771,1218,2023-12-06,Deportes,Raqueta,4,278476,65148
8772,905,2024-06-28,Vestuario,Chaqueta,2,247220,48468
8773,83,2023-10-01,Vestuario,Chaqueta,2,118280,26583
8774,544,2024-12-31,Electrodomesticos,Aspiradora,4,455980,119817
8775,1285,2024-01-25,Electrodomesticos,Aspiradora,1,42950,13701
8776,1357,2024-03-15,Vestuario,Chaqueta,1,116755,31192
8777,264,2024-07-22,Deportes,Bicicleta,3,148518,40336
8778,575,2023-11-01,Deportes,Bicicleta,3,117036,35233
8779,1343,2024-03-28,Deportes,Raqueta,1,84360,21168
8780,1120,2023-07-26,Deportes,Bicicleta,4,489628,173410
8781,1134,2024-11-03,Hogar,Sofa,2,260448,74821
8782,870,2023-03-29,Vestuario,Chaqueta,4,685696,174060
8783,368,2024-02-07,Hogar,Silla,1,155406,37397
8784,195,2024-12-07,Vestuario,Zapatillas,1,106075,27636
8785,383,2024-06-27,Deportes,Bicicleta,1,128435,33751
8786,56,2024-04-04,Electrodomesticos,Lavadora,1,150344,40140
8787,1304,2023-01-14,Electrodomesticos,Refrigerador,1,51565,14783
8788,99,2024-11-29,Hogar,Silla,4,131520,43713
8789,1178,2023-08-18,Electrodomesticos,Microondas,1,99920,36360
8790,972,2024-01-03,Electrodomesticos,Refrigerador,1,95475,31466
8791,966,2024-04-16,Tecnologia,Tablet,2,136872,35692
8792,875,2024-10-11,Tecnologia,Tablet,2,227644,78820
8793,630,2024-01-18,Vestuario,Chaqueta,1,77500,22450
8794,294,2023-03-23,Vestuario,Zapatillas,1,76050,21111
8795,600,2023-03-05,Hogar,Lampara,1,36323,7625
8796,370,2024-07-31,Hogar,Silla,3,173079,52112
8797,884,2024-11-14,Tecnologia,Tablet,2,345774,62829
8798,251,2023-02-24,Deportes,Balon,6,563118,115236
8799,665,2023-10-07,Electrodomesticos,Lavadora,1,90544,33432
8800,6,2023-05-19,Deportes,Raqueta,3,196089,61574
8801,372,2023-01-17,Deportes,Balon,1,132825,26072
8802,455,2023-10-25,Hogar,Mesa,1,134863,43900
8803,632,2024-04-02,Vestuario,Zapatillas,2,82930,17312
8804,1302,2024-02-02,Vestuario,Polera,5,890430,254542
8805,119,2024-06-19,Tecnologia,Tablet,4,508000,96483
8806,1120,2024-05-06,Tecnologia,Tablet,1,132865,32348
8807,31,2023-08-03,Hogar,Lampara,2,116792,38511
8808,417,2024-05-30,Vestuario,Pantalon,3,467574,117017
8809,1304,2024-02-02,Tecnologia,Smartphone,2,267790,96397
8810,841,2023-08-08,Vestuario,Pantalon,1,24343,6170
8811,422,2023-12-07,Tecnologia,Notebook,2,296784,88819
8812,697,2024-02-12,Hogar,Silla,3,171732,44624
8813,354,2024-08-24,Vestuario,Polera,8,1034928,276222
8814,992,2023-08-19,Deportes,Pesas,1,94537,20985
8815,94,2023-09-10,Tecnologia,Notebook,1,147264,50003
8816,1490,2024-12-16,Deportes,Balon,3,218262,55521
8817,1273,2023-01-28,Tecnologia,Tablet,1,76391,14637
8818,52,2024-12-20,Electrodomesticos,Microondas,2,136744,31522
8819,4,2024-07-06,Tecnologia,Notebook,5,634570,213865
8820,607,2023-10-10,Electrodomesticos,Lavadora,2,100924,28738
8821,984,2023-04-10,Deportes,Bicicleta,1,71318,20671
8822,650,2024-05-20,Electrodomesticos,Aspiradora,1,87898,21131
8823,410,2023-03-05,Electrodomesticos,Microondas,3,158220,37268
8824,1480,2023-04-06,Deportes,Balon,3,443955,81116
8825,1425,2023-12-01,Vestuario,Chaqueta,3,171369,48509
8826,58,2023-08-27,Tecnologia,Tablet,6,612504,153847
8827,1323,2023-12-01,Deportes,Bicicleta,1,137399,35226
8828,797,2023-08-22,Hogar,Mesa,2,149560,48755
8829,95,2024-05-24,Tecnologia,Notebook,1,138963,34003
8830,537,2024-08-10,Tecnologia,Monitor,1,170081,46454
8831,214,2024-03-12,Deportes,Balon,4,238268,72243
8832,1480,2024-10-20,Tecnologia,Monitor,2,99580,31335
8833,710,2024-01-19,Deportes,Bicicleta,4,295624,111690
8834,1139,2023-08-10,Vestuario,Chaqueta,1,109703,30061
8835,88,2023-12-12,Vestuario,Zapatillas,6,1025994,255969
8836,577,2023-01-10,Hogar,Mesa,1,99672,21909
8837,401,2024-01-02,Hogar,Mesa,2,116360,38528
8838,1080,2023-12-12,Tecnologia,Notebook,1,37377,9600
8839,751,2023-01-21,Electrodomesticos,Aspiradora,1,37742,10525
8840,772,2024-10-10,Deportes,Raqueta,4,45236,16411
8841,406,2024-03-19,Hogar,Silla,1,84023,23057
8842,919,2024-04-25,Electrodomesticos,Lavadora,1,63374,18313
8843,1234,2024-11-23,Vestuario,Chaqueta,1,158508,52764
8844,117,2023-04-21,Vestuario,Pantalon,1,86217,19714
8845,291,2024-08-02,Vestuario,Polera,1,134128,48346
8846,606,2024-10-29,Hogar,Lampara,1,37131,10474
8847,64,2024-06-03,Deportes,Raqueta,3,310941,111488
8848,790,2023-04-26,Hogar,Silla,1,70725,26716
8849,759,2024-08-28,Electrodomesticos,Microondas,3,135669,34926
8850,795,2024-08-07,Deportes,Balon,1,99671,29587
8851,528,2023-08-13,Tecnologia,Smartphone,1,123320,42580
8852,200,2024-09-30,Electrodomesticos,Lavadora,1,100261,33963
8853,162,2023-01-09,Deportes,Pesas,2,233180,74477
8854,600,2023-03-14,Deportes,Balon,3,293760,109937
8855,679,2023-03-06,Hogar,Lampara,1,127468,35059
8856,1202,2023-12-28,Hogar,Mesa,1,63721,17020
8857,519,2023-03-26,Electrodomesticos,Refrigerador,1,52123,14834
8858,1235,2023-05-26,Hogar,Lampara,5,560270,124916
8859,114,2023-09-18,Deportes,Balon,1,109299,19997
8860,387,2023-04-04,Deportes,Bicicleta,6,146844,51584
8861,809,2024-02-22,Electrodomesticos,Microondas,3,235908,70874
8862,267,2023-08-11,Tecnologia,Monitor,4,466052,154927
8863,1101,2023-04-10,Hogar,Mesa,4,473852,140147
8864,482,2024-05-28,Hogar,Silla,4,485620,94537
8865,1171,2024-08-01,Tecnologia,Notebook,3,444270,128876
8866,1178,2024-01-24,Hogar,Silla,1,95985,26175
8867,380,2023-10-04,Hogar,Sofa,1,59222,17993
8868,381,2024-03-09,Deportes,Bicicleta,1,75496,24792
8869,524,2023-11-12,Electrodomesticos,Aspiradora,1,145494,42204
8870,413,2024-12-27,Tecnologia,Monitor,1,125042,45666
8871,459,2023-01-20,Tecnologia,Tablet,6,606252,117018
8872,1368,2023-09-07,Tecnologia,Tablet,1,114921,23482
8873,739,2023-06-28,Electrodomesticos,Lavadora,4,446412,102685
8874,1413,2023-02-10,Hogar,Silla,1,91204,18964
8875,116,2023-01-19,Tecnologia,Tablet,5,400295,89360
8876,1041,2024-12-26,Deportes,Pesas,1,156749,35142
8877,993,2023-07-05,Electrodomesticos,Aspiradora,2,142606,28059
8878,325,2023-02-25,Deportes,Raqueta,2,348494,131110
8879,1306,2023-11-08,Electrodomesticos,Refrigerador,1,93426,31334
8880,527,2024-07-05,Hogar,Mesa,2,62324,18870
8881,528,2024-08-23,Electrodomesticos,Lavadora,2,268680,101261
8882,67,2024-10-30,Vestuario,Polera,1,154379,57155
8883,871,2024-04-19,Hogar,Mesa,1,146166,28412
8884,1070,2024-09-06,Electrodomesticos,Lavadora,4,546612,172899
8885,16,2023-07-28,Electrodomesticos,Lavadora,1,103292,27797
8886,854,2023-10-02,Deportes,Balon,1,77938,18744
8887,277,2023-07-11,Tecnologia,Tablet,1,25652,7182
8888,1220,2023-04-16,Hogar,Sofa,4,234268,84668
8889,572,2023-08-21,Vestuario,Polera,1,103873,29110
8890,1372,2023-08-24,Electrodomesticos,Lavadora,3,324396,89052
8891,948,2023-05-28,Vestuario,Chaqueta,3,257463,60423
8892,515,2024-04-01,Deportes,Balon,3,311463,100717
8893,290,2024-03-28,Electrodomesticos,Lavadora,4,646292,240522
8894,1184,2024-09-21,Vestuario,Chaqueta,1,127291,28536
8895,302,2024-04-01,Deportes,Pesas,1,68315,17608
8896,1474,2023-12-14,Hogar,Mesa,3,343899,62352
8897,505,2023-11-30,Deportes,Raqueta,1,144238,42479
8898,995,2024-01-12,Deportes,Pesas,1,120958,22837
8899,702,2024-02-12,Electrodomesticos,Aspiradora,1,5000,1877
8900,1041,2023-08-04,Tecnologia,Notebook,1,58661,14049
8901,1118,2023-02-26,Deportes,Pesas,2,255574,58366
8902,1072,2024-01-24,Deportes,Bicicleta,2,153984,44931
8903,365,2024-07-17,Electrodomesticos,Microondas,4,433852,133221
8904,186,2023-11-15,Tecnologia,Monitor,1,86114,19115
8905,263,2024-08-07,Hogar,Mesa,3,439509,93524
8906,1018,2024-03-14,Deportes,Raqueta,1,128784,33251
8907,977,2023-10-05,Deportes,Pesas,1,78952,19643
8908,560,2023-11-13,Tecnologia,Tablet,2,179298,38190
8909,701,2024-07-09,Electrodomesticos,Microondas,4,137408,34323
8910,1309,2024-05-14,Hogar,Silla,1,167830,55318
8911,1299,2024-04-28,Vestuario,Chaqueta,3,417234,82699
8912,477,2024-11-18,Hogar,Silla,1,74342,24810
8913,1479,2023-04-05,Electrodomesticos,Microondas,2,78712,22596
8914,3,2023-04-17,Electrodomesticos,Lavadora,2,125650,41478
8915,692,2023-06-03,Tecnologia,Tablet,1,130064,36249
8916,18,2024-01-17,Tecnologia,Smartphone,3,304947,89600
8917,1394,2024-02-21,Electrodomesticos,Aspiradora,1,83750,28704
8918,261,2023-04-02,Electrodomesticos,Aspiradora,3,444231,133879
8919,1422,2023-01-02,Vestuario,Chaqueta,2,161466,51688
8920,400,2023-01-06,Electrodomesticos,Refrigerador,1,87058,17612
8921,538,2024-06-02,Vestuario,Pantalon,3,442659,86546
8922,133,2023-07-23,Vestuario,Chaqueta,1,110190,26423
8923,1263,2023-04-05,Deportes,Pesas,2,338342,82995
8924,819,2023-03-28,Tecnologia,Notebook,4,591784,202132
8925,281,2023-05-17,Vestuario,Polera,1,90615,34129
8926,1455,2024-06-21,Tecnologia,Monitor,2,293412,66399
8927,1471,2023-09-28,Electrodomesticos,Aspiradora,1,169925,62918
8928,1340,2023-08-30,Deportes,Bicicleta,2,158808,29092
8929,201,2024-05-18,Deportes,Raqueta,3,266859,100174
8930,652,2023-09-16,Electrodomesticos,Lavadora,3,256122,74148
8931,73,2023-10-23,Tecnologia,Monitor,4,157872,35215
8932,1421,2023-04-20,Tecnologia,Monitor,3,230973,82420
8933,1174,2023-08-10,Electrodomesticos,Aspiradora,1,81787,19554
8934,588,2024-11-30,Tecnologia,Tablet,3,274095,94459
8935,274,2023-02-13,Vestuario,Polera,1,136582,42371
8936,495,2024-06-24,Electrodomesticos,Aspiradora,1,18962,6341
8937,1457,2024-06-21,Deportes,Raqueta,3,250230,63909
8938,1010,2023-02-07,Deportes,Bicicleta,4,264616,99604
8939,314,2023-11-27,Deportes,Bicicleta,3,279174,105634
8940,246,2024-09-16,Vestuario,Chaqueta,4,439944,160716
8941,1033,2024-02-19,Tecnologia,Notebook,2,228652,81098
8942,1009,2024-03-15,Tecnologia,Monitor,5,568890,150599
8943,804,2023-04-08,Deportes,Bicicleta,1,147999,44318
8944,1186,2024-05-25,Electrodomesticos,Microondas,1,70464,16743
8945,670,2024-05-20,Vestuario,Zapatillas,1,164670,41743
8946,630,2024-10-28,Vestuario,Chaqueta,1,105880,31726
8947,423,2023-10-10,Electrodomesticos,Aspiradora,2,115486,21279
8948,1350,2024-01-03,Electrodomesticos,Lavadora,2,303690,67000
8949,37,2023-12-06,Electrodomesticos,Microondas,1,90444,19505
8950,1072,2024-01-14,Electrodomesticos,Lavadora,1,84830,17317
8951,478,2024-08-25,Deportes,Balon,4,20000,5046
8952,1242,2024-09-07,Vestuario,Chaqueta,2,47368,17287
8953,674,2024-02-16,Tecnologia,Smartphone,3,581826,164737
8954,1488,2024-09-15,Deportes,Bicicleta,1,110610,40465
8955,1232,2024-04-23,Hogar,Silla,1,50966,16748
8956,26,2023-12-23,Deportes,Bicicleta,1,77988,28349
8957,285,2023-08-31,Electrodomesticos,Aspiradora,2,165846,33859
8958,468,2024-08-25,Deportes,Pesas,1,113156,28523
8959,305,2024-05-01,Tecnologia,Monitor,2,138542,49684
8960,885,2023-07-10,Tecnologia,Notebook,2,131438,41515
8961,477,2023-04-19,Vestuario,Chaqueta,2,264042,61722
8962,134,2023-05-09,Vestuario,Chaqueta,1,76646,16251
8963,1494,2024-10-27,Hogar,Lampara,3,103077,20591
8964,1036,2023-12-07,Deportes,Balon,3,239499,89978
8965,764,2023-12-12,Vestuario,Pantalon,2,270584,65316
8966,639,2024-04-14,Tecnologia,Smartphone,2,152990,55721
8967,676,2024-03-02,Deportes,Balon,1,27517,5836
8968,802,2024-06-09,Deportes,Raqueta,2,158888,33651
8969,438,2023-10-26,Tecnologia,Monitor,3,344055,91907
8970,1139,2024-04-14,Electrodomesticos,Refrigerador,1,71319,17688
8971,1285,2024-11-01,Electrodomesticos,Microondas,1,61043,18411
8972,1482,2024-02-18,Electrodomesticos,Microondas,1,101489,20441
8973,689,2023-10-08,Hogar,Silla,1,32417,6600
8974,993,2023-08-15,Deportes,Balon,2,155892,29477
8975,298,2023-09-19,Hogar,Mesa,4,418688,84691
8976,489,2023-01-08,Tecnologia,Notebook,1,90135,31546
8977,726,2024-03-05,Electrodomesticos,Lavadora,1,161125,55155
8978,1424,2024-01-07,Electrodomesticos,Microondas,2,224142,47351
8979,802,2023-05-07,Vestuario,Polera,3,351267,102209
8980,780,2023-05-03,Vestuario,Polera,4,237712,56628
8981,561,2023-09-01,Electrodomesticos,Microondas,1,110890,20054
8982,965,2024-08-23,Vestuario,Chaqueta,2,215238,51394
8983,10,2024-06-26,Hogar,Sofa,3,253023,54148
8984,1394,2024-04-27,Electrodomesticos,Aspiradora,1,77677,28761
8985,1451,2023-01-18,Electrodomesticos,Lavadora,1,53431,19740
8986,660,2023-06-04,Deportes,Bicicleta,3,51681,13203
8987,942,2023-04-21,Electrodomesticos,Aspiradora,2,75786,17435
8988,927,2024-05-13,Deportes,Pesas,1,123048,33706
8989,1038,2023-06-07,Deportes,Pesas,1,78320,20939
8990,235,2024-06-13,Tecnologia,Smartphone,1,132844,35305
8991,1000,2024-03-12,Vestuario,Pantalon,2,109676,31426
8992,313,2024-03-03,Deportes,Raqueta,5,446730,105037
8993,855,2023-11-15,Vestuario,Polera,1,119631,43382
8994,33,2024-06-25,Deportes,Pesas,3,373089,89320
8995,345,2023-02-28,Hogar,Sofa,2,205684,62782
8996,566,2024-03-17,Vestuario,Polera,1,178218,52287
8997,99,2023-05-24,Deportes,Balon,2,126064,37280
8998,469,2024-05-25,Electrodomesticos,Microondas,4,100684,21970
8999,448,2024-01-01,Electrodomesticos,Aspiradora,1,82072,23095
9000,61,2023-09-15,Vestuario,Polera,2,93994,24013
9001,1169,2023-11-04,Vestuario,Chaqueta,5,231765,46717
9002,574,2024-08-21,Hogar,Sofa,5,298030,98437
9003,769,2023-09-26,Hogar,Sofa,2,248036,64923
9004,1262,2024-09-13,Electrodomesticos,Lavadora,4,177120,40711
9005,1091,2023-11-08,Vestuario,Zapatillas,1,9711,1972
9006,667,2024-03-29,Deportes,Pesas,2,167340,47692
9007,1208,2024-05-19,Vestuario,Zapatillas,4,412792,155938
9008,411,2024-07-11,Tecnologia,Tablet,2,10000,3058
9009,706,2024-12-21,Vestuario,Polera,1,98220,25813
9010,584,2024-11-22,Electrodomesticos,Lavadora,3,231306,61140
9011,260,2023-08-01,Hogar,Silla,1,70591,14572
9012,237,2023-04-01,Electrodomesticos,Aspiradora,2,152186,40679
9013,407,2024-12-08,Electrodomesticos,Lavadora,2,54880,15874
9014,933,2024-11-01,Deportes,Balon,1,115135,43226
9015,159,2023-10-30,Hogar,Lampara,4,325752,85895
9016,190,2023-06-22,Hogar,Lampara,3,304035,99428
9017,1017,2023-09-09,Electrodomesticos,Refrigerador,1,99648,35164
9018,40,2024-12-19,Hogar,Silla,1,24930,7946
9019,858,2024-05-23,Electrodomesticos,Aspiradora,4,575756,117967
9020,1023,2023-11-29,Deportes,Balon,6,607266,134424
9021,128,2023-05-10,Vestuario,Zapatillas,1,125017,29468
9022,908,2024-04-21,Deportes,Pesas,3,355524,121371
9023,42,2023-04-09,Tecnologia,Monitor,2,134822,29102
9024,1002,2024-06-21,Vestuario,Zapatillas,3,266625,66395
9025,1358,2023-10-14,Tecnologia,Monitor,3,248784,81238
9026,626,2023-05-04,Deportes,Pesas,3,195831,71095
9027,839,2023-01-14,Electrodomesticos,Refrigerador,2,245840,55325
9028,1318,2024-07-27,Vestuario,Polera,1,67924,22424
9029,1448,2024-04-14,Deportes,Raqueta,1,79960,26644
9030,383,2023-12-26,Deportes,Pesas,1,156704,37314
9031,6,2023-10-14,Vestuario,Polera,5,554010,210183
9032,115,2023-08-07,Deportes,Raqueta,1,67310,21918
9033,685,2023-08-07,Tecnologia,Notebook,3,172716,33544
9034,54,2023-11-13,Tecnologia,Tablet,1,76252,28872
9035,59,2023-03-25,Tecnologia,Smartphone,6,1004196,304579
9036,964,2023-08-15,Hogar,Mesa,1,75217,21318
9037,702,2023-04-02,Electrodomesticos,Aspiradora,1,88045,27744
9038,133,2024-06-19,Electrodomesticos,Lavadora,3,129912,47453
9039,1301,2024-05-27,Hogar,Sofa,2,204204,70749
9040,317,2023-10-19,Tecnologia,Monitor,1,88114,16218
9041,665,2023-03-31,Electrodomesticos,Aspiradora,1,108185,37610
9042,1467,2024-10-04,Deportes,Balon,2,150422,37267
9043,301,2023-02-10,Electrodomesticos,Lavadora,2,88800,16268
9044,1350,2023-06-10,Vestuario,Chaqueta,1,170650,58134
9045,324,2023-06-08,Electrodomesticos,Refrigerador,1,118173,26352
9046,76,2024-10-25,Hogar,Mesa,1,16075,3540
9047,1221,2024-03-30,Tecnologia,Tablet,1,43569,16413
9048,1484,2023-07-03,Deportes,Pesas,2,178720,33977
9049,1043,2023-11-09,Tecnologia,Notebook,1,175561,46366
9050,397,2023-06-25,Electrodomesticos,Refrigerador,3,211110,46803
9051,165,2023-11-17,Tecnologia,Notebook,1,26079,6970
9052,1330,2023-07-25,Electrodomesticos,Lavadora,1,95419,27664
9053,1495,2024-08-13,Tecnologia,Monitor,1,108413,39103
9054,751,2023-03-09,Deportes,Pesas,1,105078,29540
9055,872,2023-10-07,Vestuario,Polera,4,433116,101570
9056,862,2024-04-02,Deportes,Raqueta,3,74625,13700
9057,600,2023-02-25,Tecnologia,Tablet,1,65951,23284
9058,254,2023-07-01,Deportes,Raqueta,2,243226,50809
9059,296,2024-01-12,Deportes,Raqueta,2,130746,27374
9060,189,2024-05-29,Vestuario,Zapatillas,2,10000,3130
9061,458,2023-10-19,Deportes,Pesas,2,220118,59116
9062,1162,2023-09-05,Electrodomesticos,Refrigerador,3,85911,19849
9063,633,2024-08-14,Tecnologia,Monitor,2,197572,53380
9064,28,2024-07-22,Hogar,Silla,1,57343,13262
9065,1077,2023-02-11,Hogar,Mesa,2,375306,107165
9066,472,2023-06-17,Hogar,Sofa,2,132924,39078
9067,988,2024-09-30,Deportes,Bicicleta,2,232610,55663
9068,883,2023-03-06,Electrodomesticos,Refrigerador,2,56770,15310
9069,1147,2023-05-20,Electrodomesticos,Lavadora,1,63105,11656
9070,338,2023-04-03,Electrodomesticos,Lavadora,1,97977,35377
9071,435,2024-10-03,Electrodomesticos,Lavadora,1,117093,33792
9072,578,2023-01-15,Deportes,Pesas,1,86441,30726
9073,505,2023-08-10,Hogar,Mesa,4,363604,69350
9074,952,2024-11-20,Vestuario,Chaqueta,2,202900,42692
9075,608,2023-03-21,Electrodomesticos,Lavadora,1,125688,31104
9076,261,2023-11-21,Hogar,Mesa,4,20000,7023
9077,900,2024-05-07,Deportes,Bicicleta,3,319362,102180
9078,381,2024-07-03,Deportes,Pesas,2,142360,27479
9079,130,2023-05-26,Electrodomesticos,Refrigerador,1,85407,23866
9080,270,2024-10-14,Tecnologia,Smartphone,1,93744,32422
9081,1182,2023-06-22,Vestuario,Polera,1,92044,20252
9082,390,2023-12-24,Deportes,Bicicleta,2,143728,44916
9083,121,2023-02-23,Tecnologia,Smartphone,3,414759,121497
9084,1097,2024-01-26,Hogar,Sofa,2,355954,79296
9085,1377,2024-11-26,Hogar,Sofa,2,42576,8784
9086,1071,2024-12-24,Tecnologia,Tablet,3,15000,5160
9087,1431,2024-08-21,Vestuario,Zapatillas,1,96257,35154
9088,235,2024-10-03,Deportes,Balon,3,226005,42334
9089,1475,2023-02-24,Electrodomesticos,Refrigerador,5,357070,135381
9090,1227,2023-07-04,Deportes,Balon,1,107786,23545
9091,1117,2023-03-26,Hogar,Mesa,2,234026,53092
9092,623,2023-12-15,Tecnologia,Notebook,1,69842,26274
9093,794,2023-05-26,Vestuario,Zapatillas,4,255676,70502
9094,1479,2024-12-05,Vestuario,Polera,3,267552,93676
9095,912,2024-07-06,Vestuario,Pantalon,2,124710,38769
9096,719,2023-09-20,Deportes,Raqueta,2,160426,39102
9097,1365,2024-12-16,Tecnologia,Smartphone,4,440996,96461
9098,162,2023-01-23,Tecnologia,Tablet,3,340050,116847
9099,1159,2024-07-17,Deportes,Pesas,1,74056,16977
9100,758,2024-10-16,Hogar,Mesa,2,223894,82412
9101,1491,2024-07-12,Vestuario,Chaqueta,1,171958,41434
9102,778,2023-01-20,Deportes,Pesas,1,78759,29829
9103,291,2024-02-12,Hogar,Lampara,1,65422,22423
9104,250,2023-01-04,Hogar,Silla,4,406436,132429
9105,819,2024-09-13,Deportes,Pesas,3,299736,72072
9106,601,2023-05-22,Vestuario,Chaqueta,1,110582,35300
9107,1131,2023-03-03,Electrodomesticos,Microondas,1,71677,23842
9108,525,2023-04-30,Electrodomesticos,Aspiradora,2,57146,14799
9109,1174,2024-06-16,Deportes,Balon,3,359004,130027
9110,719,2024-03-08,Hogar,Lampara,3,270651,52248
9111,1316,2024-10-21,Electrodomesticos,Aspiradora,2,227704,45331
9112,124,2023-08-03,Hogar,Sofa,3,295605,71557
9113,427,2024-06-05,Tecnologia,Tablet,1,86641,26463
9114,206,2024-04-19,Deportes,Pesas,1,138698,38354
9115,1174,2024-05-02,Tecnologia,Monitor,5,410385,145197
9116,96,2023-12-03,Vestuario,Zapatillas,1,105674,33881
9117,872,2023-09-09,Hogar,Silla,2,142772,53887
9118,351,2024-08-31,Tecnologia,Monitor,4,418520,133168
9119,297,2024-05-28,Hogar,Lampara,3,183735,50709
9120,1038,2024-10-01,Hogar,Silla,2,113958,33484
9121,1163,2023-06-20,Tecnologia,Tablet,2,207238,41782
9122,588,2023-11-26,Deportes,Balon,6,773796,185856
9123,694,2023-01-24,Vestuario,Pantalon,3,183114,43213
9124,1060,2024-02-02,Hogar,Sofa,3,15000,4641
9125,1430,2023-03-16,Hogar,Mesa,2,152624,33361
9126,1276,2024-04-17,Deportes,Balon,2,244026,92005
9127,179,2024-07-06,Hogar,Mesa,1,152356,49882
9128,666,2023-07-10,Deportes,Bicicleta,2,127356,45862
9129,746,2024-07-29,Hogar,Lampara,2,242008,63439
9130,1403,2024-04-24,Tecnologia,Tablet,1,115992,27382
9131,576,2024-04-26,Vestuario,Polera,2,214462,75675
9132,891,2024-01-10,Vestuario,Zapatillas,1,109484,35110
9133,223,2024-10-28,Vestuario,Pantalon,3,289548,66470
9134,527,2023-11-27,Tecnologia,Notebook,1,63552,12485
9135,1434,2023-11-10,Vestuario,Zapatillas,3,194523,70936
9136,1291,2023-01-05,Vestuario,Chaqueta,2,148030,34173
9137,39,2023-02-01,Tecnologia,Monitor,1,118812,34563
9138,161,2023-11-13,Hogar,Lampara,1,112792,24935
9139,1273,2023-04-17,Electrodomesticos,Refrigerador,2,169484,60779
9140,1003,2023-09-20,Deportes,Raqueta,1,73945,21741
9141,1214,2023-05-07,Electrodomesticos,Refrigerador,1,30194,5921
9142,549,2023-08-05,Tecnologia,Smartphone,4,331108,66364
9143,1170,2023-08-06,Hogar,Silla,1,121161,23331
9144,803,2023-03-07,Electrodomesticos,Lavadora,1,108306,36495
9145,1346,2024-10-07,Tecnologia,Notebook,2,151602,45808
9146,618,2023-12-24,Electrodomesticos,Microondas,2,132404,32129
9147,144,2024-02-09,Hogar,Silla,1,81861,23683
9148,1254,2023-08-25,Deportes,Bicicleta,2,190238,55889
9149,739,2024-02-23,Vestuario,Zapatillas,2,242126,52940
9150,344,2024-11-06,Tecnologia,Notebook,2,154156,56610
9151,852,2024-10-10,Vestuario,Chaqueta,2,115108,32267
9152,1146,2024-09-27,Electrodomesticos,Refrigerador,2,226452,47175
9153,1161,2024-05-27,Vestuario,Pantalon,1,37638,6796
9154,319,2023-07-25,Vestuario,Polera,4,357496,78236
9155,434,2024-01-16,Vestuario,Pantalon,1,69252,14931
9156,1204,2024-06-01,Vestuario,Chaqueta,3,443262,127411
9157,1383,2024-07-11,Hogar,Sofa,2,176766,49445
9158,1088,2024-04-27,Electrodomesticos,Microondas,1,72029,19160
9159,1368,2023-10-03,Deportes,Bicicleta,1,80494,28716
9160,947,2024-12-26,Vestuario,Polera,2,233420,65070
9161,1453,2024-08-07,Deportes,Balon,2,98320,18061
9162,213,2023-04-17,Vestuario,Zapatillas,2,236306,76027
9163,290,2023-07-18,Deportes,Pesas,2,289602,73379
9164,1063,2023-10-09,Vestuario,Pantalon,3,171054,59279
9165,379,2024-01-09,Electrodomesticos,Refrigerador,1,92240,29288
9166,1339,2024-12-19,Deportes,Balon,2,107614,22355
9167,250,2024-01-29,Electrodomesticos,Lavadora,2,161308,36008
9168,804,2024-05-27,Vestuario,Zapatillas,3,463647,164406
9169,665,2023-08-11,Vestuario,Chaqueta,2,79994,26299
9170,1086,2023-05-15,Vestuario,Pantalon,1,23032,4604
9171,1112,2023-12-09,Tecnologia,Tablet,1,103151,30213
9172,41,2023-05-23,Hogar,Silla,1,20694,7098
9173,1431,2023-06-12,Electrodomesticos,Refrigerador,3,115440,23285
9174,930,2024-05-09,Tecnologia,Monitor,1,111127,42095
9175,1049,2023-12-05,Vestuario,Zapatillas,2,257586,76254
9176,669,2023-11-16,Hogar,Silla,1,70089,14258
9177,603,2024-11-13,Tecnologia,Smartphone,1,93453,19768
9178,484,2023-01-01,Deportes,Pesas,1,155141,45653
9179,1224,2024-05-31,Electrodomesticos,Aspiradora,3,273387,61238
9180,880,2023-08-18,Electrodomesticos,Microondas,1,5000,942
9181,940,2024-10-15,Electrodomesticos,Microondas,3,254295,70754
9182,1388,2023-10-25,Vestuario,Zapatillas,1,111182,35981
9183,1155,2023-08-31,Hogar,Sofa,1,150149,32452
9184,1270,2023-09-05,Tecnologia,Tablet,5,154930,40995
9185,1327,2024-09-01,Hogar,Mesa,4,317228,91495
9186,728,2024-07-15,Deportes,Bicicleta,2,132506,36024
9187,169,2023-01-05,Tecnologia,Smartphone,1,129904,38625
9188,1143,2023-05-17,Deportes,Bicicleta,1,64194,21028
9189,1095,2023-05-15,Electrodomesticos,Microondas,5,208250,66937
9190,1487,2024-11-03,Vestuario,Zapatillas,3,255306,57651
9191,1498,2024-07-09,Vestuario,Polera,1,133297,29868
9192,927,2024-05-25,Electrodomesticos,Microondas,2,127802,34406
9193,1206,2024-06-21,Electrodomesticos,Refrigerador,2,231384,72104
9194,1215,2023-07-12,Electrodomesticos,Lavadora,2,265838,76176
9195,330,2024-12-29,Electrodomesticos,Lavadora,1,60265,16693
9196,665,2024-09-11,Deportes,Bicicleta,3,248967,77504
9197,1395,2023-06-01,Deportes,Raqueta,1,77082,15301
9198,491,2023-04-28,Electrodomesticos,Aspiradora,2,247316,59178
9199,943,2023-12-01,Tecnologia,Monitor,1,145903,51149
9200,350,2023-11-19,Vestuario,Pantalon,2,157172,45369
9201,815,2023-07-27,Electrodomesticos,Microondas,3,452661,143559
9202,1316,2024-05-21,Vestuario,Pantalon,4,364536,70611
9203,227,2024-11-24,Electrodomesticos,Refrigerador,3,341622,117422
9204,364,2024-04-26,Vestuario,Pantalon,2,88412,30770
9205,1052,2024-03-14,Hogar,Mesa,1,66440,13738
9206,1490,2023-08-22,Electrodomesticos,Aspiradora,2,250936,93566
9207,1198,2023-07-10,Hogar,Silla,1,81954,17041
9208,1160,2024-02-15,Vestuario,Zapatillas,1,45387,10350
9209,536,2024-07-27,Tecnologia,Monitor,1,94867,18266
9210,984,2024-09-26,Vestuario,Polera,1,81361,24120
9211,296,2024-11-19,Deportes,Pesas,4,271160,79118
9212,26,2024-11-26,Electrodomesticos,Lavadora,2,106362,24352
9213,501,2023-09-10,Electrodomesticos,Lavadora,1,102872,29202
9214,1112,2023-11-11,Electrodomesticos,Lavadora,3,206085,60673
9215,668,2024-07-11,Tecnologia,Notebook,3,76719,23849
9216,600,2023-05-16,Hogar,Lampara,2,126718,30833
9217,678,2023-01-09,Vestuario,Polera,2,173582,33457
9218,535,2023-06-30,Vestuario,Polera,1,124911,39549
9219,1286,2024-05-06,Deportes,Pesas,3,290361,94907
9220,1355,2024-02-09,Deportes,Bicicleta,1,187199,64187
9221,1101,2023-12-14,Tecnologia,Smartphone,1,117727,41241
9222,141,2023-10-30,Electrodomesticos,Microondas,1,140697,29689
9223,1019,2023-09-24,Hogar,Mesa,2,17364,5132
9224,1333,2023-11-05,Hogar,Silla,2,159148,38587
9225,469,2023-01-18,Hogar,Sofa,1,100373,31629
9226,724,2023-09-15,Tecnologia,Tablet,1,52723,13088
9227,250,2023-02-16,Deportes,Bicicleta,3,308430,58860
9228,1497,2024-08-19,Tecnologia,Tablet,3,98754,28835
9229,1349,2023-12-23,Vestuario,Polera,1,107480,27221
9230,1029,2024-07-05,Tecnologia,Notebook,1,92318,22599
9231,579,2023-08-18,Deportes,Pesas,2,300516,58453
9232,73,2024-07-08,Deportes,Raqueta,1,64008,11589
9233,852,2023-11-09,Vestuario,Polera,1,113927,25575
9234,962,2024-02-07,Hogar,Lampara,3,181833,58207
9235,799,2023-03-01,Vestuario,Polera,1,55133,19806
9236,254,2023-02-24,Tecnologia,Monitor,1,29984,9603
9237,466,2023-06-01,Tecnologia,Smartphone,3,342522,106995
9238,608,2024-06-26,Deportes,Bicicleta,1,80156,18344
9239,788,2023-04-18,Vestuario,Pantalon,1,132991,43082
9240,1358,2023-03-28,Deportes,Bicicleta,4,88440,24252
9241,1370,2024-05-18,Tecnologia,Monitor,3,121323,39020
9242,39,2023-07-31,Tecnologia,Notebook,3,369732,138881
9243,721,2023-02-21,Vestuario,Zapatillas,3,228447,63813
9244,615,2023-06-02,Deportes,Balon,2,142874,49359
9245,566,2024-05-23,Tecnologia,Monitor,1,80344,24896
9246,933,2023-08-03,Electrodomesticos,Aspiradora,7,729701,185512
9247,967,2024-06-16,Hogar,Mesa,3,443121,135891
9248,313,2024-12-25,Hogar,Mesa,1,191566,37768
9249,1339,2024-05-28,Hogar,Mesa,1,159242,45731
9250,1249,2023-10-18,Electrodomesticos,Lavadora,4,537964,127435
9251,1380,2024-04-27,Hogar,Lampara,4,345688,67973
9252,1196,2024-03-17,Tecnologia,Smartphone,2,78366,20575
9253,963,2024-02-19,Deportes,Bicicleta,1,119084,35199
9254,1495,2023-08-15,Vestuario,Pantalon,1,39029,10545
9255,318,2023-11-17,Hogar,Lampara,1,149351,53904
9256,180,2023-07-06,Tecnologia,Tablet,1,107122,38620
9257,921,2024-12-24,Tecnologia,Tablet,2,204234,36954
9258,250,2024-08-23,Deportes,Raqueta,2,50824,12045
9259,1296,2023-12-05,Tecnologia,Tablet,1,101094,30596
9260,840,2023-11-20,Tecnologia,Tablet,1,175221,40870
9261,262,2023-01-12,Deportes,Bicicleta,4,237996,87249
9262,452,2024-11-06,Tecnologia,Monitor,1,90766,16768
9263,3,2023-11-06,Hogar,Silla,2,124516,44048
9264,1250,2023-04-15,Electrodomesticos,Microondas,3,257262,79753
9265,665,2024-01-24,Deportes,Bicicleta,3,230961,71277
9266,1060,2023-06-09,Vestuario,Pantalon,5,404025,135279
9267,220,2023-06-04,Hogar,Sofa,3,375018,115867
9268,836,2024-03-11,Tecnologia,Tablet,1,79027,16101
9269,96,2024-04-17,Electrodomesticos,Lavadora,2,120714,32991
9270,1147,2024-09-05,Deportes,Raqueta,1,100838,25835
9271,1498,2023-09-24,Hogar,Mesa,3,186861,53663
9272,1012,2023-01-09,Tecnologia,Monitor,2,207646,43299
9273,776,2023-08-17,Hogar,Silla,4,376472,111597
9274,842,2024-09-27,Electrodomesticos,Lavadora,2,78288,20304
9275,574,2024-05-02,Hogar,Mesa,1,65941,16706
9276,404,2023-02-23,Hogar,Lampara,1,40394,11272
9277,1163,2024-07-06,Electrodomesticos,Lavadora,4,190708,35957
9278,370,2024-04-18,Vestuario,Chaqueta,1,36534,7860
9279,1163,2024-02-04,Tecnologia,Tablet,3,334032,123650
9280,868,2024-01-19,Deportes,Raqueta,2,205310,63880
9281,576,2024-07-09,Vestuario,Pantalon,5,458165,127198
9282,505,2023-03-08,Tecnologia,Tablet,1,104061,33320
9283,1313,2024-05-24,Tecnologia,Notebook,3,158454,53217
9284,295,2024-04-13,Tecnologia,Smartphone,2,251164,93755
9285,431,2024-09-17,Deportes,Balon,1,5000,1248
9286,161,2024-05-09,Deportes,Balon,2,111336,33763
9287,80,2024-08-08,Deportes,Bicicleta,2,269478,91662
9288,689,2023-07-19,Electrodomesticos,Refrigerador,2,279686,93903
9289,1043,2023-10-14,Electrodomesticos,Aspiradora,1,121345,28650
9290,421,2023-12-22,Deportes,Pesas,1,88034,27284
9291,33,2024-04-17,Electrodomesticos,Refrigerador,3,318372,64902
9292,1053,2023-09-23,Tecnologia,Monitor,6,613746,218603
9293,330,2023-09-21,Deportes,Pesas,2,269724,99072
9294,130,2023-07-27,Tecnologia,Monitor,2,168496,52360
9295,799,2024-10-24,Tecnologia,Notebook,1,91574,23898
9296,425,2023-11-03,Electrodomesticos,Refrigerador,1,101226,30972
9297,586,2023-04-27,Tecnologia,Monitor,1,60177,17154
9298,887,2024-04-15,Electrodomesticos,Aspiradora,1,68663,19092
9299,363,2023-06-05,Vestuario,Chaqueta,1,133956,49799
9300,1432,2024-09-15,Hogar,Mesa,4,258904,53902
9301,1029,2024-09-24,Electrodomesticos,Refrigerador,1,127416,35635
9302,1402,2024-01-14,Deportes,Pesas,3,246705,84808
9303,1103,2024-03-31,Hogar,Sofa,1,74318,27418
9304,1457,2024-06-29,Tecnologia,Tablet,1,10319,2411
9305,1098,2023-11-21,Hogar,Lampara,3,115491,40264
9306,29,2024-07-13,Vestuario,Zapatillas,3,388281,81690
9307,229,2024-10-02,Electrodomesticos,Microondas,4,378720,78392
9308,105,2024-01-08,Hogar,Sofa,1,71337,21778
9309,782,2023-07-05,Tecnologia,Smartphone,3,172257,65337
9310,628,2023-10-06,Vestuario,Pantalon,2,278392,55449
9311,1500,2024-03-29,Hogar,Silla,1,49587,11197
9312,695,2023-10-19,Electrodomesticos,Refrigerador,2,10000,2885
9313,294,2023-05-13,Tecnologia,Tablet,1,148208,43369
9314,1268,2023-01-26,Electrodomesticos,Lavadora,5,377670,95222
9315,1104,2024-01-16,Vestuario,Pantalon,1,68416,24614
9316,1500,2024-07-29,Vestuario,Zapatillas,2,104704,37345
9317,11,2024-03-12,Deportes,Bicicleta,1,152839,41350
9318,739,2023-04-24,Deportes,Raqueta,2,207778,75994
9319,66,2023-01-24,Electrodomesticos,Lavadora,2,87902,17854
9320,903,2024-06-17,Deportes,Bicicleta,2,107820,32115
9321,9,2023-07-23,Tecnologia,Notebook,1,114185,31401
9322,1131,2023-12-25,Hogar,Silla,1,56973,19429
9323,604,2024-05-02,Vestuario,Polera,2,231088,63988
9324,875,2024-04-11,Electrodomesticos,Aspiradora,3,340266,86958
9325,375,2023-07-24,Deportes,Balon,6,644682,217999
9326,504,2023-06-28,Electrodomesticos,Refrigerador,5,25000,8656
9327,27,2023-07-03,Tecnologia,Monitor,1,93915,29848
9328,789,2024-04-03,Electrodomesticos,Aspiradora,2,253892,95953
9329,489,2023-02-18,Vestuario,Pantalon,1,68033,25797
9330,875,2023-04-17,Hogar,Silla,2,309374,73584
9331,897,2024-07-02,Hogar,Mesa,1,74141,24003
9332,939,2024-01-07,Hogar,Silla,1,129724,32410
9333,1464,2023-03-05,Deportes,Balon,3,362664,79351
9334,1127,2023-09-17,Deportes,Balon,7,651700,134622
9335,357,2023-06-29,Tecnologia,Tablet,1,103523,33244
9336,28,2024-02-25,Tecnologia,Tablet,3,483597,156724
9337,493,2023-12-15,Vestuario,Pantalon,2,170116,45302
9338,212,2024-01-27,Hogar,Sofa,4,262980,87137
9339,1102,2024-12-21,Tecnologia,Monitor,4,169376,33912
9340,684,2023-07-08,Hogar,Lampara,1,48927,14440
9341,1241,2023-11-27,Tecnologia,Smartphone,4,410344,119010
9342,89,2024-09-27,Electrodomesticos,Lavadora,2,115848,36881
9343,154,2024-10-07,Vestuario,Zapatillas,4,430644,125644
9344,1484,2023-07-22,Hogar,Sofa,2,258792,73358
9345,1108,2023-05-05,Vestuario,Zapatillas,1,103287,25954
9346,416,2023-03-01,Electrodomesticos,Refrigerador,2,144548,41624
9347,211,2024-05-06,Hogar,Silla,3,472548,123520
9348,1441,2023-03-21,Electrodomesticos,Refrigerador,3,322086,116647
9349,1262,2024-10-20,Hogar,Lampara,4,421648,111676
9350,171,2023-04-27,Hogar,Sofa,2,195452,40063
9351,220,2024-04-26,Tecnologia,Smartphone,2,233614,56595
9352,1217,2023-10-16,Electrodomesticos,Microondas,2,113216,24862
9353,1101,2023-12-19,Electrodomesticos,Aspiradora,3,424986,129784
9354,542,2023-11-30,Vestuario,Pantalon,1,93892,35585
9355,394,2023-01-22,Vestuario,Pantalon,4,430604,153013
9356,663,2024-07-25,Vestuario,Chaqueta,2,151302,45604
9357,536,2024-05-28,Hogar,Lampara,1,112072,20395
9358,144,2024-06-27,Tecnologia,Smartphone,1,141492,30485
9359,927,2023-07-23,Vestuario,Polera,1,122096,29025
9360,759,2023-08-19,Vestuario,Polera,2,175610,62963
9361,1000,2024-12-23,Deportes,Balon,2,142632,26616
9362,682,2023-11-24,Deportes,Raqueta,1,26991,8480
9363,179,2023-10-10,Tecnologia,Notebook,3,315699,57019
9364,593,2023-11-24,Deportes,Bicicleta,2,156198,28275
9365,743,2023-06-10,Vestuario,Chaqueta,5,564420,114721
9366,300,2023-09-30,Electrodomesticos,Aspiradora,1,148379,38718
9367,1152,2023-10-05,Hogar,Lampara,3,213786,75253
9368,758,2023-12-30,Vestuario,Zapatillas,4,290548,108680
9369,529,2024-09-26,Hogar,Sofa,3,373308,81791
9370,1029,2023-03-29,Deportes,Balon,1,144035,37153
9371,30,2024-02-10,Vestuario,Polera,2,318854,60170
9372,472,2024-07-18,Vestuario,Zapatillas,1,24843,7416
9373,867,2024-11-13,Hogar,Sofa,2,192096,65154
9374,398,2023-07-12,Deportes,Balon,2,269104,81189
9375,944,2024-07-09,Hogar,Silla,4,538096,180325
9376,662,2024-02-14,Deportes,Bicicleta,3,62373,21321
9377,13,2023-10-03,Deportes,Raqueta,3,372585,95844
9378,786,2023-01-08,Vestuario,Polera,3,251913,68946
9379,738,2024-11-11,Deportes,Pesas,3,288303,98165
9380,1436,2024-06-13,Hogar,Lampara,1,87302,30018
9381,1229,2024-04-13,Vestuario,Chaqueta,1,23643,7523
9382,1225,2024-11-01,Tecnologia,Notebook,2,213298,45044
9383,1161,2024-04-27,Hogar,Silla,2,242340,50105
9384,546,2024-09-26,Deportes,Raqueta,1,104948,24688
9385,631,2023-11-17,Vestuario,Chaqueta,1,130512,41649
9386,566,2023-06-12,Tecnologia,Notebook,3,257115,54117
9387,382,2023-08-23,Deportes,Raqueta,1,51501,17633
9388,1427,2024-05-31,Hogar,Lampara,1,106241,19864
9389,75,2024-05-18,Tecnologia,Tablet,2,167914,57155
9390,162,2023-11-12,Deportes,Raqueta,1,104840,19728
9391,1294,2024-02-06,Hogar,Sofa,1,63553,12890
9392,1223,2024-08-09,Electrodomesticos,Aspiradora,1,93213,32763
9393,43,2023-12-19,Tecnologia,Smartphone,5,229175,65655
9394,1389,2023-12-05,Hogar,Sofa,1,72941,14293
9395,954,2023-02-28,Deportes,Raqueta,6,768000,138315
9396,1445,2023-02-20,Tecnologia,Smartphone,2,278692,105258
9397,376,2023-01-04,Hogar,Sofa,1,93709,23732
9398,968,2023-06-09,Vestuario,Polera,2,259704,81832
9399,890,2024-09-11,Electrodomesticos,Aspiradora,2,112088,30635
9400,1448,2024-11-15,Deportes,Raqueta,2,198826,65667
9401,604,2024-08-09,Tecnologia,Smartphone,2,240546,51399
9402,389,2024-02-12,Hogar,Silla,1,60180,14668
9403,1026,2023-11-29,Deportes,Bicicleta,4,431952,115240
9404,47,2024-10-28,Electrodomesticos,Lavadora,2,115812,38273
9405,214,2024-09-18,Deportes,Pesas,1,117771,25583
9406,1280,2023-12-09,Vestuario,Zapatillas,3,252333,52185
9407,270,2024-06-22,Vestuario,Chaqueta,3,331446,94216
9408,1078,2023-08-10,Tecnologia,Tablet,2,220874,57767
9409,1351,2024-05-07,Electrodomesticos,Aspiradora,4,358668,111545
9410,1340,2024-12-19,Hogar,Lampara,1,133276,43883
9411,572,2024-04-12,Hogar,Sofa,3,244956,63344
9412,1121,2023-03-08,Hogar,Sofa,1,44106,10937
9413,872,2023-05-29,Vestuario,Polera,2,314944,103419
9414,757,2024-08-09,Deportes,Balon,1,15249,3248
9415,1250,2023-10-17,Deportes,Balon,1,75024,19662
9416,75,2023-03-07,Electrodomesticos,Microondas,1,147115,37163
9417,324,2023-03-19,Electrodomesticos,Aspiradora,2,151132,54101
9418,151,2023-05-29,Vestuario,Pantalon,6,608070,150037
9419,1119,2024-04-11,Hogar,Mesa,1,37844,13585
9420,147,2023-03-03,Hogar,Mesa,1,49348,14423
9421,933,2023-05-12,Vestuario,Polera,1,69023,21507
9422,857,2024-02-29,Vestuario,Zapatillas,3,215961,52165
9423,723,2023-07-26,Hogar,Lampara,1,100919,37620
9424,731,2024-11-16,Hogar,Silla,1,73739,26367
9425,1178,2024-06-14,Tecnologia,Monitor,1,111727,32327
9426,1353,2023-05-09,Deportes,Bicicleta,1,142771,52301
9427,278,2024-07-18,Deportes,Bicicleta,1,27306,7974
9428,596,2023-05-13,Hogar,Sofa,4,460384,135488
9429,1085,2023-06-26,Electrodomesticos,Microondas,1,116586,39043
9430,412,2023-05-31,Tecnologia,Notebook,1,87645,17954
9431,119,2024-06-10,Deportes,Bicicleta,2,206026,65497
9432,1346,2024-10-03,Hogar,Silla,1,52072,11328
9433,709,2024-02-01,Tecnologia,Smartphone,2,174230,37668
9434,555,2023-04-14,Electrodomesticos,Refrigerador,3,87378,32861
9435,142,2024-04-04,Tecnologia,Tablet,3,250227,60855
9436,1451,2023-10-18,Electrodomesticos,Microondas,1,71390,19519
9437,448,2023-03-20,Deportes,Raqueta,3,348339,113483
9438,1169,2024-04-13,Electrodomesticos,Lavadora,4,475508,131678
9439,1473,2024-08-29,Hogar,Lampara,3,434178,113319
9440,1280,2023-09-19,Electrodomesticos,Microondas,3,325341,99830
9441,1173,2024-01-30,Tecnologia,Tablet,1,91728,30856
9442,563,2023-08-08,Hogar,Mesa,1,51342,18271
9443,187,2024-06-20,Hogar,Silla,1,96153,27110
9444,748,2024-11-09,Deportes,Bicicleta,1,109520,20530
9445,516,2024-07-08,Hogar,Sofa,3,444834,100745
9446,755,2024-10-23,Tecnologia,Monitor,2,48198,12579
9447,222,2023-04-28,Tecnologia,Tablet,1,106810,26743
9448,395,2024-09-30,Deportes,Bicicleta,2,170312,40888
9449,380,2023-03-09,Tecnologia,Notebook,1,110207,29136
9450,1190,2024-07-19,Hogar,Sofa,2,124860,38575
9451,1003,2023-01-17,Tecnologia,Smartphone,1,177170,58712
9452,1371,2023-02-03,Deportes,Pesas,3,392466,147205
9453,534,2023-03-21,Hogar,Lampara,3,452061,109330
9454,1361,2024-08-20,Deportes,Balon,2,224490,41733
9455,1097,2023-04-05,Tecnologia,Notebook,1,5000,1062
9456,1443,2024-09-05,Deportes,Bicicleta,2,201364,53872
9457,733,2024-10-17,Electrodomesticos,Aspiradora,2,58834,20639
9458,1064,2023-10-09,Hogar,Mesa,2,118008,37193
9459,567,2023-04-16,Vestuario,Pantalon,2,244884,71674
9460,231,2023-07-09,Tecnologia,Smartphone,3,411942,118486
9461,847,2023-11-24,Electrodomesticos,Refrigerador,1,50114,17623
9462,350,2023-02-03,Electrodomesticos,Aspiradora,3,177438,62989
9463,1066,2023-10-02,Deportes,Pesas,3,416316,85955
9464,592,2024-03-12,Electrodomesticos,Lavadora,2,211566,41164
9465,390,2024-04-08,Tecnologia,Smartphone,2,152512,53163
9466,402,2023-12-14,Hogar,Mesa,2,155246,30473
9467,325,2023-03-12,Electrodomesticos,Refrigerador,2,269182,66774
9468,257,2023-06-10,Tecnologia,Monitor,1,82580,26510
9469,587,2023-01-03,Hogar,Lampara,3,168573,37815
9470,752,2024-12-13,Deportes,Bicicleta,1,93951,33991
9471,206,2024-08-18,Tecnologia,Monitor,3,326703,67767
9472,1241,2024-09-20,Vestuario,Zapatillas,2,274040,96452
9473,898,2024-08-04,Tecnologia,Smartphone,1,77617,17683
9474,751,2024-05-27,Deportes,Bicicleta,2,216586,47386
9475,742,2024-02-08,Electrodomesticos,Lavadora,1,35908,10107
9476,359,2024-01-06,Deportes,Pesas,4,368636,68268
9477,157,2024-11-12,Tecnologia,Tablet,1,94736,17238
9478,1032,2023-09-23,Electrodomesticos,Lavadora,1,126047,38461
9479,343,2024-05-31,Deportes,Bicicleta,1,101582,26551
9480,823,2023-09-07,Deportes,Raqueta,5,267790,72960
9481,368,2024-01-02,Vestuario,Pantalon,1,92903,25490
9482,1030,2024-01-07,Tecnologia,Notebook,1,77339,15139
9483,216,2024-12-30,Hogar,Lampara,1,91116,31096
9484,1115,2024-07-22,Tecnologia,Notebook,2,10224,2165
9485,177,2024-11-10,Tecnologia,Monitor,1,76618,23812
9486,292,2023-06-06,Deportes,Raqueta,3,205023,43432
9487,955,2024-11-25,Tecnologia,Tablet,1,67672,16558
9488,272,2024-01-26,Vestuario,Polera,2,233982,45882
9489,1308,2024-07-12,Tecnologia,Tablet,2,138112,45004
9490,1238,2024-01-28,Vestuario,Chaqueta,1,82029,26772
9491,1285,2023-08-19,Tecnologia,Notebook,4,317452,79935
9492,1070,2023-02-06,Electrodomesticos,Refrigerador,5,586280,178720
9493,265,2023-11-13,Tecnologia,Monitor,4,579340,126010
9494,1098,2024-12-27,Deportes,Raqueta,4,385032,132905
9495,1136,2023-02-07,Hogar,Lampara,2,159340,28908
9496,443,2024-08-06,Hogar,Silla,3,299268,63921
9497,1179,2023-09-20,Hogar,Lampara,1,92391,19168
9498,82,2024-10-20,Vestuario,Zapatillas,2,352434,104702
9499,182,2024-09-22,Vestuario,Pantalon,3,494511,184103
9500,251,2023-11-03,Tecnologia,Tablet,2,74054,24101
9501,207,2024-10-04,Hogar,Sofa,1,81196,21848
9502,593,2024-12-11,Hogar,Lampara,4,426964,94905
9503,54,2024-09-17,Tecnologia,Notebook,2,156182,39284
9504,1362,2023-05-21,Deportes,Balon,1,5000,1337
9505,1056,2024-10-26,Electrodomesticos,Aspiradora,1,87776,16107
9506,1370,2023-03-12,Vestuario,Chaqueta,1,129852,47914
9507,1490,2024-03-18,Deportes,Pesas,2,206806,70800
9508,612,2024-12-21,Hogar,Silla,1,128352,30309
9509,357,2024-09-29,Tecnologia,Smartphone,2,101094,19319
9510,1123,2023-04-17,Vestuario,Pantalon,1,122626,24579
9511,65,2024-04-28,Tecnologia,Monitor,3,271107,62425
9512,1328,2024-03-27,Deportes,Balon,3,309024,101938
9513,734,2024-11-27,Hogar,Silla,1,90616,32065
9514,321,2023-06-23,Electrodomesticos,Refrigerador,4,626368,192921
9515,35,2024-05-19,Tecnologia,Tablet,1,132569,24628
9516,995,2024-02-21,Vestuario,Chaqueta,3,253182,58076
9517,746,2023-07-09,Deportes,Pesas,2,256406,78800
9518,856,2023-10-23,Electrodomesticos,Lavadora,1,56767,18628
9519,1065,2024-10-17,Hogar,Mesa,2,55114,11257
9520,1426,2023-10-14,Tecnologia,Smartphone,1,198858,44819
9521,1114,2024-08-16,Vestuario,Chaqueta,2,203424,45028
9522,273,2024-03-24,Electrodomesticos,Microondas,2,287740,69275
9523,55,2023-08-28,Electrodomesticos,Aspiradora,3,320952,100380
9524,716,2024-07-19,Hogar,Mesa,4,306276,70733
9525,237,2023-12-15,Hogar,Sofa,3,180807,41888
9526,386,2023-10-30,Electrodomesticos,Refrigerador,1,161309,49630
9527,602,2024-12-14,Electrodomesticos,Lavadora,4,543044,110718
9528,835,2024-03-24,Tecnologia,Tablet,1,165018,39982
9529,1272,2023-06-02,Hogar,Lampara,1,55128,16286
9530,328,2023-01-03,Electrodomesticos,Refrigerador,1,138370,49749
9531,265,2023-10-13,Deportes,Pesas,1,132880,32183
9532,1340,2024-03-26,Electrodomesticos,Refrigerador,3,179913,37784
9533,174,2023-02-25,Vestuario,Pantalon,3,420681,116525
9534,1378,2024-05-31,Electrodomesticos,Refrigerador,1,92845,34592
9535,314,2024-10-25,Tecnologia,Tablet,1,90002,17543
9536,1373,2023-03-21,Deportes,Pesas,2,18428,6099
9537,118,2023-12-02,Vestuario,Zapatillas,2,163066,59610
9538,772,2023-01-06,Deportes,Raqueta,1,69163,18476
9539,424,2024-01-27,Vestuario,Polera,1,63585,16082
9540,715,2024-09-02,Vestuario,Polera,1,63319,18217
9541,44,2024-02-27,Deportes,Pesas,1,83880,16709
9542,397,2023-08-08,Vestuario,Chaqueta,6,521460,122044
9543,1154,2023-03-27,Hogar,Mesa,2,221276,63764
9544,793,2024-12-30,Tecnologia,Tablet,3,308229,77655
9545,570,2024-11-03,Deportes,Bicicleta,2,150494,45946
9546,1428,2024-10-23,Tecnologia,Tablet,3,143370,35417
9547,1011,2024-01-29,Electrodomesticos,Lavadora,3,415533,111041
9548,500,2024-04-23,Deportes,Pesas,2,122828,30586
9549,1395,2024-03-23,Hogar,Mesa,1,106902,36922
9550,574,2023-03-19,Electrodomesticos,Lavadora,3,104313,20281
9551,1329,2023-11-11,Electrodomesticos,Refrigerador,1,58977,19538
9552,768,2024-10-01,Hogar,Mesa,1,160461,30213
9553,343,2024-08-26,Hogar,Mesa,2,193146,49879
9554,612,2023-05-18,Vestuario,Zapatillas,2,93762,23365
9555,47,2023-01-09,Electrodomesticos,Aspiradora,1,66238,24636
9556,1058,2024-12-02,Electrodomesticos,Microondas,2,332976,114913
9557,946,2024-01-27,Tecnologia,Notebook,1,84226,21828
9558,857,2024-04-24,Vestuario,Chaqueta,1,115465,32503
9559,469,2024-12-10,Tecnologia,Notebook,5,760685,150779
9560,742,2024-11-10,Tecnologia,Smartphone,3,15000,5253
9561,707,2024-04-22,Hogar,Lampara,5,491300,94214
9562,1007,2024-02-24,Vestuario,Polera,1,44130,13604
9563,975,2024-09-25,Tecnologia,Monitor,4,493920,163499
9564,1199,2023-05-30,Vestuario,Polera,2,82116,27027
9565,749,2023-10-14,Hogar,Lampara,2,203268,67421
9566,980,2024-05-26,Electrodomesticos,Lavadora,1,91900,17023
9567,675,2024-09-28,Tecnologia,Tablet,1,93930,28386
9568,192,2024-10-16,Deportes,Balon,3,344523,106179
9569,918,2024-06-28,Electrodomesticos,Refrigerador,2,344766,104754
9570,733,2023-10-02,Electrodomesticos,Refrigerador,3,361902,91482
9571,243,2023-07-23,Vestuario,Zapatillas,2,318946,104663
9572,777,2023-12-27,Tecnologia,Smartphone,1,58171,20346
9573,638,2023-02-12,Deportes,Bicicleta,1,101476,22838
9574,951,2024-09-13,Vestuario,Pantalon,2,117826,37984
9575,1305,2024-01-25,Deportes,Raqueta,1,138794,46977
9576,688,2024-10-23,Vestuario,Polera,1,38167,8432
9577,80,2023-03-10,Hogar,Lampara,3,433722,154609
9578,145,2023-06-23,Tecnologia,Tablet,1,141763,26863
9579,366,2023-08-14,Deportes,Balon,1,93837,26698
9580,1342,2023-07-20,Tecnologia,Smartphone,1,67686,16347
9581,35,2023-02-02,Deportes,Balon,1,158533,44734
9582,1306,2024-08-23,Deportes,Raqueta,2,166026,29900
9583,86,2023-01-10,Hogar,Mesa,3,322947,104729
9584,288,2024-07-22,Hogar,Silla,1,137057,25059
9585,1427,2023-09-20,Vestuario,Zapatillas,1,104477,22692
9586,652,2024-10-14,Vestuario,Pantalon,1,127527,41786
9587,1373,2024-02-21,Tecnologia,Monitor,2,120128,34842
9588,1025,2024-02-18,Hogar,Silla,1,81134,15929
9589,1117,2023-02-26,Deportes,Balon,2,99802,30432
9590,335,2023-09-21,Deportes,Raqueta,1,99868,27521
9591,1397,2024-05-08,Vestuario,Polera,4,559312,148680
9592,74,2024-09-25,Vestuario,Zapatillas,1,103642,29274
9593,816,2023-03-19,Deportes,Raqueta,2,165768,38881
9594,554,2023-07-24,Tecnologia,Tablet,1,88779,19055
9595,543,2023-06-19,Hogar,Silla,2,196504,39538
9596,630,2024-08-28,Deportes,Pesas,1,22872,6527
9597,127,2023-03-14,Electrodomesticos,Refrigerador,3,490245,148748
9598,1449,2024-12-10,Hogar,Sofa,1,47179,16771
9599,1401,2024-08-06,Hogar,Silla,4,278404,93868
9600,31,2023-11-20,Vestuario,Chaqueta,1,85895,16302
9601,279,2023-03-12,Hogar,Lampara,3,175902,42123
9602,1407,2024-09-16,Deportes,Pesas,1,180138,33266
9603,378,2024-06-22,Hogar,Lampara,1,100414,21049
9604,688,2024-04-04,Electrodomesticos,Refrigerador,2,232734,43862
9605,431,2023-11-30,Hogar,Lampara,1,97026,29855
9606,1477,2023-03-08,Electrodomesticos,Lavadora,5,321645,97965
9607,757,2024-09-18,Tecnologia,Monitor,2,226284,65431
9608,275,2023-06-19,Vestuario,Chaqueta,4,313548,66492
9609,1427,2024-06-20,Electrodomesticos,Lavadora,1,80976,17972
9610,661,2024-04-18,Hogar,Sofa,3,132978,43885
9611,912,2023-08-16,Electrodomesticos,Lavadora,2,39664,12987
9612,1462,2023-12-29,Electrodomesticos,Lavadora,2,178210,36509
9613,1310,2023-03-22,Vestuario,Chaqueta,3,50985,10965
9614,151,2024-08-24,Tecnologia,Smartphone,2,81566,15044
9615,569,2024-08-02,Hogar,Mesa,1,43332,10884
9616,595,2023-09-21,Deportes,Pesas,3,205470,56282
9617,379,2023-04-11,Hogar,Lampara,2,10000,2241
9618,1152,2023-07-11,Vestuario,Zapatillas,5,256195,74337
9619,539,2024-02-08,Hogar,Lampara,1,70374,25941
9620,847,2024-08-24,Deportes,Pesas,2,58962,16478
9621,388,2023-11-13,Electrodomesticos,Microondas,2,224244,62391
9622,626,2023-01-01,Deportes,Balon,7,967407,304428
9623,862,2023-02-22,Vestuario,Pantalon,2,192794,36205
9624,204,2023-01-02,Hogar,Silla,2,178696,37795
9625,1480,2023-04-29,Deportes,Raqueta,2,130706,47360
9626,619,2024-07-07,Vestuario,Chaqueta,2,157268,50227
9627,192,2024-02-27,Electrodomesticos,Aspiradora,2,126634,30078
9628,817,2023-10-18,Vestuario,Zapatillas,1,138772,44017
9629,30,2024-01-12,Tecnologia,Smartphone,2,273578,58287
9630,1186,2024-02-20,Deportes,Pesas,1,72922,23472
9631,1418,2024-11-18,Vestuario,Polera,1,104207,22219
9632,840,2023-05-22,Tecnologia,Smartphone,1,117828,22745
9633,601,2023-08-17,Deportes,Raqueta,3,567639,147824
9634,1461,2024-04-19,Tecnologia,Monitor,1,43434,9491
9635,840,2023-10-30,Deportes,Pesas,4,333284,88343
9636,1198,2024-07-18,Electrodomesticos,Aspiradora,2,286880,62936
9637,1294,2024-01-29,Vestuario,Chaqueta,2,10000,1952
9638,556,2023-06-13,Electrodomesticos,Refrigerador,4,343588,119117
9639,618,2023-03-04,Tecnologia,Tablet,2,182814,67612
9640,645,2023-10-31,Electrodomesticos,Aspiradora,3,306186,73852
9641,652,2023-01-04,Hogar,Mesa,1,128006,27226
9642,549,2024-05-23,Electrodomesticos,Microondas,2,61708,13519
9643,1359,2024-09-23,Deportes,Bicicleta,4,340596,106038
9644,1371,2024-02-25,Electrodomesticos,Aspiradora,3,192924,65505
9645,268,2023-03-15,Hogar,Mesa,1,5000,1782
9646,115,2024-05-20,Deportes,Bicicleta,1,118431,40535
9647,692,2024-09-12,Hogar,Mesa,3,362895,110858
9648,418,2024-06-01,Vestuario,Zapatillas,2,309282,104617
9649,283,2023-06-10,Hogar,Silla,3,269265,98912
9650,1240,2024-04-06,Vestuario,Pantalon,1,142293,38151
9651,1090,2023-11-15,Hogar,Mesa,2,72062,23300
9652,1319,2024-03-31,Vestuario,Polera,3,537906,104079
9653,1267,2024-10-25,Vestuario,Polera,2,211922,54904
9654,1196,2024-03-07,Electrodomesticos,Microondas,2,229662,48457
9655,1340,2024-01-23,Vestuario,Zapatillas,3,206754,71537
9656,950,2023-07-31,Vestuario,Pantalon,1,49967,10779
9657,1132,2024-02-28,Vestuario,Pantalon,1,96865,29881
9658,1192,2023-10-21,Deportes,Bicicleta,1,83834,19424
9659,315,2024-12-09,Tecnologia,Notebook,1,51658,14724
9660,1043,2023-12-01,Vestuario,Zapatillas,2,144122,54286
9661,1488,2024-03-01,Tecnologia,Notebook,4,416476,136235
9662,473,2023-12-28,Vestuario,Polera,2,98226,28305
9663,1186,2024-12-15,Deportes,Pesas,1,13788,4861
9664,517,2024-02-17,Tecnologia,Tablet,5,337275,73809
9665,1214,2023-01-23,Deportes,Pesas,1,157298,41529
9666,1211,2023-04-05,Vestuario,Zapatillas,3,211665,80280
9667,1408,2024-01-01,Tecnologia,Smartphone,3,301953,65492
9668,840,2024-01-17,Electrodomesticos,Refrigerador,4,484008,129689
9669,1343,2023-01-24,Deportes,Balon,2,227884,75202
9670,518,2023-11-18,Electrodomesticos,Microondas,4,270136,95601
9671,1454,2024-12-03,Deportes,Raqueta,1,108198,27742
9672,1072,2024-02-17,Electrodomesticos,Refrigerador,2,152930,30102
9673,579,2024-03-01,Hogar,Lampara,1,131477,46947
9674,521,2023-10-17,Tecnologia,Tablet,1,120927,39698
9675,885,2023-01-24,Tecnologia,Smartphone,3,327678,94344
9676,747,2023-11-09,Electrodomesticos,Refrigerador,1,113761,31523
9677,776,2023-01-12,Hogar,Lampara,2,200252,63851
9678,130,2024-06-11,Vestuario,Chaqueta,1,89854,20155
9679,1175,2023-12-09,Tecnologia,Monitor,2,145750,38778
9680,242,2024-05-09,Vestuario,Pantalon,1,119928,34129
9681,1011,2023-07-14,Deportes,Pesas,1,66115,22299
9682,431,2023-12-08,Tecnologia,Notebook,5,336195,120065
9683,1371,2023-05-14,Deportes,Raqueta,2,101042,37928
9684,579,2024-12-28,Deportes,Pesas,1,136952,50976
9685,262,2023-12-21,Deportes,Bicicleta,1,30725,5923
9686,878,2023-11-04,Hogar,Lampara,1,84575,28991
9687,1312,2023-06-20,Hogar,Mesa,3,269361,92280
9688,703,2023-08-01,Electrodomesticos,Aspiradora,1,101368,38329
9689,221,2023-06-10,Hogar,Silla,5,451105,122765
9690,618,2023-04-04,Deportes,Bicicleta,2,128976,35882
9691,1417,2024-01-25,Vestuario,Zapatillas,3,275385,101407
9692,1103,2023-02-20,Deportes,Raqueta,1,83614,28019
9693,273,2023-12-10,Tecnologia,Smartphone,3,91206,17476
9694,806,2023-03-27,Vestuario,Chaqueta,3,299070,63670
9695,483,2024-07-11,Tecnologia,Notebook,3,202227,55095
9696,442,2024-08-30,Deportes,Bicicleta,3,444933,152505
9697,1016,2023-07-15,Deportes,Raqueta,2,181752,48769
9698,672,2024-06-20,Tecnologia,Notebook,5,764330,170989
9699,640,2023-01-03,Deportes,Raqueta,1,89254,29289
9700,1152,2023-12-13,Hogar,Sofa,2,414080,138692
9701,1264,2024-09-06,Vestuario,Chaqueta,2,288760,61084
9702,333,2024-12-27,Tecnologia,Smartphone,1,114007,30645
9703,797,2023-03-18,Electrodomesticos,Lavadora,3,222591,44994
9704,1323,2024-10-16,Electrodomesticos,Microondas,3,257976,72591
9705,795,2024-02-14,Deportes,Balon,2,284476,98725
9706,264,2023-09-15,Tecnologia,Smartphone,4,328780,86653
9707,709,2024-06-08,Electrodomesticos,Microondas,1,64090,22374
9708,413,2023-11-29,Tecnologia,Notebook,1,55009,11001
9709,693,2023-10-17,Vestuario,Chaqueta,3,344364,65094
9710,802,2024-03-04,Vestuario,Polera,1,93324,34708
9711,15,2024-06-01,Vestuario,Polera,3,397695,141249
9712,688,2023-09-24,Deportes,Pesas,3,190995,46418
9713,794,2023-04-09,Deportes,Pesas,2,140104,40543
9714,1046,2024-07-29,Hogar,Lampara,2,128072,39174
9715,302,2024-01-21,Vestuario,Pantalon,1,93341,26232
9716,230,2023-03-02,Tecnologia,Tablet,1,40958,14174
9717,239,2024-07-09,Tecnologia,Smartphone,3,263910,66461
9718,336,2023-11-18,Deportes,Balon,1,118086,36395
9719,1058,2024-07-28,Tecnologia,Monitor,3,454428,97068
9720,341,2024-10-16,Hogar,Mesa,1,62774,23756
9721,1381,2023-04-06,Vestuario,Polera,1,72691,24942
9722,1395,2024-08-16,Vestuario,Pantalon,2,103676,38980
9723,17,2023-02-18,Tecnologia,Notebook,5,236165,55957
9724,1389,2023-08-03,Deportes,Pesas,1,103833,26693
9725,309,2024-05-04,Deportes,Pesas,2,10000,1902
9726,265,2023-11-21,Electrodomesticos,Refrigerador,1,112682,34052
9727,463,2024-09-22,Hogar,Lampara,3,243597,74784
9728,955,2023-04-12,Hogar,Silla,3,329379,90394
9729,507,2024-05-18,Tecnologia,Tablet,3,380031,129458
9730,1174,2024-04-09,Vestuario,Pantalon,3,314214,112861
9731,772,2023-12-20,Deportes,Raqueta,3,333096,72566
9732,168,2023-04-30,Tecnologia,Smartphone,2,162366,46070
9733,842,2024-11-24,Electrodomesticos,Microondas,2,196262,43826
9734,145,2023-08-10,Deportes,Pesas,1,40753,13914
9735,481,2023-12-07,Tecnologia,Tablet,1,76329,27208
9736,585,2023-11-02,Tecnologia,Smartphone,5,229110,48337
9737,797,2024-10-12,Electrodomesticos,Refrigerador,2,217820,78412
9738,231,2024-12-01,Electrodomesticos,Lavadora,4,358252,135862
9739,762,2024-02-02,Hogar,Sofa,1,41226,14099
9740,1463,2023-05-08,Vestuario,Pantalon,3,132366,29494
9741,112,2023-09-13,Deportes,Raqueta,1,21811,5835
9742,136,2024-06-17,Hogar,Mesa,1,69236,24251
9743,1224,2023-02-25,Vestuario,Zapatillas,1,141043,29382
9744,185,2024-09-02,Deportes,Bicicleta,6,353190,91406
9745,1048,2024-11-25,Deportes,Pesas,1,86138,21003
9746,788,2023-04-20,Electrodomesticos,Microondas,1,42734,10248
9747,476,2023-04-14,Deportes,Raqueta,1,83597,23393
9748,315,2024-02-22,Vestuario,Chaqueta,1,72635,13419
9749,147,2024-11-23,Electrodomesticos,Refrigerador,1,98004,21292
9750,827,2024-10-30,Tecnologia,Notebook,3,104235,33556
9751,1096,2023-11-10,Electrodomesticos,Refrigerador,1,88603,28036
9752,576,2024-09-27,Tecnologia,Monitor,6,584844,216990
9753,118,2023-06-07,Deportes,Raqueta,1,66709,14341
9754,690,2024-07-16,Tecnologia,Notebook,5,527335,168376
9755,388,2024-02-29,Hogar,Mesa,1,98669,20893
9756,742,2024-05-11,Electrodomesticos,Lavadora,1,80215,25053
9757,1434,2024-12-13,Hogar,Mesa,1,87849,33074
9758,580,2023-05-19,Deportes,Bicicleta,2,10000,3013
9759,1337,2023-05-03,Tecnologia,Notebook,1,101727,34251
9760,782,2024-07-15,Deportes,Bicicleta,2,101208,31151
9761,444,2023-09-02,Tecnologia,Notebook,2,282562,64065
9762,330,2023-05-19,Electrodomesticos,Refrigerador,3,15000,5527
9763,1208,2023-03-17,Deportes,Bicicleta,1,23736,4324
9764,797,2024-07-16,Vestuario,Zapatillas,2,180046,52493
9765,1489,2023-05-12,Tecnologia,Smartphone,2,205576,49178
9766,16,2024-08-13,Hogar,Silla,3,222900,63009
9767,47,2023-03-22,Hogar,Sofa,1,142574,34516
9768,926,2024-04-13,Vestuario,Zapatillas,3,334527,102287
9769,1442,2024-10-13,Deportes,Balon,1,61625,23218
9770,1121,2024-02-06,Electrodomesticos,Refrigerador,3,480477,140396
9771,837,2024-05-27,Deportes,Raqueta,1,43082,15242
9772,1486,2024-06-03,Hogar,Lampara,2,229106,49251
9773,902,2024-04-16,Hogar,Lampara,1,99817,34404
9774,45,2023-08-16,Electrodomesticos,Lavadora,1,142221,38131
9775,120,2023-10-29,Tecnologia,Notebook,2,233352,54709
9776,1105,2024-09-05,Hogar,Silla,2,191628,69562
9777,42,2023-02-22,Hogar,Sofa,1,114628,29620
9778,1368,2023-05-27,Hogar,Sofa,1,26302,7223
9779,848,2024-07-02,Tecnologia,Tablet,4,331252,95754
9780,1134,2023-01-07,Deportes,Bicicleta,2,374766,104930
9781,1429,2023-08-27,Hogar,Sofa,1,114991,26568
9782,500,2024-03-24,Vestuario,Zapatillas,1,87448,18870
9783,1264,2023-12-29,Vestuario,Chaqueta,2,67888,19893
9784,1126,2024-05-06,Tecnologia,Monitor,3,269124,84077
9785,272,2023-08-13,Hogar,Mesa,2,60348,20579
9786,50,2024-12-24,Tecnologia,Smartphone,1,12219,3698
9787,957,2023-04-02,Hogar,Silla,4,194060,36000
9788,977,2023-05-16,Tecnologia,Monitor,1,105311,29176
9789,156,2024-03-06,Hogar,Silla,6,840822,193144
9790,973,2023-08-06,Vestuario,Polera,3,328500,90514
9791,693,2023-12-14,Hogar,Lampara,3,258732,58233
9792,866,2024-12-10,Electrodomesticos,Lavadora,2,72636,15967
9793,1056,2024-12-17,Vestuario,Polera,1,92189,24033
9794,892,2023-06-13,Electrodomesticos,Microondas,2,326412,62243
9795,872,2024-06-01,Electrodomesticos,Aspiradora,2,240820,85287
9796,1006,2024-01-26,Hogar,Mesa,1,84057,25117
9797,1340,2023-06-05,Electrodomesticos,Refrigerador,1,137568,50340
9798,248,2024-03-01,Hogar,Silla,1,98408,24473
9799,54,2023-10-21,Electrodomesticos,Refrigerador,3,314289,88399
9800,683,2024-03-18,Vestuario,Polera,1,11129,3676
9801,908,2023-03-22,Vestuario,Zapatillas,3,97056,17523
9802,956,2023-10-12,Tecnologia,Notebook,2,22052,5670
9803,577,2024-07-10,Deportes,Raqueta,2,173808,53792
9804,431,2023-02-18,Deportes,Raqueta,3,192903,66226
9805,1018,2024-09-07,Deportes,Bicicleta,4,351396,98468
9806,1203,2024-11-16,Deportes,Raqueta,3,291411,73824
9807,226,2024-09-22,Tecnologia,Monitor,2,92324,23356
9808,410,2023-07-01,Deportes,Balon,5,480770,126288
9809,279,2023-09-26,Tecnologia,Smartphone,1,65830,16304
9810,975,2024-10-26,Electrodomesticos,Refrigerador,6,928740,244836
9811,61,2024-06-09,Hogar,Silla,2,146120,41527
9812,689,2023-11-26,Deportes,Bicicleta,6,610296,122221
9813,836,2024-02-06,Tecnologia,Notebook,2,144790,48737
9814,873,2024-05-01,Electrodomesticos,Lavadora,3,301341,106308
9815,1397,2023-04-06,Tecnologia,Notebook,1,74998,22730
9816,222,2023-12-11,Tecnologia,Smartphone,1,97007,20863
9817,510,2023-04-04,Deportes,Pesas,1,104117,21101
9818,1,2023-02-02,Vestuario,Polera,1,95921,24047
9819,1358,2023-01-12,Electrodomesticos,Microondas,1,85856,20384
9820,982,2024-07-20,Tecnologia,Smartphone,2,240816,52218
9821,715,2024-02-13,Electrodomesticos,Aspiradora,1,97862,26728
9822,382,2023-02-02,Hogar,Lampara,3,409170,153645
9823,661,2024-11-05,Electrodomesticos,Aspiradora,1,142159,46470
9824,1151,2024-07-22,Hogar,Lampara,2,217678,59446
9825,485,2023-07-08,Deportes,Pesas,2,208766,77239
9826,536,2023-12-09,Hogar,Mesa,2,93408,26396
9827,318,2024-01-08,Tecnologia,Smartphone,1,83982,24428
9828,1444,2024-06-13,Vestuario,Pantalon,6,938106,289262
9829,1046,2024-05-24,Vestuario,Chaqueta,1,68048,14752
9830,352,2024-01-18,Vestuario,Chaqueta,4,305848,93649
9831,1268,2024-02-24,Tecnologia,Tablet,1,106817,29466
9832,366,2023-08-18,Electrodomesticos,Lavadora,3,287901,72075
9833,260,2024-03-30,Vestuario,Pantalon,5,556540,123239
9834,584,2024-01-06,Deportes,Balon,3,456225,96005
9835,1218,2024-06-13,Tecnologia,Smartphone,1,108224,38266
9836,946,2023-03-09,Tecnologia,Tablet,3,15000,3918
9837,362,2023-05-20,Hogar,Silla,1,89542,28272
9838,510,2024-06-11,Tecnologia,Monitor,1,96722,31972
9839,585,2023-09-09,Deportes,Balon,2,48452,17866
9840,8,2023-03-04,Electrodomesticos,Aspiradora,1,77076,22818
9841,178,2024-06-11,Deportes,Raqueta,1,19808,5466
9842,442,2023-10-24,Vestuario,Chaqueta,1,119070,36530
9843,285,2023-12-01,Deportes,Bicicleta,1,126326,34435
9844,301,2024-02-23,Tecnologia,Notebook,1,70996,18870
9845,1395,2023-05-24,Electrodomesticos,Refrigerador,2,247090,66972
9846,1494,2023-11-11,Hogar,Sofa,1,124998,34938
9847,226,2023-11-24,Tecnologia,Monitor,4,342932,122936
9848,1440,2024-06-29,Electrodomesticos,Aspiradora,4,548840,178518
9849,1144,2023-07-16,Electrodomesticos,Aspiradora,3,357171,86346
9850,1153,2023-09-09,Hogar,Mesa,1,66541,23070
9851,120,2024-07-05,Deportes,Balon,2,211620,56503
9852,141,2023-11-09,Vestuario,Pantalon,1,95131,21650
9853,869,2023-11-05,Hogar,Mesa,2,328504,117327
9854,6,2024-05-10,Deportes,Balon,1,82374,14934
9855,1139,2024-09-09,Tecnologia,Monitor,4,489832,91094
9856,209,2023-01-02,Electrodomesticos,Lavadora,2,123600,32047
9857,1373,2023-12-14,Electrodomesticos,Aspiradora,1,35160,7571
9858,352,2023-05-20,Hogar,Lampara,3,162468,43122
9859,793,2024-01-27,Deportes,Bicicleta,1,82048,20039
9860,1273,2023-07-17,Electrodomesticos,Aspiradora,2,268454,98906
9861,865,2024-12-13,Tecnologia,Notebook,2,282492,106122
9862,1182,2024-08-07,Hogar,Mesa,1,98866,20610
9863,980,2023-12-11,Electrodomesticos,Microondas,5,502785,123742
9864,1476,2023-03-06,Hogar,Mesa,1,144135,40674
9865,834,2023-04-23,Tecnologia,Monitor,2,249052,56675
9866,922,2024-05-21,Tecnologia,Monitor,3,204687,45491
9867,647,2023-04-29,Deportes,Bicicleta,3,288234,76899
9868,1149,2024-04-12,Electrodomesticos,Lavadora,2,237386,79737
9869,11,2024-06-12,Tecnologia,Smartphone,2,148244,29756
9870,402,2023-05-22,Vestuario,Chaqueta,2,303736,88527
9871,389,2024-03-03,Deportes,Pesas,2,161312,44611
9872,638,2024-10-26,Electrodomesticos,Microondas,4,409852,86096
9873,307,2023-11-17,Tecnologia,Notebook,1,172084,33580
9874,999,2023-06-25,Hogar,Silla,2,343170,83176
9875,785,2024-02-03,Electrodomesticos,Lavadora,1,73087,21346
9876,591,2024-08-10,Tecnologia,Notebook,1,124071,42316
9877,689,2024-07-20,Hogar,Lampara,1,89393,25340
9878,815,2024-02-27,Vestuario,Polera,1,61739,22553
9879,1459,2024-01-16,Tecnologia,Smartphone,4,337576,78937
9880,795,2024-09-26,Deportes,Bicicleta,2,96386,24437
9881,111,2024-06-11,Deportes,Balon,1,67049,21732
9882,1245,2024-02-26,Tecnologia,Smartphone,2,164900,61166
9883,327,2023-04-30,Deportes,Raqueta,1,118784,31613
9884,362,2023-11-07,Deportes,Bicicleta,1,201156,50080
9885,92,2024-11-13,Deportes,Pesas,1,159719,37974
9886,1416,2024-08-15,Tecnologia,Notebook,1,100661,23863
9887,103,2023-06-22,Vestuario,Polera,1,38441,12202
9888,553,2023-03-31,Electrodomesticos,Lavadora,4,596420,112989
9889,474,2023-06-15,Deportes,Raqueta,1,46616,15989
9890,1486,2023-01-04,Tecnologia,Monitor,3,274119,67308
9891,1171,2024-01-31,Electrodomesticos,Lavadora,3,234069,43681
9892,367,2023-12-10,Vestuario,Chaqueta,1,117820,32606
9893,435,2024-12-01,Electrodomesticos,Microondas,2,220864,78200
9894,301,2023-11-29,Vestuario,Zapatillas,2,72222,23613
9895,1184,2024-02-10,Deportes,Balon,3,353682,97038
9896,697,2023-12-14,Deportes,Bicicleta,2,194688,47864
9897,877,2024-04-17,Deportes,Pesas,3,373698,103493
9898,241,2024-06-20,Tecnologia,Tablet,2,229598,70753
9899,1237,2024-10-27,Tecnologia,Smartphone,3,304242,81549
9900,565,2024-11-09,Electrodomesticos,Lavadora,1,71136,16129
9901,301,2024-06-23,Deportes,Balon,1,43528,13915
9902,557,2023-05-23,Deportes,Raqueta,2,86298,20667
9903,1312,2023-10-27,Deportes,Pesas,2,123630,27947
9904,45,2023-08-23,Vestuario,Zapatillas,1,82601,22674
9905,327,2024-09-12,Electrodomesticos,Microondas,3,200415,67465
9906,535,2023-07-27,Electrodomesticos,Lavadora,4,444684,81815
9907,1490,2024-12-25,Tecnologia,Notebook,1,21019,3825
9908,447,2024-06-30,Electrodomesticos,Refrigerador,1,116518,35506
9909,493,2023-03-03,Vestuario,Polera,1,12582,2945
9910,1150,2024-11-01,Hogar,Lampara,2,245174,55424
9911,255,2023-03-29,Deportes,Bicicleta,4,221956,54303
9912,6,2024-05-25,Vestuario,Pantalon,2,258212,92541
9913,42,2023-06-02,Electrodomesticos,Microondas,1,116114,35799
9914,916,2023-08-04,Deportes,Raqueta,1,139993,50250
9915,1308,2023-07-22,Deportes,Pesas,5,299120,91965
9916,745,2023-11-29,Deportes,Raqueta,2,207180,52136
9917,1352,2023-01-27,Deportes,Raqueta,1,61078,13343
9918,1267,2023-12-10,Deportes,Pesas,2,227996,85737
9919,1421,2024-12-11,Tecnologia,Tablet,2,116032,25080
9920,839,2024-02-21,Vestuario,Pantalon,2,180492,48837
9921,1257,2023-03-16,Tecnologia,Smartphone,1,43269,7903
9922,1359,2024-04-13,Hogar,Mesa,1,72177,13236
9923,1455,2023-12-10,Vestuario,Zapatillas,3,315372,115487
9924,1192,2023-01-29,Hogar,Sofa,1,89058,19311
9925,710,2023-07-25,Electrodomesticos,Aspiradora,2,169800,58339
9926,1307,2023-06-17,Tecnologia,Notebook,4,528332,97165
9927,207,2024-03-26,Electrodomesticos,Lavadora,1,102295,27671
9928,141,2023-12-04,Vestuario,Zapatillas,3,366969,89808
9929,198,2023-10-28,Tecnologia,Tablet,3,152946,37551
9930,836,2023-08-21,Deportes,Balon,1,101801,21889
9931,1210,2024-12-20,Hogar,Mesa,1,126887,39741
9932,1392,2024-04-23,Electrodomesticos,Lavadora,3,353259,122381
9933,1205,2023-06-13,Electrodomesticos,Microondas,1,55221,17373
9934,646,2023-09-08,Electrodomesticos,Lavadora,1,147385,26813
9935,1295,2023-04-14,Vestuario,Polera,1,161977,57255
9936,1298,2024-10-11,Hogar,Lampara,1,135575,26000
9937,15,2023-12-22,Electrodomesticos,Aspiradora,3,495759,184795
9938,233,2023-01-24,Deportes,Raqueta,2,162764,57104
9939,1238,2023-02-15,Vestuario,Chaqueta,2,153272,48013
9940,338,2023-04-20,Electrodomesticos,Lavadora,3,378129,136213
9941,1104,2023-02-24,Deportes,Raqueta,1,126436,46324
9942,226,2024-01-03,Hogar,Mesa,2,163182,40328
9943,919,2023-01-09,Deportes,Bicicleta,1,62749,20947
9944,1415,2024-09-08,Electrodomesticos,Lavadora,3,293082,95238
9945,930,2024-12-10,Hogar,Sofa,1,45866,14486
9946,223,2023-04-27,Hogar,Sofa,2,194878,63070
9947,298,2023-05-16,Electrodomesticos,Lavadora,3,419151,104514
9948,1476,2023-11-11,Tecnologia,Smartphone,1,167396,50570
9949,39,2024-04-21,Deportes,Bicicleta,3,336774,67610
9950,402,2024-09-25,Tecnologia,Smartphone,1,117794,25631
9951,179,2023-03-02,Vestuario,Zapatillas,4,170308,47290
9952,1339,2024-02-18,Hogar,Sofa,1,46934,15844
9953,1457,2023-03-12,Tecnologia,Notebook,1,48023,11838
9954,938,2024-09-26,Electrodomesticos,Lavadora,1,138545,34985
9955,815,2024-12-24,Hogar,Mesa,3,244413,70960
9956,766,2023-02-22,Electrodomesticos,Aspiradora,2,107068,34656
9957,445,2024-03-01,Electrodomesticos,Refrigerador,1,155831,47679
9958,1169,2023-03-30,Deportes,Raqueta,3,401709,76747
9959,799,2023-02-09,Deportes,Bicicleta,1,141608,25886
9960,1234,2024-08-21,Electrodomesticos,Microondas,2,114368,23603
9961,1015,2023-05-04,Hogar,Lampara,1,78275,16855
9962,185,2023-11-25,Deportes,Balon,1,87206,26337
9963,385,2024-04-21,Tecnologia,Notebook,1,120366,24143
9964,1262,2024-08-23,Hogar,Sofa,3,15000,4242
9965,1117,2024-11-13,Deportes,Pesas,1,101937,37230
9966,582,2023-09-11,Hogar,Mesa,1,87463,17096
9967,1012,2023-05-17,Deportes,Balon,1,137734,30816
9968,1337,2023-12-26,Hogar,Silla,1,76940,22643
9969,1205,2024-01-29,Tecnologia,Notebook,1,170841,41654
9970,1392,2023-10-11,Deportes,Raqueta,3,314859,117102
9971,570,2023-08-03,Hogar,Sofa,1,53267,11684
9972,69,2024-11-28,Electrodomesticos,Lavadora,1,90525,17719
9973,1205,2024-04-06,Vestuario,Polera,1,106896,35072
9974,719,2024-01-22,Electrodomesticos,Aspiradora,1,53911,11659
9975,779,2023-04-18,Vestuario,Polera,1,100759,22871
9976,1022,2024-06-17,Tecnologia,Monitor,2,200738,51781
9977,50,2023-12-17,Vestuario,Chaqueta,2,10000,2099
9978,1266,2024-05-10,Electrodomesticos,Lavadora,4,341188,126153
9979,497,2024-04-03,Deportes,Bicicleta,1,54610,16252
9980,725,2023-11-03,Vestuario,Chaqueta,1,53851,18210
9981,484,2024-01-14,Vestuario,Chaqueta,1,124679,32902
9982,264,2024-11-04,Vestuario,Zapatillas,3,15000,3722
9983,852,2023-08-12,Hogar,Sofa,1,63293,19321
9984,215,2024-01-26,Vestuario,Zapatillas,1,76301,24877
9985,763,2024-02-29,Vestuario,Zapatillas,1,36204,6559
9986,1286,2023-01-22,Vestuario,Zapatillas,3,265857,58921
9987,575,2023-05-12,Hogar,Sofa,3,188982,38189
9988,1334,2024-04-15,Tecnologia,Smartphone,2,253224,94717
9989,723,2024-05-14,Tecnologia,Tablet,1,74630,14529
9990,1363,2024-09-07,Hogar,Mesa,2,143732,42688
9991,1000,2024-06-06,Electrodomesticos,Refrigerador,5,285945,84145
9992,1380,2024-09-20,Tecnologia,Monitor,3,164646,34084
9993,1083,2024-04-23,Hogar,Silla,3,226944,45998
9994,580,2024-06-16,Hogar,Sofa,1,88587,28388
9995,1456,2024-10-22,Deportes,Bicicleta,1,92109,25408
9996,305,2023-09-22,Tecnologia,Monitor,3,124299,44910
9997,185,2024-11-01,Vestuario,Polera,3,164280,41301
9998,1117,2023-05-17,Hogar,Mesa,3,294372,86662
9999,1169,2023-12-12,Electrodomesticos,Refrigerador,3,310698,82708
10000,227,2024-05-21,Tecnologia,Smartphone,3,106278,19677
10001,1037,2023-02-10,Hogar,Lampara,6,92754,25978
10002,548,2023-04-11,Tecnologia,Notebook,2,177786,39445
10003,1114,2023-05-27,Deportes,Balon,1,60287,13555
10004,1405,2023-07-20,Vestuario,Polera,3,287646,73869
10005,957,2023-02-10,Vestuario,Chaqueta,1,145346,51228
10006,300,2024-12-09,Vestuario,Zapatillas,5,510925,172399
10007,1334,2024-04-09,Electrodomesticos,Microondas,2,224822,55464
10008,1168,2023-09-21,Deportes,Pesas,3,275340,58524
10009,586,2024-10-21,Tecnologia,Monitor,1,108838,40216
10010,303,2023-03-09,Vestuario,Polera,4,275080,97081
10011,273,2023-08-07,Vestuario,Pantalon,2,231626,71769
10012,15,2024-01-30,Vestuario,Chaqueta,1,99285,36180
10013,410,2024-10-30,Vestuario,Pantalon,6,272070,60040
10014,260,2023-12-31,Tecnologia,Tablet,3,196320,72091
10015,947,2024-05-06,Deportes,Pesas,1,14809,4616
10016,223,2023-02-17,Hogar,Silla,1,125631,27248
10017,721,2024-06-10,Hogar,Sofa,1,85632,26618
10018,334,2023-04-04,Deportes,Balon,2,185862,39322
10019,667,2024-03-01,Vestuario,Pantalon,6,310134,92100
10020,925,2024-01-13,Hogar,Lampara,1,107743,19801
10021,565,2023-07-06,Tecnologia,Monitor,5,383065,144116
10022,1130,2023-12-15,Hogar,Silla,1,145292,32588
10023,13,2023-12-25,Hogar,Silla,3,275523,101935
10024,999,2023-06-14,Deportes,Raqueta,2,230326,47056
10025,1045,2024-07-14,Deportes,Pesas,1,20374,6561
10026,531,2024-05-11,Vestuario,Pantalon,2,375428,105075
10027,737,2024-12-26,Electrodomesticos,Lavadora,3,341508,75473
10028,295,2023-08-14,Hogar,Silla,2,176914,65508
10029,1142,2024-02-04,Electrodomesticos,Microondas,1,88305,33400
10030,1129,2023-11-02,Deportes,Balon,3,242802,64953
10031,1485,2024-12-06,Deportes,Bicicleta,1,116060,43466
10032,956,2024-05-26,Hogar,Sofa,1,101507,24451
10033,843,2024-06-26,Tecnologia,Tablet,3,407142,91321
10034,1454,2024-02-16,Tecnologia,Smartphone,3,261204,90724
10035,965,2024-12-19,Deportes,Pesas,6,651960,242025
10036,128,2023-07-21,Deportes,Bicicleta,1,89134,21913
10037,902,2023-10-24,Tecnologia,Tablet,1,135377,36071
10038,950,2024-04-30,Deportes,Balon,1,61851,23236
10039,410,2023-09-26,Electrodomesticos,Aspiradora,2,175256,31689
10040,612,2024-10-19,Deportes,Bicicleta,2,240372,59427
10041,1189,2023-05-02,Vestuario,Polera,1,159871,52562
10042,639,2024-06-01,Tecnologia,Monitor,1,56156,18546
10043,507,2023-06-09,Tecnologia,Tablet,1,60861,12669
10044,243,2024-10-16,Tecnologia,Tablet,1,127667,23209
10045,426,2024-03-27,Hogar,Silla,2,154736,45158
10046,1105,2024-11-27,Deportes,Pesas,6,984594,355032
10047,36,2023-03-19,Electrodomesticos,Microondas,1,6036,1598
10048,392,2024-02-18,Electrodomesticos,Refrigerador,1,61905,21803
10049,1061,2023-09-26,Vestuario,Pantalon,3,15000,4985
10050,1440,2024-07-06,Vestuario,Chaqueta,1,65498,21635
10051,955,2024-07-23,Hogar,Lampara,2,94582,22207
10052,77,2023-09-12,Hogar,Sofa,3,302028,67476
10053,426,2024-10-24,Electrodomesticos,Microondas,1,138046,44498
10054,1253,2023-03-29,Tecnologia,Tablet,2,275036,93165
10055,925,2023-04-04,Vestuario,Polera,3,332001,105844
10056,726,2024-04-22,Hogar,Silla,3,216459,73924
10057,1119,2023-12-27,Vestuario,Polera,5,154525,35936
10058,42,2023-04-18,Electrodomesticos,Lavadora,1,162319,43673
10059,159,2023-12-06,Vestuario,Pantalon,3,511956,150811
10060,941,2023-03-25,Tecnologia,Notebook,1,64327,21764
10061,1456,2024-11-05,Deportes,Bicicleta,1,73305,17222
10062,1220,2024-09-02,Vestuario,Zapatillas,3,403056,121953
10063,1453,2024-06-23,Vestuario,Chaqueta,2,211982,52729
10064,302,2023-02-07,Tecnologia,Smartphone,1,123361,36927
10065,622,2024-01-08,Electrodomesticos,Refrigerador,1,77102,29263
10066,1190,2023-01-16,Hogar,Mesa,1,55512,21059
10067,1181,2024-08-20,Vestuario,Chaqueta,2,159324,48859
10068,1024,2024-11-15,Hogar,Mesa,1,104107,25740
10069,996,2023-05-03,Deportes,Bicicleta,5,533655,192045
10070,1072,2023-10-08,Tecnologia,Smartphone,4,265968,75087
10071,613,2024-12-07,Electrodomesticos,Lavadora,3,232251,65136
10072,416,2023-08-26,Vestuario,Zapatillas,2,65164,12756
10073,754,2024-02-04,Vestuario,Chaqueta,3,326766,81525
10074,695,2024-09-28,Hogar,Mesa,3,130800,40625
10075,585,2024-01-14,Tecnologia,Monitor,1,57938,10768
10076,405,2023-07-03,Electrodomesticos,Refrigerador,1,143514,47510
10077,132,2024-06-06,Tecnologia,Tablet,2,266230,74595
10078,951,2023-06-01,Hogar,Lampara,2,51314,15534
10079,588,2024-05-18,Deportes,Bicicleta,4,212908,54016
10080,907,2023-03-17,Tecnologia,Smartphone,3,456273,141352
10081,848,2024-01-01,Hogar,Mesa,3,388077,129570
10082,1181,2023-07-20,Deportes,Raqueta,4,344612,73456
10083,961,2023-12-11,Vestuario,Chaqueta,1,33081,7392
10084,888,2023-07-10,Vestuario,Chaqueta,3,129648,43185
10085,1225,2024-10-03,Hogar,Sofa,1,19376,6086
10086,353,2023-09-05,Electrodomesticos,Lavadora,5,403050,78190
10087,1396,2023-11-12,Vestuario,Polera,2,83190,23710
10088,1259,2023-07-26,Tecnologia,Smartphone,3,307356,105614
10089,578,2024-06-15,Vestuario,Pantalon,3,293862,104536
10090,1186,2024-07-20,Electrodomesticos,Microondas,2,214850,78286
10091,329,2023-02-01,Electrodomesticos,Lavadora,1,111667,35805
10092,327,2024-07-25,Tecnologia,Tablet,1,105758,32965
10093,1079,2024-07-22,Electrodomesticos,Aspiradora,1,96499,33975
10094,109,2023-12-26,Vestuario,Chaqueta,2,57496,15467
10095,1376,2023-09-29,Deportes,Raqueta,1,140059,49769
10096,119,2024-04-19,Electrodomesticos,Lavadora,2,182904,39396
10097,1122,2024-05-15,Vestuario,Polera,1,159096,47164
10098,90,2023-02-08,Tecnologia,Monitor,3,410601,90275
10099,1020,2023-01-19,Electrodomesticos,Refrigerador,2,168584,40778
10100,1448,2023-03-16,Tecnologia,Notebook,2,10000,3396
10101,937,2024-12-03,Tecnologia,Monitor,2,133082,44013
10102,1000,2023-12-26,Deportes,Raqueta,4,190060,34623
10103,219,2024-06-17,Hogar,Sofa,3,181932,64771
10104,275,2024-05-17,Deportes,Raqueta,2,194756,59299
10105,108,2024-08-17,Deportes,Raqueta,3,246459,64317
10106,1441,2023-12-07,Vestuario,Zapatillas,1,97219,33174
10107,1044,2024-01-04,Hogar,Mesa,1,145114,37949
10108,943,2024-05-31,Vestuario,Chaqueta,1,123169,26936
10109,668,2024-08-27,Electrodomesticos,Refrigerador,1,121612,32671
10110,653,2023-07-07,Vestuario,Pantalon,1,169204,58134
10111,1013,2023-04-25,Tecnologia,Notebook,1,72231,16088
10112,705,2023-11-23,Tecnologia,Monitor,1,107187,31550
10113,1094,2023-08-08,Deportes,Raqueta,3,515673,159769
10114,786,2024-05-06,Tecnologia,Monitor,1,42533,11267
10115,129,2024-08-11,Tecnologia,Monitor,6,68484,15559
10116,882,2024-02-17,Tecnologia,Monitor,4,376820,133538
10117,111,2023-05-09,Hogar,Mesa,3,338640,68764
10118,246,2023-08-05,Hogar,Silla,1,101921,34018
10119,779,2023-11-10,Hogar,Sofa,1,82111,20529
10120,1317,2024-05-31,Tecnologia,Notebook,2,325142,98009
10121,927,2023-10-30,Vestuario,Polera,1,116400,26075
10122,848,2024-05-21,Hogar,Lampara,2,82950,19836
10123,1446,2024-03-04,Hogar,Sofa,3,287601,96874
10124,411,2023-04-03,Hogar,Sofa,4,407204,139936
10125,1456,2023-07-11,Hogar,Lampara,1,102659,38660
10126,260,2024-08-17,Deportes,Raqueta,1,124752,40140
10127,793,2024-12-18,Electrodomesticos,Refrigerador,1,68607,17565
10128,1461,2024-11-17,Hogar,Lampara,1,128891,36305
10129,885,2023-01-19,Tecnologia,Smartphone,1,59548,15515
10130,304,2023-02-11,Hogar,Silla,2,110670,32215
10131,1420,2023-06-27,Deportes,Raqueta,2,118810,34305
10132,765,2024-10-19,Electrodomesticos,Aspiradora,2,167972,59302
10133,660,2023-08-09,Electrodomesticos,Microondas,4,131520,34487
10134,812,2023-03-12,Deportes,Bicicleta,2,157724,49570
10135,1092,2023-06-02,Vestuario,Zapatillas,1,78113,19803
10136,1368,2024-09-10,Tecnologia,Monitor,2,137686,40496
10137,781,2023-11-29,Hogar,Sofa,4,354568,67546
10138,1362,2024-01-19,Hogar,Silla,2,143440,37040
10139,6,2024-12-06,Vestuario,Polera,1,139921,30270
10140,1247,2024-01-02,Vestuario,Polera,5,504130,167572
10141,1325,2024-07-09,Deportes,Bicicleta,1,114117,40582
10142,168,2023-03-08,Hogar,Lampara,1,61774,22429
10143,666,2024-02-15,Tecnologia,Smartphone,1,122342,27702
10144,369,2024-08-05,Hogar,Sofa,1,94801,30923
10145,594,2023-03-12,Electrodomesticos,Refrigerador,2,182038,60364
10146,1427,2024-06-27,Tecnologia,Smartphone,1,85712,21362
10147,1036,2024-03-11,Vestuario,Chaqueta,4,338984,77755
10148,636,2024-03-12,Deportes,Raqueta,1,143582,42611
10149,156,2023-08-17,Tecnologia,Notebook,3,343299,117824
10150,410,2024-07-15,Tecnologia,Notebook,1,43048,12086
10151,819,2023-06-02,Hogar,Mesa,3,200619,48453
10152,1457,2024-07-17,Tecnologia,Smartphone,2,111828,34225
10153,366,2023-11-12,Tecnologia,Tablet,1,45821,15611
10154,1242,2023-08-08,Hogar,Lampara,3,471558,124129
10155,1354,2024-09-18,Vestuario,Polera,3,378618,130076
10156,566,2023-10-15,Deportes,Balon,1,103280,28331
10157,1245,2024-10-15,Electrodomesticos,Lavadora,1,38432,8935
10158,245,2024-04-19,Deportes,Balon,3,373047,96392
10159,1104,2023-12-30,Deportes,Pesas,4,172128,63509
10160,1238,2024-06-02,Hogar,Sofa,2,123454,36366
10161,737,2024-12-14,Tecnologia,Smartphone,1,64828,20162
10162,1318,2024-05-24,Deportes,Balon,4,421164,116387
10163,1183,2024-10-14,Tecnologia,Notebook,1,17713,4897
10164,358,2024-12-21,Electrodomesticos,Aspiradora,5,353310,118975
10165,745,2023-06-13,Tecnologia,Notebook,1,102746,25589
10166,516,2024-11-26,Vestuario,Chaqueta,1,106838,26201
10167,1340,2024-04-17,Tecnologia,Notebook,6,314592,109969
10168,1266,2023-09-06,Deportes,Balon,1,143134,38244
10169,753,2023-03-13,Electrodomesticos,Refrigerador,2,343174,66241
10170,508,2024-09-07,Electrodomesticos,Aspiradora,1,85069,16638
10171,961,2023-11-28,Electrodomesticos,Aspiradora,2,252250,53788
10172,496,2024-09-26,Hogar,Mesa,2,108964,37206
10173,448,2023-09-02,Vestuario,Polera,2,214902,43071
10174,376,2023-05-20,Vestuario,Zapatillas,4,78996,28940
10175,886,2024-01-11,Deportes,Bicicleta,4,475916,138270
10176,469,2023-03-15,Electrodomesticos,Aspiradora,2,85568,31445
10177,1439,2024-03-23,Deportes,Bicicleta,1,101637,28996
10178,608,2023-08-03,Vestuario,Chaqueta,1,119157,22114
10179,981,2024-04-19,Electrodomesticos,Microondas,5,235190,70852
10180,1030,2023-08-19,Hogar,Lampara,2,225980,62747
10181,919,2024-06-13,Hogar,Sofa,2,119852,27679
10182,1270,2023-01-11,Vestuario,Chaqueta,1,78569,14989
10183,1416,2023-01-30,Deportes,Pesas,1,77363,22270
10184,1068,2023-01-26,Deportes,Raqueta,1,106228,22519
10185,1395,2024-01-25,Hogar,Lampara,1,87459,24374
10186,800,2024-03-06,Tecnologia,Monitor,3,465666,131802
10187,107,2023-03-26,Vestuario,Chaqueta,5,444035,164321
10188,59,2023-06-29,Electrodomesticos,Microondas,4,201616,51075
10189,781,2023-04-20,Vestuario,Pantalon,1,58230,11876
10190,213,2023-11-04,Deportes,Raqueta,3,395532,133247
10191,915,2023-05-17,Hogar,Mesa,1,51376,18178
10192,710,2024-10-17,Electrodomesticos,Aspiradora,4,376952,121678
10193,784,2024-07-19,Tecnologia,Notebook,3,262809,56679
10194,1483,2023-11-06,Vestuario,Polera,3,286089,77927
10195,1294,2024-01-01,Vestuario,Polera,5,478785,181301
10196,845,2023-08-30,Hogar,Sofa,1,110387,41302
10197,671,2024-08-13,Tecnologia,Smartphone,2,144740,50441
10198,48,2023-10-01,Electrodomesticos,Microondas,3,292548,81386
10199,700,2024-09-05,Deportes,Pesas,4,342620,93407
10200,847,2024-06-11,Deportes,Raqueta,3,146181,54844
10201,484,2023-08-07,Vestuario,Chaqueta,1,131281,46150
10202,1191,2024-03-22,Vestuario,Zapatillas,3,365808,125363
10203,937,2024-11-23,Vestuario,Pantalon,2,159056,42235
10204,614,2023-10-29,Tecnologia,Tablet,1,96346,19773
10205,1121,2024-06-18,Deportes,Bicicleta,1,89737,22274
10206,1142,2024-06-12,Hogar,Sofa,4,252088,60937
10207,288,2024-03-10,Hogar,Mesa,3,184023,52186
10208,1279,2023-06-23,Vestuario,Pantalon,3,212151,43679
10209,389,2023-03-22,Tecnologia,Tablet,2,80668,17582
10210,623,2023-09-23,Deportes,Raqueta,4,20000,5355
10211,1212,2023-03-31,Vestuario,Chaqueta,1,118434,41571
10212,66,2024-05-19,Vestuario,Chaqueta,3,339720,92514
10213,1197,2023-03-22,Deportes,Pesas,2,162524,40095
10214,361,2024-05-09,Tecnologia,Tablet,2,270060,60750
10215,325,2024-11-07,Tecnologia,Monitor,1,127209,34226
10216,1171,2024-04-20,Vestuario,Zapatillas,4,448596,156216
10217,1187,2024-11-17,Electrodomesticos,Microondas,2,161166,42052
10218,128,2024-11-18,Electrodomesticos,Aspiradora,1,42780,9232
10219,833,2024-05-16,Tecnologia,Monitor,1,119777,43073
10220,779,2024-02-10,Vestuario,Pantalon,3,39741,13695
10221,67,2024-09-25,Vestuario,Zapatillas,2,171390,48104
10222,1006,2023-03-19,Hogar,Sofa,1,88022,23879
10223,440,2023-11-25,Deportes,Bicicleta,4,522608,165828
10224,12,2024-12-01,Hogar,Lampara,2,132578,49698
10225,1080,2024-04-21,Deportes,Balon,4,362272,72288
10226,712,2023-03-03,Hogar,Mesa,1,139967,35382
10227,264,2023-08-20,Tecnologia,Monitor,2,291408,78090
10228,286,2023-10-03,Vestuario,Polera,4,463116,171186
10229,1162,2023-06-27,Deportes,Balon,2,281738,77703
10230,705,2024-06-03,Hogar,Silla,5,722730,140751
10231,1459,2023-12-18,Hogar,Silla,2,214804,80476
10232,552,2024-04-30,Deportes,Pesas,2,64346,18194
10233,1378,2024-08-21,Tecnologia,Smartphone,3,360516,93724
10234,150,2023-10-07,Vestuario,Zapatillas,1,67500,24883
10235,722,2023-08-11,Hogar,Lampara,2,375500,100322
10236,657,2024-03-06,Vestuario,Pantalon,4,719296,185946
10237,961,2023-02-01,Tecnologia,Notebook,3,15000,5271
10238,326,2023-09-17,Tecnologia,Tablet,3,22374,5606
10239,194,2024-11-13,Vestuario,Polera,2,261638,75285
10240,358,2023-04-07,Deportes,Bicicleta,1,177179,61447
10241,365,2024-05-20,Hogar,Sofa,3,239262,46189
10242,982,2023-08-04,Hogar,Silla,3,50526,17622
10243,900,2024-12-15,Vestuario,Polera,5,301600,90858
10244,1357,2023-01-06,Deportes,Raqueta,1,71698,25905
10245,345,2023-03-19,Hogar,Silla,2,196276,60539
10246,1450,2024-07-13,Deportes,Raqueta,2,144514,37873
10247,274,2024-07-27,Vestuario,Polera,1,134372,29158
10248,475,2024-08-28,Tecnologia,Monitor,1,136801,28151
10249,799,2024-08-16,Tecnologia,Smartphone,1,55428,14278
10250,723,2024-06-29,Vestuario,Chaqueta,2,240968,52681
10251,733,2024-11-09,Deportes,Bicicleta,1,5000,1596
10252,1204,2024-12-24,Electrodomesticos,Aspiradora,5,603110,216627
10253,237,2023-07-02,Tecnologia,Notebook,1,131352,36450
10254,55,2023-12-05,Hogar,Mesa,1,74027,23372
10255,298,2024-07-22,Electrodomesticos,Lavadora,1,165691,49980
10256,315,2023-08-29,Deportes,Pesas,1,109158,38291
10257,1299,2023-09-04,Deportes,Pesas,1,96175,21347
10258,198,2024-05-16,Electrodomesticos,Refrigerador,2,195548,57021
10259,136,2023-06-14,Vestuario,Chaqueta,2,65788,15048
10260,872,2024-11-26,Hogar,Sofa,1,112173,31746
10261,1124,2024-08-02,Deportes,Raqueta,4,67392,25427
10262,1326,2023-08-20,Tecnologia,Notebook,1,109941,28957
10263,1314,2024-01-04,Tecnologia,Tablet,2,133820,31434
10264,648,2024-04-12,Hogar,Mesa,2,194612,48835
10265,1151,2024-10-27,Vestuario,Polera,1,97739,27287
10266,470,2023-02-13,Deportes,Raqueta,3,108636,36560
10267,1330,2023-10-24,Vestuario,Polera,1,127518,47686
10268,905,2024-11-13,Electrodomesticos,Lavadora,3,345198,99996
10269,397,2023-08-27,Hogar,Silla,3,155889,57156
10270,992,2024-08-29,Tecnologia,Tablet,2,112674,39711
10271,893,2024-06-01,Deportes,Pesas,3,401628,80997
10272,268,2024-12-01,Deportes,Balon,1,143524,36211
10273,430,2023-05-31,Electrodomesticos,Aspiradora,1,82651,21528
10274,869,2023-09-21,Vestuario,Polera,2,84710,20858
10275,1221,2023-04-14,Hogar,Silla,2,94456,28820
10276,522,2023-04-06,Hogar,Lampara,2,221398,74252
10277,153,2024-05-19,Vestuario,Pantalon,3,403719,121386
10278,589,2024-07-19,Electrodomesticos,Lavadora,5,406210,109185
10279,1247,2023-03-10,Deportes,Raqueta,3,242445,54223
10280,1325,2024-11-02,Electrodomesticos,Lavadora,2,190114,39058
10281,222,2024-11-05,Tecnologia,Tablet,1,106582,32553
10282,594,2023-11-29,Tecnologia,Monitor,2,56474,11026
10283,1227,2024-02-11,Tecnologia,Monitor,1,100030,28119
10284,71,2024-05-10,Tecnologia,Tablet,2,250526,48326
10285,164,2024-02-08,Tecnologia,Monitor,4,388012,135826
10286,1428,2024-06-27,Deportes,Raqueta,2,138196,42768
10287,1228,2023-11-09,Hogar,Sofa,3,480252,114062
10288,785,2023-05-27,Vestuario,Pantalon,2,132134,41114
10289,116,2023-05-05,Deportes,Raqueta,1,104616,38447
10290,749,2024-10-22,Tecnologia,Smartphone,1,144788,29470
10291,914,2024-08-28,Tecnologia,Notebook,2,204506,57010
10292,834,2023-07-12,Electrodomesticos,Lavadora,2,211418,54147
10293,692,2023-10-01,Tecnologia,Monitor,1,120083,40406
10294,260,2024-02-12,Electrodomesticos,Microondas,4,684032,222731
10295,454,2024-06-08,Vestuario,Pantalon,1,52512,10653
10296,860,2024-08-02,Deportes,Raqueta,1,83643,30962
10297,850,2024-10-23,Electrodomesticos,Lavadora,1,104359,24345
10298,1267,2023-02-11,Tecnologia,Smartphone,1,123319,41404
10299,479,2024-02-11,Electrodomesticos,Microondas,3,346392,97086
10300,69,2023-11-07,Electrodomesticos,Refrigerador,4,399444,146409
10301,1155,2023-04-15,Hogar,Sofa,5,222755,68055
10302,364,2024-01-29,Deportes,Pesas,3,298422,70190
10303,884,2023-01-10,Electrodomesticos,Lavadora,1,67298,13453
10304,121,2023-09-08,Electrodomesticos,Microondas,3,323649,78976
10305,43,2023-11-15,Electrodomesticos,Lavadora,8,1066488,283699
10306,1460,2023-10-31,Vestuario,Zapatillas,1,89360,27538
10307,511,2023-03-22,Tecnologia,Monitor,3,184755,70008
10308,552,2023-04-16,Hogar,Silla,1,50622,14256
10309,1493,2024-08-11,Electrodomesticos,Lavadora,4,791952,270337
10310,1238,2024-09-16,Tecnologia,Smartphone,3,499887,166885
10311,1133,2023-03-10,Tecnologia,Tablet,3,343983,109745
10312,936,2023-04-13,Vestuario,Polera,1,74387,21803
10313,441,2023-06-11,Vestuario,Polera,4,538748,192814
10314,53,2023-02-02,Tecnologia,Notebook,1,126044,31421
10315,919,2024-02-28,Hogar,Silla,2,10000,3046
10316,588,2024-02-29,Tecnologia,Monitor,1,88480,18953
10317,88,2023-12-21,Hogar,Mesa,1,73086,15248
10318,963,2023-05-15,Electrodomesticos,Lavadora,1,138220,43612
10319,631,2023-10-22,Tecnologia,Smartphone,5,458265,108252
10320,1447,2024-04-26,Tecnologia,Notebook,1,64967,12976
10321,871,2023-04-09,Vestuario,Zapatillas,3,455340,130448
10322,1096,2024-05-18,Tecnologia,Monitor,3,315633,72670
10323,635,2024-09-30,Hogar,Silla,1,131172,24390
10324,266,2024-02-22,Electrodomesticos,Refrigerador,3,88503,25469
10325,151,2024-01-11,Vestuario,Polera,1,5000,1870
10326,1241,2023-04-21,Vestuario,Chaqueta,3,368121,104358
10327,575,2024-01-08,Tecnologia,Tablet,1,66732,18537
10328,680,2024-10-06,Vestuario,Chaqueta,1,148805,32970
10329,306,2024-11-11,Hogar,Lampara,2,208684,38155
10330,1368,2023-07-09,Electrodomesticos,Refrigerador,4,335760,84419
10331,417,2024-07-14,Vestuario,Polera,3,366474,129814
10332,992,2024-06-14,Vestuario,Pantalon,1,5000,1741
10333,176,2024-04-08,Electrodomesticos,Lavadora,4,614724,123158
10334,789,2024-09-03,Deportes,Bicicleta,1,79079,21960
10335,205,2023-02-20,Deportes,Bicicleta,1,42904,13779
10336,247,2023-03-06,Vestuario,Zapatillas,3,345147,128920
10337,821,2024-11-16,Deportes,Balon,1,97539,33881
10338,1039,2024-07-24,Hogar,Sofa,2,136188,37481
10339,1287,2024-07-16,Deportes,Raqueta,7,726446,206347
10340,576,2023-05-30,Vestuario,Polera,2,247730,83156
10341,1376,2023-10-26,Vestuario,Zapatillas,1,5000,1766
10342,280,2024-07-02,Hogar,Silla,1,22699,4208
10343,636,2024-08-06,Tecnologia,Smartphone,2,155642,40265
10344,140,2024-01-23,Tecnologia,Tablet,1,5000,1816
10345,1052,2023-04-26,Tecnologia,Smartphone,2,144052,46127
10346,1236,2023-08-29,Tecnologia,Monitor,1,21337,7440
10347,1004,2024-01-27,Vestuario,Pantalon,1,91898,31367
10348,1154,2023-09-11,Tecnologia,Smartphone,4,441528,125135
10349,619,2024-12-12,Tecnologia,Notebook,4,437076,101487
10350,1421,2023-03-11,Tecnologia,Smartphone,2,131804,49018
10351,982,2024-08-17,Electrodomesticos,Aspiradora,1,61240,17274
10352,983,2024-04-25,Tecnologia,Monitor,1,22043,7326
10353,1212,2023-11-22,Electrodomesticos,Refrigerador,1,105046,36465
10354,1020,2024-08-21,Tecnologia,Smartphone,1,107859,22901
10355,1187,2024-03-27,Tecnologia,Smartphone,1,121794,41335
10356,1227,2024-11-29,Deportes,Bicicleta,2,198112,44082
10357,1351,2024-05-14,Hogar,Lampara,1,57546,12600
10358,363,2024-09-01,Deportes,Balon,4,609824,166303
10359,582,2023-12-09,Vestuario,Polera,4,203428,58116
10360,1059,2024-02-06,Electrodomesticos,Microondas,2,268506,89548
10361,16,2024-02-12,Vestuario,Pantalon,1,67681,23765
10362,284,2023-05-11,Vestuario,Polera,5,378455,121629
10363,1307,2023-09-14,Tecnologia,Monitor,7,563934,110459
10364,735,2024-05-20,Vestuario,Zapatillas,1,144692,30480
10365,901,2024-07-11,Hogar,Sofa,1,43278,10479
10366,542,2023-04-06,Electrodomesticos,Microondas,3,228777,49751
10367,225,2024-09-08,Hogar,Lampara,3,241743,82151
10368,973,2024-03-26,Vestuario,Polera,3,256203,70435
10369,978,2023-06-29,Tecnologia,Monitor,1,125777,42639
10370,685,2024-09-22,Tecnologia,Monitor,3,258747,82180
10371,1486,2024-03-10,Vestuario,Pantalon,1,147403,47464
10372,10,2023-02-11,Deportes,Pesas,2,231096,48425
10373,677,2023-09-06,Vestuario,Polera,1,95327,33570
10374,535,2024-11-23,Electrodomesticos,Refrigerador,5,581390,155114
10375,702,2024-04-05,Vestuario,Chaqueta,2,213474,68192
10376,885,2023-10-26,Hogar,Mesa,1,63533,22488
10377,1428,2024-02-29,Hogar,Silla,1,83712,19966
10378,1151,2024-06-18,Hogar,Mesa,4,591672,220295
10379,1068,2023-08-14,Hogar,Sofa,5,616135,166156
10380,989,2023-01-22,Deportes,Pesas,6,314928,89015
10381,1337,2023-12-18,Tecnologia,Smartphone,2,238638,68587
10382,818,2023-10-21,Vestuario,Polera,1,156936,28953
10383,160,2023-12-22,Electrodomesticos,Lavadora,4,548532,119240
10384,479,2024-05-14,Electrodomesticos,Refrigerador,1,128617,45546
10385,524,2023-10-12,Hogar,Mesa,3,406572,120266
10386,255,2023-05-22,Electrodomesticos,Lavadora,5,225870,56033
10387,1333,2024-05-23,Tecnologia,Smartphone,2,236090,83724
10388,512,2023-01-04,Deportes,Bicicleta,2,141486,41396
10389,1197,2024-04-16,Vestuario,Polera,1,88995,23564
10390,244,2023-11-04,Vestuario,Pantalon,3,303783,97666
10391,694,2023-07-02,Vestuario,Zapatillas,2,89276,28493
10392,1461,2024-08-31,Hogar,Mesa,4,336144,88861
10393,1067,2023-12-28,Hogar,Sofa,2,173904,42702
10394,293,2024-03-16,Hogar,Lampara,2,180518,58177
10395,592,2024-10-28,Hogar,Silla,8,777584,208307
10396,1364,2023-08-05,Tecnologia,Notebook,2,188496,56303
10397,530,2023-10-12,Tecnologia,Smartphone,3,158232,44607
10398,1395,2023-09-18,Vestuario,Polera,2,277636,101239
10399,1025,2024-06-08,Tecnologia,Notebook,2,161396,59006
10400,546,2023-02-03,Vestuario,Chaqueta,1,97624,27750
10401,976,2023-09-14,Electrodomesticos,Lavadora,3,115665,33004
10402,735,2023-09-07,Electrodomesticos,Aspiradora,4,310124,90956
10403,1350,2024-09-14,Tecnologia,Notebook,5,354250,113979
10404,1045,2023-06-03,Vestuario,Zapatillas,4,454016,103908
10405,362,2023-11-09,Electrodomesticos,Microondas,2,142754,38177
10406,1146,2024-09-28,Electrodomesticos,Aspiradora,1,70109,17587
10407,1083,2024-05-02,Electrodomesticos,Lavadora,2,47596,12595
10408,1415,2024-08-09,Electrodomesticos,Aspiradora,2,251058,50507
10409,584,2024-08-08,Hogar,Mesa,2,91894,17513
10410,1300,2024-11-10,Vestuario,Zapatillas,1,164379,49084
10411,1495,2024-09-23,Deportes,Raqueta,2,145286,52859
10412,969,2024-09-03,Hogar,Lampara,1,124252,33863
10413,937,2024-05-30,Vestuario,Pantalon,3,226932,68875
10414,535,2024-08-13,Deportes,Pesas,1,40800,13778
10415,208,2023-02-22,Tecnologia,Tablet,2,293830,66115
10416,734,2023-12-24,Hogar,Lampara,3,269649,84684
10417,450,2024-08-03,Deportes,Bicicleta,1,54732,12102
10418,1187,2023-10-22,Hogar,Lampara,4,281652,66395
10419,565,2024-11-23,Hogar,Mesa,2,203628,75302
10420,979,2024-03-29,Vestuario,Polera,1,145349,39605
10421,1247,2024-07-16,Vestuario,Polera,5,504275,168710
10422,660,2023-12-05,Hogar,Silla,3,233982,44463
10423,227,2024-11-15,Vestuario,Chaqueta,3,334572,99468
10424,257,2024-02-14,Deportes,Raqueta,1,136246,44547
10425,1206,2023-01-25,Vestuario,Zapatillas,3,262092,85937
10426,1412,2024-12-03,Hogar,Sofa,1,74280,24377
10427,619,2023-05-04,Vestuario,Polera,2,10000,3764
10428,809,2023-03-26,Electrodomesticos,Refrigerador,1,24947,5264
10429,685,2024-10-12,Hogar,Sofa,1,88293,28386
10430,636,2024-07-15,Tecnologia,Tablet,1,90379,28667
10431,208,2023-01-21,Vestuario,Chaqueta,2,88356,21768
10432,589,2023-11-14,Electrodomesticos,Lavadora,9,506016,147800
10433,428,2024-07-26,Deportes,Balon,2,306312,91297
10434,1236,2023-10-19,Tecnologia,Tablet,2,199738,53530
10435,689,2024-01-09,Electrodomesticos,Aspiradora,1,85799,28619
10436,58,2024-12-09,Vestuario,Chaqueta,2,191516,47333
10437,1467,2023-01-27,Tecnologia,Monitor,1,53565,17147
10438,430,2023-12-02,Vestuario,Zapatillas,5,275335,72823
10439,581,2023-05-02,Vestuario,Pantalon,1,24609,6326
10440,828,2023-04-23,Tecnologia,Smartphone,1,99077,34040
10441,1466,2023-03-16,Electrodomesticos,Refrigerador,2,321718,117923
10442,688,2023-10-01,Tecnologia,Smartphone,3,547980,105013
10443,1424,2023-02-19,Hogar,Sofa,3,313161,76507
10444,1035,2024-06-06,Deportes,Balon,1,106071,33563
10445,1487,2023-01-29,Vestuario,Polera,1,73322,15687
10446,1020,2024-10-17,Hogar,Mesa,2,144976,38784
10447,655,2024-06-06,Deportes,Pesas,2,194936,38111
10448,918,2023-05-01,Vestuario,Zapatillas,1,29953,10615
10449,1013,2024-09-15,Vestuario,Zapatillas,2,90404,16950
10450,1023,2023-05-05,Tecnologia,Tablet,2,58520,11240
10451,127,2023-08-04,Deportes,Bicicleta,3,369153,121046
10452,359,2023-07-13,Deportes,Balon,5,781775,165043
10453,208,2023-04-11,Tecnologia,Smartphone,2,93892,25509
10454,794,2024-06-15,Deportes,Raqueta,3,453591,149460
10455,692,2023-01-16,Vestuario,Pantalon,2,223380,71676
10456,1340,2024-07-19,Hogar,Silla,2,294564,55958
10457,401,2024-11-15,Deportes,Bicicleta,3,184860,54552
10458,1340,2024-05-03,Electrodomesticos,Lavadora,1,98711,19401
10459,1032,2023-09-21,Hogar,Lampara,4,628248,200532
10460,866,2024-06-18,Tecnologia,Monitor,3,273744,63559
10461,1400,2023-03-01,Electrodomesticos,Lavadora,1,82032,18190
10462,487,2024-07-11,Deportes,Pesas,2,205220,59894
10463,1114,2024-12-15,Deportes,Pesas,3,379011,84096
10464,1379,2023-04-10,Deportes,Balon,5,545840,203502
10465,458,2023-03-13,Vestuario,Zapatillas,3,199863,61009
10466,1300,2024-09-30,Hogar,Sofa,2,248188,50994
10467,442,2024-11-20,Deportes,Balon,4,435196,136507
10468,1471,2023-09-21,Electrodomesticos,Microondas,3,148074,52209
10469,85,2024-02-24,Vestuario,Chaqueta,3,132864,31946
10470,229,2024-04-10,Vestuario,Zapatillas,3,401661,104553
10471,819,2023-01-31,Tecnologia,Smartphone,2,54926,19134
10472,1384,2024-09-04,Electrodomesticos,Refrigerador,1,125331,31507
10473,68,2023-03-26,Tecnologia,Tablet,1,103544,27335
10474,614,2023-12-08,Electrodomesticos,Microondas,1,143638,42812
10475,945,2023-11-27,Vestuario,Polera,1,99244,22085
10476,483,2024-07-13,Hogar,Mesa,1,84252,24435
10477,950,2023-07-10,Electrodomesticos,Refrigerador,4,166312,32710
10478,151,2023-06-16,Hogar,Mesa,1,95310,29089
10479,101,2023-12-22,Tecnologia,Tablet,2,190978,54653
10480,514,2023-03-02,Vestuario,Chaqueta,2,237248,50390
10481,278,2023-12-30,Tecnologia,Tablet,2,188198,66773
10482,979,2023-07-28,Electrodomesticos,Microondas,2,96100,29932
10483,365,2024-06-19,Vestuario,Zapatillas,2,281742,90707
10484,1433,2024-09-19,Hogar,Silla,3,63066,17594
10485,497,2024-02-08,Hogar,Mesa,2,116410,34944
10486,1255,2023-05-17,Vestuario,Pantalon,3,70632,20613
10487,704,2023-11-02,Electrodomesticos,Microondas,2,134440,46951
10488,1462,2023-04-27,Hogar,Lampara,1,32072,9763
10489,608,2023-03-13,Tecnologia,Tablet,3,204912,61381
10490,1444,2024-03-16,Deportes,Bicicleta,2,213636,47415
10491,1474,2024-03-27,Tecnologia,Monitor,1,95311,27941
10492,292,2024-09-07,Hogar,Sofa,2,219380,70220
10493,174,2024-10-04,Electrodomesticos,Microondas,2,331060,105463
10494,564,2023-12-17,Electrodomesticos,Lavadora,1,148781,39476
10495,1273,2023-07-17,Vestuario,Zapatillas,1,93048,19558
10496,673,2023-04-23,Deportes,Bicicleta,1,72855,14271
10497,21,2023-07-20,Tecnologia,Smartphone,5,387650,125096
10498,1226,2024-02-20,Deportes,Raqueta,2,240442,43670
10499,798,2024-11-14,Electrodomesticos,Aspiradora,3,245619,48001
10500,768,2023-03-18,Vestuario,Zapatillas,6,585678,131756
10501,410,2023-04-25,Electrodomesticos,Lavadora,3,417141,154080
10502,727,2023-08-02,Deportes,Pesas,3,213360,41358
10503,375,2023-10-03,Vestuario,Chaqueta,3,180951,57293
10504,284,2023-03-08,Deportes,Bicicleta,1,179064,36261
10505,1180,2024-05-13,Tecnologia,Tablet,1,111253,24336
10506,780,2024-12-22,Vestuario,Chaqueta,6,408660,93659
10507,1044,2024-06-04,Electrodomesticos,Microondas,1,95164,18065
10508,1209,2023-03-02,Electrodomesticos,Lavadora,1,107619,36428
10509,1114,2023-01-24,Vestuario,Chaqueta,1,64827,15446
10510,1185,2023-05-21,Electrodomesticos,Refrigerador,6,588336,201879
10511,1433,2024-11-10,Hogar,Lampara,1,90179,22885
10512,742,2023-01-06,Tecnologia,Notebook,3,360999,92359
10513,609,2023-04-23,Deportes,Bicicleta,1,92902,17833
10514,593,2023-03-18,Vestuario,Pantalon,1,109433,34168
10515,228,2023-06-21,Deportes,Bicicleta,2,151764,54690
10516,1203,2024-04-05,Deportes,Raqueta,6,639222,167814
10517,737,2024-03-31,Vestuario,Zapatillas,3,303033,81752
10518,1366,2023-02-09,Hogar,Lampara,3,289974,69145
10519,1212,2024-01-10,Electrodomesticos,Microondas,5,679880,182819
10520,1411,2024-02-12,Electrodomesticos,Microondas,1,145550,53276
10521,1364,2023-01-10,Hogar,Sofa,4,450212,150753
10522,625,2023-10-10,Hogar,Mesa,1,116485,41302
10523,915,2023-09-11,Hogar,Silla,2,247224,92920
10524,1197,2024-09-30,Deportes,Pesas,1,70638,16701
10525,527,2023-08-24,Hogar,Lampara,2,125352,46713
10526,279,2023-06-28,Electrodomesticos,Lavadora,3,42396,12487
10527,557,2023-12-08,Tecnologia,Tablet,2,189398,53876
10528,6,2024-04-23,Hogar,Silla,2,229948,54848
10529,1216,2023-07-19,Deportes,Bicicleta,7,665518,176510
10530,948,2023-03-08,Tecnologia,Monitor,2,200090,65046
10531,218,2023-08-09,Electrodomesticos,Refrigerador,1,163132,53602
10532,769,2024-01-15,Deportes,Raqueta,2,164310,60412
10533,695,2024-03-27,Vestuario,Polera,2,98856,19029
10534,718,2023-12-16,Electrodomesticos,Aspiradora,3,166527,39918
10535,17,2023-04-11,Deportes,Pesas,4,456556,90920
10536,363,2023-06-05,Electrodomesticos,Lavadora,3,200832,52425
10537,28,2024-04-23,Hogar,Silla,2,263302,80236
10538,407,2024-05-01,Hogar,Silla,3,344190,90459
10539,285,2024-02-16,Deportes,Raqueta,1,155580,51078
10540,946,2024-11-16,Hogar,Sofa,2,150104,43428
10541,117,2023-07-29,Hogar,Sofa,1,146454,31149
10542,1153,2024-06-11,Deportes,Bicicleta,2,227484,45448
10543,1209,2024-03-25,Hogar,Sofa,1,123548,28071
10544,1458,2024-01-25,Hogar,Silla,2,144712,41626
10545,821,2023-04-23,Tecnologia,Smartphone,3,293136,94062
10546,1429,2024-10-21,Tecnologia,Monitor,4,223520,78410
10547,478,2023-03-15,Vestuario,Polera,5,409485,86297
10548,202,2023-04-24,Tecnologia,Notebook,2,46276,12937
10549,841,2023-08-15,Deportes,Pesas,1,70918,22013
10550,245,2023-03-13,Deportes,Pesas,1,105107,21816
10551,497,2024-10-03,Hogar,Lampara,1,23049,5298
10552,891,2023-05-10,Tecnologia,Notebook,2,80190,15042
10553,1364,2024-10-15,Electrodomesticos,Microondas,3,285084,68641
10554,680,2023-02-23,Vestuario,Pantalon,1,124878,46600
10555,746,2024-08-16,Vestuario,Polera,1,91967,30479
10556,900,2023-07-09,Vestuario,Pantalon,4,467176,155512
10557,1324,2023-04-07,Vestuario,Chaqueta,4,354060,121751
10558,27,2024-11-06,Electrodomesticos,Refrigerador,1,73531,14815
10559,915,2023-09-02,Hogar,Silla,1,66781,13858
10560,325,2023-04-23,Vestuario,Pantalon,2,123762,44739
10561,66,2024-11-06,Deportes,Pesas,2,217014,71471
10562,588,2024-02-15,Hogar,Lampara,3,195603,44596
10563,295,2024-12-29,Tecnologia,Smartphone,1,43950,12992
10564,201,2024-12-31,Deportes,Bicicleta,1,90214,28928
10565,504,2023-07-22,Vestuario,Zapatillas,5,519695,120452
10566,1077,2024-08-22,Tecnologia,Notebook,2,191210,36168
10567,1449,2024-05-15,Deportes,Balon,2,239874,79687
10568,1134,2024-09-04,Electrodomesticos,Refrigerador,1,128378,26942
10569,1317,2024-05-27,Electrodomesticos,Refrigerador,1,179225,46754
10570,565,2023-09-17,Tecnologia,Notebook,1,150210,41249
10571,1385,2023-08-21,Electrodomesticos,Lavadora,2,318828,83859
10572,490,2023-07-29,Tecnologia,Smartphone,2,239228,66265
10573,1086,2024-07-06,Tecnologia,Monitor,4,410712,150163
10574,594,2024-07-14,Deportes,Pesas,1,100463,33315
10575,77,2024-11-19,Tecnologia,Monitor,2,236244,82134
10576,28,2023-02-25,Electrodomesticos,Lavadora,2,253366,50885
10577,375,2023-06-02,Deportes,Raqueta,1,111345,28357
10578,1244,2023-05-09,Hogar,Lampara,2,232932,86931
10579,883,2023-02-14,Vestuario,Chaqueta,3,69183,13252
10580,423,2023-03-27,Hogar,Mesa,1,96848,35140
10581,1116,2023-11-02,Deportes,Bicicleta,1,148303,30427
10582,50,2023-06-12,Deportes,Pesas,4,340888,69251
10583,73,2023-12-07,Electrodomesticos,Aspiradora,4,666072,175972
10584,1038,2024-12-25,Electrodomesticos,Lavadora,1,69050,19740
10585,849,2023-08-24,Hogar,Sofa,2,208316,65769
10586,865,2024-09-14,Tecnologia,Notebook,1,42739,14943
10587,534,2024-10-08,Vestuario,Chaqueta,4,311448,111588
10588,1312,2023-10-13,Hogar,Silla,2,242376,62419
10589,1011,2023-09-29,Electrodomesticos,Lavadora,1,75149,23959
10590,18,2024-04-19,Deportes,Raqueta,3,191214,54893
10591,1129,2024-07-19,Vestuario,Zapatillas,1,74020,16255
10592,367,2024-02-13,Tecnologia,Monitor,2,117964,30745
10593,965,2023-04-08,Electrodomesticos,Aspiradora,3,376893,104632
10594,995,2023-04-05,Vestuario,Polera,2,238702,89237
10595,34,2023-03-24,Electrodomesticos,Aspiradora,1,68111,15669
10596,960,2023-03-26,Vestuario,Zapatillas,4,55064,15575
10597,209,2023-04-25,Vestuario,Chaqueta,1,5000,1432
10598,492,2024-02-09,Tecnologia,Notebook,1,132157,25923
10599,1339,2023-04-16,Deportes,Raqueta,1,137487,49235
10600,1236,2023-03-10,Deportes,Pesas,2,35978,7275
10601,867,2023-11-10,Vestuario,Zapatillas,2,124158,40588
10602,601,2023-01-03,Hogar,Mesa,1,53098,11352
10603,199,2023-08-09,Electrodomesticos,Aspiradora,1,115936,43408
10604,209,2024-06-10,Deportes,Balon,2,140504,31421
10605,861,2023-05-31,Hogar,Mesa,4,472440,177187
10606,1143,2024-11-30,Tecnologia,Notebook,1,72821,14767
10607,166,2023-03-18,Deportes,Balon,1,93079,31747
10608,1165,2024-10-22,Electrodomesticos,Lavadora,5,475940,159724
10609,325,2023-08-07,Deportes,Bicicleta,1,60448,18043
10610,1294,2024-09-29,Tecnologia,Monitor,4,649620,184844
10611,562,2024-04-12,Tecnologia,Smartphone,2,232856,63146
10612,1280,2024-12-20,Hogar,Sofa,1,107181,32669
10613,1139,2023-08-10,Vestuario,Zapatillas,2,308772,72905
10614,1279,2023-11-28,Vestuario,Chaqueta,2,230140,66314
10615,340,2023-11-09,Tecnologia,Monitor,1,37875,6936
10616,931,2024-06-23,Deportes,Balon,2,280844,95459
10617,726,2023-05-10,Deportes,Balon,1,128278,25079
10618,642,2024-10-09,Tecnologia,Notebook,2,268270,99322
10619,47,2024-11-14,Hogar,Sofa,3,356247,102349
10620,1347,2024-02-02,Tecnologia,Notebook,1,72092,14603
10621,1186,2023-05-09,Vestuario,Polera,2,281812,106781
10622,1258,2024-03-28,Tecnologia,Smartphone,4,349156,121948
10623,553,2024-03-10,Electrodomesticos,Microondas,4,251464,90327
10624,1045,2023-02-23,Tecnologia,Tablet,1,193319,50069
10625,1148,2024-01-13,Deportes,Bicicleta,1,43739,11186
10626,854,2023-11-13,Vestuario,Chaqueta,1,102329,31152
10627,1126,2023-01-20,Deportes,Pesas,1,12828,4555
10628,843,2024-06-18,Hogar,Sofa,6,248850,52096
10629,855,2024-01-15,Electrodomesticos,Aspiradora,1,75496,17613
10630,1098,2023-02-19,Deportes,Bicicleta,1,62496,13214
10631,1068,2024-10-28,Tecnologia,Tablet,1,127216,30254
10632,758,2024-10-27,Electrodomesticos,Lavadora,2,181060,63795
10633,595,2023-06-09,Electrodomesticos,Aspiradora,2,274122,90005
10634,1464,2024-10-05,Deportes,Bicicleta,1,55769,12110
10635,1177,2024-04-04,Hogar,Sofa,1,132612,45518
10636,224,2023-03-04,Tecnologia,Smartphone,3,468174,130523
10637,500,2023-09-29,Hogar,Silla,2,150218,50640
10638,1458,2023-08-21,Vestuario,Pantalon,1,85949,21501
10639,1130,2024-01-11,Electrodomesticos,Lavadora,2,105932,19278
10640,696,2024-11-11,Tecnologia,Tablet,4,817496,192457
10641,28,2023-03-20,Hogar,Mesa,1,99323,31075
10642,80,2023-05-01,Electrodomesticos,Microondas,1,64222,17167
10643,547,2024-10-13,Tecnologia,Monitor,4,296280,91911
10644,447,2024-11-23,Deportes,Balon,3,323421,61826
10645,305,2024-08-29,Hogar,Silla,3,176979,61677
10646,1480,2023-03-04,Vestuario,Zapatillas,3,347994,65140
10647,81,2023-12-06,Deportes,Bicicleta,2,139288,40844
10648,245,2023-02-22,Vestuario,Chaqueta,2,193774,48778
10649,582,2023-07-31,Deportes,Balon,3,245766,92767
10650,580,2023-10-25,Electrodomesticos,Microondas,3,96183,25591
10651,1387,2023-06-06,Electrodomesticos,Lavadora,1,25479,9436
10652,651,2023-05-14,Hogar,Lampara,1,5000,954
10653,778,2024-11-14,Tecnologia,Tablet,5,206810,54211
10654,1399,2023-06-08,Deportes,Bicicleta,1,65303,13213
10655,218,2023-10-12,Electrodomesticos,Lavadora,2,144966,29979
10656,1243,2023-07-26,Vestuario,Polera,2,63604,13376
10657,1377,2024-09-16,Deportes,Balon,1,59579,14451
10658,1299,2023-06-02,Vestuario,Chaqueta,6,468846,165900
10659,622,2023-04-11,Hogar,Silla,3,319215,113071
10660,736,2023-12-28,Electrodomesticos,Aspiradora,1,83147,22424
10661,1109,2023-01-01,Hogar,Silla,1,67993,16877
10662,16,2024-05-19,Deportes,Raqueta,2,237514,71167
10663,751,2023-02-25,Tecnologia,Smartphone,2,149432,54171
10664,776,2023-02-19,Deportes,Pesas,3,128397,36885
10665,239,2023-08-05,Hogar,Mesa,1,99958,22864
10666,326,2024-03-09,Electrodomesticos,Lavadora,5,446350,108844
10667,1344,2023-11-28,Tecnologia,Notebook,4,505772,100387
10668,417,2024-06-15,Deportes,Raqueta,1,116022,43460
10669,935,2023-11-26,Hogar,Lampara,1,92289,25849
10670,147,2024-09-29,Hogar,Lampara,2,284834,72013
10671,985,2023-05-19,Vestuario,Zapatillas,3,260964,63218
10672,870,2023-05-14,Vestuario,Chaqueta,2,296504,91904
10673,843,2023-05-11,Vestuario,Pantalon,2,354326,73773
10674,1469,2024-08-01,Vestuario,Pantalon,4,545804,135763
10675,449,2024-01-11,Electrodomesticos,Aspiradora,1,66015,17844
10676,357,2024-07-24,Tecnologia,Notebook,1,95871,28085
10677,1041,2023-11-09,Electrodomesticos,Microondas,3,167400,55017
10678,1383,2023-07-20,Vestuario,Polera,2,10000,3439
10679,527,2023-05-02,Deportes,Bicicleta,4,312680,96645
10680,751,2023-02-14,Electrodomesticos,Lavadora,5,201550,46922
10681,58,2024-03-17,Electrodomesticos,Lavadora,3,168621,35045
10682,679,2024-10-27,Hogar,Sofa,1,79239,17049
10683,1490,2024-04-17,Tecnologia,Tablet,1,68513,22299
10684,1205,2024-08-31,Tecnologia,Smartphone,1,109380,24774
10685,1384,2024-05-17,Electrodomesticos,Refrigerador,1,28427,9290
10686,694,2023-07-21,Vestuario,Zapatillas,2,193012,47428
10687,584,2023-11-24,Tecnologia,Notebook,4,397060,104667
10688,727,2024-05-10,Electrodomesticos,Refrigerador,1,85008,19067
10689,306,2024-05-29,Tecnologia,Smartphone,1,78639,19427
10690,518,2023-02-26,Deportes,Bicicleta,2,143132,44496
10691,1203,2023-02-01,Deportes,Balon,1,67272,24489
10692,1166,2023-05-11,Hogar,Mesa,4,577052,146705
10693,1468,2024-08-18,Vestuario,Pantalon,2,267002,96220
10694,447,2024-11-07,Tecnologia,Smartphone,3,292383,60166
10695,827,2024-05-16,Electrodomesticos,Lavadora,3,377901,103500
10696,1213,2024-01-31,Deportes,Bicicleta,1,83678,28007
10697,297,2023-11-28,Tecnologia,Monitor,2,210762,63757
10698,819,2024-03-04,Electrodomesticos,Refrigerador,3,256617,61230
10699,963,2023-05-06,Electrodomesticos,Microondas,4,602620,135797
10700,1111,2023-01-03,Deportes,Balon,1,147770,41713
10701,1399,2024-03-02,Vestuario,Pantalon,1,120795,23657
10702,1308,2023-11-03,Deportes,Pesas,2,194858,48552
10703,984,2023-08-21,Vestuario,Polera,1,104436,37942
10704,1210,2023-01-09,Tecnologia,Tablet,3,331524,61469
10705,759,2024-06-03,Vestuario,Zapatillas,1,99129,26576
10706,1199,2024-05-08,Tecnologia,Monitor,1,50685,18340
10707,358,2023-03-09,Hogar,Silla,2,214408,46491
10708,557,2024-07-03,Vestuario,Zapatillas,2,129554,43376
10709,1432,2023-06-16,Tecnologia,Tablet,6,717966,248212
10710,849,2023-09-12,Deportes,Raqueta,1,121206,31172
10711,76,2024-08-10,Electrodomesticos,Aspiradora,2,174298,44365
10712,147,2023-09-16,Vestuario,Pantalon,1,31496,8826
10713,461,2024-10-25,Deportes,Pesas,1,121133,43406
10714,638,2023-10-21,Vestuario,Polera,2,142250,50859
10715,1114,2023-05-26,Deportes,Pesas,5,474120,120921
10716,167,2023-10-26,Tecnologia,Monitor,2,236718,84033
10717,473,2023-02-19,Deportes,Raqueta,5,772430,251650
10718,754,2023-12-06,Hogar,Silla,1,102893,36264
10719,436,2024-10-02,Hogar,Sofa,3,473988,143437
10720,1225,2023-12-24,Electrodomesticos,Microondas,4,480892,125410
10721,638,2024-06-18,Vestuario,Pantalon,5,275280,104179
10722,1417,2024-01-17,Deportes,Raqueta,2,138216,49419
10723,1080,2023-12-21,Deportes,Raqueta,2,256576,77811
10724,122,2023-02-20,Vestuario,Polera,5,899740,255781
10725,1033,2023-07-18,Electrodomesticos,Microondas,2,173342,58481
10726,791,2023-01-10,Tecnologia,Monitor,1,102877,32766
10727,365,2024-01-05,Hogar,Lampara,1,142399,26630
10728,1480,2024-05-07,Deportes,Pesas,1,141618,39713
10729,671,2023-07-29,Tecnologia,Monitor,1,29372,10160
10730,1257,2024-02-03,Vestuario,Polera,1,6008,1609
10731,1473,2024-02-15,Deportes,Balon,2,262734,90166
10732,767,2023-05-20,Deportes,Bicicleta,4,509448,121618
10733,746,2023-12-14,Tecnologia,Tablet,2,10000,2392
10734,736,2024-02-04,Electrodomesticos,Microondas,1,94123,26182
10735,774,2023-02-05,Hogar,Sofa,1,114735,32328
10736,56,2024-10-10,Hogar,Mesa,1,28644,9097
10737,46,2023-07-12,Electrodomesticos,Refrigerador,2,249182,94075
10738,519,2023-06-01,Electrodomesticos,Aspiradora,3,327816,88119
10739,131,2024-07-08,Vestuario,Polera,1,95376,32396
10740,1270,2023-07-28,Hogar,Lampara,2,231914,60312
10741,1205,2023-05-02,Vestuario,Polera,1,56622,15541
10742,690,2023-08-29,Deportes,Bicicleta,1,134086,25861
10743,1243,2024-02-12,Electrodomesticos,Lavadora,3,28779,10002
10744,716,2024-07-31,Vestuario,Polera,3,292491,102609
10745,750,2024-05-21,Deportes,Raqueta,3,141267,40130
10746,593,2023-12-11,Vestuario,Zapatillas,1,121815,30600
10747,947,2024-06-10,Hogar,Silla,3,104745,19432
10748,368,2023-10-01,Hogar,Lampara,2,229708,79956
10749,656,2023-02-17,Hogar,Lampara,2,212854,42602
10750,247,2023-04-24,Tecnologia,Tablet,5,403180,111667
10751,836,2023-12-08,Hogar,Sofa,1,154901,57080
10752,280,2023-05-23,Electrodomesticos,Aspiradora,3,260388,72859
10753,62,2024-03-29,Vestuario,Zapatillas,2,188042,53187
10754,255,2023-02-16,Electrodomesticos,Microondas,1,70260,16305
10755,894,2023-03-27,Hogar,Lampara,5,288705,83796
10756,247,2023-02-19,Tecnologia,Notebook,4,510968,143618
10757,267,2024-12-11,Deportes,Bicicleta,2,166600,32147
10758,1473,2023-11-18,Hogar,Lampara,1,102297,35722
10759,554,2023-03-01,Tecnologia,Monitor,1,132213,41340
10760,312,2023-09-29,Hogar,Sofa,2,38630,8511
10761,838,2024-02-28,Hogar,Lampara,2,286140,68012
10762,1009,2024-09-10,Electrodomesticos,Refrigerador,1,68489,19158
10763,784,2023-03-23,Deportes,Pesas,4,619676,172100
10764,256,2023-08-27,Deportes,Pesas,2,342548,68201
10765,584,2024-05-25,Deportes,Pesas,2,63228,20228
10766,347,2024-11-29,Electrodomesticos,Refrigerador,1,96260,19315
10767,574,2023-10-17,Vestuario,Polera,5,201720,45133
10768,1333,2024-07-15,Electrodomesticos,Aspiradora,1,97554,33155
10769,479,2023-06-12,Vestuario,Zapatillas,4,403992,150959
10770,1372,2023-11-27,Deportes,Balon,1,126097,38527
10771,392,2024-03-29,Deportes,Raqueta,3,157866,48215
10772,1485,2023-08-10,Hogar,Lampara,4,99268,23803
10773,828,2023-09-25,Vestuario,Polera,1,132222,34572
10774,516,2023-08-22,Vestuario,Zapatillas,3,231222,66061
10775,433,2023-08-19,Hogar,Sofa,2,188546,42929
10776,1374,2024-11-19,Tecnologia,Tablet,2,205630,37113
10777,105,2023-08-30,Deportes,Bicicleta,4,333012,120133
10778,595,2023-08-27,Vestuario,Chaqueta,2,262310,97696
10779,628,2024-06-17,Deportes,Raqueta,3,195441,71505
10780,425,2024-05-27,Vestuario,Chaqueta,1,82927,18609
10781,887,2023-12-16,Deportes,Bicicleta,1,97060,22705
10782,450,2024-08-12,Electrodomesticos,Aspiradora,1,104539,33450
10783,797,2023-12-03,Vestuario,Chaqueta,1,122178,35895
10784,501,2023-10-08,Tecnologia,Notebook,4,211744,45650
10785,190,2024-10-10,Tecnologia,Smartphone,2,170422,44666
10786,1335,2024-03-25,Hogar,Mesa,3,223242,68903
10787,956,2024-12-27,Hogar,Silla,2,189194,55083
10788,874,2023-02-01,Hogar,Sofa,1,128585,30853
10789,18,2024-04-23,Hogar,Sofa,1,73377,15107
10790,182,2024-01-06,Electrodomesticos,Aspiradora,2,118150,26784
10791,464,2024-02-09,Deportes,Bicicleta,7,965335,279921
10792,1201,2023-07-20,Vestuario,Zapatillas,1,112498,29438
10793,926,2023-10-04,Vestuario,Chaqueta,2,305390,74188
10794,269,2024-09-26,Electrodomesticos,Refrigerador,3,463086,150951
10795,1240,2024-03-22,Deportes,Balon,1,5000,1256
10796,1243,2023-12-14,Tecnologia,Smartphone,4,579476,213308
10797,1498,2024-10-19,Electrodomesticos,Aspiradora,4,562616,148824
10798,1230,2024-09-28,Vestuario,Zapatillas,4,20000,4175
10799,1430,2023-06-10,Electrodomesticos,Microondas,2,240998,68071
10800,725,2024-04-30,Tecnologia,Monitor,4,235736,80000
10801,107,2024-03-15,Vestuario,Chaqueta,1,68323,20680
10802,941,2024-12-07,Electrodomesticos,Aspiradora,1,64868,24480
10803,1177,2023-12-15,Electrodomesticos,Refrigerador,3,411639,77324
10804,1284,2023-02-16,Hogar,Silla,1,74245,18391
10805,1004,2023-01-20,Vestuario,Polera,4,507492,168210
10806,278,2024-04-14,Electrodomesticos,Refrigerador,2,174428,38618
10807,1210,2024-03-26,Vestuario,Chaqueta,1,31702,7050
10808,591,2023-02-26,Tecnologia,Tablet,2,186998,63710
10809,81,2023-02-14,Deportes,Raqueta,1,113439,23638
10810,565,2023-02-19,Electrodomesticos,Refrigerador,2,233224,72590
10811,659,2023-06-20,Electrodomesticos,Lavadora,1,55837,10223
10812,1384,2024-04-01,Tecnologia,Smartphone,4,575280,166656
10813,755,2024-06-09,Deportes,Pesas,1,115457,24027
10814,377,2024-03-08,Tecnologia,Tablet,3,15000,3144
10815,906,2024-10-16,Vestuario,Polera,1,125626,37779
10816,940,2024-08-25,Tecnologia,Notebook,1,108487,20026
10817,182,2024-12-27,Vestuario,Polera,1,96975,33753
10818,82,2023-11-03,Electrodomesticos,Lavadora,1,145230,31353
10819,371,2024-03-21,Hogar,Mesa,4,273224,68074
10820,1222,2024-08-20,Vestuario,Pantalon,2,131788,43168
10821,435,2023-07-04,Tecnologia,Notebook,3,334329,95472
10822,46,2024-03-09,Deportes,Bicicleta,4,614312,112844
10823,934,2023-08-24,Deportes,Pesas,3,212691,67593
10824,1210,2024-01-01,Vestuario,Polera,1,123855,45170
10825,843,2023-08-27,Vestuario,Pantalon,1,26490,9577
10826,1190,2024-04-27,Tecnologia,Monitor,1,142206,43957
10827,287,2024-01-19,Deportes,Raqueta,2,155874,36615
10828,412,2024-10-17,Deportes,Bicicleta,4,430100,138900
10829,1011,2024-02-11,Electrodomesticos,Microondas,1,201158,74896
10830,29,2023-07-21,Deportes,Pesas,2,181722,56570
10831,686,2024-07-24,Hogar,Sofa,1,57566,19721
10832,960,2023-11-24,Deportes,Raqueta,1,79408,16426
10833,1047,2024-04-07,Deportes,Balon,2,206658,56920
10834,500,2023-10-18,Electrodomesticos,Refrigerador,1,47897,12768
10835,539,2023-07-09,Hogar,Sofa,3,174186,43614
10836,271,2023-04-03,Tecnologia,Smartphone,1,55820,10557
10837,1109,2023-07-30,Deportes,Bicicleta,4,242060,77139
10838,1166,2024-07-13,Tecnologia,Tablet,2,242568,86014
10839,538,2023-04-26,Deportes,Bicicleta,3,274869,57671
10840,405,2024-12-17,Hogar,Sofa,2,223192,58494
10841,64,2023-10-04,Tecnologia,Monitor,1,97994,22652
10842,756,2024-04-05,Electrodomesticos,Lavadora,2,130708,26250
10843,971,2024-02-04,Tecnologia,Smartphone,1,68708,16497
10844,1335,2023-01-25,Tecnologia,Tablet,2,131816,47966
10845,1173,2024-07-09,Electrodomesticos,Aspiradora,3,164208,55518
10846,1318,2024-01-06,Deportes,Raqueta,3,371046,73628
10847,1249,2024-06-04,Deportes,Balon,2,359496,88517
10848,980,2024-05-16,Deportes,Bicicleta,1,92731,20378
10849,1149,2024-11-11,Deportes,Pesas,3,197103,59195
10850,1067,2024-06-03,Vestuario,Pantalon,1,66250,17411
10851,375,2023-07-12,Tecnologia,Tablet,2,145088,30695
10852,1425,2024-10-04,Hogar,Sofa,4,254160,76863
10853,1255,2023-02-13,Hogar,Mesa,4,583996,206653
10854,1194,2024-09-05,Deportes,Balon,3,461952,112297
10855,1150,2024-01-27,Vestuario,Zapatillas,1,58673,17178
10856,614,2023-09-24,Electrodomesticos,Microondas,1,117350,22496
10857,291,2023-12-01,Deportes,Raqueta,1,83834,19011
10858,250,2023-06-26,Deportes,Balon,4,206820,63665
10859,823,2023-10-09,Hogar,Mesa,3,165201,32092
10860,658,2023-11-04,Electrodomesticos,Lavadora,5,409280,93544
10861,738,2024-11-27,Electrodomesticos,Microondas,2,165710,47913
10862,656,2024-03-09,Electrodomesticos,Aspiradora,1,71076,24168
10863,567,2024-11-24,Tecnologia,Tablet,1,159557,38722
10864,1317,2023-08-04,Vestuario,Zapatillas,3,301230,109214
10865,1106,2023-01-22,Tecnologia,Tablet,3,244014,52797
10866,22,2024-12-16,Electrodomesticos,Microondas,2,232826,66578
10867,1299,2023-04-25,Deportes,Raqueta,2,90506,31952
10868,1219,2024-01-21,Hogar,Silla,5,300375,87926
10869,143,2023-05-12,Deportes,Balon,1,12722,4668
10870,707,2023-07-21,Tecnologia,Notebook,1,152579,53621
10871,1034,2024-11-03,Hogar,Silla,3,23208,4744
10872,250,2023-12-29,Hogar,Silla,3,364743,124769
10873,178,2023-01-12,Hogar,Mesa,2,98554,37041
10874,1146,2023-07-01,Vestuario,Pantalon,1,117342,28589
10875,494,2023-01-07,Tecnologia,Tablet,3,344955,95044
10876,267,2024-08-15,Electrodomesticos,Lavadora,2,27106,10267
10877,588,2023-02-08,Hogar,Lampara,3,352341,122072
10878,865,2023-03-28,Hogar,Lampara,3,339054,125403
10879,851,2023-08-10,Electrodomesticos,Refrigerador,2,199572,66828
10880,1001,2024-02-15,Tecnologia,Monitor,1,130437,24937
10881,1388,2024-08-17,Tecnologia,Tablet,1,104593,20727
10882,72,2023-10-02,Vestuario,Polera,1,55947,15102
10883,432,2024-10-23,Vestuario,Chaqueta,1,73763,19257
10884,950,2023-08-10,Electrodomesticos,Refrigerador,1,58130,16475
10885,684,2024-08-27,Tecnologia,Tablet,1,42168,13431
10886,1276,2023-11-05,Vestuario,Chaqueta,3,514368,126448
10887,638,2023-09-07,Electrodomesticos,Aspiradora,1,99891,20531
10888,131,2024-04-05,Vestuario,Zapatillas,1,108007,26839
10889,776,2024-03-27,Vestuario,Pantalon,5,523265,179710
10890,1273,2023-07-21,Tecnologia,Smartphone,2,211656,42238
10891,1212,2023-09-19,Tecnologia,Tablet,2,206784,47774
10892,460,2024-08-11,Vestuario,Zapatillas,1,138896,51629
10893,1326,2023-01-21,Tecnologia,Smartphone,1,70272,26539
10894,18,2023-04-02,Hogar,Lampara,1,85797,19326
10895,927,2023-03-27,Tecnologia,Tablet,1,22816,5727
10896,859,2023-08-19,Tecnologia,Tablet,2,77364,26111
10897,659,2024-10-27,Vestuario,Chaqueta,2,299698,70028
10898,1055,2024-01-15,Hogar,Silla,1,57322,19018
10899,31,2023-05-13,Hogar,Mesa,5,388090,119596
10900,359,2024-11-10,Tecnologia,Notebook,3,129135,35279
10901,703,2024-07-28,Deportes,Pesas,4,405580,133875
10902,558,2024-06-21,Deportes,Raqueta,1,78140,24950
10903,1206,2023-05-23,Tecnologia,Monitor,1,61152,22099
10904,305,2023-08-11,Electrodomesticos,Lavadora,3,448116,95125
10905,587,2024-10-02,Deportes,Balon,1,88584,31984
10906,185,2024-04-10,Tecnologia,Notebook,3,374067,102991
10907,930,2024-05-27,Electrodomesticos,Refrigerador,3,447987,125756
10908,331,2023-03-02,Vestuario,Zapatillas,1,95356,21888
10909,13,2023-02-28,Hogar,Lampara,2,160222,48408
10910,974,2024-05-24,Electrodomesticos,Lavadora,1,5000,1830
10911,1271,2023-04-26,Hogar,Sofa,1,59231,14705
10912,575,2023-09-09,Electrodomesticos,Microondas,3,175740,63323
10913,443,2024-03-19,Deportes,Raqueta,1,71334,25722
10914,1323,2023-09-28,Hogar,Lampara,1,67922,19881
10915,991,2024-05-18,Deportes,Balon,2,34174,10693
10916,282,2023-07-22,Electrodomesticos,Refrigerador,2,301262,101002
10917,1343,2023-05-16,Deportes,Raqueta,3,306369,85371
10918,3,2024-12-21,Hogar,Sofa,1,122587,30630
10919,592,2024-10-04,Tecnologia,Tablet,1,136368,45652
10920,1395,2023-06-11,Deportes,Pesas,1,90424,23864
10921,666,2024-11-30,Vestuario,Polera,2,148062,34415
10922,215,2024-05-22,Tecnologia,Notebook,1,56799,20655
10923,1406,2023-03-09,Electrodomesticos,Microondas,1,59098,17737
10924,325,2024-04-28,Deportes,Pesas,2,302106,94353
10925,582,2024-04-08,Deportes,Bicicleta,2,281034,67240
10926,900,2024-09-26,Electrodomesticos,Aspiradora,2,249178,56500
10927,4,2023-07-26,Hogar,Silla,2,64572,23776
10928,861,2024-05-12,Hogar,Silla,2,170042,37106
10929,120,2024-11-05,Tecnologia,Tablet,1,60648,21787
10930,719,2024-03-30,Vestuario,Zapatillas,3,188730,71498
10931,1295,2023-03-07,Deportes,Raqueta,1,32285,10426
10932,1266,2023-02-15,Hogar,Sofa,1,84914,16514
10933,1274,2024-12-06,Electrodomesticos,Lavadora,4,217172,48452
10934,928,2024-05-18,Vestuario,Polera,3,436782,155576
10935,1273,2024-11-01,Vestuario,Zapatillas,1,67662,21382
10936,713,2023-06-28,Tecnologia,Notebook,5,642935,218671
10937,1327,2024-03-04,Hogar,Lampara,3,355956,93124
10938,1357,2023-02-28,Hogar,Sofa,3,289371,88932
10939,1004,2023-05-09,Electrodomesticos,Lavadora,3,58353,16874
10940,237,2024-07-06,Electrodomesticos,Aspiradora,6,383016,117290
10941,862,2024-12-19,Deportes,Balon,3,320106,94007
10942,1496,2023-02-04,Hogar,Lampara,2,226214,59259
10943,873,2024-03-13,Vestuario,Pantalon,1,46290,14758
10944,797,2024-06-01,Hogar,Silla,1,196451,48079
10945,892,2023-12-11,Electrodomesticos,Aspiradora,2,225258,55870
10946,495,2024-03-01,Vestuario,Pantalon,2,146436,55081
10947,883,2024-07-04,Tecnologia,Monitor,2,327634,100543
10948,488,2024-10-31,Vestuario,Polera,4,558984,163268
10949,453,2023-09-25,Electrodomesticos,Refrigerador,1,118357,43638
10950,169,2023-06-30,Tecnologia,Notebook,1,161948,60772
10951,705,2024-09-23,Vestuario,Polera,1,92299,30467
10952,968,2023-04-09,Electrodomesticos,Microondas,2,169844,49930
10953,457,2024-12-04,Hogar,Sofa,1,95855,27696
10954,438,2023-10-06,Hogar,Mesa,3,177651,33424
10955,640,2024-05-25,Tecnologia,Notebook,3,420816,83031
10956,366,2024-02-02,Deportes,Bicicleta,3,499044,107962
10957,714,2023-01-01,Tecnologia,Smartphone,1,135063,35871
10958,1464,2024-02-22,Electrodomesticos,Microondas,1,123021,24765
10959,1382,2023-06-21,Vestuario,Zapatillas,1,196706,41107
10960,36,2024-08-01,Tecnologia,Notebook,2,248826,90473
10961,367,2023-08-09,Electrodomesticos,Refrigerador,1,143952,29660
10962,230,2024-11-09,Electrodomesticos,Refrigerador,3,269487,88296
10963,822,2023-07-03,Hogar,Silla,1,134853,36075
10964,1133,2024-05-10,Vestuario,Zapatillas,4,377068,75817
10965,478,2023-11-05,Tecnologia,Notebook,2,201736,57415
10966,849,2023-08-01,Electrodomesticos,Refrigerador,2,211748,57188
10967,1492,2023-09-11,Hogar,Sofa,1,99026,24668
10968,1344,2023-10-02,Hogar,Lampara,2,120816,35116
10969,392,2024-11-26,Tecnologia,Smartphone,1,70316,20139
10970,1200,2023-11-09,Tecnologia,Monitor,2,262052,87480
10971,212,2023-02-16,Vestuario,Polera,2,291378,109505
10972,1188,2023-05-05,Electrodomesticos,Refrigerador,2,181222,57480
10973,1126,2024-04-18,Hogar,Silla,4,243752,72426
10974,536,2024-04-08,Tecnologia,Notebook,1,34336,7879
10975,1027,2024-05-31,Vestuario,Zapatillas,2,218838,43719
10976,1054,2023-06-25,Hogar,Sofa,2,229450,75177
10977,872,2023-12-15,Deportes,Bicicleta,2,273458,84124
10978,186,2023-09-28,Deportes,Pesas,2,196340,53457
10979,1172,2023-07-25,Vestuario,Pantalon,2,169188,53472
10980,899,2023-05-08,Electrodomesticos,Refrigerador,1,94512,29585
10981,1330,2023-05-07,Electrodomesticos,Microondas,1,183837,40571
10982,463,2023-10-19,Electrodomesticos,Refrigerador,1,145411,36758
10983,163,2024-08-10,Tecnologia,Notebook,5,667180,120112
10984,736,2023-12-12,Hogar,Sofa,4,304348,71178
10985,422,2023-07-13,Vestuario,Chaqueta,1,103030,28327
10986,1174,2024-08-12,Deportes,Bicicleta,1,42776,13225
10987,1130,2023-03-22,Tecnologia,Notebook,3,237702,52189
10988,897,2024-03-01,Electrodomesticos,Microondas,2,296328,73384
10989,702,2023-07-02,Deportes,Bicicleta,2,107838,24078
10990,725,2023-09-10,Electrodomesticos,Lavadora,3,183051,50986
10991,1103,2024-05-09,Tecnologia,Tablet,1,123063,40620
10992,829,2023-08-04,Tecnologia,Notebook,2,333980,75608
10993,210,2023-06-15,Deportes,Bicicleta,1,84783,15428
10994,1397,2024-12-12,Deportes,Pesas,2,10000,2108
10995,521,2024-10-17,Hogar,Lampara,3,165159,50596
10996,309,2024-07-02,Vestuario,Pantalon,1,95328,29516
10997,1153,2024-11-18,Tecnologia,Monitor,1,120106,27653
10998,690,2023-09-27,Vestuario,Pantalon,3,393546,116393
10999,430,2024-12-02,Tecnologia,Tablet,1,36003,11299
11000,453,2024-03-17,Electrodomesticos,Lavadora,3,352434,99536
11001,533,2023-01-17,Electrodomesticos,Aspiradora,1,9368,3437
11002,1220,2024-02-13,Tecnologia,Smartphone,2,181352,61620
11003,452,2023-02-02,Vestuario,Chaqueta,1,79309,22781
11004,846,2023-03-24,Tecnologia,Monitor,5,255950,46926
11005,199,2023-05-05,Deportes,Balon,3,289095,109121
11006,109,2024-05-12,Deportes,Raqueta,3,433230,114201
11007,955,2024-02-17,Hogar,Lampara,2,201762,48074
11008,1037,2023-08-10,Hogar,Mesa,1,147774,36442
11009,742,2024-08-05,Vestuario,Polera,3,250257,79126
11010,319,2024-05-04,Deportes,Pesas,4,308864,92250
11011,1356,2024-01-20,Hogar,Silla,5,394325,110684
11012,298,2023-04-26,Tecnologia,Notebook,2,247390,46166
11013,489,2023-12-13,Hogar,Sofa,1,29582,7505
11014,997,2024-03-23,Electrodomesticos,Refrigerador,2,156254,49025
11015,171,2023-12-20,Tecnologia,Notebook,1,53942,11936
11016,1224,2024-12-12,Hogar,Silla,3,202509,65110
11017,1487,2023-02-16,Vestuario,Zapatillas,1,64451,19023
11018,1148,2024-03-28,Electrodomesticos,Lavadora,2,196936,58096
11019,195,2024-06-04,Deportes,Balon,2,284684,69509
11020,1112,2024-10-28,Hogar,Mesa,3,357999,93207
11021,325,2023-04-17,Electrodomesticos,Refrigerador,2,278156,77742
11022,231,2024-01-16,Deportes,Pesas,3,360519,107762
11023,882,2024-03-23,Deportes,Bicicleta,3,193821,63777
11024,182,2023-12-25,Tecnologia,Notebook,2,157240,35097
11025,297,2023-05-01,Vestuario,Zapatillas,1,98929,35524
11026,11,2023-11-30,Hogar,Silla,3,265896,88794
11027,619,2023-09-14,Vestuario,Zapatillas,1,45383,11502
11028,54,2023-08-04,Vestuario,Polera,1,103038,36163
11029,853,2023-09-30,Tecnologia,Tablet,1,67018,15079
11030,1500,2023-07-12,Tecnologia,Smartphone,3,135222,36380
11031,902,2023-10-19,Electrodomesticos,Lavadora,6,581040,177401
11032,552,2024-10-01,Tecnologia,Notebook,1,104446,39501
11033,598,2024-01-29,Vestuario,Chaqueta,2,119018,28664
11034,972,2023-05-10,Vestuario,Pantalon,2,202002,47995
11035,375,2024-07-26,Electrodomesticos,Microondas,2,123944,31820
11036,927,2024-07-25,Electrodomesticos,Refrigerador,1,63693,18698
11037,1122,2023-05-12,Hogar,Silla,1,98800,27128
11038,867,2023-12-04,Vestuario,Chaqueta,1,146924,41083
11039,673,2023-08-13,Vestuario,Chaqueta,3,284796,106169
11040,1242,2024-06-24,Hogar,Mesa,2,177216,33700
11041,365,2023-09-12,Vestuario,Zapatillas,4,213100,78351
11042,717,2024-04-02,Electrodomesticos,Refrigerador,3,314625,88405
11043,482,2024-06-12,Hogar,Mesa,1,105704,38763
11044,967,2024-02-19,Vestuario,Pantalon,1,50871,14310
11045,198,2023-04-15,Hogar,Lampara,3,276441,67429
11046,135,2024-04-10,Hogar,Sofa,1,111854,31984
11047,204,2024-01-20,Tecnologia,Tablet,4,225144,70256
11048,1144,2023-04-18,Hogar,Lampara,3,199020,59777
11049,431,2023-11-25,Tecnologia,Smartphone,2,184296,59676
11050,149,2023-09-06,Hogar,Mesa,2,206208,57961
11051,1477,2023-07-06,Hogar,Lampara,3,312963,82742
11052,188,2024-03-29,Electrodomesticos,Microondas,2,163122,40827
11053,155,2024-10-20,Electrodomesticos,Refrigerador,1,134013,34747
11054,758,2023-11-23,Hogar,Lampara,1,99922,22506
11055,335,2023-02-02,Vestuario,Polera,4,311552,87287
11056,1108,2024-08-31,Hogar,Sofa,1,98243,24174
11057,99,2023-04-14,Deportes,Bicicleta,1,119563,39492
11058,1313,2024-03-13,Electrodomesticos,Microondas,2,115028,26839
11059,379,2023-06-10,Vestuario,Chaqueta,1,143030,42391
11060,1485,2023-09-14,Tecnologia,Notebook,4,233660,84748
11061,1312,2023-05-10,Tecnologia,Smartphone,1,137861,29670
11062,1398,2023-03-24,Vestuario,Polera,2,258562,78030
11063,500,2023-12-23,Hogar,Silla,6,873384,271694
11064,1490,2023-06-18,Hogar,Silla,3,191298,54979
11065,1137,2024-09-06,Tecnologia,Monitor,2,353932,108042
11066,153,2024-10-11,Deportes,Pesas,1,96843,24167
11067,263,2024-04-24,Hogar,Silla,3,417342,130564
11068,758,2024-11-05,Electrodomesticos,Microondas,2,252956,55382
11069,512,2023-08-01,Electrodomesticos,Refrigerador,2,148524,28482
11070,753,2024-03-09,Tecnologia,Monitor,2,190602,47038
11071,546,2023-07-20,Vestuario,Pantalon,1,90673,32486
11072,913,2023-10-31,Hogar,Sofa,3,150621,53664
11073,217,2024-04-24,Vestuario,Pantalon,2,369480,110805
11074,1086,2023-08-20,Tecnologia,Tablet,2,28234,8721
11075,1278,2023-02-21,Electrodomesticos,Aspiradora,2,182682,38026
11076,32,2024-08-04,Electrodomesticos,Lavadora,3,374655,95939
11077,579,2024-11-06,Hogar,Mesa,2,153624,33309
11078,1340,2023-04-18,Hogar,Silla,1,80993,24729
11079,1300,2023-10-04,Vestuario,Chaqueta,1,98608,34196
11080,769,2024-03-08,Tecnologia,Smartphone,2,200658,59601
11081,816,2024-11-28,Deportes,Bicicleta,2,262542,69852
11082,46,2023-01-04,Hogar,Silla,2,79600,16509
11083,1104,2023-12-06,Vestuario,Polera,5,665865,237505
11084,371,2023-02-09,Vestuario,Zapatillas,5,676095,200679
11085,1483,2024-12-18,Hogar,Silla,1,91242,18058
11086,504,2023-07-27,Hogar,Sofa,9,1239084,288635
11087,1235,2024-11-05,Electrodomesticos,Refrigerador,1,186613,70502
11088,864,2023-09-07,Vestuario,Zapatillas,3,337812,73830
11089,1331,2023-09-17,Deportes,Bicicleta,2,112120,40965
11090,917,2024-11-07,Tecnologia,Notebook,2,158350,54883
11091,1271,2023-10-18,Hogar,Mesa,1,62731,20179
11092,525,2024-09-12,Hogar,Mesa,1,44429,14254
11093,642,2023-07-27,Vestuario,Polera,1,97288,27445
11094,506,2023-06-18,Vestuario,Zapatillas,3,379698,128199
11095,1366,2024-06-27,Vestuario,Zapatillas,2,120018,41811
11096,123,2023-01-03,Tecnologia,Monitor,2,244460,54719
11097,711,2023-12-10,Tecnologia,Monitor,2,133256,42867
11098,597,2024-02-18,Electrodomesticos,Refrigerador,4,336404,87446
11099,492,2024-03-02,Electrodomesticos,Aspiradora,3,276321,62091
11100,49,2023-10-18,Hogar,Lampara,1,78203,29077
11101,358,2024-03-07,Vestuario,Pantalon,1,165707,38646
11102,557,2023-09-16,Vestuario,Polera,5,786835,170359
11103,1326,2024-08-10,Vestuario,Pantalon,1,44318,11864
11104,1422,2023-11-19,Electrodomesticos,Aspiradora,3,470421,161973
11105,1440,2023-04-25,Electrodomesticos,Lavadora,6,477612,109088
11106,856,2024-05-28,Deportes,Bicicleta,3,40305,15128
11107,773,2023-09-18,Vestuario,Pantalon,1,77981,27657
11108,1256,2024-07-28,Deportes,Pesas,1,110743,20584
11109,974,2024-08-04,Tecnologia,Monitor,1,11020,2428
11110,638,2024-12-16,Hogar,Mesa,5,436145,123954
11111,400,2023-11-10,Tecnologia,Notebook,1,129607,33838
11112,1352,2023-02-18,Hogar,Mesa,2,239636,45521
11113,1310,2023-01-19,Deportes,Raqueta,5,119400,24461
11114,1428,2024-03-28,Hogar,Mesa,1,148189,30251
11115,708,2024-05-08,Hogar,Lampara,1,51585,10955
11116,727,2023-07-17,Deportes,Raqueta,2,237860,43847
11117,783,2024-07-28,Electrodomesticos,Refrigerador,2,386194,81514
11118,779,2023-11-27,Hogar,Sofa,2,117838,21518
11119,198,2023-11-15,Electrodomesticos,Aspiradora,1,151462,54581
11120,1190,2024-04-28,Electrodomesticos,Microondas,3,387303,117479
11121,765,2024-06-22,Tecnologia,Monitor,2,187560,62921
11122,977,2023-12-15,Vestuario,Pantalon,1,144417,54574
11123,752,2024-11-19,Hogar,Mesa,1,150051,43630
11124,1035,2024-01-10,Hogar,Lampara,1,77583,18299
11125,817,2024-11-16,Deportes,Balon,1,114870,40550
11126,498,2024-06-30,Deportes,Pesas,1,89236,33281
11127,1044,2023-12-22,Vestuario,Chaqueta,1,48945,13165
11128,104,2023-06-19,Tecnologia,Notebook,1,115101,41495
11129,35,2023-03-10,Hogar,Lampara,2,254426,96480
11130,1152,2023-01-22,Electrodomesticos,Refrigerador,4,275740,81421
11131,1030,2024-03-01,Tecnologia,Tablet,1,114256,33350
11132,450,2023-04-06,Hogar,Sofa,2,146332,36078
11133,1055,2023-03-08,Electrodomesticos,Microondas,1,142964,32190
11134,325,2023-06-11,Vestuario,Polera,2,274474,90930
11135,984,2023-01-02,Hogar,Lampara,3,410043,119277
11136,1250,2023-04-01,Hogar,Lampara,1,94872,19202
11137,1451,2023-09-22,Electrodomesticos,Lavadora,1,69103,17241
11138,30,2024-12-27,Hogar,Lampara,2,120124,43623
11139,912,2023-11-10,Electrodomesticos,Lavadora,3,367701,123887
11140,1100,2023-05-04,Electrodomesticos,Lavadora,4,252156,51126
11141,598,2023-08-03,Deportes,Bicicleta,2,207230,50982
11142,1399,2023-02-04,Electrodomesticos,Microondas,1,55364,10476
11143,237,2024-08-01,Deportes,Balon,1,100563,24208
11144,475,2024-09-15,Vestuario,Polera,1,102882,25964
11145,865,2023-01-11,Electrodomesticos,Aspiradora,1,92635,25023
11146,1361,2023-06-10,Hogar,Sofa,4,220856,41054
11147,898,2024-02-27,Hogar,Silla,1,117318,44246
11148,1250,2024-09-16,Electrodomesticos,Refrigerador,1,90128,22892
11149,860,2024-03-02,Hogar,Sofa,4,439364,125213
11150,754,2023-04-19,Vestuario,Pantalon,1,145774,46908
11151,131,2023-05-31,Vestuario,Pantalon,1,37342,9615
11152,1028,2024-05-04,Deportes,Bicicleta,4,426400,133929
11153,559,2023-03-08,Hogar,Mesa,2,166564,62399
11154,661,2023-09-05,Hogar,Sofa,1,116642,28030
11155,1046,2024-05-15,Vestuario,Polera,3,261591,58789
11156,791,2024-06-10,Hogar,Mesa,1,146682,34145
11157,1021,2023-10-02,Hogar,Silla,3,490290,145046
11158,1073,2023-12-08,Deportes,Raqueta,2,156476,57208
11159,737,2023-05-07,Hogar,Sofa,1,145958,36404
11160,852,2023-09-19,Deportes,Raqueta,1,57279,18165
11161,845,2023-08-17,Electrodomesticos,Lavadora,1,144926,46710
11162,138,2024-09-03,Electrodomesticos,Microondas,5,682455,183609
11163,258,2024-02-07,Tecnologia,Tablet,1,86204,23830
11164,1308,2024-04-08,Electrodomesticos,Lavadora,3,296193,57054
11165,49,2024-01-31,Deportes,Balon,4,115556,25987
11166,1175,2023-01-01,Deportes,Raqueta,3,270648,51964
11167,875,2023-01-01,Hogar,Silla,1,151027,37839
11168,593,2024-11-15,Deportes,Balon,1,130482,36664
11169,1300,2024-01-06,Tecnologia,Monitor,1,102178,29582
11170,762,2023-05-12,Hogar,Sofa,1,86515,19159
11171,446,2024-04-22,Deportes,Balon,2,229470,48368
11172,248,2023-05-07,Electrodomesticos,Aspiradora,3,253221,50230
11173,83,2023-04-28,Vestuario,Pantalon,2,331950,79832
11174,115,2024-09-18,Hogar,Silla,2,197724,71905
11175,497,2024-07-31,Hogar,Mesa,2,235636,61217
11176,311,2023-07-30,Electrodomesticos,Aspiradora,3,200064,41091
11177,758,2024-12-30,Hogar,Mesa,2,187704,67614
11178,1213,2024-05-12,Hogar,Sofa,2,189894,63163
11179,221,2023-02-18,Tecnologia,Smartphone,2,154238,44416
11180,129,2023-08-25,Electrodomesticos,Refrigerador,2,166026,46718
11181,957,2023-09-19,Vestuario,Polera,1,78415,16527
11182,707,2023-08-25,Vestuario,Zapatillas,3,64611,17667
11183,1102,2023-03-03,Hogar,Mesa,1,120551,38190
11184,462,2024-02-24,Vestuario,Chaqueta,1,75414,18808
11185,376,2023-03-28,Vestuario,Polera,1,91224,26818
11186,286,2024-08-07,Deportes,Bicicleta,3,411870,97084
11187,706,2023-10-15,Deportes,Bicicleta,1,52393,16415
11188,764,2023-01-16,Electrodomesticos,Refrigerador,1,163021,59917
11189,324,2024-05-21,Vestuario,Polera,2,129894,44779
11190,961,2023-01-15,Deportes,Balon,1,96567,33935
11191,746,2024-02-26,Electrodomesticos,Refrigerador,1,147139,27911
11192,1033,2024-11-02,Electrodomesticos,Lavadora,2,219542,47971
11193,850,2023-03-20,Vestuario,Pantalon,5,557115,106421
11194,333,2023-08-03,Vestuario,Pantalon,5,621275,118598
11195,1079,2024-01-11,Electrodomesticos,Lavadora,1,122021,29779
11196,387,2023-01-07,Tecnologia,Monitor,1,128034,44040
11197,703,2024-03-17,Deportes,Balon,1,140337,42481
11198,155,2023-10-05,Deportes,Pesas,2,285050,105313
11199,1152,2024-02-28,Electrodomesticos,Aspiradora,3,410106,107164
11200,550,2024-04-22,Deportes,Bicicleta,1,77146,18375
11201,502,2024-10-30,Hogar,Silla,1,110553,34763
11202,1208,2023-10-06,Tecnologia,Smartphone,4,510624,155624
11203,376,2024-11-14,Tecnologia,Notebook,1,52915,17375
11204,946,2024-05-04,Tecnologia,Tablet,2,140352,25407
11205,1085,2024-08-29,Vestuario,Chaqueta,1,32939,10388
11206,78,2023-08-27,Tecnologia,Tablet,3,257958,85150
11207,1468,2023-07-27,Deportes,Balon,3,332454,112733
11208,1363,2023-05-30,Vestuario,Zapatillas,2,242826,75570
11209,1414,2024-06-02,Vestuario,Pantalon,1,36282,13615
11210,1139,2023-06-07,Electrodomesticos,Lavadora,1,59150,18668
11211,769,2024-05-29,Tecnologia,Monitor,5,582675,194443
11212,1309,2024-01-01,Deportes,Bicicleta,2,149108,38746
11213,16,2024-09-16,Hogar,Silla,1,79912,23837
11214,444,2023-04-14,Deportes,Balon,2,179172,62584
11215,1114,2024-12-04,Hogar,Mesa,2,212798,58743
11216,983,2023-02-28,Tecnologia,Smartphone,2,173390,42747
11217,958,2024-05-17,Hogar,Silla,2,205292,64748
11218,1275,2024-02-03,Hogar,Lampara,4,569848,118580
11219,843,2023-01-02,Deportes,Raqueta,2,10130,2971
11220,623,2024-09-26,Vestuario,Zapatillas,3,456312,172374
11221,281,2023-08-09,Vestuario,Pantalon,1,65029,16171
11222,1191,2024-04-10,Tecnologia,Tablet,3,446850,105479
11223,450,2024-01-28,Vestuario,Polera,2,299484,95118
11224,710,2023-12-17,Vestuario,Polera,3,323811,95689
11225,432,2023-03-07,Electrodomesticos,Refrigerador,2,99262,36595
11226,392,2024-08-11,Deportes,Pesas,1,115727,26358
11227,652,2024-09-21,Hogar,Lampara,2,236620,84677
11228,1326,2024-08-03,Vestuario,Chaqueta,1,74626,22188
11229,1269,2023-01-19,Deportes,Bicicleta,1,127021,47305
11230,586,2024-10-04,Tecnologia,Smartphone,1,121793,30757
11231,1074,2023-02-14,Electrodomesticos,Aspiradora,3,134181,45260
11232,521,2024-07-31,Hogar,Lampara,4,47076,16693
11233,1309,2024-05-25,Hogar,Mesa,2,131480,40759
11234,675,2023-03-29,Hogar,Lampara,7,203539,43674
11235,1326,2023-07-20,Deportes,Raqueta,2,73878,21803
11236,723,2023-06-14,Vestuario,Zapatillas,1,72333,19718
11237,44,2023-02-12,Tecnologia,Notebook,1,74357,17471
11238,1486,2023-07-05,Hogar,Mesa,2,97774,30363
11239,175,2024-06-23,Vestuario,Zapatillas,2,254230,56895
11240,730,2023-10-08,Hogar,Sofa,2,187770,52956
11241,589,2023-07-02,Hogar,Sofa,4,262080,84202
11242,989,2024-05-01,Vestuario,Zapatillas,3,166614,43324
11243,1176,2024-03-02,Vestuario,Polera,3,204708,67499
11244,123,2023-02-05,Deportes,Balon,2,172072,64584
11245,1319,2024-11-04,Deportes,Pesas,8,592184,164391
11246,964,2023-11-09,Hogar,Lampara,1,26582,10013
11247,808,2024-11-17,Tecnologia,Notebook,1,69113,16910
11248,409,2024-11-05,Tecnologia,Monitor,2,175952,56021
11249,891,2024-10-06,Deportes,Bicicleta,3,380136,121356
11250,1138,2024-01-12,Electrodomesticos,Aspiradora,3,140793,50371
11251,89,2023-11-19,Vestuario,Zapatillas,2,225730,70775
11252,371,2023-08-18,Tecnologia,Notebook,2,272202,55417
11253,1335,2023-08-05,Vestuario,Chaqueta,1,120654,42034
11254,662,2023-02-21,Hogar,Silla,4,128176,39513
11255,16,2023-08-11,Deportes,Pesas,3,392346,101634
11256,1208,2023-01-06,Vestuario,Pantalon,6,361242,103975
11257,591,2023-03-18,Electrodomesticos,Lavadora,3,367212,111016
11258,843,2023-03-16,Tecnologia,Smartphone,4,443044,118565
11259,479,2023-03-21,Deportes,Bicicleta,4,345380,98086
11260,1046,2023-06-07,Hogar,Sofa,2,10000,2535
11261,1266,2023-11-06,Electrodomesticos,Aspiradora,1,46596,17433
11262,834,2024-05-10,Vestuario,Chaqueta,5,382555,86987
11263,945,2023-06-03,Deportes,Balon,2,107226,38960
11264,51,2024-08-04,Tecnologia,Notebook,1,57978,21919
11265,1000,2024-04-09,Vestuario,Polera,3,230982,65503
11266,791,2023-12-26,Deportes,Pesas,2,238726,48675
11267,442,2024-04-28,Electrodomesticos,Refrigerador,3,243690,55534
11268,1195,2023-08-13,Tecnologia,Notebook,2,227144,59861
11269,883,2023-01-01,Electrodomesticos,Refrigerador,1,144672,50749
11270,776,2024-01-08,Electrodomesticos,Microondas,2,309472,67925
11271,560,2024-09-02,Tecnologia,Smartphone,2,199192,64151
11272,163,2024-04-06,Deportes,Pesas,1,126844,27112
11273,591,2023-12-20,Hogar,Lampara,2,297240,98573
11274,974,2023-04-02,Deportes,Pesas,2,74114,21732
11275,909,2023-07-05,Deportes,Raqueta,2,158576,59352
11276,1262,2023-05-15,Vestuario,Zapatillas,3,187683,60476
11277,243,2023-08-28,Hogar,Sofa,3,286509,72909
11278,493,2024-12-20,Hogar,Lampara,1,76352,19997
11279,416,2024-09-09,Deportes,Bicicleta,3,470991,125708
11280,607,2023-07-08,Electrodomesticos,Aspiradora,1,119118,34454
11281,944,2024-07-24,Electrodomesticos,Microondas,1,89116,18257
11282,908,2024-03-29,Tecnologia,Notebook,5,737805,180770
11283,1418,2024-09-21,Hogar,Sofa,2,228024,85206
11284,116,2023-05-17,Tecnologia,Monitor,5,662645,196784
11285,786,2024-04-13,Deportes,Balon,4,581432,149007
11286,415,2023-11-27,Hogar,Silla,6,550026,130287
11287,1038,2023-08-08,Hogar,Lampara,5,536705,106528
11288,245,2023-06-18,Deportes,Bicicleta,2,184546,55967
11289,1197,2024-07-05,Vestuario,Pantalon,2,255958,81114
11290,37,2024-01-19,Deportes,Balon,2,138142,41287
11291,671,2024-08-30,Hogar,Lampara,1,53594,14543
11292,1479,2024-09-23,Hogar,Silla,1,90289,16862
11293,781,2024-12-26,Hogar,Mesa,3,227697,69669
11294,1081,2023-06-19,Vestuario,Chaqueta,1,70025,12886
11295,1295,2024-12-08,Deportes,Balon,2,186836,47491
11296,1124,2023-09-22,Tecnologia,Tablet,2,134840,51217
11297,1166,2023-09-10,Electrodomesticos,Lavadora,3,254298,78319
11298,1408,2023-04-19,Tecnologia,Smartphone,3,293295,63557
11299,1071,2023-12-25,Hogar,Lampara,2,268414,53023
11300,29,2023-02-05,Hogar,Mesa,1,89641,28881
11301,770,2024-06-18,Deportes,Balon,3,159936,59928
11302,364,2023-01-23,Deportes,Balon,1,33413,11884
11303,123,2024-05-14,Hogar,Silla,5,401870,149263
11304,351,2023-09-09,Hogar,Sofa,5,573785,212755
11305,1335,2024-03-22,Hogar,Silla,4,296356,97760
11306,650,2024-01-22,Electrodomesticos,Lavadora,1,16461,3732
11307,853,2024-12-26,Hogar,Sofa,4,226912,57274
11308,773,2023-07-29,Deportes,Bicicleta,4,371536,101931
11309,469,2023-11-29,Electrodomesticos,Aspiradora,3,441612,121013
11310,298,2024-01-09,Hogar,Mesa,3,259983,53415
11311,939,2023-12-24,Hogar,Lampara,2,80138,14522
11312,953,2023-02-04,Tecnologia,Tablet,1,122753,29945
11313,220,2024-05-13,Electrodomesticos,Microondas,1,5000,1874
11314,417,2023-02-15,Vestuario,Zapatillas,2,172970,65210
11315,1484,2024-01-06,Electrodomesticos,Refrigerador,1,76079,15193
11316,734,2024-07-29,Electrodomesticos,Lavadora,1,89882,28609
11317,829,2023-06-10,Deportes,Raqueta,6,449394,126179
11318,711,2023-10-10,Vestuario,Chaqueta,4,594368,171136
11319,596,2024-12-16,Electrodomesticos,Aspiradora,2,133870,43811
11320,297,2023-11-24,Deportes,Bicicleta,1,48819,9917
11321,617,2024-06-17,Vestuario,Chaqueta,1,132934,27850
11322,237,2023-09-24,Hogar,Lampara,1,98101,31428
11323,427,2024-12-24,Electrodomesticos,Lavadora,1,125619,38848
11324,176,2024-03-31,Electrodomesticos,Lavadora,4,489168,143752
11325,504,2024-12-02,Deportes,Raqueta,5,233450,83557
11326,1408,2024-01-29,Deportes,Raqueta,1,123302,26691
11327,752,2024-11-03,Deportes,Pesas,1,49209,17149
11328,1195,2024-01-24,Hogar,Silla,1,16385,3682
11329,1478,2023-03-09,Electrodomesticos,Refrigerador,5,278885,60570
11330,573,2023-04-16,Vestuario,Pantalon,1,135541,44149
11331,937,2024-08-09,Deportes,Balon,1,89526,16722
11332,137,2023-05-27,Deportes,Bicicleta,2,239530,77322
11333,690,2024-07-27,Tecnologia,Tablet,1,124263,23474
11334,897,2023-04-02,Hogar,Lampara,5,489505,179830
11335,1003,2023-04-05,Deportes,Pesas,3,211320,66777
11336,213,2024-05-14,Hogar,Sofa,4,233868,43063
11337,536,2024-02-13,Deportes,Bicicleta,3,258819,82458
11338,1181,2023-12-25,Hogar,Silla,1,37095,7690
11339,307,2024-08-03,Deportes,Raqueta,2,115606,21964
11340,433,2024-09-01,Tecnologia,Notebook,5,445520,94836
11341,1118,2024-07-09,Hogar,Silla,4,183548,38978
11342,730,2023-07-20,Hogar,Sofa,3,385032,89006
11343,1225,2024-06-02,Vestuario,Polera,2,123522,34236
11344,870,2023-11-03,Deportes,Raqueta,4,114552,21078
11345,838,2023-02-03,Electrodomesticos,Refrigerador,1,135198,28642
11346,1171,2023-10-07,Deportes,Raqueta,1,49264,13085
11347,702,2023-07-27,Tecnologia,Notebook,3,100827,32393
11348,810,2024-02-27,Hogar,Sofa,6,331308,87825
11349,589,2023-12-12,Vestuario,Chaqueta,1,5000,1301
11350,916,2023-05-06,Electrodomesticos,Microondas,1,94463,34806
11351,556,2024-05-14,Hogar,Sofa,1,99870,31029
11352,400,2023-09-29,Vestuario,Pantalon,1,57596,13241
11353,1022,2023-06-18,Hogar,Mesa,3,125931,43307
11354,211,2023-05-08,Deportes,Raqueta,3,126645,37703
11355,742,2024-11-23,Hogar,Lampara,1,137720,51977
11356,1275,2024-02-16,Tecnologia,Monitor,1,83184,28917
11357,427,2024-07-07,Vestuario,Zapatillas,1,49816,16438
11358,1442,2024-11-27,Tecnologia,Smartphone,3,159216,39511
11359,1363,2024-08-15,Vestuario,Polera,1,55885,16963
11360,1052,2024-12-28,Vestuario,Pantalon,1,100169,27861
11361,849,2023-07-17,Electrodomesticos,Microondas,4,438788,98575
11362,31,2023-03-27,Electrodomesticos,Refrigerador,2,168772,45417
11363,975,2024-06-12,Vestuario,Pantalon,1,105031,20616
11364,84,2024-09-03,Electrodomesticos,Refrigerador,1,36554,12638
11365,100,2023-10-08,Vestuario,Chaqueta,2,162356,47221
11366,1128,2024-02-19,Vestuario,Chaqueta,1,49455,10286
11367,261,2023-05-03,Deportes,Balon,2,46856,16732
11368,375,2024-04-27,Tecnologia,Notebook,2,189244,47381
11369,501,2024-10-18,Electrodomesticos,Microondas,1,69060,20098
11370,513,2023-05-24,Deportes,Balon,3,204357,73005
11371,189,2024-10-18,Electrodomesticos,Aspiradora,6,928122,321386
11372,501,2023-10-03,Hogar,Sofa,2,59486,22118
11373,1241,2023-06-29,Tecnologia,Smartphone,1,81545,22347
11374,803,2023-10-31,Electrodomesticos,Microondas,2,238756,77319
11375,552,2023-02-08,Vestuario,Chaqueta,1,5000,1416
11376,357,2024-10-03,Hogar,Mesa,1,92086,20647
11377,1222,2023-04-10,Tecnologia,Notebook,1,98782,29059
11378,969,2023-06-22,Tecnologia,Smartphone,8,677232,167805
11379,1347,2024-07-06,Tecnologia,Monitor,5,496395,183486
11380,503,2024-12-26,Tecnologia,Monitor,2,192150,52385
11381,1294,2023-02-21,Hogar,Sofa,3,398097,131947
11382,917,2024-11-29,Vestuario,Pantalon,1,127123,33320
11383,1305,2024-04-24,Vestuario,Pantalon,2,255072,73209
11384,888,2024-08-11,Vestuario,Chaqueta,2,104268,37729
11385,1249,2024-07-23,Electrodomesticos,Microondas,1,104079,19970
11386,686,2023-01-18,Deportes,Balon,1,114977,27869
11387,702,2023-09-15,Hogar,Sofa,1,63815,18598
11388,1448,2024-12-01,Vestuario,Zapatillas,4,515472,163562
11389,494,2023-07-19,Hogar,Silla,3,163008,31310
11390,336,2023-11-17,Tecnologia,Smartphone,2,288042,70873
11391,868,2024-08-09,Electrodomesticos,Microondas,2,133444,27699
11392,1044,2023-06-12,Vestuario,Chaqueta,1,66805,15879
11393,1405,2024-03-02,Electrodomesticos,Refrigerador,3,411975,108510
11394,671,2024-08-02,Vestuario,Polera,3,284742,74842
11395,1048,2024-09-25,Electrodomesticos,Microondas,2,180534,35462
11396,611,2024-03-13,Tecnologia,Smartphone,1,18864,4353
11397,1294,2024-08-27,Hogar,Silla,4,58136,10988
11398,155,2024-05-01,Deportes,Balon,1,107863,30534
11399,1170,2024-03-06,Deportes,Bicicleta,4,502616,99987
11400,567,2023-01-19,Electrodomesticos,Aspiradora,5,193615,62803
11401,536,2023-12-17,Electrodomesticos,Microondas,3,400224,77762
11402,319,2023-05-28,Vestuario,Pantalon,4,408200,127926
11403,302,2023-05-27,Deportes,Balon,1,82815,26298
11404,637,2024-02-02,Electrodomesticos,Refrigerador,2,298132,85643
11405,1179,2024-09-24,Hogar,Lampara,5,549205,150758
11406,213,2023-05-24,Electrodomesticos,Lavadora,2,164818,37355
11407,921,2023-12-24,Tecnologia,Smartphone,1,93386,20207
11408,466,2024-01-09,Electrodomesticos,Refrigerador,1,29723,11154
11409,1037,2024-05-02,Vestuario,Polera,2,212572,57271
11410,89,2023-10-29,Electrodomesticos,Microondas,2,175446,64674
11411,265,2024-11-08,Vestuario,Polera,1,33827,8284
11412,872,2023-05-30,Hogar,Sofa,4,482504,127635
11413,251,2024-11-05,Deportes,Raqueta,5,563340,177778
11414,269,2023-06-10,Electrodomesticos,Aspiradora,3,146019,34622
11415,1439,2023-04-19,Hogar,Sofa,1,102393,23104
11416,791,2024-03-17,Vestuario,Pantalon,3,319653,80024
11417,181,2024-12-12,Tecnologia,Notebook,2,197880,43298
11418,1078,2024-02-21,Hogar,Silla,1,103073,25104
11419,105,2024-08-19,Tecnologia,Notebook,2,235824,84764
11420,860,2023-05-16,Hogar,Silla,2,250046,53259
11421,849,2023-10-16,Tecnologia,Smartphone,1,58758,16610
11422,441,2023-07-24,Deportes,Pesas,1,5000,1859
11423,1064,2023-07-25,Deportes,Raqueta,2,198814,51932
11424,34,2024-02-17,Electrodomesticos,Lavadora,4,254520,46955
11425,287,2023-05-19,Tecnologia,Tablet,2,125212,32671
11426,895,2024-09-30,Deportes,Pesas,2,201054,36804
11427,1045,2023-08-25,Electrodomesticos,Lavadora,1,85840,29943
11428,1269,2024-02-19,Tecnologia,Smartphone,5,452180,118519
11429,712,2023-06-28,Tecnologia,Notebook,3,267039,62363
11430,963,2024-12-24,Electrodomesticos,Microondas,5,331010,92227
11431,472,2024-11-12,Vestuario,Chaqueta,3,308997,68327
11432,749,2023-09-13,Vestuario,Pantalon,1,88557,28370
11433,136,2024-05-24,Tecnologia,Notebook,1,111905,25134
11434,814,2023-02-11,Vestuario,Zapatillas,2,73978,18634
11435,627,2023-02-22,Vestuario,Polera,4,352080,129590
11436,1396,2023-02-22,Hogar,Sofa,4,456124,157419
11437,1351,2023-02-16,Deportes,Balon,2,200230,47210
11438,1389,2023-01-24,Vestuario,Zapatillas,5,329115,63042
11439,958,2023-06-22,Electrodomesticos,Lavadora,1,82065,15527
11440,163,2023-02-17,Deportes,Balon,4,476132,124479
11441,1296,2024-01-05,Vestuario,Chaqueta,6,934938,235911
11442,1295,2024-01-20,Deportes,Pesas,1,79144,29834
11443,1121,2024-04-03,Tecnologia,Notebook,3,413175,149078
11444,245,2023-09-20,Electrodomesticos,Aspiradora,2,140944,53414
11445,1173,2024-01-25,Vestuario,Zapatillas,4,289320,71442
11446,839,2024-04-11,Tecnologia,Smartphone,3,297690,60707
11447,651,2024-09-13,Hogar,Sofa,3,209862,41406
11448,1112,2024-05-13,Deportes,Pesas,4,313176,75912
11449,1274,2023-06-20,Deportes,Raqueta,6,615318,215436
11450,902,2024-02-20,Hogar,Mesa,1,88160,16884
11451,1238,2024-08-19,Vestuario,Polera,1,53511,20306
11452,673,2024-12-19,Vestuario,Pantalon,2,83274,20479
11453,1405,2023-04-15,Vestuario,Chaqueta,2,152488,40637
11454,1461,2024-08-04,Electrodomesticos,Aspiradora,4,310596,57062
11455,864,2023-02-20,Tecnologia,Tablet,4,534292,180397
11456,1225,2024-11-21,Hogar,Lampara,1,104198,23695
11457,519,2023-11-03,Deportes,Balon,1,43281,13244
11458,1412,2024-11-23,Deportes,Raqueta,1,102412,26818
11459,357,2024-08-26,Hogar,Mesa,1,83322,27287
11460,789,2023-08-30,Electrodomesticos,Refrigerador,4,312892,61819
11461,584,2024-04-25,Vestuario,Chaqueta,1,142519,45547
11462,721,2023-06-30,Vestuario,Polera,3,151755,30552
11463,1046,2023-08-22,Electrodomesticos,Lavadora,1,118596,28321
11464,340,2024-12-21,Tecnologia,Smartphone,1,83902,20790
11465,1034,2024-09-26,Vestuario,Polera,1,5881,1846
11466,847,2023-09-21,Electrodomesticos,Refrigerador,1,79540,30151
11467,581,2024-10-23,Deportes,Balon,2,129158,27367
11468,720,2024-03-03,Tecnologia,Notebook,2,192312,56511
11469,1430,2023-10-23,Hogar,Mesa,2,163468,40909
11470,374,2024-04-22,Electrodomesticos,Lavadora,2,137786,27385
11471,1254,2023-03-02,Tecnologia,Notebook,2,170512,53442
11472,1054,2023-12-14,Vestuario,Pantalon,3,479847,101601
11473,328,2024-11-24,Electrodomesticos,Lavadora,1,129910,42638
11474,868,2024-04-03,Hogar,Silla,1,180378,53105
11475,1146,2024-04-07,Tecnologia,Smartphone,1,5000,1092
11476,436,2024-08-23,Hogar,Silla,4,552012,205361
11477,392,2024-04-02,Electrodomesticos,Refrigerador,1,96152,17426
11478,175,2024-04-03,Tecnologia,Monitor,1,109870,40153
11479,1297,2024-08-26,Deportes,Pesas,2,283612,99606
11480,794,2024-07-07,Deportes,Pesas,1,116759,25249
11481,316,2024-04-18,Vestuario,Pantalon,1,68762,16802
11482,330,2024-08-12,Tecnologia,Smartphone,1,94015,34050
11483,689,2024-05-11,Vestuario,Pantalon,1,49062,12987
11484,1046,2024-05-12,Vestuario,Pantalon,4,265352,82492
11485,784,2024-10-14,Vestuario,Zapatillas,3,442509,159184
11486,556,2024-03-11,Hogar,Mesa,1,82878,25406
11487,293,2024-09-15,Electrodomesticos,Lavadora,1,59198,13947
11488,685,2024-05-09,Vestuario,Zapatillas,1,91082,22788
11489,683,2024-11-26,Tecnologia,Monitor,1,150488,51905
11490,1199,2023-04-26,Deportes,Pesas,2,140646,51753
11491,802,2023-01-31,Vestuario,Pantalon,1,70059,23994
11492,1067,2024-03-16,Electrodomesticos,Refrigerador,3,241833,70903
11493,1398,2024-12-04,Vestuario,Polera,3,115209,22992
11494,1286,2023-12-15,Electrodomesticos,Microondas,4,431372,115424
11495,620,2023-01-10,Deportes,Bicicleta,1,97950,26630
11496,855,2024-10-31,Electrodomesticos,Microondas,2,131100,45242
11497,541,2024-03-30,Vestuario,Zapatillas,1,61104,14828
11498,945,2023-06-09,Deportes,Bicicleta,1,123355,37566
11499,821,2024-09-19,Electrodomesticos,Microondas,2,254264,58272
11500,1202,2024-04-10,Hogar,Silla,2,185556,58954
11501,722,2023-02-16,Deportes,Balon,1,38680,10630
11502,543,2024-02-08,Electrodomesticos,Refrigerador,3,65022,23169
11503,1273,2024-08-18,Electrodomesticos,Lavadora,1,6090,2047
11504,1300,2024-08-14,Vestuario,Chaqueta,1,102006,26862
11505,624,2023-09-02,Deportes,Bicicleta,2,265328,87888
11506,1042,2023-11-28,Tecnologia,Smartphone,1,143258,38436
11507,1184,2023-05-28,Deportes,Raqueta,1,5000,1077
11508,1106,2024-09-12,Deportes,Balon,1,109481,37839
11509,438,2023-03-29,Hogar,Lampara,1,77300,24128
11510,1087,2023-01-29,Hogar,Silla,2,97136,29499
11511,994,2024-04-22,Hogar,Mesa,2,98828,35020
11512,1267,2023-05-12,Vestuario,Chaqueta,1,32370,10949
11513,916,2024-03-10,Tecnologia,Smartphone,3,259551,66881
11514,395,2024-10-17,Hogar,Mesa,6,159504,47299
11515,1134,2023-08-31,Vestuario,Chaqueta,1,159270,30902
11516,464,2024-09-21,Deportes,Bicicleta,3,132153,44582
11517,152,2023-08-24,Hogar,Mesa,6,301638,83527
11518,841,2023-10-27,Vestuario,Chaqueta,2,300896,83358
11519,269,2024-02-20,Vestuario,Chaqueta,2,215792,67870
11520,204,2024-04-01,Deportes,Raqueta,4,511032,129646
11521,136,2023-02-14,Electrodomesticos,Lavadora,1,107117,33719
11522,564,2023-03-19,Hogar,Mesa,1,73642,18835
11523,1318,2024-12-21,Tecnologia,Smartphone,4,475392,104397
11524,1033,2023-03-28,Vestuario,Chaqueta,1,42543,7895
11525,270,2023-02-17,Tecnologia,Monitor,3,288291,54843
11526,70,2024-09-06,Vestuario,Zapatillas,3,272067,86130
11527,467,2024-05-23,Electrodomesticos,Microondas,1,157795,51371
11528,864,2024-04-19,Electrodomesticos,Lavadora,1,67666,16185
11529,1015,2023-03-20,Deportes,Pesas,1,110556,40190
11530,227,2024-11-21,Deportes,Raqueta,1,52745,15780
11531,964,2024-01-17,Deportes,Raqueta,1,63878,22300
11532,844,2024-11-04,Deportes,Bicicleta,3,284460,86294
11533,454,2024-09-13,Tecnologia,Notebook,1,39401,10344
11534,451,2024-08-27,Deportes,Raqueta,1,98435,30688
11535,337,2023-01-15,Hogar,Mesa,1,47500,14399
11536,114,2023-10-07,Electrodomesticos,Lavadora,2,193708,37874
11537,980,2024-02-21,Electrodomesticos,Microondas,1,5000,1185
11538,248,2024-10-21,Tecnologia,Tablet,1,158597,53104
11539,687,2023-07-22,Electrodomesticos,Aspiradora,5,316715,78698
11540,434,2023-06-10,Tecnologia,Notebook,3,347649,111054
11541,452,2024-10-20,Hogar,Lampara,1,60611,13018
11542,1007,2023-01-31,Tecnologia,Monitor,2,53950,15852
11543,844,2023-01-08,Deportes,Raqueta,1,85782,18754
11544,1130,2023-11-30,Tecnologia,Monitor,3,342258,87850
11545,929,2024-11-16,Vestuario,Chaqueta,2,265248,82550
11546,68,2024-03-18,Hogar,Lampara,1,75075,27269
11547,1259,2024-01-17,Hogar,Silla,2,150434,49392
11548,92,2024-02-16,Electrodomesticos,Refrigerador,2,238944,81802
11549,544,2024-01-26,Tecnologia,Smartphone,1,73937,20303
11550,79,2024-06-08,Hogar,Mesa,2,181828,41685
11551,1304,2023-02-16,Electrodomesticos,Refrigerador,3,158634,33450
11552,742,2024-05-21,Tecnologia,Notebook,1,5000,1196
11553,518,2024-05-13,Vestuario,Polera,1,126043,23457
11554,72,2023-10-09,Hogar,Lampara,6,621732,235751
11555,78,2024-04-09,Hogar,Sofa,4,513392,123699
11556,710,2024-09-15,Tecnologia,Notebook,2,194334,59972
11557,80,2024-01-31,Electrodomesticos,Refrigerador,5,585515,143991
11558,465,2024-10-07,Deportes,Raqueta,4,443564,128362
11559,262,2024-01-09,Deportes,Balon,1,120824,22725
11560,378,2024-11-17,Electrodomesticos,Microondas,2,190188,50441
11561,1234,2024-09-21,Hogar,Sofa,2,160774,38517
11562,1152,2024-02-17,Hogar,Lampara,5,151080,53102
11563,496,2024-12-31,Electrodomesticos,Aspiradora,5,445355,162702
11564,1060,2023-03-09,Hogar,Sofa,2,140002,45492
11565,1459,2024-05-26,Tecnologia,Tablet,2,358184,105726
11566,691,2023-10-07,Deportes,Bicicleta,1,58858,21687
11567,600,2024-06-21,Hogar,Sofa,3,184977,67438
11568,1169,2024-04-15,Hogar,Silla,5,474190,149582
11569,310,2024-08-23,Tecnologia,Smartphone,1,77239,17783
11570,1164,2024-11-15,Deportes,Raqueta,1,17195,4496
11571,1499,2024-05-30,Electrodomesticos,Lavadora,1,76613,28585
11572,805,2024-08-30,Tecnologia,Monitor,2,194572,64139
11573,1225,2024-10-16,Tecnologia,Smartphone,2,247554,47400
11574,408,2024-08-01,Hogar,Lampara,3,503412,107914
11575,310,2023-11-05,Hogar,Lampara,1,46771,10319
11576,1494,2024-09-09,Electrodomesticos,Refrigerador,3,202803,37103
11577,658,2023-02-25,Electrodomesticos,Refrigerador,1,97572,30037
11578,364,2023-10-23,Electrodomesticos,Microondas,6,560856,169136
11579,268,2023-06-29,Deportes,Bicicleta,1,42245,10583
11580,510,2023-03-26,Electrodomesticos,Aspiradora,1,96547,26312
11581,1392,2023-02-12,Electrodomesticos,Refrigerador,3,221718,61455
11582,28,2024-11-02,Electrodomesticos,Microondas,2,138122,50211
11583,1256,2023-10-04,Tecnologia,Smartphone,2,348032,81214
11584,1041,2024-03-13,Deportes,Balon,1,50779,17695
11585,520,2024-08-14,Vestuario,Pantalon,3,132210,32770
11586,419,2024-01-11,Deportes,Raqueta,4,361420,126996
11587,1178,2023-09-03,Deportes,Pesas,1,122538,27924
11588,989,2024-09-25,Hogar,Lampara,4,218168,72941
11589,422,2024-07-04,Hogar,Sofa,1,126259,44816
11590,1407,2023-10-30,Vestuario,Pantalon,1,62544,17098
11591,210,2024-02-05,Electrodomesticos,Lavadora,2,289476,56189
11592,350,2024-08-01,Electrodomesticos,Microondas,4,295224,64680
11593,973,2023-08-20,Deportes,Bicicleta,2,212358,74521
11594,673,2023-05-29,Hogar,Lampara,4,101368,33270
11595,24,2023-06-01,Hogar,Silla,1,63075,16611
11596,58,2023-05-19,Vestuario,Pantalon,2,274492,62407
11597,1207,2024-05-10,Electrodomesticos,Aspiradora,1,150315,32457
11598,324,2024-03-21,Hogar,Lampara,1,84866,18500
11599,458,2023-08-11,Tecnologia,Smartphone,2,169170,56519
11600,461,2024-06-19,Electrodomesticos,Microondas,1,57294,11003
11601,430,2024-06-19,Tecnologia,Monitor,2,106226,37188
11602,405,2024-11-06,Electrodomesticos,Aspiradora,2,265772,64923
11603,659,2024-08-02,Hogar,Sofa,1,118019,35201
11604,202,2024-04-05,Deportes,Bicicleta,5,965250,358062
11605,706,2024-08-10,Vestuario,Chaqueta,3,248241,93404
11606,191,2023-04-13,Tecnologia,Tablet,3,162678,36538
11607,587,2023-12-13,Tecnologia,Smartphone,1,120719,34792
11608,937,2023-04-05,Electrodomesticos,Lavadora,2,251688,52091
11609,977,2023-02-06,Deportes,Balon,1,94053,28067
11610,404,2023-05-22,Tecnologia,Monitor,1,5000,1260
11611,534,2023-03-06,Vestuario,Chaqueta,2,185306,33513
11612,257,2024-06-18,Hogar,Mesa,1,73813,18355
11613,211,2023-05-25,Electrodomesticos,Refrigerador,2,156450,45126
11614,987,2023-03-20,Deportes,Balon,4,240224,75945
11615,687,2024-09-11,Electrodomesticos,Lavadora,1,113876,24328
11616,1266,2023-09-20,Hogar,Mesa,1,122697,46278
11617,880,2024-12-04,Vestuario,Zapatillas,1,89751,24705
11618,1159,2023-07-01,Vestuario,Zapatillas,3,345873,87363
11619,391,2023-09-05,Tecnologia,Tablet,1,41661,8410
11620,1038,2023-01-24,Deportes,Raqueta,5,762660,284514
11621,1369,2024-02-24,Electrodomesticos,Refrigerador,1,61625,21183
11622,572,2023-08-20,Vestuario,Chaqueta,2,207450,62688
11623,1234,2024-10-01,Vestuario,Polera,2,93896,21432
11624,377,2024-04-29,Hogar,Silla,1,68854,22122
11625,540,2023-07-08,Electrodomesticos,Microondas,1,101422,29902
11626,332,2023-05-09,Hogar,Sofa,1,68553,23957
11627,1308,2024-09-26,Deportes,Raqueta,1,88507,29357
11628,959,2023-04-16,Electrodomesticos,Aspiradora,4,234860,57004
11629,349,2023-06-18,Tecnologia,Tablet,6,355674,118575
11630,140,2023-02-16,Tecnologia,Tablet,1,48896,16062
11631,71,2024-09-05,Deportes,Bicicleta,4,395952,146042
11632,1020,2023-09-08,Vestuario,Chaqueta,1,123215,26666
11633,1354,2023-05-14,Electrodomesticos,Microondas,1,74141,23062
11634,300,2024-07-26,Deportes,Bicicleta,2,138632,51579
11635,193,2024-04-14,Vestuario,Pantalon,1,76007,18296
11636,617,2024-04-02,Vestuario,Polera,2,140724,47899
11637,287,2023-03-24,Electrodomesticos,Lavadora,2,115276,26350
11638,1222,2024-06-02,Vestuario,Zapatillas,1,58512,11202
11639,1164,2023-02-28,Electrodomesticos,Lavadora,2,148904,34607
11640,853,2023-03-04,Vestuario,Zapatillas,4,469320,110647
11641,1486,2024-04-08,Deportes,Bicicleta,1,14091,4940
11642,1073,2024-02-09,Hogar,Silla,1,119242,43412
11643,780,2024-01-07,Tecnologia,Monitor,5,490550,169491
11644,76,2024-10-23,Tecnologia,Monitor,2,185500,37632
11645,1457,2024-08-18,Vestuario,Pantalon,3,127473,28887
11646,1463,2023-08-01,Tecnologia,Notebook,1,117848,33945
11647,159,2024-09-12,Electrodomesticos,Refrigerador,1,67615,19653
11648,1194,2023-04-08,Tecnologia,Smartphone,1,51761,18741
11649,1419,2024-05-11,Electrodomesticos,Lavadora,1,67950,17350
11650,425,2024-03-24,Tecnologia,Smartphone,1,50679,14319
11651,1044,2023-08-31,Deportes,Bicicleta,1,93183,19430
11652,934,2023-04-07,Vestuario,Polera,1,71190,18836
11653,382,2024-07-06,Deportes,Bicicleta,1,167686,55635
11654,304,2024-06-24,Tecnologia,Smartphone,2,241830,74668
11655,701,2023-03-10,Tecnologia,Monitor,1,128417,29961
11656,922,2023-09-12,Hogar,Mesa,3,296595,108660
11657,193,2023-05-04,Vestuario,Pantalon,1,64225,20156
11658,305,2023-08-02,Deportes,Pesas,1,45103,9845
11659,745,2024-08-18,Deportes,Raqueta,3,335880,96725
11660,1267,2023-07-10,Electrodomesticos,Lavadora,1,112450,22602
11661,203,2024-03-24,Hogar,Mesa,4,455612,85962
11662,552,2024-09-27,Vestuario,Zapatillas,4,359068,88474
11663,1372,2023-09-09,Electrodomesticos,Refrigerador,3,316176,102866
11664,769,2024-06-25,Vestuario,Chaqueta,1,74961,24871
11665,69,2024-06-18,Electrodomesticos,Lavadora,2,286308,65828
11666,31,2023-01-16,Tecnologia,Notebook,1,90189,26102
11667,1462,2024-11-18,Tecnologia,Smartphone,1,53097,13914
11668,528,2024-01-16,Electrodomesticos,Lavadora,1,159088,56779
11669,453,2024-03-24,Hogar,Silla,3,159261,58225
11670,80,2024-09-12,Hogar,Lampara,2,170304,61717
11671,1026,2024-12-31,Vestuario,Chaqueta,5,785330,287505
11672,742,2023-04-22,Vestuario,Pantalon,1,61387,16503
11673,1262,2023-02-26,Vestuario,Pantalon,1,25064,5554
11674,643,2024-04-11,Vestuario,Pantalon,2,124264,37334
11675,1229,2023-09-28,Vestuario,Polera,3,287658,53426
11676,1469,2023-05-06,Hogar,Silla,1,143997,35894
11677,911,2023-02-14,Deportes,Bicicleta,1,77320,17726
11678,1166,2024-12-18,Hogar,Mesa,1,106426,37951
11679,775,2023-09-28,Hogar,Mesa,1,111484,37749
11680,857,2024-06-21,Tecnologia,Monitor,3,328494,103231
11681,1499,2024-04-07,Electrodomesticos,Refrigerador,4,440016,113440
11682,228,2023-08-17,Tecnologia,Notebook,4,272340,98468
11683,164,2024-07-31,Hogar,Lampara,2,314654,68628
11684,983,2023-12-03,Electrodomesticos,Refrigerador,5,645185,209273
11685,330,2023-04-29,Hogar,Sofa,1,129076,48181
11686,1356,2024-08-18,Electrodomesticos,Refrigerador,3,509310,107265
11687,458,2024-12-23,Deportes,Balon,1,143906,39649
11688,602,2023-05-03,Vestuario,Polera,1,101087,36606
11689,435,2023-10-08,Deportes,Pesas,1,110530,23046
11690,810,2023-04-24,Hogar,Lampara,2,152584,47518
11691,554,2023-05-22,Deportes,Balon,5,912210,226089
11692,265,2023-08-02,Vestuario,Polera,2,162966,31781
11693,732,2023-02-07,Vestuario,Zapatillas,1,122451,40846
11694,906,2024-11-02,Hogar,Silla,1,43173,10613
11695,1432,2023-03-04,Deportes,Bicicleta,3,430713,96511
11696,1046,2023-05-14,Tecnologia,Notebook,7,181083,64436
11697,695,2023-09-23,Tecnologia,Notebook,3,285636,88974
11698,165,2023-07-11,Hogar,Mesa,3,220692,69367
11699,517,2024-05-11,Electrodomesticos,Refrigerador,1,60367,18809
11700,368,2023-06-27,Hogar,Mesa,1,64150,21525
11701,876,2023-10-11,Hogar,Silla,2,150818,29858
11702,63,2023-12-25,Deportes,Pesas,3,361764,76423
11703,989,2024-12-30,Hogar,Lampara,3,179694,50698
11704,1191,2024-08-01,Deportes,Bicicleta,1,39510,7530
11705,448,2023-10-31,Tecnologia,Tablet,1,42252,9709
11706,1150,2024-04-28,Vestuario,Zapatillas,4,492328,103499
11707,959,2024-01-11,Tecnologia,Smartphone,3,245538,68766
11708,110,2023-11-01,Hogar,Sofa,2,148832,56278
11709,1225,2024-02-03,Hogar,Lampara,1,150901,41472
11710,865,2023-08-04,Deportes,Pesas,5,417885,129160
11711,895,2024-06-15,Vestuario,Polera,1,83632,30521
11712,1496,2024-04-18,Electrodomesticos,Refrigerador,2,246856,58465
11713,1393,2024-05-21,Tecnologia,Smartphone,2,148860,30169
11714,281,2023-10-01,Electrodomesticos,Microondas,1,145032,50355
11715,1375,2024-09-21,Electrodomesticos,Aspiradora,2,213684,56264
11716,97,2024-10-01,Tecnologia,Monitor,4,433200,111841
11717,1131,2024-12-28,Deportes,Bicicleta,1,5000,1041
11718,873,2024-12-07,Hogar,Silla,1,68224,12966
11719,1480,2024-07-01,Hogar,Silla,1,140179,26343
11720,1239,2023-11-30,Hogar,Mesa,2,136820,50479
11721,1356,2023-10-04,Vestuario,Chaqueta,2,249312,75137
11722,328,2023-05-27,Vestuario,Zapatillas,4,73704,21171
11723,79,2023-11-14,Electrodomesticos,Aspiradora,1,90969,25675
11724,1010,2023-10-31,Deportes,Balon,2,10000,2835
11725,1292,2023-06-26,Vestuario,Pantalon,1,80122,20756
11726,1244,2024-11-30,Vestuario,Chaqueta,3,438309,107498
11727,1187,2023-10-21,Hogar,Mesa,2,10000,2731
11728,1178,2023-10-04,Deportes,Raqueta,3,254772,62725
11729,531,2023-04-29,Electrodomesticos,Microondas,1,163136,43922
11730,1462,2024-05-05,Tecnologia,Notebook,1,74851,18849
11731,1419,2023-12-18,Hogar,Lampara,1,52357,19795
11732,887,2024-02-20,Tecnologia,Smartphone,2,242238,63604
11733,1416,2023-07-24,Deportes,Bicicleta,1,69928,24320
11734,432,2024-08-11,Tecnologia,Tablet,5,574990,184071
11735,540,2023-03-18,Vestuario,Chaqueta,3,61260,11425
11736,1208,2024-07-04,Tecnologia,Monitor,6,284298,78924
11737,1028,2023-02-13,Deportes,Pesas,4,498880,159872
11738,1304,2023-01-08,Electrodomesticos,Lavadora,2,80116,28153
11739,259,2024-01-31,Deportes,Pesas,1,85379,23264
11740,1099,2023-09-14,Hogar,Sofa,1,117619,38304
11741,1154,2024-06-04,Vestuario,Pantalon,1,27260,5136
11742,1450,2024-06-30,Electrodomesticos,Microondas,2,273308,59044
11743,731,2024-07-16,Hogar,Mesa,1,95662,26737
11744,44,2023-01-15,Hogar,Lampara,1,57231,16521
11745,1366,2023-03-10,Tecnologia,Tablet,1,120286,32152
11746,532,2023-09-16,Electrodomesticos,Microondas,1,137113,25770
11747,1375,2024-07-15,Vestuario,Chaqueta,3,181212,33797
11748,639,2024-05-07,Hogar,Sofa,1,114775,25753
11749,728,2023-08-15,Vestuario,Polera,1,119140,24308
11750,677,2024-12-16,Vestuario,Pantalon,1,23432,4304
11751,1264,2024-06-06,Tecnologia,Notebook,1,133608,38739
11752,304,2024-01-13,Vestuario,Pantalon,2,31482,8178
11753,187,2023-03-15,Electrodomesticos,Refrigerador,2,258830,82185
11754,1157,2023-02-22,Vestuario,Zapatillas,2,68526,17654
11755,820,2023-10-07,Vestuario,Pantalon,1,75544,20257
11756,367,2023-03-21,Tecnologia,Notebook,3,463848,150184
11757,490,2024-05-19,Deportes,Raqueta,1,100864,35927
11758,1438,2023-12-24,Electrodomesticos,Refrigerador,1,102036,26787
11759,567,2023-01-27,Deportes,Balon,2,183902,48052
11760,282,2023-05-06,Tecnologia,Monitor,1,97096,34606
11761,391,2023-02-05,Hogar,Mesa,2,271800,66903
11762,778,2024-08-21,Deportes,Raqueta,2,260594,58921
11763,1220,2023-10-14,Vestuario,Pantalon,3,204306,46109
11764,1088,2023-06-01,Vestuario,Pantalon,1,129158,45020
11765,1141,2024-09-10,Hogar,Lampara,2,211294,65862
11766,299,2023-06-09,Tecnologia,Notebook,1,89769,26695
11767,570,2023-02-20,Vestuario,Zapatillas,3,132279,48117
11768,1146,2024-09-27,Vestuario,Polera,2,204838,57732
11769,21,2023-11-19,Tecnologia,Tablet,1,61685,21204
11770,575,2023-04-02,Deportes,Pesas,1,101257,18290
11771,1460,2023-02-22,Tecnologia,Notebook,1,14718,3744
11772,1436,2023-04-22,Tecnologia,Monitor,1,170952,43667
11773,505,2024-12-08,Electrodomesticos,Lavadora,2,30244,11196
11774,148,2024-09-23,Electrodomesticos,Aspiradora,1,129673,30064
11775,49,2024-02-16,Tecnologia,Monitor,2,229868,71202
11776,1269,2024-02-19,Tecnologia,Smartphone,1,86965,31134
11777,60,2023-05-19,Hogar,Lampara,1,93388,24474
11778,1170,2024-12-28,Electrodomesticos,Microondas,1,51441,12532
11779,886,2024-02-14,Tecnologia,Tablet,2,57458,19528
11780,269,2024-12-23,Electrodomesticos,Microondas,3,226458,85210
11781,348,2023-07-11,Electrodomesticos,Microondas,3,63801,16214
11782,716,2023-01-06,Deportes,Balon,1,108362,39918
11783,816,2024-04-05,Vestuario,Polera,1,61200,22550
11784,800,2024-06-12,Deportes,Balon,2,91860,24266
11785,1430,2024-10-09,Electrodomesticos,Aspiradora,1,132366,43774
11786,800,2024-08-14,Hogar,Lampara,2,132916,38927
11787,1032,2024-09-28,Vestuario,Chaqueta,1,103235,33277
11788,963,2023-04-20,Tecnologia,Smartphone,1,98149,25168
11789,670,2024-07-03,Electrodomesticos,Lavadora,6,799932,219757
11790,1108,2024-11-22,Electrodomesticos,Lavadora,2,314710,110590
11791,1461,2023-02-13,Deportes,Raqueta,1,59954,11683
11792,1191,2023-02-28,Hogar,Lampara,1,5000,1490
11793,1298,2024-07-05,Tecnologia,Notebook,5,559650,183341
11794,698,2024-08-10,Electrodomesticos,Aspiradora,3,342537,91100
11795,1086,2024-01-03,Deportes,Bicicleta,2,92978,22531
11796,527,2024-07-02,Vestuario,Pantalon,3,343620,92565
11797,616,2023-02-05,Tecnologia,Monitor,1,98588,25279
11798,960,2024-12-08,Deportes,Raqueta,1,72369,24427
11799,350,2023-04-03,Electrodomesticos,Microondas,3,336780,93686
11800,1322,2024-01-25,Electrodomesticos,Aspiradora,1,35831,10628
11801,840,2024-01-29,Vestuario,Polera,1,101708,33604
11802,273,2023-08-30,Hogar,Sofa,2,132962,31995
11803,4,2024-03-12,Deportes,Pesas,1,128048,35797
11804,346,2024-07-21,Tecnologia,Monitor,3,333255,126299
11805,296,2023-07-15,Electrodomesticos,Refrigerador,2,253370,81627
11806,323,2023-07-31,Tecnologia,Tablet,1,92348,30105
11807,890,2023-05-18,Vestuario,Chaqueta,1,73871,17413
11808,1041,2024-08-22,Electrodomesticos,Lavadora,4,439640,119452
11809,71,2024-08-08,Tecnologia,Tablet,3,437079,143157
11810,899,2024-05-04,Tecnologia,Smartphone,4,516436,98875
11811,1336,2024-08-29,Tecnologia,Smartphone,2,236466,65045
11812,789,2024-08-23,Deportes,Bicicleta,2,99554,34629
11813,13,2023-12-10,Tecnologia,Notebook,3,219639,42817
11814,261,2024-01-20,Hogar,Mesa,4,263744,80173
11815,776,2023-02-11,Hogar,Mesa,4,379852,132965
11816,867,2024-11-09,Tecnologia,Smartphone,3,233940,65545
11817,1248,2024-03-06,Electrodomesticos,Microondas,1,95384,24657
11818,1103,2023-07-17,Deportes,Pesas,1,161455,48827
11819,649,2024-03-18,Tecnologia,Tablet,2,120918,33682
11820,939,2023-05-07,Electrodomesticos,Aspiradora,1,56209,17419
11821,1199,2023-07-08,Vestuario,Polera,4,66704,13053
11822,774,2024-08-29,Tecnologia,Smartphone,4,473836,143724
11823,468,2024-03-09,Vestuario,Pantalon,1,69814,22426
11824,602,2024-12-11,Deportes,Pesas,2,329260,104732
11825,808,2024-09-20,Electrodomesticos,Lavadora,3,342714,90107
11826,1490,2023-10-22,Electrodomesticos,Lavadora,4,346952,114062
11827,757,2023-03-02,Hogar,Sofa,1,96147,31243
11828,894,2023-08-12,Electrodomesticos,Microondas,1,104682,18905
11829,976,2023-11-16,Vestuario,Chaqueta,1,69959,18706
11830,1436,2023-04-07,Deportes,Pesas,2,213474,41432
11831,747,2024-07-30,Tecnologia,Monitor,2,10000,3394
11832,656,2024-12-07,Tecnologia,Tablet,1,140291,52591
11833,1045,2023-06-20,Vestuario,Polera,1,147268,28833
11834,848,2023-04-07,Tecnologia,Smartphone,2,220630,68089
11835,384,2023-02-18,Tecnologia,Notebook,4,515532,102421
11836,1115,2023-10-07,Hogar,Mesa,2,300292,70856
11837,643,2023-07-23,Electrodomesticos,Refrigerador,2,182116,51903
11838,576,2023-05-25,Vestuario,Zapatillas,2,160284,46969
11839,213,2024-01-13,Tecnologia,Notebook,3,462687,93899
11840,14,2023-12-23,Deportes,Raqueta,2,133022,46087
11841,865,2024-11-30,Deportes,Balon,1,88256,18046
11842,857,2024-05-16,Electrodomesticos,Lavadora,1,5000,1796
11843,163,2024-11-07,Deportes,Balon,2,229738,67816
11844,1057,2024-09-27,Deportes,Pesas,1,102069,18427
11845,762,2024-06-06,Electrodomesticos,Aspiradora,1,62112,13463
11846,335,2024-12-19,Vestuario,Polera,1,74994,24592
11847,414,2024-03-30,Tecnologia,Monitor,2,122350,41154
11848,737,2023-01-21,Tecnologia,Smartphone,2,235290,58433
11849,1418,2023-05-26,Tecnologia,Tablet,1,99281,34682
11850,92,2023-04-06,Hogar,Lampara,2,242726,82509
11851,657,2023-11-27,Deportes,Bicicleta,3,388665,98940
11852,1220,2024-05-14,Electrodomesticos,Lavadora,3,246396,48759
11853,543,2023-11-01,Deportes,Pesas,5,25000,6587
11854,1315,2023-06-04,Tecnologia,Tablet,4,422540,127697
11855,220,2024-01-22,Deportes,Pesas,2,200002,48280
11856,1166,2023-04-03,Electrodomesticos,Refrigerador,1,14485,3059
11857,506,2023-03-30,Electrodomesticos,Microondas,2,143730,40091
11858,1077,2024-08-30,Hogar,Sofa,1,69771,26044
11859,125,2024-01-28,Deportes,Raqueta,2,133182,33919
11860,89,2023-12-20,Deportes,Bicicleta,1,72713,16330
11861,1397,2024-12-19,Vestuario,Zapatillas,2,278708,66963
11862,716,2023-05-06,Vestuario,Chaqueta,1,44535,11770
11863,901,2024-12-03,Electrodomesticos,Aspiradora,3,242187,85956
11864,896,2024-04-12,Vestuario,Zapatillas,1,120634,22967
11865,105,2024-12-03,Vestuario,Zapatillas,3,201897,66368
11866,268,2023-02-12,Tecnologia,Smartphone,1,93970,23930
11867,292,2024-12-21,Tecnologia,Monitor,3,402345,108918
11868,685,2023-12-12,Deportes,Pesas,2,121028,42244
11869,254,2023-08-12,Tecnologia,Tablet,1,133969,41922
11870,1360,2024-08-21,Vestuario,Polera,1,143327,30198
11871,815,2024-11-22,Electrodomesticos,Microondas,3,265299,88348
11872,1210,2024-03-18,Vestuario,Polera,1,48379,14387
11873,7,2023-05-08,Deportes,Raqueta,1,76516,18138
11874,325,2024-05-29,Hogar,Lampara,4,202600,44290
11875,897,2024-12-26,Tecnologia,Monitor,4,190536,57813
11876,333,2024-02-03,Vestuario,Zapatillas,1,81143,21333
11877,566,2023-05-24,Vestuario,Zapatillas,2,165014,57700
11878,1161,2024-12-17,Vestuario,Chaqueta,2,60860,17628
11879,397,2023-08-31,Hogar,Lampara,1,106522,22103
11880,948,2024-12-16,Vestuario,Pantalon,3,144714,52763
11881,1019,2024-03-09,Tecnologia,Tablet,3,230091,52343
11882,301,2024-12-06,Tecnologia,Smartphone,3,336156,119127
11883,939,2024-01-17,Electrodomesticos,Microondas,3,409521,79506
11884,1201,2023-03-20,Vestuario,Zapatillas,1,83216,17003
11885,766,2024-06-26,Vestuario,Chaqueta,4,428280,87024
11886,1076,2024-12-13,Tecnologia,Smartphone,1,65085,14075
11887,1108,2023-11-26,Deportes,Raqueta,1,112229,25820
11888,341,2023-07-05,Hogar,Silla,1,122422,45682
11889,1426,2023-05-04,Deportes,Pesas,1,144562,29749
11890,377,2023-07-10,Deportes,Pesas,4,435156,114184
11891,1235,2023-12-28,Hogar,Lampara,4,351316,67685
11892,567,2023-05-04,Hogar,Lampara,1,46147,13696
11893,1149,2023-06-13,Vestuario,Chaqueta,5,249855,71210
11894,465,2024-11-25,Hogar,Lampara,1,113865,35333
11895,599,2024-02-11,Deportes,Raqueta,2,151606,32775
11896,225,2024-06-05,Deportes,Balon,1,116069,23128
11897,382,2023-04-21,Hogar,Mesa,2,181426,50692
11898,978,2024-12-09,Electrodomesticos,Refrigerador,1,140189,29582
11899,456,2023-11-04,Deportes,Raqueta,1,6325,2402
11900,521,2024-09-22,Vestuario,Zapatillas,3,111807,34369
11901,48,2024-10-20,Hogar,Silla,3,394293,100571
11902,873,2023-03-10,Deportes,Balon,2,229326,65595
11903,501,2023-05-28,Tecnologia,Tablet,4,554196,141873
11904,455,2024-09-16,Hogar,Silla,3,112992,39290
11905,1294,2024-02-27,Vestuario,Pantalon,1,77085,24648
11906,285,2023-12-29,Tecnologia,Smartphone,1,87159,30583
11907,416,2023-11-07,Tecnologia,Monitor,1,162233,58426
11908,649,2023-01-19,Tecnologia,Monitor,1,102049,22172
11909,882,2023-03-04,Hogar,Sofa,1,98287,18759
11910,1434,2023-11-11,Deportes,Balon,1,101676,30792
11911,1438,2023-05-05,Hogar,Mesa,1,114349,35568
11912,1110,2024-06-07,Vestuario,Polera,1,105230,26725
11913,313,2023-11-05,Vestuario,Pantalon,2,72562,25134
11914,856,2024-09-27,Tecnologia,Monitor,1,36699,11441
11915,484,2024-06-02,Hogar,Mesa,2,185578,67863
11916,670,2024-12-16,Vestuario,Pantalon,3,421212,85445
11917,1185,2023-07-01,Deportes,Raqueta,2,149752,28348
11918,427,2023-04-23,Vestuario,Zapatillas,2,191106,62034
11919,620,2024-01-26,Hogar,Silla,2,70274,15065
11920,735,2023-08-16,Deportes,Pesas,2,68160,16802
11921,503,2024-11-22,Deportes,Bicicleta,1,59474,12455
11922,1424,2024-12-28,Tecnologia,Notebook,3,204855,74195
11923,269,2024-09-16,Hogar,Sofa,2,226898,85147
11924,900,2023-09-05,Deportes,Pesas,1,166915,34942
11925,294,2023-08-04,Electrodomesticos,Refrigerador,1,75093,23008
11926,157,2024-08-21,Deportes,Raqueta,2,299666,112046
11927,895,2024-06-14,Hogar,Lampara,2,202304,64282
11928,421,2024-10-21,Electrodomesticos,Refrigerador,2,116656,37695
11929,672,2024-04-06,Hogar,Sofa,2,229674,86146
11930,1081,2023-02-18,Deportes,Bicicleta,1,40792,11982
11931,724,2024-09-28,Hogar,Sofa,1,86019,26293
11932,1348,2024-06-23,Vestuario,Zapatillas,2,135576,41934
11933,716,2023-01-25,Electrodomesticos,Refrigerador,1,97263,36400
11934,1085,2024-11-27,Vestuario,Polera,3,643188,201948
11935,323,2023-06-05,Electrodomesticos,Refrigerador,4,490420,105041
11936,484,2024-10-04,Vestuario,Pantalon,1,104197,35472
11937,1121,2023-05-02,Deportes,Pesas,1,95414,29053
11938,497,2023-08-15,Deportes,Bicicleta,1,46562,9173
11939,524,2024-10-24,Deportes,Pesas,2,86260,32507
11940,949,2023-02-15,Deportes,Raqueta,2,112674,26828
11941,1040,2024-12-11,Vestuario,Zapatillas,3,342978,70364
11942,441,2024-01-09,Electrodomesticos,Lavadora,2,69470,13023
11943,1469,2023-11-03,Vestuario,Zapatillas,3,362571,103656
11944,1092,2023-09-09,Vestuario,Zapatillas,1,136393,28729
11945,150,2023-02-28,Tecnologia,Smartphone,2,88162,25633
11946,236,2023-10-03,Hogar,Lampara,1,131459,48853
11947,1060,2023-12-25,Tecnologia,Notebook,1,33384,6878
11948,504,2023-05-05,Deportes,Balon,1,62071,12524
11949,823,2023-10-09,Tecnologia,Monitor,1,90211,31234
11950,308,2023-10-12,Electrodomesticos,Aspiradora,5,790750,173828
11951,893,2024-05-31,Tecnologia,Notebook,1,55172,19807
11952,541,2024-01-07,Deportes,Balon,1,90637,18824
11953,1092,2024-12-10,Tecnologia,Monitor,1,86365,23711
11954,571,2024-03-09,Vestuario,Chaqueta,1,100141,35164
11955,2,2024-05-29,Hogar,Silla,1,105513,24771
11956,502,2023-08-13,Electrodomesticos,Aspiradora,2,205422,52331
11957,886,2023-10-20,Hogar,Silla,2,130104,46500
11958,416,2024-07-03,Hogar,Silla,4,375588,71096
11959,494,2023-09-27,Vestuario,Polera,2,233388,46300
11960,659,2023-05-18,Hogar,Lampara,1,100588,23801
11961,1280,2023-12-02,Electrodomesticos,Lavadora,2,178720,35581
11962,997,2023-01-20,Vestuario,Zapatillas,2,210206,65053
11963,660,2023-01-13,Vestuario,Zapatillas,2,231988,68281
11964,1452,2024-09-25,Vestuario,Chaqueta,1,82473,17269
11965,843,2023-11-26,Tecnologia,Notebook,6,631734,162669
11966,547,2023-05-15,Hogar,Sofa,2,166722,43395
11967,674,2024-09-16,Hogar,Lampara,2,208302,64074
11968,16,2023-11-18,Hogar,Sofa,2,153402,51253
11969,1175,2024-08-30,Electrodomesticos,Refrigerador,2,303296,98818
11970,596,2023-09-28,Electrodomesticos,Microondas,3,193593,49421
11971,1061,2024-07-19,Deportes,Balon,2,142224,37324
11972,429,2024-05-30,Vestuario,Pantalon,1,83252,21513
11973,1464,2023-09-03,Vestuario,Zapatillas,1,89015,31038
11974,1357,2024-04-21,Hogar,Sofa,1,80227,21298
11975,474,2024-12-13,Vestuario,Zapatillas,3,233067,63234
11976,684,2024-11-03,Vestuario,Zapatillas,3,442509,153721
11977,552,2023-10-15,Deportes,Pesas,3,248916,56759
11978,743,2023-04-03,Tecnologia,Tablet,1,54582,15160
11979,959,2024-10-10,Tecnologia,Smartphone,1,24313,7336
11980,1429,2024-12-19,Deportes,Raqueta,4,363964,85749
11981,10,2024-02-18,Tecnologia,Monitor,2,264178,95141
11982,1191,2024-08-22,Tecnologia,Smartphone,2,81396,14946
11983,387,2024-02-26,Tecnologia,Smartphone,3,146778,44377
11984,421,2023-02-14,Deportes,Bicicleta,5,678655,137481
11985,347,2023-11-13,Vestuario,Zapatillas,3,458736,111518
11986,285,2024-12-18,Tecnologia,Smartphone,6,787464,163941
11987,956,2024-12-27,Vestuario,Pantalon,5,469440,159074
11988,995,2023-03-03,Deportes,Pesas,1,56176,15361
11989,36,2024-09-13,Vestuario,Polera,5,437195,86523
11990,155,2024-01-30,Hogar,Lampara,2,205904,46654
11991,169,2024-07-21,Deportes,Pesas,2,252408,47878
11992,1160,2023-03-20,Vestuario,Pantalon,2,74138,14596
11993,82,2023-12-04,Hogar,Silla,3,451305,134251
11994,616,2023-05-04,Hogar,Silla,4,343656,122421
11995,709,2023-07-06,Deportes,Balon,3,365415,123839
11996,859,2023-11-17,Hogar,Sofa,2,191016,60287
11997,1091,2023-10-06,Electrodomesticos,Lavadora,1,100404,28009
11998,600,2024-05-20,Electrodomesticos,Refrigerador,1,21204,5782
11999,927,2023-11-03,Hogar,Silla,4,323496,95353
12000,1371,2023-07-19,Electrodomesticos,Lavadora,2,10000,1842
